system,date,equity,cash,positions
S-C_weinstein,2006-01-03,100000.0,100000.0,0
S-C_weinstein,2006-01-04,100000.0,100000.0,0
S-C_weinstein,2006-01-05,100000.0,100000.0,0
S-C_weinstein,2006-01-06,100000.0,100000.0,0
S-C_weinstein,2006-01-09,100000.0,100000.0,0
S-C_weinstein,2006-01-10,100000.0,100000.0,0
S-C_weinstein,2006-01-11,100000.0,100000.0,0
S-C_weinstein,2006-01-12,100000.0,100000.0,0
S-C_weinstein,2006-01-13,100000.0,100000.0,0
S-C_weinstein,2006-01-17,100000.0,100000.0,0
S-C_weinstein,2006-01-18,100000.0,100000.0,0
S-C_weinstein,2006-01-19,100000.0,100000.0,0
S-C_weinstein,2006-01-20,100000.0,100000.0,0
S-C_weinstein,2006-01-23,100000.0,100000.0,0
S-C_weinstein,2006-01-24,100000.0,100000.0,0
S-C_weinstein,2006-01-25,100000.0,100000.0,0
S-C_weinstein,2006-01-26,100000.0,100000.0,0
S-C_weinstein,2006-01-27,100000.0,100000.0,0
S-C_weinstein,2006-01-30,100000.0,100000.0,0
S-C_weinstein,2006-01-31,100000.0,100000.0,0
S-C_weinstein,2006-02-01,100000.0,100000.0,0
S-C_weinstein,2006-02-02,100000.0,100000.0,0
S-C_weinstein,2006-02-03,100000.0,100000.0,0
S-C_weinstein,2006-02-06,100558.4379363,90011.6579363,1
S-C_weinstein,2006-02-07,100160.5779363,90011.6579363,1
S-C_weinstein,2006-02-08,100097.75793630001,90011.6579363,1
S-C_weinstein,2006-02-09,100048.89793630001,90011.6579363,1
S-C_weinstein,2006-02-10,100104.73793630001,90011.6579363,1
S-C_weinstein,2006-02-13,100104.73793630001,90011.6579363,1
S-C_weinstein,2006-02-14,100251.31793630001,90011.6579363,1
S-C_weinstein,2006-02-15,100230.3779363,90011.6579363,1
S-C_weinstein,2006-02-16,102024.23793630001,90011.6579363,1
S-C_weinstein,2006-02-17,102498.8779363,90011.6579363,1
S-C_weinstein,2006-02-21,102282.4979363,90011.6579363,1
S-C_weinstein,2006-02-22,102408.1379363,90011.6579363,1
S-C_weinstein,2006-02-23,102156.8579363,90011.6579363,1
S-C_weinstein,2006-02-24,102156.8579363,90011.6579363,1
S-C_weinstein,2006-02-27,102575.6579363,90011.6579363,1
S-C_weinstein,2006-02-28,102540.75793630001,90011.6579363,1
S-C_weinstein,2006-03-01,102785.0579363,90011.6579363,1
S-C_weinstein,2006-03-02,102750.1579363,90011.6579363,1
S-C_weinstein,2006-03-03,102757.1379363,90011.6579363,1
S-C_weinstein,2006-03-06,102868.81793630001,90011.6579363,1
S-C_weinstein,2006-03-07,102575.6579363,90011.6579363,1
S-C_weinstein,2006-03-08,102352.2979363,90011.6579363,1
S-C_weinstein,2006-03-09,101912.5579363,90011.6579363,1
S-C_weinstein,2006-03-10,102135.9179363,90011.6579363,1
S-C_weinstein,2006-03-13,102282.4979363,90011.6579363,1
S-C_weinstein,2006-03-14,102324.3779363,90011.6579363,1
S-C_weinstein,2006-03-15,102882.7779363,90011.6579363,1
S-C_weinstein,2006-03-16,103943.73793630001,90011.6579363,1
S-C_weinstein,2006-03-17,102903.7179363,90011.6579363,1
S-C_weinstein,2006-03-20,102508.59152855,79752.75152855,2
S-C_weinstein,2006-03-21,102572.43152854999,79752.75152855,2
S-C_weinstein,2006-03-22,102826.47152855,79752.75152855,2
S-C_weinstein,2006-03-23,103241.39152855,79752.75152855,2
S-C_weinstein,2006-03-24,103178.91152855,79752.75152855,2
S-C_weinstein,2006-03-27,103441.0640058,69447.6840058,3
S-C_weinstein,2006-03-28,104190.38400579999,69447.6840058,3
S-C_weinstein,2006-03-29,105124.10400579999,69447.6840058,3
S-C_weinstein,2006-03-30,104827.9440058,69447.6840058,3
S-C_weinstein,2006-03-31,104909.7640058,69447.6840058,3
S-C_weinstein,2006-04-03,103748.20790958227,58956.81290958227,4
S-C_weinstein,2006-04-04,104612.10490958227,58956.81290958227,4
S-C_weinstein,2006-04-05,104586.51890958227,58956.81290958227,4
S-C_weinstein,2006-04-06,104238.98090958229,58956.81290958227,4
S-C_weinstein,2006-04-07,103651.27890958227,58956.81290958227,4
S-C_weinstein,2006-04-10,103269.51090958228,58956.81290958227,4
S-C_weinstein,2006-04-11,103117.72690958227,58956.81290958227,4
S-C_weinstein,2006-04-12,102814.21990958226,58956.81290958227,4
S-C_weinstein,2006-04-13,102807.84390958227,58956.81290958227,4
S-C_weinstein,2006-04-17,102308.86890958226,58956.81290958227,4
S-C_weinstein,2006-04-18,103446.80890958227,58956.81290958227,4
S-C_weinstein,2006-04-19,103217.47090958228,58956.81290958227,4
S-C_weinstein,2006-04-20,103421.16190958227,58956.81290958227,4
S-C_weinstein,2006-04-21,103846.85290958226,58956.81290958227,4
S-C_weinstein,2006-04-24,104081.95619833902,17447.35619833903,8
S-C_weinstein,2006-04-25,103149.97919833903,17447.35619833903,8
S-C_weinstein,2006-04-26,101917.41319833903,17447.35619833903,8
S-C_weinstein,2006-04-27,100127.4694004933,26745.6734004933,7
S-C_weinstein,2006-04-28,100280.1841226693,36044.4671226693,6
S-C_weinstein,2006-05-01,99100.62332805025,16016.419328050255,8
S-C_weinstein,2006-05-02,99332.76832805025,16016.419328050255,8
S-C_weinstein,2006-05-03,99310.97332805026,16016.419328050255,8
S-C_weinstein,2006-05-04,101222.19732805026,16016.419328050255,8
S-C_weinstein,2006-05-05,101877.88532805025,16016.419328050255,8
S-C_weinstein,2006-05-08,101310.15193234442,23.25293234441324,10
S-C_weinstein,2006-05-09,101673.33593234443,23.25293234441324,10
S-C_weinstein,2006-05-10,101948.60493234442,23.25293234441324,10
S-C_weinstein,2006-05-11,99748.98293234443,23.25293234441324,10
S-C_weinstein,2006-05-12,97091.08593234442,23.25293234441324,10
S-C_weinstein,2006-05-15,96588.95693234442,23.25293234441324,10
S-C_weinstein,2006-05-16,96643.0339323444,23.25293234441324,10
S-C_weinstein,2006-05-17,94165.40351299447,18718.764512994465,8
S-C_weinstein,2006-05-18,93668.78551299448,18718.764512994465,8
S-C_weinstein,2006-05-19,93491.62564133857,36802.46164133857,6
S-C_weinstein,2006-05-22,92637.60475659871,42025.633756598705,5
S-C_weinstein,2006-05-23,92538.62375659871,42025.633756598705,5
S-C_weinstein,2006-05-24,92539.95775659871,42025.633756598705,5
S-C_weinstein,2006-05-25,93818.98475659871,42025.633756598705,5
S-C_weinstein,2006-05-26,93938.4327565987,42025.633756598705,5
S-C_weinstein,2006-05-30,93078.2474596287,5201.519459628709,9
S-C_weinstein,2006-05-31,93713.0484596287,5201.519459628709,9
S-C_weinstein,2006-06-01,94742.13645962869,5201.519459628709,9
S-C_weinstein,2006-06-02,94544.06874116727,13609.220741167272,8
S-C_weinstein,2006-06-05,92267.97615731445,42.97315731444269,10
S-C_weinstein,2006-06-06,92518.93415731443,42.97315731444269,10
S-C_weinstein,2006-06-07,91528.66215731444,42.97315731444269,10
S-C_weinstein,2006-06-08,91480.08116865177,8503.635168651774,9
S-C_weinstein,2006-06-09,91327.51716865177,8503.635168651774,9
S-C_weinstein,2006-06-12,89149.89716865178,8503.635168651774,9
S-C_weinstein,2006-06-13,88157.61033482829,16278.246334828287,8
S-C_weinstein,2006-06-14,88121.72680082828,25392.656800828285,7
S-C_weinstein,2006-06-15,89516.13680082829,25392.656800828285,7
S-C_weinstein,2006-06-16,89362.71680082829,25392.656800828285,7
S-C_weinstein,2006-06-19,89084.20980082829,25392.656800828285,7
S-C_weinstein,2006-06-20,88788.9688008283,25392.656800828285,7
S-C_weinstein,2006-06-21,90016.56380082828,25392.656800828285,7
S-C_weinstein,2006-06-22,89794.1618008283,25392.656800828285,7
S-C_weinstein,2006-06-23,90004.63780082829,25392.656800828285,7
S-C_weinstein,2006-06-26,90944.64780082827,25392.656800828285,7
S-C_weinstein,2006-06-27,90010.29080082828,25392.656800828285,7
S-C_weinstein,2006-06-28,91121.92426973302,34690.05526973301,6
S-C_weinstein,2006-06-29,92450.83126973303,34690.05526973301,6
S-C_weinstein,2006-06-30,92733.44626973302,34690.05526973301,6
S-C_weinstein,2006-07-03,93076.50526973302,34690.05526973301,6
S-C_weinstein,2006-07-05,92079.42126973301,34690.05526973301,6
S-C_weinstein,2006-07-06,92176.640269733,34690.05526973301,6
S-C_weinstein,2006-07-07,91531.57126973302,34690.05526973301,6
S-C_weinstein,2006-07-10,91834.65326973301,34690.05526973301,6
S-C_weinstein,2006-07-11,91972.37926973302,34690.05526973301,6
S-C_weinstein,2006-07-12,91189.52726973302,34690.05526973301,6
S-C_weinstein,2006-07-13,90229.71526973302,34690.05526973301,6
S-C_weinstein,2006-07-14,89550.23426973302,34690.05526973301,6
S-C_weinstein,2006-07-17,89833.14726973302,34690.05526973301,6
S-C_weinstein,2006-07-18,89856.16626973302,34690.05526973301,6
S-C_weinstein,2006-07-19,91545.62726973301,34690.05526973301,6
S-C_weinstein,2006-07-20,90357.02826973301,34690.05526973301,6
S-C_weinstein,2006-07-21,89896.34326973301,34690.05526973301,6
S-C_weinstein,2006-07-24,91002.91326973302,34690.05526973301,6
S-C_weinstein,2006-07-25,91571.36426973302,34690.05526973301,6
S-C_weinstein,2006-07-26,90771.92226973301,34690.05526973301,6
S-C_weinstein,2006-07-27,90573.79026973301,34690.05526973301,6
S-C_weinstein,2006-07-28,91407.77526973301,34690.05526973301,6
S-C_weinstein,2006-07-31,91743.08905815441,7278.0580581544,9
S-C_weinstein,2006-08-01,90497.5180581544,7278.0580581544,9
S-C_weinstein,2006-08-02,90740.0900581544,7278.0580581544,9
S-C_weinstein,2006-08-03,91659.7580581544,7278.0580581544,9
S-C_weinstein,2006-08-04,91150.10884190441,16857.934841904404,8
S-C_weinstein,2006-08-07,90479.82349065442,7785.770490654404,9
S-C_weinstein,2006-08-08,89669.6924906544,7785.770490654404,9
S-C_weinstein,2006-08-09,88768.1214906544,7785.770490654404,9
S-C_weinstein,2006-08-10,90003.14949065441,7785.770490654404,9
S-C_weinstein,2006-08-11,89575.46749065441,7785.770490654404,9
S-C_weinstein,2006-08-14,90546.1594906544,7785.770490654404,9
S-C_weinstein,2006-08-15,92034.2144906544,7785.770490654404,9
S-C_weinstein,2006-08-16,92693.1134906544,7785.770490654404,9
S-C_weinstein,2006-08-17,92775.18349065441,7785.770490654404,9
S-C_weinstein,2006-08-18,92501.92849065442,7785.770490654404,9
S-C_weinstein,2006-08-21,91405.56855809524,7.070558095242632,10
S-C_weinstein,2006-08-22,91561.39655809526,7.070558095242632,10
S-C_weinstein,2006-08-23,89985.6958396338,8414.771839633806,9
S-C_weinstein,2006-08-24,89980.7718396338,8414.771839633806,9
S-C_weinstein,2006-08-25,89371.2208396338,8414.771839633806,9
S-C_weinstein,2006-08-28,90083.9088896338,5.420889633807747,10
S-C_weinstein,2006-08-29,90368.9588896338,5.420889633807747,10
S-C_weinstein,2006-08-30,90484.76788963379,5.420889633807747,10
S-C_weinstein,2006-08-31,89974.66288963381,5.420889633807747,10
S-C_weinstein,2006-09-01,90126.85288963381,5.420889633807747,10
S-C_weinstein,2006-09-05,90307.92088963381,5.420889633807747,10
S-C_weinstein,2006-09-06,89227.59588963381,5.420889633807747,10
S-C_weinstein,2006-09-07,88931.3558896338,5.420889633807747,10
S-C_weinstein,2006-09-08,89195.82788963382,5.420889633807747,10
S-C_weinstein,2006-09-11,89011.75688963382,5.420889633807747,10
S-C_weinstein,2006-09-12,90245.9148896338,5.420889633807747,10
S-C_weinstein,2006-09-13,90433.33988963382,5.420889633807747,10
S-C_weinstein,2006-09-14,90226.2328896338,5.420889633807747,10
S-C_weinstein,2006-09-15,89964.74688963381,5.420889633807747,10
S-C_weinstein,2006-09-18,89769.5518896338,5.420889633807747,10
S-C_weinstein,2006-09-19,90031.30888963382,5.420889633807747,10
S-C_weinstein,2006-09-20,90861.1608896338,5.420889633807747,10
S-C_weinstein,2006-09-21,89964.07988963381,5.420889633807747,10
S-C_weinstein,2006-09-22,88955.26588963381,5.420889633807747,10
S-C_weinstein,2006-09-25,89404.94082468381,9175.25682468381,9
S-C_weinstein,2006-09-26,89616.5398246838,9175.25682468381,9
S-C_weinstein,2006-09-27,90005.3428246838,9175.25682468381,9
S-C_weinstein,2006-09-28,89449.3998246838,9175.25682468381,9
S-C_weinstein,2006-09-29,88932.42182468378,9175.25682468381,9
S-C_weinstein,2006-10-02,88648.61755643383,20408.530556433812,8
S-C_weinstein,2006-10-03,88624.76055643382,20408.530556433812,8
S-C_weinstein,2006-10-04,89317.55355643382,20408.530556433812,8
S-C_weinstein,2006-10-05,89904.0555564338,20408.530556433812,8
S-C_weinstein,2006-10-06,89510.36155643381,20408.530556433812,8
S-C_weinstein,2006-10-09,89550.2025564338,20408.530556433812,8
S-C_weinstein,2006-10-10,89497.3165564338,20408.530556433812,8
S-C_weinstein,2006-10-11,89296.9335564338,20408.530556433812,8
S-C_weinstein,2006-10-12,89391.29555643382,20408.530556433812,8
S-C_weinstein,2006-10-13,89717.4575564338,20408.530556433812,8
S-C_weinstein,2006-10-16,90144.13355643381,20408.530556433812,8
S-C_weinstein,2006-10-17,90131.93955643382,20408.530556433812,8
S-C_weinstein,2006-10-18,90152.4985564338,20408.530556433812,8
S-C_weinstein,2006-10-19,89711.47555643381,20408.530556433812,8
S-C_weinstein,2006-10-20,89185.06455643382,20408.530556433812,8
S-C_weinstein,2006-10-23,89968.33855643382,20408.530556433812,8
S-C_weinstein,2006-10-24,90993.51855643382,20408.530556433812,8
S-C_weinstein,2006-10-25,90566.00073655881,24536.09373655881,7
S-C_weinstein,2006-10-26,90615.22373655881,24536.09373655881,7
S-C_weinstein,2006-10-27,89674.92673655882,24536.09373655881,7
S-C_weinstein,2006-10-30,89125.2787365588,24536.09373655881,7
S-C_weinstein,2006-10-31,88656.43273655881,24536.09373655881,7
S-C_weinstein,2006-11-01,87179.05268909913,42033.27368909912,5
S-C_weinstein,2006-11-02,87036.81768909912,42033.27368909912,5
S-C_weinstein,2006-11-03,86950.24368909912,42033.27368909912,5
S-C_weinstein,2006-11-06,87102.90468909912,42033.27368909912,5
S-C_weinstein,2006-11-07,87028.40668909912,42033.27368909912,5
S-C_weinstein,2006-11-08,87012.47568909913,42033.27368909912,5
S-C_weinstein,2006-11-09,86794.40668909912,42033.27368909912,5
S-C_weinstein,2006-11-10,86731.93668909912,42033.27368909912,5
S-C_weinstein,2006-11-13,87013.10416996913,33372.232169969124,6
S-C_weinstein,2006-11-14,88220.93816996911,33372.232169969124,6
S-C_weinstein,2006-11-15,88223.46616996912,33372.232169969124,6
S-C_weinstein,2006-11-16,88520.99116996911,33372.232169969124,6
S-C_weinstein,2006-11-17,88317.81416996912,33372.232169969124,6
S-C_weinstein,2006-11-20,88457.42916996912,33372.232169969124,6
S-C_weinstein,2006-11-21,88422.02316996912,33372.232169969124,6
S-C_weinstein,2006-11-22,88775.15316996913,33372.232169969124,6
S-C_weinstein,2006-11-24,88483.09416996912,33372.232169969124,6
S-C_weinstein,2006-11-27,87698.92816996912,33372.232169969124,6
S-C_weinstein,2006-11-28,87853.01616996912,33372.232169969124,6
S-C_weinstein,2006-11-29,88850.59816996912,33372.232169969124,6
S-C_weinstein,2006-11-30,88947.49416996913,33372.232169969124,6
S-C_weinstein,2006-12-01,88602.98916996914,33372.232169969124,6
S-C_weinstein,2006-12-04,89777.81016996913,33372.232169969124,6
S-C_weinstein,2006-12-05,90295.06016996912,33372.232169969124,6
S-C_weinstein,2006-12-06,90277.08616996912,33372.232169969124,6
S-C_weinstein,2006-12-07,90197.88516996911,33372.232169969124,6
S-C_weinstein,2006-12-08,90905.35916996913,33372.232169969124,6
S-C_weinstein,2006-12-11,90513.20722355093,43081.81622355092,5
S-C_weinstein,2006-12-12,90436.63022355092,43081.81622355092,5
S-C_weinstein,2006-12-13,91112.37622355093,43081.81622355092,5
S-C_weinstein,2006-12-14,90988.38122355092,43081.81622355092,5
S-C_weinstein,2006-12-15,90670.36022355092,43081.81622355092,5
S-C_weinstein,2006-12-18,90614.52722355092,43081.81622355092,5
S-C_weinstein,2006-12-19,90473.17922355092,43081.81622355092,5
S-C_weinstein,2006-12-20,90212.84222355092,43081.81622355092,5
S-C_weinstein,2006-12-21,90014.68822355093,43081.81622355092,5
S-C_weinstein,2006-12-22,89630.09522355092,43081.81622355092,5
S-C_weinstein,2006-12-26,90034.00822355092,43081.81622355092,5
S-C_weinstein,2006-12-27,90529.19222355093,43081.81622355092,5
S-C_weinstein,2006-12-28,90448.61022355092,43081.81622355092,5
S-C_weinstein,2006-12-29,90067.79622355092,43081.81622355092,5
S-C_weinstein,2007-01-03,89444.00422355093,43081.81622355092,5
S-C_weinstein,2007-01-04,89794.18022355092,43081.81622355092,5
S-C_weinstein,2007-01-05,89434.76622355092,43081.81622355092,5
S-C_weinstein,2007-01-08,89399.60622355093,43081.81622355092,5
S-C_weinstein,2007-01-09,89953.51222355092,43081.81622355092,5
S-C_weinstein,2007-01-10,90551.09468462592,51837.51568462592,4
S-C_weinstein,2007-01-11,90825.01868462592,51837.51568462592,4
S-C_weinstein,2007-01-12,90783.45568462592,51837.51568462592,4
S-C_weinstein,2007-01-16,90731.32268462592,51837.51568462592,4
S-C_weinstein,2007-01-17,90678.06668462593,51837.51568462592,4
S-C_weinstein,2007-01-18,89738.73468462592,51837.51568462592,4
S-C_weinstein,2007-01-19,89759.15568462592,51837.51568462592,4
S-C_weinstein,2007-01-22,89704.13868462591,51837.51568462592,4
S-C_weinstein,2007-01-23,90321.27968462592,51837.51568462592,4
S-C_weinstein,2007-01-24,91029.0766846259,51837.51568462592,4
S-C_weinstein,2007-01-25,90680.55468462591,51837.51568462592,4
S-C_weinstein,2007-01-26,90753.02168462591,51837.51568462592,4
S-C_weinstein,2007-01-29,90876.58380655592,33701.58980655592,6
S-C_weinstein,2007-01-30,91277.63180655592,33701.58980655592,6
S-C_weinstein,2007-01-31,91554.59280655593,33701.58980655592,6
S-C_weinstein,2007-02-01,92541.45780655593,33701.58980655592,6
S-C_weinstein,2007-02-02,92586.89780655592,33701.58980655592,6
S-C_weinstein,2007-02-05,92013.24046262403,24451.433462624023,7
S-C_weinstein,2007-02-06,91760.23446262401,24451.433462624023,7
S-C_weinstein,2007-02-07,92395.21846262403,24451.433462624023,7
S-C_weinstein,2007-02-08,92638.21046262403,24451.433462624023,7
S-C_weinstein,2007-02-09,92048.20446262401,24451.433462624023,7
S-C_weinstein,2007-02-12,91808.89438558577,15261.964385585776,8
S-C_weinstein,2007-02-13,92544.12338558577,15261.964385585776,8
S-C_weinstein,2007-02-14,93629.40938558578,15261.964385585776,8
S-C_weinstein,2007-02-15,94679.85238558578,15261.964385585776,8
S-C_weinstein,2007-02-16,94037.71038558579,15261.964385585776,8
S-C_weinstein,2007-02-20,94861.79692196078,5873.746921960776,9
S-C_weinstein,2007-02-21,95862.57092196078,5873.746921960776,9
S-C_weinstein,2007-02-22,95849.71592196077,5873.746921960776,9
S-C_weinstein,2007-02-23,95824.80692196077,5873.746921960776,9
S-C_weinstein,2007-02-26,95354.46792196076,5873.746921960776,9
S-C_weinstein,2007-02-27,92256.88692196077,5873.746921960776,9
S-C_weinstein,2007-02-28,92394.80092196076,5873.746921960776,9
S-C_weinstein,2007-03-01,94134.57592196077,5873.746921960776,9
S-C_weinstein,2007-03-02,92817.50392196077,5873.746921960776,9
S-C_weinstein,2007-03-05,91699.88222548578,0.6582254857748921,10
S-C_weinstein,2007-03-06,93306.59122548577,0.6582254857748921,10
S-C_weinstein,2007-03-07,93437.04922548577,0.6582254857748921,10
S-C_weinstein,2007-03-08,94349.88022548577,0.6582254857748921,10
S-C_weinstein,2007-03-09,94442.32622548577,0.6582254857748921,10
S-C_weinstein,2007-03-12,95023.86622548578,0.6582254857748921,10
S-C_weinstein,2007-03-13,93076.83522548577,0.6582254857748921,10
S-C_weinstein,2007-03-14,94145.77122548578,0.6582254857748921,10
S-C_weinstein,2007-03-15,94516.20622548577,0.6582254857748921,10
S-C_weinstein,2007-03-16,94052.19022548577,0.6582254857748921,10
S-C_weinstein,2007-03-19,94707.31422548578,0.6582254857748921,10
S-C_weinstein,2007-03-20,95865.70722548578,0.6582254857748921,10
S-C_weinstein,2007-03-21,97564.77922548578,0.6582254857748921,10
S-C_weinstein,2007-03-22,97670.61522548577,0.6582254857748921,10
S-C_weinstein,2007-03-23,97985.13822548577,0.6582254857748921,10
S-C_weinstein,2007-03-26,97962.61422548577,0.6582254857748921,10
S-C_weinstein,2007-03-27,96912.81322548578,0.6582254857748921,10
S-C_weinstein,2007-03-28,96855.14622548576,0.6582254857748921,10
S-C_weinstein,2007-03-29,97065.82522548578,0.6582254857748921,10
S-C_weinstein,2007-03-30,97420.86422548577,0.6582254857748921,10
S-C_weinstein,2007-04-02,97443.3362254858,0.6582254857748921,10
S-C_weinstein,2007-04-03,97952.92030218578,9350.522302185776,9
S-C_weinstein,2007-04-04,97893.73430218578,9350.522302185776,9
S-C_weinstein,2007-04-05,98127.31830218575,9350.522302185776,9
S-C_weinstein,2007-04-09,98115.14233311078,12.299333110775478,10
S-C_weinstein,2007-04-10,98643.74733311078,12.299333110775478,10
S-C_weinstein,2007-04-11,98284.35233311077,12.299333110775478,10
S-C_weinstein,2007-04-12,99011.22033311077,12.299333110775478,10
S-C_weinstein,2007-04-13,99725.24033311076,12.299333110775478,10
S-C_weinstein,2007-04-16,101059.45533311077,12.299333110775478,10
S-C_weinstein,2007-04-17,100729.63433311078,12.299333110775478,10
S-C_weinstein,2007-04-18,99975.94433311079,12.299333110775478,10
S-C_weinstein,2007-04-19,99856.79433311077,12.299333110775478,10
S-C_weinstein,2007-04-20,100625.0673231108,11567.742323110775,9
S-C_weinstein,2007-04-23,100641.29808796076,1522.6220879607736,10
S-C_weinstein,2007-04-24,102775.77508796075,1522.6220879607736,10
S-C_weinstein,2007-04-25,103626.30108796079,1522.6220879607736,10
S-C_weinstein,2007-04-26,102522.65508796078,1522.6220879607736,10
S-C_weinstein,2007-04-27,102074.31908796079,1522.6220879607736,10
S-C_weinstein,2007-04-30,99824.15008796078,1522.6220879607736,10
S-C_weinstein,2007-05-01,99933.76608796077,1522.6220879607736,10
S-C_weinstein,2007-05-02,101659.41008796079,1522.6220879607736,10
S-C_weinstein,2007-05-03,102201.00208796076,1522.6220879607736,10
S-C_weinstein,2007-05-04,102148.03608796078,1522.6220879607736,10
S-C_weinstein,2007-05-07,101375.07047237281,32.72447237283632,10
S-C_weinstein,2007-05-08,100953.83047237284,32.72447237283632,10
S-C_weinstein,2007-05-09,101398.68347237284,32.72447237283632,10
S-C_weinstein,2007-05-10,99546.02847237284,32.72447237283632,10
S-C_weinstein,2007-05-11,100230.32347237282,32.72447237283632,10
S-C_weinstein,2007-05-14,99276.82279602284,9373.400796022837,9
S-C_weinstein,2007-05-15,98554.17279602285,9373.400796022837,9
S-C_weinstein,2007-05-16,99179.06179602283,9373.400796022837,9
S-C_weinstein,2007-05-17,98361.20979602284,9373.400796022837,9
S-C_weinstein,2007-05-18,99141.19679602285,9373.400796022837,9
S-C_weinstein,2007-05-21,99995.024164962,47.68416496200916,10
S-C_weinstein,2007-05-22,101325.849164962,47.68416496200916,10
S-C_weinstein,2007-05-23,99660.572164962,47.68416496200916,10
S-C_weinstein,2007-05-24,98202.82616496201,47.68416496200916,10
S-C_weinstein,2007-05-25,98568.445164962,47.68416496200916,10
S-C_weinstein,2007-05-29,99534.880164962,47.68416496200916,10
S-C_weinstein,2007-05-30,100165.40316496202,47.68416496200916,10
S-C_weinstein,2007-05-31,100973.48916496201,47.68416496200916,10
S-C_weinstein,2007-06-01,101652.36816496201,47.68416496200916,10
S-C_weinstein,2007-06-04,101347.54497003701,5990.8549700370095,9
S-C_weinstein,2007-06-05,100874.312970037,5990.8549700370095,9
S-C_weinstein,2007-06-06,99830.92597003702,5990.8549700370095,9
S-C_weinstein,2007-06-07,97731.30797003701,5990.8549700370095,9
S-C_weinstein,2007-06-08,98487.967970037,5990.8549700370095,9
S-C_weinstein,2007-06-11,98408.187876337,4.480876337010159,10
S-C_weinstein,2007-06-12,97667.54887633702,4.480876337010159,10
S-C_weinstein,2007-06-13,98976.02687633703,4.480876337010159,10
S-C_weinstein,2007-06-14,99858.11987633702,4.480876337010159,10
S-C_weinstein,2007-06-15,100705.19187633702,4.480876337010159,10
S-C_weinstein,2007-06-18,100363.405876337,4.480876337010159,10
S-C_weinstein,2007-06-19,100770.90487633701,4.480876337010159,10
S-C_weinstein,2007-06-20,98141.5895317288,8237.843531728795,9
S-C_weinstein,2007-06-21,98996.66553172878,8237.843531728795,9
S-C_weinstein,2007-06-22,98179.80253172878,8237.843531728795,9
S-C_weinstein,2007-06-25,97708.32955069841,5.928550698419713,10
S-C_weinstein,2007-06-26,98249.64255069841,5.928550698419713,10
S-C_weinstein,2007-06-27,99839.5515506984,5.928550698419713,10
S-C_weinstein,2007-06-28,99874.5545506984,5.928550698419713,10
S-C_weinstein,2007-06-29,99729.72255069844,5.928550698419713,10
S-C_weinstein,2007-07-02,100952.77255069843,5.928550698419713,10
S-C_weinstein,2007-07-03,100948.8005506984,5.928550698419713,10
S-C_weinstein,2007-07-05,100710.07255069842,5.928550698419713,10
S-C_weinstein,2007-07-06,100961.31955069842,5.928550698419713,10
S-C_weinstein,2007-07-09,100967.37855069843,5.928550698419713,10
S-C_weinstein,2007-07-10,99560.49155069841,5.928550698419713,10
S-C_weinstein,2007-07-11,100020.49855069842,5.928550698419713,10
S-C_weinstein,2007-07-12,101649.01055069843,5.928550698419713,10
S-C_weinstein,2007-07-13,101385.80855069842,5.928550698419713,10
S-C_weinstein,2007-07-16,100714.61655069841,5.928550698419713,10
S-C_weinstein,2007-07-17,100767.92755069841,5.928550698419713,10
S-C_weinstein,2007-07-18,100099.37755069842,5.928550698419713,10
S-C_weinstein,2007-07-19,103229.22255069843,5.928550698419713,10
S-C_weinstein,2007-07-20,101571.01355069842,5.928550698419713,10
S-C_weinstein,2007-07-23,101117.35855069842,5.928550698419713,10
S-C_weinstein,2007-07-24,100901.85455069842,5.928550698419713,10
S-C_weinstein,2007-07-25,101239.0985506984,5.928550698419713,10
S-C_weinstein,2007-07-26,99503.1975506984,5.928550698419713,10
S-C_weinstein,2007-07-27,98389.65655069842,5.928550698419713,10
S-C_weinstein,2007-07-30,99292.22055069842,5.928550698419713,10
S-C_weinstein,2007-07-31,98775.33255069843,5.928550698419713,10
S-C_weinstein,2007-08-01,98843.34655069842,5.928550698419713,10
S-C_weinstein,2007-08-02,100862.75555069842,5.928550698419713,10
S-C_weinstein,2007-08-03,97815.54855069843,5.928550698419713,10
S-C_weinstein,2007-08-06,99289.38355069842,5.928550698419713,10
S-C_weinstein,2007-08-07,98801.59755069841,5.928550698419713,10
S-C_weinstein,2007-08-08,98175.81555069842,5.928550698419713,10
S-C_weinstein,2007-08-09,94044.7572464175,9005.917246417508,9
S-C_weinstein,2007-08-10,96090.1852464175,9005.917246417508,9
S-C_weinstein,2007-08-13,96564.57724641751,9005.917246417508,9
S-C_weinstein,2007-08-14,94938.63724641751,9005.917246417508,9
S-C_weinstein,2007-08-15,93519.9942464175,9005.917246417508,9
S-C_weinstein,2007-08-16,92696.9932464175,9005.917246417508,9
S-C_weinstein,2007-08-17,94077.81424641749,9005.917246417508,9
S-C_weinstein,2007-08-20,94743.4082464175,9005.917246417508,9
S-C_weinstein,2007-08-21,94727.2232464175,9005.917246417508,9
S-C_weinstein,2007-08-22,95541.83424641751,9005.917246417508,9
S-C_weinstein,2007-08-23,95129.8732464175,9005.917246417508,9
S-C_weinstein,2007-08-24,96022.06524641752,9005.917246417508,9
S-C_weinstein,2007-08-27,95687.3202464175,9005.917246417508,9
S-C_weinstein,2007-08-28,93641.00824641749,9005.917246417508,9
S-C_weinstein,2007-08-29,95071.52224641752,9005.917246417508,9
S-C_weinstein,2007-08-30,95075.5902464175,9005.917246417508,9
S-C_weinstein,2007-08-31,96314.0232464175,9005.917246417508,9
S-C_weinstein,2007-09-04,96841.92688998659,1.1968899865805724,10
S-C_weinstein,2007-09-05,96082.28288998659,1.1968899865805724,10
S-C_weinstein,2007-09-06,96517.30288998657,1.1968899865805724,10
S-C_weinstein,2007-09-07,95805.72188998658,1.1968899865805724,10
S-C_weinstein,2007-09-10,95105.39517723658,8944.707177236582,9
S-C_weinstein,2007-09-11,96198.56617723659,8944.707177236582,9
S-C_weinstein,2007-09-12,96075.21517723659,8944.707177236582,9
S-C_weinstein,2007-09-13,95248.26583996159,15114.143839961582,8
S-C_weinstein,2007-09-14,95569.73483996159,15114.143839961582,8
S-C_weinstein,2007-09-17,94553.7461706279,25398.83517062789,7
S-C_weinstein,2007-09-18,95650.48517062789,25398.83517062789,7
S-C_weinstein,2007-09-19,96341.1351706279,25398.83517062789,7
S-C_weinstein,2007-09-20,96205.95317062788,25398.83517062789,7
S-C_weinstein,2007-09-21,96300.66417062789,25398.83517062789,7
S-C_weinstein,2007-09-24,95471.47517062789,25398.83517062789,7
S-C_weinstein,2007-09-25,95827.3402071372,32774.271207137186,6
S-C_weinstein,2007-09-26,96419.75720713718,32774.271207137186,6
S-C_weinstein,2007-09-27,96741.68920713718,32774.271207137186,6
S-C_weinstein,2007-09-28,96846.08120713719,32774.271207137186,6
S-C_weinstein,2007-10-01,97858.8782071372,32774.271207137186,6
S-C_weinstein,2007-10-02,98109.74720713717,32774.271207137186,6
S-C_weinstein,2007-10-03,98493.39220713719,32774.271207137186,6
S-C_weinstein,2007-10-04,98618.01420713717,32774.271207137186,6
S-C_weinstein,2007-10-05,99465.23920713717,32774.271207137186,6
S-C_weinstein,2007-10-08,98784.4892071372,32774.271207137186,6
S-C_weinstein,2007-10-09,99335.4872071372,32774.271207137186,6
S-C_weinstein,2007-10-10,99933.5652071372,32774.271207137186,6
S-C_weinstein,2007-10-11,99503.51820713718,32774.271207137186,6
S-C_weinstein,2007-10-12,100476.38020713718,32774.271207137186,6
S-C_weinstein,2007-10-15,100008.9402071372,32774.271207137186,6
S-C_weinstein,2007-10-16,99803.9652071372,32774.271207137186,6
S-C_weinstein,2007-10-17,100622.7832071372,32774.271207137186,6
S-C_weinstein,2007-10-18,101117.30920713718,32774.271207137186,6
S-C_weinstein,2007-10-19,99820.78920713719,32774.271207137186,6
S-C_weinstein,2007-10-22,99766.61772836719,22815.61372836719,7
S-C_weinstein,2007-10-23,100109.14172836718,22815.61372836719,7
S-C_weinstein,2007-10-24,100090.32372836719,22815.61372836719,7
S-C_weinstein,2007-10-25,99617.48072836718,22815.61372836719,7
S-C_weinstein,2007-10-26,101089.6577283672,22815.61372836719,7
S-C_weinstein,2007-10-29,100573.20281644944,14.085816449450249,10
S-C_weinstein,2007-10-30,100397.02581644947,14.085816449450249,10
S-C_weinstein,2007-10-31,101074.45681644946,14.085816449450249,10
S-C_weinstein,2007-11-01,99653.49481644944,14.085816449450249,10
S-C_weinstein,2007-11-02,101551.40081644943,14.085816449450249,10
S-C_weinstein,2007-11-05,101853.53581644947,14.085816449450249,10
S-C_weinstein,2007-11-06,102891.79981644945,14.085816449450249,10
S-C_weinstein,2007-11-07,101000.07481644946,14.085816449450249,10
S-C_weinstein,2007-11-08,100968.11081644945,14.085816449450249,10
S-C_weinstein,2007-11-09,101055.28981644945,14.085816449450249,10
S-C_weinstein,2007-11-12,100132.35981644946,14.085816449450249,10
S-C_weinstein,2007-11-13,103257.45681644947,14.085816449450249,10
S-C_weinstein,2007-11-14,102461.57781644945,14.085816449450249,10
S-C_weinstein,2007-11-15,101715.70881644945,14.085816449450249,10
S-C_weinstein,2007-11-16,101898.92081644945,14.085816449450249,10
S-C_weinstein,2007-11-19,100572.13481644946,14.085816449450249,10
S-C_weinstein,2007-11-20,99744.78481644946,14.085816449450249,10
S-C_weinstein,2007-11-21,98630.09081644946,14.085816449450249,10
S-C_weinstein,2007-11-23,99299.93480144946,9973.13180144945,9
S-C_weinstein,2007-11-26,98634.2156151039,20480.17261510389,8
S-C_weinstein,2007-11-27,99378.74761510389,20480.17261510389,8
S-C_weinstein,2007-11-28,101017.44061510389,20480.17261510389,8
S-C_weinstein,2007-11-29,100774.7886871956,28848.1716871956,7
S-C_weinstein,2007-11-30,101054.7906871956,28848.1716871956,7
S-C_weinstein,2007-12-03,101367.9906871956,28848.1716871956,7
S-C_weinstein,2007-12-04,99611.88493087061,37772.3199308706,6
S-C_weinstein,2007-12-05,100540.42193087061,37772.3199308706,6
S-C_weinstein,2007-12-06,101334.31993087061,37772.3199308706,6
S-C_weinstein,2007-12-07,101276.92793087059,37772.3199308706,6
S-C_weinstein,2007-12-10,101197.3299308706,37772.3199308706,6
S-C_weinstein,2007-12-11,99042.9019308706,37772.3199308706,6
S-C_weinstein,2007-12-12,99240.1469308706,37772.3199308706,6
S-C_weinstein,2007-12-13,98901.37993087061,37772.3199308706,6
S-C_weinstein,2007-12-14,98542.1049308706,37772.3199308706,6
S-C_weinstein,2007-12-17,97592.05893087061,37772.3199308706,6
S-C_weinstein,2007-12-18,98227.3149308706,37772.3199308706,6
S-C_weinstein,2007-12-19,98759.0869308706,37772.3199308706,6
S-C_weinstein,2007-12-20,98999.0104523706,47187.8734523706,5
S-C_weinstein,2007-12-21,100222.3064523706,47187.8734523706,5
S-C_weinstein,2007-12-24,101312.6654523706,47187.8734523706,5
S-C_weinstein,2007-12-26,101590.4854523706,47187.8734523706,5
S-C_weinstein,2007-12-27,100888.0984523706,47187.8734523706,5
S-C_weinstein,2007-12-28,100518.95945237059,47187.8734523706,5
S-C_weinstein,2007-12-31,100075.1754523706,47187.8734523706,5
S-C_weinstein,2008-01-02,99256.9444523706,47187.8734523706,5
S-C_weinstein,2008-01-03,99725.4964523706,47187.8734523706,5
S-C_weinstein,2008-01-04,98260.9994523706,47187.8734523706,5
S-C_weinstein,2008-01-07,99718.8144523706,47187.8734523706,5
S-C_weinstein,2008-01-08,100081.4094523706,47187.8734523706,5
S-C_weinstein,2008-01-09,100655.5684523706,47187.8734523706,5
S-C_weinstein,2008-01-10,101594.9534523706,47187.8734523706,5
S-C_weinstein,2008-01-11,101023.20445237061,47187.8734523706,5
S-C_weinstein,2008-01-14,101223.1254523706,47187.8734523706,5
S-C_weinstein,2008-01-15,100961.4424523706,47187.8734523706,5
S-C_weinstein,2008-01-16,100821.1524523706,47187.8734523706,5
S-C_weinstein,2008-01-17,98846.6054523706,47187.8734523706,5
S-C_weinstein,2008-01-18,98498.05145237061,47187.8734523706,5
S-C_weinstein,2008-01-22,95939.73645237059,47187.8734523706,5
S-C_weinstein,2008-01-23,94904.741166019,49545.15516601901,4
S-C_weinstein,2008-01-24,95774.75216601901,49545.15516601901,4
S-C_weinstein,2008-01-25,96365.898166019,49545.15516601901,4
S-C_weinstein,2008-01-28,96560.950166019,49545.15516601901,4
S-C_weinstein,2008-01-29,95507.126166019,49545.15516601901,4
S-C_weinstein,2008-01-30,95435.56016601902,49545.15516601901,4
S-C_weinstein,2008-01-31,96819.857166019,49545.15516601901,4
S-C_weinstein,2008-02-01,99181.06016601902,49545.15516601901,4
S-C_weinstein,2008-02-04,98784.37416601901,49545.15516601901,4
S-C_weinstein,2008-02-05,98595.47016601902,49545.15516601901,4
S-C_weinstein,2008-02-06,98331.51616601902,49545.15516601901,4
S-C_weinstein,2008-02-07,98637.34216601902,49545.15516601901,4
S-C_weinstein,2008-02-08,98559.80716601902,49545.15516601901,4
S-C_weinstein,2008-02-11,99376.920166019,49545.15516601901,4
S-C_weinstein,2008-02-12,99580.610166019,49545.15516601901,4
S-C_weinstein,2008-02-13,100178.25216601901,49545.15516601901,4
S-C_weinstein,2008-02-14,98994.69116601901,49545.15516601901,4
S-C_weinstein,2008-02-15,98339.49416601901,49545.15516601901,4
S-C_weinstein,2008-02-19,98288.36516601901,49545.15516601901,4
S-C_weinstein,2008-02-20,98331.857166019,49545.15516601901,4
S-C_weinstein,2008-02-21,97668.92216601901,49545.15516601901,4
S-C_weinstein,2008-02-22,96874.744166019,49545.15516601901,4
S-C_weinstein,2008-02-25,97650.20616601901,49545.15516601901,4
S-C_weinstein,2008-02-26,98016.00816601902,49545.15516601901,4
S-C_weinstein,2008-02-27,97754.22616601901,49545.15516601901,4
S-C_weinstein,2008-02-28,97780.74516601901,49545.15516601901,4
S-C_weinstein,2008-02-29,97515.372166019,49545.15516601901,4
S-C_weinstein,2008-03-03,97555.30689151757,58585.81889151757,3
S-C_weinstein,2008-03-04,97521.14689151756,58585.81889151757,3
S-C_weinstein,2008-03-05,97391.06389151758,58585.81889151757,3
S-C_weinstein,2008-03-06,96692.95589151757,58585.81889151757,3
S-C_weinstein,2008-03-07,96877.49789151756,58585.81889151757,3
S-C_weinstein,2008-03-10,95854.78889151757,58585.81889151757,3
S-C_weinstein,2008-03-11,96894.00689151757,58585.81889151757,3
S-C_weinstein,2008-03-12,96833.90989151757,58585.81889151757,3
S-C_weinstein,2008-03-13,97017.85389151757,58585.81889151757,3
S-C_weinstein,2008-03-14,95850.80889151758,58585.81889151757,3
S-C_weinstein,2008-03-17,94751.09089151757,58585.81889151757,3
S-C_weinstein,2008-03-18,94304.83789151757,58585.81889151757,3
S-C_weinstein,2008-03-19,93333.68289151757,58585.81889151757,3
S-C_weinstein,2008-03-20,93535.56189151757,58585.81889151757,3
S-C_weinstein,2008-03-24,94362.12889151757,58585.81889151757,3
S-C_weinstein,2008-03-25,94915.43089151758,58585.81889151757,3
S-C_weinstein,2008-03-26,94549.94889151758,58585.81889151757,3
S-C_weinstein,2008-03-27,94950.30589151758,58585.81889151757,3
S-C_weinstein,2008-03-28,94530.77989151757,58585.81889151757,3
S-C_weinstein,2008-03-31,95376.12089151757,58585.81889151757,3
S-C_weinstein,2008-04-01,96538.30089151757,58585.81889151757,3
S-C_weinstein,2008-04-02,96724.00589151758,58585.81889151757,3
S-C_weinstein,2008-04-03,96988.86589151758,58585.81889151757,3
S-C_weinstein,2008-04-04,96913.45689151758,58585.81889151757,3
S-C_weinstein,2008-04-07,96558.17289151756,58585.81889151757,3
S-C_weinstein,2008-04-08,96674.61589151758,58585.81889151757,3
S-C_weinstein,2008-04-09,96379.54889151757,58585.81889151757,3
S-C_weinstein,2008-04-10,96511.01389151756,58585.81889151757,3
S-C_weinstein,2008-04-11,95742.52189151756,58585.81889151757,3
S-C_weinstein,2008-04-14,95086.47889151757,58585.81889151757,3
S-C_weinstein,2008-04-15,95205.84589151756,58585.81889151757,3
S-C_weinstein,2008-04-16,96008.76889151757,58585.81889151757,3
S-C_weinstein,2008-04-17,95567.60889151756,58585.81889151757,3
S-C_weinstein,2008-04-18,97073.58989151756,58585.81889151757,3
S-C_weinstein,2008-04-21,97231.47589151756,58585.81889151757,3
S-C_weinstein,2008-04-22,96273.35589151757,58585.81889151757,3
S-C_weinstein,2008-04-23,96483.91189151758,58585.81889151757,3
S-C_weinstein,2008-04-24,96972.96089151758,58585.81889151757,3
S-C_weinstein,2008-04-25,97500.91389151757,58585.81889151757,3
S-C_weinstein,2008-04-28,98161.74589151757,58585.81889151757,3
S-C_weinstein,2008-04-29,97897.71189151757,58585.81889151757,3
S-C_weinstein,2008-04-30,98853.97889151757,58585.81889151757,3
S-C_weinstein,2008-05-01,99774.72389151757,58585.81889151757,3
S-C_weinstein,2008-05-02,101586.48589151757,58585.81889151757,3
S-C_weinstein,2008-05-05,101298.38289151757,58585.81889151757,3
S-C_weinstein,2008-05-06,101819.04889151757,58585.81889151757,3
S-C_weinstein,2008-05-07,100514.60289151757,58585.81889151757,3
S-C_weinstein,2008-05-08,100620.31989151757,58585.81889151757,3
S-C_weinstein,2008-05-09,100399.80389151757,58585.81889151757,3
S-C_weinstein,2008-05-12,101618.16789151757,58585.81889151757,3
S-C_weinstein,2008-05-13,101268.80389151757,58585.81889151757,3
S-C_weinstein,2008-05-14,100766.78789151757,58585.81889151757,3
S-C_weinstein,2008-05-15,101125.89489151757,58585.81889151757,3
S-C_weinstein,2008-05-16,101452.34589151757,58585.81889151757,3
S-C_weinstein,2008-05-19,100990.73458791757,48444.98458791757,4
S-C_weinstein,2008-05-20,100984.33258791757,48444.98458791757,4
S-C_weinstein,2008-05-21,100064.51458791757,48444.98458791757,4
S-C_weinstein,2008-05-22,100280.29158791757,48444.98458791757,4
S-C_weinstein,2008-05-23,100294.96258791757,48444.98458791757,4
S-C_weinstein,2008-05-27,100833.62758791758,48444.98458791757,4
S-C_weinstein,2008-05-28,101455.28758791757,48444.98458791757,4
S-C_weinstein,2008-05-29,101887.41758791757,48444.98458791757,4
S-C_weinstein,2008-05-30,101959.70758791757,48444.98458791757,4
S-C_weinstein,2008-06-02,101152.40658791756,48444.98458791757,4
S-C_weinstein,2008-06-03,101260.85358791758,48444.98458791757,4
S-C_weinstein,2008-06-04,101642.24058791756,48444.98458791757,4
S-C_weinstein,2008-06-05,101939.02858791756,48444.98458791757,4
S-C_weinstein,2008-06-06,100748.79758791756,48444.98458791757,4
S-C_weinstein,2008-06-09,100256.21458791757,48444.98458791757,4
S-C_weinstein,2008-06-10,100172.23658791758,48444.98458791757,4
S-C_weinstein,2008-06-11,99186.49058791756,48444.98458791757,4
S-C_weinstein,2008-06-12,98893.57358791758,48444.98458791757,4
S-C_weinstein,2008-06-13,99726.14358791757,48444.98458791757,4
S-C_weinstein,2008-06-16,100393.33358791756,48444.98458791757,4
S-C_weinstein,2008-06-17,100125.95658791756,48444.98458791757,4
S-C_weinstein,2008-06-18,99778.85558791757,48444.98458791757,4
S-C_weinstein,2008-06-19,99999.12358791757,48444.98458791757,4
S-C_weinstein,2008-06-20,99104.21058791757,48444.98458791757,4
S-C_weinstein,2008-06-23,99080.00558791758,48444.98458791757,4
S-C_weinstein,2008-06-24,97955.11558791756,48444.98458791757,4
S-C_weinstein,2008-06-25,98334.09458791757,48444.98458791757,4
S-C_weinstein,2008-06-26,97274.74358791756,48444.98458791757,4
S-C_weinstein,2008-06-27,96954.46058791757,48444.98458791757,4
S-C_weinstein,2008-06-30,97218.12277056751,61648.942770567504,3
S-C_weinstein,2008-07-01,96371.99135836751,71816.3773583675,2
S-C_weinstein,2008-07-02,96425.31335836751,71816.3773583675,2
S-C_weinstein,2008-07-03,96194.1073583675,71816.3773583675,2
S-C_weinstein,2008-07-07,96297.54979308692,82794.50179308692,1
S-C_weinstein,2008-07-08,96783.19379308692,82794.50179308692,1
S-C_weinstein,2008-07-09,96859.02779308692,82794.50179308692,1
S-C_weinstein,2008-07-10,97060.48579308692,82794.50179308692,1
S-C_weinstein,2008-07-11,96827.62179308692,82794.50179308692,1
S-C_weinstein,2008-07-14,96788.55579308693,82794.50179308692,1
S-C_weinstein,2008-07-15,97167.72579308692,82794.50179308692,1
S-C_weinstein,2008-07-16,97117.93579308692,82794.50179308692,1
S-C_weinstein,2008-07-17,97271.90179308692,82794.50179308692,1
S-C_weinstein,2008-07-18,95738.36979308692,82794.50179308692,1
S-C_weinstein,2008-07-21,95766.71179308693,82794.50179308692,1
S-C_weinstein,2008-07-22,96148.17979308692,82794.50179308692,1
S-C_weinstein,2008-07-23,96566.41579308693,82794.50179308692,1
S-C_weinstein,2008-07-24,96561.05379308692,82794.50179308692,1
S-C_weinstein,2008-07-25,97039.80379308692,82794.50179308692,1
S-C_weinstein,2008-07-28,96558.75579308692,82794.50179308692,1
S-C_weinstein,2008-07-29,96901.15779308692,82794.50179308692,1
S-C_weinstein,2008-07-30,96882.77379308692,82794.50179308692,1
S-C_weinstein,2008-07-31,96901.15779308692,82794.50179308692,1
S-C_weinstein,2008-08-01,96825.32379308692,82794.50179308692,1
S-C_weinstein,2008-08-04,96864.38979308691,82794.50179308692,1
S-C_weinstein,2008-08-05,97251.21979308693,82794.50179308692,1
S-C_weinstein,2008-08-06,97436.59179308692,82794.50179308692,1
S-C_weinstein,2008-08-07,97177.68379308692,82794.50179308692,1
S-C_weinstein,2008-08-08,97630.38979308691,82794.50179308692,1
S-C_weinstein,2008-08-11,97541.53379308691,82794.50179308692,1
S-C_weinstein,2008-08-12,97716.18179308693,82794.50179308692,1
S-C_weinstein,2008-08-13,97640.34779308693,82794.50179308692,1
S-C_weinstein,2008-08-14,97608.94179308692,82794.50179308692,1
S-C_weinstein,2008-08-15,97497.10579308693,82794.50179308692,1
S-C_weinstein,2008-08-18,97373.77979308693,82794.50179308692,1
S-C_weinstein,2008-08-19,97049.76179308692,82794.50179308692,1
S-C_weinstein,2008-08-20,97068.14579308692,82794.50179308692,1
S-C_weinstein,2008-08-21,96945.58579308692,82794.50179308692,1
S-C_weinstein,2008-08-22,96986.94979308693,82794.50179308692,1
S-C_weinstein,2008-08-25,96699.69979308693,82794.50179308692,1
S-C_weinstein,2008-08-26,96877.41179308693,82794.50179308692,1
S-C_weinstein,2008-08-27,96840.64379308693,82794.50179308692,1
S-C_weinstein,2008-08-28,96699.69979308693,82794.50179308692,1
S-C_weinstein,2008-08-29,96561.05379308692,82794.50179308692,1
S-C_weinstein,2008-09-02,95933.69979308693,82794.50179308692,1
S-C_weinstein,2008-09-03,96221.71579308691,82794.50179308692,1
S-C_weinstein,2008-09-04,95855.56779308693,82794.50179308692,1
S-C_weinstein,2008-09-05,95298.68579308692,82794.50179308692,1
S-C_weinstein,2008-09-08,95094.92979308692,82794.50179308692,1
S-C_weinstein,2008-09-09,94996.11579308692,82794.50179308692,1
S-C_weinstein,2008-09-10,95029.81979308692,82794.50179308692,1
S-C_weinstein,2008-09-11,95609.68179308693,82794.50179308692,1
S-C_weinstein,2008-09-12,95369.92379308693,82794.50179308692,1
S-C_weinstein,2008-09-15,95294.08979308693,82794.50179308692,1
S-C_weinstein,2008-09-16,95816.50179308692,82794.50179308692,1
S-C_weinstein,2008-09-17,95058.92779308691,82794.50179308692,1
S-C_weinstein,2008-09-18,95120.97379308692,82794.50179308692,1
S-C_weinstein,2008-09-19,94935.60179308693,82794.50179308692,1
S-C_weinstein,2008-09-22,94478.29979308692,82794.50179308692,1
S-C_weinstein,2008-09-23,94472.93779308692,82794.50179308692,1
S-C_weinstein,2008-09-24,94996.11579308692,82794.50179308692,1
S-C_weinstein,2008-09-25,95089.56779308693,82794.50179308692,1
S-C_weinstein,2008-09-26,95505.50579308692,82794.50179308692,1
S-C_weinstein,2008-09-29,93885.41579308693,82794.50179308692,1
S-C_weinstein,2008-09-30,94718.82379308692,82794.50179308692,1
S-C_weinstein,2008-10-01,94632.26579308692,82794.50179308692,1
S-C_weinstein,2008-10-02,94472.93779308692,82794.50179308692,1
S-C_weinstein,2008-10-03,94750.22979308692,82794.50179308692,1
S-C_weinstein,2008-10-06,93739.10979308691,82794.50179308692,1
S-C_weinstein,2008-10-07,93402.06979308692,82794.50179308692,1
S-C_weinstein,2008-10-08,93526.92779308691,82794.50179308692,1
S-C_weinstein,2008-10-09,93258.06179308692,82794.50179308692,1
S-C_weinstein,2008-10-10,92586.27979308693,82794.50179308692,1
S-C_weinstein,2008-10-13,93166.42505420254,93166.42505420254,0
S-C_weinstein,2008-10-14,93166.42505420254,93166.42505420254,0
S-C_weinstein,2008-10-15,93166.42505420254,93166.42505420254,0
S-C_weinstein,2008-10-16,93166.42505420254,93166.42505420254,0
S-C_weinstein,2008-10-17,93166.42505420254,93166.42505420254,0
S-C_weinstein,2008-10-20,93166.42505420254,93166.42505420254,0
S-C_weinstein,2008-10-21,93166.42505420254,93166.42505420254,0
S-C_weinstein,2008-10-22,93166.42505420254,93166.42505420254,0
S-C_weinstein,2008-10-23,93166.42505420254,93166.42505420254,0
S-C_weinstein,2008-10-24,93166.42505420254,93166.42505420254,0
S-C_weinstein,2008-10-27,93166.42505420254,93166.42505420254,0
S-C_weinstein,2008-10-28,93166.42505420254,93166.42505420254,0
S-C_weinstein,2008-10-29,93166.42505420254,93166.42505420254,0
S-C_weinstein,2008-10-30,93166.42505420254,93166.42505420254,0
S-C_weinstein,2008-10-31,93166.42505420254,93166.42505420254,0
S-C_weinstein,2008-11-03,93166.42505420254,93166.42505420254,0
S-C_weinstein,2008-11-04,93166.42505420254,93166.42505420254,0
S-C_weinstein,2008-11-05,93166.42505420254,93166.42505420254,0
S-C_weinstein,2008-11-06,93166.42505420254,93166.42505420254,0
S-C_weinstein,2008-11-07,93166.42505420254,93166.42505420254,0
S-C_weinstein,2008-11-10,93166.42505420254,93166.42505420254,0
S-C_weinstein,2008-11-11,93166.42505420254,93166.42505420254,0
S-C_weinstein,2008-11-12,93166.42505420254,93166.42505420254,0
S-C_weinstein,2008-11-13,93166.42505420254,93166.42505420254,0
S-C_weinstein,2008-11-14,93166.42505420254,93166.42505420254,0
S-C_weinstein,2008-11-17,93166.42505420254,93166.42505420254,0
S-C_weinstein,2008-11-18,93166.42505420254,93166.42505420254,0
S-C_weinstein,2008-11-19,93166.42505420254,93166.42505420254,0
S-C_weinstein,2008-11-20,93166.42505420254,93166.42505420254,0
S-C_weinstein,2008-11-21,93166.42505420254,93166.42505420254,0
S-C_weinstein,2008-11-24,93166.42505420254,93166.42505420254,0
S-C_weinstein,2008-11-25,93166.42505420254,93166.42505420254,0
S-C_weinstein,2008-11-26,93166.42505420254,93166.42505420254,0
S-C_weinstein,2008-11-28,93166.42505420254,93166.42505420254,0
S-C_weinstein,2008-12-01,93166.42505420254,93166.42505420254,0
S-C_weinstein,2008-12-02,93166.42505420254,93166.42505420254,0
S-C_weinstein,2008-12-03,93166.42505420254,93166.42505420254,0
S-C_weinstein,2008-12-04,93166.42505420254,93166.42505420254,0
S-C_weinstein,2008-12-05,93166.42505420254,93166.42505420254,0
S-C_weinstein,2008-12-08,93166.42505420254,93166.42505420254,0
S-C_weinstein,2008-12-09,93166.42505420254,93166.42505420254,0
S-C_weinstein,2008-12-10,93166.42505420254,93166.42505420254,0
S-C_weinstein,2008-12-11,93166.42505420254,93166.42505420254,0
S-C_weinstein,2008-12-12,93166.42505420254,93166.42505420254,0
S-C_weinstein,2008-12-15,93166.42505420254,93166.42505420254,0
S-C_weinstein,2008-12-16,93166.42505420254,93166.42505420254,0
S-C_weinstein,2008-12-17,93166.42505420254,93166.42505420254,0
S-C_weinstein,2008-12-18,93166.42505420254,93166.42505420254,0
S-C_weinstein,2008-12-19,93166.42505420254,93166.42505420254,0
S-C_weinstein,2008-12-22,93166.42505420254,93166.42505420254,0
S-C_weinstein,2008-12-23,93166.42505420254,93166.42505420254,0
S-C_weinstein,2008-12-24,93166.42505420254,93166.42505420254,0
S-C_weinstein,2008-12-26,93166.42505420254,93166.42505420254,0
S-C_weinstein,2008-12-29,93166.42505420254,93166.42505420254,0
S-C_weinstein,2008-12-30,93166.42505420254,93166.42505420254,0
S-C_weinstein,2008-12-31,93166.42505420254,93166.42505420254,0
S-C_weinstein,2009-01-02,93166.42505420254,93166.42505420254,0
S-C_weinstein,2009-01-05,93166.42505420254,93166.42505420254,0
S-C_weinstein,2009-01-06,93166.42505420254,93166.42505420254,0
S-C_weinstein,2009-01-07,93166.42505420254,93166.42505420254,0
S-C_weinstein,2009-01-08,93166.42505420254,93166.42505420254,0
S-C_weinstein,2009-01-09,93166.42505420254,93166.42505420254,0
S-C_weinstein,2009-01-12,93166.42505420254,93166.42505420254,0
S-C_weinstein,2009-01-13,93166.42505420254,93166.42505420254,0
S-C_weinstein,2009-01-14,93166.42505420254,93166.42505420254,0
S-C_weinstein,2009-01-15,93166.42505420254,93166.42505420254,0
S-C_weinstein,2009-01-16,93166.42505420254,93166.42505420254,0
S-C_weinstein,2009-01-20,93166.42505420254,93166.42505420254,0
S-C_weinstein,2009-01-21,93166.42505420254,93166.42505420254,0
S-C_weinstein,2009-01-22,93166.42505420254,93166.42505420254,0
S-C_weinstein,2009-01-23,93166.42505420254,93166.42505420254,0
S-C_weinstein,2009-01-26,93166.42505420254,93166.42505420254,0
S-C_weinstein,2009-01-27,93166.42505420254,93166.42505420254,0
S-C_weinstein,2009-01-28,93166.42505420254,93166.42505420254,0
S-C_weinstein,2009-01-29,93166.42505420254,93166.42505420254,0
S-C_weinstein,2009-01-30,93166.42505420254,93166.42505420254,0
S-C_weinstein,2009-02-02,93166.42505420254,93166.42505420254,0
S-C_weinstein,2009-02-03,93166.42505420254,93166.42505420254,0
S-C_weinstein,2009-02-04,93166.42505420254,93166.42505420254,0
S-C_weinstein,2009-02-05,93166.42505420254,93166.42505420254,0
S-C_weinstein,2009-02-06,93166.42505420254,93166.42505420254,0
S-C_weinstein,2009-02-09,93166.42505420254,93166.42505420254,0
S-C_weinstein,2009-02-10,93166.42505420254,93166.42505420254,0
S-C_weinstein,2009-02-11,93166.42505420254,93166.42505420254,0
S-C_weinstein,2009-02-12,93166.42505420254,93166.42505420254,0
S-C_weinstein,2009-02-13,93166.42505420254,93166.42505420254,0
S-C_weinstein,2009-02-17,93166.42505420254,93166.42505420254,0
S-C_weinstein,2009-02-18,93166.42505420254,93166.42505420254,0
S-C_weinstein,2009-02-19,93166.42505420254,93166.42505420254,0
S-C_weinstein,2009-02-20,93166.42505420254,93166.42505420254,0
S-C_weinstein,2009-02-23,93166.42505420254,93166.42505420254,0
S-C_weinstein,2009-02-24,93166.42505420254,93166.42505420254,0
S-C_weinstein,2009-02-25,93166.42505420254,93166.42505420254,0
S-C_weinstein,2009-02-26,93166.42505420254,93166.42505420254,0
S-C_weinstein,2009-02-27,93166.42505420254,93166.42505420254,0
S-C_weinstein,2009-03-02,93166.42505420254,93166.42505420254,0
S-C_weinstein,2009-03-03,93166.42505420254,93166.42505420254,0
S-C_weinstein,2009-03-04,93166.42505420254,93166.42505420254,0
S-C_weinstein,2009-03-05,93166.42505420254,93166.42505420254,0
S-C_weinstein,2009-03-06,93166.42505420254,93166.42505420254,0
S-C_weinstein,2009-03-09,93166.42505420254,93166.42505420254,0
S-C_weinstein,2009-03-10,93166.42505420254,93166.42505420254,0
S-C_weinstein,2009-03-11,93166.42505420254,93166.42505420254,0
S-C_weinstein,2009-03-12,93166.42505420254,93166.42505420254,0
S-C_weinstein,2009-03-13,93166.42505420254,93166.42505420254,0
S-C_weinstein,2009-03-16,93166.42505420254,93166.42505420254,0
S-C_weinstein,2009-03-17,93166.42505420254,93166.42505420254,0
S-C_weinstein,2009-03-18,93166.42505420254,93166.42505420254,0
S-C_weinstein,2009-03-19,93166.42505420254,93166.42505420254,0
S-C_weinstein,2009-03-20,93166.42505420254,93166.42505420254,0
S-C_weinstein,2009-03-23,93166.42505420254,93166.42505420254,0
S-C_weinstein,2009-03-24,93166.42505420254,93166.42505420254,0
S-C_weinstein,2009-03-25,93166.42505420254,93166.42505420254,0
S-C_weinstein,2009-03-26,93166.42505420254,93166.42505420254,0
S-C_weinstein,2009-03-27,93166.42505420254,93166.42505420254,0
S-C_weinstein,2009-03-30,93166.42505420254,93166.42505420254,0
S-C_weinstein,2009-03-31,93166.42505420254,93166.42505420254,0
S-C_weinstein,2009-04-01,93166.42505420254,93166.42505420254,0
S-C_weinstein,2009-04-02,93166.42505420254,93166.42505420254,0
S-C_weinstein,2009-04-03,93166.42505420254,93166.42505420254,0
S-C_weinstein,2009-04-06,93166.42505420254,93166.42505420254,0
S-C_weinstein,2009-04-07,93166.42505420254,93166.42505420254,0
S-C_weinstein,2009-04-08,93166.42505420254,93166.42505420254,0
S-C_weinstein,2009-04-09,93166.42505420254,93166.42505420254,0
S-C_weinstein,2009-04-13,93166.42505420254,93166.42505420254,0
S-C_weinstein,2009-04-14,93166.42505420254,93166.42505420254,0
S-C_weinstein,2009-04-15,93166.42505420254,93166.42505420254,0
S-C_weinstein,2009-04-16,93166.42505420254,93166.42505420254,0
S-C_weinstein,2009-04-17,93166.42505420254,93166.42505420254,0
S-C_weinstein,2009-04-20,93166.42505420254,93166.42505420254,0
S-C_weinstein,2009-04-21,93166.42505420254,93166.42505420254,0
S-C_weinstein,2009-04-22,93166.42505420254,93166.42505420254,0
S-C_weinstein,2009-04-23,93166.42505420254,93166.42505420254,0
S-C_weinstein,2009-04-24,93166.42505420254,93166.42505420254,0
S-C_weinstein,2009-04-27,93166.42505420254,93166.42505420254,0
S-C_weinstein,2009-04-28,93166.42505420254,93166.42505420254,0
S-C_weinstein,2009-04-29,93166.42505420254,93166.42505420254,0
S-C_weinstein,2009-04-30,93166.42505420254,93166.42505420254,0
S-C_weinstein,2009-05-01,93166.42505420254,93166.42505420254,0
S-C_weinstein,2009-05-04,93166.42505420254,93166.42505420254,0
S-C_weinstein,2009-05-05,93166.42505420254,93166.42505420254,0
S-C_weinstein,2009-05-06,93166.42505420254,93166.42505420254,0
S-C_weinstein,2009-05-07,93166.42505420254,93166.42505420254,0
S-C_weinstein,2009-05-08,93166.42505420254,93166.42505420254,0
S-C_weinstein,2009-05-11,93166.42505420254,93166.42505420254,0
S-C_weinstein,2009-05-12,93166.42505420254,93166.42505420254,0
S-C_weinstein,2009-05-13,93166.42505420254,93166.42505420254,0
S-C_weinstein,2009-05-14,93166.42505420254,93166.42505420254,0
S-C_weinstein,2009-05-15,93166.42505420254,93166.42505420254,0
S-C_weinstein,2009-05-18,93166.42505420254,93166.42505420254,0
S-C_weinstein,2009-05-19,93166.42505420254,93166.42505420254,0
S-C_weinstein,2009-05-20,93166.42505420254,93166.42505420254,0
S-C_weinstein,2009-05-21,93166.42505420254,93166.42505420254,0
S-C_weinstein,2009-05-22,93166.42505420254,93166.42505420254,0
S-C_weinstein,2009-05-26,93166.42505420254,93166.42505420254,0
S-C_weinstein,2009-05-27,93166.42505420254,93166.42505420254,0
S-C_weinstein,2009-05-28,93166.42505420254,93166.42505420254,0
S-C_weinstein,2009-05-29,93166.42505420254,93166.42505420254,0
S-C_weinstein,2009-06-01,93166.42505420254,93166.42505420254,0
S-C_weinstein,2009-06-02,93166.42505420254,93166.42505420254,0
S-C_weinstein,2009-06-03,93166.42505420254,93166.42505420254,0
S-C_weinstein,2009-06-04,93166.42505420254,93166.42505420254,0
S-C_weinstein,2009-06-05,93166.42505420254,93166.42505420254,0
S-C_weinstein,2009-06-08,93166.42505420254,93166.42505420254,0
S-C_weinstein,2009-06-09,93166.42505420254,93166.42505420254,0
S-C_weinstein,2009-06-10,93166.42505420254,93166.42505420254,0
S-C_weinstein,2009-06-11,93166.42505420254,93166.42505420254,0
S-C_weinstein,2009-06-12,93166.42505420254,93166.42505420254,0
S-C_weinstein,2009-06-15,93166.42505420254,93166.42505420254,0
S-C_weinstein,2009-06-16,93166.42505420254,93166.42505420254,0
S-C_weinstein,2009-06-17,93166.42505420254,93166.42505420254,0
S-C_weinstein,2009-06-18,93166.42505420254,93166.42505420254,0
S-C_weinstein,2009-06-19,93166.42505420254,93166.42505420254,0
S-C_weinstein,2009-06-22,93166.42505420254,93166.42505420254,0
S-C_weinstein,2009-06-23,93166.42505420254,93166.42505420254,0
S-C_weinstein,2009-06-24,93166.42505420254,93166.42505420254,0
S-C_weinstein,2009-06-25,93166.42505420254,93166.42505420254,0
S-C_weinstein,2009-06-26,93166.42505420254,93166.42505420254,0
S-C_weinstein,2009-06-29,93166.42505420254,93166.42505420254,0
S-C_weinstein,2009-06-30,93166.42505420254,93166.42505420254,0
S-C_weinstein,2009-07-01,93166.42505420254,93166.42505420254,0
S-C_weinstein,2009-07-02,93166.42505420254,93166.42505420254,0
S-C_weinstein,2009-07-06,93166.42505420254,93166.42505420254,0
S-C_weinstein,2009-07-07,93166.42505420254,93166.42505420254,0
S-C_weinstein,2009-07-08,93166.42505420254,93166.42505420254,0
S-C_weinstein,2009-07-09,93166.42505420254,93166.42505420254,0
S-C_weinstein,2009-07-10,93166.42505420254,93166.42505420254,0
S-C_weinstein,2009-07-13,93166.42505420254,93166.42505420254,0
S-C_weinstein,2009-07-14,93166.42505420254,93166.42505420254,0
S-C_weinstein,2009-07-15,93166.42505420254,93166.42505420254,0
S-C_weinstein,2009-07-16,93166.42505420254,93166.42505420254,0
S-C_weinstein,2009-07-17,93166.42505420254,93166.42505420254,0
S-C_weinstein,2009-07-20,93166.42505420254,93166.42505420254,0
S-C_weinstein,2009-07-21,93166.42505420254,93166.42505420254,0
S-C_weinstein,2009-07-22,93166.42505420254,93166.42505420254,0
S-C_weinstein,2009-07-23,93166.42505420254,93166.42505420254,0
S-C_weinstein,2009-07-24,93166.42505420254,93166.42505420254,0
S-C_weinstein,2009-07-27,93166.42505420254,93166.42505420254,0
S-C_weinstein,2009-07-28,93166.42505420254,93166.42505420254,0
S-C_weinstein,2009-07-29,93166.42505420254,93166.42505420254,0
S-C_weinstein,2009-07-30,93166.42505420254,93166.42505420254,0
S-C_weinstein,2009-07-31,93166.42505420254,93166.42505420254,0
S-C_weinstein,2009-08-03,93166.42505420254,93166.42505420254,0
S-C_weinstein,2009-08-04,93166.42505420254,93166.42505420254,0
S-C_weinstein,2009-08-05,93166.42505420254,93166.42505420254,0
S-C_weinstein,2009-08-06,93166.42505420254,93166.42505420254,0
S-C_weinstein,2009-08-07,93166.42505420254,93166.42505420254,0
S-C_weinstein,2009-08-10,93166.42505420254,93166.42505420254,0
S-C_weinstein,2009-08-11,93166.42505420254,93166.42505420254,0
S-C_weinstein,2009-08-12,93166.42505420254,93166.42505420254,0
S-C_weinstein,2009-08-13,93166.42505420254,93166.42505420254,0
S-C_weinstein,2009-08-14,93166.42505420254,93166.42505420254,0
S-C_weinstein,2009-08-17,93011.35181133982,83853.12581133982,1
S-C_weinstein,2009-08-18,93173.28981133983,83853.12581133982,1
S-C_weinstein,2009-08-19,93246.73381133983,83853.12581133982,1
S-C_weinstein,2009-08-20,93511.61381133982,83853.12581133982,1
S-C_weinstein,2009-08-21,93452.61781133982,83853.12581133982,1
S-C_weinstein,2009-08-24,93388.80581133981,83853.12581133982,1
S-C_weinstein,2009-08-25,93545.92781133982,83853.12581133982,1
S-C_weinstein,2009-08-26,93452.61781133982,83853.12581133982,1
S-C_weinstein,2009-08-27,93354.49181133982,83853.12581133982,1
S-C_weinstein,2009-08-28,93300.91381133982,83853.12581133982,1
S-C_weinstein,2009-08-31,92947.53981133983,83853.12581133982,1
S-C_weinstein,2009-09-01,92702.52581133982,83853.12581133982,1
S-C_weinstein,2009-09-02,92751.88981133982,83853.12581133982,1
S-C_weinstein,2009-09-03,92677.84381133982,83853.12581133982,1
S-C_weinstein,2009-09-04,92677.84381133982,83853.12581133982,1
S-C_weinstein,2009-09-08,92668.21181133982,83853.12581133982,1
S-C_weinstein,2009-09-09,92677.84381133982,83853.12581133982,1
S-C_weinstein,2009-09-10,92727.20781133982,83853.12581133982,1
S-C_weinstein,2009-09-11,92771.15381133983,83853.12581133982,1
S-C_weinstein,2009-09-14,93011.35181133982,83853.12581133982,1
S-C_weinstein,2009-09-15,93134.15981133982,83853.12581133982,1
S-C_weinstein,2009-09-16,93281.04781133983,83853.12581133982,1
S-C_weinstein,2009-09-17,93256.36581133983,83853.12581133982,1
S-C_weinstein,2009-09-18,93070.34781133982,83853.12581133982,1
S-C_weinstein,2009-09-21,92987.27181133983,83853.12581133982,1
S-C_weinstein,2009-09-22,93246.73381133983,83853.12581133982,1
S-C_weinstein,2009-09-23,93016.16781133982,83853.12581133982,1
S-C_weinstein,2009-09-24,92908.40981133982,83853.12581133982,1
S-C_weinstein,2009-09-25,92859.64781133982,83853.12581133982,1
S-C_weinstein,2009-09-28,93070.34781133982,83853.12581133982,1
S-C_weinstein,2009-09-29,93031.21781133983,83853.12581133982,1
S-C_weinstein,2009-09-30,92903.59381133982,83853.12581133982,1
S-C_weinstein,2009-10-01,92683.26181133982,83853.12581133982,1
S-C_weinstein,2009-10-02,92604.39981133983,83853.12581133982,1
S-C_weinstein,2009-10-05,92928.27581133982,83853.12581133982,1
S-C_weinstein,2009-10-06,93138.97581133983,83853.12581133982,1
S-C_weinstein,2009-10-07,93354.49181133982,83853.12581133982,1
S-C_weinstein,2009-10-08,93418.30381133982,83853.12581133982,1
S-C_weinstein,2009-10-09,93349.67581133982,83853.12581133982,1
S-C_weinstein,2009-10-12,93320.17781133982,83853.12581133982,1
S-C_weinstein,2009-10-13,93428.53781133982,83853.12581133982,1
S-C_weinstein,2009-10-14,93565.79381133983,83853.12581133982,1
S-C_weinstein,2009-10-15,93810.80781133982,83853.12581133982,1
S-C_weinstein,2009-10-16,93834.88781133982,83853.12581133982,1
S-C_weinstein,2009-10-19,94119.63381133982,83853.12581133982,1
S-C_weinstein,2009-10-20,93731.94581133983,83853.12581133982,1
S-C_weinstein,2009-10-21,93634.42181133982,83853.12581133982,1
S-C_weinstein,2009-10-22,94114.81781133982,83853.12581133982,1
S-C_weinstein,2009-10-23,93864.38581133982,83853.12581133982,1
S-C_weinstein,2009-10-26,93344.85981133982,83853.12581133982,1
S-C_weinstein,2009-10-27,93281.04781133983,83853.12581133982,1
S-C_weinstein,2009-10-28,92717.57581133982,83853.12581133982,1
S-C_weinstein,2009-10-29,92771.15381133983,83853.12581133982,1
S-C_weinstein,2009-10-30,92756.70581133982,83853.12581133982,1
S-C_weinstein,2009-11-02,92898.77781133982,83853.12581133982,1
S-C_weinstein,2009-11-03,93016.16781133982,83853.12581133982,1
S-C_weinstein,2009-11-04,92977.03781133982,83853.12581133982,1
S-C_weinstein,2009-11-05,93212.41981133982,83853.12581133982,1
S-C_weinstein,2009-11-06,93600.10781133983,83853.12581133982,1
S-C_weinstein,2009-11-09,94010.76935328258,55857.34735328258,4
S-C_weinstein,2009-11-10,93238.67935328258,55857.34735328258,4
S-C_weinstein,2009-11-11,93882.60535328259,55857.34735328258,4
S-C_weinstein,2009-11-12,94032.11535328258,55857.34735328258,4
S-C_weinstein,2009-11-13,94801.11535328257,55857.34735328258,4
S-C_weinstein,2009-11-16,95599.19335328258,55857.34735328258,4
S-C_weinstein,2009-11-17,95417.76535328258,55857.34735328258,4
S-C_weinstein,2009-11-18,95563.99735328258,55857.34735328258,4
S-C_weinstein,2009-11-19,94749.99535328257,55857.34735328258,4
S-C_weinstein,2009-11-20,94675.28135328258,55857.34735328258,4
S-C_weinstein,2009-11-23,95104.55935328259,55857.34735328258,4
S-C_weinstein,2009-11-24,95115.38935328258,55857.34735328258,4
S-C_weinstein,2009-11-25,95318.6973532826,55857.34735328258,4
S-C_weinstein,2009-11-27,94433.98535328257,55857.34735328258,4
S-C_weinstein,2009-11-30,94541.13335328258,55857.34735328258,4
S-C_weinstein,2009-12-01,94865.12535328258,55857.34735328258,4
S-C_weinstein,2009-12-02,95121.58535328257,55857.34735328258,4
S-C_weinstein,2009-12-03,94846.73535328258,55857.34735328258,4
S-C_weinstein,2009-12-04,94811.40535328258,55857.34735328258,4
S-C_weinstein,2009-12-07,95407.05335328258,55857.34735328258,4
S-C_weinstein,2009-12-08,94962.21935328259,55857.34735328258,4
S-C_weinstein,2009-12-09,94697.53335328258,55857.34735328258,4
S-C_weinstein,2009-12-10,94700.99928381843,64230.64928381843,3
S-C_weinstein,2009-12-11,94608.50728381843,64230.64928381843,3
S-C_weinstein,2009-12-14,95130.61728381843,64230.64928381843,3
S-C_weinstein,2009-12-15,95278.54128381843,64230.64928381843,3
S-C_weinstein,2009-12-16,95198.70728381842,64230.64928381843,3
S-C_weinstein,2009-12-17,94728.90928381843,64230.64928381843,3
S-C_weinstein,2009-12-18,94970.30328381843,64230.64928381843,3
S-C_weinstein,2009-12-21,95043.36728381843,64230.64928381843,3
S-C_weinstein,2009-12-22,95315.38328381843,64230.64928381843,3
S-C_weinstein,2009-12-23,95348.35528381843,64230.64928381843,3
S-C_weinstein,2009-12-24,95437.23728381842,64230.64928381843,3
S-C_weinstein,2009-12-28,95451.42928381843,64230.64928381843,3
S-C_weinstein,2009-12-29,95328.93728381844,64230.64928381843,3
S-C_weinstein,2009-12-30,95449.78328381843,64230.64928381843,3
S-C_weinstein,2009-12-31,95439.87328381842,64230.64928381843,3
S-C_weinstein,2010-01-04,94675.12573373225,63238.05173373224,3
S-C_weinstein,2010-01-05,94694.56973373223,63238.05173373224,3
S-C_weinstein,2010-01-06,94380.66173373224,63238.05173373224,3
S-C_weinstein,2010-01-07,95108.94773373223,63238.05173373224,3
S-C_weinstein,2010-01-08,95366.06373373224,63238.05173373224,3
S-C_weinstein,2010-01-11,95136.90373373224,63238.05173373224,3
S-C_weinstein,2010-01-12,94793.64973373224,63238.05173373224,3
S-C_weinstein,2010-01-13,94921.31373373224,63238.05173373224,3
S-C_weinstein,2010-01-14,95445.41773373223,63238.05173373224,3
S-C_weinstein,2010-01-15,95399.41173373224,63238.05173373224,3
S-C_weinstein,2010-01-19,95947.92528965723,53709.16328965724,4
S-C_weinstein,2010-01-20,95055.37128965724,53709.16328965724,4
S-C_weinstein,2010-01-21,93859.15128965724,53709.16328965724,4
S-C_weinstein,2010-01-22,93450.88328965724,53709.16328965724,4
S-C_weinstein,2010-01-25,93695.54328965725,53709.16328965724,4
S-C_weinstein,2010-01-26,93454.64728965724,53709.16328965724,4
S-C_weinstein,2010-01-27,93775.43528965724,53709.16328965724,4
S-C_weinstein,2010-01-28,93750.73728965723,53709.16328965724,4
S-C_weinstein,2010-01-29,93291.28728965724,53709.16328965724,4
S-C_weinstein,2010-02-01,93467.86917108184,44392.693171081846,5
S-C_weinstein,2010-02-02,94487.28317108186,44392.693171081846,5
S-C_weinstein,2010-02-03,94328.87717108184,44392.693171081846,5
S-C_weinstein,2010-02-04,93041.35017108185,44392.693171081846,5
S-C_weinstein,2010-02-05,92691.79517108185,44392.693171081846,5
S-C_weinstein,2010-02-08,92483.15112748006,25888.94412748006,7
S-C_weinstein,2010-02-09,92802.99912748006,25888.94412748006,7
S-C_weinstein,2010-02-10,92920.62812748007,25888.94412748006,7
S-C_weinstein,2010-02-11,94057.37512748006,25888.94412748006,7
S-C_weinstein,2010-02-12,94246.33712748006,25888.94412748006,7
S-C_weinstein,2010-02-16,94800.64461788005,35475.45761788006,6
S-C_weinstein,2010-02-17,94910.06761788006,35475.45761788006,6
S-C_weinstein,2010-02-18,94962.92061788005,35475.45761788006,6
S-C_weinstein,2010-02-19,94572.77019137423,44012.925191374234,5
S-C_weinstein,2010-02-22,94092.03019137424,44012.925191374234,5
S-C_weinstein,2010-02-23,93597.48819137423,44012.925191374234,5
S-C_weinstein,2010-02-24,93973.51919137423,44012.925191374234,5
S-C_weinstein,2010-02-25,93979.86519137424,44012.925191374234,5
S-C_weinstein,2010-02-26,94226.81319137423,44012.925191374234,5
S-C_weinstein,2010-03-01,94742.13926973328,34613.017269733275,6
S-C_weinstein,2010-03-02,95501.20326973326,34613.017269733275,6
S-C_weinstein,2010-03-03,94365.87026973328,34613.017269733275,6
S-C_weinstein,2010-03-04,94304.06926973327,34613.017269733275,6
S-C_weinstein,2010-03-05,94700.87426973328,34613.017269733275,6
S-C_weinstein,2010-03-08,94979.33556500828,15711.154565008273,8
S-C_weinstein,2010-03-09,94058.71856500828,15711.154565008273,8
S-C_weinstein,2010-03-10,99851.50956500827,15711.154565008273,8
S-C_weinstein,2010-03-11,99609.59256500826,15711.154565008273,8
S-C_weinstein,2010-03-12,99304.78256500827,15711.154565008273,8
S-C_weinstein,2010-03-15,99732.86656500827,15711.154565008273,8
S-C_weinstein,2010-03-16,100005.44356500829,15711.154565008273,8
S-C_weinstein,2010-03-17,100601.94156500825,15711.154565008273,8
S-C_weinstein,2010-03-18,100731.71367959541,24181.567679595428,7
S-C_weinstein,2010-03-19,101164.85567959544,24181.567679595428,7
S-C_weinstein,2010-03-22,102841.82967959542,24181.567679595428,7
S-C_weinstein,2010-03-23,103046.70267959544,24181.567679595428,7
S-C_weinstein,2010-03-24,102180.88567959543,24181.567679595428,7
S-C_weinstein,2010-03-25,103525.19967959542,24181.567679595428,7
S-C_weinstein,2010-03-26,104458.79767959545,24181.567679595428,7
S-C_weinstein,2010-03-29,104229.12666459542,13739.120664595428,8
S-C_weinstein,2010-03-30,103894.97166459542,13739.120664595428,8
S-C_weinstein,2010-03-31,104291.13966459541,13739.120664595428,8
S-C_weinstein,2010-04-01,105370.24966459542,13739.120664595428,8
S-C_weinstein,2010-04-05,107732.90151609543,3202.946516095428,9
S-C_weinstein,2010-04-06,108928.98251609542,3202.946516095428,9
S-C_weinstein,2010-04-07,108606.70251609542,3202.946516095428,9
S-C_weinstein,2010-04-08,109065.80951609543,3202.946516095428,9
S-C_weinstein,2010-04-09,109658.82551609543,3202.946516095428,9
S-C_weinstein,2010-04-12,110844.31551609543,3202.946516095428,9
S-C_weinstein,2010-04-13,110226.03851609543,3202.946516095428,9
S-C_weinstein,2010-04-14,111514.90751609544,3202.946516095428,9
S-C_weinstein,2010-04-15,111315.11651609541,3202.946516095428,9
S-C_weinstein,2010-04-16,109996.14751609543,3202.946516095428,9
S-C_weinstein,2010-04-19,109833.09913864543,12.832138645427676,10
S-C_weinstein,2010-04-20,111021.48713864543,12.832138645427676,10
S-C_weinstein,2010-04-21,110094.30013864544,12.832138645427676,10
S-C_weinstein,2010-04-22,112065.97313864544,12.832138645427676,10
S-C_weinstein,2010-04-23,111329.28013864544,12.832138645427676,10
S-C_weinstein,2010-04-26,111024.56713864542,12.832138645427676,10
S-C_weinstein,2010-04-27,109180.34413864544,12.832138645427676,10
S-C_weinstein,2010-04-28,108580.68213864544,12.832138645427676,10
S-C_weinstein,2010-04-29,110473.87513864544,12.832138645427676,10
S-C_weinstein,2010-04-30,106707.22713864544,12.832138645427676,10
S-C_weinstein,2010-05-03,110594.84113864542,12.832138645427676,10
S-C_weinstein,2010-05-04,110717.74813864543,12.832138645427676,10
S-C_weinstein,2010-05-05,96222.45982894543,4042.807828945428,9
S-C_weinstein,2010-05-06,94758.45882894543,4042.807828945428,9
S-C_weinstein,2010-05-07,93913.68682894541,4042.807828945428,9
S-C_weinstein,2010-05-10,98288.12682894542,4042.807828945428,9
S-C_weinstein,2010-05-11,98738.72282894542,4042.807828945428,9
S-C_weinstein,2010-05-12,100143.89082894543,4042.807828945428,9
S-C_weinstein,2010-05-13,98409.24082894542,4042.807828945428,9
S-C_weinstein,2010-05-14,96761.36882894543,4042.807828945428,9
S-C_weinstein,2010-05-17,96892.98955180543,37.66955180542891,10
S-C_weinstein,2010-05-18,95643.79155180544,37.66955180542891,10
S-C_weinstein,2010-05-19,95796.21455180543,37.66955180542891,10
S-C_weinstein,2010-05-20,92802.30955180543,37.66955180542891,10
S-C_weinstein,2010-05-21,94498.61655180543,37.66955180542891,10
S-C_weinstein,2010-05-24,93961.73926419542,9447.25926419543,9
S-C_weinstein,2010-05-25,94432.25126419542,9447.25926419543,9
S-C_weinstein,2010-05-26,94440.03426419543,9447.25926419543,9
S-C_weinstein,2010-05-27,96237.44726419543,9447.25926419543,9
S-C_weinstein,2010-05-28,95411.51926419542,9447.25926419543,9
S-C_weinstein,2010-06-01,94114.61626419541,9447.25926419543,9
S-C_weinstein,2010-06-02,95650.01126419545,9447.25926419543,9
S-C_weinstein,2010-06-03,96294.11626419543,9447.25926419543,9
S-C_weinstein,2010-06-04,93290.90526419542,9447.25926419543,9
S-C_weinstein,2010-06-07,91573.58426419541,9447.25926419543,9
S-C_weinstein,2010-06-08,92122.34026419542,9447.25926419543,9
S-C_weinstein,2010-06-09,92059.17326419541,9447.25926419543,9
S-C_weinstein,2010-06-10,93821.36526419544,9447.25926419543,9
S-C_weinstein,2010-06-11,94616.9362641954,9447.25926419543,9
S-C_weinstein,2010-06-14,94467.8642641954,9447.25926419543,9
S-C_weinstein,2010-06-15,95565.48526419543,9447.25926419543,9
S-C_weinstein,2010-06-16,95270.0492641954,9447.25926419543,9
S-C_weinstein,2010-06-17,95744.25926419543,9447.25926419543,9
S-C_weinstein,2010-06-18,95538.56026419545,9447.25926419543,9
S-C_weinstein,2010-06-21,94939.17626419543,9447.25926419543,9
S-C_weinstein,2010-06-22,93124.95326419543,9447.25926419543,9
S-C_weinstein,2010-06-23,92881.23026419542,9447.25926419543,9
S-C_weinstein,2010-06-24,91756.61626419541,9447.25926419543,9
S-C_weinstein,2010-06-25,92756.76126419542,9447.25926419543,9
S-C_weinstein,2010-06-28,91195.41026419542,9447.25926419543,9
S-C_weinstein,2010-06-29,89190.5832641954,9447.25926419543,9
S-C_weinstein,2010-06-30,88243.37911366331,17813.692113663306,8
S-C_weinstein,2010-07-01,88470.13611366329,17813.692113663306,8
S-C_weinstein,2010-07-02,88261.9861136633,17813.692113663306,8
S-C_weinstein,2010-07-06,88004.50711366329,17813.692113663306,8
S-C_weinstein,2010-07-07,90258.1311136633,17813.692113663306,8
S-C_weinstein,2010-07-08,90906.7781136633,17813.692113663306,8
S-C_weinstein,2010-07-09,91465.5181136633,17813.692113663306,8
S-C_weinstein,2010-07-12,91563.99811366331,17813.692113663306,8
S-C_weinstein,2010-07-13,92745.4561136633,17813.692113663306,8
S-C_weinstein,2010-07-14,92659.0541136633,17813.692113663306,8
S-C_weinstein,2010-07-15,92461.15511366329,17813.692113663306,8
S-C_weinstein,2010-07-16,90319.65111366332,17813.692113663306,8
S-C_weinstein,2010-07-19,91140.1691136633,17813.692113663306,8
S-C_weinstein,2010-07-20,91299.6781136633,17813.692113663306,8
S-C_weinstein,2010-07-21,90594.2641136633,17813.692113663306,8
S-C_weinstein,2010-07-22,91849.6901136633,17813.692113663306,8
S-C_weinstein,2010-07-23,93226.0781136633,17813.692113663306,8
S-C_weinstein,2010-07-26,94227.1071136633,17813.692113663306,8
S-C_weinstein,2010-07-27,94033.4301136633,17813.692113663306,8
S-C_weinstein,2010-07-28,93370.50211366329,17813.692113663306,8
S-C_weinstein,2010-07-29,91846.65111366329,17813.692113663306,8
S-C_weinstein,2010-07-30,91908.43752556329,21828.36152556331,7
S-C_weinstein,2010-08-02,92759.7435255633,21828.36152556331,7
S-C_weinstein,2010-08-03,92291.9735255633,21828.36152556331,7
S-C_weinstein,2010-08-04,92862.1595255633,21828.36152556331,7
S-C_weinstein,2010-08-05,92447.98141816331,34397.28741816331,6
S-C_weinstein,2010-08-06,90300.7074181633,34397.28741816331,6
S-C_weinstein,2010-08-09,90058.7704181633,34397.28741816331,6
S-C_weinstein,2010-08-10,89048.83495809743,43837.238958097434,5
S-C_weinstein,2010-08-11,88031.04110087243,47037.11810087243,4
S-C_weinstein,2010-08-12,87178.41810087243,47037.11810087243,4
S-C_weinstein,2010-08-13,87057.68910087243,47037.11810087243,4
S-C_weinstein,2010-08-16,87129.44810087243,47037.11810087243,4
S-C_weinstein,2010-08-17,87522.55210087243,47037.11810087243,4
S-C_weinstein,2010-08-18,87822.92710087245,47037.11810087243,4
S-C_weinstein,2010-08-19,86994.63410087244,47037.11810087243,4
S-C_weinstein,2010-08-20,87304.34010087243,47037.11810087243,4
S-C_weinstein,2010-08-23,86937.99510087243,47037.11810087243,4
S-C_weinstein,2010-08-24,86735.74810087243,47037.11810087243,4
S-C_weinstein,2010-08-25,87729.25810087242,47037.11810087243,4
S-C_weinstein,2010-08-26,87521.59810087243,47037.11810087243,4
S-C_weinstein,2010-08-27,88246.40510087242,47037.11810087243,4
S-C_weinstein,2010-08-30,87567.47510087243,47037.11810087243,4
S-C_weinstein,2010-08-31,87387.37310087243,47037.11810087243,4
S-C_weinstein,2010-09-01,87963.19210087243,47037.11810087243,4
S-C_weinstein,2010-09-02,88236.91710087244,47037.11810087243,4
S-C_weinstein,2010-09-03,88468.85910087242,47037.11810087243,4
S-C_weinstein,2010-09-07,88306.59810087243,47037.11810087243,4
S-C_weinstein,2010-09-08,88407.24110087243,47037.11810087243,4
S-C_weinstein,2010-09-09,87929.37210087242,47037.11810087243,4
S-C_weinstein,2010-09-10,88030.85110087242,47037.11810087243,4
S-C_weinstein,2010-09-13,88416.87310087243,47037.11810087243,4
S-C_weinstein,2010-09-14,88418.29410087243,47037.11810087243,4
S-C_weinstein,2010-09-15,89148.00910087243,47037.11810087243,4
S-C_weinstein,2010-09-16,89255.59410087243,47037.11810087243,4
S-C_weinstein,2010-09-17,89368.93110087243,47037.11810087243,4
S-C_weinstein,2010-09-20,89566.80599024743,38111.71599024743,5
S-C_weinstein,2010-09-21,89513.78699024743,38111.71599024743,5
S-C_weinstein,2010-09-22,88971.50099024743,38111.71599024743,5
S-C_weinstein,2010-09-23,88601.99099024743,38111.71599024743,5
S-C_weinstein,2010-09-24,89735.04199024744,38111.71599024743,5
S-C_weinstein,2010-09-27,89875.98085472244,39276.695854722435,5
S-C_weinstein,2010-09-28,90239.98185472243,39276.695854722435,5
S-C_weinstein,2010-09-29,90396.27085472245,39276.695854722435,5
S-C_weinstein,2010-09-30,90282.41585472244,39276.695854722435,5
S-C_weinstein,2010-10-01,90328.73485472244,39276.695854722435,5
S-C_weinstein,2010-10-04,86377.86401629532,20545.57501629532,7
S-C_weinstein,2010-10-05,87062.25701629532,20545.57501629532,7
S-C_weinstein,2010-10-06,86653.34201629531,20545.57501629532,7
S-C_weinstein,2010-10-07,86402.97901629533,20545.57501629532,7
S-C_weinstein,2010-10-08,86671.79501629532,20545.57501629532,7
S-C_weinstein,2010-10-11,86704.52901629532,20545.57501629532,7
S-C_weinstein,2010-10-12,86898.29001629533,20545.57501629532,7
S-C_weinstein,2010-10-13,87094.25101629531,20545.57501629532,7
S-C_weinstein,2010-10-14,87046.5670162953,20545.57501629532,7
S-C_weinstein,2010-10-15,86590.64601629532,20545.57501629532,7
S-C_weinstein,2010-10-18,86475.00501629533,20545.57501629532,7
S-C_weinstein,2010-10-19,86346.25701629532,20545.57501629532,7
S-C_weinstein,2010-10-20,86536.31001629532,20545.57501629532,7
S-C_weinstein,2010-10-21,86067.94321116921,28542.345211169224,6
S-C_weinstein,2010-10-22,85968.36621116922,28542.345211169224,6
S-C_weinstein,2010-10-25,86177.82921116921,28542.345211169224,6
S-C_weinstein,2010-10-26,85941.16521116922,28542.345211169224,6
S-C_weinstein,2010-10-27,85680.50421116923,28542.345211169224,6
S-C_weinstein,2010-10-28,85586.36021116923,28542.345211169224,6
S-C_weinstein,2010-10-29,85828.03021116923,28542.345211169224,6
S-C_weinstein,2010-11-01,85704.47421116922,28542.345211169224,6
S-C_weinstein,2010-11-02,85614.96021116922,28542.345211169224,6
S-C_weinstein,2010-11-03,86359.95021116923,28542.345211169224,6
S-C_weinstein,2010-11-04,86418.15021116924,28542.345211169224,6
S-C_weinstein,2010-11-05,86452.21921116923,28542.345211169224,6
S-C_weinstein,2010-11-08,86658.42821116923,28542.345211169224,6
S-C_weinstein,2010-11-09,86277.40821116923,28542.345211169224,6
S-C_weinstein,2010-11-10,86421.02121116922,28542.345211169224,6
S-C_weinstein,2010-11-11,86375.34221116922,28542.345211169224,6
S-C_weinstein,2010-11-12,86006.57921116921,28542.345211169224,6
S-C_weinstein,2010-11-15,85990.09221116922,28542.345211169224,6
S-C_weinstein,2010-11-16,85502.74621116923,28542.345211169224,6
S-C_weinstein,2010-11-17,86952.29221116923,28542.345211169224,6
S-C_weinstein,2010-11-18,87180.42321116923,28542.345211169224,6
S-C_weinstein,2010-11-19,87273.47721116923,28542.345211169224,6
S-C_weinstein,2010-11-22,87525.53521116922,28542.345211169224,6
S-C_weinstein,2010-11-23,86615.78821116923,28542.345211169224,6
S-C_weinstein,2010-11-24,87018.84293626921,37656.39693626922,5
S-C_weinstein,2010-11-26,86834.65793626921,37656.39693626922,5
S-C_weinstein,2010-11-29,86734.39893626922,37656.39693626922,5
S-C_weinstein,2010-11-30,86780.44293626922,37656.39693626922,5
S-C_weinstein,2010-12-01,87588.09093626922,37656.39693626922,5
S-C_weinstein,2010-12-02,88241.01693626921,37656.39693626922,5
S-C_weinstein,2010-12-03,89726.46693626922,37656.39693626922,5
S-C_weinstein,2010-12-06,89506.39493626922,37656.39693626922,5
S-C_weinstein,2010-12-07,89732.24593626923,37656.39693626922,5
S-C_weinstein,2010-12-08,89729.45493626923,37656.39693626922,5
S-C_weinstein,2010-12-09,89359.3759362692,37656.39693626922,5
S-C_weinstein,2010-12-10,89578.76193626922,37656.39693626922,5
S-C_weinstein,2010-12-13,89598.20293626923,37656.39693626922,5
S-C_weinstein,2010-12-14,90173.67593626922,37656.39693626922,5
S-C_weinstein,2010-12-15,90163.50393626923,37656.39693626922,5
S-C_weinstein,2010-12-16,90156.37093626923,37656.39693626922,5
S-C_weinstein,2010-12-17,90084.59693626923,37656.39693626922,5
S-C_weinstein,2010-12-20,89962.56532289422,46689.34332289422,4
S-C_weinstein,2010-12-21,89961.82632289422,46689.34332289422,4
S-C_weinstein,2010-12-22,89689.63932289422,46689.34332289422,4
S-C_weinstein,2010-12-23,89902.11732289422,46689.34332289422,4
S-C_weinstein,2010-12-27,90066.39664936744,37708.65064936743,5
S-C_weinstein,2010-12-28,89661.42564936743,37708.65064936743,5
S-C_weinstein,2010-12-29,89867.85564936744,37708.65064936743,5
S-C_weinstein,2010-12-30,89852.93164936744,37708.65064936743,5
S-C_weinstein,2010-12-31,89446.02564936742,37708.65064936743,5
S-C_weinstein,2011-01-03,90551.59464936743,37708.65064936743,5
S-C_weinstein,2011-01-04,90381.55364936743,37708.65064936743,5
S-C_weinstein,2011-01-05,91063.37364936742,37708.65064936743,5
S-C_weinstein,2011-01-06,91303.60264936744,37708.65064936743,5
S-C_weinstein,2011-01-07,91126.77364936743,37708.65064936743,5
S-C_weinstein,2011-01-10,91744.81864936743,37708.65064936743,5
S-C_weinstein,2011-01-11,91461.64664936744,37708.65064936743,5
S-C_weinstein,2011-01-12,91382.33964936744,37708.65064936743,5
S-C_weinstein,2011-01-13,91885.18964936743,37708.65064936743,5
S-C_weinstein,2011-01-14,91740.33064936743,37708.65064936743,5
S-C_weinstein,2011-01-18,91495.76475576744,28535.192755767428,6
S-C_weinstein,2011-01-19,89948.67175576743,28535.192755767428,6
S-C_weinstein,2011-01-20,88841.77921327637,44800.518213276366,4
S-C_weinstein,2011-01-21,88931.54621327636,44800.518213276366,4
S-C_weinstein,2011-01-24,89279.99121327637,44800.518213276366,4
S-C_weinstein,2011-01-25,89273.74321327636,44800.518213276366,4
S-C_weinstein,2011-01-26,89217.98921327636,44800.518213276366,4
S-C_weinstein,2011-01-27,89497.54221327636,44800.518213276366,4
S-C_weinstein,2011-01-28,88665.13021327637,44800.518213276366,4
S-C_weinstein,2011-01-31,89472.13141847636,35939.67141847637,5
S-C_weinstein,2011-02-01,90218.22041847637,35939.67141847637,5
S-C_weinstein,2011-02-02,90082.88341847637,35939.67141847637,5
S-C_weinstein,2011-02-03,90892.60741847637,35939.67141847637,5
S-C_weinstein,2011-02-04,90636.16241847636,35939.67141847637,5
S-C_weinstein,2011-02-07,91037.84137527637,26882.780375276372,6
S-C_weinstein,2011-02-08,91089.57037527637,26882.780375276372,6
S-C_weinstein,2011-02-09,90933.26437527637,26882.780375276372,6
S-C_weinstein,2011-02-10,91028.60437527638,26882.780375276372,6
S-C_weinstein,2011-02-11,91450.27637527637,26882.780375276372,6
S-C_weinstein,2011-02-14,92593.85337527638,26882.780375276372,6
S-C_weinstein,2011-02-15,93643.31437527637,26882.780375276372,6
S-C_weinstein,2011-02-16,94102.15137527637,26882.780375276372,6
S-C_weinstein,2011-02-17,94196.12037527637,26882.780375276372,6
S-C_weinstein,2011-02-18,93438.73137527637,26882.780375276372,6
S-C_weinstein,2011-02-22,91293.5477145256,36707.962714525594,5
S-C_weinstein,2011-02-23,90297.12771452559,36707.962714525594,5
S-C_weinstein,2011-02-24,90668.3527145256,36707.962714525594,5
S-C_weinstein,2011-02-25,91010.26771452559,36707.962714525594,5
S-C_weinstein,2011-02-28,90560.7277145256,36707.962714525594,5
S-C_weinstein,2011-03-01,90167.5127145256,36707.962714525594,5
S-C_weinstein,2011-03-02,91668.33271452559,36707.962714525594,5
S-C_weinstein,2011-03-03,92374.4477145256,36707.962714525594,5
S-C_weinstein,2011-03-04,92529.43771452559,36707.962714525594,5
S-C_weinstein,2011-03-07,91868.7277145256,36707.962714525594,5
S-C_weinstein,2011-03-08,93240.7677145256,36707.962714525594,5
S-C_weinstein,2011-03-09,93267.7027145256,36707.962714525594,5
S-C_weinstein,2011-03-10,92628.81771452559,36707.962714525594,5
S-C_weinstein,2011-03-11,93062.9677145256,36707.962714525594,5
S-C_weinstein,2011-03-14,92561.0727145256,36707.962714525594,5
S-C_weinstein,2011-03-15,93418.2477145256,36707.962714525594,5
S-C_weinstein,2011-03-16,93189.4477145256,36707.962714525594,5
S-C_weinstein,2011-03-17,93244.20771452559,36707.962714525594,5
S-C_weinstein,2011-03-18,92972.78771452559,36707.962714525594,5
S-C_weinstein,2011-03-21,94239.20286396267,27506.928863962672,6
S-C_weinstein,2011-03-22,94054.88686396267,27506.928863962672,6
S-C_weinstein,2011-03-23,94389.96186396267,27506.928863962672,6
S-C_weinstein,2011-03-24,94328.44586396268,27506.928863962672,6
S-C_weinstein,2011-03-25,94446.46186396269,27506.928863962672,6
S-C_weinstein,2011-03-28,94774.00002158768,18067.031021587674,7
S-C_weinstein,2011-03-29,95445.25502158765,18067.031021587674,7
S-C_weinstein,2011-03-30,95624.93002158767,18067.031021587674,7
S-C_weinstein,2011-03-31,95100.01502158766,18067.031021587674,7
S-C_weinstein,2011-04-01,95206.24402158768,18067.031021587674,7
S-C_weinstein,2011-04-04,95402.83446430032,14.742464300323263,9
S-C_weinstein,2011-04-05,96072.81546430032,14.742464300323263,9
S-C_weinstein,2011-04-06,95841.25046430032,14.742464300323263,9
S-C_weinstein,2011-04-07,95722.5024643003,14.742464300323263,9
S-C_weinstein,2011-04-08,94750.83746430032,14.742464300323263,9
S-C_weinstein,2011-04-11,95150.48171592534,5.359715925323265,10
S-C_weinstein,2011-04-12,95328.20452446403,8521.73552446404,9
S-C_weinstein,2011-04-13,95721.38952446403,8521.73552446404,9
S-C_weinstein,2011-04-14,94844.2260645479,18368.661064547887,7
S-C_weinstein,2011-04-15,96020.65106454788,18368.661064547887,7
S-C_weinstein,2011-04-18,94621.70421979694,8781.999219796955,8
S-C_weinstein,2011-04-19,94280.26421979695,8781.999219796955,8
S-C_weinstein,2011-04-20,94869.37621979695,8781.999219796955,8
S-C_weinstein,2011-04-21,94899.51721979697,8781.999219796955,8
S-C_weinstein,2011-04-25,95030.27713529696,37.67913529695579,9
S-C_weinstein,2011-04-26,94562.25913529696,37.67913529695579,9
S-C_weinstein,2011-04-27,94455.48313529696,37.67913529695579,9
S-C_weinstein,2011-04-28,94935.94213529697,37.67913529695579,9
S-C_weinstein,2011-04-29,95904.54413529695,37.67913529695579,9
S-C_weinstein,2011-05-02,95182.86554961489,6.366549614895707,10
S-C_weinstein,2011-05-03,93594.16920613991,9091.091206139896,9
S-C_weinstein,2011-05-04,92669.0982061399,9091.091206139896,9
S-C_weinstein,2011-05-05,93255.63720613992,9091.091206139896,9
S-C_weinstein,2011-05-06,94243.7292061399,9091.091206139896,9
S-C_weinstein,2011-05-09,94593.43309363989,14.411093639895626,10
S-C_weinstein,2011-05-10,95829.49009363989,14.411093639895626,10
S-C_weinstein,2011-05-11,94565.54509363988,14.411093639895626,10
S-C_weinstein,2011-05-12,93383.6240936399,14.411093639895626,10
S-C_weinstein,2011-05-13,93694.8490936399,14.411093639895626,10
S-C_weinstein,2011-05-16,91670.95170753002,7848.93970753002,9
S-C_weinstein,2011-05-17,92533.77570753003,7848.93970753002,9
S-C_weinstein,2011-05-18,93119.23770753003,7848.93970753002,9
S-C_weinstein,2011-05-19,93173.85970753003,7848.93970753002,9
S-C_weinstein,2011-05-20,93282.02570753003,7848.93970753002,9
S-C_weinstein,2011-05-23,92182.85370753003,7848.93970753002,9
S-C_weinstein,2011-05-24,92624.64370753002,7848.93970753002,9
S-C_weinstein,2011-05-25,94202.56070753004,7848.93970753002,9
S-C_weinstein,2011-05-26,94592.65370753001,7848.93970753002,9
S-C_weinstein,2011-05-27,95381.92370753002,7848.93970753002,9
S-C_weinstein,2011-05-31,96381.94370753001,7848.93970753002,9
S-C_weinstein,2011-06-01,95311.43170753,7848.93970753002,9
S-C_weinstein,2011-06-02,94964.31921335502,16482.966213355023,8
S-C_weinstein,2011-06-03,93833.90521335503,16482.966213355023,8
S-C_weinstein,2011-06-06,92395.26742713503,7118.044427135024,9
S-C_weinstein,2011-06-07,92905.43942713502,7118.044427135024,9
S-C_weinstein,2011-06-08,91539.75413534907,7146.099135349084,8
S-C_weinstein,2011-06-09,91874.1221353491,7146.099135349084,8
S-C_weinstein,2011-06-10,90358.41213534908,7146.099135349084,8
S-C_weinstein,2011-06-13,89865.85913534909,7146.099135349084,8
S-C_weinstein,2011-06-14,91006.30413534907,7146.099135349084,8
S-C_weinstein,2011-06-15,89882.68813534909,7146.099135349084,8
S-C_weinstein,2011-06-16,88976.18113534908,7146.099135349084,8
S-C_weinstein,2011-06-17,88758.55113534909,7146.099135349084,8
S-C_weinstein,2011-06-20,89839.1741353491,7146.099135349084,8
S-C_weinstein,2011-06-21,90991.57013534907,7146.099135349084,8
S-C_weinstein,2011-06-22,90355.49413534907,7146.099135349084,8
S-C_weinstein,2011-06-23,90857.57713534907,7146.099135349084,8
S-C_weinstein,2011-06-24,90267.53713534908,7146.099135349084,8
S-C_weinstein,2011-06-27,90801.20413534908,7146.099135349084,8
S-C_weinstein,2011-06-28,91635.85613534908,7146.099135349084,8
S-C_weinstein,2011-06-29,91832.94713534907,7146.099135349084,8
S-C_weinstein,2011-06-30,92329.39313534909,7146.099135349084,8
S-C_weinstein,2011-07-01,93862.77513534907,7146.099135349084,8
S-C_weinstein,2011-07-05,93704.5379250491,5.054925049083977,9
S-C_weinstein,2011-07-06,94163.15292504909,5.054925049083977,9
S-C_weinstein,2011-07-07,94720.09592504909,5.054925049083977,9
S-C_weinstein,2011-07-08,94717.6709250491,5.054925049083977,9
S-C_weinstein,2011-07-11,93011.31292504907,5.054925049083977,9
S-C_weinstein,2011-07-12,93295.72187934909,9162.633879349083,8
S-C_weinstein,2011-07-13,94057.38787934909,9162.633879349083,8
S-C_weinstein,2011-07-14,95041.48087934908,9162.633879349083,8
S-C_weinstein,2011-07-15,94331.11587934909,9162.633879349083,8
S-C_weinstein,2011-07-18,94444.39187934909,9162.633879349083,8
S-C_weinstein,2011-07-19,95768.22176316942,17620.369763169427,7
S-C_weinstein,2011-07-20,92902.25276316941,17620.369763169427,7
S-C_weinstein,2011-07-21,92410.61676316943,17620.369763169427,7
S-C_weinstein,2011-07-22,92466.37776316942,17620.369763169427,7
S-C_weinstein,2011-07-25,91565.75187189586,0.06187189586489694,9
S-C_weinstein,2011-07-26,91088.55187189588,0.06187189586489694,9
S-C_weinstein,2011-07-27,88784.30787189587,0.06187189586489694,9
S-C_weinstein,2011-07-28,88674.00887189587,0.06187189586489694,9
S-C_weinstein,2011-07-29,87801.1285399241,8250.924539924103,8
S-C_weinstein,2011-08-01,87882.52553992411,8250.924539924103,8
S-C_weinstein,2011-08-02,86523.95753992411,8250.924539924103,8
S-C_weinstein,2011-08-03,87765.6505399241,8250.924539924103,8
S-C_weinstein,2011-08-04,83017.59383837701,23914.054838377015,6
S-C_weinstein,2011-08-05,82531.99984217703,36001.151842177016,5
S-C_weinstein,2011-08-08,80971.30994170468,47006.78794170468,4
S-C_weinstein,2011-08-09,81262.73795714327,55596.01795714327,3
S-C_weinstein,2011-08-10,80864.95795714327,55596.01795714327,3
S-C_weinstein,2011-08-11,81194.20795714327,55596.01795714327,3
S-C_weinstein,2011-08-12,81258.55795714326,55596.01795714327,3
S-C_weinstein,2011-08-15,81460.65795714327,55596.01795714327,3
S-C_weinstein,2011-08-16,81685.83795714326,55596.01795714327,3
S-C_weinstein,2011-08-17,81646.02795714326,55596.01795714327,3
S-C_weinstein,2011-08-18,81319.44795714327,55596.01795714327,3
S-C_weinstein,2011-08-19,81254.57795714326,55596.01795714327,3
S-C_weinstein,2011-08-22,81246.15795714327,55596.01795714327,3
S-C_weinstein,2011-08-23,81353.13795714326,55596.01795714327,3
S-C_weinstein,2011-08-24,81540.27795714326,55596.01795714327,3
S-C_weinstein,2011-08-25,81160.54795714327,55596.01795714327,3
S-C_weinstein,2011-08-26,81272.73795714327,55596.01795714327,3
S-C_weinstein,2011-08-29,81500.50795714327,55596.01795714327,3
S-C_weinstein,2011-08-30,81700.81795714327,55596.01795714327,3
S-C_weinstein,2011-08-31,81655.83795714326,55596.01795714327,3
S-C_weinstein,2011-09-01,81515.63795714328,55596.01795714327,3
S-C_weinstein,2011-09-02,81198.37795714327,55596.01795714327,3
S-C_weinstein,2011-09-06,81313.03795714327,55596.01795714327,3
S-C_weinstein,2011-09-07,81584.28795714327,55596.01795714327,3
S-C_weinstein,2011-09-08,81594.71795714326,55596.01795714327,3
S-C_weinstein,2011-09-09,81460.79795714327,55596.01795714327,3
S-C_weinstein,2011-09-12,81468.72795714327,55596.01795714327,3
S-C_weinstein,2011-09-13,81301.83795714326,55596.01795714327,3
S-C_weinstein,2011-09-14,81521.66795714326,55596.01795714327,3
S-C_weinstein,2011-09-15,81824.90795714327,55596.01795714327,3
S-C_weinstein,2011-09-16,81796.26795714327,55596.01795714327,3
S-C_weinstein,2011-09-19,81356.63598446827,64876.375984468265,2
S-C_weinstein,2011-09-20,81287.69598446827,64876.375984468265,2
S-C_weinstein,2011-09-21,80933.37598446826,64876.375984468265,2
S-C_weinstein,2011-09-22,80371.91398328186,73279.55398328186,1
S-C_weinstein,2011-09-23,80395.67398328186,73279.55398328186,1
S-C_weinstein,2011-09-26,80383.79398328187,73279.55398328186,1
S-C_weinstein,2011-09-27,80383.79398328187,73279.55398328186,1
S-C_weinstein,2011-09-28,80371.91398328186,73279.55398328186,1
S-C_weinstein,2011-09-29,80371.91398328186,73279.55398328186,1
S-C_weinstein,2011-09-30,80383.79398328187,73279.55398328186,1
S-C_weinstein,2011-10-03,80371.91398328186,73279.55398328186,1
S-C_weinstein,2011-10-04,80383.79398328187,73279.55398328186,1
S-C_weinstein,2011-10-05,80371.91398328186,73279.55398328186,1
S-C_weinstein,2011-10-06,80383.79398328187,73279.55398328186,1
S-C_weinstein,2011-10-07,80395.67398328186,73279.55398328186,1
S-C_weinstein,2011-10-10,80383.79398328187,73279.55398328186,1
S-C_weinstein,2011-10-11,80395.67398328186,73279.55398328186,1
S-C_weinstein,2011-10-12,80383.79398328187,73279.55398328186,1
S-C_weinstein,2011-10-13,80395.67398328186,73279.55398328186,1
S-C_weinstein,2011-10-14,80383.79398328187,73279.55398328186,1
S-C_weinstein,2011-10-17,80383.79398328187,73279.55398328186,1
S-C_weinstein,2011-10-18,80383.79398328187,73279.55398328186,1
S-C_weinstein,2011-10-19,80383.79398328187,73279.55398328186,1
S-C_weinstein,2011-10-20,80395.67398328186,73279.55398328186,1
S-C_weinstein,2011-10-21,80383.79398328187,73279.55398328186,1
S-C_weinstein,2011-10-24,80395.67398328186,73279.55398328186,1
S-C_weinstein,2011-10-25,80407.55398328186,73279.55398328186,1
S-C_weinstein,2011-10-26,80395.67398328186,73279.55398328186,1
S-C_weinstein,2011-10-27,80395.67398328186,73279.55398328186,1
S-C_weinstein,2011-10-28,80370.78535358186,80370.78535358186,0
S-C_weinstein,2011-10-31,80298.94728854185,72369.76728854186,1
S-C_weinstein,2011-11-01,80298.94728854185,72369.76728854186,1
S-C_weinstein,2011-11-02,80312.17728854186,72369.76728854186,1
S-C_weinstein,2011-11-03,80304.82728854186,72369.76728854186,1
S-C_weinstein,2011-11-04,80306.29728854186,72369.76728854186,1
S-C_weinstein,2011-11-07,80650.84169734185,56349.371697341856,3
S-C_weinstein,2011-11-08,80667.42669734186,56349.371697341856,3
S-C_weinstein,2011-11-09,80042.25169734185,56349.371697341856,3
S-C_weinstein,2011-11-10,79974.07969734186,56349.371697341856,3
S-C_weinstein,2011-11-11,80367.51669734185,56349.371697341856,3
S-C_weinstein,2011-11-14,80317.58169734186,56349.371697341856,3
S-C_weinstein,2011-11-15,80805.41969734186,56349.371697341856,3
S-C_weinstein,2011-11-16,80858.74869734186,56349.371697341856,3
S-C_weinstein,2011-11-17,80648.84669734185,56349.371697341856,3
S-C_weinstein,2011-11-18,80796.95669734186,56349.371697341856,3
S-C_weinstein,2011-11-21,80776.97969734186,56349.371697341856,3
S-C_weinstein,2011-11-22,81036.65669734185,56349.371697341856,3
S-C_weinstein,2011-11-23,80585.46669734185,56349.371697341856,3
S-C_weinstein,2011-11-25,80380.50369734186,56349.371697341856,3
S-C_weinstein,2011-11-28,80937.13669734186,56349.371697341856,3
S-C_weinstein,2011-11-29,80934.50969734185,56349.371697341856,3
S-C_weinstein,2011-11-30,81575.58369734185,56349.371697341856,3
S-C_weinstein,2011-12-01,81582.83669734186,56349.371697341856,3
S-C_weinstein,2011-12-02,81886.75369734186,56349.371697341856,3
S-C_weinstein,2011-12-05,82157.26969734185,56349.371697341856,3
S-C_weinstein,2011-12-06,82170.01869734186,56349.371697341856,3
S-C_weinstein,2011-12-07,82362.74169734186,56349.371697341856,3
S-C_weinstein,2011-12-08,82118.72169734185,56349.371697341856,3
S-C_weinstein,2011-12-09,82482.55469734185,56349.371697341856,3
S-C_weinstein,2011-12-12,82158.74369734185,56349.371697341856,3
S-C_weinstein,2011-12-13,81849.99969734185,56349.371697341856,3
S-C_weinstein,2011-12-14,81589.54369734185,56349.371697341856,3
S-C_weinstein,2011-12-15,83982.90169734186,56349.371697341856,3
S-C_weinstein,2011-12-16,83968.44969734186,56349.371697341856,3
S-C_weinstein,2011-12-19,83899.30169734186,56349.371697341856,3
S-C_weinstein,2011-12-20,84296.37469734185,56349.371697341856,3
S-C_weinstein,2011-12-21,83965.13669734186,56349.371697341856,3
S-C_weinstein,2011-12-22,84101.44969734186,56349.371697341856,3
S-C_weinstein,2011-12-23,84035.46169734186,56349.371697341856,3
S-C_weinstein,2011-12-27,84280.12843106149,47970.33843106148,4
S-C_weinstein,2011-12-28,83979.73543106148,47970.33843106148,4
S-C_weinstein,2011-12-29,84244.10343106148,47970.33843106148,4
S-C_weinstein,2011-12-30,84126.09143106148,47970.33843106148,4
S-C_weinstein,2012-01-03,84187.06043106149,47970.33843106148,4
S-C_weinstein,2012-01-04,84073.52843106148,47970.33843106148,4
S-C_weinstein,2012-01-05,84300.70343106147,47970.33843106148,4
S-C_weinstein,2012-01-06,84694.74343106148,47970.33843106148,4
S-C_weinstein,2012-01-09,85413.35843106147,47970.33843106148,4
S-C_weinstein,2012-01-10,85730.80843106148,47970.33843106148,4
S-C_weinstein,2012-01-11,85956.61343106147,47970.33843106148,4
S-C_weinstein,2012-01-12,85918.32043106148,47970.33843106148,4
S-C_weinstein,2012-01-13,85976.94843106148,47970.33843106148,4
S-C_weinstein,2012-01-17,85660.49343106148,47970.33843106148,4
S-C_weinstein,2012-01-18,85721.45343106147,47970.33843106148,4
S-C_weinstein,2012-01-19,85340.99343106148,47970.33843106148,4
S-C_weinstein,2012-01-20,85153.16343106149,47970.33843106148,4
S-C_weinstein,2012-01-23,85019.91543106148,47970.33843106148,4
S-C_weinstein,2012-01-24,85434.02143106147,47970.33843106148,4
S-C_weinstein,2012-01-25,85870.76843106147,47970.33843106148,4
S-C_weinstein,2012-01-26,85785.59043106149,47970.33843106148,4
S-C_weinstein,2012-01-27,85948.33643106147,47970.33843106148,4
S-C_weinstein,2012-01-30,86129.94251588147,39398.03951588148,5
S-C_weinstein,2012-01-31,86507.42022838148,47454.76222838148,4
S-C_weinstein,2012-02-01,88692.69022838149,47454.76222838148,4
S-C_weinstein,2012-02-02,89160.46722838149,47454.76222838148,4
S-C_weinstein,2012-02-03,89974.95922838149,47454.76222838148,4
S-C_weinstein,2012-02-06,90345.25022838148,47454.76222838148,4
S-C_weinstein,2012-02-07,89463.95122838148,47454.76222838148,4
S-C_weinstein,2012-02-08,88807.12222838149,47454.76222838148,4
S-C_weinstein,2012-02-09,88724.48522838147,47454.76222838148,4
S-C_weinstein,2012-02-10,88526.90822838148,47454.76222838148,4
S-C_weinstein,2012-02-13,89252.04522838148,47454.76222838148,4
S-C_weinstein,2012-02-14,88924.23722838148,47454.76222838148,4
S-C_weinstein,2012-02-15,88606.69222838148,47454.76222838148,4
S-C_weinstein,2012-02-16,88587.3172283815,47454.76222838148,4
S-C_weinstein,2012-02-17,88128.53022838148,47454.76222838148,4
S-C_weinstein,2012-02-21,87448.88148138148,38645.21448138148,5
S-C_weinstein,2012-02-22,87704.00448138147,38645.21448138148,5
S-C_weinstein,2012-02-23,88010.02748138149,38645.21448138148,5
S-C_weinstein,2012-02-24,87966.77148138148,38645.21448138148,5
S-C_weinstein,2012-02-27,88317.85448138148,38645.21448138148,5
S-C_weinstein,2012-02-28,88015.99148138148,38645.21448138148,5
S-C_weinstein,2012-02-29,87732.97648138148,38645.21448138148,5
S-C_weinstein,2012-03-01,88031.98448138149,38645.21448138148,5
S-C_weinstein,2012-03-02,87796.52748138148,38645.21448138148,5
S-C_weinstein,2012-03-05,87878.64948138148,38645.21448138148,5
S-C_weinstein,2012-03-06,87356.50248138148,38645.21448138148,5
S-C_weinstein,2012-03-07,87719.91748138148,38645.21448138148,5
S-C_weinstein,2012-03-08,89623.13748138148,38645.21448138148,5
S-C_weinstein,2012-03-09,89962.24448138148,38645.21448138148,5
S-C_weinstein,2012-03-12,89716.99748138148,38645.21448138148,5
S-C_weinstein,2012-03-13,89512.74248138149,38645.21448138148,5
S-C_weinstein,2012-03-14,89254.98748138148,38645.21448138148,5
S-C_weinstein,2012-03-15,89340.54448138148,38645.21448138148,5
S-C_weinstein,2012-03-16,89349.17248138148,38645.21448138148,5
S-C_weinstein,2012-03-19,89685.34248138148,38645.21448138148,5
S-C_weinstein,2012-03-20,89399.04648138149,38645.21448138148,5
S-C_weinstein,2012-03-21,89559.40448138148,38645.21448138148,5
S-C_weinstein,2012-03-22,89792.28248138148,38645.21448138148,5
S-C_weinstein,2012-03-23,89724.16748138148,38645.21448138148,5
S-C_weinstein,2012-03-26,90596.47948138148,38645.21448138148,5
S-C_weinstein,2012-03-27,90049.70448138149,38645.21448138148,5
S-C_weinstein,2012-03-28,89999.33948138148,38645.21448138148,5
S-C_weinstein,2012-03-29,90014.61448138149,38645.21448138148,5
S-C_weinstein,2012-03-30,89921.77668643148,49517.07668643148,4
S-C_weinstein,2012-04-02,90410.34097555149,40548.28597555148,5
S-C_weinstein,2012-04-03,91249.57297555148,40548.28597555148,5
S-C_weinstein,2012-04-04,90509.44897555148,40548.28597555148,5
S-C_weinstein,2012-04-05,90507.21397555148,40548.28597555148,5
S-C_weinstein,2012-04-09,89859.71897555148,40548.28597555148,5
S-C_weinstein,2012-04-10,88608.49297555147,40548.28597555148,5
S-C_weinstein,2012-04-11,89051.63597555147,40548.28597555148,5
S-C_weinstein,2012-04-12,89324.86597555148,40548.28597555148,5
S-C_weinstein,2012-04-13,88656.59697555148,40548.28597555148,5
S-C_weinstein,2012-04-16,88359.24762158914,48240.24062158914,4
S-C_weinstein,2012-04-17,88796.58762158913,48240.24062158914,4
S-C_weinstein,2012-04-18,88852.70062158915,48240.24062158914,4
S-C_weinstein,2012-04-19,88689.71262158913,48240.24062158914,4
S-C_weinstein,2012-04-20,88814.64562158914,48240.24062158914,4
S-C_weinstein,2012-04-23,88557.82062158914,48240.24062158914,4
S-C_weinstein,2012-04-24,88605.49043408914,57134.02543408914,3
S-C_weinstein,2012-04-25,89263.19043408913,57134.02543408914,3
S-C_weinstein,2012-04-26,89451.76243408915,57134.02543408914,3
S-C_weinstein,2012-04-27,89907.49543408914,57134.02543408914,3
S-C_weinstein,2012-04-30,89574.08943568915,48207.50943568914,4
S-C_weinstein,2012-05-01,89727.68243568914,48207.50943568914,4
S-C_weinstein,2012-05-02,89976.65143568914,48207.50943568914,4
S-C_weinstein,2012-05-03,89204.09943568913,48207.50943568914,4
S-C_weinstein,2012-05-04,88648.22959595293,56255.23759595293,3
S-C_weinstein,2012-05-07,88701.77759595292,56255.23759595293,3
S-C_weinstein,2012-05-08,88820.26259595293,56255.23759595293,3
S-C_weinstein,2012-05-09,88230.32259595292,56255.23759595293,3
S-C_weinstein,2012-05-10,88791.05559595293,56255.23759595293,3
S-C_weinstein,2012-05-11,90103.27059595293,56255.23759595293,3
S-C_weinstein,2012-05-14,90985.41098260222,47248.299982602206,4
S-C_weinstein,2012-05-15,90706.5239826022,47248.299982602206,4
S-C_weinstein,2012-05-16,91234.2471593522,55868.74415935221,3
S-C_weinstein,2012-05-17,89983.2801593522,55868.74415935221,3
S-C_weinstein,2012-05-18,89891.1901593522,55868.74415935221,3
S-C_weinstein,2012-05-21,90719.15115935222,55868.74415935221,3
S-C_weinstein,2012-05-22,90388.34115935222,55868.74415935221,3
S-C_weinstein,2012-05-23,90893.7891593522,55868.74415935221,3
S-C_weinstein,2012-05-24,91177.24615935222,55868.74415935221,3
S-C_weinstein,2012-05-25,90917.1671593522,55868.74415935221,3
S-C_weinstein,2012-05-29,90929.5526039172,37729.50260391721,5
S-C_weinstein,2012-05-30,90301.94960391721,37729.50260391721,5
S-C_weinstein,2012-05-31,90446.94260391721,37729.50260391721,5
S-C_weinstein,2012-06-01,89492.0546039172,37729.50260391721,5
S-C_weinstein,2012-06-04,89284.0926039172,37729.50260391721,5
S-C_weinstein,2012-06-05,89709.0466039172,37729.50260391721,5
S-C_weinstein,2012-06-06,90898.78160391722,37729.50260391721,5
S-C_weinstein,2012-06-07,90692.1776039172,37729.50260391721,5
S-C_weinstein,2012-06-08,91399.4086039172,37729.50260391721,5
S-C_weinstein,2012-06-11,90548.30560391722,37729.50260391721,5
S-C_weinstein,2012-06-12,91436.8806039172,37729.50260391721,5
S-C_weinstein,2012-06-13,91057.9986039172,37729.50260391721,5
S-C_weinstein,2012-06-14,91300.8316039172,37729.50260391721,5
S-C_weinstein,2012-06-15,91568.5146039172,37729.50260391721,5
S-C_weinstein,2012-06-18,92321.9266039172,37729.50260391721,5
S-C_weinstein,2012-06-19,92505.86360391721,37729.50260391721,5
S-C_weinstein,2012-06-20,92320.55560391722,37729.50260391721,5
S-C_weinstein,2012-06-21,91990.81160391722,37729.50260391721,5
S-C_weinstein,2012-06-22,92563.43060391721,37729.50260391721,5
S-C_weinstein,2012-06-25,92040.3893773672,28474.58037736721,6
S-C_weinstein,2012-06-26,92629.80837736721,28474.58037736721,6
S-C_weinstein,2012-06-27,93401.69537736721,28474.58037736721,6
S-C_weinstein,2012-06-28,93022.73437736722,28474.58037736721,6
S-C_weinstein,2012-06-29,95158.25837736721,28474.58037736721,6
S-C_weinstein,2012-07-02,97118.6803253801,9.352325380084949,9
S-C_weinstein,2012-07-03,97281.03532538007,9.352325380084949,9
S-C_weinstein,2012-07-05,97875.43032538009,9.352325380084949,9
S-C_weinstein,2012-07-06,97500.56432538007,9.352325380084949,9
S-C_weinstein,2012-07-09,97570.11932538009,9.352325380084949,9
S-C_weinstein,2012-07-10,96416.08732538008,9.352325380084949,9
S-C_weinstein,2012-07-11,95677.84832538007,9.352325380084949,9
S-C_weinstein,2012-07-12,96255.08632538008,9.352325380084949,9
S-C_weinstein,2012-07-13,96869.06132538007,9.352325380084949,9
S-C_weinstein,2012-07-16,97393.36732538007,9.352325380084949,9
S-C_weinstein,2012-07-17,97804.00032538007,9.352325380084949,9
S-C_weinstein,2012-07-18,98374.17032538008,9.352325380084949,9
S-C_weinstein,2012-07-19,98230.96632538008,9.352325380084949,9
S-C_weinstein,2012-07-20,97458.60732538007,9.352325380084949,9
S-C_weinstein,2012-07-23,96201.06432538007,9.352325380084949,9
S-C_weinstein,2012-07-24,96132.99832538009,9.352325380084949,9
S-C_weinstein,2012-07-25,96328.6663253801,9.352325380084949,9
S-C_weinstein,2012-07-26,97901.45632538009,9.352325380084949,9
S-C_weinstein,2012-07-27,99399.85432538007,9.352325380084949,9
S-C_weinstein,2012-07-30,98714.25732538008,9.352325380084949,9
S-C_weinstein,2012-07-31,97835.42432538008,9.352325380084949,9
S-C_weinstein,2012-08-01,96515.04832538008,9.352325380084949,9
S-C_weinstein,2012-08-02,96128.24086603009,8161.001866030086,8
S-C_weinstein,2012-08-03,96974.01486603009,8161.001866030086,8
S-C_weinstein,2012-08-06,97454.06474803008,26.757748030086987,9
S-C_weinstein,2012-08-07,97494.71174803007,26.757748030086987,9
S-C_weinstein,2012-08-08,97445.4197480301,26.757748030086987,9
S-C_weinstein,2012-08-09,97872.90174803008,26.757748030086987,9
S-C_weinstein,2012-08-10,98435.82474803009,26.757748030086987,9
S-C_weinstein,2012-08-13,97518.05774803009,26.757748030086987,9
S-C_weinstein,2012-08-14,98110.50774803007,26.757748030086987,9
S-C_weinstein,2012-08-15,98681.21574803008,26.757748030086987,9
S-C_weinstein,2012-08-16,99502.50474803007,26.757748030086987,9
S-C_weinstein,2012-08-17,99389.15474803008,26.757748030086987,9
S-C_weinstein,2012-08-20,99031.64874803009,26.757748030086987,9
S-C_weinstein,2012-08-21,99130.20474803008,26.757748030086987,9
S-C_weinstein,2012-08-22,98882.16574803008,26.757748030086987,9
S-C_weinstein,2012-08-23,98484.00574803007,26.757748030086987,9
S-C_weinstein,2012-08-24,99154.70074803008,26.757748030086987,9
S-C_weinstein,2012-08-27,99014.57474803008,26.757748030086987,9
S-C_weinstein,2012-08-28,99300.08374803008,26.757748030086987,9
S-C_weinstein,2012-08-29,100021.25274803009,26.757748030086987,9
S-C_weinstein,2012-08-30,99360.99674803007,26.757748030086987,9
S-C_weinstein,2012-08-31,100881.29174803008,26.757748030086987,9
S-C_weinstein,2012-09-04,102510.97735583356,4.8193558335632645,10
S-C_weinstein,2012-09-05,102058.27335583357,4.8193558335632645,10
S-C_weinstein,2012-09-06,103438.14535583355,4.8193558335632645,10
S-C_weinstein,2012-09-07,102223.04935583357,4.8193558335632645,10
S-C_weinstein,2012-09-10,101374.03235583355,4.8193558335632645,10
S-C_weinstein,2012-09-11,101291.19735583356,4.8193558335632645,10
S-C_weinstein,2012-09-12,101073.90935583357,4.8193558335632645,10
S-C_weinstein,2012-09-13,101856.59035583356,4.8193558335632645,10
S-C_weinstein,2012-09-14,101136.46335583356,4.8193558335632645,10
S-C_weinstein,2012-09-17,102528.47535583357,4.8193558335632645,10
S-C_weinstein,2012-09-18,102309.41735583355,4.8193558335632645,10
S-C_weinstein,2012-09-19,102435.52535583355,4.8193558335632645,10
S-C_weinstein,2012-09-20,102727.66435583356,4.8193558335632645,10
S-C_weinstein,2012-09-21,102799.64035583357,4.8193558335632645,10
S-C_weinstein,2012-09-24,103251.88535583355,4.8193558335632645,10
S-C_weinstein,2012-09-25,103324.14535583356,4.8193558335632645,10
S-C_weinstein,2012-09-26,102956.27035583355,4.8193558335632645,10
S-C_weinstein,2012-09-27,104932.74735583356,4.8193558335632645,10
S-C_weinstein,2012-09-28,104573.37235583356,4.8193558335632645,10
S-C_weinstein,2012-10-01,105193.15335583358,4.8193558335632645,10
S-C_weinstein,2012-10-02,105850.39135583356,4.8193558335632645,10
S-C_weinstein,2012-10-03,106121.49835583357,4.8193558335632645,10
S-C_weinstein,2012-10-04,106421.36235583358,4.8193558335632645,10
S-C_weinstein,2012-10-05,106666.03435583357,4.8193558335632645,10
S-C_weinstein,2012-10-08,105495.01235583356,4.8193558335632645,10
S-C_weinstein,2012-10-09,103454.81735583355,4.8193558335632645,10
S-C_weinstein,2012-10-10,102692.34935583356,4.8193558335632645,10
S-C_weinstein,2012-10-11,102267.39535583356,4.8193558335632645,10
S-C_weinstein,2012-10-12,101902.02035583355,4.8193558335632645,10
S-C_weinstein,2012-10-15,101935.66235583357,4.8193558335632645,10
S-C_weinstein,2012-10-16,101431.52635583357,4.8193558335632645,10
S-C_weinstein,2012-10-17,101823.36735583356,4.8193558335632645,10
S-C_weinstein,2012-10-18,100380.95335583357,4.8193558335632645,10
S-C_weinstein,2012-10-19,99808.45635583355,4.8193558335632645,10
S-C_weinstein,2012-10-22,99754.67135583356,4.8193558335632645,10
S-C_weinstein,2012-10-23,99821.11035583356,4.8193558335632645,10
S-C_weinstein,2012-10-24,99878.28135583355,4.8193558335632645,10
S-C_weinstein,2012-10-25,100929.17235583355,4.8193558335632645,10
S-C_weinstein,2012-10-26,100415.01735583357,4.8193558335632645,10
S-C_weinstein,2012-10-31,100772.66235583357,4.8193558335632645,10
S-C_weinstein,2012-11-01,101258.32435583355,4.8193558335632645,10
S-C_weinstein,2012-11-02,98978.39835583356,4.8193558335632645,10
S-C_weinstein,2012-11-05,99457.41235583356,4.8193558335632645,10
S-C_weinstein,2012-11-06,99149.98635583358,4.8193558335632645,10
S-C_weinstein,2012-11-07,97432.80688706851,8145.210887068507,9
S-C_weinstein,2012-11-08,96157.63288706851,8145.210887068507,9
S-C_weinstein,2012-11-09,97275.6328870685,8145.210887068507,9
S-C_weinstein,2012-11-12,98191.9856745085,36.45767450850872,10
S-C_weinstein,2012-11-13,97799.18167450852,36.45767450850872,10
S-C_weinstein,2012-11-14,95996.5816745085,36.45767450850872,10
S-C_weinstein,2012-11-15,95220.5526745085,36.45767450850872,10
S-C_weinstein,2012-11-16,96732.5626745085,36.45767450850872,10
S-C_weinstein,2012-11-19,97663.8096745085,36.45767450850872,10
S-C_weinstein,2012-11-20,99448.7556745085,36.45767450850872,10
S-C_weinstein,2012-11-21,98750.2116745085,36.45767450850872,10
S-C_weinstein,2012-11-23,99382.92567450849,36.45767450850872,10
S-C_weinstein,2012-11-26,99193.3676745085,36.45767450850872,10
S-C_weinstein,2012-11-27,98258.7296745085,36.45767450850872,10
S-C_weinstein,2012-11-28,99549.5206745085,36.45767450850872,10
S-C_weinstein,2012-11-29,101450.9896745085,36.45767450850872,10
S-C_weinstein,2012-11-30,101126.3356745085,36.45767450850872,10
S-C_weinstein,2012-12-03,101299.6006420085,9390.626642008508,9
S-C_weinstein,2012-12-04,101116.17264200849,9390.626642008508,9
S-C_weinstein,2012-12-05,101356.10164200852,9390.626642008508,9
S-C_weinstein,2012-12-06,101617.8186420085,9390.626642008508,9
S-C_weinstein,2012-12-07,101733.3016420085,9390.626642008508,9
S-C_weinstein,2012-12-10,102864.6240153785,5.254015378508484,10
S-C_weinstein,2012-12-11,103838.46501537852,5.254015378508484,10
S-C_weinstein,2012-12-12,103440.09901537851,5.254015378508484,10
S-C_weinstein,2012-12-13,102914.35601537851,5.254015378508484,10
S-C_weinstein,2012-12-14,102730.62601537853,5.254015378508484,10
S-C_weinstein,2012-12-17,103096.15201537851,5.254015378508484,10
S-C_weinstein,2012-12-18,103720.67501537851,5.254015378508484,10
S-C_weinstein,2012-12-19,103212.6310153785,5.254015378508484,10
S-C_weinstein,2012-12-20,104070.05501537852,5.254015378508484,10
S-C_weinstein,2012-12-21,102840.16701537851,5.254015378508484,10
S-C_weinstein,2012-12-24,101818.60601537851,5.254015378508484,10
S-C_weinstein,2012-12-26,101164.2150153785,5.254015378508484,10
S-C_weinstein,2012-12-27,101384.1200153785,5.254015378508484,10
S-C_weinstein,2012-12-28,100860.87201537851,5.254015378508484,10
S-C_weinstein,2012-12-31,102706.32801537852,5.254015378508484,10
S-C_weinstein,2013-01-02,105405.93401537852,5.254015378508484,10
S-C_weinstein,2013-01-03,106490.39001537849,5.254015378508484,10
S-C_weinstein,2013-01-04,106585.2490153785,5.254015378508484,10
S-C_weinstein,2013-01-07,106470.29101537852,5.254015378508484,10
S-C_weinstein,2013-01-08,106613.6190153785,5.254015378508484,10
S-C_weinstein,2013-01-09,107073.1210153785,5.254015378508484,10
S-C_weinstein,2013-01-10,106839.1600153785,5.254015378508484,10
S-C_weinstein,2013-01-11,106840.2680153785,5.254015378508484,10
S-C_weinstein,2013-01-14,107099.41101537849,5.254015378508484,10
S-C_weinstein,2013-01-15,108134.11901537851,5.254015378508484,10
S-C_weinstein,2013-01-16,108637.2260153785,5.254015378508484,10
S-C_weinstein,2013-01-17,109630.4880153785,5.254015378508484,10
S-C_weinstein,2013-01-18,110625.52401537851,5.254015378508484,10
S-C_weinstein,2013-01-22,111860.01801537852,5.254015378508484,10
S-C_weinstein,2013-01-23,111370.40901537851,5.254015378508484,10
S-C_weinstein,2013-01-24,111523.2460153785,5.254015378508484,10
S-C_weinstein,2013-01-25,112376.4170153785,5.254015378508484,10
S-C_weinstein,2013-01-28,111934.3650153785,5.254015378508484,10
S-C_weinstein,2013-01-29,110881.60601537851,5.254015378508484,10
S-C_weinstein,2013-01-30,110035.61001537851,5.254015378508484,10
S-C_weinstein,2013-01-31,108100.27901537852,5.254015378508484,10
S-C_weinstein,2013-02-01,109552.22401537851,5.254015378508484,10
S-C_weinstein,2013-02-04,108016.27601537849,5.254015378508484,10
S-C_weinstein,2013-02-05,108872.99801537851,5.254015378508484,10
S-C_weinstein,2013-02-06,109289.66701537851,5.254015378508484,10
S-C_weinstein,2013-02-07,109101.1430153785,5.254015378508484,10
S-C_weinstein,2013-02-08,108898.87930092851,27.396300928508484,9
S-C_weinstein,2013-02-11,108162.03830092851,27.396300928508484,9
S-C_weinstein,2013-02-12,107559.1483009285,27.396300928508484,9
S-C_weinstein,2013-02-13,107730.21752605352,9753.310526053509,8
S-C_weinstein,2013-02-14,111302.49752605351,9753.310526053509,8
S-C_weinstein,2013-02-15,110488.5215260535,9753.310526053509,8
S-C_weinstein,2013-02-19,111085.28452605351,9753.310526053509,8
S-C_weinstein,2013-02-20,109824.49452605352,9753.310526053509,8
S-C_weinstein,2013-02-21,108928.68052605352,9753.310526053509,8
S-C_weinstein,2013-02-22,110357.3385260535,9753.310526053509,8
S-C_weinstein,2013-02-25,108436.0895260535,9753.310526053509,8
S-C_weinstein,2013-02-26,109099.67952605351,9753.310526053509,8
S-C_weinstein,2013-02-27,110237.28052605351,9753.310526053509,8
S-C_weinstein,2013-02-28,110211.50952605352,9753.310526053509,8
S-C_weinstein,2013-03-01,109812.75652605349,9753.310526053509,8
S-C_weinstein,2013-03-04,110217.51703855353,19324.71703855351,7
S-C_weinstein,2013-03-05,110467.55103855352,19324.71703855351,7
S-C_weinstein,2013-03-06,110033.49203855351,19324.71703855351,7
S-C_weinstein,2013-03-07,111188.17203855353,19324.71703855351,7
S-C_weinstein,2013-03-08,111869.51803855352,19324.71703855351,7
S-C_weinstein,2013-03-11,111609.37498379011,26824.1479837901,7
S-C_weinstein,2013-03-12,111506.78698379011,26824.1479837901,7
S-C_weinstein,2013-03-13,112049.2689837901,26824.1479837901,7
S-C_weinstein,2013-03-14,112841.45998379009,26824.1479837901,7
S-C_weinstein,2013-03-15,112881.78998379009,26824.1479837901,7
S-C_weinstein,2013-03-18,113298.77498379009,26824.1479837901,7
S-C_weinstein,2013-03-19,113454.8639837901,26824.1479837901,7
S-C_weinstein,2013-03-20,113980.43398379009,26824.1479837901,7
S-C_weinstein,2013-03-21,113236.1309837901,26824.1479837901,7
S-C_weinstein,2013-03-22,113644.3529837901,26824.1479837901,7
S-C_weinstein,2013-03-25,114211.0079837901,26824.1479837901,7
S-C_weinstein,2013-03-26,114747.0049837901,26824.1479837901,7
S-C_weinstein,2013-03-27,114487.4849837901,26824.1479837901,7
S-C_weinstein,2013-03-28,114894.6839837901,26824.1479837901,7
S-C_weinstein,2013-04-01,114226.80498379009,26824.1479837901,7
S-C_weinstein,2013-04-02,115000.60098379011,26824.1479837901,7
S-C_weinstein,2013-04-03,113829.5849837901,26824.1479837901,7
S-C_weinstein,2013-04-04,114132.1319837901,26824.1479837901,7
S-C_weinstein,2013-04-05,113945.3039837901,26824.1479837901,7
S-C_weinstein,2013-04-08,114500.46228158701,15437.795281587025,8
S-C_weinstein,2013-04-09,114107.70528158703,15437.795281587025,8
S-C_weinstein,2013-04-10,115416.04528158702,15437.795281587025,8
S-C_weinstein,2013-04-11,115333.62428158702,15437.795281587025,8
S-C_weinstein,2013-04-12,115782.32628158703,15437.795281587025,8
S-C_weinstein,2013-04-15,113594.71867447176,19.640674471766943,10
S-C_weinstein,2013-04-16,115195.64367447178,19.640674471766943,10
S-C_weinstein,2013-04-17,114002.46167447176,19.640674471766943,10
S-C_weinstein,2013-04-18,113562.30267447178,19.640674471766943,10
S-C_weinstein,2013-04-19,113259.59367447176,19.640674471766943,10
S-C_weinstein,2013-04-22,112453.60967447177,19.640674471766943,10
S-C_weinstein,2013-04-23,113928.81167447178,19.640674471766943,10
S-C_weinstein,2013-04-24,114411.63667447177,19.640674471766943,10
S-C_weinstein,2013-04-25,114619.31867447177,19.640674471766943,10
S-C_weinstein,2013-04-26,113981.66267447177,19.640674471766943,10
S-C_weinstein,2013-04-29,115031.02467447177,19.640674471766943,10
S-C_weinstein,2013-04-30,115956.97967447176,19.640674471766943,10
S-C_weinstein,2013-05-01,114242.03967447176,19.640674471766943,10
S-C_weinstein,2013-05-02,116054.32967447177,19.640674471766943,10
S-C_weinstein,2013-05-03,116878.48767447179,19.640674471766943,10
S-C_weinstein,2013-05-06,117526.00967447176,19.640674471766943,10
S-C_weinstein,2013-05-07,117181.88367447178,19.640674471766943,10
S-C_weinstein,2013-05-08,118498.56267447179,19.640674471766943,10
S-C_weinstein,2013-05-09,118257.61367447177,19.640674471766943,10
S-C_weinstein,2013-05-10,118824.01967447177,19.640674471766943,10
S-C_weinstein,2013-05-13,118176.74067447179,19.640674471766943,10
S-C_weinstein,2013-05-14,119426.52767447178,19.640674471766943,10
S-C_weinstein,2013-05-15,118987.60267447177,19.640674471766943,10
S-C_weinstein,2013-05-16,118088.69867447177,19.640674471766943,10
S-C_weinstein,2013-05-17,119098.65967447175,19.640674471766943,10
S-C_weinstein,2013-05-20,119816.62367447178,19.640674471766943,10
S-C_weinstein,2013-05-21,120816.46267447177,19.640674471766943,10
S-C_weinstein,2013-05-22,119453.33667447176,19.640674471766943,10
S-C_weinstein,2013-05-23,120276.71267447177,19.640674471766943,10
S-C_weinstein,2013-05-24,120632.24867447176,19.640674471766943,10
S-C_weinstein,2013-05-28,121731.83667447178,19.640674471766943,10
S-C_weinstein,2013-05-29,121385.71867447176,19.640674471766943,10
S-C_weinstein,2013-05-30,122953.08267447176,19.640674471766943,10
S-C_weinstein,2013-05-31,121244.89967447176,19.640674471766943,10
S-C_weinstein,2013-06-03,121651.03167447177,19.640674471766943,10
S-C_weinstein,2013-06-04,120212.68238509676,10218.096385096767,9
S-C_weinstein,2013-06-05,118362.38438509675,10218.096385096767,9
S-C_weinstein,2013-06-06,119879.03138509677,10218.096385096767,9
S-C_weinstein,2013-06-07,120672.70938509678,10218.096385096767,9
S-C_weinstein,2013-06-10,122150.62838509676,10218.096385096767,9
S-C_weinstein,2013-06-11,120644.46038509675,10218.096385096767,9
S-C_weinstein,2013-06-12,117936.00738509676,10218.096385096767,9
S-C_weinstein,2013-06-13,119177.33138509675,10218.096385096767,9
S-C_weinstein,2013-06-14,118686.97238509679,10218.096385096767,9
S-C_weinstein,2013-06-17,119231.30052010299,13.072520102981798,10
S-C_weinstein,2013-06-18,119644.42652010299,13.072520102981798,10
S-C_weinstein,2013-06-19,117796.737520103,13.072520102981798,10
S-C_weinstein,2013-06-20,114833.91852010298,13.072520102981798,10
S-C_weinstein,2013-06-21,115349.74452010299,13.072520102981798,10
S-C_weinstein,2013-06-24,114589.96952010298,13.072520102981798,10
S-C_weinstein,2013-06-25,115542.39552010299,13.072520102981798,10
S-C_weinstein,2013-06-26,116135.459520103,13.072520102981798,10
S-C_weinstein,2013-06-27,116581.166520103,13.072520102981798,10
S-C_weinstein,2013-06-28,116347.004520103,13.072520102981798,10
S-C_weinstein,2013-07-01,118419.48152010299,13.072520102981798,10
S-C_weinstein,2013-07-02,117793.12552010297,13.072520102981798,10
S-C_weinstein,2013-07-03,117633.360520103,13.072520102981798,10
S-C_weinstein,2013-07-05,118714.22452010299,13.072520102981798,10
S-C_weinstein,2013-07-08,118697.80152010298,13.072520102981798,10
S-C_weinstein,2013-07-09,119477.02952010297,13.072520102981798,10
S-C_weinstein,2013-07-10,119439.71352010299,13.072520102981798,10
S-C_weinstein,2013-07-11,120744.29752010299,13.072520102981798,10
S-C_weinstein,2013-07-12,122145.227520103,13.072520102981798,10
S-C_weinstein,2013-07-15,122946.688520103,13.072520102981798,10
S-C_weinstein,2013-07-16,121585.64652010298,13.072520102981798,10
S-C_weinstein,2013-07-17,121034.06052010298,13.072520102981798,10
S-C_weinstein,2013-07-18,121094.139520103,13.072520102981798,10
S-C_weinstein,2013-07-19,121436.317520103,13.072520102981798,10
S-C_weinstein,2013-07-22,121457.75201575297,10139.790015752982,9
S-C_weinstein,2013-07-23,120254.69801575298,10139.790015752982,9
S-C_weinstein,2013-07-24,119332.98601575298,10139.790015752982,9
S-C_weinstein,2013-07-25,119667.97101575298,10139.790015752982,9
S-C_weinstein,2013-07-26,119414.15801575295,10139.790015752982,9
S-C_weinstein,2013-07-29,119163.214015753,10139.790015752982,9
S-C_weinstein,2013-07-30,119772.63001575296,10139.790015752982,9
S-C_weinstein,2013-07-31,120484.56401575299,10139.790015752982,9
S-C_weinstein,2013-08-01,121081.680015753,10139.790015752982,9
S-C_weinstein,2013-08-02,120835.49301575297,10139.790015752982,9
S-C_weinstein,2013-08-05,121573.71101575297,10139.790015752982,9
S-C_weinstein,2013-08-06,120580.59901575299,10139.790015752982,9
S-C_weinstein,2013-08-07,119197.13801575298,10139.790015752982,9
S-C_weinstein,2013-08-08,120034.87201575299,10139.790015752982,9
S-C_weinstein,2013-08-09,120375.24797500297,22061.646975002983,8
S-C_weinstein,2013-08-12,119965.41682200298,10038.482822002985,9
S-C_weinstein,2013-08-13,119803.654822003,10038.482822002985,9
S-C_weinstein,2013-08-14,119589.20282200299,10038.482822002985,9
S-C_weinstein,2013-08-15,118183.04882200298,10038.482822002985,9
S-C_weinstein,2013-08-16,118543.91882200299,10038.482822002985,9
S-C_weinstein,2013-08-19,117685.52782200297,10038.482822002985,9
S-C_weinstein,2013-08-20,119687.68382200299,10038.482822002985,9
S-C_weinstein,2013-08-21,119213.507822003,10038.482822002985,9
S-C_weinstein,2013-08-22,121010.57382200299,10038.482822002985,9
S-C_weinstein,2013-08-23,121170.15682200299,10038.482822002985,9
S-C_weinstein,2013-08-26,120294.89082200298,10038.482822002985,9
S-C_weinstein,2013-08-27,117718.89082200298,10038.482822002985,9
S-C_weinstein,2013-08-28,117789.879822003,10038.482822002985,9
S-C_weinstein,2013-08-29,118445.525822003,10038.482822002985,9
S-C_weinstein,2013-08-30,117780.457822003,10038.482822002985,9
S-C_weinstein,2013-09-03,118783.45082200298,10038.482822002985,9
S-C_weinstein,2013-09-04,119417.84382200298,10038.482822002985,9
S-C_weinstein,2013-09-05,120556.539822003,10038.482822002985,9
S-C_weinstein,2013-09-06,120863.31582200299,10038.482822002985,9
S-C_weinstein,2013-09-09,122731.78282200299,10038.482822002985,9
S-C_weinstein,2013-09-10,123308.21382200299,10038.482822002985,9
S-C_weinstein,2013-09-11,122866.17182200297,10038.482822002985,9
S-C_weinstein,2013-09-12,122165.13382200299,10038.482822002985,9
S-C_weinstein,2013-09-13,122699.08082200299,10038.482822002985,9
S-C_weinstein,2013-09-16,123221.46602688149,40.9610268814904,10
S-C_weinstein,2013-09-17,123961.7170268815,40.9610268814904,10
S-C_weinstein,2013-09-18,125059.0330268815,40.9610268814904,10
S-C_weinstein,2013-09-19,124430.99502688147,40.9610268814904,10
S-C_weinstein,2013-09-20,123184.6560268815,40.9610268814904,10
S-C_weinstein,2013-09-23,122367.59638614558,9184.216386145601,9
S-C_weinstein,2013-09-24,122369.03538614561,9184.216386145601,9
S-C_weinstein,2013-09-25,122860.34138614564,9184.216386145601,9
S-C_weinstein,2013-09-26,123140.3243861456,9184.216386145601,9
S-C_weinstein,2013-09-27,122519.8983861456,9184.216386145601,9
S-C_weinstein,2013-09-30,122154.8063861456,9184.216386145601,9
S-C_weinstein,2013-10-01,124828.19738614562,9184.216386145601,9
S-C_weinstein,2013-10-02,125112.4553861456,9184.216386145601,9
S-C_weinstein,2013-10-03,124341.1903861456,9184.216386145601,9
S-C_weinstein,2013-10-04,125757.0403861456,9184.216386145601,9
S-C_weinstein,2013-10-07,124520.1663861456,9184.216386145601,9
S-C_weinstein,2013-10-08,121960.0063861456,9184.216386145601,9
S-C_weinstein,2013-10-09,121135.5513861456,9184.216386145601,9
S-C_weinstein,2013-10-10,123197.14264803147,18155.02864803146,8
S-C_weinstein,2013-10-11,124660.68664803143,18155.02864803146,8
S-C_weinstein,2013-10-14,125654.16257803692,57.56257803691642,10
S-C_weinstein,2013-10-15,124284.89857803691,57.56257803691642,10
S-C_weinstein,2013-10-16,126298.9935780369,57.56257803691642,10
S-C_weinstein,2013-10-17,126645.3365780369,57.56257803691642,10
S-C_weinstein,2013-10-18,128192.53957803691,57.56257803691642,10
S-C_weinstein,2013-10-21,129582.00957803692,57.56257803691642,10
S-C_weinstein,2013-10-22,130310.85757803693,57.56257803691642,10
S-C_weinstein,2013-10-23,130037.7415780369,57.56257803691642,10
S-C_weinstein,2013-10-24,130988.6785780369,57.56257803691642,10
S-C_weinstein,2013-10-25,130201.97557803692,57.56257803691642,10
S-C_weinstein,2013-10-28,131170.3985780369,57.56257803691642,10
S-C_weinstein,2013-10-29,131713.27957803692,57.56257803691642,10
S-C_weinstein,2013-10-30,129668.47557803693,57.56257803691642,10
S-C_weinstein,2013-10-31,128663.14571480792,11234.104714807909,9
S-C_weinstein,2013-11-01,131456.3577148079,11234.104714807909,9
S-C_weinstein,2013-11-04,132845.61271480788,11234.104714807909,9
S-C_weinstein,2013-11-05,132690.68771480792,11234.104714807909,9
S-C_weinstein,2013-11-06,128852.98758480791,20748.710584807908,8
S-C_weinstein,2013-11-07,127249.7345848079,20748.710584807908,8
S-C_weinstein,2013-11-08,129402.82158480791,20748.710584807908,8
S-C_weinstein,2013-11-11,130128.68223658792,7814.661236587908,9
S-C_weinstein,2013-11-12,130215.0152365879,7814.661236587908,9
S-C_weinstein,2013-11-13,133296.07923658792,7814.661236587908,9
S-C_weinstein,2013-11-14,133041.80223658792,7814.661236587908,9
S-C_weinstein,2013-11-15,134203.8102365879,7814.661236587908,9
S-C_weinstein,2013-11-18,132648.57786379074,7002.313863790721,9
S-C_weinstein,2013-11-19,131451.05386379073,7002.313863790721,9
S-C_weinstein,2013-11-20,131812.2448637907,7002.313863790721,9
S-C_weinstein,2013-11-21,133602.8068637907,7002.313863790721,9
S-C_weinstein,2013-11-22,133760.27486379072,7002.313863790721,9
S-C_weinstein,2013-11-25,132721.10086379072,7002.313863790721,9
S-C_weinstein,2013-11-26,133472.3858637907,7002.313863790721,9
S-C_weinstein,2013-11-27,134930.49386379073,7002.313863790721,9
S-C_weinstein,2013-11-29,134421.03086379071,7002.313863790721,9
S-C_weinstein,2013-12-02,134143.6478637907,7002.313863790721,9
S-C_weinstein,2013-12-03,133980.35386379072,7002.313863790721,9
S-C_weinstein,2013-12-04,134314.63386379072,7002.313863790721,9
S-C_weinstein,2013-12-05,133161.13886379072,7002.313863790721,9
S-C_weinstein,2013-12-06,133370.91386379072,7002.313863790721,9
S-C_weinstein,2013-12-09,133042.2568637907,7002.313863790721,9
S-C_weinstein,2013-12-10,132754.08986379072,7002.313863790721,9
S-C_weinstein,2013-12-11,131019.72186379069,7002.313863790721,9
S-C_weinstein,2013-12-12,131161.96386379073,7002.313863790721,9
S-C_weinstein,2013-12-13,131789.9078637907,7002.313863790721,9
S-C_weinstein,2013-12-16,132879.6498637907,7002.313863790721,9
S-C_weinstein,2013-12-17,132120.9638637907,7002.313863790721,9
S-C_weinstein,2013-12-18,132874.2238637907,7002.313863790721,9
S-C_weinstein,2013-12-19,132739.5418637907,7002.313863790721,9
S-C_weinstein,2013-12-20,133324.69086379072,7002.313863790721,9
S-C_weinstein,2013-12-23,133772.5078637907,7002.313863790721,9
S-C_weinstein,2013-12-24,133668.37486379073,7002.313863790721,9
S-C_weinstein,2013-12-26,134360.8768637907,7002.313863790721,9
S-C_weinstein,2013-12-27,134155.3738637907,7002.313863790721,9
S-C_weinstein,2013-12-30,135216.42486379071,7002.313863790721,9
S-C_weinstein,2013-12-31,135541.8708637907,7002.313863790721,9
S-C_weinstein,2014-01-02,135271.3368637907,7002.313863790721,9
S-C_weinstein,2014-01-03,135483.03586379072,7002.313863790721,9
S-C_weinstein,2014-01-06,132766.3078637907,7002.313863790721,9
S-C_weinstein,2014-01-07,134382.26586379073,7002.313863790721,9
S-C_weinstein,2014-01-08,137922.3358637907,7002.313863790721,9
S-C_weinstein,2014-01-09,138349.40486379073,7002.313863790721,9
S-C_weinstein,2014-01-10,139492.6758637907,7002.313863790721,9
S-C_weinstein,2014-01-13,137839.28886379072,7002.313863790721,9
S-C_weinstein,2014-01-14,139650.96986379073,7002.313863790721,9
S-C_weinstein,2014-01-15,140177.7728637907,7002.313863790721,9
S-C_weinstein,2014-01-16,140491.3168637907,7002.313863790721,9
S-C_weinstein,2014-01-17,140302.1238637907,7002.313863790721,9
S-C_weinstein,2014-01-21,140715.3567919899,10.66079198990974,10
S-C_weinstein,2014-01-22,141129.84379198993,10.66079198990974,10
S-C_weinstein,2014-01-23,139322.1447919899,10.66079198990974,10
S-C_weinstein,2014-01-24,136318.5287919899,10.66079198990974,10
S-C_weinstein,2014-01-27,134981.3427919899,10.66079198990974,10
S-C_weinstein,2014-01-28,136899.73579198995,10.66079198990974,10
S-C_weinstein,2014-01-29,135902.1437919899,10.66079198990974,10
S-C_weinstein,2014-01-30,137478.7597919899,10.66079198990974,10
S-C_weinstein,2014-01-31,136642.19279198992,10.66079198990974,10
S-C_weinstein,2014-02-03,133535.03379198993,10.66079198990974,10
S-C_weinstein,2014-02-04,135067.70479198993,10.66079198990974,10
S-C_weinstein,2014-02-05,133462.6797919899,10.66079198990974,10
S-C_weinstein,2014-02-06,135070.0417919899,10.66079198990974,10
S-C_weinstein,2014-02-07,137124.1837919899,10.66079198990974,10
S-C_weinstein,2014-02-10,137794.40479198992,10.66079198990974,10
S-C_weinstein,2014-02-11,139024.63679198993,10.66079198990974,10
S-C_weinstein,2014-02-12,140347.9847919899,10.66079198990974,10
S-C_weinstein,2014-02-13,141482.62279198994,10.66079198990974,10
S-C_weinstein,2014-02-14,141447.8027919899,10.66079198990974,10
S-C_weinstein,2014-02-18,143564.8617919899,10.66079198990974,10
S-C_weinstein,2014-02-19,142611.4357919899,10.66079198990974,10
S-C_weinstein,2014-02-20,144476.8277919899,10.66079198990974,10
S-C_weinstein,2014-02-21,144433.0617919899,10.66079198990974,10
S-C_weinstein,2014-02-24,144635.1637919899,10.66079198990974,10
S-C_weinstein,2014-02-25,145898.0847919899,10.66079198990974,10
S-C_weinstein,2014-02-26,146006.96079198993,10.66079198990974,10
S-C_weinstein,2014-02-27,146887.0817919899,10.66079198990974,10
S-C_weinstein,2014-02-28,147710.6337919899,10.66079198990974,10
S-C_weinstein,2014-03-03,146759.2587919899,10.66079198990974,10
S-C_weinstein,2014-03-04,149290.1207919899,10.66079198990974,10
S-C_weinstein,2014-03-05,148508.95579198992,10.66079198990974,10
S-C_weinstein,2014-03-06,148212.88679198993,10.66079198990974,10
S-C_weinstein,2014-03-07,147461.5467919899,10.66079198990974,10
S-C_weinstein,2014-03-10,146371.27979198992,10.66079198990974,10
S-C_weinstein,2014-03-11,143885.85479198993,10.66079198990974,10
S-C_weinstein,2014-03-12,144687.73479198993,10.66079198990974,10
S-C_weinstein,2014-03-13,142697.39379198992,10.66079198990974,10
S-C_weinstein,2014-03-14,143471.8347919899,10.66079198990974,10
S-C_weinstein,2014-03-17,144588.1477919899,10.66079198990974,10
S-C_weinstein,2014-03-18,146096.4377919899,10.66079198990974,10
S-C_weinstein,2014-03-19,148168.02879198993,10.66079198990974,10
S-C_weinstein,2014-03-20,149420.63579198992,10.66079198990974,10
S-C_weinstein,2014-03-21,149144.78879198988,10.66079198990974,10
S-C_weinstein,2014-03-24,148005.0367919899,10.66079198990974,10
S-C_weinstein,2014-03-25,146858.50779198992,10.66079198990974,10
S-C_weinstein,2014-03-26,144499.98079198995,10.66079198990974,10
S-C_weinstein,2014-03-27,144451.69479198992,10.66079198990974,10
S-C_weinstein,2014-03-28,144281.4597919899,10.66079198990974,10
S-C_weinstein,2014-03-31,147198.9757919899,10.66079198990974,10
S-C_weinstein,2014-04-01,148572.68779198985,10.66079198990974,10
S-C_weinstein,2014-04-02,148789.04279198992,10.66079198990974,10
S-C_weinstein,2014-04-03,146774.0637919899,10.66079198990974,10
S-C_weinstein,2014-04-04,145323.23779198993,10.66079198990974,10
S-C_weinstein,2014-04-07,142220.2467919899,10.66079198990974,10
S-C_weinstein,2014-04-08,144396.8217919899,10.66079198990974,10
S-C_weinstein,2014-04-09,145728.33879198993,10.66079198990974,10
S-C_weinstein,2014-04-10,142999.50879198988,10.66079198990974,10
S-C_weinstein,2014-04-11,139849.70679198988,10.66079198990974,10
S-C_weinstein,2014-04-14,140513.62372046988,9879.37372046991,9
S-C_weinstein,2014-04-15,139445.38572046993,9879.37372046991,9
S-C_weinstein,2014-04-16,141116.8877204699,9879.37372046991,9
S-C_weinstein,2014-04-17,140979.7057204699,9879.37372046991,9
S-C_weinstein,2014-04-21,142539.94572046993,9879.37372046991,9
S-C_weinstein,2014-04-22,143787.99572046992,9879.37372046991,9
S-C_weinstein,2014-04-23,142210.1927204699,9879.37372046991,9
S-C_weinstein,2014-04-24,141572.63372046992,9879.37372046991,9
S-C_weinstein,2014-04-25,140466.6307204699,9879.37372046991,9
S-C_weinstein,2014-04-28,139377.5792076545,24.601207654513928,10
S-C_weinstein,2014-04-29,139596.7592076545,24.601207654513928,10
S-C_weinstein,2014-04-30,140201.75520765453,24.601207654513928,10
S-C_weinstein,2014-05-01,140654.94120765448,24.601207654513928,10
S-C_weinstein,2014-05-02,141679.94220765453,24.601207654513928,10
S-C_weinstein,2014-05-05,142426.3662076545,24.601207654513928,10
S-C_weinstein,2014-05-06,141063.61920765453,24.601207654513928,10
S-C_weinstein,2014-05-07,139246.2902076545,24.601207654513928,10
S-C_weinstein,2014-05-08,138040.78620765454,24.601207654513928,10
S-C_weinstein,2014-05-09,138179.43920765453,24.601207654513928,10
S-C_weinstein,2014-05-12,140376.03820765452,24.601207654513928,10
S-C_weinstein,2014-05-13,139288.34920765454,24.601207654513928,10
S-C_weinstein,2014-05-14,137656.19820765452,24.601207654513928,10
S-C_weinstein,2014-05-15,136942.32120765452,24.601207654513928,10
S-C_weinstein,2014-05-16,137406.7787807454,6288.816780745393,9
S-C_weinstein,2014-05-19,137421.07678074538,6288.816780745393,9
S-C_weinstein,2014-05-20,135918.0207807454,6288.816780745393,9
S-C_weinstein,2014-05-21,137768.8467807454,6288.816780745393,9
S-C_weinstein,2014-05-22,138637.9157807454,6288.816780745393,9
S-C_weinstein,2014-05-23,138594.12578074538,6288.816780745393,9
S-C_weinstein,2014-05-27,140362.57478074537,6288.816780745393,9
S-C_weinstein,2014-05-28,140498.56278074541,6288.816780745393,9
S-C_weinstein,2014-05-29,142106.8877807454,6288.816780745393,9
S-C_weinstein,2014-05-30,141597.19078074538,6288.816780745393,9
S-C_weinstein,2014-06-02,141512.9907683454,5.927768345392906,10
S-C_weinstein,2014-06-03,141706.0267683454,5.927768345392906,10
S-C_weinstein,2014-06-04,143535.51976834537,5.927768345392906,10
S-C_weinstein,2014-06-05,143640.0397683454,5.927768345392906,10
S-C_weinstein,2014-06-06,143686.0287683454,5.927768345392906,10
S-C_weinstein,2014-06-09,143486.81376834543,5.927768345392906,10
S-C_weinstein,2014-06-10,143337.7407683454,5.927768345392906,10
S-C_weinstein,2014-06-11,143906.4937683454,5.927768345392906,10
S-C_weinstein,2014-06-12,143308.9117683454,5.927768345392906,10
S-C_weinstein,2014-06-13,143626.1187683454,5.927768345392906,10
S-C_weinstein,2014-06-16,144695.5827683454,5.927768345392906,10
S-C_weinstein,2014-06-17,145892.9537683454,5.927768345392906,10
S-C_weinstein,2014-06-18,146979.50976834542,5.927768345392906,10
S-C_weinstein,2014-06-19,146338.7977683454,5.927768345392906,10
S-C_weinstein,2014-06-20,146977.5867683454,5.927768345392906,10
S-C_weinstein,2014-06-23,147583.742731726,27.13373172599222,10
S-C_weinstein,2014-06-24,146229.197731726,27.13373172599222,10
S-C_weinstein,2014-06-25,147469.252731726,27.13373172599222,10
S-C_weinstein,2014-06-26,147627.231731726,27.13373172599222,10
S-C_weinstein,2014-06-27,147684.75873172603,27.13373172599222,10
S-C_weinstein,2014-06-30,148063.13416146985,837.2481614698372,10
S-C_weinstein,2014-07-01,149081.67416146983,837.2481614698372,10
S-C_weinstein,2014-07-02,149238.72216146984,837.2481614698372,10
S-C_weinstein,2014-07-03,150001.48016146987,837.2481614698372,10
S-C_weinstein,2014-07-07,147791.14916146986,837.2481614698372,10
S-C_weinstein,2014-07-08,145664.35816146983,837.2481614698372,10
S-C_weinstein,2014-07-09,146852.93016146985,837.2481614698372,10
S-C_weinstein,2014-07-10,145763.18416146984,837.2481614698372,10
S-C_weinstein,2014-07-11,145674.23416146985,837.2481614698372,10
S-C_weinstein,2014-07-14,144479.09483150474,16856.42083150472,9
S-C_weinstein,2014-07-15,142801.36483150473,16856.42083150472,9
S-C_weinstein,2014-07-16,142360.69683150473,16856.42083150472,9
S-C_weinstein,2014-07-17,141248.20683150468,16856.42083150472,9
S-C_weinstein,2014-07-18,143659.56683150472,16856.42083150472,9
S-C_weinstein,2014-07-21,142822.97283150474,16856.42083150472,9
S-C_weinstein,2014-07-22,143899.92283150472,16856.42083150472,9
S-C_weinstein,2014-07-23,143343.1398315047,16856.42083150472,9
S-C_weinstein,2014-07-24,142657.5868315047,16856.42083150472,9
S-C_weinstein,2014-07-25,142773.04183150473,16856.42083150472,9
S-C_weinstein,2014-07-28,143038.06277350473,2770.290773504723,10
S-C_weinstein,2014-07-29,144752.94377350472,2770.290773504723,10
S-C_weinstein,2014-07-30,144308.21977350474,2770.290773504723,10
S-C_weinstein,2014-07-31,141132.5317735047,2770.290773504723,10
S-C_weinstein,2014-08-01,140779.44477350474,2770.290773504723,10
S-C_weinstein,2014-08-04,141889.33677350474,2770.290773504723,10
S-C_weinstein,2014-08-05,142313.73477350475,2770.290773504723,10
S-C_weinstein,2014-08-06,142709.59777350473,2770.290773504723,10
S-C_weinstein,2014-08-07,142466.48377350473,2770.290773504723,10
S-C_weinstein,2014-08-08,144776.95977350473,2770.290773504723,10
S-C_weinstein,2014-08-11,144809.9075488734,29332.856548873424,8
S-C_weinstein,2014-08-12,144815.89654887342,29332.856548873424,8
S-C_weinstein,2014-08-13,146153.34754887343,29332.856548873424,8
S-C_weinstein,2014-08-14,146354.1565488734,29332.856548873424,8
S-C_weinstein,2014-08-15,147220.5675488734,29332.856548873424,8
S-C_weinstein,2014-08-18,148963.37354887344,29332.856548873424,8
S-C_weinstein,2014-08-19,149013.45154887345,29332.856548873424,8
S-C_weinstein,2014-08-20,148061.6235488734,29332.856548873424,8
S-C_weinstein,2014-08-21,146994.14454887342,29332.856548873424,8
S-C_weinstein,2014-08-22,147268.4795488734,29332.856548873424,8
S-C_weinstein,2014-08-25,147662.84338262342,14637.259382623428,9
S-C_weinstein,2014-08-26,149421.6353826234,14637.259382623428,9
S-C_weinstein,2014-08-27,148387.22138262342,14637.259382623428,9
S-C_weinstein,2014-08-28,147314.9183826234,14637.259382623428,9
S-C_weinstein,2014-08-29,147744.22938262345,14637.259382623428,9
S-C_weinstein,2014-09-02,149959.38938262343,14637.259382623428,9
S-C_weinstein,2014-09-03,150395.6983826234,14637.259382623428,9
S-C_weinstein,2014-09-04,149702.32638262343,14637.259382623428,9
S-C_weinstein,2014-09-05,150259.59838262343,14637.259382623428,9
S-C_weinstein,2014-09-08,150101.96038262342,14637.259382623428,9
S-C_weinstein,2014-09-09,148873.05438262346,14637.259382623428,9
S-C_weinstein,2014-09-10,150984.43838262343,14637.259382623428,9
S-C_weinstein,2014-09-11,152244.84438262344,14637.259382623428,9
S-C_weinstein,2014-09-12,151830.60338262343,14637.259382623428,9
S-C_weinstein,2014-09-15,150998.69438262342,14637.259382623428,9
S-C_weinstein,2014-09-16,151944.08038262342,14637.259382623428,9
S-C_weinstein,2014-09-17,152303.21538262343,14637.259382623428,9
S-C_weinstein,2014-09-18,153119.5103826234,14637.259382623428,9
S-C_weinstein,2014-09-19,152557.53938262345,14637.259382623428,9
S-C_weinstein,2014-09-22,149854.02538262343,14637.259382623428,9
S-C_weinstein,2014-09-23,148063.21538262343,14637.259382623428,9
S-C_weinstein,2014-09-24,150303.67238262342,14637.259382623428,9
S-C_weinstein,2014-09-25,148226.08238262346,14637.259382623428,9
S-C_weinstein,2014-09-26,148056.7793826234,14637.259382623428,9
S-C_weinstein,2014-09-29,147586.43886865635,4867.372868656361,9
S-C_weinstein,2014-09-30,145985.66786865637,4867.372868656361,9
S-C_weinstein,2014-10-01,143426.08786865635,4867.372868656361,9
S-C_weinstein,2014-10-02,145185.73286865634,4867.372868656361,9
S-C_weinstein,2014-10-03,146121.69686865638,4867.372868656361,9
S-C_weinstein,2014-10-06,144543.53586865636,4867.372868656361,9
S-C_weinstein,2014-10-07,142026.80386865637,4867.372868656361,9
S-C_weinstein,2014-10-08,144195.72134925175,18135.261349251752,8
S-C_weinstein,2014-10-09,140689.50834925173,18135.261349251752,8
S-C_weinstein,2014-10-10,138328.08130256966,23764.45530256965,7
S-C_weinstein,2014-10-13,136465.58330256963,23764.45530256965,7
S-C_weinstein,2014-10-14,136422.70230256964,23764.45530256965,7
S-C_weinstein,2014-10-15,137436.52230256965,23764.45530256965,7
S-C_weinstein,2014-10-16,137929.31130256964,23764.45530256965,7
S-C_weinstein,2014-10-17,138551.87630256964,23764.45530256965,7
S-C_weinstein,2014-10-20,139277.13639032963,40339.01639032965,6
S-C_weinstein,2014-10-21,140763.32339032966,40339.01639032965,6
S-C_weinstein,2014-10-22,141085.73639032964,40339.01639032965,6
S-C_weinstein,2014-10-23,142595.20839032967,40339.01639032965,6
S-C_weinstein,2014-10-24,143006.01839032964,40339.01639032965,6
S-C_weinstein,2014-10-27,143180.28839032963,40339.01639032965,6
S-C_weinstein,2014-10-28,145530.84839032963,40339.01639032965,6
S-C_weinstein,2014-10-29,144658.87939032965,40339.01639032965,6
S-C_weinstein,2014-10-30,145274.75639032965,40339.01639032965,6
S-C_weinstein,2014-10-31,146792.35939032963,40339.01639032965,6
S-C_weinstein,2014-11-03,146875.40890566513,10993.359905665133,8
S-C_weinstein,2014-11-04,145798.12890566513,10993.359905665133,8
S-C_weinstein,2014-11-05,146139.92890566512,10993.359905665133,8
S-C_weinstein,2014-11-06,146710.54590566515,10993.359905665133,8
S-C_weinstein,2014-11-07,147253.41290566514,10993.359905665133,8
S-C_weinstein,2014-11-10,148402.1460576613,2.472057661309009,9
S-C_weinstein,2014-11-11,148291.4490576613,2.472057661309009,9
S-C_weinstein,2014-11-12,148938.6470576613,2.472057661309009,9
S-C_weinstein,2014-11-13,148183.0180576613,2.472057661309009,9
S-C_weinstein,2014-11-14,145763.1130576613,2.472057661309009,9
S-C_weinstein,2014-11-17,145353.57905766132,2.472057661309009,9
S-C_weinstein,2014-11-18,146346.01205766128,2.472057661309009,9
S-C_weinstein,2014-11-19,145863.3000576613,2.472057661309009,9
S-C_weinstein,2014-11-20,146677.1540576613,2.472057661309009,9
S-C_weinstein,2014-11-21,146207.8000576613,2.472057661309009,9
S-C_weinstein,2014-11-24,147764.8130576613,2.472057661309009,9
S-C_weinstein,2014-11-25,148277.4820576613,2.472057661309009,9
S-C_weinstein,2014-11-26,148988.2980576613,2.472057661309009,9
S-C_weinstein,2014-11-28,148810.0380576613,2.472057661309009,9
S-C_weinstein,2014-12-01,146426.3470576613,2.472057661309009,9
S-C_weinstein,2014-12-02,149151.1640576613,2.472057661309009,9
S-C_weinstein,2014-12-03,147110.8020576613,2.472057661309009,9
S-C_weinstein,2014-12-04,147245.74105766133,2.472057661309009,9
S-C_weinstein,2014-12-05,147920.98205766128,2.472057661309009,9
S-C_weinstein,2014-12-08,145029.45411579052,13170.83311579051,8
S-C_weinstein,2014-12-09,145636.5391157905,13170.83311579051,8
S-C_weinstein,2014-12-10,144235.47611579052,13170.83311579051,8
S-C_weinstein,2014-12-11,145300.52511579051,13170.83311579051,8
S-C_weinstein,2014-12-12,143229.61911579053,13170.83311579051,8
S-C_weinstein,2014-12-15,142490.1781157905,13170.83311579051,8
S-C_weinstein,2014-12-16,141503.00011579052,13170.83311579051,8
S-C_weinstein,2014-12-17,144495.6871157905,13170.83311579051,8
S-C_weinstein,2014-12-18,146721.1821157905,13170.83311579051,8
S-C_weinstein,2014-12-19,146425.8911157905,13170.83311579051,8
S-C_weinstein,2014-12-22,147335.00491767653,17.333917676536657,9
S-C_weinstein,2014-12-23,146935.92591767653,17.333917676536657,9
S-C_weinstein,2014-12-24,147685.80091767653,17.333917676536657,9
S-C_weinstein,2014-12-26,148420.50091767655,17.333917676536657,9
S-C_weinstein,2014-12-29,147635.66291767656,17.333917676536657,9
S-C_weinstein,2014-12-30,147095.96891767654,17.333917676536657,9
S-C_weinstein,2014-12-31,146005.51591767653,17.333917676536657,9
S-C_weinstein,2015-01-02,144875.34891767654,17.333917676536657,9
S-C_weinstein,2015-01-05,146247.07591767653,17.333917676536657,9
S-C_weinstein,2015-01-06,145639.0787938265,13161.170793826515,8
S-C_weinstein,2015-01-07,147947.28979382652,13161.170793826515,8
S-C_weinstein,2015-01-08,150936.59979382652,13161.170793826515,8
S-C_weinstein,2015-01-09,150206.62679382652,13161.170793826515,8
S-C_weinstein,2015-01-12,149168.01227311653,34.24627311651784,9
S-C_weinstein,2015-01-13,149371.18527311654,34.24627311651784,9
S-C_weinstein,2015-01-14,149695.8430043665,14974.310004366516,8
S-C_weinstein,2015-01-15,148113.9050043665,14974.310004366516,8
S-C_weinstein,2015-01-16,151690.7640043665,14974.310004366516,8
S-C_weinstein,2015-01-20,151975.4457364915,24.982736491516334,9
S-C_weinstein,2015-01-21,149538.9727364915,24.982736491516334,9
S-C_weinstein,2015-01-22,151974.5207364915,24.982736491516334,9
S-C_weinstein,2015-01-23,152729.66173649151,24.982736491516334,9
S-C_weinstein,2015-01-26,153453.70510515865,33.9661051586354,9
S-C_weinstein,2015-01-27,154181.51310515864,33.9661051586354,9
S-C_weinstein,2015-01-28,153717.45710515865,33.9661051586354,9
S-C_weinstein,2015-01-29,154941.35410515865,33.9661051586354,9
S-C_weinstein,2015-01-30,152113.84410515864,33.9661051586354,9
S-C_weinstein,2015-02-02,152823.13410515865,33.9661051586354,9
S-C_weinstein,2015-02-03,155063.68310515865,33.9661051586354,9
S-C_weinstein,2015-02-04,153689.87010515865,33.9661051586354,9
S-C_weinstein,2015-02-05,157222.05910515867,33.9661051586354,9
S-C_weinstein,2015-02-06,156970.96710515863,33.9661051586354,9
S-C_weinstein,2015-02-09,155677.8875716058,4.833571605805993,10
S-C_weinstein,2015-02-10,157364.5505716058,4.833571605805993,10
S-C_weinstein,2015-02-11,156433.91304839405,30.935048394073277,9
S-C_weinstein,2015-02-12,157617.62004839408,30.935048394073277,9
S-C_weinstein,2015-02-13,158014.1260483941,30.935048394073277,9
S-C_weinstein,2015-02-17,158735.21804839408,30.935048394073277,9
S-C_weinstein,2015-02-18,159444.11404839408,30.935048394073277,9
S-C_weinstein,2015-02-19,159550.47504839406,30.935048394073277,9
S-C_weinstein,2015-02-20,160061.73904839408,30.935048394073277,9
S-C_weinstein,2015-02-23,160249.22204839406,30.935048394073277,9
S-C_weinstein,2015-02-24,159799.30204839408,30.935048394073277,9
S-C_weinstein,2015-02-25,159699.13304839408,30.935048394073277,9
S-C_weinstein,2015-02-26,160982.2920483941,30.935048394073277,9
S-C_weinstein,2015-02-27,160770.78604839407,30.935048394073277,9
S-C_weinstein,2015-03-02,159129.94630719407,6.369307194073272,10
S-C_weinstein,2015-03-03,157149.00230719408,6.369307194073272,10
S-C_weinstein,2015-03-04,155985.8813071941,6.369307194073272,10
S-C_weinstein,2015-03-05,157758.37930719406,6.369307194073272,10
S-C_weinstein,2015-03-06,155001.81530719408,6.369307194073272,10
S-C_weinstein,2015-03-09,157248.44930719407,6.369307194073272,10
S-C_weinstein,2015-03-10,155518.72930719407,6.369307194073272,10
S-C_weinstein,2015-03-11,156083.0363071941,6.369307194073272,10
S-C_weinstein,2015-03-12,158172.1833071941,6.369307194073272,10
S-C_weinstein,2015-03-13,157744.89230719412,6.369307194073272,10
S-C_weinstein,2015-03-16,160665.30930719408,6.369307194073272,10
S-C_weinstein,2015-03-17,159550.9983071941,6.369307194073272,10
S-C_weinstein,2015-03-18,161618.15430719408,6.369307194073272,10
S-C_weinstein,2015-03-19,161530.45430719413,6.369307194073272,10
S-C_weinstein,2015-03-20,161870.19430719406,6.369307194073272,10
S-C_weinstein,2015-03-23,160944.8863071941,6.369307194073272,10
S-C_weinstein,2015-03-24,161088.56530719408,6.369307194073272,10
S-C_weinstein,2015-03-25,158647.0473071941,6.369307194073272,10
S-C_weinstein,2015-03-26,158437.20230719406,6.369307194073272,10
S-C_weinstein,2015-03-27,158571.35030719408,6.369307194073272,10
S-C_weinstein,2015-03-30,159837.1012460141,15554.04724601407,9
S-C_weinstein,2015-03-31,159463.34524601407,15554.04724601407,9
S-C_weinstein,2015-04-01,159130.61024601405,15554.04724601407,9
S-C_weinstein,2015-04-02,159927.74224601404,15554.04724601407,9
S-C_weinstein,2015-04-06,160622.1594208541,17.861420854073003,10
S-C_weinstein,2015-04-07,159813.9344208541,17.861420854073003,10
S-C_weinstein,2015-04-08,160462.7674208541,17.861420854073003,10
S-C_weinstein,2015-04-09,160693.88142085407,17.861420854073003,10
S-C_weinstein,2015-04-10,161413.3944208541,17.861420854073003,10
S-C_weinstein,2015-04-13,157966.91642085408,17.861420854073003,10
S-C_weinstein,2015-04-14,157795.54042085411,17.861420854073003,10
S-C_weinstein,2015-04-15,157685.2384208541,17.861420854073003,10
S-C_weinstein,2015-04-16,157643.37742085409,17.861420854073003,10
S-C_weinstein,2015-04-17,156009.38842085408,17.861420854073003,10
S-C_weinstein,2015-04-20,157000.26442085407,17.861420854073003,10
S-C_weinstein,2015-04-21,157426.63642085408,17.861420854073003,10
S-C_weinstein,2015-04-22,156464.44942085407,17.861420854073003,10
S-C_weinstein,2015-04-23,157035.94042085408,17.861420854073003,10
S-C_weinstein,2015-04-24,156457.7564208541,17.861420854073003,10
S-C_weinstein,2015-04-27,156027.80142085406,17.861420854073003,10
S-C_weinstein,2015-04-28,156631.37542085408,17.861420854073003,10
S-C_weinstein,2015-04-29,155532.74242085408,17.861420854073003,10
S-C_weinstein,2015-04-30,153721.58842085412,17.861420854073003,10
S-C_weinstein,2015-05-01,155243.0922512918,39.87125129177301,9
S-C_weinstein,2015-05-04,155673.85425129175,39.87125129177301,9
S-C_weinstein,2015-05-05,154472.90525129178,39.87125129177301,9
S-C_weinstein,2015-05-06,154168.93625129174,39.87125129177301,9
S-C_weinstein,2015-05-07,157200.68125129177,39.87125129177301,9
S-C_weinstein,2015-05-08,155429.25425129177,39.87125129177301,9
S-C_weinstein,2015-05-11,155551.58525129175,39.87125129177301,9
S-C_weinstein,2015-05-12,154322.45125129176,39.87125129177301,9
S-C_weinstein,2015-05-13,154281.63125129175,39.87125129177301,9
S-C_weinstein,2015-05-14,156053.72325129178,39.87125129177301,9
S-C_weinstein,2015-05-15,156269.27725129176,39.87125129177301,9
S-C_weinstein,2015-05-18,157246.01425129178,39.87125129177301,9
S-C_weinstein,2015-05-19,157863.98325129176,39.87125129177301,9
S-C_weinstein,2015-05-20,157992.91225129174,39.87125129177301,9
S-C_weinstein,2015-05-21,157676.37925129177,39.87125129177301,9
S-C_weinstein,2015-05-22,156453.9722512918,39.87125129177301,9
S-C_weinstein,2015-05-26,155675.5523971668,8.110397166773005,10
S-C_weinstein,2015-05-27,157197.33939716677,8.110397166773005,10
S-C_weinstein,2015-05-28,157340.33039716678,8.110397166773005,10
S-C_weinstein,2015-05-29,156261.7983971668,8.110397166773005,10
S-C_weinstein,2015-06-01,157257.65032699547,23791.691326995482,9
S-C_weinstein,2015-06-02,157435.8763269955,23791.691326995482,9
S-C_weinstein,2015-06-03,158286.1413269955,23791.691326995482,9
S-C_weinstein,2015-06-04,157444.0993269955,23791.691326995482,9
S-C_weinstein,2015-06-05,157284.4633269955,23791.691326995482,9
S-C_weinstein,2015-06-08,157093.50717624548,8096.611176245484,10
S-C_weinstein,2015-06-09,157333.75117624548,8096.611176245484,10
S-C_weinstein,2015-06-10,158545.5261762455,8096.611176245484,10
S-C_weinstein,2015-06-11,158313.5991762455,8096.611176245484,10
S-C_weinstein,2015-06-12,158025.60317624552,8096.611176245484,10
S-C_weinstein,2015-06-15,156262.2471762455,8096.611176245484,10
S-C_weinstein,2015-06-16,159835.01417624552,8096.611176245484,10
S-C_weinstein,2015-06-17,160631.5941762455,8096.611176245484,10
S-C_weinstein,2015-06-18,160759.3831762455,8096.611176245484,10
S-C_weinstein,2015-06-19,160384.9771762455,8096.611176245484,10
S-C_weinstein,2015-06-22,160413.0731762455,8096.611176245484,10
S-C_weinstein,2015-06-23,160575.6851762455,8096.611176245484,10
S-C_weinstein,2015-06-24,159899.8301762455,8096.611176245484,10
S-C_weinstein,2015-06-25,159937.0241762455,8096.611176245484,10
S-C_weinstein,2015-06-26,159993.7451762455,8096.611176245484,10
S-C_weinstein,2015-06-29,158143.17388351998,19850.82188351996,9
S-C_weinstein,2015-06-30,158058.80088351996,19850.82188351996,9
S-C_weinstein,2015-07-01,158559.94588351998,19850.82188351996,9
S-C_weinstein,2015-07-02,158549.91288351995,19850.82188351996,9
S-C_weinstein,2015-07-06,158814.38304505547,4073.1300450554663,10
S-C_weinstein,2015-07-07,159316.7150450555,4073.1300450554663,10
S-C_weinstein,2015-07-08,157700.95055565544,21751.323555655465,9
S-C_weinstein,2015-07-09,156588.17455565545,21751.323555655465,9
S-C_weinstein,2015-07-10,156267.15555565548,21751.323555655465,9
S-C_weinstein,2015-07-13,156340.47394846723,17702.474948467257,9
S-C_weinstein,2015-07-14,156686.98294846725,17702.474948467257,9
S-C_weinstein,2015-07-15,156280.34594846723,17702.474948467257,9
S-C_weinstein,2015-07-16,156617.56194846725,17702.474948467257,9
S-C_weinstein,2015-07-17,156968.31194846725,17702.474948467257,9
S-C_weinstein,2015-07-20,157052.27076824158,2030.896768241606,10
S-C_weinstein,2015-07-21,156533.8117682416,2030.896768241606,10
S-C_weinstein,2015-07-22,157447.09376824158,2030.896768241606,10
S-C_weinstein,2015-07-23,156791.04476824158,2030.896768241606,10
S-C_weinstein,2015-07-24,155764.9770410916,18079.709041091606,9
S-C_weinstein,2015-07-27,155087.7148572416,2507.8188572416075,10
S-C_weinstein,2015-07-28,155636.6048572416,2507.8188572416075,10
S-C_weinstein,2015-07-29,155941.01585724158,2507.8188572416075,10
S-C_weinstein,2015-07-30,155235.8838572416,2507.8188572416075,10
S-C_weinstein,2015-07-31,156421.0708572416,2507.8188572416075,10
S-C_weinstein,2015-08-03,156438.1355377476,42.39553774758042,10
S-C_weinstein,2015-08-04,156320.70953774758,42.39553774758042,10
S-C_weinstein,2015-08-05,156904.1655528712,13994.128552871243,9
S-C_weinstein,2015-08-06,156454.57755287123,13994.128552871243,9
S-C_weinstein,2015-08-07,157967.34555287124,13994.128552871243,9
S-C_weinstein,2015-08-10,158911.54071212123,29.08671212124318,10
S-C_weinstein,2015-08-11,158509.32871212126,29.08671212124318,10
S-C_weinstein,2015-08-12,158127.03271212123,29.08671212124318,10
S-C_weinstein,2015-08-13,160311.18271212126,29.08671212124318,10
S-C_weinstein,2015-08-14,160188.36571212122,29.08671212124318,10
S-C_weinstein,2015-08-17,160003.98871212124,29.08671212124318,10
S-C_weinstein,2015-08-18,160446.7887121212,29.08671212124318,10
S-C_weinstein,2015-08-19,160096.17771212125,29.08671212124318,10
S-C_weinstein,2015-08-20,157788.33371212124,29.08671212124318,10
S-C_weinstein,2015-08-21,154874.12871212125,29.08671212124318,10
S-C_weinstein,2015-08-24,151154.95822396126,19754.989223961245,8
S-C_weinstein,2015-08-25,150902.81322396128,19754.989223961245,8
S-C_weinstein,2015-08-26,153835.40622396124,19754.989223961245,8
S-C_weinstein,2015-08-27,155561.3092239613,19754.989223961245,8
S-C_weinstein,2015-08-28,156435.55722396125,19754.989223961245,8
S-C_weinstein,2015-08-31,156134.43322396124,19754.989223961245,8
S-C_weinstein,2015-09-01,154401.41922396125,19754.989223961245,8
S-C_weinstein,2015-09-02,155684.21522396125,19754.989223961245,8
S-C_weinstein,2015-09-03,155982.14422396125,19754.989223961245,8
S-C_weinstein,2015-09-04,155101.32222396127,19754.989223961245,8
S-C_weinstein,2015-09-08,156321.83122396126,19754.989223961245,8
S-C_weinstein,2015-09-09,155121.93322396127,19754.989223961245,8
S-C_weinstein,2015-09-10,154861.25722396123,19754.989223961245,8
S-C_weinstein,2015-09-11,155444.00522396126,19754.989223961245,8
S-C_weinstein,2015-09-14,154947.874227138,31998.68122713799,7
S-C_weinstein,2015-09-15,155883.622227138,31998.68122713799,7
S-C_weinstein,2015-09-16,156982.47922713798,31998.68122713799,7
S-C_weinstein,2015-09-17,157035.93222713796,31998.68122713799,7
S-C_weinstein,2015-09-18,155381.65122713798,31998.68122713799,7
S-C_weinstein,2015-09-21,155413.841227138,31998.68122713799,7
S-C_weinstein,2015-09-22,154838.277227138,31998.68122713799,7
S-C_weinstein,2015-09-23,155223.140227138,31998.68122713799,7
S-C_weinstein,2015-09-24,154509.08522713796,31998.68122713799,7
S-C_weinstein,2015-09-25,155627.25122713798,31998.68122713799,7
S-C_weinstein,2015-09-28,153566.085227138,31998.68122713799,7
S-C_weinstein,2015-09-29,152642.58422713797,31998.68122713799,7
S-C_weinstein,2015-09-30,154227.125227138,31998.68122713799,7
S-C_weinstein,2015-10-01,155342.173227138,31998.68122713799,7
S-C_weinstein,2015-10-02,155821.363227138,31998.68122713799,7
S-C_weinstein,2015-10-05,158157.42822713798,31998.68122713799,7
S-C_weinstein,2015-10-06,156848.60722713798,31998.68122713799,7
S-C_weinstein,2015-10-07,157424.335227138,31998.68122713799,7
S-C_weinstein,2015-10-08,158900.511227138,31998.68122713799,7
S-C_weinstein,2015-10-09,159340.91022713797,31998.68122713799,7
S-C_weinstein,2015-10-12,159906.951227138,31998.68122713799,7
S-C_weinstein,2015-10-13,158773.334227138,31998.68122713799,7
S-C_weinstein,2015-10-14,157563.94122713798,31998.68122713799,7
S-C_weinstein,2015-10-15,158905.482227138,31998.68122713799,7
S-C_weinstein,2015-10-16,159244.90322713798,31998.68122713799,7
S-C_weinstein,2015-10-19,159327.90922713798,31998.68122713799,7
S-C_weinstein,2015-10-20,159759.897227138,31998.68122713799,7
S-C_weinstein,2015-10-21,159178.759227138,31998.68122713799,7
S-C_weinstein,2015-10-22,159672.21922713798,31998.68122713799,7
S-C_weinstein,2015-10-23,159621.120227138,31998.68122713799,7
S-C_weinstein,2015-10-26,159124.872227138,31998.68122713799,7
S-C_weinstein,2015-10-27,159293.61622713797,31998.68122713799,7
S-C_weinstein,2015-10-28,159988.58108903797,47353.54908903799,6
S-C_weinstein,2015-10-29,159754.41408903798,47353.54908903799,6
S-C_weinstein,2015-10-30,159313.75308903796,47353.54908903799,6
S-C_weinstein,2015-11-02,160975.50280003797,31422.344800037987,7
S-C_weinstein,2015-11-03,159914.62380003795,31422.344800037987,7
S-C_weinstein,2015-11-04,159641.184800038,31422.344800037987,7
S-C_weinstein,2015-11-05,158885.239800038,31422.344800037987,7
S-C_weinstein,2015-11-06,159354.89880003798,31422.344800037987,7
S-C_weinstein,2015-11-09,158606.92780003799,31422.344800037987,7
S-C_weinstein,2015-11-10,161557.47180003795,31422.344800037987,7
S-C_weinstein,2015-11-11,162446.987142138,47080.22914213799,6
S-C_weinstein,2015-11-12,160229.818142138,47080.22914213799,6
S-C_weinstein,2015-11-13,159283.515142138,47080.22914213799,6
S-C_weinstein,2015-11-16,160472.00114213797,47080.22914213799,6
S-C_weinstein,2015-11-17,160191.726142138,47080.22914213799,6
S-C_weinstein,2015-11-18,161253.156142138,47080.22914213799,6
S-C_weinstein,2015-11-19,160067.461142138,47080.22914213799,6
S-C_weinstein,2015-11-20,159235.71289118825,61353.89189118824,5
S-C_weinstein,2015-11-23,162459.73220639562,13615.623206395616,8
S-C_weinstein,2015-11-24,163398.0922063956,13615.623206395616,8
S-C_weinstein,2015-11-25,164685.80420639564,13615.623206395616,8
S-C_weinstein,2015-11-27,165045.93620639562,13615.623206395616,8
S-C_weinstein,2015-11-30,163271.15120639562,13615.623206395616,8
S-C_weinstein,2015-12-01,164730.2562063956,13615.623206395616,8
S-C_weinstein,2015-12-02,163557.90920639562,13615.623206395616,8
S-C_weinstein,2015-12-03,162092.10420639563,13615.623206395616,8
S-C_weinstein,2015-12-04,165322.24420639564,13615.623206395616,8
S-C_weinstein,2015-12-07,164553.9532063956,13615.623206395616,8
S-C_weinstein,2015-12-08,164693.25020639563,13615.623206395616,8
S-C_weinstein,2015-12-09,163083.87420639565,13615.623206395616,8
S-C_weinstein,2015-12-10,162136.50720639562,13615.623206395616,8
S-C_weinstein,2015-12-11,159731.6382063956,13615.623206395616,8
S-C_weinstein,2015-12-14,159002.61820639562,13615.623206395616,8
S-C_weinstein,2015-12-15,161265.26120639563,13615.623206395616,8
S-C_weinstein,2015-12-16,164445.14220639563,13615.623206395616,8
S-C_weinstein,2015-12-17,162403.9732063956,13615.623206395616,8
S-C_weinstein,2015-12-18,160624.53420639562,13615.623206395616,8
S-C_weinstein,2015-12-21,162206.84620639562,13615.623206395616,8
S-C_weinstein,2015-12-22,163672.5592063956,13615.623206395616,8
S-C_weinstein,2015-12-23,164805.24920639565,13615.623206395616,8
S-C_weinstein,2015-12-24,164577.45820639565,13615.623206395616,8
S-C_weinstein,2015-12-28,164471.58614342063,8.942143420617867,9
S-C_weinstein,2015-12-29,165262.46514342062,8.942143420617867,9
S-C_weinstein,2015-12-30,164257.06714342063,8.942143420617867,9
S-C_weinstein,2015-12-31,162743.9911434206,8.942143420617867,9
S-C_weinstein,2016-01-04,160080.82614342062,8.942143420617867,9
S-C_weinstein,2016-01-05,160009.4416782473,12199.933678247311,8
S-C_weinstein,2016-01-06,158060.89067824732,12199.933678247311,8
S-C_weinstein,2016-01-07,159377.0236782473,12199.933678247311,8
S-C_weinstein,2016-01-08,156002.6966782473,12199.933678247311,8
S-C_weinstein,2016-01-11,156286.22167824733,12199.933678247311,8
S-C_weinstein,2016-01-12,157100.5716782473,12199.933678247311,8
S-C_weinstein,2016-01-13,154205.12267824728,12199.933678247311,8
S-C_weinstein,2016-01-14,154286.6206782473,12199.933678247311,8
S-C_weinstein,2016-01-15,152224.11349272713,43090.23249272714,6
S-C_weinstein,2016-01-19,152915.62617486902,69016.972174869,4
S-C_weinstein,2016-01-20,153147.488174869,69016.972174869,4
S-C_weinstein,2016-01-21,152711.545174869,69016.972174869,4
S-C_weinstein,2016-01-22,155229.26717486902,69016.972174869,4
S-C_weinstein,2016-01-25,154194.98217486902,69016.972174869,4
S-C_weinstein,2016-01-26,154960.127174869,69016.972174869,4
S-C_weinstein,2016-01-27,154189.79917486903,69016.972174869,4
S-C_weinstein,2016-01-28,156326.09817486902,69016.972174869,4
S-C_weinstein,2016-01-29,157727.640174869,69016.972174869,4
S-C_weinstein,2016-02-01,158296.069174869,69016.972174869,4
S-C_weinstein,2016-02-02,157439.46517486902,69016.972174869,4
S-C_weinstein,2016-02-03,156872.231174869,69016.972174869,4
S-C_weinstein,2016-02-04,155111.49606361898,69072.278063619,3
S-C_weinstein,2016-02-05,151150.76406361902,69072.278063619,3
S-C_weinstein,2016-02-08,149794.142063619,69072.278063619,3
S-C_weinstein,2016-02-09,149928.893063619,69072.278063619,3
S-C_weinstein,2016-02-10,147180.56852279627,81943.50752279625,2
S-C_weinstein,2016-02-11,146228.39252279626,81943.50752279625,2
S-C_weinstein,2016-02-12,147545.56652279623,81943.50752279625,2
S-C_weinstein,2016-02-16,148368.77552279626,81943.50752279625,2
S-C_weinstein,2016-02-17,149676.08552279626,81943.50752279625,2
S-C_weinstein,2016-02-18,149564.55152279625,81943.50752279625,2
S-C_weinstein,2016-02-19,149205.55352279625,81943.50752279625,2
S-C_weinstein,2016-02-22,150432.28652279626,81943.50752279625,2
S-C_weinstein,2016-02-23,149975.60552279625,81943.50752279625,2
S-C_weinstein,2016-02-24,149901.45152279624,81943.50752279625,2
S-C_weinstein,2016-02-25,151795.17752279624,81943.50752279625,2
S-C_weinstein,2016-02-26,151408.56152279626,81943.50752279625,2
S-C_weinstein,2016-02-29,151559.15252279624,81943.50752279625,2
S-C_weinstein,2016-03-01,152854.84652279626,81943.50752279625,2
S-C_weinstein,2016-03-02,153419.54552279625,81943.50752279625,2
S-C_weinstein,2016-03-03,154139.78252279625,81943.50752279625,2
S-C_weinstein,2016-03-04,154692.40952279625,81943.50752279625,2
S-C_weinstein,2016-03-07,152643.44852279627,81943.50752279625,2
S-C_weinstein,2016-03-08,152844.59252279624,81943.50752279625,2
S-C_weinstein,2016-03-09,153113.84552279624,81943.50752279625,2
S-C_weinstein,2016-03-10,153429.52952279625,81943.50752279625,2
S-C_weinstein,2016-03-11,154152.27752279624,81943.50752279625,2
S-C_weinstein,2016-03-14,153953.33493167625,66561.66993167625,3
S-C_weinstein,2016-03-15,153939.78393167624,66561.66993167625,3
S-C_weinstein,2016-03-16,154510.48893167626,66561.66993167625,3
S-C_weinstein,2016-03-17,155309.31393167627,66561.66993167625,3
S-C_weinstein,2016-03-18,155555.62893167627,66561.66993167625,3
S-C_weinstein,2016-03-21,155233.88425271865,24284.185252718657,6
S-C_weinstein,2016-03-22,156160.99825271865,24284.185252718657,6
S-C_weinstein,2016-03-23,155068.18399774368,34161.52799774366,5
S-C_weinstein,2016-03-24,155289.97899774366,34161.52799774366,5
S-C_weinstein,2016-03-28,155647.33299774365,34161.52799774366,5
S-C_weinstein,2016-03-29,156425.08199774363,34161.52799774366,5
S-C_weinstein,2016-03-30,157655.10399774366,34161.52799774366,5
S-C_weinstein,2016-03-31,156957.78199774364,34161.52799774366,5
S-C_weinstein,2016-04-01,157416.71099774365,34161.52799774366,5
S-C_weinstein,2016-04-04,157158.24799774366,34161.52799774366,5
S-C_weinstein,2016-04-05,156208.68599774365,34161.52799774366,5
S-C_weinstein,2016-04-06,159762.38399774366,34161.52799774366,5
S-C_weinstein,2016-04-07,157930.99499774366,34161.52799774366,5
S-C_weinstein,2016-04-08,158632.72599774366,34161.52799774366,5
S-C_weinstein,2016-04-11,157762.34799774364,34161.52799774366,5
S-C_weinstein,2016-04-12,158070.15399774368,34161.52799774366,5
S-C_weinstein,2016-04-13,158478.76199774366,34161.52799774366,5
S-C_weinstein,2016-04-14,158006.12999774364,34161.52799774366,5
S-C_weinstein,2016-04-15,157498.58599774365,34161.52799774366,5
S-C_weinstein,2016-04-18,158288.07699774363,34161.52799774366,5
S-C_weinstein,2016-04-19,157548.64999774366,34161.52799774366,5
S-C_weinstein,2016-04-20,157367.73199774366,34161.52799774366,5
S-C_weinstein,2016-04-21,156555.69299774367,34161.52799774366,5
S-C_weinstein,2016-04-22,156525.55699774367,34161.52799774366,5
S-C_weinstein,2016-04-25,156984.48399774363,34161.52799774366,5
S-C_weinstein,2016-04-26,157304.43499774367,34161.52799774366,5
S-C_weinstein,2016-04-27,157534.56899774366,34161.52799774366,5
S-C_weinstein,2016-04-28,156013.99499774363,34161.52799774366,5
S-C_weinstein,2016-04-29,155860.52599774365,34161.52799774366,5
S-C_weinstein,2016-05-02,156819.14999774366,34161.52799774366,5
S-C_weinstein,2016-05-03,156442.92999774366,34161.52799774366,5
S-C_weinstein,2016-05-04,156289.45399774367,34161.52799774366,5
S-C_weinstein,2016-05-05,153782.06935271478,48021.06835271478,4
S-C_weinstein,2016-05-06,154494.23035271477,48021.06835271478,4
S-C_weinstein,2016-05-09,155312.6903527148,48021.06835271478,4
S-C_weinstein,2016-05-10,155866.27735271477,48021.06835271478,4
S-C_weinstein,2016-05-11,154474.42135271477,48021.06835271478,4
S-C_weinstein,2016-05-12,154619.84635271475,48021.06835271478,4
S-C_weinstein,2016-05-13,154029.25135271478,48021.06835271478,4
S-C_weinstein,2016-05-16,154812.31735271477,48021.06835271478,4
S-C_weinstein,2016-05-17,152097.6143527148,48021.06835271478,4
S-C_weinstein,2016-05-18,150852.56635271478,48021.06835271478,4
S-C_weinstein,2016-05-19,152246.25835271477,48021.06835271478,4
S-C_weinstein,2016-05-20,152157.07435271476,48021.06835271478,4
S-C_weinstein,2016-05-23,152099.7833527148,48021.06835271478,4
S-C_weinstein,2016-05-24,153518.7173527148,48021.06835271478,4
S-C_weinstein,2016-05-25,153775.69435271475,48021.06835271478,4
S-C_weinstein,2016-05-26,152093.04296639742,62277.17396639741,3
S-C_weinstein,2016-05-27,153626.15696639742,62277.17396639741,3
S-C_weinstein,2016-05-31,151935.08396639742,62277.17396639741,3
S-C_weinstein,2016-06-01,152484.08396639742,62277.17396639741,3
S-C_weinstein,2016-06-02,152611.9379663974,62277.17396639741,3
S-C_weinstein,2016-06-03,152278.46996639742,62277.17396639741,3
S-C_weinstein,2016-06-06,152847.7559663974,62277.17396639741,3
S-C_weinstein,2016-06-07,151663.0409663974,62277.17396639741,3
S-C_weinstein,2016-06-08,152790.8399663974,62277.17396639741,3
S-C_weinstein,2016-06-09,152803.4219663974,62277.17396639741,3
S-C_weinstein,2016-06-10,152534.87996639742,62277.17396639741,3
S-C_weinstein,2016-06-13,152108.57642527242,47037.533425272406,4
S-C_weinstein,2016-06-14,153626.0274252724,47037.533425272406,4
S-C_weinstein,2016-06-15,153323.7894252724,47037.533425272406,4
S-C_weinstein,2016-06-16,153649.02242527241,47037.533425272406,4
S-C_weinstein,2016-06-17,152670.8424252724,47037.533425272406,4
S-C_weinstein,2016-06-20,152823.2664252724,47037.533425272406,4
S-C_weinstein,2016-06-21,153070.3254252724,47037.533425272406,4
S-C_weinstein,2016-06-22,152493.8754252724,47037.533425272406,4
S-C_weinstein,2016-06-23,153683.72342527242,47037.533425272406,4
S-C_weinstein,2016-06-24,152170.62542527242,47037.533425272406,4
S-C_weinstein,2016-06-27,151951.36442527242,47037.533425272406,4
S-C_weinstein,2016-06-28,153676.06742527243,47037.533425272406,4
S-C_weinstein,2016-06-29,154716.5784252724,47037.533425272406,4
S-C_weinstein,2016-06-30,157134.6354252724,47037.533425272406,4
S-C_weinstein,2016-07-01,156536.4384252724,47037.533425272406,4
S-C_weinstein,2016-07-05,157775.31767587241,15815.993675872403,6
S-C_weinstein,2016-07-06,159005.78267587238,15815.993675872403,6
S-C_weinstein,2016-07-07,159519.8496758724,15815.993675872403,6
S-C_weinstein,2016-07-08,159249.32867587238,15815.993675872403,6
S-C_weinstein,2016-07-11,158606.1556758724,15815.993675872403,6
S-C_weinstein,2016-07-12,158150.6046758724,15815.993675872403,6
S-C_weinstein,2016-07-13,157500.8329428224,30961.615942822402,5
S-C_weinstein,2016-07-14,157890.0289428224,30961.615942822402,5
S-C_weinstein,2016-07-15,158406.1379428224,30961.615942822402,5
S-C_weinstein,2016-07-18,158649.0229428224,30961.615942822402,5
S-C_weinstein,2016-07-19,159065.33094282242,30961.615942822402,5
S-C_weinstein,2016-07-20,160464.3619428224,30961.615942822402,5
S-C_weinstein,2016-07-21,159911.2639428224,30961.615942822402,5
S-C_weinstein,2016-07-22,161005.4519428224,30961.615942822402,5
S-C_weinstein,2016-07-25,160492.2209428224,30961.615942822402,5
S-C_weinstein,2016-07-26,159658.1739428224,30961.615942822402,5
S-C_weinstein,2016-07-27,159501.5119428224,30961.615942822402,5
S-C_weinstein,2016-07-28,159908.2099428224,30961.615942822402,5
S-C_weinstein,2016-07-29,160223.2789428224,30961.615942822402,5
S-C_weinstein,2016-08-01,160398.5669428224,30961.615942822402,5
S-C_weinstein,2016-08-02,159715.9879428224,30961.615942822402,5
S-C_weinstein,2016-08-03,159849.4049428224,30961.615942822402,5
S-C_weinstein,2016-08-04,159242.9279428224,30961.615942822402,5
S-C_weinstein,2016-08-05,159923.7909373224,46624.442937322405,4
S-C_weinstein,2016-08-08,159754.1229373224,46624.442937322405,4
S-C_weinstein,2016-08-09,161102.2259373224,46624.442937322405,4
S-C_weinstein,2016-08-10,160690.7219373224,46624.442937322405,4
S-C_weinstein,2016-08-11,161185.2069373224,46624.442937322405,4
S-C_weinstein,2016-08-12,161900.2019373224,46624.442937322405,4
S-C_weinstein,2016-08-15,161694.78935857242,30436.442358572407,5
S-C_weinstein,2016-08-16,161100.09635857242,30436.442358572407,5
S-C_weinstein,2016-08-17,161441.1403585724,30436.442358572407,5
S-C_weinstein,2016-08-18,161941.84935857242,30436.442358572407,5
S-C_weinstein,2016-08-19,162243.4943585724,30436.442358572407,5
S-C_weinstein,2016-08-22,162956.0024882431,14273.412488243092,6
S-C_weinstein,2016-08-23,162458.12548824307,14273.412488243092,6
S-C_weinstein,2016-08-24,161165.96648824308,14273.412488243092,6
S-C_weinstein,2016-08-25,160633.6864882431,14273.412488243092,6
S-C_weinstein,2016-08-26,158932.1014882431,14273.412488243092,6
S-C_weinstein,2016-08-29,159884.7184465494,0.8834465494019241,7
S-C_weinstein,2016-08-30,158242.92044654943,0.8834465494019241,7
S-C_weinstein,2016-08-31,156982.1184465494,0.8834465494019241,7
S-C_weinstein,2016-09-01,156923.9734465494,0.8834465494019241,7
S-C_weinstein,2016-09-02,158349.78744654942,0.8834465494019241,7
S-C_weinstein,2016-09-06,159018.06344654944,0.8834465494019241,7
S-C_weinstein,2016-09-07,158444.2224465494,0.8834465494019241,7
S-C_weinstein,2016-09-08,159506.35844654942,0.8834465494019241,7
S-C_weinstein,2016-09-09,156592.67644654942,0.8834465494019241,7
S-C_weinstein,2016-09-12,158442.66644654938,0.8834465494019241,7
S-C_weinstein,2016-09-13,156539.4794465494,0.8834465494019241,7
S-C_weinstein,2016-09-14,157667.2704465494,0.8834465494019241,7
S-C_weinstein,2016-09-15,159339.2564465494,0.8834465494019241,7
S-C_weinstein,2016-09-16,159728.86144654942,0.8834465494019241,7
S-C_weinstein,2016-09-19,159217.7434465494,0.8834465494019241,7
S-C_weinstein,2016-09-20,159574.98644654942,0.8834465494019241,7
S-C_weinstein,2016-09-21,161918.62644654943,0.8834465494019241,7
S-C_weinstein,2016-09-22,162232.1514465494,0.8834465494019241,7
S-C_weinstein,2016-09-23,162102.63344654941,0.8834465494019241,7
S-C_weinstein,2016-09-26,161235.47944654943,0.8834465494019241,7
S-C_weinstein,2016-09-27,161680.79944654944,0.8834465494019241,7
S-C_weinstein,2016-09-28,160794.1254465494,0.8834465494019241,7
S-C_weinstein,2016-09-29,158977.69044654942,0.8834465494019241,7
S-C_weinstein,2016-09-30,160508.36844654943,0.8834465494019241,7
S-C_weinstein,2016-10-03,159854.77344654943,0.8834465494019241,7
S-C_weinstein,2016-10-04,159495.3754465494,0.8834465494019241,7
S-C_weinstein,2016-10-05,161315.54544654943,0.8834465494019241,7
S-C_weinstein,2016-10-06,162137.6084465494,0.8834465494019241,7
S-C_weinstein,2016-10-07,160951.29644654942,0.8834465494019241,7
S-C_weinstein,2016-10-10,165827.34044654944,0.8834465494019241,7
S-C_weinstein,2016-10-11,163772.71744654945,0.8834465494019241,7
S-C_weinstein,2016-10-12,164091.4834465494,0.8834465494019241,7
S-C_weinstein,2016-10-13,166047.6094465494,0.8834465494019241,7
S-C_weinstein,2016-10-14,165693.2274465494,0.8834465494019241,7
S-C_weinstein,2016-10-17,163375.1394465494,0.8834465494019241,7
S-C_weinstein,2016-10-18,163548.42144654942,0.8834465494019241,7
S-C_weinstein,2016-10-19,163499.69185466954,12785.146854669525,6
S-C_weinstein,2016-10-20,163690.99685466953,12785.146854669525,6
S-C_weinstein,2016-10-21,163803.87085466954,12785.146854669525,6
S-C_weinstein,2016-10-24,165079.2077601264,27.952760126408975,7
S-C_weinstein,2016-10-25,164506.3607601264,27.952760126408975,7
S-C_weinstein,2016-10-26,163060.7767601264,27.952760126408975,7
S-C_weinstein,2016-10-27,161704.12376012644,27.952760126408975,7
S-C_weinstein,2016-10-28,162507.74590117869,11475.028901178668,6
S-C_weinstein,2016-10-31,163165.4711607256,10.111160725600712,7
S-C_weinstein,2016-11-01,161439.0748763506,16189.574876350602,6
S-C_weinstein,2016-11-02,161740.09087635062,16189.574876350602,6
S-C_weinstein,2016-11-03,159321.04687635062,16189.574876350602,6
S-C_weinstein,2016-11-04,158836.7988763506,16189.574876350602,6
S-C_weinstein,2016-11-07,162561.57187635062,16189.574876350602,6
S-C_weinstein,2016-11-08,163014.99328197556,32245.4722819756,5
S-C_weinstein,2016-11-09,161421.9112819756,32245.4722819756,5
S-C_weinstein,2016-11-10,161613.3162819756,32245.4722819756,5
S-C_weinstein,2016-11-11,163167.2142819756,32245.4722819756,5
S-C_weinstein,2016-11-14,163792.04636351537,6.200363515345089,7
S-C_weinstein,2016-11-15,161967.60536351538,6.200363515345089,7
S-C_weinstein,2016-11-16,161771.33436351537,6.200363515345089,7
S-C_weinstein,2016-11-17,164464.15936351533,6.200363515345089,7
S-C_weinstein,2016-11-18,163714.41736351536,6.200363515345089,7
S-C_weinstein,2016-11-21,165661.63636351534,6.200363515345089,7
S-C_weinstein,2016-11-22,165104.18136351538,6.200363515345089,7
S-C_weinstein,2016-11-23,168808.79236351536,6.200363515345089,7
S-C_weinstein,2016-11-25,170356.79936351534,6.200363515345089,7
S-C_weinstein,2016-11-28,168628.80336351533,6.200363515345089,7
S-C_weinstein,2016-11-29,167955.60136351536,6.200363515345089,7
S-C_weinstein,2016-11-30,166806.99936351535,6.200363515345089,7
S-C_weinstein,2016-12-01,164237.84636351533,6.200363515345089,7
S-C_weinstein,2016-12-02,164444.29636351534,6.200363515345089,7
S-C_weinstein,2016-12-05,166308.89576548903,52628.85476548904,6
S-C_weinstein,2016-12-06,166976.72176548903,52628.85476548904,6
S-C_weinstein,2016-12-07,166902.36276548903,52628.85476548904,6
S-C_weinstein,2016-12-08,166318.37576548904,52628.85476548904,6
S-C_weinstein,2016-12-09,165873.06376548903,52628.85476548904,6
S-C_weinstein,2016-12-12,165447.40376548906,52628.85476548904,6
S-C_weinstein,2016-12-13,164258.06576548907,52628.85476548904,6
S-C_weinstein,2016-12-14,163974.58676548905,52628.85476548904,6
S-C_weinstein,2016-12-15,164802.44376548904,52628.85476548904,6
S-C_weinstein,2016-12-16,165309.61776548903,52628.85476548904,6
S-C_weinstein,2016-12-19,164873.90676548902,52628.85476548904,6
S-C_weinstein,2016-12-20,167379.91676548903,52628.85476548904,6
S-C_weinstein,2016-12-21,167728.08576548903,52628.85476548904,6
S-C_weinstein,2016-12-22,166035.25276548904,52628.85476548904,6
S-C_weinstein,2016-12-23,167675.92376548902,52628.85476548904,6
S-C_weinstein,2016-12-27,166411.67837288906,35869.31937288905,7
S-C_weinstein,2016-12-28,165043.86637288902,35869.31937288905,7
S-C_weinstein,2016-12-29,165262.73537288906,35869.31937288905,7
S-C_weinstein,2016-12-30,164738.81837288904,35869.31937288905,7
S-C_weinstein,2017-01-03,166140.62937288906,35869.31937288905,7
S-C_weinstein,2017-01-04,168403.61737288907,35869.31937288905,7
S-C_weinstein,2017-01-05,168426.66437288903,35869.31937288905,7
S-C_weinstein,2017-01-06,169718.55737288907,35869.31937288905,7
S-C_weinstein,2017-01-09,170152.37997208902,18897.763972089047,8
S-C_weinstein,2017-01-10,169127.15897208903,18897.763972089047,8
S-C_weinstein,2017-01-11,167511.83284742088,34103.53584742085,7
S-C_weinstein,2017-01-12,166096.06906201417,49119.347062014196,6
S-C_weinstein,2017-01-13,168559.73906201418,49119.347062014196,6
S-C_weinstein,2017-01-17,166182.7650620142,49119.347062014196,6
S-C_weinstein,2017-01-18,166509.29134414837,63414.50334414839,5
S-C_weinstein,2017-01-19,166556.9323441484,63414.50334414839,5
S-C_weinstein,2017-01-20,166499.6273441484,63414.50334414839,5
S-C_weinstein,2017-01-23,166262.3803441484,63414.50334414839,5
S-C_weinstein,2017-01-24,166946.13834414838,63414.50334414839,5
S-C_weinstein,2017-01-25,167040.0283441484,63414.50334414839,5
S-C_weinstein,2017-01-26,171437.0743441484,63414.50334414839,5
S-C_weinstein,2017-01-27,171632.7383441484,63414.50334414839,5
S-C_weinstein,2017-01-30,171217.3107906984,46265.26779069839,6
S-C_weinstein,2017-01-31,172986.86779069836,46265.26779069839,6
S-C_weinstein,2017-02-01,172924.4287906984,46265.26779069839,6
S-C_weinstein,2017-02-02,172142.82279069838,46265.26779069839,6
S-C_weinstein,2017-02-03,173813.99279069836,46265.26779069839,6
S-C_weinstein,2017-02-06,173460.2929234184,28923.35592341839,7
S-C_weinstein,2017-02-07,173529.76992341838,28923.35592341839,7
S-C_weinstein,2017-02-08,177478.37892341838,28923.35592341839,7
S-C_weinstein,2017-02-09,179252.7039234184,28923.35592341839,7
S-C_weinstein,2017-02-10,179780.8519234184,28923.35592341839,7
S-C_weinstein,2017-02-13,179367.79222466354,53.41422466356016,9
S-C_weinstein,2017-02-14,180005.29222466354,53.41422466356016,9
S-C_weinstein,2017-02-15,180907.03622466355,53.41422466356016,9
S-C_weinstein,2017-02-16,180155.68722466356,53.41422466356016,9
S-C_weinstein,2017-02-17,182259.52622466354,53.41422466356016,9
S-C_weinstein,2017-02-21,182923.65807043447,14.942070434494141,10
S-C_weinstein,2017-02-22,182519.06507043447,14.942070434494141,10
S-C_weinstein,2017-02-23,179816.51807043445,14.942070434494141,10
S-C_weinstein,2017-02-24,181310.26207043446,14.942070434494141,10
S-C_weinstein,2017-02-27,182839.04207043446,14.942070434494141,10
S-C_weinstein,2017-02-28,181777.66007043447,14.942070434494141,10
S-C_weinstein,2017-03-01,182978.94407043446,14.942070434494141,10
S-C_weinstein,2017-03-02,180369.2360704345,14.942070434494141,10
S-C_weinstein,2017-03-03,181967.51307043448,14.942070434494141,10
S-C_weinstein,2017-03-06,181123.71307043446,14.942070434494141,10
S-C_weinstein,2017-03-07,179896.54007043448,14.942070434494141,10
S-C_weinstein,2017-03-08,180808.35307043447,14.942070434494141,10
S-C_weinstein,2017-03-09,179961.92807043446,14.942070434494141,10
S-C_weinstein,2017-03-10,181184.2510704345,14.942070434494141,10
S-C_weinstein,2017-03-13,179773.68507043453,14.942070434494141,10
S-C_weinstein,2017-03-14,174972.52107043448,14.942070434494141,10
S-C_weinstein,2017-03-15,177236.8760704345,14.942070434494141,10
S-C_weinstein,2017-03-16,176727.1020704345,14.942070434494141,10
S-C_weinstein,2017-03-17,171636.0812044345,15118.689204434493,9
S-C_weinstein,2017-03-20,171765.8965715845,8.81157158449605,10
S-C_weinstein,2017-03-21,168721.99757158448,8.81157158449605,10
S-C_weinstein,2017-03-22,170172.8775715845,8.81157158449605,10
S-C_weinstein,2017-03-23,169629.99457158454,8.81157158449605,10
S-C_weinstein,2017-03-24,170859.0115715845,8.81157158449605,10
S-C_weinstein,2017-03-27,169561.46057158447,8.81157158449605,10
S-C_weinstein,2017-03-28,171034.88857158448,8.81157158449605,10
S-C_weinstein,2017-03-29,171040.3835715845,8.81157158449605,10
S-C_weinstein,2017-03-30,171618.12157158446,8.81157158449605,10
S-C_weinstein,2017-03-31,172199.97657158447,8.81157158449605,10
S-C_weinstein,2017-04-03,170004.9375715845,8.81157158449605,10
S-C_weinstein,2017-04-04,169844.3255715845,8.81157158449605,10
S-C_weinstein,2017-04-05,168465.24057158447,8.81157158449605,10
S-C_weinstein,2017-04-06,169417.7775715845,8.81157158449605,10
S-C_weinstein,2017-04-07,170325.10557158449,8.81157158449605,10
S-C_weinstein,2017-04-10,170682.52757158445,8.81157158449605,10
S-C_weinstein,2017-04-11,170320.65357158447,8.81157158449605,10
S-C_weinstein,2017-04-12,168187.3305715845,8.81157158449605,10
S-C_weinstein,2017-04-13,168328.8445715845,8.81157158449605,10
S-C_weinstein,2017-04-17,169161.93257158448,8.81157158449605,10
S-C_weinstein,2017-04-18,169142.3375715845,8.81157158449605,10
S-C_weinstein,2017-04-19,169054.3405715845,8.81157158449605,10
S-C_weinstein,2017-04-20,168911.87157158452,8.81157158449605,10
S-C_weinstein,2017-04-21,166698.8395715845,8.81157158449605,10
S-C_weinstein,2017-04-24,168450.75757158446,8.81157158449605,10
S-C_weinstein,2017-04-25,169148.1105715845,8.81157158449605,10
S-C_weinstein,2017-04-26,170680.4615715845,8.81157158449605,10
S-C_weinstein,2017-04-27,170757.5675715845,8.81157158449605,10
S-C_weinstein,2017-04-28,171110.8665715845,8.81157158449605,10
S-C_weinstein,2017-05-01,171874.3795715845,8.81157158449605,10
S-C_weinstein,2017-05-02,171558.91857158448,8.81157158449605,10
S-C_weinstein,2017-05-03,170887.00857158448,8.81157158449605,10
S-C_weinstein,2017-05-04,172024.3275715845,8.81157158449605,10
S-C_weinstein,2017-05-05,173721.6675715845,8.81157158449605,10
S-C_weinstein,2017-05-08,172753.3845715845,8.81157158449605,10
S-C_weinstein,2017-05-09,173434.9765715845,8.81157158449605,10
S-C_weinstein,2017-05-10,174765.49957158454,8.81157158449605,10
S-C_weinstein,2017-05-11,175230.1525715845,8.81157158449605,10
S-C_weinstein,2017-05-12,175049.6735715845,8.81157158449605,10
S-C_weinstein,2017-05-15,175463.27657158452,8.81157158449605,10
S-C_weinstein,2017-05-16,176089.76557158452,8.81157158449605,10
S-C_weinstein,2017-05-17,171598.01194029846,43.28094029846696,9
S-C_weinstein,2017-05-18,174529.83194029846,43.28094029846696,9
S-C_weinstein,2017-05-19,176640.38894029846,43.28094029846696,9
S-C_weinstein,2017-05-22,178558.26494029845,43.28094029846696,9
S-C_weinstein,2017-05-23,178590.60694029846,43.28094029846696,9
S-C_weinstein,2017-05-24,178488.51594029847,43.28094029846696,9
S-C_weinstein,2017-05-25,179202.39894029847,43.28094029846696,9
S-C_weinstein,2017-05-26,178905.6199402985,43.28094029846696,9
S-C_weinstein,2017-05-30,177288.77794029843,43.28094029846696,9
S-C_weinstein,2017-05-31,177889.41094029846,43.28094029846696,9
S-C_weinstein,2017-06-01,180025.25194029845,43.28094029846696,9
S-C_weinstein,2017-06-02,180911.96094029845,43.28094029846696,9
S-C_weinstein,2017-06-05,178801.04694029846,43.28094029846696,9
S-C_weinstein,2017-06-06,178239.07294029844,43.28094029846696,9
S-C_weinstein,2017-06-07,179000.02509529845,17244.90709529847,8
S-C_weinstein,2017-06-08,179270.50109529847,17244.90709529847,8
S-C_weinstein,2017-06-09,177999.47409529847,17244.90709529847,8
S-C_weinstein,2017-06-12,178008.5730952985,17244.90709529847,8
S-C_weinstein,2017-06-13,179707.58109529846,17244.90709529847,8
S-C_weinstein,2017-06-14,177831.0460952985,17244.90709529847,8
S-C_weinstein,2017-06-15,177359.95009529847,17244.90709529847,8
S-C_weinstein,2017-06-16,177948.62109529844,17244.90709529847,8
S-C_weinstein,2017-06-19,179177.28119529848,24.804195298471313,9
S-C_weinstein,2017-06-20,176844.40719529844,24.804195298471313,9
S-C_weinstein,2017-06-21,176071.50719529844,24.804195298471313,9
S-C_weinstein,2017-06-22,178319.54819529847,24.804195298471313,9
S-C_weinstein,2017-06-23,178124.62919529845,24.804195298471313,9
S-C_weinstein,2017-06-26,178661.25453097845,0.4355309784713164,10
S-C_weinstein,2017-06-27,175158.38853097847,0.4355309784713164,10
S-C_weinstein,2017-06-28,182572.38053097847,0.4355309784713164,10
S-C_weinstein,2017-06-29,181495.9185309785,0.4355309784713164,10
S-C_weinstein,2017-06-30,182126.26353097847,0.4355309784713164,10
S-C_weinstein,2017-07-03,181840.9015309785,0.4355309784713164,10
S-C_weinstein,2017-07-05,181963.96653097848,0.4355309784713164,10
S-C_weinstein,2017-07-06,179745.95853097845,0.4355309784713164,10
S-C_weinstein,2017-07-07,181023.11953097847,0.4355309784713164,10
S-C_weinstein,2017-07-10,180795.27653097847,0.4355309784713164,10
S-C_weinstein,2017-07-11,179779.1085309785,0.4355309784713164,10
S-C_weinstein,2017-07-12,182142.09053097843,0.4355309784713164,10
S-C_weinstein,2017-07-13,179948.98753097845,0.4355309784713164,10
S-C_weinstein,2017-07-14,180832.88553097844,0.4355309784713164,10
S-C_weinstein,2017-07-17,179016.29053097847,0.4355309784713164,10
S-C_weinstein,2017-07-18,179059.23553097845,0.4355309784713164,10
S-C_weinstein,2017-07-19,179887.50253097847,0.4355309784713164,10
S-C_weinstein,2017-07-20,181278.27358097845,16363.006580978474,9
S-C_weinstein,2017-07-21,179697.6095809785,16363.006580978474,9
S-C_weinstein,2017-07-24,180083.5440572207,54267.16905722067,7
S-C_weinstein,2017-07-25,181198.72805722067,54267.16905722067,7
S-C_weinstein,2017-07-26,180721.6460572207,54267.16905722067,7
S-C_weinstein,2017-07-27,180372.75705722068,54267.16905722067,7
S-C_weinstein,2017-07-28,180622.33905722067,54267.16905722067,7
S-C_weinstein,2017-07-31,180580.2490572207,54267.16905722067,7
S-C_weinstein,2017-08-01,181006.88505722067,54267.16905722067,7
S-C_weinstein,2017-08-02,179663.4340572207,54267.16905722067,7
S-C_weinstein,2017-08-03,181299.64405722066,54267.16905722067,7
S-C_weinstein,2017-08-04,180930.32405722066,54267.16905722067,7
S-C_weinstein,2017-08-07,181244.99755158066,74441.12055158067,6
S-C_weinstein,2017-08-08,180846.51055158066,74441.12055158067,6
S-C_weinstein,2017-08-09,180541.55855158065,74441.12055158067,6
S-C_weinstein,2017-08-10,177528.13863508066,96357.59863508066,5
S-C_weinstein,2017-08-11,177540.40963508066,96357.59863508066,5
S-C_weinstein,2017-08-14,178599.06368460893,78638.88568460893,6
S-C_weinstein,2017-08-15,178690.10868460895,78638.88568460893,6
S-C_weinstein,2017-08-16,178875.8126846089,78638.88568460893,6
S-C_weinstein,2017-08-17,178912.40068460893,78638.88568460893,6
S-C_weinstein,2017-08-18,177880.80668460892,78638.88568460893,6
S-C_weinstein,2017-08-21,176796.10268460895,78638.88568460893,6
S-C_weinstein,2017-08-22,179030.03368460893,78638.88568460893,6
S-C_weinstein,2017-08-23,177825.72568460894,78638.88568460893,6
S-C_weinstein,2017-08-24,177277.35168460896,78638.88568460893,6
S-C_weinstein,2017-08-25,176946.17768460893,78638.88568460893,6
S-C_weinstein,2017-08-28,177788.0399170189,80115.77891701889,6
S-C_weinstein,2017-08-29,178193.5939170189,80115.77891701889,6
S-C_weinstein,2017-08-30,179768.3369170189,80115.77891701889,6
S-C_weinstein,2017-08-31,181662.6499170189,80115.77891701889,6
S-C_weinstein,2017-09-01,181092.7519170189,80115.77891701889,6
S-C_weinstein,2017-09-05,180224.12748396484,62008.050483964864,7
S-C_weinstein,2017-09-06,179599.27348396485,62008.050483964864,7
S-C_weinstein,2017-09-07,180247.40548396486,62008.050483964864,7
S-C_weinstein,2017-09-08,180660.44248396484,62008.050483964864,7
S-C_weinstein,2017-09-11,179278.55108686563,24036.62808686565,9
S-C_weinstein,2017-09-12,178228.94508686566,24036.62808686565,9
S-C_weinstein,2017-09-13,175869.96608686564,24036.62808686565,9
S-C_weinstein,2017-09-14,175377.31689752892,40207.46089752891,8
S-C_weinstein,2017-09-15,176479.7938975289,40207.46089752891,8
S-C_weinstein,2017-09-18,177335.3181797038,5672.524179703822,10
S-C_weinstein,2017-09-19,176838.3591797038,5672.524179703822,10
S-C_weinstein,2017-09-20,178417.19517970382,5672.524179703822,10
S-C_weinstein,2017-09-21,177623.60917970384,5672.524179703822,10
S-C_weinstein,2017-09-22,177713.8561797038,5672.524179703822,10
S-C_weinstein,2017-09-25,177233.82817970382,5672.524179703822,10
S-C_weinstein,2017-09-26,176790.45617970382,5672.524179703822,10
S-C_weinstein,2017-09-27,180244.68717970385,5672.524179703822,10
S-C_weinstein,2017-09-28,181286.66717970383,5672.524179703822,10
S-C_weinstein,2017-09-29,181738.77117970382,5672.524179703822,10
S-C_weinstein,2017-10-02,182899.8671797038,5672.524179703822,10
S-C_weinstein,2017-10-03,182938.96917970382,5672.524179703822,10
S-C_weinstein,2017-10-04,182536.5071797038,5672.524179703822,10
S-C_weinstein,2017-10-05,182115.80617970382,5672.524179703822,10
S-C_weinstein,2017-10-06,182220.41317970384,5672.524179703822,10
S-C_weinstein,2017-10-09,180498.3921797038,5672.524179703822,10
S-C_weinstein,2017-10-10,180837.0631797038,5672.524179703822,10
S-C_weinstein,2017-10-11,181243.3351797038,5672.524179703822,10
S-C_weinstein,2017-10-12,182633.80017970383,5672.524179703822,10
S-C_weinstein,2017-10-13,181585.89917970382,5672.524179703822,10
S-C_weinstein,2017-10-16,182090.5611797038,5672.524179703822,10
S-C_weinstein,2017-10-17,182677.8861797038,5672.524179703822,10
S-C_weinstein,2017-10-18,182293.30017970383,5672.524179703822,10
S-C_weinstein,2017-10-19,181858.5491797038,5672.524179703822,10
S-C_weinstein,2017-10-20,183185.1251797038,5672.524179703822,10
S-C_weinstein,2017-10-23,181924.39917970382,5672.524179703822,10
S-C_weinstein,2017-10-24,183029.80017970383,5672.524179703822,10
S-C_weinstein,2017-10-25,181448.0116840437,21530.9306840437,9
S-C_weinstein,2017-10-26,180189.8496840437,21530.9306840437,9
S-C_weinstein,2017-10-27,181000.1366840437,21530.9306840437,9
S-C_weinstein,2017-10-30,181301.95660904367,3437.7806090437007,10
S-C_weinstein,2017-10-31,182546.57660904372,3437.7806090437007,10
S-C_weinstein,2017-11-01,180627.4416090437,3437.7806090437007,10
S-C_weinstein,2017-11-02,180729.2256090437,3437.7806090437007,10
S-C_weinstein,2017-11-03,184758.9506090437,3437.7806090437007,10
S-C_weinstein,2017-11-06,179893.8156090437,3437.7806090437007,10
S-C_weinstein,2017-11-07,178076.43760904367,3437.7806090437007,10
S-C_weinstein,2017-11-08,185217.7036090437,3437.7806090437007,10
S-C_weinstein,2017-11-09,182073.3576090437,3437.7806090437007,10
S-C_weinstein,2017-11-10,182031.79360904367,3437.7806090437007,10
S-C_weinstein,2017-11-13,180979.64060904368,3437.7806090437007,10
S-C_weinstein,2017-11-14,183463.2066090437,3437.7806090437007,10
S-C_weinstein,2017-11-15,181642.8446090437,3437.7806090437007,10
S-C_weinstein,2017-11-16,182887.22560904367,3437.7806090437007,10
S-C_weinstein,2017-11-17,182749.2376090437,3437.7806090437007,10
S-C_weinstein,2017-11-20,184144.31960904365,3437.7806090437007,10
S-C_weinstein,2017-11-21,186180.70460904366,3437.7806090437007,10
S-C_weinstein,2017-11-22,186485.8706090437,3437.7806090437007,10
S-C_weinstein,2017-11-24,187473.1766090437,3437.7806090437007,10
S-C_weinstein,2017-11-27,187199.25160904368,3437.7806090437007,10
S-C_weinstein,2017-11-28,188966.37360904372,3437.7806090437007,10
S-C_weinstein,2017-11-29,187124.75860904373,3437.7806090437007,10
S-C_weinstein,2017-11-30,188015.54160904366,3437.7806090437007,10
S-C_weinstein,2017-12-01,186040.58960904367,3437.7806090437007,10
S-C_weinstein,2017-12-04,183338.61460904373,3437.7806090437007,10
S-C_weinstein,2017-12-05,182528.2752917125,19648.45229171245,9
S-C_weinstein,2017-12-06,181884.36429171247,19648.45229171245,9
S-C_weinstein,2017-12-07,185748.54529171245,19648.45229171245,9
S-C_weinstein,2017-12-08,187776.28529171247,19648.45229171245,9
S-C_weinstein,2017-12-11,187591.91303421243,879.9450342124474,10
S-C_weinstein,2017-12-12,187291.29903421242,879.9450342124474,10
S-C_weinstein,2017-12-13,189861.42103421246,879.9450342124474,10
S-C_weinstein,2017-12-14,187711.37603421242,879.9450342124474,10
S-C_weinstein,2017-12-15,190429.87803421245,879.9450342124474,10
S-C_weinstein,2017-12-18,192044.20268380814,13.195683808160538,10
S-C_weinstein,2017-12-19,191122.1806838081,13.195683808160538,10
S-C_weinstein,2017-12-20,190691.7106838081,13.195683808160538,10
S-C_weinstein,2017-12-21,191309.64868380816,13.195683808160538,10
S-C_weinstein,2017-12-22,191782.45968380815,13.195683808160538,10
S-C_weinstein,2017-12-26,191889.33168380815,13.195683808160538,10
S-C_weinstein,2017-12-27,191676.96068380814,13.195683808160538,10
S-C_weinstein,2017-12-28,191470.98568380816,13.195683808160538,10
S-C_weinstein,2017-12-29,190066.08068380816,13.195683808160538,10
S-C_weinstein,2018-01-02,192648.88468380814,13.195683808160538,10
S-C_weinstein,2018-01-03,191287.49568380817,13.195683808160538,10
S-C_weinstein,2018-01-04,190701.81768380816,13.195683808160538,10
S-C_weinstein,2018-01-05,190695.37068380814,13.195683808160538,10
S-C_weinstein,2018-01-08,190427.09468380816,13.195683808160538,10
S-C_weinstein,2018-01-09,190459.25568380815,13.195683808160538,10
S-C_weinstein,2018-01-10,190920.44168380814,13.195683808160538,10
S-C_weinstein,2018-01-11,194611.29668380815,13.195683808160538,10
S-C_weinstein,2018-01-12,196309.08168380815,13.195683808160538,10
S-C_weinstein,2018-01-16,192606.1818846375,16828.957884637533,9
S-C_weinstein,2018-01-17,192505.51388463753,16828.957884637533,9
S-C_weinstein,2018-01-18,191359.29488463752,16828.957884637533,9
S-C_weinstein,2018-01-19,193477.60988463755,16828.957884637533,9
S-C_weinstein,2018-01-22,194623.23688463753,16828.957884637533,9
S-C_weinstein,2018-01-23,195018.9358846375,16828.957884637533,9
S-C_weinstein,2018-01-24,192680.50188463755,16828.957884637533,9
S-C_weinstein,2018-01-25,194904.9858846375,16828.957884637533,9
S-C_weinstein,2018-01-26,195258.59988463754,16828.957884637533,9
S-C_weinstein,2018-01-29,194057.4485745839,55.07157458390793,10
S-C_weinstein,2018-01-30,192645.3105745839,55.07157458390793,10
S-C_weinstein,2018-01-31,191841.51857458393,55.07157458390793,10
S-C_weinstein,2018-02-01,192248.91157458397,55.07157458390793,10
S-C_weinstein,2018-02-02,188667.2977413625,12007.991741362497,9
S-C_weinstein,2018-02-05,182594.7763214726,16224.989321472602,9
S-C_weinstein,2018-02-06,186099.5953214726,16224.989321472602,9
S-C_weinstein,2018-02-07,185793.53632147258,16224.989321472602,9
S-C_weinstein,2018-02-08,179614.6413214726,16224.989321472602,9
S-C_weinstein,2018-02-09,180439.27932147257,16224.989321472602,9
S-C_weinstein,2018-02-12,183436.0243214726,16224.989321472602,9
S-C_weinstein,2018-02-13,184375.5103214726,16224.989321472602,9
S-C_weinstein,2018-02-14,187241.33732147256,16224.989321472602,9
S-C_weinstein,2018-02-15,189265.48032147263,16224.989321472602,9
S-C_weinstein,2018-02-16,188772.58232147258,16224.989321472602,9
S-C_weinstein,2018-02-20,187880.66809872258,19.327098722602386,10
S-C_weinstein,2018-02-21,187857.50709872256,19.327098722602386,10
S-C_weinstein,2018-02-22,187492.39509872257,19.327098722602386,10
S-C_weinstein,2018-02-23,190158.33909872262,19.327098722602386,10
S-C_weinstein,2018-02-26,192672.2190987226,19.327098722602386,10
S-C_weinstein,2018-02-27,188611.2800987226,19.327098722602386,10
S-C_weinstein,2018-02-28,188209.6300987226,19.327098722602386,10
S-C_weinstein,2018-03-01,186523.5720987226,19.327098722602386,10
S-C_weinstein,2018-03-02,188474.0620987226,19.327098722602386,10
S-C_weinstein,2018-03-05,190220.62709872262,19.327098722602386,10
S-C_weinstein,2018-03-06,190765.9210987226,19.327098722602386,10
S-C_weinstein,2018-03-07,198606.3690987226,19.327098722602386,10
S-C_weinstein,2018-03-08,199276.83809872257,19.327098722602386,10
S-C_weinstein,2018-03-09,203975.9470987226,19.327098722602386,10
S-C_weinstein,2018-03-12,202936.46326315263,43.708263152602385,9
S-C_weinstein,2018-03-13,202610.01426315258,43.708263152602385,9
S-C_weinstein,2018-03-14,202006.6852631526,43.708263152602385,9
S-C_weinstein,2018-03-15,200898.60726315263,43.708263152602385,9
S-C_weinstein,2018-03-16,202861.7052631526,43.708263152602385,9
S-C_weinstein,2018-03-19,199360.9312631526,43.708263152602385,9
S-C_weinstein,2018-03-20,199587.59626315258,43.708263152602385,9
S-C_weinstein,2018-03-21,199045.37226315262,43.708263152602385,9
S-C_weinstein,2018-03-22,194367.0816990874,10787.762699087421,8
S-C_weinstein,2018-03-23,189674.9016990874,10787.762699087421,8
S-C_weinstein,2018-03-26,194131.10269908738,10787.762699087421,8
S-C_weinstein,2018-03-27,190462.6346990874,10787.762699087421,8
S-C_weinstein,2018-03-28,190864.22069908743,10787.762699087421,8
S-C_weinstein,2018-03-29,194716.2336990874,10787.762699087421,8
S-C_weinstein,2018-04-02,190440.89531934063,4.414319340670772,9
S-C_weinstein,2018-04-03,192499.6783193407,4.414319340670772,9
S-C_weinstein,2018-04-04,193569.54231934066,4.414319340670772,9
S-C_weinstein,2018-04-05,195000.02931934065,4.414319340670772,9
S-C_weinstein,2018-04-06,190841.25131934066,4.414319340670772,9
S-C_weinstein,2018-04-09,191017.52931934065,4.414319340670772,9
S-C_weinstein,2018-04-10,195174.18831934064,4.414319340670772,9
S-C_weinstein,2018-04-11,193908.16731934066,4.414319340670772,9
S-C_weinstein,2018-04-12,196132.33931934065,4.414319340670772,9
S-C_weinstein,2018-04-13,195264.46431934068,4.414319340670772,9
S-C_weinstein,2018-04-16,197046.12231934062,4.414319340670772,9
S-C_weinstein,2018-04-17,200163.4663193407,4.414319340670772,9
S-C_weinstein,2018-04-18,200711.03131934063,4.414319340670772,9
S-C_weinstein,2018-04-19,196752.66631934064,4.414319340670772,9
S-C_weinstein,2018-04-20,196058.0343193407,4.414319340670772,9
S-C_weinstein,2018-04-23,195411.03731934068,4.414319340670772,9
S-C_weinstein,2018-04-24,193202.9173193407,4.414319340670772,9
S-C_weinstein,2018-04-25,192216.8113193407,4.414319340670772,9
S-C_weinstein,2018-04-26,192141.70531934066,4.414319340670772,9
S-C_weinstein,2018-04-27,192965.20031934069,4.414319340670772,9
S-C_weinstein,2018-04-30,191494.26531934066,4.414319340670772,9
S-C_weinstein,2018-05-01,192139.14431934064,4.414319340670772,9
S-C_weinstein,2018-05-02,193262.60031934065,4.414319340670772,9
S-C_weinstein,2018-05-03,193317.8183193407,4.414319340670772,9
S-C_weinstein,2018-05-04,202892.70831934066,4.414319340670772,9
S-C_weinstein,2018-05-07,203371.8273193407,4.414319340670772,9
S-C_weinstein,2018-05-08,206123.0583193407,4.414319340670772,9
S-C_weinstein,2018-05-09,208173.64231934067,4.414319340670772,9
S-C_weinstein,2018-05-10,209790.5633193407,4.414319340670772,9
S-C_weinstein,2018-05-11,210457.37031934067,4.414319340670772,9
S-C_weinstein,2018-05-14,210015.1313193407,4.414319340670772,9
S-C_weinstein,2018-05-15,210306.0933193407,4.414319340670772,9
S-C_weinstein,2018-05-16,210581.45031934069,4.414319340670772,9
S-C_weinstein,2018-05-17,212106.10631934067,4.414319340670772,9
S-C_weinstein,2018-05-18,214395.12331934067,4.414319340670772,9
S-C_weinstein,2018-05-21,216479.70031934066,4.414319340670772,9
S-C_weinstein,2018-05-22,214989.38031934065,4.414319340670772,9
S-C_weinstein,2018-05-23,216296.14531934063,4.414319340670772,9
S-C_weinstein,2018-05-24,217593.84431934066,4.414319340670772,9
S-C_weinstein,2018-05-25,218372.13331934068,4.414319340670772,9
S-C_weinstein,2018-05-29,218508.39631934065,4.414319340670772,9
S-C_weinstein,2018-05-30,221603.25631934067,4.414319340670772,9
S-C_weinstein,2018-05-31,219881.84731934068,4.414319340670772,9
S-C_weinstein,2018-06-01,223243.96831934064,4.414319340670772,9
S-C_weinstein,2018-06-04,222920.25131934063,4.414319340670772,9
S-C_weinstein,2018-06-05,224792.7743193407,4.414319340670772,9
S-C_weinstein,2018-06-06,228279.55231934064,4.414319340670772,9
S-C_weinstein,2018-06-07,226157.8003193407,4.414319340670772,9
S-C_weinstein,2018-06-08,225609.38031934068,4.414319340670772,9
S-C_weinstein,2018-06-11,227341.72931934067,4.414319340670772,9
S-C_weinstein,2018-06-12,230250.3413193407,4.414319340670772,9
S-C_weinstein,2018-06-13,229749.30631934066,4.414319340670772,9
S-C_weinstein,2018-06-14,230938.83131934062,4.414319340670772,9
S-C_weinstein,2018-06-15,230409.61431934068,4.414319340670772,9
S-C_weinstein,2018-06-18,233469.90531934067,4.414319340670772,9
S-C_weinstein,2018-06-19,231922.63131934064,4.414319340670772,9
S-C_weinstein,2018-06-20,234661.36831934066,4.414319340670772,9
S-C_weinstein,2018-06-21,223996.2053193407,4.414319340670772,9
S-C_weinstein,2018-06-22,222883.54531934066,4.414319340670772,9
S-C_weinstein,2018-06-25,219028.43331934063,4.414319340670772,9
S-C_weinstein,2018-06-26,222091.32131934064,4.414319340670772,9
S-C_weinstein,2018-06-27,216815.01331934065,4.414319340670772,9
S-C_weinstein,2018-06-28,219055.65331934064,4.414319340670772,9
S-C_weinstein,2018-06-29,219936.31231934068,4.414319340670772,9
S-C_weinstein,2018-07-02,221026.94377762065,34.1537776206751,9
S-C_weinstein,2018-07-03,219917.08577762064,34.1537776206751,9
S-C_weinstein,2018-07-05,223077.02777762068,34.1537776206751,9
S-C_weinstein,2018-07-06,224450.60777762064,34.1537776206751,9
S-C_weinstein,2018-07-09,225549.29400216788,4765.615002167895,9
S-C_weinstein,2018-07-10,225068.83200216788,4765.615002167895,9
S-C_weinstein,2018-07-11,224600.2900021679,4765.615002167895,9
S-C_weinstein,2018-07-12,227113.71200216786,4765.615002167895,9
S-C_weinstein,2018-07-13,226876.4220021679,4765.615002167895,9
S-C_weinstein,2018-07-16,225299.11100216792,4765.615002167895,9
S-C_weinstein,2018-07-17,226055.8000021679,4765.615002167895,9
S-C_weinstein,2018-07-18,226966.52345089288,21771.418450892896,8
S-C_weinstein,2018-07-19,228705.52845089292,21771.418450892896,8
S-C_weinstein,2018-07-20,228988.57445089292,21771.418450892896,8
S-C_weinstein,2018-07-23,228159.33545089292,21771.418450892896,8
S-C_weinstein,2018-07-24,226194.98545089285,21771.418450892896,8
S-C_weinstein,2018-07-25,228290.72145089292,21771.418450892896,8
S-C_weinstein,2018-07-26,227803.1074508929,21771.418450892896,8
S-C_weinstein,2018-07-27,224338.35956691846,37110.37756691844,7
S-C_weinstein,2018-07-30,220128.53362976367,13.945629763689794,9
S-C_weinstein,2018-07-31,222044.25262976368,13.945629763689794,9
S-C_weinstein,2018-08-01,221226.90262976362,13.945629763689794,9
S-C_weinstein,2018-08-02,224355.6936297637,13.945629763689794,9
S-C_weinstein,2018-08-03,234995.4644045846,13169.067404584623,8
S-C_weinstein,2018-08-06,234511.52208703462,24.168087034624477,9
S-C_weinstein,2018-08-07,233139.02408703463,24.168087034624477,9
S-C_weinstein,2018-08-08,233668.22108703465,24.168087034624477,9
S-C_weinstein,2018-08-09,233787.38708703464,24.168087034624477,9
S-C_weinstein,2018-08-10,235021.16908703462,24.168087034624477,9
S-C_weinstein,2018-08-13,235541.84108703464,24.168087034624477,9
S-C_weinstein,2018-08-14,240014.27308703467,24.168087034624477,9
S-C_weinstein,2018-08-15,236525.58808703464,24.168087034624477,9
S-C_weinstein,2018-08-16,238988.67408703465,24.168087034624477,9
S-C_weinstein,2018-08-17,239111.76308703463,24.168087034624477,9
S-C_weinstein,2018-08-20,241148.37208703463,24.168087034624477,9
S-C_weinstein,2018-08-21,242439.51408703465,24.168087034624477,9
S-C_weinstein,2018-08-22,245657.38508703467,24.168087034624477,9
S-C_weinstein,2018-08-23,245603.61908703463,24.168087034624477,9
S-C_weinstein,2018-08-24,248346.39308703467,24.168087034624477,9
S-C_weinstein,2018-08-27,249509.21408703466,24.168087034624477,9
S-C_weinstein,2018-08-28,247115.84308703465,24.168087034624477,9
S-C_weinstein,2018-08-29,248570.7920870346,24.168087034624477,9
S-C_weinstein,2018-08-30,248669.75708703464,24.168087034624477,9
S-C_weinstein,2018-08-31,249127.77908703458,24.168087034624477,9
S-C_weinstein,2018-09-04,252659.13308703463,24.168087034624477,9
S-C_weinstein,2018-09-05,252791.65508703463,24.168087034624477,9
S-C_weinstein,2018-09-06,252886.5080870346,24.168087034624477,9
S-C_weinstein,2018-09-07,254484.96608703467,24.168087034624477,9
S-C_weinstein,2018-09-10,257089.82008703463,24.168087034624477,9
S-C_weinstein,2018-09-11,261581.99308703464,24.168087034624477,9
S-C_weinstein,2018-09-12,263642.3980870346,24.168087034624477,9
S-C_weinstein,2018-09-13,262304.4600870346,24.168087034624477,9
S-C_weinstein,2018-09-14,262070.9360870346,24.168087034624477,9
S-C_weinstein,2018-09-17,254281.9220870346,24.168087034624477,9
S-C_weinstein,2018-09-18,251639.2810870347,24.168087034624477,9
S-C_weinstein,2018-09-19,242757.62908703464,24.168087034624477,9
S-C_weinstein,2018-09-20,246247.4140870346,24.168087034624477,9
S-C_weinstein,2018-09-21,244282.58508703465,24.168087034624477,9
S-C_weinstein,2018-09-24,243020.99408703466,24.168087034624477,9
S-C_weinstein,2018-09-25,245625.00608703462,24.168087034624477,9
S-C_weinstein,2018-09-26,244910.56308703465,24.168087034624477,9
S-C_weinstein,2018-09-27,246011.00708703464,24.168087034624477,9
S-C_weinstein,2018-09-28,247635.6370870346,24.168087034624477,9
S-C_weinstein,2018-10-01,245501.9190277346,8.393027734624479,10
S-C_weinstein,2018-10-02,242102.28302773464,8.393027734624479,10
S-C_weinstein,2018-10-03,244825.03002773464,8.393027734624479,10
S-C_weinstein,2018-10-04,240526.60702773463,8.393027734624479,10
S-C_weinstein,2018-10-05,238845.80781550138,20124.30881550137,9
S-C_weinstein,2018-10-08,235888.6258155014,20124.30881550137,9
S-C_weinstein,2018-10-09,234641.29981550138,20124.30881550137,9
S-C_weinstein,2018-10-10,227466.0378155014,20124.30881550137,9
S-C_weinstein,2018-10-11,227295.57781550137,20124.30881550137,9
S-C_weinstein,2018-10-12,233193.28281550136,20124.30881550137,9
S-C_weinstein,2018-10-15,231954.66381550135,20124.30881550137,9
S-C_weinstein,2018-10-16,238734.80781550135,20124.30881550137,9
S-C_weinstein,2018-10-17,239599.7928155014,20124.30881550137,9
S-C_weinstein,2018-10-18,231984.23581550136,20124.30881550137,9
S-C_weinstein,2018-10-19,228107.7962512087,29774.614251208695,8
S-C_weinstein,2018-10-22,230985.11960483258,6973.235604832582,9
S-C_weinstein,2018-10-23,227486.94460483262,6973.235604832582,9
S-C_weinstein,2018-10-24,219732.11360483256,6973.235604832582,9
S-C_weinstein,2018-10-25,225014.8546048326,6973.235604832582,9
S-C_weinstein,2018-10-26,222382.42760483257,6973.235604832582,9
S-C_weinstein,2018-10-29,220043.82487893867,26393.469878938686,8
S-C_weinstein,2018-10-30,226419.5888789387,26393.469878938686,8
S-C_weinstein,2018-10-31,227455.89387893866,26393.469878938686,8
S-C_weinstein,2018-11-01,229056.23987893868,26393.469878938686,8
S-C_weinstein,2018-11-02,220806.66415263317,38170.725152633175,7
S-C_weinstein,2018-11-05,220784.4471526332,38170.725152633175,7
S-C_weinstein,2018-11-06,222027.92015263316,38170.725152633175,7
S-C_weinstein,2018-11-07,201388.4301526332,38170.725152633175,7
S-C_weinstein,2018-11-08,201424.76315263318,38170.725152633175,7
S-C_weinstein,2018-11-09,199455.73715263317,38170.725152633175,7
S-C_weinstein,2018-11-12,196184.49586813222,13.88886813224235,9
S-C_weinstein,2018-11-13,198837.99386813224,13.88886813224235,9
S-C_weinstein,2018-11-14,196784.44086813222,13.88886813224235,9
S-C_weinstein,2018-11-15,200616.0888681322,13.88886813224235,9
S-C_weinstein,2018-11-16,200418.26819448225,22421.78219448224,8
S-C_weinstein,2018-11-19,193973.75819448225,22421.78219448224,8
S-C_weinstein,2018-11-20,191694.07172578486,40298.46172578483,7
S-C_weinstein,2018-11-21,192515.41172578483,40298.46172578483,7
S-C_weinstein,2018-11-23,190963.17272578483,40298.46172578483,7
S-C_weinstein,2018-11-26,194115.8841399848,55961.169139984835,6
S-C_weinstein,2018-11-27,190585.73813998484,55961.169139984835,6
S-C_weinstein,2018-11-28,194747.43313998485,55961.169139984835,6
S-C_weinstein,2018-11-29,194632.4801399848,55961.169139984835,6
S-C_weinstein,2018-11-30,195719.99213998485,55961.169139984835,6
S-C_weinstein,2018-12-03,199362.63613998482,55961.169139984835,6
S-C_weinstein,2018-12-04,193417.92213998485,55961.169139984835,6
S-C_weinstein,2018-12-06,193219.05813998485,55961.169139984835,6
S-C_weinstein,2018-12-07,189194.33613998484,55961.169139984835,6
S-C_weinstein,2018-12-10,188783.50157959282,76989.46957959281,5
S-C_weinstein,2018-12-11,189349.7955795928,76989.46957959281,5
S-C_weinstein,2018-12-12,189426.28957959282,76989.46957959281,5
S-C_weinstein,2018-12-13,187003.0795795928,76989.46957959281,5
S-C_weinstein,2018-12-14,186099.1295795928,76989.46957959281,5
S-C_weinstein,2018-12-17,183054.1835795928,76989.46957959281,5
S-C_weinstein,2018-12-18,183834.74557959283,76989.46957959281,5
S-C_weinstein,2018-12-19,181096.4775795928,76989.46957959281,5
S-C_weinstein,2018-12-20,177933.6015795928,76989.46957959281,5
S-C_weinstein,2018-12-21,175247.5036569333,94820.98365693328,4
S-C_weinstein,2018-12-24,173014.8416569333,94820.98365693328,4
S-C_weinstein,2018-12-26,178472.9176569333,94820.98365693328,4
S-C_weinstein,2018-12-27,178876.54765693325,94820.98365693328,4
S-C_weinstein,2018-12-28,178072.2076569333,94820.98365693328,4
S-C_weinstein,2018-12-31,178608.93831811158,139279.83231811158,3
S-C_weinstein,2019-01-02,178772.75431811158,139279.83231811158,3
S-C_weinstein,2019-01-03,177088.70231811158,139279.83231811158,3
S-C_weinstein,2019-01-04,177736.57031811157,139279.83231811158,3
S-C_weinstein,2019-01-07,178408.59715066594,158176.48715066593,2
S-C_weinstein,2019-01-08,178427.51715066592,158176.48715066593,2
S-C_weinstein,2019-01-09,178418.05715066593,158176.48715066593,2
S-C_weinstein,2019-01-10,178616.70715066593,158176.48715066593,2
S-C_weinstein,2019-01-11,178720.76715066592,158176.48715066593,2
S-C_weinstein,2019-01-14,178597.77715066593,158176.48715066593,2
S-C_weinstein,2019-01-15,178484.23715066593,158176.48715066593,2
S-C_weinstein,2019-01-16,178531.52715066593,158176.48715066593,2
S-C_weinstein,2019-01-17,178682.89715066593,158176.48715066593,2
S-C_weinstein,2019-01-18,178739.64715066593,158176.48715066593,2
S-C_weinstein,2019-01-22,178257.21715066594,158176.48715066593,2
S-C_weinstein,2019-01-23,178247.77715066593,158176.48715066593,2
S-C_weinstein,2019-01-24,178645.10715066592,158176.48715066593,2
S-C_weinstein,2019-01-25,178909.97715066592,158176.48715066593,2
S-C_weinstein,2019-01-28,178749.10087589093,158192.5208758909,1
S-C_weinstein,2019-01-29,178588.28087589092,158192.5208758909,1
S-C_weinstein,2019-01-30,178663.96087589092,158192.5208758909,1
S-C_weinstein,2019-01-31,179742.40087589092,158192.5208758909,1
S-C_weinstein,2019-02-01,179628.8808758909,158192.5208758909,1
S-C_weinstein,2019-02-04,179723.4808758909,158192.5208758909,1
S-C_weinstein,2019-02-05,179619.4208758909,158192.5208758909,1
S-C_weinstein,2019-02-06,179818.0808758909,158192.5208758909,1
S-C_weinstein,2019-02-07,179439.68087589092,158192.5208758909,1
S-C_weinstein,2019-02-08,179666.72087589093,158192.5208758909,1
S-C_weinstein,2019-02-11,179893.7608758909,158192.5208758909,1
S-C_weinstein,2019-02-12,179903.22087589093,158192.5208758909,1
S-C_weinstein,2019-02-13,179912.68087589092,158192.5208758909,1
S-C_weinstein,2019-02-14,179950.5208758909,158192.5208758909,1
S-C_weinstein,2019-02-15,180310.00087589092,158192.5208758909,1
S-C_weinstein,2019-02-19,180574.8808758909,158192.5208758909,1
S-C_weinstein,2019-02-20,180839.7608758909,158192.5208758909,1
S-C_weinstein,2019-02-21,180830.3008758909,158192.5208758909,1
S-C_weinstein,2019-02-22,181076.2608758909,158192.5208758909,1
S-C_weinstein,2019-02-25,181426.28087589092,158192.5208758909,1
S-C_weinstein,2019-02-26,181350.60087589093,158192.5208758909,1
S-C_weinstein,2019-02-27,181303.3008758909,158192.5208758909,1
S-C_weinstein,2019-02-28,181360.06087589092,158192.5208758909,1
S-C_weinstein,2019-03-01,181464.12087589092,158192.5208758909,1
S-C_weinstein,2019-03-04,181369.5208758909,158192.5208758909,1
S-C_weinstein,2019-03-05,180953.28087589092,158192.5208758909,1
S-C_weinstein,2019-03-06,180584.34087589092,158192.5208758909,1
S-C_weinstein,2019-03-07,180385.68087589092,158192.5208758909,1
S-C_weinstein,2019-03-08,180357.3008758909,158192.5208758909,1
S-C_weinstein,2019-03-11,180710.6167121409,140164.09671214092,2
S-C_weinstein,2019-03-12,181899.77671214094,140164.09671214092,2
S-C_weinstein,2019-03-13,181662.7767121409,140164.09671214092,2
S-C_weinstein,2019-03-14,181378.0567121409,140164.09671214092,2
S-C_weinstein,2019-03-15,181266.15671214092,140164.09671214092,2
S-C_weinstein,2019-03-18,180427.16496714094,104541.76496714092,4
S-C_weinstein,2019-03-19,180675.20496714092,104541.76496714092,4
S-C_weinstein,2019-03-20,178531.13830830093,120711.07830830092,3
S-C_weinstein,2019-03-21,178085.19830830093,120711.07830830092,3
S-C_weinstein,2019-03-22,175751.51729056716,136457.81729056715,2
S-C_weinstein,2019-03-25,176196.77729056714,136457.81729056715,2
S-C_weinstein,2019-03-26,176322.29729056716,136457.81729056715,2
S-C_weinstein,2019-03-27,176227.97729056716,136457.81729056715,2
S-C_weinstein,2019-03-28,175978.97729056716,136457.81729056715,2
S-C_weinstein,2019-03-29,176424.73729056717,136457.81729056715,2
S-C_weinstein,2019-04-01,176417.59729056715,136457.81729056715,2
S-C_weinstein,2019-04-02,176350.17729056714,136457.81729056715,2
S-C_weinstein,2019-04-03,176884.03729056715,136457.81729056715,2
S-C_weinstein,2019-04-04,177278.11729056714,136457.81729056715,2
S-C_weinstein,2019-04-05,177481.29729056713,136457.81729056715,2
S-C_weinstein,2019-04-08,178020.73729056714,136457.81729056715,2
S-C_weinstein,2019-04-09,177940.25729056715,136457.81729056715,2
S-C_weinstein,2019-04-10,178626.25729056715,136457.81729056715,2
S-C_weinstein,2019-04-11,178581.21729056715,136457.81729056715,2
S-C_weinstein,2019-04-12,178952.27729056714,136457.81729056715,2
S-C_weinstein,2019-04-15,178815.17729056714,136457.81729056715,2
S-C_weinstein,2019-04-16,178981.85729056713,136457.81729056715,2
S-C_weinstein,2019-04-17,178899.11729056714,136457.81729056715,2
S-C_weinstein,2019-04-18,179080.83729056717,136457.81729056715,2
S-C_weinstein,2019-04-22,179221.11729056714,136457.81729056715,2
S-C_weinstein,2019-04-23,180228.05729056714,136457.81729056715,2
S-C_weinstein,2019-04-24,180119.33729056714,136457.81729056715,2
S-C_weinstein,2019-04-25,179729.07729056716,136457.81729056715,2
S-C_weinstein,2019-04-26,180169.11729056714,136457.81729056715,2
S-C_weinstein,2019-04-29,179957.95729056717,136457.81729056715,2
S-C_weinstein,2019-04-30,180097.59729056715,136457.81729056715,2
S-C_weinstein,2019-05-01,179888.77729056717,136457.81729056715,2
S-C_weinstein,2019-05-02,180159.51729056716,136457.81729056715,2
S-C_weinstein,2019-05-03,181039.65729056715,136457.81729056715,2
S-C_weinstein,2019-05-06,180935.31729056715,136457.81729056715,2
S-C_weinstein,2019-05-07,179783.01729056716,136457.81729056715,2
S-C_weinstein,2019-05-08,180304.03729056715,136457.81729056715,2
S-C_weinstein,2019-05-09,180361.71729056715,136457.81729056715,2
S-C_weinstein,2019-05-10,180391.29729056713,136457.81729056715,2
S-C_weinstein,2019-05-13,179042.17729056714,136457.81729056715,2
S-C_weinstein,2019-05-14,179042.73729056714,136457.81729056715,2
S-C_weinstein,2019-05-15,179036.73729056714,136457.81729056715,2
S-C_weinstein,2019-05-16,178493.35729056716,136457.81729056715,2
S-C_weinstein,2019-05-17,177767.89729056717,136457.81729056715,2
S-C_weinstein,2019-05-20,177069.25729056715,136457.81729056715,2
S-C_weinstein,2019-05-21,177368.65729056715,136457.81729056715,2
S-C_weinstein,2019-05-22,176504.11729056714,136457.81729056715,2
S-C_weinstein,2019-05-23,177186.59729056715,136457.81729056715,2
S-C_weinstein,2019-05-24,177298.13729056716,136457.81729056715,2
S-C_weinstein,2019-05-28,177470.39729056717,136457.81729056715,2
S-C_weinstein,2019-05-29,176698.33729056717,136457.81729056715,2
S-C_weinstein,2019-05-30,177154.11729056714,136457.81729056715,2
S-C_weinstein,2019-05-31,176674.05729056714,136457.81729056715,2
S-C_weinstein,2019-06-03,176246.29729056713,136457.81729056715,2
S-C_weinstein,2019-06-04,176826.25729056715,136457.81729056715,2
S-C_weinstein,2019-06-05,177188.77729056714,136457.81729056715,2
S-C_weinstein,2019-06-06,176816.93729056715,136457.81729056715,2
S-C_weinstein,2019-06-07,177333.99729056715,136457.81729056715,2
S-C_weinstein,2019-06-10,176357.54375989188,101047.02875989187,4
S-C_weinstein,2019-06-11,176087.28875989188,101047.02875989187,4
S-C_weinstein,2019-06-12,175894.70875989186,101047.02875989187,4
S-C_weinstein,2019-06-13,174892.44375989184,101047.02875989187,4
S-C_weinstein,2019-06-14,173941.14375989186,101047.02875989187,4
S-C_weinstein,2019-06-17,173929.05875989186,101047.02875989187,4
S-C_weinstein,2019-06-18,175206.23375989188,101047.02875989187,4
S-C_weinstein,2019-06-19,175690.21875989187,101047.02875989187,4
S-C_weinstein,2019-06-20,175591.84375989187,101047.02875989187,4
S-C_weinstein,2019-06-21,175057.30875989186,101047.02875989187,4
S-C_weinstein,2019-06-24,173591.20507051187,66047.75507051188,6
S-C_weinstein,2019-06-25,171714.97712898912,81749.26212898911,5
S-C_weinstein,2019-06-26,171730.2821289891,81749.26212898911,5
S-C_weinstein,2019-06-27,171883.5271289891,81749.26212898911,5
S-C_weinstein,2019-06-28,172015.0571289891,81749.26212898911,5
S-C_weinstein,2019-07-01,172877.01913946905,64562.071139469044,6
S-C_weinstein,2019-07-02,172757.57913946905,64562.071139469044,6
S-C_weinstein,2019-07-03,174149.11113946905,64562.071139469044,6
S-C_weinstein,2019-07-05,173888.30313946903,64562.071139469044,6
S-C_weinstein,2019-07-08,172906.86813946906,64562.071139469044,6
S-C_weinstein,2019-07-09,173120.75313946902,64562.071139469044,6
S-C_weinstein,2019-07-10,173210.48113946905,64562.071139469044,6
S-C_weinstein,2019-07-11,174224.99113946906,64562.071139469044,6
S-C_weinstein,2019-07-12,174491.08113946905,64562.071139469044,6
S-C_weinstein,2019-07-15,174532.15904861904,47136.422048619046,7
S-C_weinstein,2019-07-16,174728.85204861907,47136.422048619046,7
S-C_weinstein,2019-07-17,174332.01704861905,47136.422048619046,7
S-C_weinstein,2019-07-18,174294.31404861904,47136.422048619046,7
S-C_weinstein,2019-07-19,173298.62004861905,47136.422048619046,7
S-C_weinstein,2019-07-22,173303.91704861904,47136.422048619046,7
S-C_weinstein,2019-07-23,173984.60804861903,47136.422048619046,7
S-C_weinstein,2019-07-24,174983.48504861904,47136.422048619046,7
S-C_weinstein,2019-07-25,174721.25304861905,47136.422048619046,7
S-C_weinstein,2019-07-26,175587.93504861905,47136.422048619046,7
S-C_weinstein,2019-07-29,175864.9842402851,29618.04124028509,8
S-C_weinstein,2019-07-30,176535.2772402851,29618.04124028509,8
S-C_weinstein,2019-07-31,176348.3752402851,29618.04124028509,8
S-C_weinstein,2019-08-01,174731.5042402851,29618.04124028509,8
S-C_weinstein,2019-08-02,172626.5362402851,29618.04124028509,8
S-C_weinstein,2019-08-05,168821.23263877368,15902.84963877369,9
S-C_weinstein,2019-08-06,168484.14673389212,32055.52973389213,8
S-C_weinstein,2019-08-07,168593.7887338921,32055.52973389213,8
S-C_weinstein,2019-08-08,171145.22573389215,32055.52973389213,8
S-C_weinstein,2019-08-09,169968.17673389212,32055.52973389213,8
S-C_weinstein,2019-08-12,168898.90099400212,31.687994002129926,10
S-C_weinstein,2019-08-13,170611.14599400215,31.687994002129926,10
S-C_weinstein,2019-08-14,162464.69469270215,11144.16569270213,9
S-C_weinstein,2019-08-15,162471.55269270216,11144.16569270213,9
S-C_weinstein,2019-08-16,164425.57669270213,11144.16569270213,9
S-C_weinstein,2019-08-19,165227.56603775214,15.343037752129021,10
S-C_weinstein,2019-08-20,164602.6940377521,15.343037752129021,10
S-C_weinstein,2019-08-21,165188.52703775215,15.343037752129021,10
S-C_weinstein,2019-08-22,165741.99303775217,15.343037752129021,10
S-C_weinstein,2019-08-23,162697.34403775213,15.343037752129021,10
S-C_weinstein,2019-08-26,164174.40303775214,15.343037752129021,10
S-C_weinstein,2019-08-27,163158.57303775212,15.343037752129021,10
S-C_weinstein,2019-08-28,164008.32303775212,15.343037752129021,10
S-C_weinstein,2019-08-29,165391.60603775212,15.343037752129021,10
S-C_weinstein,2019-08-30,165665.6240377521,15.343037752129021,10
S-C_weinstein,2019-09-03,164520.18003775214,15.343037752129021,10
S-C_weinstein,2019-09-04,165416.37803775212,15.343037752129021,10
S-C_weinstein,2019-09-05,166168.7270377521,15.343037752129021,10
S-C_weinstein,2019-09-06,166260.23003775213,15.343037752129021,10
S-C_weinstein,2019-09-09,165119.4980377521,15.343037752129021,10
S-C_weinstein,2019-09-10,165562.19803775212,15.343037752129021,10
S-C_weinstein,2019-09-11,166754.97803775215,15.343037752129021,10
S-C_weinstein,2019-09-12,167929.0370377521,15.343037752129021,10
S-C_weinstein,2019-09-13,167166.51903775212,15.343037752129021,10
S-C_weinstein,2019-09-16,166949.63703775214,15.343037752129021,10
S-C_weinstein,2019-09-17,167680.51903775212,15.343037752129021,10
S-C_weinstein,2019-09-18,167502.2980377521,15.343037752129021,10
S-C_weinstein,2019-09-19,167268.8470377521,15.343037752129021,10
S-C_weinstein,2019-09-20,168966.83303775213,15.343037752129021,10
S-C_weinstein,2019-09-23,167856.04303775216,15.343037752129021,10
S-C_weinstein,2019-09-24,166254.36178380213,22423.116783802132,9
S-C_weinstein,2019-09-25,166781.31378380215,22423.116783802132,9
S-C_weinstein,2019-09-26,165411.38548304577,32394.05548304577,8
S-C_weinstein,2019-09-27,165354.55048304575,32394.05548304577,8
S-C_weinstein,2019-09-30,165847.52748304576,32394.05548304577,8
S-C_weinstein,2019-10-01,164575.59648304578,32394.05548304577,8
S-C_weinstein,2019-10-02,164079.2904830458,32394.05548304577,8
S-C_weinstein,2019-10-03,164573.11437059578,49317.677370595775,7
S-C_weinstein,2019-10-04,165337.60137059577,49317.677370595775,7
S-C_weinstein,2019-10-07,165505.96237059578,49317.677370595775,7
S-C_weinstein,2019-10-08,163611.96837059577,49317.677370595775,7
S-C_weinstein,2019-10-09,164966.8903705958,49317.677370595775,7
S-C_weinstein,2019-10-10,165281.10437059577,49317.677370595775,7
S-C_weinstein,2019-10-11,165826.43537059578,49317.677370595775,7
S-C_weinstein,2019-10-14,165860.92270257603,16175.31670257602,9
S-C_weinstein,2019-10-15,166102.07970257604,16175.31670257602,9
S-C_weinstein,2019-10-16,165799.512702576,16175.31670257602,9
S-C_weinstein,2019-10-17,166845.64470257604,16175.31670257602,9
S-C_weinstein,2019-10-18,165936.609702576,16175.31670257602,9
S-C_weinstein,2019-10-21,167047.735702576,16175.31670257602,9
S-C_weinstein,2019-10-22,166394.181702576,16175.31670257602,9
S-C_weinstein,2019-10-23,166601.55870257603,16175.31670257602,9
S-C_weinstein,2019-10-24,166675.13870257605,16175.31670257602,9
S-C_weinstein,2019-10-25,166873.67970257602,16175.31670257602,9
S-C_weinstein,2019-10-28,166605.35566057602,101.21666057601942,10
S-C_weinstein,2019-10-29,165982.5654372138,14524.564437213818,9
S-C_weinstein,2019-10-30,165902.72543721384,14524.564437213818,9
S-C_weinstein,2019-10-31,164739.03643721383,14524.564437213818,9
S-C_weinstein,2019-11-01,167051.5704372138,14524.564437213818,9
S-C_weinstein,2019-11-04,167396.9844372138,14524.564437213818,9
S-C_weinstein,2019-11-05,167707.0064372138,14524.564437213818,9
S-C_weinstein,2019-11-06,168734.51043721382,14524.564437213818,9
S-C_weinstein,2019-11-07,168235.68443721381,14524.564437213818,9
S-C_weinstein,2019-11-08,168329.58643721382,14524.564437213818,9
S-C_weinstein,2019-11-11,168286.61643721384,14524.564437213818,9
S-C_weinstein,2019-11-12,168812.13543721382,14524.564437213818,9
S-C_weinstein,2019-11-13,169091.60443721383,14524.564437213818,9
S-C_weinstein,2019-11-14,168803.43443721381,14524.564437213818,9
S-C_weinstein,2019-11-15,169689.35943721383,14524.564437213818,9
S-C_weinstein,2019-11-18,169274.11643721384,14524.564437213818,9
S-C_weinstein,2019-11-19,168743.2834372138,14524.564437213818,9
S-C_weinstein,2019-11-20,168358.00843721384,14524.564437213818,9
S-C_weinstein,2019-11-21,167997.65743721384,14524.564437213818,9
S-C_weinstein,2019-11-22,167999.44243721385,14524.564437213818,9
S-C_weinstein,2019-11-25,169433.33043721382,14524.564437213818,9
S-C_weinstein,2019-11-26,169313.8064372138,14524.564437213818,9
S-C_weinstein,2019-11-27,169435.4714372138,14524.564437213818,9
S-C_weinstein,2019-11-29,168610.91143721383,14524.564437213818,9
S-C_weinstein,2019-12-02,167312.87239656382,21.685396563820177,10
S-C_weinstein,2019-12-03,167620.97948506384,18352.747485063825,9
S-C_weinstein,2019-12-04,167065.4774013453,48204.705401345294,7
S-C_weinstein,2019-12-05,166478.3334013453,48204.705401345294,7
S-C_weinstein,2019-12-06,167282.3454013453,48204.705401345294,7
S-C_weinstein,2019-12-09,167629.73740134528,48204.705401345294,7
S-C_weinstein,2019-12-10,167735.27240134528,48204.705401345294,7
S-C_weinstein,2019-12-11,167472.07740134528,48204.705401345294,7
S-C_weinstein,2019-12-12,167821.0424013453,48204.705401345294,7
S-C_weinstein,2019-12-13,168033.7154013453,48204.705401345294,7
S-C_weinstein,2019-12-16,168504.3954013453,48204.705401345294,7
S-C_weinstein,2019-12-17,168422.2254013453,48204.705401345294,7
S-C_weinstein,2019-12-18,167859.3034013453,48204.705401345294,7
S-C_weinstein,2019-12-19,168351.49540134528,48204.705401345294,7
S-C_weinstein,2019-12-20,168879.8244013453,48204.705401345294,7
S-C_weinstein,2019-12-23,170312.3068538453,31326.796853845295,8
S-C_weinstein,2019-12-24,171851.2428538453,31326.796853845295,8
S-C_weinstein,2019-12-26,175612.6068538453,31326.796853845295,8
S-C_weinstein,2019-12-27,177058.21685384528,31326.796853845295,8
S-C_weinstein,2019-12-30,171274.72485384528,31326.796853845295,8
S-C_weinstein,2019-12-31,170920.7628538453,31326.796853845295,8
S-C_weinstein,2020-01-02,169494.83385384528,31326.796853845295,8
S-C_weinstein,2020-01-03,169021.3128538453,31326.796853845295,8
S-C_weinstein,2020-01-06,167613.4248538453,31326.796853845295,8
S-C_weinstein,2020-01-07,166489.49524157715,46448.66524157717,7
S-C_weinstein,2020-01-08,167021.60324157716,46448.66524157717,7
S-C_weinstein,2020-01-09,167578.05724157716,46448.66524157717,7
S-C_weinstein,2020-01-10,167543.63924157716,46448.66524157717,7
S-C_weinstein,2020-01-13,167743.69224157714,46448.66524157717,7
S-C_weinstein,2020-01-14,167838.84524157716,46448.66524157717,7
S-C_weinstein,2020-01-15,168335.42824157717,46448.66524157717,7
S-C_weinstein,2020-01-16,169101.6662415772,46448.66524157717,7
S-C_weinstein,2020-01-17,168846.92024157714,46448.66524157717,7
S-C_weinstein,2020-01-21,172135.44763393965,29824.587633939667,8
S-C_weinstein,2020-01-22,174137.53863393966,29824.587633939667,8
S-C_weinstein,2020-01-23,174818.63963393966,29824.587633939667,8
S-C_weinstein,2020-01-24,174046.67063393965,29824.587633939667,8
S-C_weinstein,2020-01-27,172557.1996339397,29824.587633939667,8
S-C_weinstein,2020-01-28,174783.03863393966,29824.587633939667,8
S-C_weinstein,2020-01-29,173728.58763393966,29824.587633939667,8
S-C_weinstein,2020-01-30,171621.20663393967,29824.587633939667,8
S-C_weinstein,2020-01-31,170240.65873642545,45543.893736425474,7
S-C_weinstein,2020-02-03,173131.91373642546,45543.893736425474,7
S-C_weinstein,2020-02-04,173965.79873642547,45543.893736425474,7
S-C_weinstein,2020-02-05,173664.25373642548,45543.893736425474,7
S-C_weinstein,2020-02-06,173700.81873642546,45543.893736425474,7
S-C_weinstein,2020-02-07,174582.67873642547,45543.893736425474,7
S-C_weinstein,2020-02-10,174958.2699890755,28100.069989075477,8
S-C_weinstein,2020-02-11,174311.94498907548,28100.069989075477,8
S-C_weinstein,2020-02-12,174612.79998907546,28100.069989075477,8
S-C_weinstein,2020-02-13,176293.8399890755,28100.069989075477,8
S-C_weinstein,2020-02-14,176077.75998907548,28100.069989075477,8
S-C_weinstein,2020-02-18,176582.79998907546,28100.069989075477,8
S-C_weinstein,2020-02-19,179550.19498907548,28100.069989075477,8
S-C_weinstein,2020-02-20,180652.5999890755,28100.069989075477,8
S-C_weinstein,2020-02-21,178369.31498907547,28100.069989075477,8
S-C_weinstein,2020-02-24,175288.93302767546,1.4380276754800434,10
S-C_weinstein,2020-02-25,172324.0735696432,15940.22356964323,9
S-C_weinstein,2020-02-26,157981.02420200946,46463.574202009455,7
S-C_weinstein,2020-02-27,155652.89046810067,69217.21546810068,5
S-C_weinstein,2020-02-28,155481.47046810068,69217.21546810068,5
S-C_weinstein,2020-03-02,157203.76046810066,69217.21546810068,5
S-C_weinstein,2020-03-03,156650.21046810067,69217.21546810068,5
S-C_weinstein,2020-03-04,159352.28046810068,69217.21546810068,5
S-C_weinstein,2020-03-05,158939.51546810067,69217.21546810068,5
S-C_weinstein,2020-03-06,156958.34046810068,69217.21546810068,5
S-C_weinstein,2020-03-09,152783.1434626312,84082.1784626312,4
S-C_weinstein,2020-03-10,155445.1234626312,84082.1784626312,4
S-C_weinstein,2020-03-11,154219.6334626312,84082.1784626312,4
S-C_weinstein,2020-03-12,151525.9134626312,84082.1784626312,4
S-C_weinstein,2020-03-13,153200.3784626312,84082.1784626312,4
S-C_weinstein,2020-03-16,150296.39846263122,84082.1784626312,4
S-C_weinstein,2020-03-17,153260.2098888199,98955.9748888199,3
S-C_weinstein,2020-03-18,150756.7398888199,98955.9748888199,3
S-C_weinstein,2020-03-19,149812.1848888199,98955.9748888199,3
S-C_weinstein,2020-03-20,149067.4648888199,98955.9748888199,3
S-C_weinstein,2020-03-23,149038.8698888199,98955.9748888199,3
S-C_weinstein,2020-03-24,150712.6248888199,98955.9748888199,3
S-C_weinstein,2020-03-25,149583.8898888199,98955.9748888199,3
S-C_weinstein,2020-03-26,151761.99988881988,98955.9748888199,3
S-C_weinstein,2020-03-27,151833.5748888199,98955.9748888199,3
S-C_weinstein,2020-03-30,153518.7448888199,98955.9748888199,3
S-C_weinstein,2020-03-31,153244.4848888199,98955.9748888199,3
S-C_weinstein,2020-04-01,152440.9948888199,98955.9748888199,3
S-C_weinstein,2020-04-02,153491.5998888199,98955.9748888199,3
S-C_weinstein,2020-04-03,153887.0748888199,98955.9748888199,3
S-C_weinstein,2020-04-06,154056.3948888199,98955.9748888199,3
S-C_weinstein,2020-04-07,153571.75988881988,98955.9748888199,3
S-C_weinstein,2020-04-08,154166.75988881988,98955.9748888199,3
S-C_weinstein,2020-04-09,154496.5798888199,98955.9748888199,3
S-C_weinstein,2020-04-13,155041.6048888199,98955.9748888199,3
S-C_weinstein,2020-04-14,156641.22988881991,98955.9748888199,3
S-C_weinstein,2020-04-15,157336.6498888199,98955.9748888199,3
S-C_weinstein,2020-04-16,158882.38488881988,98955.9748888199,3
S-C_weinstein,2020-04-17,159000.7348888199,98955.9748888199,3
S-C_weinstein,2020-04-20,159814.0348888199,98955.9748888199,3
S-C_weinstein,2020-04-21,159209.8998888199,98955.9748888199,3
S-C_weinstein,2020-04-22,159915.47988881991,98955.9748888199,3
S-C_weinstein,2020-04-23,159907.6198888199,98955.9748888199,3
S-C_weinstein,2020-04-24,160272.4098888199,98955.9748888199,3
S-C_weinstein,2020-04-27,160551.1098888199,98955.9748888199,3
S-C_weinstein,2020-04-28,159998.5348888199,98955.9748888199,3
S-C_weinstein,2020-04-29,159207.7848888199,98955.9748888199,3
S-C_weinstein,2020-04-30,158711.7698888199,98955.9748888199,3
S-C_weinstein,2020-05-01,158720.1648888199,98955.9748888199,3
S-C_weinstein,2020-05-04,159824.4098888199,98955.9748888199,3
S-C_weinstein,2020-05-05,159994.31488881988,98955.9748888199,3
S-C_weinstein,2020-05-06,161850.6448888199,98955.9748888199,3
S-C_weinstein,2020-05-07,161501.6698888199,98955.9748888199,3
S-C_weinstein,2020-05-08,162157.4798888199,98955.9748888199,3
S-C_weinstein,2020-05-11,162611.6648888199,98955.9748888199,3
S-C_weinstein,2020-05-12,162541.1998888199,98955.9748888199,3
S-C_weinstein,2020-05-13,161724.9348888199,98955.9748888199,3
S-C_weinstein,2020-05-14,162378.6048888199,98955.9748888199,3
S-C_weinstein,2020-05-15,163078.24988881988,98955.9748888199,3
S-C_weinstein,2020-05-18,161498.99988881988,98955.9748888199,3
S-C_weinstein,2020-05-19,160699.0798888199,98955.9748888199,3
S-C_weinstein,2020-05-20,160259.0298888199,98955.9748888199,3
S-C_weinstein,2020-05-21,159750.4048888199,98955.9748888199,3
S-C_weinstein,2020-05-22,160727.44488881988,98955.9748888199,3
S-C_weinstein,2020-05-26,158276.63488881988,98955.9748888199,3
S-C_weinstein,2020-05-27,159341.6698888199,98955.9748888199,3
S-C_weinstein,2020-05-28,160050.5598888199,98955.9748888199,3
S-C_weinstein,2020-05-29,161620.97988881991,98955.9748888199,3
S-C_weinstein,2020-06-01,162597.8648888199,98955.9748888199,3
S-C_weinstein,2020-06-02,162715.3048888199,98955.9748888199,3
S-C_weinstein,2020-06-03,160137.9148888199,98955.9748888199,3
S-C_weinstein,2020-06-04,158591.5948888199,98955.9748888199,3
S-C_weinstein,2020-06-05,158836.9698888199,98955.9748888199,3
S-C_weinstein,2020-06-08,159653.7748888199,98955.9748888199,3
S-C_weinstein,2020-06-09,159245.0998888199,98955.9748888199,3
S-C_weinstein,2020-06-10,159952.2348888199,98955.9748888199,3
S-C_weinstein,2020-06-11,159621.06988881988,98955.9748888199,3
S-C_weinstein,2020-06-12,159270.9898888199,98955.9748888199,3
S-C_weinstein,2020-06-15,160462.4914825699,83037.9164825699,4
S-C_weinstein,2020-06-16,161892.3464825699,83037.9164825699,4
S-C_weinstein,2020-06-17,162349.3964825699,83037.9164825699,4
S-C_weinstein,2020-06-18,162571.35648256988,83037.9164825699,4
S-C_weinstein,2020-06-19,162428.89148256992,83037.9164825699,4
S-C_weinstein,2020-06-22,164176.0514825699,83037.9164825699,4
S-C_weinstein,2020-06-23,163273.09148256987,83037.9164825699,4
S-C_weinstein,2020-06-24,162434.2814825699,83037.9164825699,4
S-C_weinstein,2020-06-25,163758.0014825699,83037.9164825699,4
S-C_weinstein,2020-06-26,163119.3014825699,83037.9164825699,4
S-C_weinstein,2020-06-29,163279.45648256992,83037.9164825699,4
S-C_weinstein,2020-06-30,164213.51648256992,83037.9164825699,4
S-C_weinstein,2020-07-01,164908.8714825699,83037.9164825699,4
S-C_weinstein,2020-07-02,165107.98148256988,83037.9164825699,4
S-C_weinstein,2020-07-06,165758.4014825699,83037.9164825699,4
S-C_weinstein,2020-07-07,165911.32648256992,83037.9164825699,4
S-C_weinstein,2020-07-08,166769.98148256988,83037.9164825699,4
S-C_weinstein,2020-07-09,167272.41648256988,83037.9164825699,4
S-C_weinstein,2020-07-10,166836.0014825699,83037.9164825699,4
S-C_weinstein,2020-07-13,165156.6214825699,83037.9164825699,4
S-C_weinstein,2020-07-14,168540.8164825699,83037.9164825699,4
S-C_weinstein,2020-07-15,169425.9714825699,83037.9164825699,4
S-C_weinstein,2020-07-16,168408.8064825699,83037.9164825699,4
S-C_weinstein,2020-07-17,167361.8064825699,83037.9164825699,4
S-C_weinstein,2020-07-20,169388.9235466699,66309.1685466699,5
S-C_weinstein,2020-07-21,171527.5035466699,66309.1685466699,5
S-C_weinstein,2020-07-22,171163.1935466699,66309.1685466699,5
S-C_weinstein,2020-07-23,171434.7985466699,66309.1685466699,5
S-C_weinstein,2020-07-24,170877.8685466699,66309.1685466699,5
S-C_weinstein,2020-07-27,172189.3185466699,66309.1685466699,5
S-C_weinstein,2020-07-28,173050.3585466699,66309.1685466699,5
S-C_weinstein,2020-07-29,172562.7585466699,66309.1685466699,5
S-C_weinstein,2020-07-30,172425.64354666992,66309.1685466699,5
S-C_weinstein,2020-07-31,173973.9285466699,66309.1685466699,5
S-C_weinstein,2020-08-03,174075.385825507,64500.13082550702,5
S-C_weinstein,2020-08-04,174846.10582550702,64500.13082550702,5
S-C_weinstein,2020-08-05,174651.41582550702,64500.13082550702,5
S-C_weinstein,2020-08-06,174324.215825507,64500.13082550702,5
S-C_weinstein,2020-08-07,174456.61582550703,64500.13082550702,5
S-C_weinstein,2020-08-10,173376.92582550703,64500.13082550702,5
S-C_weinstein,2020-08-11,171799.66582550702,64500.13082550702,5
S-C_weinstein,2020-08-12,173180.220825507,64500.13082550702,5
S-C_weinstein,2020-08-13,174408.57582550703,64500.13082550702,5
S-C_weinstein,2020-08-14,175067.81582550702,64500.13082550702,5
S-C_weinstein,2020-08-17,176491.04582550703,64500.13082550702,5
S-C_weinstein,2020-08-18,176877.335825507,64500.13082550702,5
S-C_weinstein,2020-08-19,177704.025825507,64500.13082550702,5
S-C_weinstein,2020-08-20,180496.455825507,64500.13082550702,5
S-C_weinstein,2020-08-21,179259.195825507,64500.13082550702,5
S-C_weinstein,2020-08-24,178844.742895487,46574.31289548702,6
S-C_weinstein,2020-08-25,180323.58789548703,46574.31289548702,6
S-C_weinstein,2020-08-26,182524.11289548705,46574.31289548702,6
S-C_weinstein,2020-08-27,182170.02289548703,46574.31289548702,6
S-C_weinstein,2020-08-28,183359.09789548698,46574.31289548702,6
S-C_weinstein,2020-08-31,184265.312386027,46422.54238602702,6
S-C_weinstein,2020-09-01,183630.202386027,46422.54238602702,6
S-C_weinstein,2020-09-02,183396.60738602703,46422.54238602702,6
S-C_weinstein,2020-09-03,178966.80738602704,46422.54238602702,6
S-C_weinstein,2020-09-04,177221.872386027,46422.54238602702,6
S-C_weinstein,2020-09-08,175407.784706027,28707.16470602702,7
S-C_weinstein,2020-09-09,178309.80470602703,28707.16470602702,7
S-C_weinstein,2020-09-10,177331.969706027,28707.16470602702,7
S-C_weinstein,2020-09-11,176759.35180993902,44603.236809939015,6
S-C_weinstein,2020-09-14,177588.206809939,44603.236809939015,6
S-C_weinstein,2020-09-15,178523.60180993902,44603.236809939015,6
S-C_weinstein,2020-09-16,179190.651809939,44603.236809939015,6
S-C_weinstein,2020-09-17,176690.81680993905,44603.236809939015,6
S-C_weinstein,2020-09-18,177516.951809939,44603.236809939015,6
S-C_weinstein,2020-09-21,176397.85381798033,46135.363817980324,6
S-C_weinstein,2020-09-22,176550.9244531478,62545.634453147824,5
S-C_weinstein,2020-09-23,174724.50445314782,62545.634453147824,5
S-C_weinstein,2020-09-24,173533.48716971918,78465.04716971918,4
S-C_weinstein,2020-09-25,175824.0571697192,78465.04716971918,4
S-C_weinstein,2020-09-28,177713.81716971917,78465.04716971918,4
S-C_weinstein,2020-09-29,178581.22716971918,78465.04716971918,4
S-C_weinstein,2020-09-30,179249.0671697192,78465.04716971918,4
S-C_weinstein,2020-10-01,181195.2334801192,96350.43348011919,3
S-C_weinstein,2020-10-02,181975.0634801192,96350.43348011919,3
S-C_weinstein,2020-10-05,182407.14348011918,96350.43348011919,3
S-C_weinstein,2020-10-06,183385.38348011917,96350.43348011919,3
S-C_weinstein,2020-10-07,183318.99348011918,96350.43348011919,3
S-C_weinstein,2020-10-08,182163.4334801192,96350.43348011919,3
S-C_weinstein,2020-10-09,182848.1834801192,96350.43348011919,3
S-C_weinstein,2020-10-12,183503.1834801192,96350.43348011919,3
S-C_weinstein,2020-10-13,184961.5634801192,96350.43348011919,3
S-C_weinstein,2020-10-14,185006.7134801192,96350.43348011919,3
S-C_weinstein,2020-10-15,184529.6427798192,120617.14277981919,2
S-C_weinstein,2020-10-16,184986.59277981918,120617.14277981919,2
S-C_weinstein,2020-10-19,185805.81603472325,102122.10003472325,3
S-C_weinstein,2020-10-20,185629.59203472326,102122.10003472325,3
S-C_weinstein,2020-10-21,184523.43003472325,102122.10003472325,3
S-C_weinstein,2020-10-22,184714.20803472324,102122.10003472325,3
S-C_weinstein,2020-10-23,185026.93403472326,102122.10003472325,3
S-C_weinstein,2020-10-26,186013.58203472325,102122.10003472325,3
S-C_weinstein,2020-10-27,186484.53803472326,102122.10003472325,3
S-C_weinstein,2020-10-28,186322.87803472322,102122.10003472325,3
S-C_weinstein,2020-10-29,186098.28803472326,102122.10003472325,3
S-C_weinstein,2020-10-30,188561.53203472326,102122.10003472325,3
S-C_weinstein,2020-11-02,189846.66724694826,83295.27924694825,4
S-C_weinstein,2020-11-03,190141.09524694824,83295.27924694825,4
S-C_weinstein,2020-11-04,196961.43324694823,83295.27924694825,4
S-C_weinstein,2020-11-05,196540.88924694824,83295.27924694825,4
S-C_weinstein,2020-11-06,196778.40524694827,83295.27924694825,4
S-C_weinstein,2020-11-09,188287.56864609598,81275.23264609597,4
S-C_weinstein,2020-11-10,186669.26064609597,81275.23264609597,4
S-C_weinstein,2020-11-11,190124.64464609599,81275.23264609597,4
S-C_weinstein,2020-11-12,192347.43064609598,81275.23264609597,4
S-C_weinstein,2020-11-13,191220.14064609597,81275.23264609597,4
S-C_weinstein,2020-11-16,183713.17319973966,60173.20119973963,5
S-C_weinstein,2020-11-17,183808.2111997396,60173.20119973963,5
S-C_weinstein,2020-11-18,182986.86319973966,60173.20119973963,5
S-C_weinstein,2020-11-19,185324.91319973965,60173.20119973963,5
S-C_weinstein,2020-11-20,186976.75919973964,60173.20119973963,5
S-C_weinstein,2020-11-23,185237.0635659896,41554.71756598963,6
S-C_weinstein,2020-11-24,186128.27756598964,41554.71756598963,6
S-C_weinstein,2020-11-25,187206.2755659896,41554.71756598963,6
S-C_weinstein,2020-11-27,193080.04556598963,41554.71756598963,6
S-C_weinstein,2020-11-30,199310.99556598964,41554.71756598963,6
S-C_weinstein,2020-12-01,196334.62756598962,41554.71756598963,6
S-C_weinstein,2020-12-02,197793.10556598962,41554.71756598963,6
S-C_weinstein,2020-12-03,201971.73956598964,41554.71756598963,6
S-C_weinstein,2020-12-04,213988.02556598966,41554.71756598963,6
S-C_weinstein,2020-12-07,226275.5575659896,41554.71756598963,6
S-C_weinstein,2020-12-08,233005.21156598965,41554.71756598963,6
S-C_weinstein,2020-12-09,225113.26756598963,41554.71756598963,6
S-C_weinstein,2020-12-10,227667.2315659896,41554.71756598963,6
S-C_weinstein,2020-12-11,216747.59356598963,41554.71756598963,6
S-C_weinstein,2020-12-14,218837.91156598966,41554.71756598963,6
S-C_weinstein,2020-12-15,211680.15356598963,41554.71756598963,6
S-C_weinstein,2020-12-16,213840.24556598964,41554.71756598963,6
S-C_weinstein,2020-12-17,218169.18156598962,41554.71756598963,6
S-C_weinstein,2020-12-18,219230.35356598964,41554.71756598963,6
S-C_weinstein,2020-12-21,230620.10465809546,36212.76965809548,6
S-C_weinstein,2020-12-22,236513.4596580955,36212.76965809548,6
S-C_weinstein,2020-12-23,231553.49965809548,36212.76965809548,6
S-C_weinstein,2020-12-24,227377.56965809548,36212.76965809548,6
S-C_weinstein,2020-12-28,221532.98225397046,13481.78225397048,7
S-C_weinstein,2020-12-29,222059.5622539705,13481.78225397048,7
S-C_weinstein,2020-12-30,230953.37725397045,13481.78225397048,7
S-C_weinstein,2020-12-31,227116.5393413516,31071.73934135157,6
S-C_weinstein,2021-01-04,220045.79934135158,31071.73934135157,6
S-C_weinstein,2021-01-05,219580.84934135157,31071.73934135157,6
S-C_weinstein,2021-01-06,220954.35934135155,31071.73934135157,6
S-C_weinstein,2021-01-07,224365.4693413516,31071.73934135157,6
S-C_weinstein,2021-01-08,223764.58934135162,31071.73934135157,6
S-C_weinstein,2021-01-11,223413.06001662655,8709.80001662657,7
S-C_weinstein,2021-01-12,229050.78001662658,8709.80001662657,7
S-C_weinstein,2021-01-13,232639.53001662658,8709.80001662657,7
S-C_weinstein,2021-01-14,234618.15001662655,8709.80001662657,7
S-C_weinstein,2021-01-15,229572.58001662654,8709.80001662657,7
S-C_weinstein,2021-01-19,229029.34001662658,8709.80001662657,7
S-C_weinstein,2021-01-20,234709.21001662657,8709.80001662657,7
S-C_weinstein,2021-01-21,235428.11001662657,8709.80001662657,7
S-C_weinstein,2021-01-22,238915.32001662656,8709.80001662657,7
S-C_weinstein,2021-01-25,243107.84001662658,8709.80001662657,7
S-C_weinstein,2021-01-26,236989.93001662657,8709.80001662657,7
S-C_weinstein,2021-01-27,230694.42001662657,8709.80001662657,7
S-C_weinstein,2021-01-28,235225.57001662662,8709.80001662657,7
S-C_weinstein,2021-01-29,233529.28001662655,8709.80001662657,7
S-C_weinstein,2021-02-01,238388.25735162653,13.447351626569798,8
S-C_weinstein,2021-02-02,247109.13735162656,13.447351626569798,8
S-C_weinstein,2021-02-03,240865.37509128905,6696.855091289071,7
S-C_weinstein,2021-02-04,243007.33509128907,6696.855091289071,7
S-C_weinstein,2021-02-05,245557.13509128903,6696.855091289071,7
S-C_weinstein,2021-02-08,245583.1930242211,13.143024221108135,8
S-C_weinstein,2021-02-09,246393.51022245697,5951.880222456954,7
S-C_weinstein,2021-02-10,245759.36022245695,5951.880222456954,7
S-C_weinstein,2021-02-11,249989.830222457,5951.880222456954,7
S-C_weinstein,2021-02-12,257356.86022245695,5951.880222456954,7
S-C_weinstein,2021-02-16,251093.235651207,2.615651206953771,8
S-C_weinstein,2021-02-17,244685.78668674227,5332.896686742267,7
S-C_weinstein,2021-02-18,241833.69668674227,5332.896686742267,7
S-C_weinstein,2021-02-19,248931.81668674224,5332.896686742267,7
S-C_weinstein,2021-02-22,236798.65668674227,5332.896686742267,7
S-C_weinstein,2021-02-23,236198.29668674225,5332.896686742267,7
S-C_weinstein,2021-02-24,242109.47668674227,5332.896686742267,7
S-C_weinstein,2021-02-25,233652.98668674225,5332.896686742267,7
S-C_weinstein,2021-02-26,236461.76668674228,5332.896686742267,7
S-C_weinstein,2021-03-01,248127.48668674225,5332.896686742267,7
S-C_weinstein,2021-03-02,242946.16168674224,5332.896686742267,7
S-C_weinstein,2021-03-03,231563.20668674225,5332.896686742267,7
S-C_weinstein,2021-03-04,221874.7166867423,5332.896686742267,7
S-C_weinstein,2021-03-05,222710.24668674226,5332.896686742267,7
S-C_weinstein,2021-03-08,216431.91168674224,5332.896686742267,7
S-C_weinstein,2021-03-09,223692.93668674227,5332.896686742267,7
S-C_weinstein,2021-03-10,234479.81668674224,5332.896686742267,7
S-C_weinstein,2021-03-11,242860.23668674222,5332.896686742267,7
S-C_weinstein,2021-03-12,246894.75668674224,5332.896686742267,7
S-C_weinstein,2021-03-15,249223.04398674227,235.1039867422669,8
S-C_weinstein,2021-03-16,245197.7539867423,235.1039867422669,8
S-C_weinstein,2021-03-17,243426.41398674232,235.1039867422669,8
S-C_weinstein,2021-03-18,232018.27468674228,4500.134686742267,7
S-C_weinstein,2021-03-19,241207.54468674227,4500.134686742267,7
S-C_weinstein,2021-03-22,240208.1546867423,4500.134686742267,7
S-C_weinstein,2021-03-23,232021.1546867423,4500.134686742267,7
S-C_weinstein,2021-03-24,221323.62468674226,4500.134686742267,7
S-C_weinstein,2021-03-25,224989.77468674222,4500.134686742267,7
S-C_weinstein,2021-03-26,224615.25468674226,4500.134686742267,7
S-C_weinstein,2021-03-29,216583.50968674227,4500.134686742267,7
S-C_weinstein,2021-03-30,216926.95468674228,4500.134686742267,7
S-C_weinstein,2021-03-31,222284.67468674228,4500.134686742267,7
S-C_weinstein,2021-04-01,235125.41468674227,4500.134686742267,7
S-C_weinstein,2021-04-05,231539.72397805852,3.86797805851711,8
S-C_weinstein,2021-04-06,228466.5959780585,3.86797805851711,8
S-C_weinstein,2021-04-07,218324.03055334603,16871.87655334601,7
S-C_weinstein,2021-04-08,219803.32855334604,16871.87655334601,7
S-C_weinstein,2021-04-09,219757.06500917333,20900.335009173297,6
S-C_weinstein,2021-04-12,216886.0000091733,20900.335009173297,6
S-C_weinstein,2021-04-13,217278.75500917333,20900.335009173297,6
S-C_weinstein,2021-04-14,215191.1850091733,20900.335009173297,6
S-C_weinstein,2021-04-15,214673.40500917326,20900.335009173297,6
S-C_weinstein,2021-04-16,213111.8350091733,20900.335009173297,6
S-C_weinstein,2021-04-19,207215.26307857333,128.25307857329972,7
S-C_weinstein,2021-04-20,203796.70307857328,128.25307857329972,7
S-C_weinstein,2021-04-21,212171.3630785733,128.25307857329972,7
S-C_weinstein,2021-04-22,211907.81307857332,128.25307857329972,7
S-C_weinstein,2021-04-23,220329.4930785733,128.25307857329972,7
S-C_weinstein,2021-04-26,229926.2030785733,128.25307857329972,7
S-C_weinstein,2021-04-27,228297.3730785733,128.25307857329972,7
S-C_weinstein,2021-04-28,228779.9030785733,128.25307857329972,7
S-C_weinstein,2021-04-29,230208.02307857331,128.25307857329972,7
S-C_weinstein,2021-04-30,229531.2330785733,128.25307857329972,7
S-C_weinstein,2021-05-03,226498.2356720809,0.5376720808859119,8
S-C_weinstein,2021-05-04,223939.0716720809,0.5376720808859119,8
S-C_weinstein,2021-05-05,224171.35167208093,0.5376720808859119,8
S-C_weinstein,2021-05-06,221416.7296720809,0.5376720808859119,8
S-C_weinstein,2021-05-07,223813.2476720809,0.5376720808859119,8
S-C_weinstein,2021-05-10,213970.40867208087,0.5376720808859119,8
S-C_weinstein,2021-05-11,214554.5296720809,0.5376720808859119,8
S-C_weinstein,2021-05-12,206543.2816720809,0.5376720808859119,8
S-C_weinstein,2021-05-13,201649.26349319844,18639.401493198427,7
S-C_weinstein,2021-05-14,210353.34149319842,18639.401493198427,7
S-C_weinstein,2021-05-17,211150.1914931984,18639.401493198427,7
S-C_weinstein,2021-05-18,212630.49549319845,18639.401493198427,7
S-C_weinstein,2021-05-19,212344.5494931984,18639.401493198427,7
S-C_weinstein,2021-05-20,215328.37949319842,18639.401493198427,7
S-C_weinstein,2021-05-21,214693.33949319838,18639.401493198427,7
S-C_weinstein,2021-05-24,216386.0531616984,82.0311616984327,8
S-C_weinstein,2021-05-25,214105.40516169844,82.0311616984327,8
S-C_weinstein,2021-05-26,218853.22790484436,16708.623904844306,7
S-C_weinstein,2021-05-27,220219.3459048443,16708.623904844306,7
S-C_weinstein,2021-05-28,219761.19590484432,16708.623904844306,7
S-C_weinstein,2021-06-01,220979.88990484434,16708.623904844306,7
S-C_weinstein,2021-06-02,224520.79790484428,16708.623904844306,7
S-C_weinstein,2021-06-03,223086.88590484427,16708.623904844306,7
S-C_weinstein,2021-06-04,219016.25990484434,16708.623904844306,7
S-C_weinstein,2021-06-07,226145.1139048443,16708.623904844306,7
S-C_weinstein,2021-06-08,229586.8379048443,16708.623904844306,7
S-C_weinstein,2021-06-09,227291.26590484427,16708.623904844306,7
S-C_weinstein,2021-06-10,226110.3199048443,16708.623904844306,7
S-C_weinstein,2021-06-11,225107.04790484434,16708.623904844306,7
S-C_weinstein,2021-06-14,225840.22190484428,16708.623904844306,7
S-C_weinstein,2021-06-15,225770.89590484434,16708.623904844306,7
S-C_weinstein,2021-06-16,226353.75590484435,16708.623904844306,7
S-C_weinstein,2021-06-17,227756.3219048443,16708.623904844306,7
S-C_weinstein,2021-06-18,226056.2939048443,16708.623904844306,7
S-C_weinstein,2021-06-21,228027.6299048443,16708.623904844306,7
S-C_weinstein,2021-06-22,228141.78790484433,16708.623904844306,7
S-C_weinstein,2021-06-23,229931.0319048443,16708.623904844306,7
S-C_weinstein,2021-06-24,232300.14190484432,16708.623904844306,7
S-C_weinstein,2021-06-25,233236.2739048443,16708.623904844306,7
S-C_weinstein,2021-06-28,231553.46374796933,37.687747969310294,8
S-C_weinstein,2021-06-29,229973.2937479693,37.687747969310294,8
S-C_weinstein,2021-06-30,231480.24974796936,37.687747969310294,8
S-C_weinstein,2021-07-01,229736.8097479693,37.687747969310294,8
S-C_weinstein,2021-07-02,227396.03774796933,37.687747969310294,8
S-C_weinstein,2021-07-06,226937.97036428933,13.960364289310295,9
S-C_weinstein,2021-07-07,224521.63836428933,13.960364289310295,9
S-C_weinstein,2021-07-08,223659.20436428933,13.960364289310295,9
S-C_weinstein,2021-07-09,228682.30436428933,13.960364289310295,9
S-C_weinstein,2021-07-12,227466.59636428932,13.960364289310295,9
S-C_weinstein,2021-07-13,222772.51636428927,13.960364289310295,9
S-C_weinstein,2021-07-14,215796.4563642893,13.960364289310295,9
S-C_weinstein,2021-07-15,217040.65303099863,35.2510309986223,8
S-C_weinstein,2021-07-16,213525.30303099865,35.2510309986223,8
S-C_weinstein,2021-07-19,213460.55969694862,24552.09369694862,7
S-C_weinstein,2021-07-20,217207.41169694863,24552.09369694862,7
S-C_weinstein,2021-07-21,220548.06969694863,24552.09369694862,7
S-C_weinstein,2021-07-22,219067.42369694862,24552.09369694862,7
S-C_weinstein,2021-07-23,214427.7476969486,24552.09369694862,7
S-C_weinstein,2021-07-26,217588.90437321967,79.80237321964614,9
S-C_weinstein,2021-07-27,212893.84037321966,79.80237321964614,9
S-C_weinstein,2021-07-28,219872.92837321968,79.80237321964614,9
S-C_weinstein,2021-07-29,223362.20237321962,79.80237321964614,9
S-C_weinstein,2021-07-30,223211.98437321963,79.80237321964614,9
S-C_weinstein,2021-08-02,221655.49637321962,79.80237321964614,9
S-C_weinstein,2021-08-03,221515.28437321965,79.80237321964614,9
S-C_weinstein,2021-08-04,220940.44237321967,79.80237321964614,9
S-C_weinstein,2021-08-05,222682.04037321964,79.80237321964614,9
S-C_weinstein,2021-08-06,224789.32637321964,79.80237321964614,9
S-C_weinstein,2021-08-09,227146.77749701968,1.0474970196461442,10
S-C_weinstein,2021-08-10,224727.00842401106,71.60842401109613,9
S-C_weinstein,2021-08-11,229121.27042401108,71.60842401109613,9
S-C_weinstein,2021-08-12,227362.9864240111,71.60842401109613,9
S-C_weinstein,2021-08-13,221077.6284240111,71.60842401109613,9
S-C_weinstein,2021-08-16,214738.54982662498,1.6718266249417297,10
S-C_weinstein,2021-08-17,215318.68882662492,1.6718266249417297,10
S-C_weinstein,2021-08-18,215438.70982662498,1.6718266249417297,10
S-C_weinstein,2021-08-19,209804.40082662494,1.6718266249417297,10
S-C_weinstein,2021-08-20,210161.94882662498,1.6718266249417297,10
S-C_weinstein,2021-08-23,212773.4734423749,39039.22944237494,9
S-C_weinstein,2021-08-24,214771.10744237492,39039.22944237494,9
S-C_weinstein,2021-08-25,214834.57844237494,39039.22944237494,9
S-C_weinstein,2021-08-26,213112.91544237494,39039.22944237494,9
S-C_weinstein,2021-08-27,217707.25844237494,39039.22944237494,9
S-C_weinstein,2021-08-30,215490.44844237494,39039.22944237494,9
S-C_weinstein,2021-08-31,211653.33144237497,39039.22944237494,9
S-C_weinstein,2021-09-01,213116.37744237494,39039.22944237494,9
S-C_weinstein,2021-09-02,215279.92744237493,39039.22944237494,9
S-C_weinstein,2021-09-03,213075.17444237496,39039.22944237494,9
S-C_weinstein,2021-09-07,214714.40666706496,17841.58766706494,10
S-C_weinstein,2021-09-08,210660.69066706498,17841.58766706494,10
S-C_weinstein,2021-09-09,212557.08266706494,17841.58766706494,10
S-C_weinstein,2021-09-10,211770.27666706493,17841.58766706494,10
S-C_weinstein,2021-09-13,213262.66356866498,42611.29156866494,9
S-C_weinstein,2021-09-14,210684.88156866495,42611.29156866494,9
S-C_weinstein,2021-09-15,212738.25156866497,42611.29156866494,9
S-C_weinstein,2021-09-16,214422.80956866496,42611.29156866494,9
S-C_weinstein,2021-09-17,214827.24956866496,42611.29156866494,9
S-C_weinstein,2021-09-20,210241.418882517,83027.25088251701,7
S-C_weinstein,2021-09-21,211936.480882517,83027.25088251701,7
S-C_weinstein,2021-09-22,212235.736882517,83027.25088251701,7
S-C_weinstein,2021-09-23,213106.47388251702,83027.25088251701,7
S-C_weinstein,2021-09-24,211322.779882517,83027.25088251701,7
S-C_weinstein,2021-09-27,214026.40449946758,62131.413499467555,8
S-C_weinstein,2021-09-28,211116.34349946753,62131.413499467555,8
S-C_weinstein,2021-09-29,210103.63949946756,62131.413499467555,8
S-C_weinstein,2021-09-30,212264.28049946757,62131.413499467555,8
S-C_weinstein,2021-10-01,216618.01056134255,79146.44456134256,7
S-C_weinstein,2021-10-04,213774.12061903148,57497.89761903147,8
S-C_weinstein,2021-10-05,214480.3206190315,57497.89761903147,8
S-C_weinstein,2021-10-06,212777.41461903148,57497.89761903147,8
S-C_weinstein,2021-10-07,216902.58661903144,57497.89761903147,8
S-C_weinstein,2021-10-08,216426.6256190315,57497.89761903147,8
S-C_weinstein,2021-10-11,212838.09573403146,35868.40473403147,9
S-C_weinstein,2021-10-12,213509.8967340315,35868.40473403147,9
S-C_weinstein,2021-10-13,214600.15573403146,35868.40473403147,9
S-C_weinstein,2021-10-14,218344.58173403147,35868.40473403147,9
S-C_weinstein,2021-10-15,216346.94373403146,35868.40473403147,9
S-C_weinstein,2021-10-18,214568.10614182273,33732.31914182272,9
S-C_weinstein,2021-10-19,214834.18014182273,33732.31914182272,9
S-C_weinstein,2021-10-20,214514.6998561677,53037.9548561677,8
S-C_weinstein,2021-10-21,215982.0338561677,53037.9548561677,8
S-C_weinstein,2021-10-22,216446.80185616767,53037.9548561677,8
S-C_weinstein,2021-10-25,217799.50485616768,53037.9548561677,8
S-C_weinstein,2021-10-26,216615.94185616772,53037.9548561677,8
S-C_weinstein,2021-10-27,213245.0378561677,53037.9548561677,8
S-C_weinstein,2021-10-28,218938.6028561677,53037.9548561677,8
S-C_weinstein,2021-10-29,219537.0358561677,53037.9548561677,8
S-C_weinstein,2021-11-01,221612.8828561677,53037.9548561677,8
S-C_weinstein,2021-11-02,221374.56985616768,53037.9548561677,8
S-C_weinstein,2021-11-03,224100.32585616768,53037.9548561677,8
S-C_weinstein,2021-11-04,227783.98085616768,53037.9548561677,8
S-C_weinstein,2021-11-05,230493.7978561677,53037.9548561677,8
S-C_weinstein,2021-11-08,233746.65738958662,6976.256389586619,10
S-C_weinstein,2021-11-09,230512.35238958662,6976.256389586619,10
S-C_weinstein,2021-11-10,223395.12838958664,6976.256389586619,10
S-C_weinstein,2021-11-11,226182.74738958658,6976.256389586619,10
S-C_weinstein,2021-11-12,225336.58038958663,6976.256389586619,10
S-C_weinstein,2021-11-15,225425.28467858664,6581.35367858662,10
S-C_weinstein,2021-11-16,230657.03067858663,6581.35367858662,10
S-C_weinstein,2021-11-17,226655.45167858666,6581.35367858662,10
S-C_weinstein,2021-11-18,229951.5156785866,6581.35367858662,10
S-C_weinstein,2021-11-19,228014.39567858665,6581.35367858662,10
S-C_weinstein,2021-11-22,225885.58167858663,6581.35367858662,10
S-C_weinstein,2021-11-23,223243.15389432662,27235.72289432662,9
S-C_weinstein,2021-11-24,225021.37589432663,27235.72289432662,9
S-C_weinstein,2021-11-26,218429.6778943266,27235.72289432662,9
S-C_weinstein,2021-11-29,222182.88169482446,24833.758694824446,9
S-C_weinstein,2021-11-30,220452.46069482443,24833.758694824446,9
S-C_weinstein,2021-12-01,218286.61369482445,24833.758694824446,9
S-C_weinstein,2021-12-02,220319.41569482445,24833.758694824446,9
S-C_weinstein,2021-12-03,212334.1607082812,45045.28170828122,8
S-C_weinstein,2021-12-06,228163.95049872683,23814.526498726842,9
S-C_weinstein,2021-12-07,231298.64749872684,23814.526498726842,9
S-C_weinstein,2021-12-08,233056.76649872682,23814.526498726842,9
S-C_weinstein,2021-12-09,223009.79549872683,23814.526498726842,9
S-C_weinstein,2021-12-10,222874.78549872682,23814.526498726842,9
S-C_weinstein,2021-12-13,214729.91249872686,23814.526498726842,9
S-C_weinstein,2021-12-14,213114.36349872683,23814.526498726842,9
S-C_weinstein,2021-12-15,219024.65153240185,42564.43653240183,8
S-C_weinstein,2021-12-16,207219.91953240184,42564.43653240183,8
S-C_weinstein,2021-12-17,210181.63653240184,42564.43653240183,8
S-C_weinstein,2021-12-20,209092.34176268376,21725.223762683785,8
S-C_weinstein,2021-12-21,216425.13776268376,21725.223762683785,8
S-C_weinstein,2021-12-22,221386.30176268378,21725.223762683785,8
S-C_weinstein,2021-12-23,224729.3307626838,21725.223762683785,8
S-C_weinstein,2021-12-27,227482.5325013773,4.527501377328008,9
S-C_weinstein,2021-12-28,224520.59250137734,4.527501377328008,9
S-C_weinstein,2021-12-29,225053.93150137732,4.527501377328008,9
S-C_weinstein,2021-12-30,222371.07650137736,4.527501377328008,9
S-C_weinstein,2021-12-31,222084.01150137733,4.527501377328008,9
S-C_weinstein,2022-01-03,229913.06450137735,4.527501377328008,9
S-C_weinstein,2022-01-04,227902.85250137735,4.527501377328008,9
S-C_weinstein,2022-01-05,216473.07050137734,4.527501377328008,9
S-C_weinstein,2022-01-06,213928.8865013773,4.527501377328008,9
S-C_weinstein,2022-01-07,208748.3475013773,4.527501377328008,9
S-C_weinstein,2022-01-10,207582.72050137733,4.527501377328008,9
S-C_weinstein,2022-01-11,211143.7175013773,4.527501377328008,9
S-C_weinstein,2022-01-12,208838.24950137732,4.527501377328008,9
S-C_weinstein,2022-01-13,203448.20450137736,4.527501377328008,9
S-C_weinstein,2022-01-14,203914.65125151523,19026.35625151525,8
S-C_weinstein,2022-01-18,200899.05925151522,19026.35625151525,8
S-C_weinstein,2022-01-19,197737.24925151526,19026.35625151525,8
S-C_weinstein,2022-01-20,192763.72625151524,19026.35625151525,8
S-C_weinstein,2022-01-21,189154.80725151525,19026.35625151525,8
S-C_weinstein,2022-01-24,192717.07572404027,38560.80472404025,7
S-C_weinstein,2022-01-25,191559.39072404022,38560.80472404025,7
S-C_weinstein,2022-01-26,189197.85072404024,38560.80472404025,7
S-C_weinstein,2022-01-27,185226.41072404024,38560.80472404025,7
S-C_weinstein,2022-01-28,188090.01292430103,57581.52492430103,6
S-C_weinstein,2022-01-31,190039.69875437603,94226.93775437603,5
S-C_weinstein,2022-02-01,191057.37075437602,94226.93775437603,5
S-C_weinstein,2022-02-02,192634.32675437603,94226.93775437603,5
S-C_weinstein,2022-02-03,190775.23075437604,94226.93775437603,5
S-C_weinstein,2022-02-04,192479.81175437605,94226.93775437603,5
S-C_weinstein,2022-02-07,193262.24175437604,94226.93775437603,5
S-C_weinstein,2022-02-08,194683.99475437604,94226.93775437603,5
S-C_weinstein,2022-02-09,197441.12275437603,94226.93775437603,5
S-C_weinstein,2022-02-10,196244.96475437604,94226.93775437603,5
S-C_weinstein,2022-02-11,195736.57375437603,94226.93775437603,5
S-C_weinstein,2022-02-14,195086.29475437602,94226.93775437603,5
S-C_weinstein,2022-02-15,194043.78675437602,94226.93775437603,5
S-C_weinstein,2022-02-16,193632.11675437604,94226.93775437603,5
S-C_weinstein,2022-02-17,191762.037754376,94226.93775437603,5
S-C_weinstein,2022-02-18,191144.94802210233,94289.19602210233,4
S-C_weinstein,2022-02-22,189537.24202210232,94289.19602210233,4
S-C_weinstein,2022-02-23,187533.66102210234,94289.19602210233,4
S-C_weinstein,2022-02-24,188596.54002210236,94289.19602210233,4
S-C_weinstein,2022-02-25,191148.85502210233,94289.19602210233,4
S-C_weinstein,2022-02-28,190201.80702210235,94289.19602210233,4
S-C_weinstein,2022-03-01,188941.68902210234,94289.19602210233,4
S-C_weinstein,2022-03-02,192477.35802210233,94289.19602210233,4
S-C_weinstein,2022-03-03,190093.6760221023,94289.19602210233,4
S-C_weinstein,2022-03-04,188480.51802210236,94289.19602210233,4
S-C_weinstein,2022-03-07,187829.43402210233,94289.19602210233,4
S-C_weinstein,2022-03-08,188076.60302210232,94289.19602210233,4
S-C_weinstein,2022-03-09,190186.02002210234,94289.19602210233,4
S-C_weinstein,2022-03-10,189674.4640221023,94289.19602210233,4
S-C_weinstein,2022-03-11,188685.02502210235,94289.19602210233,4
S-C_weinstein,2022-03-14,185168.24397753796,114955.62997753796,3
S-C_weinstein,2022-03-15,184815.70397753798,114955.62997753796,3
S-C_weinstein,2022-03-16,185812.60397753795,114955.62997753796,3
S-C_weinstein,2022-03-17,187931.22997753794,114955.62997753796,3
S-C_weinstein,2022-03-18,187909.94397753797,114955.62997753796,3
S-C_weinstein,2022-03-21,187452.46397753796,114955.62997753796,3
S-C_weinstein,2022-03-22,187911.36397753796,114955.62997753796,3
S-C_weinstein,2022-03-23,189449.18397753796,114955.62997753796,3
S-C_weinstein,2022-03-24,189923.54397753795,114955.62997753796,3
S-C_weinstein,2022-03-25,189285.60997753794,114955.62997753796,3
S-C_weinstein,2022-03-28,188563.76997753797,114955.62997753796,3
S-C_weinstein,2022-03-29,189444.44997753797,114955.62997753796,3
S-C_weinstein,2022-03-30,188488.24997753795,114955.62997753796,3
S-C_weinstein,2022-03-31,188198.16997753797,114955.62997753796,3
S-C_weinstein,2022-04-01,189607.38997753797,114955.62997753796,3
S-C_weinstein,2022-04-04,190712.93422998796,96018.51422998797,4
S-C_weinstein,2022-04-05,190783.62111043796,120536.64111043797,3
S-C_weinstein,2022-04-06,192409.56111043796,120536.64111043797,3
S-C_weinstein,2022-04-07,192935.80111043795,120536.64111043797,3
S-C_weinstein,2022-04-08,191806.60111043794,120536.64111043797,3
S-C_weinstein,2022-04-11,191274.18111043796,120536.64111043797,3
S-C_weinstein,2022-04-12,191126.961110438,120536.64111043797,3
S-C_weinstein,2022-04-13,191273.56111043796,120536.64111043797,3
S-C_weinstein,2022-04-14,190276.901110438,120536.64111043797,3
S-C_weinstein,2022-04-18,189317.70111043798,120536.64111043797,3
S-C_weinstein,2022-04-19,189125.06111043796,120536.64111043797,3
S-C_weinstein,2022-04-20,189027.62111043796,120536.64111043797,3
S-C_weinstein,2022-04-21,188127.901110438,120536.64111043797,3
S-C_weinstein,2022-04-22,187669.98111043795,120536.64111043797,3
S-C_weinstein,2022-04-25,188132.35111043797,120536.64111043797,3
S-C_weinstein,2022-04-26,186195.60111043794,120536.64111043797,3
S-C_weinstein,2022-04-27,186765.77111043799,120536.64111043797,3
S-C_weinstein,2022-04-28,187537.901110438,120536.64111043797,3
S-C_weinstein,2022-04-29,190519.74111043796,120536.64111043797,3
S-C_weinstein,2022-05-02,190777.26111043798,120536.64111043797,3
S-C_weinstein,2022-05-03,190874.96111043796,120536.64111043797,3
S-C_weinstein,2022-05-04,191749.06111043796,120536.64111043797,3
S-C_weinstein,2022-05-05,191098.42111043795,120536.64111043797,3
S-C_weinstein,2022-05-06,189304.00111043797,120536.64111043797,3
S-C_weinstein,2022-05-09,186908.74111043796,120536.64111043797,3
S-C_weinstein,2022-05-10,189126.30111043795,120536.64111043797,3
S-C_weinstein,2022-05-11,188286.00111043797,120536.64111043797,3
S-C_weinstein,2022-05-12,189256.64111043798,120536.64111043797,3
S-C_weinstein,2022-05-13,191959.70111043798,120536.64111043797,3
S-C_weinstein,2022-05-16,192935.14111043798,120536.64111043797,3
S-C_weinstein,2022-05-17,191676.78111043797,120536.64111043797,3
S-C_weinstein,2022-05-18,189215.961110438,120536.64111043797,3
S-C_weinstein,2022-05-19,189499.80111043795,120536.64111043797,3
S-C_weinstein,2022-05-20,190049.901110438,120536.64111043797,3
S-C_weinstein,2022-05-23,190448.48111043795,120536.64111043797,3
S-C_weinstein,2022-05-24,189274.90111043796,120536.64111043797,3
S-C_weinstein,2022-05-25,189670.06111043796,120536.64111043797,3
S-C_weinstein,2022-05-26,189879.70111043798,120536.64111043797,3
S-C_weinstein,2022-05-27,192059.74111043796,120536.64111043797,3
S-C_weinstein,2022-05-31,190546.44111043797,120536.64111043797,3
S-C_weinstein,2022-06-01,191027.34111043796,120536.64111043797,3
S-C_weinstein,2022-06-02,191786.62111043796,120536.64111043797,3
S-C_weinstein,2022-06-03,192812.02111043799,120536.64111043797,3
S-C_weinstein,2022-06-06,190222.00111043797,120536.64111043797,3
S-C_weinstein,2022-06-07,191701.32111043797,120536.64111043797,3
S-C_weinstein,2022-06-08,191827.35715863795,142670.23715863796,2
S-C_weinstein,2022-06-09,189671.39715863796,142670.23715863796,2
S-C_weinstein,2022-06-10,190362.89715863796,142670.23715863796,2
S-C_weinstein,2022-06-13,190201.61715863796,142670.23715863796,2
S-C_weinstein,2022-06-14,189928.09715863795,142670.23715863796,2
S-C_weinstein,2022-06-15,191373.27715863794,142670.23715863796,2
S-C_weinstein,2022-06-16,190401.59715863795,142670.23715863796,2
S-C_weinstein,2022-06-17,191077.07715863796,142670.23715863796,2
S-C_weinstein,2022-06-21,193025.91715863795,142670.23715863796,2
S-C_weinstein,2022-06-22,193024.11715863796,142670.23715863796,2
S-C_weinstein,2022-06-23,196212.87715863797,142670.23715863796,2
S-C_weinstein,2022-06-24,195951.43715863797,142670.23715863796,2
S-C_weinstein,2022-06-27,197419.97715863795,142670.23715863796,2
S-C_weinstein,2022-06-28,196223.75715863795,142670.23715863796,2
S-C_weinstein,2022-06-29,197230.73715863796,142670.23715863796,2
S-C_weinstein,2022-06-30,190394.39715863796,142670.23715863796,2
S-C_weinstein,2022-07-01,191549.57715863796,142670.23715863796,2
S-C_weinstein,2022-07-05,193770.99715863797,142670.23715863796,2
S-C_weinstein,2022-07-06,193811.49715863797,142670.23715863796,2
S-C_weinstein,2022-07-07,194771.03715863795,142670.23715863796,2
S-C_weinstein,2022-07-08,195650.83715863797,142670.23715863796,2
S-C_weinstein,2022-07-11,194763.69715863798,142670.23715863796,2
S-C_weinstein,2022-07-12,194220.53715863795,142670.23715863796,2
S-C_weinstein,2022-07-13,194271.91715863795,142670.23715863796,2
S-C_weinstein,2022-07-14,193263.73715863796,142670.23715863796,2
S-C_weinstein,2022-07-15,191303.95715863796,142670.23715863796,2
S-C_weinstein,2022-07-18,189865.31715863798,142670.23715863796,2
S-C_weinstein,2022-07-19,190865.15715863794,142670.23715863796,2
S-C_weinstein,2022-07-20,190006.77715863794,142670.23715863796,2
S-C_weinstein,2022-07-21,190498.55715863797,142670.23715863796,2
S-C_weinstein,2022-07-22,189969.99115863797,142670.23715863796,2
S-C_weinstein,2022-07-25,190247.19715863795,142670.23715863796,2
S-C_weinstein,2022-07-26,190540.79715863796,142670.23715863796,2
S-C_weinstein,2022-07-27,192625.35715863795,142670.23715863796,2
S-C_weinstein,2022-07-28,192764.21715863794,142670.23715863796,2
S-C_weinstein,2022-07-29,192747.13715863795,142670.23715863796,2
S-C_weinstein,2022-08-01,191812.38715863795,142670.23715863796,2
S-C_weinstein,2022-08-02,192734.05715863797,142670.23715863796,2
S-C_weinstein,2022-08-03,193107.19715863798,142670.23715863796,2
S-C_weinstein,2022-08-04,195955.11715863796,142670.23715863796,2
S-C_weinstein,2022-08-05,199627.11715863796,142670.23715863796,2
S-C_weinstein,2022-08-08,200960.99715863797,142670.23715863796,2
S-C_weinstein,2022-08-09,200133.37715863797,142670.23715863796,2
S-C_weinstein,2022-08-10,200395.21715863797,142670.23715863796,2
S-C_weinstein,2022-08-11,198023.59715863795,142670.23715863796,2
S-C_weinstein,2022-08-12,198632.81715863798,142670.23715863796,2
S-C_weinstein,2022-08-15,199021.83715863797,142670.23715863796,2
S-C_weinstein,2022-08-16,198900.05715863797,142670.23715863796,2
S-C_weinstein,2022-08-17,198788.15715863794,142670.23715863796,2
S-C_weinstein,2022-08-18,198956.97715863795,142670.23715863796,2
S-C_weinstein,2022-08-19,198890.31715863798,142670.23715863796,2
S-C_weinstein,2022-08-22,197386.21715863794,142670.23715863796,2
S-C_weinstein,2022-08-23,199830.63715863795,142670.23715863796,2
S-C_weinstein,2022-08-24,200848.29715863796,142670.23715863796,2
S-C_weinstein,2022-08-25,200021.27715863797,142670.23715863796,2
S-C_weinstein,2022-08-26,199132.73715863796,142670.23715863796,2
S-C_weinstein,2022-08-29,199242.83715863797,142670.23715863796,2
S-C_weinstein,2022-08-30,199125.79715863796,142670.23715863796,2
S-C_weinstein,2022-08-31,200542.41715863795,142670.23715863796,2
S-C_weinstein,2022-09-01,201186.33715863797,142670.23715863796,2
S-C_weinstein,2022-09-02,201299.83715863797,142670.23715863796,2
S-C_weinstein,2022-09-06,197753.41715863795,142670.23715863796,2
S-C_weinstein,2022-09-07,199174.97715863795,142670.23715863796,2
S-C_weinstein,2022-09-08,201421.01715863796,142670.23715863796,2
S-C_weinstein,2022-09-09,201666.03715863795,142670.23715863796,2
S-C_weinstein,2022-09-12,201636.27715863797,142670.23715863796,2
S-C_weinstein,2022-09-13,200894.93715863797,142670.23715863796,2
S-C_weinstein,2022-09-14,201540.25715863795,142670.23715863796,2
S-C_weinstein,2022-09-15,201637.27715863794,142670.23715863796,2
S-C_weinstein,2022-09-16,200835.81715863798,142670.23715863796,2
S-C_weinstein,2022-09-19,200122.43715863797,142670.23715863796,2
S-C_weinstein,2022-09-20,200611.44715863795,142670.23715863796,2
S-C_weinstein,2022-09-21,199532.46715863794,142670.23715863796,2
S-C_weinstein,2022-09-22,199532.46715863794,142670.23715863796,2
S-C_weinstein,2022-09-23,198953.20715863796,142670.23715863796,2
S-C_weinstein,2022-09-26,196857.33715863797,142670.23715863796,2
S-C_weinstein,2022-09-27,198025.93715863797,142670.23715863796,2
S-C_weinstein,2022-09-28,198620.27715863797,142670.23715863796,2
S-C_weinstein,2022-09-29,197841.43715863797,142670.23715863796,2
S-C_weinstein,2022-09-30,197481.97715863795,142670.23715863796,2
S-C_weinstein,2022-10-03,199448.69715863795,142670.23715863796,2
S-C_weinstein,2022-10-04,198714.89715863796,142670.23715863796,2
S-C_weinstein,2022-10-05,198171.73715863796,142670.23715863796,2
S-C_weinstein,2022-10-06,198934.49715863797,142670.23715863796,2
S-C_weinstein,2022-10-07,196996.93715863797,142670.23715863796,2
S-C_weinstein,2022-10-10,196540.51732578798,161873.69732578797,1
S-C_weinstein,2022-10-11,197281.85732578798,161873.69732578797,1
S-C_weinstein,2022-10-12,197076.337325788,161873.69732578797,1
S-C_weinstein,2022-10-13,197575.45732578798,161873.69732578797,1
S-C_weinstein,2022-10-14,195600.99732578796,161873.69732578797,1
S-C_weinstein,2022-10-17,197193.777325788,161873.69732578797,1
S-C_weinstein,2022-10-18,197898.41732578797,161873.69732578797,1
S-C_weinstein,2022-10-19,196445.09732578797,161873.69732578797,1
S-C_weinstein,2022-10-20,196628.59732578797,161873.69732578797,1
S-C_weinstein,2022-10-21,195945.97732578797,161873.69732578797,1
S-C_weinstein,2022-10-24,194962.41732578797,161873.69732578797,1
S-C_weinstein,2022-10-25,195799.17732578795,161873.69732578797,1
S-C_weinstein,2022-10-26,193619.19732578797,161873.69732578797,1
S-C_weinstein,2022-10-27,193134.75732578797,161873.69732578797,1
S-C_weinstein,2022-10-28,193611.85732578798,161873.69732578797,1
S-C_weinstein,2022-10-31,193920.13732578797,161873.69732578797,1
S-C_weinstein,2022-11-01,193428.35732578798,161873.69732578797,1
S-C_weinstein,2022-11-02,192606.27732578796,161873.69732578797,1
S-C_weinstein,2022-11-03,191050.19732578797,161873.69732578797,1
S-C_weinstein,2022-11-04,189582.19732578797,161873.69732578797,1
S-C_weinstein,2022-11-07,188672.03732578797,161873.69732578797,1
S-C_weinstein,2022-11-08,189949.19732578797,161873.69732578797,1
S-C_weinstein,2022-11-09,188774.79732578798,161873.69732578797,1
S-C_weinstein,2022-11-10,190587.77732578796,161873.69732578797,1
S-C_weinstein,2022-11-11,190976.79732578798,161873.69732578797,1
S-C_weinstein,2022-11-14,191138.27732578796,161873.69732578797,1
S-C_weinstein,2022-11-15,191196.99732578796,161873.69732578797,1
S-C_weinstein,2022-11-16,191285.07732578798,161873.69732578797,1
S-C_weinstein,2022-11-17,191475.91732578797,161873.69732578797,1
S-C_weinstein,2022-11-18,192070.45732578798,161873.69732578797,1
S-C_weinstein,2022-11-21,191182.31732578797,161873.69732578797,1
S-C_weinstein,2022-11-22,191270.39732578798,161873.69732578797,1
S-C_weinstein,2022-11-23,191608.03732578797,161873.69732578797,1
S-C_weinstein,2022-11-25,191732.81732578797,161873.69732578797,1
S-C_weinstein,2022-11-28,191299.75732578797,161873.69732578797,1
S-C_weinstein,2022-11-29,191571.337325788,161873.69732578797,1
S-C_weinstein,2022-11-30,193068.69732578797,161873.69732578797,1
S-C_weinstein,2022-12-01,191864.93732578796,161873.69732578797,1
S-C_weinstein,2022-12-02,191593.35732578798,161873.69732578797,1
S-C_weinstein,2022-12-05,189853.77732578796,161873.69732578797,1
S-C_weinstein,2022-12-06,189031.69732578797,161873.69732578797,1
S-C_weinstein,2022-12-07,189061.05732578796,161873.69732578797,1
S-C_weinstein,2022-12-08,188297.69732578797,161873.69732578797,1
S-C_weinstein,2022-12-09,188128.87732578797,161873.69732578797,1
S-C_weinstein,2022-12-12,189691.73504402797,143074.39504402797,2
S-C_weinstein,2022-12-13,190082.17504402797,143074.39504402797,2
S-C_weinstein,2022-12-14,192157.13504402796,143074.39504402797,2
S-C_weinstein,2022-12-15,193229.03504402796,143074.39504402797,2
S-C_weinstein,2022-12-16,193864.255044028,143074.39504402797,2
S-C_weinstein,2022-12-19,193648.035044028,143074.39504402797,2
S-C_weinstein,2022-12-20,194603.95504402797,143074.39504402797,2
S-C_weinstein,2022-12-21,195191.59504402796,143074.39504402797,2
S-C_weinstein,2022-12-22,196793.33504402798,143074.39504402797,2
S-C_weinstein,2022-12-23,195307.815044028,143074.39504402797,2
S-C_weinstein,2022-12-27,194943.695044028,143074.39504402797,2
S-C_weinstein,2022-12-28,195315.15504402798,143074.39504402797,2
S-C_weinstein,2022-12-29,195522.255044028,143074.39504402797,2
S-C_weinstein,2022-12-30,195626.27504402798,143074.39504402797,2
S-C_weinstein,2023-01-03,193962.49504402798,143074.39504402797,2
S-C_weinstein,2023-01-04,192250.87504402798,143074.39504402797,2
S-C_weinstein,2023-01-05,192086.53504402796,143074.39504402797,2
S-C_weinstein,2023-01-06,193062.77504402798,143074.39504402797,2
S-C_weinstein,2023-01-09,191581.20316098077,120434.30316098078,3
S-C_weinstein,2023-01-10,193359.35316098077,120434.30316098078,3
S-C_weinstein,2023-01-11,191958.20316098077,120434.30316098078,3
S-C_weinstein,2023-01-12,194542.7831609808,120434.30316098078,3
S-C_weinstein,2023-01-13,194300.1231609808,120434.30316098078,3
S-C_weinstein,2023-01-17,194481.84921040898,81607.472210409,5
S-C_weinstein,2023-01-18,193949.830210409,81607.472210409,5
S-C_weinstein,2023-01-19,193513.684210409,81607.472210409,5
S-C_weinstein,2023-01-20,193382.250210409,81607.472210409,5
S-C_weinstein,2023-01-23,192473.92721040902,81607.472210409,5
S-C_weinstein,2023-01-24,194229.202210409,81607.472210409,5
S-C_weinstein,2023-01-25,194448.801210409,81607.472210409,5
S-C_weinstein,2023-01-26,193996.65421040897,81607.472210409,5
S-C_weinstein,2023-01-27,193922.92721040902,81607.472210409,5
S-C_weinstein,2023-01-30,192229.317935434,62215.799935434006,6
S-C_weinstein,2023-01-31,193264.328935434,62215.799935434006,6
S-C_weinstein,2023-02-01,191907.254935434,62215.799935434006,6
S-C_weinstein,2023-02-02,194191.44493543403,62215.799935434006,6
S-C_weinstein,2023-02-03,194615.90493543402,62215.799935434006,6
S-C_weinstein,2023-02-06,193767.24991727626,36845.058917276234,8
S-C_weinstein,2023-02-07,191620.58124259347,54272.25924259345,7
S-C_weinstein,2023-02-08,190408.30124259347,54272.25924259345,7
S-C_weinstein,2023-02-09,189495.78089994116,71665.37489994116,6
S-C_weinstein,2023-02-10,190417.84089994116,71665.37489994116,6
S-C_weinstein,2023-02-13,190449.26800998917,52641.43200998916,7
S-C_weinstein,2023-02-14,190997.29200998918,52641.43200998916,7
S-C_weinstein,2023-02-15,191348.72600998916,52641.43200998916,7
S-C_weinstein,2023-02-16,190725.80400998914,52641.43200998916,7
S-C_weinstein,2023-02-17,191689.17900998914,52641.43200998916,7
S-C_weinstein,2023-02-21,188210.4987410642,31542.13574106417,8
S-C_weinstein,2023-02-22,186972.77674106418,31542.13574106417,8
S-C_weinstein,2023-02-23,187304.1487410642,31542.13574106417,8
S-C_weinstein,2023-02-24,186735.7707410642,31542.13574106417,8
S-C_weinstein,2023-02-27,188251.73287583218,12869.848875832173,9
S-C_weinstein,2023-02-28,188152.85987583216,12869.848875832173,9
S-C_weinstein,2023-03-01,188023.66187583216,12869.848875832173,9
S-C_weinstein,2023-03-02,188492.61987583214,12869.848875832173,9
S-C_weinstein,2023-03-03,189328.32887583214,12869.848875832173,9
S-C_weinstein,2023-03-06,190157.51717737503,12855.097177375013,9
S-C_weinstein,2023-03-07,190308.061177375,12855.097177375013,9
S-C_weinstein,2023-03-08,189820.796177375,12855.097177375013,9
S-C_weinstein,2023-03-09,183623.98629809695,29809.35829809694,8
S-C_weinstein,2023-03-10,181440.98129809697,29809.35829809694,8
S-C_weinstein,2023-03-13,181288.03699187445,64274.163991874455,6
S-C_weinstein,2023-03-14,182376.18199187444,64274.163991874455,6
S-C_weinstein,2023-03-15,182384.81199187448,64274.163991874455,6
S-C_weinstein,2023-03-16,182974.18699187445,64274.163991874455,6
S-C_weinstein,2023-03-17,181511.74699187445,64274.163991874455,6
S-C_weinstein,2023-03-20,182648.07729957445,46145.66129957446,7
S-C_weinstein,2023-03-21,182596.59029957445,46145.66129957446,7
S-C_weinstein,2023-03-22,180587.67229957445,46145.66129957446,7
S-C_weinstein,2023-03-23,181296.79429957445,46145.66129957446,7
S-C_weinstein,2023-03-24,181920.23629957446,46145.66129957446,7
S-C_weinstein,2023-03-27,183325.03529957446,46145.66129957446,7
S-C_weinstein,2023-03-28,183054.91129957445,46145.66129957446,7
S-C_weinstein,2023-03-29,183753.58029957445,46145.66129957446,7
S-C_weinstein,2023-03-30,183324.40229957446,46145.66129957446,7
S-C_weinstein,2023-03-31,183913.49129957444,46145.66129957446,7
S-C_weinstein,2023-04-03,185408.51711427447,27775.42411427446,8
S-C_weinstein,2023-04-04,188061.6311142745,27775.42411427446,8
S-C_weinstein,2023-04-05,188137.57611427447,27775.42411427446,8
S-C_weinstein,2023-04-06,189045.23311427448,27775.42411427446,8
S-C_weinstein,2023-04-10,189134.1121142745,27775.42411427446,8
S-C_weinstein,2023-04-11,190757.9661142745,27775.42411427446,8
S-C_weinstein,2023-04-12,189654.11311427449,27775.42411427446,8
S-C_weinstein,2023-04-13,191762.69611427444,27775.42411427446,8
S-C_weinstein,2023-04-14,191733.7271142745,27775.42411427446,8
S-C_weinstein,2023-04-17,205917.21892105986,8640.064921059842,9
S-C_weinstein,2023-04-18,206423.51692105984,8640.064921059842,9
S-C_weinstein,2023-04-19,206539.12814293487,28110.478142934844,8
S-C_weinstein,2023-04-20,205848.31614293484,28110.478142934844,8
S-C_weinstein,2023-04-21,207723.14314293483,28110.478142934844,8
S-C_weinstein,2023-04-24,208078.84149045483,7376.592490454845,9
S-C_weinstein,2023-04-25,206958.4934904549,7376.592490454845,9
S-C_weinstein,2023-04-26,204914.48749045483,7376.592490454845,9
S-C_weinstein,2023-04-27,204787.14049045483,7376.592490454845,9
S-C_weinstein,2023-04-28,206598.72425510484,26220.315255104844,8
S-C_weinstein,2023-05-01,206767.0432551048,26220.315255104844,8
S-C_weinstein,2023-05-02,205349.96525510485,26220.315255104844,8
S-C_weinstein,2023-05-03,208097.47825510486,26220.315255104844,8
S-C_weinstein,2023-05-04,207589.67325510483,26220.315255104844,8
S-C_weinstein,2023-05-05,209193.49625510484,26220.315255104844,8
S-C_weinstein,2023-05-08,209663.57359010485,12.468590104846044,10
S-C_weinstein,2023-05-09,209291.18059010484,12.468590104846044,10
S-C_weinstein,2023-05-10,209040.91959010487,12.468590104846044,10
S-C_weinstein,2023-05-11,210888.58559010486,12.468590104846044,10
S-C_weinstein,2023-05-12,209317.87537590487,19904.970375904846,9
S-C_weinstein,2023-05-15,210614.17483640485,18468.579836404853,9
S-C_weinstein,2023-05-16,208509.86383640484,18468.579836404853,9
S-C_weinstein,2023-05-17,204579.30714340485,36846.87614340485,8
S-C_weinstein,2023-05-18,204464.20714340487,36846.87614340485,8
S-C_weinstein,2023-05-19,202749.93414340483,36846.87614340485,8
S-C_weinstein,2023-05-22,202789.29914340487,36846.87614340485,8
S-C_weinstein,2023-05-23,203214.3121898771,55550.385189877095,7
S-C_weinstein,2023-05-24,203262.2661898771,55550.385189877095,7
S-C_weinstein,2023-05-25,202621.3711898771,55550.385189877095,7
S-C_weinstein,2023-05-26,202641.9951898771,55550.385189877095,7
S-C_weinstein,2023-05-30,202205.1401898771,55550.385189877095,7
S-C_weinstein,2023-05-31,202219.4601898771,55550.385189877095,7
S-C_weinstein,2023-06-01,201899.5461898771,55550.385189877095,7
S-C_weinstein,2023-06-02,203796.8031898771,55550.385189877095,7
S-C_weinstein,2023-06-05,203081.3721898771,55550.385189877095,7
S-C_weinstein,2023-06-06,202742.01118987708,55550.385189877095,7
S-C_weinstein,2023-06-07,203765.1381898771,55550.385189877095,7
S-C_weinstein,2023-06-08,203433.1251898771,55550.385189877095,7
S-C_weinstein,2023-06-09,202562.3171898771,55550.385189877095,7
S-C_weinstein,2023-06-12,202740.3721898771,55550.385189877095,7
S-C_weinstein,2023-06-13,204614.4721898771,55550.385189877095,7
S-C_weinstein,2023-06-14,204600.63187112712,60904.0948711271,6
S-C_weinstein,2023-06-15,205515.6558711271,60904.0948711271,6
S-C_weinstein,2023-06-16,204059.7299967271,95170.0689967271,5
S-C_weinstein,2023-06-20,203318.0449967271,95170.0689967271,5
S-C_weinstein,2023-06-21,202973.6249967271,95170.0689967271,5
S-C_weinstein,2023-06-22,203461.3849967271,95170.0689967271,5
S-C_weinstein,2023-06-23,201680.7169967271,95170.0689967271,5
S-C_weinstein,2023-06-26,204087.50699672708,95170.0689967271,5
S-C_weinstein,2023-06-27,206940.0209967271,95170.0689967271,5
S-C_weinstein,2023-06-28,208574.0619967271,95170.0689967271,5
S-C_weinstein,2023-06-29,209438.8259967271,95170.0689967271,5
S-C_weinstein,2023-06-30,211235.3929967271,95170.0689967271,5
S-C_weinstein,2023-07-03,212767.5475441271,31823.9335441271,8
S-C_weinstein,2023-07-05,210491.73154412708,31823.9335441271,8
S-C_weinstein,2023-07-06,209652.02757466896,50747.56857466895,7
S-C_weinstein,2023-07-07,210512.16457466898,50747.56857466895,7
S-C_weinstein,2023-07-10,211310.82857466897,50747.56857466895,7
S-C_weinstein,2023-07-11,210511.66757466897,50747.56857466895,7
S-C_weinstein,2023-07-12,210639.80957466897,50747.56857466895,7
S-C_weinstein,2023-07-13,212197.55657466897,50747.56857466895,7
S-C_weinstein,2023-07-14,215242.54357466893,50747.56857466895,7
S-C_weinstein,2023-07-17,216873.78559841894,29228.344598418953,8
S-C_weinstein,2023-07-18,219168.30559841896,29228.344598418953,8
S-C_weinstein,2023-07-19,219140.80659841895,29228.344598418953,8
S-C_weinstein,2023-07-20,215739.23759841893,29228.344598418953,8
S-C_weinstein,2023-07-21,213709.42966412264,48537.62166412258,7
S-C_weinstein,2023-07-24,213523.30091712257,27284.64291712258,8
S-C_weinstein,2023-07-25,214267.4014801226,46323.022480122585,7
S-C_weinstein,2023-07-26,214356.03348012257,46323.022480122585,7
S-C_weinstein,2023-07-27,213092.44148012256,46323.022480122585,7
S-C_weinstein,2023-07-28,215793.6344801226,46323.022480122585,7
S-C_weinstein,2023-07-31,215115.49749637258,24754.241496372586,8
S-C_weinstein,2023-08-01,213107.39856633602,44078.92656633603,7
S-C_weinstein,2023-08-02,212475.83356633602,44078.92656633603,7
S-C_weinstein,2023-08-03,212707.59756633604,44078.92656633603,7
S-C_weinstein,2023-08-04,213275.12656633602,44078.92656633603,7
S-C_weinstein,2023-08-07,213694.0559330779,22756.25393307787,8
S-C_weinstein,2023-08-08,214248.30593307788,22756.25393307787,8
S-C_weinstein,2023-08-09,217274.43093307785,22756.25393307787,8
S-C_weinstein,2023-08-10,218986.72493307787,22756.25393307787,8
S-C_weinstein,2023-08-11,219117.6194175279,44565.48841752787,7
S-C_weinstein,2023-08-14,218246.02741752786,44565.48841752787,7
S-C_weinstein,2023-08-15,219075.7964175279,44565.48841752787,7
S-C_weinstein,2023-08-16,215583.5304175279,44565.48841752787,7
S-C_weinstein,2023-08-17,212360.4364175279,44565.48841752787,7
S-C_weinstein,2023-08-18,214740.66641752786,44565.48841752787,7
S-C_weinstein,2023-08-21,217319.01790471794,23102.450904717938,8
S-C_weinstein,2023-08-22,219579.66190471797,23102.450904717938,8
S-C_weinstein,2023-08-23,221281.0699047179,23102.450904717938,8
S-C_weinstein,2023-08-24,218611.88690471792,23102.450904717938,8
S-C_weinstein,2023-08-25,218110.56590471792,23102.450904717938,8
S-C_weinstein,2023-08-28,223093.33747287793,1307.0854728779414,9
S-C_weinstein,2023-08-29,226937.20947287793,1307.0854728779414,9
S-C_weinstein,2023-08-30,226283.619472878,1307.0854728779414,9
S-C_weinstein,2023-08-31,222640.72947287792,1307.0854728779414,9
S-C_weinstein,2023-09-01,227547.92847287797,1307.0854728779414,9
S-C_weinstein,2023-09-05,223008.43947287794,1307.0854728779414,9
S-C_weinstein,2023-09-06,221697.71347287798,1307.0854728779414,9
S-C_weinstein,2023-09-07,223434.22747287797,1307.0854728779414,9
S-C_weinstein,2023-09-08,223747.18447287794,1307.0854728779414,9
S-C_weinstein,2023-09-11,226327.44547287794,1307.0854728779414,9
S-C_weinstein,2023-09-12,224844.13274600296,25880.089746002945,8
S-C_weinstein,2023-09-13,222048.22774600296,25880.089746002945,8
S-C_weinstein,2023-09-14,222998.93974600296,25880.089746002945,8
S-C_weinstein,2023-09-15,219764.47474600296,25880.089746002945,8
S-C_weinstein,2023-09-18,216138.29874600293,25880.089746002945,8
S-C_weinstein,2023-09-19,215638.67574600293,25880.089746002945,8
S-C_weinstein,2023-09-20,213094.5258741911,43320.655874191114,7
S-C_weinstein,2023-09-21,216869.32087419112,43320.655874191114,7
S-C_weinstein,2023-09-22,218114.8448741911,43320.655874191114,7
S-C_weinstein,2023-09-25,217638.21287419111,43320.655874191114,7
S-C_weinstein,2023-09-26,218215.63387419112,43320.655874191114,7
S-C_weinstein,2023-09-27,220473.56587419112,43320.655874191114,7
S-C_weinstein,2023-09-28,223333.69018706612,61790.979187066114,6
S-C_weinstein,2023-09-29,221611.49218706612,61790.979187066114,6
S-C_weinstein,2023-10-02,217710.2658855661,39633.04188556611,7
S-C_weinstein,2023-10-03,214307.4787535661,59191.595753566115,6
S-C_weinstein,2023-10-04,214932.42575356615,59191.595753566115,6
S-C_weinstein,2023-10-05,215747.14375356614,59191.595753566115,6
S-C_weinstein,2023-10-06,216881.1037535661,59191.595753566115,6
S-C_weinstein,2023-10-09,218841.40286649112,15847.482866491115,8
S-C_weinstein,2023-10-10,218993.8798664911,15847.482866491115,8
S-C_weinstein,2023-10-11,218142.78286649112,15847.482866491115,8
S-C_weinstein,2023-10-12,214250.64286649108,15847.482866491115,8
S-C_weinstein,2023-10-13,213714.4408664911,15847.482866491115,8
S-C_weinstein,2023-10-16,218287.91880531615,25.790805316117257,9
S-C_weinstein,2023-10-17,219639.8628053161,25.790805316117257,9
S-C_weinstein,2023-10-18,214233.87642836306,16484.72042836304,8
S-C_weinstein,2023-10-19,209895.019428363,16484.72042836304,8
S-C_weinstein,2023-10-20,209898.85642836304,16484.72042836304,8
S-C_weinstein,2023-10-23,211050.98142836304,16484.72042836304,8
S-C_weinstein,2023-10-24,212576.52342836306,16484.72042836304,8
S-C_weinstein,2023-10-25,210233.26742836303,16484.72042836304,8
S-C_weinstein,2023-10-26,210646.35442836306,16484.72042836304,8
S-C_weinstein,2023-10-27,209198.32842836305,16484.72042836304,8
S-C_weinstein,2023-10-30,216579.67842836303,16484.72042836304,8
S-C_weinstein,2023-10-31,216371.37642836303,16484.72042836304,8
S-C_weinstein,2023-11-01,218394.16042836301,16484.72042836304,8
S-C_weinstein,2023-11-02,218058.22897001938,35714.66397001938,7
S-C_weinstein,2023-11-03,220203.7989700194,35714.66397001938,7
S-C_weinstein,2023-11-06,216403.0721731702,19793.18217317017,8
S-C_weinstein,2023-11-07,217430.26717317017,19793.18217317017,8
S-C_weinstein,2023-11-08,215321.1421731702,19793.18217317017,8
S-C_weinstein,2023-11-09,212247.4421731702,19793.18217317017,8
S-C_weinstein,2023-11-10,216618.88217317016,19793.18217317017,8
S-C_weinstein,2023-11-13,219277.55717317018,19793.18217317017,8
S-C_weinstein,2023-11-14,224209.26217317017,19793.18217317017,8
S-C_weinstein,2023-11-15,225812.50717317016,19793.18217317017,8
S-C_weinstein,2023-11-16,226632.5421731702,19793.18217317017,8
S-C_weinstein,2023-11-17,228349.39217317014,19793.18217317017,8
S-C_weinstein,2023-11-20,231973.70020197015,7.645201970171911,9
S-C_weinstein,2023-11-21,230569.81520197017,7.645201970171911,9
S-C_weinstein,2023-11-22,230318.36520197018,7.645201970171911,9
S-C_weinstein,2023-11-24,232270.7452019702,7.645201970171911,9
S-C_weinstein,2023-11-27,226517.0715756754,17734.621575675374,8
S-C_weinstein,2023-11-28,225049.1265756754,17734.621575675374,8
S-C_weinstein,2023-11-29,227019.3165756754,17734.621575675374,8
S-C_weinstein,2023-11-30,227710.23157567537,17734.621575675374,8
S-C_weinstein,2023-12-01,233165.00157567541,17734.621575675374,8
S-C_weinstein,2023-12-04,231202.05828287543,6.4182828753728245,9
S-C_weinstein,2023-12-05,228346.21828287537,6.4182828753728245,9
S-C_weinstein,2023-12-06,227536.4232828754,6.4182828753728245,9
S-C_weinstein,2023-12-07,230314.21828287537,6.4182828753728245,9
S-C_weinstein,2023-12-08,229407.35328287538,6.4182828753728245,9
S-C_weinstein,2023-12-11,229223.1182828754,6.4182828753728245,9
S-C_weinstein,2023-12-12,230689.5482828754,6.4182828753728245,9
S-C_weinstein,2023-12-13,233736.36828287537,6.4182828753728245,9
S-C_weinstein,2023-12-14,232331.5832828754,6.4182828753728245,9
S-C_weinstein,2023-12-15,232944.96328287543,6.4182828753728245,9
S-C_weinstein,2023-12-18,233324.03828287538,6.4182828753728245,9
S-C_weinstein,2023-12-19,235222.95328287536,6.4182828753728245,9
S-C_weinstein,2023-12-20,233432.26328287538,6.4182828753728245,9
S-C_weinstein,2023-12-21,236127.9182828754,6.4182828753728245,9
S-C_weinstein,2023-12-22,236915.85828287542,6.4182828753728245,9
S-C_weinstein,2023-12-26,238690.38328287538,6.4182828753728245,9
S-C_weinstein,2023-12-27,240509.88778287533,21730.172782875372,8
S-C_weinstein,2023-12-28,240263.11778287537,21730.172782875372,8
S-C_weinstein,2023-12-29,237852.71278287537,21730.172782875372,8
S-C_weinstein,2024-01-02,235898.92278287536,21730.172782875372,8
S-C_weinstein,2024-01-03,233414.59278287538,21730.172782875372,8
S-C_weinstein,2024-01-04,233563.11278287537,21730.172782875372,8
S-C_weinstein,2024-01-05,234678.97278287538,21730.172782875372,8
S-C_weinstein,2024-01-08,235897.67278287536,21730.172782875372,8
S-C_weinstein,2024-01-09,238632.84778287535,21730.172782875372,8
S-C_weinstein,2024-01-10,237389.04278287536,21730.172782875372,8
S-C_weinstein,2024-01-11,238402.63778287536,21730.172782875372,8
S-C_weinstein,2024-01-12,239908.17278287536,21730.172782875372,8
S-C_weinstein,2024-01-16,240108.94152057535,24.52652057537125,9
S-C_weinstein,2024-01-17,236773.57652057536,24.52652057537125,9
S-C_weinstein,2024-01-18,238448.52652057534,24.52652057537125,9
S-C_weinstein,2024-01-19,241027.33652057537,24.52652057537125,9
S-C_weinstein,2024-01-22,241546.58152057536,24.52652057537125,9
S-C_weinstein,2024-01-23,238925.05152057536,24.52652057537125,9
S-C_weinstein,2024-01-24,235826.00152057537,24.52652057537125,9
S-C_weinstein,2024-01-25,238117.7165205754,24.52652057537125,9
S-C_weinstein,2024-01-26,239897.82152057538,24.52652057537125,9
S-C_weinstein,2024-01-29,241342.45652057536,24.52652057537125,9
S-C_weinstein,2024-01-30,238982.84152057534,24.52652057537125,9
S-C_weinstein,2024-01-31,237843.88652057535,24.52652057537125,9
S-C_weinstein,2024-02-01,241529.0565205754,24.52652057537125,9
S-C_weinstein,2024-02-02,243635.7365205754,24.52652057537125,9
S-C_weinstein,2024-02-05,242681.73097400146,19501.080974001437,8
S-C_weinstein,2024-02-06,245104.86097400147,19501.080974001437,8
S-C_weinstein,2024-02-07,252825.67097400143,19501.080974001437,8
S-C_weinstein,2024-02-08,257075.88097400143,19501.080974001437,8
S-C_weinstein,2024-02-09,259976.12597400145,19501.080974001437,8
S-C_weinstein,2024-02-12,271116.88317692647,12.988176926442975,9
S-C_weinstein,2024-02-13,268008.41817692644,12.988176926442975,9
S-C_weinstein,2024-02-14,271007.31817692646,12.988176926442975,9
S-C_weinstein,2024-02-15,273820.5781769264,12.988176926442975,9
S-C_weinstein,2024-02-16,266745.6431769265,12.988176926442975,9
S-C_weinstein,2024-02-20,263662.4031769264,12.988176926442975,9
S-C_weinstein,2024-02-21,263307.9031769264,12.988176926442975,9
S-C_weinstein,2024-02-22,265132.9280883614,23292.1330883614,8
S-C_weinstein,2024-02-23,265041.1830883614,23292.1330883614,8
S-C_weinstein,2024-02-26,264784.11808836146,23292.1330883614,8
S-C_weinstein,2024-02-27,264494.8930883614,23292.1330883614,8
S-C_weinstein,2024-02-28,263888.1730883614,23292.1330883614,8
S-C_weinstein,2024-02-29,266179.6280883614,23292.1330883614,8
S-C_weinstein,2024-03-01,267713.45808836137,23292.1330883614,8
S-C_weinstein,2024-03-04,266189.2997209614,7.904720961400017,9
S-C_weinstein,2024-03-05,265410.730670828,20869.55567082805,8
S-C_weinstein,2024-03-06,267155.89067082806,20869.55567082805,8
S-C_weinstein,2024-03-07,269234.165670828,20869.55567082805,8
S-C_weinstein,2024-03-08,266599.11567082803,20869.55567082805,8
S-C_weinstein,2024-03-11,267898.33203691803,13.99703691805189,9
S-C_weinstein,2024-03-12,273309.9720369181,13.99703691805189,9
S-C_weinstein,2024-03-13,273247.91203691805,13.99703691805189,9
S-C_weinstein,2024-03-14,271888.08203691803,13.99703691805189,9
S-C_weinstein,2024-03-15,270227.9570369181,13.99703691805189,9
S-C_weinstein,2024-03-18,270692.810140599,2241.3101405989364,9
S-C_weinstein,2024-03-19,272168.71014059894,2241.3101405989364,9
S-C_weinstein,2024-03-20,279295.5001405989,2241.3101405989364,9
S-C_weinstein,2024-03-21,279427.7601405989,2241.3101405989364,9
S-C_weinstein,2024-03-22,278604.64802539896,63866.938025398944,8
S-C_weinstein,2024-03-25,278949.36506070686,87092.53506070688,7
S-C_weinstein,2024-03-26,277709.5850607069,87092.53506070688,7
S-C_weinstein,2024-03-27,276986.7250607069,87092.53506070688,7
S-C_weinstein,2024-03-28,277978.6281881819,108055.94818818188,6
S-C_weinstein,2024-04-01,278094.6681881819,108055.94818818188,6
S-C_weinstein,2024-04-02,280658.8631881819,108055.94818818188,6
S-C_weinstein,2024-04-03,282425.1131881819,108055.94818818188,6
S-C_weinstein,2024-04-04,276548.3781881819,108055.94818818188,6
S-C_weinstein,2024-04-05,280730.92818818183,108055.94818818188,6
S-C_weinstein,2024-04-08,280960.95818818186,108055.94818818188,6
S-C_weinstein,2024-04-09,281684.82818818185,108055.94818818188,6
S-C_weinstein,2024-04-10,279831.31818818185,108055.94818818188,6
S-C_weinstein,2024-04-11,280801.4881881819,108055.94818818188,6
S-C_weinstein,2024-04-12,277363.69818818185,108055.94818818188,6
S-C_weinstein,2024-04-15,274383.13818818185,108055.94818818188,6
S-C_weinstein,2024-04-16,274203.26818818186,108055.94818818188,6
S-C_weinstein,2024-04-17,270129.58818818186,108055.94818818188,6
S-C_weinstein,2024-04-18,267427.9800123189,119206.8000123189,5
S-C_weinstein,2024-04-19,266496.1600123189,119206.8000123189,5
S-C_weinstein,2024-04-22,267164.2300123189,119206.8000123189,5
S-C_weinstein,2024-04-23,272425.9300123189,119206.8000123189,5
S-C_weinstein,2024-04-24,270678.8900123189,119206.8000123189,5
S-C_weinstein,2024-04-25,270559.9200123189,119206.8000123189,5
S-C_weinstein,2024-04-26,269058.1900123189,119206.8000123189,5
S-C_weinstein,2024-04-29,269835.9570366887,92326.73803668874,6
S-C_weinstein,2024-04-30,266998.43603668874,92326.73803668874,6
S-C_weinstein,2024-05-01,268012.8730366888,92326.73803668874,6
S-C_weinstein,2024-05-02,269148.23303668876,92326.73803668874,6
S-C_weinstein,2024-05-03,274266.4960366888,92326.73803668874,6
S-C_weinstein,2024-05-06,276475.3053770287,64932.37137702874,7
S-C_weinstein,2024-05-07,273371.3043770288,64932.37137702874,7
S-C_weinstein,2024-05-08,262410.63137702877,64932.37137702874,7
S-C_weinstein,2024-05-09,264644.6783770288,64932.37137702874,7
S-C_weinstein,2024-05-10,264199.83437702875,64932.37137702874,7
S-C_weinstein,2024-05-13,261901.86507570875,10161.67407570875,9
S-C_weinstein,2024-05-14,266631.06207570876,10161.67407570875,9
S-C_weinstein,2024-05-15,269060.9520757088,10161.67407570875,9
S-C_weinstein,2024-05-16,267849.7826351837,32811.96663518375,8
S-C_weinstein,2024-05-17,266232.03463518375,32811.96663518375,8
S-C_weinstein,2024-05-20,266682.9936351837,32811.96663518375,8
S-C_weinstein,2024-05-21,263794.8646351837,32811.96663518375,8
S-C_weinstein,2024-05-22,262845.76463518373,32811.96663518375,8
S-C_weinstein,2024-05-23,259597.54463518373,32811.96663518375,8
S-C_weinstein,2024-05-24,262600.8986351837,32811.96663518375,8
S-C_weinstein,2024-05-28,264431.11825920746,56499.91925920744,7
S-C_weinstein,2024-05-29,262057.40325920744,56499.91925920744,7
S-C_weinstein,2024-05-30,260864.32125920744,56499.91925920744,7
S-C_weinstein,2024-05-31,261635.44225920748,56499.91925920744,7
S-C_weinstein,2024-06-03,257708.66769914463,23513.871699144624,9
S-C_weinstein,2024-06-04,257837.71069914466,23513.871699144624,9
S-C_weinstein,2024-06-05,266371.93369914463,23513.871699144624,9
S-C_weinstein,2024-06-06,266491.5836991446,23513.871699144624,9
S-C_weinstein,2024-06-07,265716.36269914464,23513.871699144624,9
S-C_weinstein,2024-06-10,268550.7446991446,23513.871699144624,9
S-C_weinstein,2024-06-11,269755.2006991446,23513.871699144624,9
S-C_weinstein,2024-06-12,270972.29369914456,23513.871699144624,9
S-C_weinstein,2024-06-13,265847.13269914465,23513.871699144624,9
S-C_weinstein,2024-06-14,261192.4816991446,23513.871699144624,9
S-C_weinstein,2024-06-17,262958.7959765893,47713.98197658931,8
S-C_weinstein,2024-06-18,264176.56597658934,47713.98197658931,8
S-C_weinstein,2024-06-20,262238.70797658927,47713.98197658931,8
S-C_weinstein,2024-06-21,264338.1829765893,47713.98197658931,8
S-C_weinstein,2024-06-24,262071.51574380283,66427.74974380282,7
S-C_weinstein,2024-06-25,263830.1507438028,66427.74974380282,7
S-C_weinstein,2024-06-26,263661.02974380285,66427.74974380282,7
S-C_weinstein,2024-06-27,262203.94474380283,66427.74974380282,7
S-C_weinstein,2024-06-28,263315.8277438028,66427.74974380282,7
S-C_weinstein,2024-07-01,262012.10042622575,13776.433426225747,9
S-C_weinstein,2024-07-02,261864.49142622575,13776.433426225747,9
S-C_weinstein,2024-07-03,260930.38142622577,13776.433426225747,9
S-C_weinstein,2024-07-05,264844.93142622575,13776.433426225747,9
S-C_weinstein,2024-07-08,266300.5374262257,13776.433426225747,9
S-C_weinstein,2024-07-09,263429.74042622576,13776.433426225747,9
S-C_weinstein,2024-07-10,265215.0164262257,13776.433426225747,9
S-C_weinstein,2024-07-11,269744.8064262257,13776.433426225747,9
S-C_weinstein,2024-07-12,271019.49142622575,13776.433426225747,9
S-C_weinstein,2024-07-15,277649.6354262257,13776.433426225747,9
S-C_weinstein,2024-07-16,283396.7214262257,13776.433426225747,9
S-C_weinstein,2024-07-17,274354.5774262257,13776.433426225747,9
S-C_weinstein,2024-07-18,269033.3744262257,13776.433426225747,9
S-C_weinstein,2024-07-19,269457.91742622573,13776.433426225747,9
S-C_weinstein,2024-07-22,272268.93542622577,13776.433426225747,9
S-C_weinstein,2024-07-23,269821.61742622574,13776.433426225747,9
S-C_weinstein,2024-07-24,262979.2484262257,13776.433426225747,9
S-C_weinstein,2024-07-25,261208.60542622575,13776.433426225747,9
S-C_weinstein,2024-07-26,261230.61042622576,13776.433426225747,9
S-C_weinstein,2024-07-29,262088.74332594572,209.05932594574915,10
S-C_weinstein,2024-07-30,261286.13832594577,209.05932594574915,10
S-C_weinstein,2024-07-31,265449.7853259457,209.05932594574915,10
S-C_weinstein,2024-08-01,263800.5153259457,209.05932594574915,10
S-C_weinstein,2024-08-02,256912.85432594572,209.05932594574915,10
S-C_weinstein,2024-08-05,250959.04548094576,12339.76148094575,9
S-C_weinstein,2024-08-06,256286.08448094575,12339.76148094575,9
S-C_weinstein,2024-08-07,251880.86148094572,12339.76148094575,9
S-C_weinstein,2024-08-08,251695.66239475575,35826.52739475575,8
S-C_weinstein,2024-08-09,251301.83339475575,35826.52739475575,8
S-C_weinstein,2024-08-12,249672.40041179574,10713.416411795752,9
S-C_weinstein,2024-08-13,254889.79641179577,10713.416411795752,9
S-C_weinstein,2024-08-14,254539.01441179577,10713.416411795752,9
S-C_weinstein,2024-08-15,260042.26941179574,10713.416411795752,9
S-C_weinstein,2024-08-16,260736.95541179573,10713.416411795752,9
S-C_weinstein,2024-08-19,262020.85941179574,10713.416411795752,9
S-C_weinstein,2024-08-20,258571.23741179574,10713.416411795752,9
S-C_weinstein,2024-08-21,263159.26241179573,10713.416411795752,9
S-C_weinstein,2024-08-22,262967.3974117958,10713.416411795752,9
S-C_weinstein,2024-08-23,266844.1164117957,10713.416411795752,9
S-C_weinstein,2024-08-26,261211.43640598693,34301.238405986885,8
S-C_weinstein,2024-08-27,260765.98340598692,34301.238405986885,8
S-C_weinstein,2024-08-28,259427.2694059869,34301.238405986885,8
S-C_weinstein,2024-08-29,259378.1454059869,34301.238405986885,8
S-C_weinstein,2024-08-30,260932.97640598693,34301.238405986885,8
S-C_weinstein,2024-09-03,253478.0884059869,34301.238405986885,8
S-C_weinstein,2024-09-04,255236.7864059869,34301.238405986885,8
S-C_weinstein,2024-09-05,247648.59940598693,34301.238405986885,8
S-C_weinstein,2024-09-06,244647.32140598694,34301.238405986885,8
S-C_weinstein,2024-09-09,246484.5434059869,34301.238405986885,8
S-C_weinstein,2024-09-10,245824.1494059869,34301.238405986885,8
S-C_weinstein,2024-09-11,249830.14340598692,34301.238405986885,8
S-C_weinstein,2024-09-12,252856.88140598687,34301.238405986885,8
S-C_weinstein,2024-09-13,256169.7034059869,34301.238405986885,8
S-C_weinstein,2024-09-16,255571.6666974869,8688.442697486887,9
S-C_weinstein,2024-09-17,257496.60369748686,8688.442697486887,9
S-C_weinstein,2024-09-18,256011.00769748693,8688.442697486887,9
S-C_weinstein,2024-09-19,265676.4066974869,8688.442697486887,9
S-C_weinstein,2024-09-20,258898.26006684633,31734.988066846323,8
S-C_weinstein,2024-09-23,257365.96318259632,33229.77218259632,9
S-C_weinstein,2024-09-24,262112.05218259632,33229.77218259632,9
S-C_weinstein,2024-09-25,261615.18418259633,33229.77218259632,9
S-C_weinstein,2024-09-26,264266.7891825963,33229.77218259632,9
S-C_weinstein,2024-09-27,263389.4271825963,33229.77218259632,9
S-C_weinstein,2024-09-30,263652.6243338463,6898.368333846323,10
S-C_weinstein,2024-10-01,259304.96833384637,6898.368333846323,10
S-C_weinstein,2024-10-02,262904.89833384636,6898.368333846323,10
S-C_weinstein,2024-10-03,257539.95233384633,6898.368333846323,10
S-C_weinstein,2024-10-04,259318.56633384633,6898.368333846323,10
S-C_weinstein,2024-10-07,255487.12233384632,6898.368333846323,10
S-C_weinstein,2024-10-08,258789.82626327613,30136.91526327615,9
S-C_weinstein,2024-10-09,259250.33926327614,30136.91526327615,9
S-C_weinstein,2024-10-10,258617.17126327613,30136.91526327615,9
S-C_weinstein,2024-10-11,264825.9162632761,30136.91526327615,9
S-C_weinstein,2024-10-14,266068.0284975961,3678.39749759615,10
S-C_weinstein,2024-10-15,266445.8474975962,3678.39749759615,10
S-C_weinstein,2024-10-16,289065.5204975961,3678.39749759615,10
S-C_weinstein,2024-10-17,284301.34249759617,3678.39749759615,10
S-C_weinstein,2024-10-18,289820.8964975962,3678.39749759615,10
S-C_weinstein,2024-10-21,287696.4834975962,3678.39749759615,10
S-C_weinstein,2024-10-22,285595.96249759616,3678.39749759615,10
S-C_weinstein,2024-10-23,284187.62249759614,3678.39749759615,10
S-C_weinstein,2024-10-24,291420.61449759617,3678.39749759615,10
S-C_weinstein,2024-10-25,287233.97549759614,3678.39749759615,10
S-C_weinstein,2024-10-28,289476.7864975962,3678.39749759615,10
S-C_weinstein,2024-10-29,289745.9934975962,3678.39749759615,10
S-C_weinstein,2024-10-30,289456.5174975962,3678.39749759615,10
S-C_weinstein,2024-10-31,282199.8354975962,3678.39749759615,10
S-C_weinstein,2024-11-01,283353.5974975962,3678.39749759615,10
S-C_weinstein,2024-11-04,282165.43049759616,3678.39749759615,10
S-C_weinstein,2024-11-05,284926.3964975962,3678.39749759615,10
S-C_weinstein,2024-11-06,294923.4554975962,3678.39749759615,10
S-C_weinstein,2024-11-07,295366.88849759614,3678.39749759615,10
S-C_weinstein,2024-11-08,311121.3034975961,3678.39749759615,10
S-C_weinstein,2024-11-11,315984.26249759615,3678.39749759615,10
S-C_weinstein,2024-11-12,309039.21749759617,3678.39749759615,10
S-C_weinstein,2024-11-13,299656.07249759615,3678.39749759615,10
S-C_weinstein,2024-11-14,295203.6774975962,3678.39749759615,10
S-C_weinstein,2024-11-15,283149.3057798806,27797.973779880653,9
S-C_weinstein,2024-11-18,284203.56177988066,27797.973779880653,9
S-C_weinstein,2024-11-19,292101.87377988064,27797.973779880653,9
S-C_weinstein,2024-11-20,292570.5817798807,27797.973779880653,9
S-C_weinstein,2024-11-21,292135.16977988067,27797.973779880653,9
S-C_weinstein,2024-11-22,295097.90377988067,27797.973779880653,9
S-C_weinstein,2024-11-25,299243.0169543869,24906.912954386902,9
S-C_weinstein,2024-11-26,305067.49495438684,24906.912954386902,9
S-C_weinstein,2024-11-27,299612.6329543869,24906.912954386902,9
S-C_weinstein,2024-11-29,278906.3741992869,32123.544199286902,8
S-C_weinstein,2024-12-02,281342.62833225686,4260.872332256906,9
S-C_weinstein,2024-12-03,275849.32233225694,4260.872332256906,9
S-C_weinstein,2024-12-04,275023.7509632569,26846.632963256907,8
S-C_weinstein,2024-12-05,272823.0309632569,26846.632963256907,8
S-C_weinstein,2024-12-06,277372.3529632569,26846.632963256907,8
S-C_weinstein,2024-12-09,272394.5189632569,26846.632963256907,8
S-C_weinstein,2024-12-10,271161.9809632569,26846.632963256907,8
S-C_weinstein,2024-12-11,272791.2469632569,26846.632963256907,8
S-C_weinstein,2024-12-12,266085.6829632569,26846.632963256907,8
S-C_weinstein,2024-12-13,262896.28896325687,26846.632963256907,8
S-C_weinstein,2024-12-16,266535.4069632569,26846.632963256907,8
S-C_weinstein,2024-12-17,267763.4849632569,26846.632963256907,8
S-C_weinstein,2024-12-18,254336.46096325692,26846.632963256907,8
S-C_weinstein,2024-12-19,255836.5289632569,26846.632963256907,8
S-C_weinstein,2024-12-20,261811.7609632569,26846.632963256907,8
S-C_weinstein,2024-12-23,259975.9288492569,680.3788492569074,9
S-C_weinstein,2024-12-24,261767.0668492569,680.3788492569074,9
S-C_weinstein,2024-12-26,263866.94684925687,680.3788492569074,9
S-C_weinstein,2024-12-27,259837.5288492569,680.3788492569074,9
S-C_weinstein,2024-12-30,253114.12984925692,680.3788492569074,9
S-C_weinstein,2024-12-31,252004.00084925693,680.3788492569074,9
S-C_weinstein,2025-01-02,255186.7348492569,680.3788492569074,9
S-C_weinstein,2025-01-03,259934.6118492569,680.3788492569074,9
S-C_weinstein,2025-01-06,257788.33787890692,26957.395878906907,8
S-C_weinstein,2025-01-07,255703.4198789069,26957.395878906907,8
S-C_weinstein,2025-01-08,251749.02287890692,26957.395878906907,8
S-C_weinstein,2025-01-10,245091.20187890693,26957.395878906907,8
S-C_weinstein,2025-01-13,243356.70210466572,2661.05510466568,9
S-C_weinstein,2025-01-14,243223.5181046657,2661.05510466568,9
S-C_weinstein,2025-01-15,248523.72610466572,2661.05510466568,9
S-C_weinstein,2025-01-16,247497.8271046657,2661.05510466568,9
S-C_weinstein,2025-01-17,248341.2071046657,2661.05510466568,9
S-C_weinstein,2025-01-21,255924.49701221185,35.048012211856076,9
S-C_weinstein,2025-01-22,259376.75401221187,35.048012211856076,9
S-C_weinstein,2025-01-23,259127.61101221186,35.048012211856076,9
S-C_weinstein,2025-01-24,259484.29901221188,35.048012211856076,9
S-C_weinstein,2025-01-27,256810.59901221184,35.048012211856076,9
S-C_weinstein,2025-01-28,258754.38101221187,35.048012211856076,9
S-C_weinstein,2025-01-29,253693.3374588719,22756.19745887186,8
S-C_weinstein,2025-01-30,255676.4454588719,22756.19745887186,8
S-C_weinstein,2025-01-31,253242.94145887188,22756.19745887186,8
S-C_weinstein,2025-02-03,253062.12388793187,19.852887931858277,9
S-C_weinstein,2025-02-04,255953.02088793184,19.852887931858277,9
S-C_weinstein,2025-02-05,259221.09988793186,19.852887931858277,9
S-C_weinstein,2025-02-06,257297.41388793182,19.852887931858277,9
S-C_weinstein,2025-02-07,267982.97288793186,19.852887931858277,9
S-C_weinstein,2025-02-10,265675.0618879319,19.852887931858277,9
S-C_weinstein,2025-02-11,260213.45288793187,19.852887931858277,9
S-C_weinstein,2025-02-12,262722.7098879319,19.852887931858277,9
S-C_weinstein,2025-02-13,264372.28288793185,19.852887931858277,9
S-C_weinstein,2025-02-14,266957.6398879319,19.852887931858277,9
S-C_weinstein,2025-02-18,274726.5558839228,4.987883922739853,10
S-C_weinstein,2025-02-19,273935.09188392275,4.987883922739853,10
S-C_weinstein,2025-02-20,271590.90288392274,4.987883922739853,10
S-C_weinstein,2025-02-21,264306.1108839227,4.987883922739853,10
S-C_weinstein,2025-02-24,260670.32088392274,4.987883922739853,10
S-C_weinstein,2025-02-25,255955.62063649858,20406.391636498585,9
S-C_weinstein,2025-02-26,258813.0316364986,20406.391636498585,9
S-C_weinstein,2025-02-27,258004.94665152737,20417.849651527347,8
S-C_weinstein,2025-02-28,264535.81865152734,20417.849651527347,8
S-C_weinstein,2025-03-03,255874.95256166733,7.229561667347298,9
S-C_weinstein,2025-03-04,255447.11056166733,7.229561667347298,9
S-C_weinstein,2025-03-05,256202.63856166732,7.229561667347298,9
S-C_weinstein,2025-03-06,245767.05637312622,18321.752373126223,8
S-C_weinstein,2025-03-07,239967.4893731262,18321.752373126223,8
S-C_weinstein,2025-03-10,234660.07988757035,41269.69788757035,7
S-C_weinstein,2025-03-11,239600.87588757032,41269.69788757035,7
S-C_weinstein,2025-03-12,242545.26688757032,41269.69788757035,7
S-C_weinstein,2025-03-13,235655.96388757037,41269.69788757035,7
S-C_weinstein,2025-03-14,238457.73488757038,41269.69788757035,7
S-C_weinstein,2025-03-17,239438.99588757037,41269.69788757035,7
S-C_weinstein,2025-03-18,236409.56888757035,41269.69788757035,7
S-C_weinstein,2025-03-19,239969.73088757036,41269.69788757035,7
S-C_weinstein,2025-03-20,238425.39788757038,41269.69788757035,7
S-C_weinstein,2025-03-21,238357.64781236323,62987.87781236322,6
S-C_weinstein,2025-03-24,245776.07781236322,62987.87781236322,6
S-C_weinstein,2025-03-25,243079.9878123632,62987.87781236322,6
S-C_weinstein,2025-03-26,239422.7478123632,62987.87781236322,6
S-C_weinstein,2025-03-27,235833.30781236326,62987.87781236322,6
S-C_weinstein,2025-03-28,231453.53781236318,62987.87781236322,6
S-C_weinstein,2025-03-31,229105.91781236324,62987.87781236322,6
S-C_weinstein,2025-04-01,225440.8078123632,62987.87781236322,6
S-C_weinstein,2025-04-02,228588.9148127729,86579.66481277291,5
S-C_weinstein,2025-04-03,217280.48048447224,111580.94048447223,4
S-C_weinstein,2025-04-04,211301.44048447226,111580.94048447223,4
S-C_weinstein,2025-04-07,211972.81048447223,111580.94048447223,4
S-C_weinstein,2025-04-08,209146.28048447223,111580.94048447223,4
S-C_weinstein,2025-04-09,217337.79048447224,111580.94048447223,4
S-C_weinstein,2025-04-10,211620.9504844722,111580.94048447223,4
S-C_weinstein,2025-04-11,214515.1404844722,111580.94048447223,4
S-C_weinstein,2025-04-14,215192.86201539222,144885.15201539223,3
S-C_weinstein,2025-04-15,215534.04201539222,144885.15201539223,3
S-C_weinstein,2025-04-16,214882.80201539223,144885.15201539223,3
S-C_weinstein,2025-04-17,215457.07201539224,144885.15201539223,3
S-C_weinstein,2025-04-21,212664.45201539225,144885.15201539223,3
S-C_weinstein,2025-04-22,214104.02201539226,144885.15201539223,3
S-C_weinstein,2025-04-23,216094.92201539222,144885.15201539223,3
S-C_weinstein,2025-04-24,218447.13201539224,144885.15201539223,3
S-C_weinstein,2025-04-25,218732.99201539223,144885.15201539223,3
S-C_weinstein,2025-04-28,218828.63201539224,144885.15201539223,3
S-C_weinstein,2025-04-29,220001.08201539223,144885.15201539223,3
S-C_weinstein,2025-04-30,219654.02201539223,144885.15201539223,3
S-C_weinstein,2025-05-01,220990.11201539222,144885.15201539223,3
S-C_weinstein,2025-05-02,223221.78201539224,144885.15201539223,3
S-C_weinstein,2025-05-05,223283.27201539226,144885.15201539223,3
S-C_weinstein,2025-05-06,219427.36201539222,144885.15201539223,3
S-C_weinstein,2025-05-07,218406.84201539223,144885.15201539223,3
S-C_weinstein,2025-05-08,220055.55201539223,144885.15201539223,3
S-C_weinstein,2025-05-09,220048.55201539223,144885.15201539223,3
S-C_weinstein,2025-05-12,222816.29201539222,144885.15201539223,3
S-C_weinstein,2025-05-13,223254.71201539223,144885.15201539223,3
S-C_weinstein,2025-05-14,222454.15201539223,144885.15201539223,3
S-C_weinstein,2025-05-15,221834.53201539224,144885.15201539223,3
S-C_weinstein,2025-05-16,218478.95201539225,144885.15201539223,3
S-C_weinstein,2025-05-19,219333.89201539225,144885.15201539223,3
S-C_weinstein,2025-05-20,219225.29201539225,144885.15201539223,3
S-C_weinstein,2025-05-21,217500.22201539224,144885.15201539223,3
S-C_weinstein,2025-05-22,217306.96201539223,144885.15201539223,3
S-C_weinstein,2025-05-23,217891.76201539225,144885.15201539223,3
S-C_weinstein,2025-05-27,218520.54201539222,144885.15201539223,3
S-C_weinstein,2025-05-28,218421.40201539223,144885.15201539223,3
S-C_weinstein,2025-05-29,218346.89201539225,144885.15201539223,3
S-C_weinstein,2025-05-30,219003.98201539222,144885.15201539223,3
S-C_weinstein,2025-06-02,219300.42965485225,130186.82965485225,3
S-C_weinstein,2025-06-03,220988.94965485224,130186.82965485225,3
S-C_weinstein,2025-06-04,222784.70965485225,130186.82965485225,3
S-C_weinstein,2025-06-05,223709.55965485226,130186.82965485225,3
S-C_weinstein,2025-06-06,224844.14965485226,130186.82965485225,3
S-C_weinstein,2025-06-09,221153.5569928573,105406.46699285731,4
S-C_weinstein,2025-06-10,220108.8269928573,105406.46699285731,4
S-C_weinstein,2025-06-11,219230.09699285732,105406.46699285731,4
S-C_weinstein,2025-06-12,218645.61699285734,105406.46699285731,4
S-C_weinstein,2025-06-13,218278.82699285733,105406.46699285731,4
S-C_weinstein,2025-06-16,219340.35213535733,83587.31213535732,5
S-C_weinstein,2025-06-17,220668.71213535732,83587.31213535732,5
S-C_weinstein,2025-06-18,219647.89213535734,83587.31213535732,5
S-C_weinstein,2025-06-20,218749.1721353573,83587.31213535732,5
S-C_weinstein,2025-06-23,220957.85374127128,59476.84374127126,6
S-C_weinstein,2025-06-24,222100.54374127128,59476.84374127126,6
S-C_weinstein,2025-06-25,224041.03374127127,59476.84374127126,6
S-C_weinstein,2025-06-26,226957.31374127127,59476.84374127126,6
S-C_weinstein,2025-06-27,228822.07874127125,59476.84374127126,6
S-C_weinstein,2025-06-30,230224.57477864804,13728.884778648015,8
