system,date,equity,cash,positions
S-A_canslim,2006-01-03,100000.0,100000.0,0
S-A_canslim,2006-01-04,100000.0,100000.0,0
S-A_canslim,2006-01-05,100000.0,100000.0,0
S-A_canslim,2006-01-06,100000.0,100000.0,0
S-A_canslim,2006-01-09,100000.0,100000.0,0
S-A_canslim,2006-01-10,100000.0,100000.0,0
S-A_canslim,2006-01-11,100000.0,100000.0,0
S-A_canslim,2006-01-12,100000.0,100000.0,0
S-A_canslim,2006-01-13,100000.0,100000.0,0
S-A_canslim,2006-01-17,100000.0,100000.0,0
S-A_canslim,2006-01-18,100000.0,100000.0,0
S-A_canslim,2006-01-19,100000.0,100000.0,0
S-A_canslim,2006-01-20,100000.0,100000.0,0
S-A_canslim,2006-01-23,100000.0,100000.0,0
S-A_canslim,2006-01-24,100000.0,100000.0,0
S-A_canslim,2006-01-25,100000.0,100000.0,0
S-A_canslim,2006-01-26,100000.0,100000.0,0
S-A_canslim,2006-01-27,100000.0,100000.0,0
S-A_canslim,2006-01-30,100000.0,100000.0,0
S-A_canslim,2006-01-31,100000.0,100000.0,0
S-A_canslim,2006-02-01,100000.0,100000.0,0
S-A_canslim,2006-02-02,100000.0,100000.0,0
S-A_canslim,2006-02-03,100000.0,100000.0,0
S-A_canslim,2006-02-06,100000.0,100000.0,0
S-A_canslim,2006-02-07,100000.0,100000.0,0
S-A_canslim,2006-02-08,100000.0,100000.0,0
S-A_canslim,2006-02-09,100000.0,100000.0,0
S-A_canslim,2006-02-10,100000.0,100000.0,0
S-A_canslim,2006-02-13,100000.0,100000.0,0
S-A_canslim,2006-02-14,100000.0,100000.0,0
S-A_canslim,2006-02-15,100000.0,100000.0,0
S-A_canslim,2006-02-16,100000.0,100000.0,0
S-A_canslim,2006-02-17,100000.0,100000.0,0
S-A_canslim,2006-02-21,100000.0,100000.0,0
S-A_canslim,2006-02-22,100000.0,100000.0,0
S-A_canslim,2006-02-23,100000.0,100000.0,0
S-A_canslim,2006-02-24,100000.0,100000.0,0
S-A_canslim,2006-02-27,100000.0,100000.0,0
S-A_canslim,2006-02-28,100000.0,100000.0,0
S-A_canslim,2006-03-01,100000.0,100000.0,0
S-A_canslim,2006-03-02,100000.0,100000.0,0
S-A_canslim,2006-03-03,100000.0,100000.0,0
S-A_canslim,2006-03-06,100000.0,100000.0,0
S-A_canslim,2006-03-07,100000.0,100000.0,0
S-A_canslim,2006-03-08,100000.0,100000.0,0
S-A_canslim,2006-03-09,100000.0,100000.0,0
S-A_canslim,2006-03-10,100000.0,100000.0,0
S-A_canslim,2006-03-13,100000.0,100000.0,0
S-A_canslim,2006-03-14,100000.0,100000.0,0
S-A_canslim,2006-03-15,100000.0,100000.0,0
S-A_canslim,2006-03-16,100000.0,100000.0,0
S-A_canslim,2006-03-17,100000.0,100000.0,0
S-A_canslim,2006-03-20,99745.82718483687,80038.52918483687,2
S-A_canslim,2006-03-21,99255.53318483687,80038.52918483687,2
S-A_canslim,2006-03-22,99818.93918483687,80038.52918483687,2
S-A_canslim,2006-03-23,99957.65918483687,80038.52918483687,2
S-A_canslim,2006-03-24,99687.44318483687,80038.52918483687,2
S-A_canslim,2006-03-27,100108.41118483686,80038.52918483687,2
S-A_canslim,2006-03-28,100148.33918483686,80038.52918483687,2
S-A_canslim,2006-03-29,100085.58518483686,80038.52918483687,2
S-A_canslim,2006-03-30,99815.60718483687,80038.52918483687,2
S-A_canslim,2006-03-31,99911.19918483686,80038.52918483687,2
S-A_canslim,2006-04-03,100235.74718483686,80038.52918483687,2
S-A_canslim,2006-04-04,100283.35918483687,80038.52918483687,2
S-A_canslim,2006-04-05,100453.82718483686,80038.52918483687,2
S-A_canslim,2006-04-06,100368.20318483686,80038.52918483687,2
S-A_canslim,2006-04-07,100181.21918483687,80038.52918483687,2
S-A_canslim,2006-04-10,100567.21918483687,80038.52918483687,2
S-A_canslim,2006-04-11,100750.32718483687,80038.52918483687,2
S-A_canslim,2006-04-12,100823.52918483687,80038.52918483687,2
S-A_canslim,2006-04-13,100892.33318483687,80038.52918483687,2
S-A_canslim,2006-04-17,101067.12918483687,80038.52918483687,2
S-A_canslim,2006-04-18,101491.18718483686,80038.52918483687,2
S-A_canslim,2006-04-19,101466.57718483687,80038.52918483687,2
S-A_canslim,2006-04-20,101322.56918483687,80038.52918483687,2
S-A_canslim,2006-04-21,101230.13518483686,80038.52918483687,2
S-A_canslim,2006-04-24,101550.24718483686,80038.52918483687,2
S-A_canslim,2006-04-25,101232.24318483687,80038.52918483687,2
S-A_canslim,2006-04-26,101457.31918483687,80038.52918483687,2
S-A_canslim,2006-04-27,101262.37918483687,80038.52918483687,2
S-A_canslim,2006-04-28,100900.72718483687,80038.52918483687,2
S-A_canslim,2006-05-01,101164.43318483687,80038.52918483687,2
S-A_canslim,2006-05-02,101563.08718483686,80038.52918483687,2
S-A_canslim,2006-05-03,101736.16118483686,80038.52918483687,2
S-A_canslim,2006-05-04,102106.22518483686,80038.52918483687,2
S-A_canslim,2006-05-05,102059.50118483687,80038.52918483687,2
S-A_canslim,2006-05-08,102115.37918483687,80038.52918483687,2
S-A_canslim,2006-05-09,102421.83718483687,80038.52918483687,2
S-A_canslim,2006-05-10,102227.80518483686,80038.52918483687,2
S-A_canslim,2006-05-11,101404.26918483686,80038.52918483687,2
S-A_canslim,2006-05-12,100904.91118483686,80038.52918483687,2
S-A_canslim,2006-05-15,100913.53318483687,80038.52918483687,2
S-A_canslim,2006-05-16,101254.05118483686,80038.52918483687,2
S-A_canslim,2006-05-17,100883.07918483687,80038.52918483687,2
S-A_canslim,2006-05-18,100504.05118483686,80038.52918483687,2
S-A_canslim,2006-05-19,100256.85760245332,89712.54760245333,1
S-A_canslim,2006-05-22,100074.95786940333,100074.95786940333,0
S-A_canslim,2006-05-23,100074.95786940333,100074.95786940333,0
S-A_canslim,2006-05-24,100074.95786940333,100074.95786940333,0
S-A_canslim,2006-05-25,100074.95786940333,100074.95786940333,0
S-A_canslim,2006-05-26,100074.95786940333,100074.95786940333,0
S-A_canslim,2006-05-30,100074.95786940333,100074.95786940333,0
S-A_canslim,2006-05-31,100074.95786940333,100074.95786940333,0
S-A_canslim,2006-06-01,100074.95786940333,100074.95786940333,0
S-A_canslim,2006-06-02,100074.95786940333,100074.95786940333,0
S-A_canslim,2006-06-05,100074.95786940333,100074.95786940333,0
S-A_canslim,2006-06-06,100074.95786940333,100074.95786940333,0
S-A_canslim,2006-06-07,100074.95786940333,100074.95786940333,0
S-A_canslim,2006-06-08,100074.95786940333,100074.95786940333,0
S-A_canslim,2006-06-09,100074.95786940333,100074.95786940333,0
S-A_canslim,2006-06-12,100074.95786940333,100074.95786940333,0
S-A_canslim,2006-06-13,100074.95786940333,100074.95786940333,0
S-A_canslim,2006-06-14,100074.95786940333,100074.95786940333,0
S-A_canslim,2006-06-15,100074.95786940333,100074.95786940333,0
S-A_canslim,2006-06-16,100074.95786940333,100074.95786940333,0
S-A_canslim,2006-06-19,100074.95786940333,100074.95786940333,0
S-A_canslim,2006-06-20,100074.95786940333,100074.95786940333,0
S-A_canslim,2006-06-21,100074.95786940333,100074.95786940333,0
S-A_canslim,2006-06-22,100074.95786940333,100074.95786940333,0
S-A_canslim,2006-06-23,100074.95786940333,100074.95786940333,0
S-A_canslim,2006-06-26,100074.95786940333,100074.95786940333,0
S-A_canslim,2006-06-27,100074.95786940333,100074.95786940333,0
S-A_canslim,2006-06-28,100074.95786940333,100074.95786940333,0
S-A_canslim,2006-06-29,100074.95786940333,100074.95786940333,0
S-A_canslim,2006-06-30,100074.95786940333,100074.95786940333,0
S-A_canslim,2006-07-03,99872.68511662263,90081.22911662262,1
S-A_canslim,2006-07-05,99593.61311662263,90081.22911662262,1
S-A_canslim,2006-07-06,99596.33311662261,90081.22911662262,1
S-A_canslim,2006-07-07,99352.62111662261,90081.22911662262,1
S-A_canslim,2006-07-10,99434.76511662261,90081.22911662262,1
S-A_canslim,2006-07-11,99234.14982746221,99234.14982746221,0
S-A_canslim,2006-07-12,99234.14982746221,99234.14982746221,0
S-A_canslim,2006-07-13,99234.14982746221,99234.14982746221,0
S-A_canslim,2006-07-14,99234.14982746221,99234.14982746221,0
S-A_canslim,2006-07-17,99234.14982746221,99234.14982746221,0
S-A_canslim,2006-07-18,99234.14982746221,99234.14982746221,0
S-A_canslim,2006-07-19,99234.14982746221,99234.14982746221,0
S-A_canslim,2006-07-20,99234.14982746221,99234.14982746221,0
S-A_canslim,2006-07-21,99234.14982746221,99234.14982746221,0
S-A_canslim,2006-07-24,99234.14982746221,99234.14982746221,0
S-A_canslim,2006-07-25,99234.14982746221,99234.14982746221,0
S-A_canslim,2006-07-26,99234.14982746221,99234.14982746221,0
S-A_canslim,2006-07-27,99234.14982746221,99234.14982746221,0
S-A_canslim,2006-07-28,99234.14982746221,99234.14982746221,0
S-A_canslim,2006-07-31,99234.14982746221,99234.14982746221,0
S-A_canslim,2006-08-01,99234.14982746221,99234.14982746221,0
S-A_canslim,2006-08-02,99234.14982746221,99234.14982746221,0
S-A_canslim,2006-08-03,99234.14982746221,99234.14982746221,0
S-A_canslim,2006-08-04,99234.14982746221,99234.14982746221,0
S-A_canslim,2006-08-07,99326.0852274622,89359.6852274622,1
S-A_canslim,2006-08-08,99255.6852274622,89359.6852274622,1
S-A_canslim,2006-08-09,99218.8852274622,89359.6852274622,1
S-A_canslim,2006-08-10,99246.0852274622,89359.6852274622,1
S-A_canslim,2006-08-11,99191.6852274622,89359.6852274622,1
S-A_canslim,2006-08-14,99474.8852274622,89359.6852274622,1
S-A_canslim,2006-08-15,99474.8852274622,89359.6852274622,1
S-A_canslim,2006-08-16,99612.48522746221,89359.6852274622,1
S-A_canslim,2006-08-17,99479.6852274622,89359.6852274622,1
S-A_canslim,2006-08-18,99558.0852274622,89359.6852274622,1
S-A_canslim,2006-08-21,99509.22387254455,79410.00787254455,2
S-A_canslim,2006-08-22,99361.28787254455,79410.00787254455,2
S-A_canslim,2006-08-23,99239.75187254456,79410.00787254455,2
S-A_canslim,2006-08-24,99189.70387254455,79410.00787254455,2
S-A_canslim,2006-08-25,99534.34387254454,79410.00787254455,2
S-A_canslim,2006-08-28,99463.23987254455,79410.00787254455,2
S-A_canslim,2006-08-29,99715.14387254455,79410.00787254455,2
S-A_canslim,2006-08-30,100164.24787254454,79410.00787254455,2
S-A_canslim,2006-08-31,99962.19987254454,79410.00787254455,2
S-A_canslim,2006-09-01,99783.44787254455,79410.00787254455,2
S-A_canslim,2006-09-05,100183.33587254456,79410.00787254455,2
S-A_canslim,2006-09-06,99928.16787254455,79410.00787254455,2
S-A_canslim,2006-09-07,99823.84787254455,79410.00787254455,2
S-A_canslim,2006-09-08,100162.90387254456,79410.00787254455,2
S-A_canslim,2006-09-11,99856.61587254456,79410.00787254455,2
S-A_canslim,2006-09-12,100243.67187254455,79410.00787254455,2
S-A_canslim,2006-09-13,100233.70387254455,79410.00787254455,2
S-A_canslim,2006-09-14,100228.87187254455,79410.00787254455,2
S-A_canslim,2006-09-15,99774.93587254455,79410.00787254455,2
S-A_canslim,2006-09-18,100837.47023255254,69734.69423255255,3
S-A_canslim,2006-09-19,100750.34223255255,69734.69423255255,3
S-A_canslim,2006-09-20,100522.07823255254,69734.69423255255,3
S-A_canslim,2006-09-21,100219.71023255255,69734.69423255255,3
S-A_canslim,2006-09-22,100181.77423255255,69734.69423255255,3
S-A_canslim,2006-09-25,100499.26223255254,69734.69423255255,3
S-A_canslim,2006-09-26,100561.63823255255,69734.69423255255,3
S-A_canslim,2006-09-27,101456.33423255254,69734.69423255255,3
S-A_canslim,2006-09-28,101375.93423255254,69734.69423255255,3
S-A_canslim,2006-09-29,101419.15023255255,69734.69423255255,3
S-A_canslim,2006-10-02,101051.59023255255,69734.69423255255,3
S-A_canslim,2006-10-03,101576.75823255254,69734.69423255255,3
S-A_canslim,2006-10-04,101544.03823255254,69734.69423255255,3
S-A_canslim,2006-10-05,101664.45423255255,69734.69423255255,3
S-A_canslim,2006-10-06,101693.99023255255,69734.69423255255,3
S-A_canslim,2006-10-09,101680.86223255255,69734.69423255255,3
S-A_canslim,2006-10-10,101514.87023255255,69734.69423255255,3
S-A_canslim,2006-10-11,101050.90223255254,69734.69423255255,3
S-A_canslim,2006-10-12,101553.18223255254,69734.69423255255,3
S-A_canslim,2006-10-13,101653.14223255255,69734.69423255255,3
S-A_canslim,2006-10-16,101955.90223255254,69734.69423255255,3
S-A_canslim,2006-10-17,102153.50223255254,69734.69423255255,3
S-A_canslim,2006-10-18,102235.45423255255,69734.69423255255,3
S-A_canslim,2006-10-19,102180.66223255254,69734.69423255255,3
S-A_canslim,2006-10-20,101909.03823255254,69734.69423255255,3
S-A_canslim,2006-10-23,102138.22223255254,69734.69423255255,3
S-A_canslim,2006-10-24,102388.58223255255,69734.69423255255,3
S-A_canslim,2006-10-25,102382.30223255255,69734.69423255255,3
S-A_canslim,2006-10-26,103726.972343411,93531.77234341101,1
S-A_canslim,2006-10-27,103451.77234341101,93531.77234341101,1
S-A_canslim,2006-10-30,103385.189063411,103385.189063411,0
S-A_canslim,2006-10-31,103385.189063411,103385.189063411,0
S-A_canslim,2006-11-01,103385.189063411,103385.189063411,0
S-A_canslim,2006-11-02,103385.189063411,103385.189063411,0
S-A_canslim,2006-11-03,103385.189063411,103385.189063411,0
S-A_canslim,2006-11-06,103385.189063411,103385.189063411,0
S-A_canslim,2006-11-07,103385.189063411,103385.189063411,0
S-A_canslim,2006-11-08,103385.189063411,103385.189063411,0
S-A_canslim,2006-11-09,103385.189063411,103385.189063411,0
S-A_canslim,2006-11-10,103385.189063411,103385.189063411,0
S-A_canslim,2006-11-13,103385.189063411,103385.189063411,0
S-A_canslim,2006-11-14,103385.189063411,103385.189063411,0
S-A_canslim,2006-11-15,103385.189063411,103385.189063411,0
S-A_canslim,2006-11-16,103385.189063411,103385.189063411,0
S-A_canslim,2006-11-17,103385.189063411,103385.189063411,0
S-A_canslim,2006-11-20,103385.189063411,103385.189063411,0
S-A_canslim,2006-11-21,103385.189063411,103385.189063411,0
S-A_canslim,2006-11-22,103385.189063411,103385.189063411,0
S-A_canslim,2006-11-24,103385.189063411,103385.189063411,0
S-A_canslim,2006-11-27,103385.189063411,103385.189063411,0
S-A_canslim,2006-11-28,103385.189063411,103385.189063411,0
S-A_canslim,2006-11-29,103385.189063411,103385.189063411,0
S-A_canslim,2006-11-30,103385.189063411,103385.189063411,0
S-A_canslim,2006-12-01,103385.189063411,103385.189063411,0
S-A_canslim,2006-12-04,103385.189063411,103385.189063411,0
S-A_canslim,2006-12-05,103385.189063411,103385.189063411,0
S-A_canslim,2006-12-06,103385.189063411,103385.189063411,0
S-A_canslim,2006-12-07,103385.189063411,103385.189063411,0
S-A_canslim,2006-12-08,103385.189063411,103385.189063411,0
S-A_canslim,2006-12-11,103385.189063411,103385.189063411,0
S-A_canslim,2006-12-12,103385.189063411,103385.189063411,0
S-A_canslim,2006-12-13,103385.189063411,103385.189063411,0
S-A_canslim,2006-12-14,103385.189063411,103385.189063411,0
S-A_canslim,2006-12-15,103385.189063411,103385.189063411,0
S-A_canslim,2006-12-18,103385.189063411,103385.189063411,0
S-A_canslim,2006-12-19,103385.189063411,103385.189063411,0
S-A_canslim,2006-12-20,103385.189063411,103385.189063411,0
S-A_canslim,2006-12-21,103385.189063411,103385.189063411,0
S-A_canslim,2006-12-22,103385.189063411,103385.189063411,0
S-A_canslim,2006-12-26,103385.189063411,103385.189063411,0
S-A_canslim,2006-12-27,103385.189063411,103385.189063411,0
S-A_canslim,2006-12-28,103385.189063411,103385.189063411,0
S-A_canslim,2006-12-29,103385.189063411,103385.189063411,0
S-A_canslim,2007-01-03,103385.189063411,103385.189063411,0
S-A_canslim,2007-01-04,103385.189063411,103385.189063411,0
S-A_canslim,2007-01-05,103385.189063411,103385.189063411,0
S-A_canslim,2007-01-08,103385.189063411,103385.189063411,0
S-A_canslim,2007-01-09,103385.189063411,103385.189063411,0
S-A_canslim,2007-01-10,103385.189063411,103385.189063411,0
S-A_canslim,2007-01-11,103385.189063411,103385.189063411,0
S-A_canslim,2007-01-12,103385.189063411,103385.189063411,0
S-A_canslim,2007-01-16,103420.50782063005,93053.42582063006,1
S-A_canslim,2007-01-17,103488.06782063007,93053.42582063006,1
S-A_canslim,2007-01-18,103566.88782063006,93053.42582063006,1
S-A_canslim,2007-01-19,103453.16182063006,93053.42582063006,1
S-A_canslim,2007-01-22,103494.82382063006,93053.42582063006,1
S-A_canslim,2007-01-23,103434.01982063006,93053.42582063006,1
S-A_canslim,2007-01-24,103543.24182063006,93053.42582063006,1
S-A_canslim,2007-01-25,103191.92982063006,93053.42582063006,1
S-A_canslim,2007-01-26,103146.88982063005,93053.42582063006,1
S-A_canslim,2007-01-29,103270.74982063007,93053.42582063006,1
S-A_canslim,2007-01-30,103240.34782063006,93053.42582063006,1
S-A_canslim,2007-01-31,103392.35782063006,93053.42582063006,1
S-A_canslim,2007-02-01,103059.06182063006,93053.42582063006,1
S-A_canslim,2007-02-02,103093.96782063006,93053.42582063006,1
S-A_canslim,2007-02-05,102991.50182063006,93053.42582063006,1
S-A_canslim,2007-02-06,102948.71382063006,93053.42582063006,1
S-A_canslim,2007-02-07,102972.35982063005,93053.42582063006,1
S-A_canslim,2007-02-08,102708.87582063006,93053.42582063006,1
S-A_canslim,2007-02-09,102530.17032034427,102530.17032034427,0
S-A_canslim,2007-02-12,102530.17032034427,102530.17032034427,0
S-A_canslim,2007-02-13,102530.17032034427,102530.17032034427,0
S-A_canslim,2007-02-14,102530.17032034427,102530.17032034427,0
S-A_canslim,2007-02-15,102530.17032034427,102530.17032034427,0
S-A_canslim,2007-02-16,102530.17032034427,102530.17032034427,0
S-A_canslim,2007-02-20,102530.17032034427,102530.17032034427,0
S-A_canslim,2007-02-21,102530.17032034427,102530.17032034427,0
S-A_canslim,2007-02-22,102530.17032034427,102530.17032034427,0
S-A_canslim,2007-02-23,102530.17032034427,102530.17032034427,0
S-A_canslim,2007-02-26,102379.30951994784,92282.29351994784,1
S-A_canslim,2007-02-27,102066.64251994784,92282.29351994784,1
S-A_canslim,2007-02-28,102045.36151994784,92282.29351994784,1
S-A_canslim,2007-03-01,102102.65651994784,92282.29351994784,1
S-A_canslim,2007-03-02,101837.46251994783,92282.29351994784,1
S-A_canslim,2007-03-05,101682.09371085558,101682.09371085558,0
S-A_canslim,2007-03-06,101682.09371085558,101682.09371085558,0
S-A_canslim,2007-03-07,101682.09371085558,101682.09371085558,0
S-A_canslim,2007-03-08,101682.09371085558,101682.09371085558,0
S-A_canslim,2007-03-09,101682.09371085558,101682.09371085558,0
S-A_canslim,2007-03-12,101682.09371085558,101682.09371085558,0
S-A_canslim,2007-03-13,101682.09371085558,101682.09371085558,0
S-A_canslim,2007-03-14,101682.09371085558,101682.09371085558,0
S-A_canslim,2007-03-15,101682.09371085558,101682.09371085558,0
S-A_canslim,2007-03-16,101682.09371085558,101682.09371085558,0
S-A_canslim,2007-03-19,101682.09371085558,101682.09371085558,0
S-A_canslim,2007-03-20,101682.09371085558,101682.09371085558,0
S-A_canslim,2007-03-21,101682.09371085558,101682.09371085558,0
S-A_canslim,2007-03-22,101682.09371085558,101682.09371085558,0
S-A_canslim,2007-03-23,101682.09371085558,101682.09371085558,0
S-A_canslim,2007-03-26,101623.03082613058,91538.80082613058,1
S-A_canslim,2007-03-27,101651.76082613059,91538.80082613058,1
S-A_canslim,2007-03-28,101604.44082613058,91538.80082613058,1
S-A_canslim,2007-03-29,101455.72082613058,91538.80082613058,1
S-A_canslim,2007-03-30,101499.66082613058,91538.80082613058,1
S-A_canslim,2007-04-02,101443.89082613058,91538.80082613058,1
S-A_canslim,2007-04-03,101342.49082613058,91538.80082613058,1
S-A_canslim,2007-04-04,101514.87082613059,91538.80082613058,1
S-A_canslim,2007-04-05,101442.20082613057,91538.80082613058,1
S-A_canslim,2007-04-09,101477.69082613058,91538.80082613058,1
S-A_canslim,2007-04-10,101633.17082613058,91538.80082613058,1
S-A_canslim,2007-04-11,101587.54082613059,91538.80082613058,1
S-A_canslim,2007-04-12,101568.95082613057,91538.80082613058,1
S-A_canslim,2007-04-13,101650.07082613058,91538.80082613058,1
S-A_canslim,2007-04-16,101851.18082613059,91538.80082613058,1
S-A_canslim,2007-04-17,101807.24082613058,91538.80082613058,1
S-A_canslim,2007-04-18,101743.02082613058,91538.80082613058,1
S-A_canslim,2007-04-19,101763.30082613058,91538.80082613058,1
S-A_canslim,2007-04-20,101682.18082613059,91538.80082613058,1
S-A_canslim,2007-04-23,101779.28253556277,81387.64253556277,2
S-A_canslim,2007-04-24,101849.92053556276,81387.64253556277,2
S-A_canslim,2007-04-25,101720.95853556276,81387.64253556277,2
S-A_canslim,2007-04-26,101774.47853556277,81387.64253556277,2
S-A_canslim,2007-04-27,101686.14253556277,81387.64253556277,2
S-A_canslim,2007-04-30,101302.55053556277,81387.64253556277,2
S-A_canslim,2007-05-01,101632.25253556277,81387.64253556277,2
S-A_canslim,2007-05-02,101837.73653556277,81387.64253556277,2
S-A_canslim,2007-05-03,102008.32253556277,81387.64253556277,2
S-A_canslim,2007-05-04,102004.60053556277,81387.64253556277,2
S-A_canslim,2007-05-07,101949.57453556277,81387.64253556277,2
S-A_canslim,2007-05-08,101863.11853556277,81387.64253556277,2
S-A_canslim,2007-05-09,101974.40453556277,81387.64253556277,2
S-A_canslim,2007-05-10,101626.54253556277,81387.64253556277,2
S-A_canslim,2007-05-11,101692.62053556278,81387.64253556277,2
S-A_canslim,2007-05-14,101694.34853556278,81387.64253556277,2
S-A_canslim,2007-05-15,101916.96653556277,81387.64253556277,2
S-A_canslim,2007-05-16,101897.99053556277,81387.64253556277,2
S-A_canslim,2007-05-17,101496.89053556276,81387.64253556277,2
S-A_canslim,2007-05-18,102100.36053556277,81387.64253556277,2
S-A_canslim,2007-05-21,102687.22453556277,81387.64253556277,2
S-A_canslim,2007-05-22,103053.37853556278,81387.64253556277,2
S-A_canslim,2007-05-23,102864.56053556278,81387.64253556277,2
S-A_canslim,2007-05-24,102231.88253556278,81387.64253556277,2
S-A_canslim,2007-05-25,102406.13653556278,81387.64253556277,2
S-A_canslim,2007-05-29,102590.22653556278,81387.64253556277,2
S-A_canslim,2007-05-30,102568.74653556276,81387.64253556277,2
S-A_canslim,2007-05-31,102685.42053556276,81387.64253556277,2
S-A_canslim,2007-06-01,102922.60653556278,81387.64253556277,2
S-A_canslim,2007-06-04,102841.10053556277,81387.64253556277,2
S-A_canslim,2007-06-05,102707.71053556277,81387.64253556277,2
S-A_canslim,2007-06-06,102399.49053556277,81387.64253556277,2
S-A_canslim,2007-06-07,102039.22253556277,81387.64253556277,2
S-A_canslim,2007-06-08,102042.06453556276,81387.64253556277,2
S-A_canslim,2007-06-11,101822.99053556277,81387.64253556277,2
S-A_canslim,2007-06-12,101891.84053556278,81387.64253556277,2
S-A_canslim,2007-06-13,102149.64853556277,81387.64253556277,2
S-A_canslim,2007-06-14,102513.88853556277,81387.64253556277,2
S-A_canslim,2007-06-15,102636.80253556278,81387.64253556277,2
S-A_canslim,2007-06-18,102424.99853556277,81387.64253556277,2
S-A_canslim,2007-06-19,102345.11253556277,81387.64253556277,2
S-A_canslim,2007-06-20,101959.54253556277,81387.64253556277,2
S-A_canslim,2007-06-21,102041.74781438278,91391.36781438277,1
S-A_canslim,2007-06-22,102002.87781438277,91391.36781438277,1
S-A_canslim,2007-06-25,102009.63781438278,91391.36781438277,1
S-A_canslim,2007-06-26,101969.07781438278,91391.36781438277,1
S-A_canslim,2007-06-27,101987.66781438277,91391.36781438277,1
S-A_canslim,2007-06-28,102146.52781438277,91391.36781438277,1
S-A_canslim,2007-06-29,102102.58781438277,91391.36781438277,1
S-A_canslim,2007-07-02,102329.04781438276,91391.36781438277,1
S-A_canslim,2007-07-03,102302.00781438277,91391.36781438277,1
S-A_canslim,2007-07-05,102293.55781438277,91391.36781438277,1
S-A_canslim,2007-07-06,102482.83781438277,91391.36781438277,1
S-A_canslim,2007-07-09,102689.01781438277,91391.36781438277,1
S-A_canslim,2007-07-10,101964.00781438277,91391.36781438277,1
S-A_canslim,2007-07-11,102021.46781438278,91391.36781438277,1
S-A_canslim,2007-07-12,102131.31781438277,91391.36781438277,1
S-A_canslim,2007-07-13,101898.09781438277,91391.36781438277,1
S-A_canslim,2007-07-16,101943.87089823277,101943.87089823277,0
S-A_canslim,2007-07-17,101943.87089823277,101943.87089823277,0
S-A_canslim,2007-07-18,101943.87089823277,101943.87089823277,0
S-A_canslim,2007-07-19,101943.87089823277,101943.87089823277,0
S-A_canslim,2007-07-20,101943.87089823277,101943.87089823277,0
S-A_canslim,2007-07-23,101943.87089823277,101943.87089823277,0
S-A_canslim,2007-07-24,101943.87089823277,101943.87089823277,0
S-A_canslim,2007-07-25,101943.87089823277,101943.87089823277,0
S-A_canslim,2007-07-26,101943.87089823277,101943.87089823277,0
S-A_canslim,2007-07-27,101943.87089823277,101943.87089823277,0
S-A_canslim,2007-07-30,101943.87089823277,101943.87089823277,0
S-A_canslim,2007-07-31,101943.87089823277,101943.87089823277,0
S-A_canslim,2007-08-01,101943.87089823277,101943.87089823277,0
S-A_canslim,2007-08-02,101943.87089823277,101943.87089823277,0
S-A_canslim,2007-08-03,101943.87089823277,101943.87089823277,0
S-A_canslim,2007-08-06,101943.87089823277,101943.87089823277,0
S-A_canslim,2007-08-07,101943.87089823277,101943.87089823277,0
S-A_canslim,2007-08-08,101943.87089823277,101943.87089823277,0
S-A_canslim,2007-08-09,101943.87089823277,101943.87089823277,0
S-A_canslim,2007-08-10,101943.87089823277,101943.87089823277,0
S-A_canslim,2007-08-13,101943.87089823277,101943.87089823277,0
S-A_canslim,2007-08-14,101943.87089823277,101943.87089823277,0
S-A_canslim,2007-08-15,101943.87089823277,101943.87089823277,0
S-A_canslim,2007-08-16,101943.87089823277,101943.87089823277,0
S-A_canslim,2007-08-17,101943.87089823277,101943.87089823277,0
S-A_canslim,2007-08-20,101943.87089823277,101943.87089823277,0
S-A_canslim,2007-08-21,101943.87089823277,101943.87089823277,0
S-A_canslim,2007-08-22,101943.87089823277,101943.87089823277,0
S-A_canslim,2007-08-23,101943.87089823277,101943.87089823277,0
S-A_canslim,2007-08-24,101943.87089823277,101943.87089823277,0
S-A_canslim,2007-08-27,101943.87089823277,101943.87089823277,0
S-A_canslim,2007-08-28,101943.87089823277,101943.87089823277,0
S-A_canslim,2007-08-29,101943.87089823277,101943.87089823277,0
S-A_canslim,2007-08-30,101943.87089823277,101943.87089823277,0
S-A_canslim,2007-08-31,101943.87089823277,101943.87089823277,0
S-A_canslim,2007-09-04,101943.87089823277,101943.87089823277,0
S-A_canslim,2007-09-05,101943.87089823277,101943.87089823277,0
S-A_canslim,2007-09-06,101943.87089823277,101943.87089823277,0
S-A_canslim,2007-09-07,101943.87089823277,101943.87089823277,0
S-A_canslim,2007-09-10,101943.87089823277,101943.87089823277,0
S-A_canslim,2007-09-11,101943.87089823277,101943.87089823277,0
S-A_canslim,2007-09-12,101943.87089823277,101943.87089823277,0
S-A_canslim,2007-09-13,101943.87089823277,101943.87089823277,0
S-A_canslim,2007-09-14,101943.87089823277,101943.87089823277,0
S-A_canslim,2007-09-17,101943.87089823277,101943.87089823277,0
S-A_canslim,2007-09-18,101943.87089823277,101943.87089823277,0
S-A_canslim,2007-09-19,101943.87089823277,101943.87089823277,0
S-A_canslim,2007-09-20,101943.87089823277,101943.87089823277,0
S-A_canslim,2007-09-21,101943.87089823277,101943.87089823277,0
S-A_canslim,2007-09-24,101943.87089823277,101943.87089823277,0
S-A_canslim,2007-09-25,101943.87089823277,101943.87089823277,0
S-A_canslim,2007-09-26,101943.87089823277,101943.87089823277,0
S-A_canslim,2007-09-27,101943.87089823277,101943.87089823277,0
S-A_canslim,2007-09-28,101943.87089823277,101943.87089823277,0
S-A_canslim,2007-10-01,101943.87089823277,101943.87089823277,0
S-A_canslim,2007-10-02,101943.87089823277,101943.87089823277,0
S-A_canslim,2007-10-03,101943.87089823277,101943.87089823277,0
S-A_canslim,2007-10-04,101943.87089823277,101943.87089823277,0
S-A_canslim,2007-10-05,101943.87089823277,101943.87089823277,0
S-A_canslim,2007-10-08,101943.87089823277,101943.87089823277,0
S-A_canslim,2007-10-09,101943.87089823277,101943.87089823277,0
S-A_canslim,2007-10-10,101943.87089823277,101943.87089823277,0
S-A_canslim,2007-10-11,101943.87089823277,101943.87089823277,0
S-A_canslim,2007-10-12,101943.87089823277,101943.87089823277,0
S-A_canslim,2007-10-15,101943.87089823277,101943.87089823277,0
S-A_canslim,2007-10-16,101943.87089823277,101943.87089823277,0
S-A_canslim,2007-10-17,101943.87089823277,101943.87089823277,0
S-A_canslim,2007-10-18,101943.87089823277,101943.87089823277,0
S-A_canslim,2007-10-19,101943.87089823277,101943.87089823277,0
S-A_canslim,2007-10-22,101943.87089823277,101943.87089823277,0
S-A_canslim,2007-10-23,101943.87089823277,101943.87089823277,0
S-A_canslim,2007-10-24,101943.87089823277,101943.87089823277,0
S-A_canslim,2007-10-25,101943.87089823277,101943.87089823277,0
S-A_canslim,2007-10-26,101943.87089823277,101943.87089823277,0
S-A_canslim,2007-10-29,101884.61917049,91766.64417048999,1
S-A_canslim,2007-10-30,101947.96917048999,91766.64417048999,1
S-A_canslim,2007-10-31,102147.46917048999,91766.64417048999,1
S-A_canslim,2007-11-01,102009.56917049,91766.64417048999,1
S-A_canslim,2007-11-02,102322.64417048999,91766.64417048999,1
S-A_canslim,2007-11-05,102249.34027670117,81597.88427670118,2
S-A_canslim,2007-11-06,102791.74227670117,81597.88427670118,2
S-A_canslim,2007-11-07,102034.52427670118,81597.88427670118,2
S-A_canslim,2007-11-08,102252.98727670118,81597.88427670118,2
S-A_canslim,2007-11-09,102357.62327670118,81597.88427670118,2
S-A_canslim,2007-11-12,101569.46527670117,81597.88427670118,2
S-A_canslim,2007-11-13,101798.88327670118,81597.88427670118,2
S-A_canslim,2007-11-14,101663.44027670118,81597.88427670118,2
S-A_canslim,2007-11-15,101267.10727670118,81597.88427670118,2
S-A_canslim,2007-11-16,100916.9149853328,90925.1149853328,1
S-A_canslim,2007-11-19,100975.5399853328,90925.1149853328,1
S-A_canslim,2007-11-20,101058.31498533279,90925.1149853328,1
S-A_canslim,2007-11-21,100868.26498533279,90925.1149853328,1
S-A_canslim,2007-11-23,100918.6649853328,90925.1149853328,1
S-A_canslim,2007-11-26,100816.2899853328,90925.1149853328,1
S-A_canslim,2007-11-27,100996.5399853328,90925.1149853328,1
S-A_canslim,2007-11-28,101280.9149853328,90925.1149853328,1
S-A_canslim,2007-11-29,101212.6649853328,90925.1149853328,1
S-A_canslim,2007-11-30,101282.6649853328,90925.1149853328,1
S-A_canslim,2007-12-03,101537.63998533279,90925.1149853328,1
S-A_canslim,2007-12-04,101931.0399853328,90925.1149853328,1
S-A_canslim,2007-12-05,102015.38998533279,90925.1149853328,1
S-A_canslim,2007-12-06,102166.5899853328,90925.1149853328,1
S-A_canslim,2007-12-07,102057.7399853328,90925.1149853328,1
S-A_canslim,2007-12-10,102034.14261535779,80727.53261535779,2
S-A_canslim,2007-12-11,101371.5226153578,80727.53261535779,2
S-A_canslim,2007-12-12,101304.8476153578,80727.53261535779,2
S-A_canslim,2007-12-13,101409.3626153578,80727.53261535779,2
S-A_canslim,2007-12-14,100804.80601154672,90067.15601154673,1
S-A_canslim,2007-12-17,100348.23101154673,90067.15601154673,1
S-A_canslim,2007-12-18,100681.43101154672,90067.15601154673,1
S-A_canslim,2007-12-19,100725.18101154672,90067.15601154673,1
S-A_canslim,2007-12-20,100808.13101154673,90067.15601154673,1
S-A_canslim,2007-12-21,100788.70601154673,90067.15601154673,1
S-A_canslim,2007-12-24,100944.487013448,79994.999013448,2
S-A_canslim,2007-12-26,101112.786013448,79994.999013448,2
S-A_canslim,2007-12-27,100839.020013448,79994.999013448,2
S-A_canslim,2007-12-28,100738.571013448,79994.999013448,2
S-A_canslim,2007-12-31,100432.494013448,79994.999013448,2
S-A_canslim,2008-01-02,100749.91801344801,79994.999013448,2
S-A_canslim,2008-01-03,100791.389013448,79994.999013448,2
S-A_canslim,2008-01-04,100410.25801344801,79994.999013448,2
S-A_canslim,2008-01-07,100219.446013448,79994.999013448,2
S-A_canslim,2008-01-08,100197.89857319907,90487.45057319906,1
S-A_canslim,2008-01-09,100326.46657319907,90487.45057319906,1
S-A_canslim,2008-01-10,100102.85857319906,90487.45057319906,1
S-A_canslim,2008-01-11,100015.56257319907,90487.45057319906,1
S-A_canslim,2008-01-14,100390.00257319906,90487.45057319906,1
S-A_canslim,2008-01-15,99726.07288664438,99726.07288664438,0
S-A_canslim,2008-01-16,99726.07288664438,99726.07288664438,0
S-A_canslim,2008-01-17,99726.07288664438,99726.07288664438,0
S-A_canslim,2008-01-18,99726.07288664438,99726.07288664438,0
S-A_canslim,2008-01-22,99726.07288664438,99726.07288664438,0
S-A_canslim,2008-01-23,99726.07288664438,99726.07288664438,0
S-A_canslim,2008-01-24,99726.07288664438,99726.07288664438,0
S-A_canslim,2008-01-25,99726.07288664438,99726.07288664438,0
S-A_canslim,2008-01-28,99726.07288664438,99726.07288664438,0
S-A_canslim,2008-01-29,99726.07288664438,99726.07288664438,0
S-A_canslim,2008-01-30,99726.07288664438,99726.07288664438,0
S-A_canslim,2008-01-31,99726.07288664438,99726.07288664438,0
S-A_canslim,2008-02-01,99726.07288664438,99726.07288664438,0
S-A_canslim,2008-02-04,99726.07288664438,99726.07288664438,0
S-A_canslim,2008-02-05,99726.07288664438,99726.07288664438,0
S-A_canslim,2008-02-06,99726.07288664438,99726.07288664438,0
S-A_canslim,2008-02-07,99726.07288664438,99726.07288664438,0
S-A_canslim,2008-02-08,99726.07288664438,99726.07288664438,0
S-A_canslim,2008-02-11,99726.07288664438,99726.07288664438,0
S-A_canslim,2008-02-12,99726.07288664438,99726.07288664438,0
S-A_canslim,2008-02-13,99726.07288664438,99726.07288664438,0
S-A_canslim,2008-02-14,99726.07288664438,99726.07288664438,0
S-A_canslim,2008-02-15,99726.07288664438,99726.07288664438,0
S-A_canslim,2008-02-19,99726.07288664438,99726.07288664438,0
S-A_canslim,2008-02-20,99726.07288664438,99726.07288664438,0
S-A_canslim,2008-02-21,99726.07288664438,99726.07288664438,0
S-A_canslim,2008-02-22,99726.07288664438,99726.07288664438,0
S-A_canslim,2008-02-25,99726.07288664438,99726.07288664438,0
S-A_canslim,2008-02-26,99726.07288664438,99726.07288664438,0
S-A_canslim,2008-02-27,99726.07288664438,99726.07288664438,0
S-A_canslim,2008-02-28,99726.07288664438,99726.07288664438,0
S-A_canslim,2008-02-29,99726.07288664438,99726.07288664438,0
S-A_canslim,2008-03-03,99726.07288664438,99726.07288664438,0
S-A_canslim,2008-03-04,99726.07288664438,99726.07288664438,0
S-A_canslim,2008-03-05,99726.07288664438,99726.07288664438,0
S-A_canslim,2008-03-06,99726.07288664438,99726.07288664438,0
S-A_canslim,2008-03-07,99726.07288664438,99726.07288664438,0
S-A_canslim,2008-03-10,99726.07288664438,99726.07288664438,0
S-A_canslim,2008-03-11,99726.07288664438,99726.07288664438,0
S-A_canslim,2008-03-12,99726.07288664438,99726.07288664438,0
S-A_canslim,2008-03-13,99726.07288664438,99726.07288664438,0
S-A_canslim,2008-03-14,99726.07288664438,99726.07288664438,0
S-A_canslim,2008-03-17,99726.07288664438,99726.07288664438,0
S-A_canslim,2008-03-18,99726.07288664438,99726.07288664438,0
S-A_canslim,2008-03-19,99726.07288664438,99726.07288664438,0
S-A_canslim,2008-03-20,99726.07288664438,99726.07288664438,0
S-A_canslim,2008-03-24,99726.07288664438,99726.07288664438,0
S-A_canslim,2008-03-25,99726.07288664438,99726.07288664438,0
S-A_canslim,2008-03-26,99726.07288664438,99726.07288664438,0
S-A_canslim,2008-03-27,99726.07288664438,99726.07288664438,0
S-A_canslim,2008-03-28,99726.07288664438,99726.07288664438,0
S-A_canslim,2008-03-31,99726.07288664438,99726.07288664438,0
S-A_canslim,2008-04-01,99726.07288664438,99726.07288664438,0
S-A_canslim,2008-04-02,99726.07288664438,99726.07288664438,0
S-A_canslim,2008-04-03,99726.07288664438,99726.07288664438,0
S-A_canslim,2008-04-04,99726.07288664438,99726.07288664438,0
S-A_canslim,2008-04-07,99726.07288664438,99726.07288664438,0
S-A_canslim,2008-04-08,99726.07288664438,99726.07288664438,0
S-A_canslim,2008-04-09,99726.07288664438,99726.07288664438,0
S-A_canslim,2008-04-10,99726.07288664438,99726.07288664438,0
S-A_canslim,2008-04-11,99726.07288664438,99726.07288664438,0
S-A_canslim,2008-04-14,99726.07288664438,99726.07288664438,0
S-A_canslim,2008-04-15,99726.07288664438,99726.07288664438,0
S-A_canslim,2008-04-16,99726.07288664438,99726.07288664438,0
S-A_canslim,2008-04-17,99726.07288664438,99726.07288664438,0
S-A_canslim,2008-04-18,99726.07288664438,99726.07288664438,0
S-A_canslim,2008-04-21,99726.07288664438,99726.07288664438,0
S-A_canslim,2008-04-22,99726.07288664438,99726.07288664438,0
S-A_canslim,2008-04-23,99726.07288664438,99726.07288664438,0
S-A_canslim,2008-04-24,99726.07288664438,99726.07288664438,0
S-A_canslim,2008-04-25,99726.07288664438,99726.07288664438,0
S-A_canslim,2008-04-28,99726.07288664438,99726.07288664438,0
S-A_canslim,2008-04-29,99726.07288664438,99726.07288664438,0
S-A_canslim,2008-04-30,99726.07288664438,99726.07288664438,0
S-A_canslim,2008-05-01,99726.07288664438,99726.07288664438,0
S-A_canslim,2008-05-02,99726.07288664438,99726.07288664438,0
S-A_canslim,2008-05-05,99726.07288664438,99726.07288664438,0
S-A_canslim,2008-05-06,99726.07288664438,99726.07288664438,0
S-A_canslim,2008-05-07,99726.07288664438,99726.07288664438,0
S-A_canslim,2008-05-08,99726.07288664438,99726.07288664438,0
S-A_canslim,2008-05-09,99726.07288664438,99726.07288664438,0
S-A_canslim,2008-05-12,99726.07288664438,99726.07288664438,0
S-A_canslim,2008-05-13,99726.07288664438,99726.07288664438,0
S-A_canslim,2008-05-14,99726.07288664438,99726.07288664438,0
S-A_canslim,2008-05-15,99726.07288664438,99726.07288664438,0
S-A_canslim,2008-05-16,99726.07288664438,99726.07288664438,0
S-A_canslim,2008-05-19,98937.05461082657,79825.39061082658,2
S-A_canslim,2008-05-20,98689.20551809632,88940.72551809633,1
S-A_canslim,2008-05-21,98694.32551809633,88940.72551809633,1
S-A_canslim,2008-05-22,98668.72551809633,88940.72551809633,1
S-A_canslim,2008-05-23,98678.96551809633,88940.72551809633,1
S-A_canslim,2008-05-27,98891.44551809633,88940.72551809633,1
S-A_canslim,2008-05-28,98924.72551809633,88940.72551809633,1
S-A_canslim,2008-05-29,99283.12551809632,88940.72551809633,1
S-A_canslim,2008-05-30,99206.32551809633,88940.72551809633,1
S-A_canslim,2008-06-02,98986.16551809633,88940.72551809633,1
S-A_canslim,2008-06-03,99027.12551809632,88940.72551809633,1
S-A_canslim,2008-06-04,99068.08551809633,88940.72551809633,1
S-A_canslim,2008-06-05,99129.52551809633,88940.72551809633,1
S-A_canslim,2008-06-06,98945.20551809632,88940.72551809633,1
S-A_canslim,2008-06-09,98973.36551809633,88940.72551809633,1
S-A_canslim,2008-06-10,98809.52551809633,88940.72551809633,1
S-A_canslim,2008-06-11,98630.32551809633,88940.72551809633,1
S-A_canslim,2008-06-12,98717.36551809633,88940.72551809633,1
S-A_canslim,2008-06-13,98758.32551809633,88940.72551809633,1
S-A_canslim,2008-06-16,98814.64551809632,88940.72551809633,1
S-A_canslim,2008-06-17,98766.00551809632,88940.72551809633,1
S-A_canslim,2008-06-18,98745.52551809633,88940.72551809633,1
S-A_canslim,2008-06-19,98745.52551809633,88940.72551809633,1
S-A_canslim,2008-06-20,98504.88551809633,88940.72551809633,1
S-A_canslim,2008-06-23,98397.36551809633,88940.72551809633,1
S-A_canslim,2008-06-24,98348.72551809633,88940.72551809633,1
S-A_canslim,2008-06-25,98553.52551809633,88940.72551809633,1
S-A_canslim,2008-06-26,98310.32551809633,88940.72551809633,1
S-A_canslim,2008-06-27,98264.24551809633,88940.72551809633,1
S-A_canslim,2008-06-30,98156.72551809633,88940.72551809633,1
S-A_canslim,2008-07-01,98018.22325377632,98018.22325377632,0
S-A_canslim,2008-07-02,98018.22325377632,98018.22325377632,0
S-A_canslim,2008-07-03,98018.22325377632,98018.22325377632,0
S-A_canslim,2008-07-07,98018.22325377632,98018.22325377632,0
S-A_canslim,2008-07-08,98018.22325377632,98018.22325377632,0
S-A_canslim,2008-07-09,98018.22325377632,98018.22325377632,0
S-A_canslim,2008-07-10,98018.22325377632,98018.22325377632,0
S-A_canslim,2008-07-11,98018.22325377632,98018.22325377632,0
S-A_canslim,2008-07-14,98018.22325377632,98018.22325377632,0
S-A_canslim,2008-07-15,98018.22325377632,98018.22325377632,0
S-A_canslim,2008-07-16,98018.22325377632,98018.22325377632,0
S-A_canslim,2008-07-17,98018.22325377632,98018.22325377632,0
S-A_canslim,2008-07-18,98018.22325377632,98018.22325377632,0
S-A_canslim,2008-07-21,98018.22325377632,98018.22325377632,0
S-A_canslim,2008-07-22,98018.22325377632,98018.22325377632,0
S-A_canslim,2008-07-23,98018.22325377632,98018.22325377632,0
S-A_canslim,2008-07-24,98018.22325377632,98018.22325377632,0
S-A_canslim,2008-07-25,98018.22325377632,98018.22325377632,0
S-A_canslim,2008-07-28,98018.22325377632,98018.22325377632,0
S-A_canslim,2008-07-29,98018.22325377632,98018.22325377632,0
S-A_canslim,2008-07-30,98018.22325377632,98018.22325377632,0
S-A_canslim,2008-07-31,98018.22325377632,98018.22325377632,0
S-A_canslim,2008-08-01,98018.22325377632,98018.22325377632,0
S-A_canslim,2008-08-04,98018.22325377632,98018.22325377632,0
S-A_canslim,2008-08-05,98018.22325377632,98018.22325377632,0
S-A_canslim,2008-08-06,98018.22325377632,98018.22325377632,0
S-A_canslim,2008-08-07,98018.22325377632,98018.22325377632,0
S-A_canslim,2008-08-08,98018.22325377632,98018.22325377632,0
S-A_canslim,2008-08-11,98018.22325377632,98018.22325377632,0
S-A_canslim,2008-08-12,98018.22325377632,98018.22325377632,0
S-A_canslim,2008-08-13,98018.22325377632,98018.22325377632,0
S-A_canslim,2008-08-14,98018.22325377632,98018.22325377632,0
S-A_canslim,2008-08-15,98018.22325377632,98018.22325377632,0
S-A_canslim,2008-08-18,98018.22325377632,98018.22325377632,0
S-A_canslim,2008-08-19,98018.22325377632,98018.22325377632,0
S-A_canslim,2008-08-20,98018.22325377632,98018.22325377632,0
S-A_canslim,2008-08-21,98018.22325377632,98018.22325377632,0
S-A_canslim,2008-08-22,98018.22325377632,98018.22325377632,0
S-A_canslim,2008-08-25,98018.22325377632,98018.22325377632,0
S-A_canslim,2008-08-26,98018.22325377632,98018.22325377632,0
S-A_canslim,2008-08-27,98018.22325377632,98018.22325377632,0
S-A_canslim,2008-08-28,98018.22325377632,98018.22325377632,0
S-A_canslim,2008-08-29,98018.22325377632,98018.22325377632,0
S-A_canslim,2008-09-02,98018.22325377632,98018.22325377632,0
S-A_canslim,2008-09-03,98018.22325377632,98018.22325377632,0
S-A_canslim,2008-09-04,98018.22325377632,98018.22325377632,0
S-A_canslim,2008-09-05,98018.22325377632,98018.22325377632,0
S-A_canslim,2008-09-08,98018.22325377632,98018.22325377632,0
S-A_canslim,2008-09-09,98018.22325377632,98018.22325377632,0
S-A_canslim,2008-09-10,98018.22325377632,98018.22325377632,0
S-A_canslim,2008-09-11,98018.22325377632,98018.22325377632,0
S-A_canslim,2008-09-12,98018.22325377632,98018.22325377632,0
S-A_canslim,2008-09-15,98018.22325377632,98018.22325377632,0
S-A_canslim,2008-09-16,98018.22325377632,98018.22325377632,0
S-A_canslim,2008-09-17,98018.22325377632,98018.22325377632,0
S-A_canslim,2008-09-18,98018.22325377632,98018.22325377632,0
S-A_canslim,2008-09-19,98018.22325377632,98018.22325377632,0
S-A_canslim,2008-09-22,98018.22325377632,98018.22325377632,0
S-A_canslim,2008-09-23,98018.22325377632,98018.22325377632,0
S-A_canslim,2008-09-24,98018.22325377632,98018.22325377632,0
S-A_canslim,2008-09-25,98018.22325377632,98018.22325377632,0
S-A_canslim,2008-09-26,98018.22325377632,98018.22325377632,0
S-A_canslim,2008-09-29,98018.22325377632,98018.22325377632,0
S-A_canslim,2008-09-30,98018.22325377632,98018.22325377632,0
S-A_canslim,2008-10-01,98018.22325377632,98018.22325377632,0
S-A_canslim,2008-10-02,98018.22325377632,98018.22325377632,0
S-A_canslim,2008-10-03,98018.22325377632,98018.22325377632,0
S-A_canslim,2008-10-06,98018.22325377632,98018.22325377632,0
S-A_canslim,2008-10-07,98018.22325377632,98018.22325377632,0
S-A_canslim,2008-10-08,98018.22325377632,98018.22325377632,0
S-A_canslim,2008-10-09,98018.22325377632,98018.22325377632,0
S-A_canslim,2008-10-10,98018.22325377632,98018.22325377632,0
S-A_canslim,2008-10-13,98018.22325377632,98018.22325377632,0
S-A_canslim,2008-10-14,98018.22325377632,98018.22325377632,0
S-A_canslim,2008-10-15,98018.22325377632,98018.22325377632,0
S-A_canslim,2008-10-16,98018.22325377632,98018.22325377632,0
S-A_canslim,2008-10-17,98018.22325377632,98018.22325377632,0
S-A_canslim,2008-10-20,98018.22325377632,98018.22325377632,0
S-A_canslim,2008-10-21,98018.22325377632,98018.22325377632,0
S-A_canslim,2008-10-22,98018.22325377632,98018.22325377632,0
S-A_canslim,2008-10-23,98018.22325377632,98018.22325377632,0
S-A_canslim,2008-10-24,98018.22325377632,98018.22325377632,0
S-A_canslim,2008-10-27,98018.22325377632,98018.22325377632,0
S-A_canslim,2008-10-28,98018.22325377632,98018.22325377632,0
S-A_canslim,2008-10-29,98018.22325377632,98018.22325377632,0
S-A_canslim,2008-10-30,98018.22325377632,98018.22325377632,0
S-A_canslim,2008-10-31,98018.22325377632,98018.22325377632,0
S-A_canslim,2008-11-03,98018.22325377632,98018.22325377632,0
S-A_canslim,2008-11-04,98018.22325377632,98018.22325377632,0
S-A_canslim,2008-11-05,98018.22325377632,98018.22325377632,0
S-A_canslim,2008-11-06,98018.22325377632,98018.22325377632,0
S-A_canslim,2008-11-07,98018.22325377632,98018.22325377632,0
S-A_canslim,2008-11-10,98018.22325377632,98018.22325377632,0
S-A_canslim,2008-11-11,98018.22325377632,98018.22325377632,0
S-A_canslim,2008-11-12,98018.22325377632,98018.22325377632,0
S-A_canslim,2008-11-13,98018.22325377632,98018.22325377632,0
S-A_canslim,2008-11-14,98018.22325377632,98018.22325377632,0
S-A_canslim,2008-11-17,98018.22325377632,98018.22325377632,0
S-A_canslim,2008-11-18,98018.22325377632,98018.22325377632,0
S-A_canslim,2008-11-19,98018.22325377632,98018.22325377632,0
S-A_canslim,2008-11-20,98018.22325377632,98018.22325377632,0
S-A_canslim,2008-11-21,98018.22325377632,98018.22325377632,0
S-A_canslim,2008-11-24,98018.22325377632,98018.22325377632,0
S-A_canslim,2008-11-25,98018.22325377632,98018.22325377632,0
S-A_canslim,2008-11-26,98018.22325377632,98018.22325377632,0
S-A_canslim,2008-11-28,98018.22325377632,98018.22325377632,0
S-A_canslim,2008-12-01,98018.22325377632,98018.22325377632,0
S-A_canslim,2008-12-02,98018.22325377632,98018.22325377632,0
S-A_canslim,2008-12-03,98018.22325377632,98018.22325377632,0
S-A_canslim,2008-12-04,98018.22325377632,98018.22325377632,0
S-A_canslim,2008-12-05,98018.22325377632,98018.22325377632,0
S-A_canslim,2008-12-08,98018.22325377632,98018.22325377632,0
S-A_canslim,2008-12-09,98018.22325377632,98018.22325377632,0
S-A_canslim,2008-12-10,98018.22325377632,98018.22325377632,0
S-A_canslim,2008-12-11,98018.22325377632,98018.22325377632,0
S-A_canslim,2008-12-12,98018.22325377632,98018.22325377632,0
S-A_canslim,2008-12-15,98018.22325377632,98018.22325377632,0
S-A_canslim,2008-12-16,98018.22325377632,98018.22325377632,0
S-A_canslim,2008-12-17,98018.22325377632,98018.22325377632,0
S-A_canslim,2008-12-18,98018.22325377632,98018.22325377632,0
S-A_canslim,2008-12-19,98018.22325377632,98018.22325377632,0
S-A_canslim,2008-12-22,98018.22325377632,98018.22325377632,0
S-A_canslim,2008-12-23,98018.22325377632,98018.22325377632,0
S-A_canslim,2008-12-24,98018.22325377632,98018.22325377632,0
S-A_canslim,2008-12-26,98018.22325377632,98018.22325377632,0
S-A_canslim,2008-12-29,98018.22325377632,98018.22325377632,0
S-A_canslim,2008-12-30,98018.22325377632,98018.22325377632,0
S-A_canslim,2008-12-31,98018.22325377632,98018.22325377632,0
S-A_canslim,2009-01-02,98018.22325377632,98018.22325377632,0
S-A_canslim,2009-01-05,98018.22325377632,98018.22325377632,0
S-A_canslim,2009-01-06,98018.22325377632,98018.22325377632,0
S-A_canslim,2009-01-07,98018.22325377632,98018.22325377632,0
S-A_canslim,2009-01-08,98018.22325377632,98018.22325377632,0
S-A_canslim,2009-01-09,98018.22325377632,98018.22325377632,0
S-A_canslim,2009-01-12,98018.22325377632,98018.22325377632,0
S-A_canslim,2009-01-13,98018.22325377632,98018.22325377632,0
S-A_canslim,2009-01-14,98018.22325377632,98018.22325377632,0
S-A_canslim,2009-01-15,98018.22325377632,98018.22325377632,0
S-A_canslim,2009-01-16,98018.22325377632,98018.22325377632,0
S-A_canslim,2009-01-20,98018.22325377632,98018.22325377632,0
S-A_canslim,2009-01-21,98018.22325377632,98018.22325377632,0
S-A_canslim,2009-01-22,98018.22325377632,98018.22325377632,0
S-A_canslim,2009-01-23,98018.22325377632,98018.22325377632,0
S-A_canslim,2009-01-26,98018.22325377632,98018.22325377632,0
S-A_canslim,2009-01-27,98018.22325377632,98018.22325377632,0
S-A_canslim,2009-01-28,98018.22325377632,98018.22325377632,0
S-A_canslim,2009-01-29,98018.22325377632,98018.22325377632,0
S-A_canslim,2009-01-30,98018.22325377632,98018.22325377632,0
S-A_canslim,2009-02-02,98018.22325377632,98018.22325377632,0
S-A_canslim,2009-02-03,98018.22325377632,98018.22325377632,0
S-A_canslim,2009-02-04,98018.22325377632,98018.22325377632,0
S-A_canslim,2009-02-05,98018.22325377632,98018.22325377632,0
S-A_canslim,2009-02-06,98018.22325377632,98018.22325377632,0
S-A_canslim,2009-02-09,98018.22325377632,98018.22325377632,0
S-A_canslim,2009-02-10,98018.22325377632,98018.22325377632,0
S-A_canslim,2009-02-11,98018.22325377632,98018.22325377632,0
S-A_canslim,2009-02-12,98018.22325377632,98018.22325377632,0
S-A_canslim,2009-02-13,98018.22325377632,98018.22325377632,0
S-A_canslim,2009-02-17,98018.22325377632,98018.22325377632,0
S-A_canslim,2009-02-18,98018.22325377632,98018.22325377632,0
S-A_canslim,2009-02-19,98018.22325377632,98018.22325377632,0
S-A_canslim,2009-02-20,98018.22325377632,98018.22325377632,0
S-A_canslim,2009-02-23,98018.22325377632,98018.22325377632,0
S-A_canslim,2009-02-24,98018.22325377632,98018.22325377632,0
S-A_canslim,2009-02-25,98018.22325377632,98018.22325377632,0
S-A_canslim,2009-02-26,98018.22325377632,98018.22325377632,0
S-A_canslim,2009-02-27,98018.22325377632,98018.22325377632,0
S-A_canslim,2009-03-02,98018.22325377632,98018.22325377632,0
S-A_canslim,2009-03-03,98018.22325377632,98018.22325377632,0
S-A_canslim,2009-03-04,98018.22325377632,98018.22325377632,0
S-A_canslim,2009-03-05,98018.22325377632,98018.22325377632,0
S-A_canslim,2009-03-06,98018.22325377632,98018.22325377632,0
S-A_canslim,2009-03-09,98018.22325377632,98018.22325377632,0
S-A_canslim,2009-03-10,98018.22325377632,98018.22325377632,0
S-A_canslim,2009-03-11,98018.22325377632,98018.22325377632,0
S-A_canslim,2009-03-12,98018.22325377632,98018.22325377632,0
S-A_canslim,2009-03-13,98018.22325377632,98018.22325377632,0
S-A_canslim,2009-03-16,98018.22325377632,98018.22325377632,0
S-A_canslim,2009-03-17,98018.22325377632,98018.22325377632,0
S-A_canslim,2009-03-18,98018.22325377632,98018.22325377632,0
S-A_canslim,2009-03-19,98018.22325377632,98018.22325377632,0
S-A_canslim,2009-03-20,98018.22325377632,98018.22325377632,0
S-A_canslim,2009-03-23,98018.22325377632,98018.22325377632,0
S-A_canslim,2009-03-24,98018.22325377632,98018.22325377632,0
S-A_canslim,2009-03-25,98018.22325377632,98018.22325377632,0
S-A_canslim,2009-03-26,98018.22325377632,98018.22325377632,0
S-A_canslim,2009-03-27,98018.22325377632,98018.22325377632,0
S-A_canslim,2009-03-30,98018.22325377632,98018.22325377632,0
S-A_canslim,2009-03-31,98018.22325377632,98018.22325377632,0
S-A_canslim,2009-04-01,98018.22325377632,98018.22325377632,0
S-A_canslim,2009-04-02,98018.22325377632,98018.22325377632,0
S-A_canslim,2009-04-03,98018.22325377632,98018.22325377632,0
S-A_canslim,2009-04-06,98018.22325377632,98018.22325377632,0
S-A_canslim,2009-04-07,98018.22325377632,98018.22325377632,0
S-A_canslim,2009-04-08,98018.22325377632,98018.22325377632,0
S-A_canslim,2009-04-09,98018.22325377632,98018.22325377632,0
S-A_canslim,2009-04-13,98018.22325377632,98018.22325377632,0
S-A_canslim,2009-04-14,98018.22325377632,98018.22325377632,0
S-A_canslim,2009-04-15,98018.22325377632,98018.22325377632,0
S-A_canslim,2009-04-16,98018.22325377632,98018.22325377632,0
S-A_canslim,2009-04-17,98018.22325377632,98018.22325377632,0
S-A_canslim,2009-04-20,98018.22325377632,98018.22325377632,0
S-A_canslim,2009-04-21,98018.22325377632,98018.22325377632,0
S-A_canslim,2009-04-22,98018.22325377632,98018.22325377632,0
S-A_canslim,2009-04-23,98018.22325377632,98018.22325377632,0
S-A_canslim,2009-04-24,98018.22325377632,98018.22325377632,0
S-A_canslim,2009-04-27,98018.22325377632,98018.22325377632,0
S-A_canslim,2009-04-28,98018.22325377632,98018.22325377632,0
S-A_canslim,2009-04-29,98018.22325377632,98018.22325377632,0
S-A_canslim,2009-04-30,98018.22325377632,98018.22325377632,0
S-A_canslim,2009-05-01,98018.22325377632,98018.22325377632,0
S-A_canslim,2009-05-04,98018.22325377632,98018.22325377632,0
S-A_canslim,2009-05-05,98018.22325377632,98018.22325377632,0
S-A_canslim,2009-05-06,98018.22325377632,98018.22325377632,0
S-A_canslim,2009-05-07,98018.22325377632,98018.22325377632,0
S-A_canslim,2009-05-08,98018.22325377632,98018.22325377632,0
S-A_canslim,2009-05-11,98018.22325377632,98018.22325377632,0
S-A_canslim,2009-05-12,98018.22325377632,98018.22325377632,0
S-A_canslim,2009-05-13,98018.22325377632,98018.22325377632,0
S-A_canslim,2009-05-14,98018.22325377632,98018.22325377632,0
S-A_canslim,2009-05-15,98018.22325377632,98018.22325377632,0
S-A_canslim,2009-05-18,98018.22325377632,98018.22325377632,0
S-A_canslim,2009-05-19,98018.22325377632,98018.22325377632,0
S-A_canslim,2009-05-20,98018.22325377632,98018.22325377632,0
S-A_canslim,2009-05-21,98018.22325377632,98018.22325377632,0
S-A_canslim,2009-05-22,98018.22325377632,98018.22325377632,0
S-A_canslim,2009-05-26,98018.22325377632,98018.22325377632,0
S-A_canslim,2009-05-27,98018.22325377632,98018.22325377632,0
S-A_canslim,2009-05-28,98018.22325377632,98018.22325377632,0
S-A_canslim,2009-05-29,98018.22325377632,98018.22325377632,0
S-A_canslim,2009-06-01,98018.22325377632,98018.22325377632,0
S-A_canslim,2009-06-02,98018.22325377632,98018.22325377632,0
S-A_canslim,2009-06-03,98018.22325377632,98018.22325377632,0
S-A_canslim,2009-06-04,98018.22325377632,98018.22325377632,0
S-A_canslim,2009-06-05,98018.22325377632,98018.22325377632,0
S-A_canslim,2009-06-08,98018.22325377632,98018.22325377632,0
S-A_canslim,2009-06-09,98018.22325377632,98018.22325377632,0
S-A_canslim,2009-06-10,98018.22325377632,98018.22325377632,0
S-A_canslim,2009-06-11,98018.22325377632,98018.22325377632,0
S-A_canslim,2009-06-12,98018.22325377632,98018.22325377632,0
S-A_canslim,2009-06-15,98018.22325377632,98018.22325377632,0
S-A_canslim,2009-06-16,98018.22325377632,98018.22325377632,0
S-A_canslim,2009-06-17,98018.22325377632,98018.22325377632,0
S-A_canslim,2009-06-18,98018.22325377632,98018.22325377632,0
S-A_canslim,2009-06-19,98018.22325377632,98018.22325377632,0
S-A_canslim,2009-06-22,98018.22325377632,98018.22325377632,0
S-A_canslim,2009-06-23,98018.22325377632,98018.22325377632,0
S-A_canslim,2009-06-24,98018.22325377632,98018.22325377632,0
S-A_canslim,2009-06-25,98018.22325377632,98018.22325377632,0
S-A_canslim,2009-06-26,98018.22325377632,98018.22325377632,0
S-A_canslim,2009-06-29,98018.22325377632,98018.22325377632,0
S-A_canslim,2009-06-30,98018.22325377632,98018.22325377632,0
S-A_canslim,2009-07-01,98018.22325377632,98018.22325377632,0
S-A_canslim,2009-07-02,98018.22325377632,98018.22325377632,0
S-A_canslim,2009-07-06,98018.22325377632,98018.22325377632,0
S-A_canslim,2009-07-07,98018.22325377632,98018.22325377632,0
S-A_canslim,2009-07-08,98018.22325377632,98018.22325377632,0
S-A_canslim,2009-07-09,98018.22325377632,98018.22325377632,0
S-A_canslim,2009-07-10,98018.22325377632,98018.22325377632,0
S-A_canslim,2009-07-13,98018.22325377632,98018.22325377632,0
S-A_canslim,2009-07-14,98018.22325377632,98018.22325377632,0
S-A_canslim,2009-07-15,98018.22325377632,98018.22325377632,0
S-A_canslim,2009-07-16,98018.22325377632,98018.22325377632,0
S-A_canslim,2009-07-17,98018.22325377632,98018.22325377632,0
S-A_canslim,2009-07-20,98018.22325377632,98018.22325377632,0
S-A_canslim,2009-07-21,98018.22325377632,98018.22325377632,0
S-A_canslim,2009-07-22,98018.22325377632,98018.22325377632,0
S-A_canslim,2009-07-23,98018.22325377632,98018.22325377632,0
S-A_canslim,2009-07-24,98018.22325377632,98018.22325377632,0
S-A_canslim,2009-07-27,98018.22325377632,98018.22325377632,0
S-A_canslim,2009-07-28,98018.22325377632,98018.22325377632,0
S-A_canslim,2009-07-29,98018.22325377632,98018.22325377632,0
S-A_canslim,2009-07-30,98018.22325377632,98018.22325377632,0
S-A_canslim,2009-07-31,98018.22325377632,98018.22325377632,0
S-A_canslim,2009-08-03,98018.22325377632,98018.22325377632,0
S-A_canslim,2009-08-04,98018.22325377632,98018.22325377632,0
S-A_canslim,2009-08-05,98018.22325377632,98018.22325377632,0
S-A_canslim,2009-08-06,98018.22325377632,98018.22325377632,0
S-A_canslim,2009-08-07,98018.22325377632,98018.22325377632,0
S-A_canslim,2009-08-10,98018.22325377632,98018.22325377632,0
S-A_canslim,2009-08-11,98018.22325377632,98018.22325377632,0
S-A_canslim,2009-08-12,98018.22325377632,98018.22325377632,0
S-A_canslim,2009-08-13,98018.22325377632,98018.22325377632,0
S-A_canslim,2009-08-14,98018.22325377632,98018.22325377632,0
S-A_canslim,2009-08-17,98018.22325377632,98018.22325377632,0
S-A_canslim,2009-08-18,98018.22325377632,98018.22325377632,0
S-A_canslim,2009-08-19,98018.22325377632,98018.22325377632,0
S-A_canslim,2009-08-20,98018.22325377632,98018.22325377632,0
S-A_canslim,2009-08-21,98018.22325377632,98018.22325377632,0
S-A_canslim,2009-08-24,97780.85503455631,88219.43503455631,1
S-A_canslim,2009-08-25,98114.81503455632,88219.43503455631,1
S-A_canslim,2009-08-26,97972.15603455632,88219.43503455631,1
S-A_canslim,2009-08-27,97972.15603455632,88219.43503455631,1
S-A_canslim,2009-08-28,97826.95603455631,88219.43503455631,1
S-A_canslim,2009-08-31,97693.73503455632,88219.43503455631,1
S-A_canslim,2009-09-01,97483.19503455631,88219.43503455631,1
S-A_canslim,2009-09-02,97555.79503455631,88219.43503455631,1
S-A_canslim,2009-09-03,98211.73603455632,88219.43503455631,1
S-A_canslim,2009-09-04,98301.03403455632,88219.43503455631,1
S-A_canslim,2009-09-08,98327.89603455631,88219.43503455631,1
S-A_canslim,2009-09-09,98456.03503455632,88219.43503455631,1
S-A_canslim,2009-09-10,98444.05603455631,88219.43503455631,1
S-A_canslim,2009-09-11,98397.95503455632,88219.43503455631,1
S-A_canslim,2009-09-14,98550.41503455631,88219.43503455631,1
S-A_canslim,2009-09-15,98550.41503455631,88219.43503455631,1
S-A_canslim,2009-09-16,98688.35503455631,88219.43503455631,1
S-A_canslim,2009-09-17,98848.07503455631,88219.43503455631,1
S-A_canslim,2009-09-18,98879.65603455632,88219.43503455631,1
S-A_canslim,2009-09-21,98915.95603455631,88219.43503455631,1
S-A_canslim,2009-09-22,98801.97403455632,88219.43503455631,1
S-A_canslim,2009-09-23,98763.49603455632,88219.43503455631,1
S-A_canslim,2009-09-24,98673.83503455631,88219.43503455631,1
S-A_canslim,2009-09-25,98671.29403455631,88219.43503455631,1
S-A_canslim,2009-09-28,98729.37403455631,88219.43503455631,1
S-A_canslim,2009-09-29,98763.49603455632,88219.43503455631,1
S-A_canslim,2009-09-30,98739.17503455632,88219.43503455631,1
S-A_canslim,2009-10-01,98388.15403455631,88219.43503455631,1
S-A_canslim,2009-10-02,98342.41603455631,88219.43503455631,1
S-A_canslim,2009-10-05,98497.05403455632,88219.43503455631,1
S-A_canslim,2009-10-06,98879.65603455632,88219.43503455631,1
S-A_canslim,2009-10-07,98618.29603455632,88219.43503455631,1
S-A_canslim,2009-10-08,98569.65403455631,88219.43503455631,1
S-A_canslim,2009-10-09,98487.61603455631,88219.43503455631,1
S-A_canslim,2009-10-12,98361.65503455632,88219.43503455631,1
S-A_canslim,2009-10-13,98298.85603455632,88219.43503455631,1
S-A_canslim,2009-10-14,98407.75603455631,88219.43503455631,1
S-A_canslim,2009-10-15,98322.81403455632,88219.43503455631,1
S-A_canslim,2009-10-16,98192.13403455631,88219.43503455631,1
S-A_canslim,2009-10-19,98493.70470105631,78411.80370105631,2
S-A_canslim,2009-10-20,98261.34270105632,78411.80370105631,2
S-A_canslim,2009-10-21,97549.0437010563,78411.80370105631,2
S-A_canslim,2009-10-22,97439.06529510436,97439.06529510436,0
S-A_canslim,2009-10-23,97439.06529510436,97439.06529510436,0
S-A_canslim,2009-10-26,97439.06529510436,97439.06529510436,0
S-A_canslim,2009-10-27,97439.06529510436,97439.06529510436,0
S-A_canslim,2009-10-28,97439.06529510436,97439.06529510436,0
S-A_canslim,2009-10-29,97439.06529510436,97439.06529510436,0
S-A_canslim,2009-10-30,97439.06529510436,97439.06529510436,0
S-A_canslim,2009-11-02,97439.06529510436,97439.06529510436,0
S-A_canslim,2009-11-03,97439.06529510436,97439.06529510436,0
S-A_canslim,2009-11-04,97439.06529510436,97439.06529510436,0
S-A_canslim,2009-11-05,97439.06529510436,97439.06529510436,0
S-A_canslim,2009-11-06,97439.06529510436,97439.06529510436,0
S-A_canslim,2009-11-09,97439.06529510436,97439.06529510436,0
S-A_canslim,2009-11-10,97439.06529510436,97439.06529510436,0
S-A_canslim,2009-11-11,97439.06529510436,97439.06529510436,0
S-A_canslim,2009-11-12,97439.06529510436,97439.06529510436,0
S-A_canslim,2009-11-13,97439.06529510436,97439.06529510436,0
S-A_canslim,2009-11-16,97439.06529510436,97439.06529510436,0
S-A_canslim,2009-11-17,97439.06529510436,97439.06529510436,0
S-A_canslim,2009-11-18,97439.06529510436,97439.06529510436,0
S-A_canslim,2009-11-19,97439.06529510436,97439.06529510436,0
S-A_canslim,2009-11-20,97439.06529510436,97439.06529510436,0
S-A_canslim,2009-11-23,97439.06529510436,97439.06529510436,0
S-A_canslim,2009-11-24,97439.06529510436,97439.06529510436,0
S-A_canslim,2009-11-25,97439.06529510436,97439.06529510436,0
S-A_canslim,2009-11-27,97439.06529510436,97439.06529510436,0
S-A_canslim,2009-11-30,97439.06529510436,97439.06529510436,0
S-A_canslim,2009-12-01,97439.06529510436,97439.06529510436,0
S-A_canslim,2009-12-02,97439.06529510436,97439.06529510436,0
S-A_canslim,2009-12-03,97439.06529510436,97439.06529510436,0
S-A_canslim,2009-12-04,97439.06529510436,97439.06529510436,0
S-A_canslim,2009-12-07,97439.06529510436,97439.06529510436,0
S-A_canslim,2009-12-08,97439.06529510436,97439.06529510436,0
S-A_canslim,2009-12-09,97439.06529510436,97439.06529510436,0
S-A_canslim,2009-12-10,97439.06529510436,97439.06529510436,0
S-A_canslim,2009-12-11,97439.06529510436,97439.06529510436,0
S-A_canslim,2009-12-14,97439.06529510436,97439.06529510436,0
S-A_canslim,2009-12-15,97439.06529510436,97439.06529510436,0
S-A_canslim,2009-12-16,97439.06529510436,97439.06529510436,0
S-A_canslim,2009-12-17,97439.06529510436,97439.06529510436,0
S-A_canslim,2009-12-18,97439.06529510436,97439.06529510436,0
S-A_canslim,2009-12-21,97439.06529510436,97439.06529510436,0
S-A_canslim,2009-12-22,97439.06529510436,97439.06529510436,0
S-A_canslim,2009-12-23,97439.06529510436,97439.06529510436,0
S-A_canslim,2009-12-24,97439.06529510436,97439.06529510436,0
S-A_canslim,2009-12-28,97439.06529510436,97439.06529510436,0
S-A_canslim,2009-12-29,97439.06529510436,97439.06529510436,0
S-A_canslim,2009-12-30,97439.06529510436,97439.06529510436,0
S-A_canslim,2009-12-31,97439.06529510436,97439.06529510436,0
S-A_canslim,2010-01-04,97439.06529510436,97439.06529510436,0
S-A_canslim,2010-01-05,97439.06529510436,97439.06529510436,0
S-A_canslim,2010-01-06,97439.06529510436,97439.06529510436,0
S-A_canslim,2010-01-07,97439.06529510436,97439.06529510436,0
S-A_canslim,2010-01-08,97439.06529510436,97439.06529510436,0
S-A_canslim,2010-01-11,97439.06529510436,97439.06529510436,0
S-A_canslim,2010-01-12,97439.06529510436,97439.06529510436,0
S-A_canslim,2010-01-13,97439.06529510436,97439.06529510436,0
S-A_canslim,2010-01-14,97439.06529510436,97439.06529510436,0
S-A_canslim,2010-01-15,97439.06529510436,97439.06529510436,0
S-A_canslim,2010-01-19,97439.06529510436,97439.06529510436,0
S-A_canslim,2010-01-20,97439.06529510436,97439.06529510436,0
S-A_canslim,2010-01-21,97439.06529510436,97439.06529510436,0
S-A_canslim,2010-01-22,97439.06529510436,97439.06529510436,0
S-A_canslim,2010-01-25,97439.06529510436,97439.06529510436,0
S-A_canslim,2010-01-26,97439.06529510436,97439.06529510436,0
S-A_canslim,2010-01-27,97439.06529510436,97439.06529510436,0
S-A_canslim,2010-01-28,97439.06529510436,97439.06529510436,0
S-A_canslim,2010-01-29,97439.06529510436,97439.06529510436,0
S-A_canslim,2010-02-01,97439.06529510436,97439.06529510436,0
S-A_canslim,2010-02-02,97439.06529510436,97439.06529510436,0
S-A_canslim,2010-02-03,97439.06529510436,97439.06529510436,0
S-A_canslim,2010-02-04,97439.06529510436,97439.06529510436,0
S-A_canslim,2010-02-05,97439.06529510436,97439.06529510436,0
S-A_canslim,2010-02-08,97439.06529510436,97439.06529510436,0
S-A_canslim,2010-02-09,97439.06529510436,97439.06529510436,0
S-A_canslim,2010-02-10,97439.06529510436,97439.06529510436,0
S-A_canslim,2010-02-11,97439.06529510436,97439.06529510436,0
S-A_canslim,2010-02-12,97439.06529510436,97439.06529510436,0
S-A_canslim,2010-02-16,97439.06529510436,97439.06529510436,0
S-A_canslim,2010-02-17,97439.06529510436,97439.06529510436,0
S-A_canslim,2010-02-18,97439.06529510436,97439.06529510436,0
S-A_canslim,2010-02-19,97439.06529510436,97439.06529510436,0
S-A_canslim,2010-02-22,97439.06529510436,97439.06529510436,0
S-A_canslim,2010-02-23,97439.06529510436,97439.06529510436,0
S-A_canslim,2010-02-24,97439.06529510436,97439.06529510436,0
S-A_canslim,2010-02-25,97439.06529510436,97439.06529510436,0
S-A_canslim,2010-02-26,97439.06529510436,97439.06529510436,0
S-A_canslim,2010-03-01,97439.06529510436,97439.06529510436,0
S-A_canslim,2010-03-02,97439.06529510436,97439.06529510436,0
S-A_canslim,2010-03-03,97439.06529510436,97439.06529510436,0
S-A_canslim,2010-03-04,97439.06529510436,97439.06529510436,0
S-A_canslim,2010-03-05,97439.06529510436,97439.06529510436,0
S-A_canslim,2010-03-08,97439.06529510436,97439.06529510436,0
S-A_canslim,2010-03-09,97439.06529510436,97439.06529510436,0
S-A_canslim,2010-03-10,97439.06529510436,97439.06529510436,0
S-A_canslim,2010-03-11,97439.06529510436,97439.06529510436,0
S-A_canslim,2010-03-12,97439.06529510436,97439.06529510436,0
S-A_canslim,2010-03-15,97439.06529510436,97439.06529510436,0
S-A_canslim,2010-03-16,97439.06529510436,97439.06529510436,0
S-A_canslim,2010-03-17,97439.06529510436,97439.06529510436,0
S-A_canslim,2010-03-18,97439.06529510436,97439.06529510436,0
S-A_canslim,2010-03-19,97439.06529510436,97439.06529510436,0
S-A_canslim,2010-03-22,97439.06529510436,97439.06529510436,0
S-A_canslim,2010-03-23,97439.06529510436,97439.06529510436,0
S-A_canslim,2010-03-24,97439.06529510436,97439.06529510436,0
S-A_canslim,2010-03-25,97439.06529510436,97439.06529510436,0
S-A_canslim,2010-03-26,97439.06529510436,97439.06529510436,0
S-A_canslim,2010-03-29,97439.06529510436,97439.06529510436,0
S-A_canslim,2010-03-30,97439.06529510436,97439.06529510436,0
S-A_canslim,2010-03-31,97439.06529510436,97439.06529510436,0
S-A_canslim,2010-04-01,97439.06529510436,97439.06529510436,0
S-A_canslim,2010-04-05,97439.06529510436,97439.06529510436,0
S-A_canslim,2010-04-06,97439.06529510436,97439.06529510436,0
S-A_canslim,2010-04-07,97439.06529510436,97439.06529510436,0
S-A_canslim,2010-04-08,97439.06529510436,97439.06529510436,0
S-A_canslim,2010-04-09,97439.06529510436,97439.06529510436,0
S-A_canslim,2010-04-12,97439.06529510436,97439.06529510436,0
S-A_canslim,2010-04-13,97439.06529510436,97439.06529510436,0
S-A_canslim,2010-04-14,97439.06529510436,97439.06529510436,0
S-A_canslim,2010-04-15,97439.06529510436,97439.06529510436,0
S-A_canslim,2010-04-16,97439.06529510436,97439.06529510436,0
S-A_canslim,2010-04-19,97439.06529510436,97439.06529510436,0
S-A_canslim,2010-04-20,97439.06529510436,97439.06529510436,0
S-A_canslim,2010-04-21,97439.06529510436,97439.06529510436,0
S-A_canslim,2010-04-22,97439.06529510436,97439.06529510436,0
S-A_canslim,2010-04-23,97439.06529510436,97439.06529510436,0
S-A_canslim,2010-04-26,97439.06529510436,97439.06529510436,0
S-A_canslim,2010-04-27,97439.06529510436,97439.06529510436,0
S-A_canslim,2010-04-28,97439.06529510436,97439.06529510436,0
S-A_canslim,2010-04-29,97439.06529510436,97439.06529510436,0
S-A_canslim,2010-04-30,97439.06529510436,97439.06529510436,0
S-A_canslim,2010-05-03,97439.06529510436,97439.06529510436,0
S-A_canslim,2010-05-04,97439.06529510436,97439.06529510436,0
S-A_canslim,2010-05-05,97439.06529510436,97439.06529510436,0
S-A_canslim,2010-05-06,97439.06529510436,97439.06529510436,0
S-A_canslim,2010-05-07,97439.06529510436,97439.06529510436,0
S-A_canslim,2010-05-10,97439.06529510436,97439.06529510436,0
S-A_canslim,2010-05-11,97439.06529510436,97439.06529510436,0
S-A_canslim,2010-05-12,97439.06529510436,97439.06529510436,0
S-A_canslim,2010-05-13,97439.06529510436,97439.06529510436,0
S-A_canslim,2010-05-14,97439.06529510436,97439.06529510436,0
S-A_canslim,2010-05-17,97439.06529510436,97439.06529510436,0
S-A_canslim,2010-05-18,97439.06529510436,97439.06529510436,0
S-A_canslim,2010-05-19,97439.06529510436,97439.06529510436,0
S-A_canslim,2010-05-20,97439.06529510436,97439.06529510436,0
S-A_canslim,2010-05-21,97439.06529510436,97439.06529510436,0
S-A_canslim,2010-05-24,97439.06529510436,97439.06529510436,0
S-A_canslim,2010-05-25,97439.06529510436,97439.06529510436,0
S-A_canslim,2010-05-26,97439.06529510436,97439.06529510436,0
S-A_canslim,2010-05-27,97439.06529510436,97439.06529510436,0
S-A_canslim,2010-05-28,97439.06529510436,97439.06529510436,0
S-A_canslim,2010-06-01,97439.06529510436,97439.06529510436,0
S-A_canslim,2010-06-02,97439.06529510436,97439.06529510436,0
S-A_canslim,2010-06-03,97439.06529510436,97439.06529510436,0
S-A_canslim,2010-06-04,97439.06529510436,97439.06529510436,0
S-A_canslim,2010-06-07,97439.06529510436,97439.06529510436,0
S-A_canslim,2010-06-08,97439.06529510436,97439.06529510436,0
S-A_canslim,2010-06-09,97439.06529510436,97439.06529510436,0
S-A_canslim,2010-06-10,97439.06529510436,97439.06529510436,0
S-A_canslim,2010-06-11,97439.06529510436,97439.06529510436,0
S-A_canslim,2010-06-14,97439.06529510436,97439.06529510436,0
S-A_canslim,2010-06-15,97439.06529510436,97439.06529510436,0
S-A_canslim,2010-06-16,97439.06529510436,97439.06529510436,0
S-A_canslim,2010-06-17,97439.06529510436,97439.06529510436,0
S-A_canslim,2010-06-18,97439.06529510436,97439.06529510436,0
S-A_canslim,2010-06-21,97439.06529510436,97439.06529510436,0
S-A_canslim,2010-06-22,97439.06529510436,97439.06529510436,0
S-A_canslim,2010-06-23,97439.06529510436,97439.06529510436,0
S-A_canslim,2010-06-24,97439.06529510436,97439.06529510436,0
S-A_canslim,2010-06-25,97439.06529510436,97439.06529510436,0
S-A_canslim,2010-06-28,97439.06529510436,97439.06529510436,0
S-A_canslim,2010-06-29,97439.06529510436,97439.06529510436,0
S-A_canslim,2010-06-30,97439.06529510436,97439.06529510436,0
S-A_canslim,2010-07-01,97439.06529510436,97439.06529510436,0
S-A_canslim,2010-07-02,97439.06529510436,97439.06529510436,0
S-A_canslim,2010-07-06,97439.06529510436,97439.06529510436,0
S-A_canslim,2010-07-07,97439.06529510436,97439.06529510436,0
S-A_canslim,2010-07-08,97439.06529510436,97439.06529510436,0
S-A_canslim,2010-07-09,97439.06529510436,97439.06529510436,0
S-A_canslim,2010-07-12,97439.06529510436,97439.06529510436,0
S-A_canslim,2010-07-13,97439.06529510436,97439.06529510436,0
S-A_canslim,2010-07-14,97439.06529510436,97439.06529510436,0
S-A_canslim,2010-07-15,97439.06529510436,97439.06529510436,0
S-A_canslim,2010-07-16,97439.06529510436,97439.06529510436,0
S-A_canslim,2010-07-19,97439.06529510436,97439.06529510436,0
S-A_canslim,2010-07-20,97439.06529510436,97439.06529510436,0
S-A_canslim,2010-07-21,97439.06529510436,97439.06529510436,0
S-A_canslim,2010-07-22,97439.06529510436,97439.06529510436,0
S-A_canslim,2010-07-23,97439.06529510436,97439.06529510436,0
S-A_canslim,2010-07-26,97439.06529510436,97439.06529510436,0
S-A_canslim,2010-07-27,97439.06529510436,97439.06529510436,0
S-A_canslim,2010-07-28,97439.06529510436,97439.06529510436,0
S-A_canslim,2010-07-29,97439.06529510436,97439.06529510436,0
S-A_canslim,2010-07-30,97439.06529510436,97439.06529510436,0
S-A_canslim,2010-08-02,97439.06529510436,97439.06529510436,0
S-A_canslim,2010-08-03,97439.06529510436,97439.06529510436,0
S-A_canslim,2010-08-04,97439.06529510436,97439.06529510436,0
S-A_canslim,2010-08-05,97439.06529510436,97439.06529510436,0
S-A_canslim,2010-08-06,97439.06529510436,97439.06529510436,0
S-A_canslim,2010-08-09,97439.06529510436,97439.06529510436,0
S-A_canslim,2010-08-10,97439.06529510436,97439.06529510436,0
S-A_canslim,2010-08-11,97439.06529510436,97439.06529510436,0
S-A_canslim,2010-08-12,97439.06529510436,97439.06529510436,0
S-A_canslim,2010-08-13,97439.06529510436,97439.06529510436,0
S-A_canslim,2010-08-16,97439.06529510436,97439.06529510436,0
S-A_canslim,2010-08-17,97439.06529510436,97439.06529510436,0
S-A_canslim,2010-08-18,97439.06529510436,97439.06529510436,0
S-A_canslim,2010-08-19,97439.06529510436,97439.06529510436,0
S-A_canslim,2010-08-20,97439.06529510436,97439.06529510436,0
S-A_canslim,2010-08-23,97439.06529510436,97439.06529510436,0
S-A_canslim,2010-08-24,97439.06529510436,97439.06529510436,0
S-A_canslim,2010-08-25,97439.06529510436,97439.06529510436,0
S-A_canslim,2010-08-26,97439.06529510436,97439.06529510436,0
S-A_canslim,2010-08-27,97439.06529510436,97439.06529510436,0
S-A_canslim,2010-08-30,97439.06529510436,97439.06529510436,0
S-A_canslim,2010-08-31,97439.06529510436,97439.06529510436,0
S-A_canslim,2010-09-01,97439.06529510436,97439.06529510436,0
S-A_canslim,2010-09-02,97439.06529510436,97439.06529510436,0
S-A_canslim,2010-09-03,97439.06529510436,97439.06529510436,0
S-A_canslim,2010-09-07,97439.06529510436,97439.06529510436,0
S-A_canslim,2010-09-08,97439.06529510436,97439.06529510436,0
S-A_canslim,2010-09-09,97439.06529510436,97439.06529510436,0
S-A_canslim,2010-09-10,97439.06529510436,97439.06529510436,0
S-A_canslim,2010-09-13,97439.06529510436,97439.06529510436,0
S-A_canslim,2010-09-14,97439.06529510436,97439.06529510436,0
S-A_canslim,2010-09-15,97439.06529510436,97439.06529510436,0
S-A_canslim,2010-09-16,97439.06529510436,97439.06529510436,0
S-A_canslim,2010-09-17,97439.06529510436,97439.06529510436,0
S-A_canslim,2010-09-20,97439.06529510436,97439.06529510436,0
S-A_canslim,2010-09-21,97439.06529510436,97439.06529510436,0
S-A_canslim,2010-09-22,97439.06529510436,97439.06529510436,0
S-A_canslim,2010-09-23,97439.06529510436,97439.06529510436,0
S-A_canslim,2010-09-24,97439.06529510436,97439.06529510436,0
S-A_canslim,2010-09-27,97439.06529510436,97439.06529510436,0
S-A_canslim,2010-09-28,97439.06529510436,97439.06529510436,0
S-A_canslim,2010-09-29,97439.06529510436,97439.06529510436,0
S-A_canslim,2010-09-30,97439.06529510436,97439.06529510436,0
S-A_canslim,2010-10-01,97439.06529510436,97439.06529510436,0
S-A_canslim,2010-10-04,97439.06529510436,97439.06529510436,0
S-A_canslim,2010-10-05,97439.06529510436,97439.06529510436,0
S-A_canslim,2010-10-06,97439.06529510436,97439.06529510436,0
S-A_canslim,2010-10-07,97439.06529510436,97439.06529510436,0
S-A_canslim,2010-10-08,97439.06529510436,97439.06529510436,0
S-A_canslim,2010-10-11,97439.06529510436,97439.06529510436,0
S-A_canslim,2010-10-12,97439.06529510436,97439.06529510436,0
S-A_canslim,2010-10-13,97439.06529510436,97439.06529510436,0
S-A_canslim,2010-10-14,97439.06529510436,97439.06529510436,0
S-A_canslim,2010-10-15,97439.06529510436,97439.06529510436,0
S-A_canslim,2010-10-18,97439.06529510436,97439.06529510436,0
S-A_canslim,2010-10-19,97439.06529510436,97439.06529510436,0
S-A_canslim,2010-10-20,97439.06529510436,97439.06529510436,0
S-A_canslim,2010-10-21,97439.06529510436,97439.06529510436,0
S-A_canslim,2010-10-22,97439.06529510436,97439.06529510436,0
S-A_canslim,2010-10-25,97356.21813438437,87698.89413438436,1
S-A_canslim,2010-10-26,97694.33013438436,87698.89413438436,1
S-A_canslim,2010-10-27,97668.50213438435,87698.89413438436,1
S-A_canslim,2010-10-28,97579.27813438437,87698.89413438436,1
S-A_canslim,2010-10-29,97569.88613438436,87698.89413438436,1
S-A_canslim,2010-11-01,97275.31540388436,77948.92340388437,2
S-A_canslim,2010-11-02,97493.79940388438,77948.92340388437,2
S-A_canslim,2010-11-03,97781.14540388438,77948.92340388437,2
S-A_canslim,2010-11-04,98199.34940388438,77948.92340388437,2
S-A_canslim,2010-11-05,99181.69740388438,77948.92340388437,2
S-A_canslim,2010-11-08,99287.74605188437,68093.72605188437,3
S-A_canslim,2010-11-09,99068.93205188436,68093.72605188437,3
S-A_canslim,2010-11-10,99385.15005188437,68093.72605188437,3
S-A_canslim,2010-11-11,99476.58605188437,68093.72605188437,3
S-A_canslim,2010-11-12,98943.96005188437,68093.72605188437,3
S-A_canslim,2010-11-15,98781.65605188438,68093.72605188437,3
S-A_canslim,2010-11-16,98268.23205188436,68093.72605188437,3
S-A_canslim,2010-11-17,98874.02405188436,68093.72605188437,3
S-A_canslim,2010-11-18,99241.65605188438,68093.72605188437,3
S-A_canslim,2010-11-19,99984.11605188437,68093.72605188437,3
S-A_canslim,2010-11-22,100778.77005188436,68093.72605188437,3
S-A_canslim,2010-11-23,100937.44605188437,68093.72605188437,3
S-A_canslim,2010-11-24,101444.77226118524,91449.97226118523,1
S-A_canslim,2010-11-26,101341.57226118524,91449.97226118523,1
S-A_canslim,2010-11-29,101333.17226118523,91449.97226118523,1
S-A_canslim,2010-11-30,101251.57226118524,91449.97226118523,1
S-A_canslim,2010-12-01,101324.77226118524,91449.97226118523,1
S-A_canslim,2010-12-02,101448.37226118523,91449.97226118523,1
S-A_canslim,2010-12-03,101571.97226118523,91449.97226118523,1
S-A_canslim,2010-12-06,101630.77226118524,91449.97226118523,1
S-A_canslim,2010-12-07,101658.37226118523,91449.97226118523,1
S-A_canslim,2010-12-08,101613.97226118523,91449.97226118523,1
S-A_canslim,2010-12-09,101541.97226118523,91449.97226118523,1
S-A_canslim,2010-12-10,101588.77226118524,91449.97226118523,1
S-A_canslim,2010-12-13,101592.37226118523,91449.97226118523,1
S-A_canslim,2010-12-14,101619.97226118523,91449.97226118523,1
S-A_canslim,2010-12-15,102846.37226118523,91449.97226118523,1
S-A_canslim,2010-12-16,102887.17226118523,91449.97226118523,1
S-A_canslim,2010-12-17,102977.17226118523,91449.97226118523,1
S-A_canslim,2010-12-20,103176.37226118523,91449.97226118523,1
S-A_canslim,2010-12-21,103229.82761418524,103229.82761418524,0
S-A_canslim,2010-12-22,103229.82761418524,103229.82761418524,0
S-A_canslim,2010-12-23,103229.82761418524,103229.82761418524,0
S-A_canslim,2010-12-27,103229.82761418524,103229.82761418524,0
S-A_canslim,2010-12-28,103229.82761418524,103229.82761418524,0
S-A_canslim,2010-12-29,103229.82761418524,103229.82761418524,0
S-A_canslim,2010-12-30,103229.82761418524,103229.82761418524,0
S-A_canslim,2010-12-31,103229.82761418524,103229.82761418524,0
S-A_canslim,2011-01-03,103229.82761418524,103229.82761418524,0
S-A_canslim,2011-01-04,103229.82761418524,103229.82761418524,0
S-A_canslim,2011-01-05,103229.82761418524,103229.82761418524,0
S-A_canslim,2011-01-06,103229.82761418524,103229.82761418524,0
S-A_canslim,2011-01-07,103229.82761418524,103229.82761418524,0
S-A_canslim,2011-01-10,103229.82761418524,103229.82761418524,0
S-A_canslim,2011-01-11,103229.82761418524,103229.82761418524,0
S-A_canslim,2011-01-12,103229.82761418524,103229.82761418524,0
S-A_canslim,2011-01-13,103229.82761418524,103229.82761418524,0
S-A_canslim,2011-01-14,103229.82761418524,103229.82761418524,0
S-A_canslim,2011-01-18,103229.82761418524,103229.82761418524,0
S-A_canslim,2011-01-19,103229.82761418524,103229.82761418524,0
S-A_canslim,2011-01-20,103229.82761418524,103229.82761418524,0
S-A_canslim,2011-01-21,103229.82761418524,103229.82761418524,0
S-A_canslim,2011-01-24,103229.82761418524,103229.82761418524,0
S-A_canslim,2011-01-25,103229.82761418524,103229.82761418524,0
S-A_canslim,2011-01-26,103229.82761418524,103229.82761418524,0
S-A_canslim,2011-01-27,103229.82761418524,103229.82761418524,0
S-A_canslim,2011-01-28,103229.82761418524,103229.82761418524,0
S-A_canslim,2011-01-31,103229.82761418524,103229.82761418524,0
S-A_canslim,2011-02-01,103229.82761418524,103229.82761418524,0
S-A_canslim,2011-02-02,103229.82761418524,103229.82761418524,0
S-A_canslim,2011-02-03,103229.82761418524,103229.82761418524,0
S-A_canslim,2011-02-04,103229.82761418524,103229.82761418524,0
S-A_canslim,2011-02-07,103229.82761418524,103229.82761418524,0
S-A_canslim,2011-02-08,103229.82761418524,103229.82761418524,0
S-A_canslim,2011-02-09,103229.82761418524,103229.82761418524,0
S-A_canslim,2011-02-10,103229.82761418524,103229.82761418524,0
S-A_canslim,2011-02-11,103229.82761418524,103229.82761418524,0
S-A_canslim,2011-02-14,103344.96560032925,92907.35760032924,1
S-A_canslim,2011-02-15,103063.90160032923,92907.35760032924,1
S-A_canslim,2011-02-16,103002.71760032924,92907.35760032924,1
S-A_canslim,2011-02-17,103061.98960032924,92907.35760032924,1
S-A_canslim,2011-02-18,102855.49360032924,92907.35760032924,1
S-A_canslim,2011-02-22,102540.01360032924,92907.35760032924,1
S-A_canslim,2011-02-23,102375.57794457942,102375.57794457942,0
S-A_canslim,2011-02-24,102375.57794457942,102375.57794457942,0
S-A_canslim,2011-02-25,102375.57794457942,102375.57794457942,0
S-A_canslim,2011-02-28,102597.36518367942,92139.49118367942,1
S-A_canslim,2011-03-01,102527.22518367942,92139.49118367942,1
S-A_canslim,2011-03-02,102733.63718367941,92139.49118367942,1
S-A_canslim,2011-03-03,102740.65118367942,92139.49118367942,1
S-A_canslim,2011-03-04,102680.53118367941,92139.49118367942,1
S-A_canslim,2011-03-07,102312.79718367942,92139.49118367942,1
S-A_canslim,2011-03-08,102593.35718367941,92139.49118367942,1
S-A_canslim,2011-03-09,102643.45718367942,92139.49118367942,1
S-A_canslim,2011-03-10,102296.76518367942,92139.49118367942,1
S-A_canslim,2011-03-11,102349.87118367942,92139.49118367942,1
S-A_canslim,2011-03-14,102306.78518367941,92139.49118367942,1
S-A_canslim,2011-03-15,102146.46518367942,92139.49118367942,1
S-A_canslim,2011-03-16,102362.89718367942,92139.49118367942,1
S-A_canslim,2011-03-17,102356.88518367942,92139.49118367942,1
S-A_canslim,2011-03-18,102563.29718367942,92139.49118367942,1
S-A_canslim,2011-03-21,102827.82518367942,92139.49118367942,1
S-A_canslim,2011-03-22,102870.91118367942,92139.49118367942,1
S-A_canslim,2011-03-23,102863.89718367942,92139.49118367942,1
S-A_canslim,2011-03-24,102897.96518367942,92139.49118367942,1
S-A_canslim,2011-03-25,102964.09718367942,92139.49118367942,1
S-A_canslim,2011-03-28,102971.11118367942,92139.49118367942,1
S-A_canslim,2011-03-29,103068.30518367942,92139.49118367942,1
S-A_canslim,2011-03-30,103128.42518367941,92139.49118367942,1
S-A_canslim,2011-03-31,103094.35718367941,92139.49118367942,1
S-A_canslim,2011-04-01,103128.42518367941,92139.49118367942,1
S-A_canslim,2011-04-04,103098.36518367942,92139.49118367942,1
S-A_canslim,2011-04-05,103098.36518367942,92139.49118367942,1
S-A_canslim,2011-04-06,103128.42518367941,92139.49118367942,1
S-A_canslim,2011-04-07,103018.20518367941,92139.49118367942,1
S-A_canslim,2011-04-08,102974.11718367942,92139.49118367942,1
S-A_canslim,2011-04-11,102820.81118367941,92139.49118367942,1
S-A_canslim,2011-04-12,102687.54518367942,92139.49118367942,1
S-A_canslim,2011-04-13,102833.83718367942,92139.49118367942,1
S-A_canslim,2011-04-14,102817.80518367942,92139.49118367942,1
S-A_canslim,2011-04-15,102817.80518367942,92139.49118367942,1
S-A_canslim,2011-04-18,102662.70679737942,81877.15279737941,2
S-A_canslim,2011-04-19,102430.27279737941,81877.15279737941,2
S-A_canslim,2011-04-20,102875.16679737941,81877.15279737941,2
S-A_canslim,2011-04-21,102787.69879737942,81877.15279737941,2
S-A_canslim,2011-04-25,102715.75279737942,81877.15279737941,2
S-A_canslim,2011-04-26,103086.60679737941,81877.15279737941,2
S-A_canslim,2011-04-27,103216.08679737942,81877.15279737941,2
S-A_canslim,2011-04-28,103617.43879737941,81877.15279737941,2
S-A_canslim,2011-04-29,104351.47879737942,81877.15279737941,2
S-A_canslim,2011-05-02,103502.05879737942,81877.15279737941,2
S-A_canslim,2011-05-03,103535.7787973794,81877.15279737941,2
S-A_canslim,2011-05-04,103237.45279737942,81877.15279737941,2
S-A_canslim,2011-05-05,102859.13694044441,92174.63694044441,1
S-A_canslim,2011-05-06,102772.43694044442,92174.63694044441,1
S-A_canslim,2011-05-09,102800.99694044441,92174.63694044441,1
S-A_canslim,2011-05-10,102915.23694044442,92174.63694044441,1
S-A_canslim,2011-05-11,102500.09694044442,92174.63694044441,1
S-A_canslim,2011-05-12,102578.63694044441,92174.63694044441,1
S-A_canslim,2011-05-13,102586.79694044442,92174.63694044441,1
S-A_canslim,2011-05-16,102336.8969404444,92174.63694044441,1
S-A_canslim,2011-05-17,102493.97694044441,92174.63694044441,1
S-A_canslim,2011-05-18,102559.25694044441,92174.63694044441,1
S-A_canslim,2011-05-19,102570.47694044441,92174.63694044441,1
S-A_canslim,2011-05-20,102463.37694044442,92174.63694044441,1
S-A_canslim,2011-05-23,102233.87694044442,92174.63694044441,1
S-A_canslim,2011-05-24,102071.69694044441,92174.63694044441,1
S-A_canslim,2011-05-25,102485.8169404444,92174.63694044441,1
S-A_canslim,2011-05-26,102703.07694044441,92174.63694044441,1
S-A_canslim,2011-05-27,102663.29694044442,92174.63694044441,1
S-A_canslim,2011-05-31,102551.09694044442,92174.63694044441,1
S-A_canslim,2011-06-01,102394.01694044442,92174.63694044441,1
S-A_canslim,2011-06-02,102392.99694044441,92174.63694044441,1
S-A_canslim,2011-06-03,102335.87694044442,92174.63694044441,1
S-A_canslim,2011-06-06,102375.65694044442,92174.63694044441,1
S-A_canslim,2011-06-07,102404.21694044441,92174.63694044441,1
S-A_canslim,2011-06-08,102409.3169404444,92174.63694044441,1
S-A_canslim,2011-06-09,102418.49694044441,92174.63694044441,1
S-A_canslim,2011-06-10,102347.09694044442,92174.63694044441,1
S-A_canslim,2011-06-13,102332.8169404444,92174.63694044441,1
S-A_canslim,2011-06-14,102616.37694044442,92174.63694044441,1
S-A_canslim,2011-06-15,102389.93694044442,92174.63694044441,1
S-A_canslim,2011-06-16,102257.64783644442,102257.64783644442,0
S-A_canslim,2011-06-17,102257.64783644442,102257.64783644442,0
S-A_canslim,2011-06-20,102257.64783644442,102257.64783644442,0
S-A_canslim,2011-06-21,102257.64783644442,102257.64783644442,0
S-A_canslim,2011-06-22,102257.64783644442,102257.64783644442,0
S-A_canslim,2011-06-23,102257.64783644442,102257.64783644442,0
S-A_canslim,2011-06-24,102257.64783644442,102257.64783644442,0
S-A_canslim,2011-06-27,102257.64783644442,102257.64783644442,0
S-A_canslim,2011-06-28,102257.64783644442,102257.64783644442,0
S-A_canslim,2011-06-29,102257.64783644442,102257.64783644442,0
S-A_canslim,2011-06-30,102257.64783644442,102257.64783644442,0
S-A_canslim,2011-07-01,102257.64783644442,102257.64783644442,0
S-A_canslim,2011-07-05,102257.64783644442,102257.64783644442,0
S-A_canslim,2011-07-06,102257.64783644442,102257.64783644442,0
S-A_canslim,2011-07-07,102257.64783644442,102257.64783644442,0
S-A_canslim,2011-07-08,102257.64783644442,102257.64783644442,0
S-A_canslim,2011-07-11,102257.64783644442,102257.64783644442,0
S-A_canslim,2011-07-12,102257.64783644442,102257.64783644442,0
S-A_canslim,2011-07-13,102257.64783644442,102257.64783644442,0
S-A_canslim,2011-07-14,102257.64783644442,102257.64783644442,0
S-A_canslim,2011-07-15,102257.64783644442,102257.64783644442,0
S-A_canslim,2011-07-18,102257.64783644442,102257.64783644442,0
S-A_canslim,2011-07-19,102257.64783644442,102257.64783644442,0
S-A_canslim,2011-07-20,102257.64783644442,102257.64783644442,0
S-A_canslim,2011-07-21,102257.64783644442,102257.64783644442,0
S-A_canslim,2011-07-22,102257.64783644442,102257.64783644442,0
S-A_canslim,2011-07-25,102257.64783644442,102257.64783644442,0
S-A_canslim,2011-07-26,102257.64783644442,102257.64783644442,0
S-A_canslim,2011-07-27,102257.64783644442,102257.64783644442,0
S-A_canslim,2011-07-28,102257.64783644442,102257.64783644442,0
S-A_canslim,2011-07-29,102257.64783644442,102257.64783644442,0
S-A_canslim,2011-08-01,102257.64783644442,102257.64783644442,0
S-A_canslim,2011-08-02,102257.64783644442,102257.64783644442,0
S-A_canslim,2011-08-03,102257.64783644442,102257.64783644442,0
S-A_canslim,2011-08-04,102257.64783644442,102257.64783644442,0
S-A_canslim,2011-08-05,102257.64783644442,102257.64783644442,0
S-A_canslim,2011-08-08,102257.64783644442,102257.64783644442,0
S-A_canslim,2011-08-09,102257.64783644442,102257.64783644442,0
S-A_canslim,2011-08-10,102257.64783644442,102257.64783644442,0
S-A_canslim,2011-08-11,102257.64783644442,102257.64783644442,0
S-A_canslim,2011-08-12,102257.64783644442,102257.64783644442,0
S-A_canslim,2011-08-15,102257.64783644442,102257.64783644442,0
S-A_canslim,2011-08-16,102257.64783644442,102257.64783644442,0
S-A_canslim,2011-08-17,102257.64783644442,102257.64783644442,0
S-A_canslim,2011-08-18,102257.64783644442,102257.64783644442,0
S-A_canslim,2011-08-19,102257.64783644442,102257.64783644442,0
S-A_canslim,2011-08-22,102257.64783644442,102257.64783644442,0
S-A_canslim,2011-08-23,102257.64783644442,102257.64783644442,0
S-A_canslim,2011-08-24,102257.64783644442,102257.64783644442,0
S-A_canslim,2011-08-25,102257.64783644442,102257.64783644442,0
S-A_canslim,2011-08-26,102257.64783644442,102257.64783644442,0
S-A_canslim,2011-08-29,102257.64783644442,102257.64783644442,0
S-A_canslim,2011-08-30,102257.64783644442,102257.64783644442,0
S-A_canslim,2011-08-31,102257.64783644442,102257.64783644442,0
S-A_canslim,2011-09-01,102257.64783644442,102257.64783644442,0
S-A_canslim,2011-09-02,102257.64783644442,102257.64783644442,0
S-A_canslim,2011-09-06,102257.64783644442,102257.64783644442,0
S-A_canslim,2011-09-07,102257.64783644442,102257.64783644442,0
S-A_canslim,2011-09-08,102257.64783644442,102257.64783644442,0
S-A_canslim,2011-09-09,102257.64783644442,102257.64783644442,0
S-A_canslim,2011-09-12,102257.64783644442,102257.64783644442,0
S-A_canslim,2011-09-13,102257.64783644442,102257.64783644442,0
S-A_canslim,2011-09-14,102257.64783644442,102257.64783644442,0
S-A_canslim,2011-09-15,102257.64783644442,102257.64783644442,0
S-A_canslim,2011-09-16,102257.64783644442,102257.64783644442,0
S-A_canslim,2011-09-19,102257.64783644442,102257.64783644442,0
S-A_canslim,2011-09-20,102257.64783644442,102257.64783644442,0
S-A_canslim,2011-09-21,102257.64783644442,102257.64783644442,0
S-A_canslim,2011-09-22,102257.64783644442,102257.64783644442,0
S-A_canslim,2011-09-23,102257.64783644442,102257.64783644442,0
S-A_canslim,2011-09-26,102257.64783644442,102257.64783644442,0
S-A_canslim,2011-09-27,102257.64783644442,102257.64783644442,0
S-A_canslim,2011-09-28,102257.64783644442,102257.64783644442,0
S-A_canslim,2011-09-29,102257.64783644442,102257.64783644442,0
S-A_canslim,2011-09-30,102257.64783644442,102257.64783644442,0
S-A_canslim,2011-10-03,102257.64783644442,102257.64783644442,0
S-A_canslim,2011-10-04,102257.64783644442,102257.64783644442,0
S-A_canslim,2011-10-05,102257.64783644442,102257.64783644442,0
S-A_canslim,2011-10-06,102257.64783644442,102257.64783644442,0
S-A_canslim,2011-10-07,102257.64783644442,102257.64783644442,0
S-A_canslim,2011-10-10,102257.64783644442,102257.64783644442,0
S-A_canslim,2011-10-11,102257.64783644442,102257.64783644442,0
S-A_canslim,2011-10-12,102257.64783644442,102257.64783644442,0
S-A_canslim,2011-10-13,102257.64783644442,102257.64783644442,0
S-A_canslim,2011-10-14,102257.64783644442,102257.64783644442,0
S-A_canslim,2011-10-17,102257.64783644442,102257.64783644442,0
S-A_canslim,2011-10-18,102257.64783644442,102257.64783644442,0
S-A_canslim,2011-10-19,102257.64783644442,102257.64783644442,0
S-A_canslim,2011-10-20,102257.64783644442,102257.64783644442,0
S-A_canslim,2011-10-21,102257.64783644442,102257.64783644442,0
S-A_canslim,2011-10-24,102257.64783644442,102257.64783644442,0
S-A_canslim,2011-10-25,102257.64783644442,102257.64783644442,0
S-A_canslim,2011-10-26,102257.64783644442,102257.64783644442,0
S-A_canslim,2011-10-27,102257.64783644442,102257.64783644442,0
S-A_canslim,2011-10-28,102257.64783644442,102257.64783644442,0
S-A_canslim,2011-10-31,102448.55191106941,92061.91191106942,1
S-A_canslim,2011-11-01,101399.84421062778,101399.84421062778,0
S-A_canslim,2011-11-02,101399.84421062778,101399.84421062778,0
S-A_canslim,2011-11-03,101399.84421062778,101399.84421062778,0
S-A_canslim,2011-11-04,101399.84421062778,101399.84421062778,0
S-A_canslim,2011-11-07,101399.84421062778,101399.84421062778,0
S-A_canslim,2011-11-08,101399.84421062778,101399.84421062778,0
S-A_canslim,2011-11-09,101399.84421062778,101399.84421062778,0
S-A_canslim,2011-11-10,101399.84421062778,101399.84421062778,0
S-A_canslim,2011-11-11,101399.84421062778,101399.84421062778,0
S-A_canslim,2011-11-14,101399.84421062778,101399.84421062778,0
S-A_canslim,2011-11-15,101399.84421062778,101399.84421062778,0
S-A_canslim,2011-11-16,101399.84421062778,101399.84421062778,0
S-A_canslim,2011-11-17,101399.84421062778,101399.84421062778,0
S-A_canslim,2011-11-18,101399.84421062778,101399.84421062778,0
S-A_canslim,2011-11-21,101399.84421062778,101399.84421062778,0
S-A_canslim,2011-11-22,101399.84421062778,101399.84421062778,0
S-A_canslim,2011-11-23,101399.84421062778,101399.84421062778,0
S-A_canslim,2011-11-25,101399.84421062778,101399.84421062778,0
S-A_canslim,2011-11-28,101399.84421062778,101399.84421062778,0
S-A_canslim,2011-11-29,101399.84421062778,101399.84421062778,0
S-A_canslim,2011-11-30,101399.84421062778,101399.84421062778,0
S-A_canslim,2011-12-01,101399.84421062778,101399.84421062778,0
S-A_canslim,2011-12-02,101399.84421062778,101399.84421062778,0
S-A_canslim,2011-12-05,101399.84421062778,101399.84421062778,0
S-A_canslim,2011-12-06,101399.84421062778,101399.84421062778,0
S-A_canslim,2011-12-07,101399.84421062778,101399.84421062778,0
S-A_canslim,2011-12-08,101399.84421062778,101399.84421062778,0
S-A_canslim,2011-12-09,101399.84421062778,101399.84421062778,0
S-A_canslim,2011-12-12,101399.84421062778,101399.84421062778,0
S-A_canslim,2011-12-13,101399.84421062778,101399.84421062778,0
S-A_canslim,2011-12-14,101399.84421062778,101399.84421062778,0
S-A_canslim,2011-12-15,101399.84421062778,101399.84421062778,0
S-A_canslim,2011-12-16,101399.84421062778,101399.84421062778,0
S-A_canslim,2011-12-19,101399.84421062778,101399.84421062778,0
S-A_canslim,2011-12-20,101399.84421062778,101399.84421062778,0
S-A_canslim,2011-12-21,101399.84421062778,101399.84421062778,0
S-A_canslim,2011-12-22,101399.84421062778,101399.84421062778,0
S-A_canslim,2011-12-23,101399.84421062778,101399.84421062778,0
S-A_canslim,2011-12-27,101399.84421062778,101399.84421062778,0
S-A_canslim,2011-12-28,101399.84421062778,101399.84421062778,0
S-A_canslim,2011-12-29,101399.84421062778,101399.84421062778,0
S-A_canslim,2011-12-30,101399.84421062778,101399.84421062778,0
S-A_canslim,2012-01-03,101399.84421062778,101399.84421062778,0
S-A_canslim,2012-01-04,101399.84421062778,101399.84421062778,0
S-A_canslim,2012-01-05,101399.84421062778,101399.84421062778,0
S-A_canslim,2012-01-06,101399.84421062778,101399.84421062778,0
S-A_canslim,2012-01-09,101399.84421062778,101399.84421062778,0
S-A_canslim,2012-01-10,101399.84421062778,101399.84421062778,0
S-A_canslim,2012-01-11,101399.84421062778,101399.84421062778,0
S-A_canslim,2012-01-12,101399.84421062778,101399.84421062778,0
S-A_canslim,2012-01-13,101399.84421062778,101399.84421062778,0
S-A_canslim,2012-01-17,101408.59786168791,91260.27786168792,1
S-A_canslim,2012-01-18,101510.69986168793,91260.27786168792,1
S-A_canslim,2012-01-19,101402.40986168792,91260.27786168792,1
S-A_canslim,2012-01-20,101346.71786168792,91260.27786168792,1
S-A_canslim,2012-01-23,101410.14486168792,91260.27786168792,1
S-A_canslim,2012-01-24,101436.44386168792,91260.27786168792,1
S-A_canslim,2012-01-25,101448.81986168792,91260.27786168792,1
S-A_canslim,2012-01-26,101328.15386168793,91260.27786168792,1
S-A_canslim,2012-01-27,101400.86286168793,91260.27786168792,1
S-A_canslim,2012-01-30,101461.19586168793,91260.27786168792,1
S-A_canslim,2012-01-31,101445.72586168793,91260.27786168792,1
S-A_canslim,2012-02-01,101574.12686168792,91260.27786168792,1
S-A_canslim,2012-02-02,101332.79486168793,91260.27786168792,1
S-A_canslim,2012-02-03,101501.41786168792,91260.27786168792,1
S-A_canslim,2012-02-06,101509.3404519179,61500.478451917894,4
S-A_canslim,2012-02-07,102125.1374519179,61500.478451917894,4
S-A_canslim,2012-02-08,102171.9134519179,61500.478451917894,4
S-A_canslim,2012-02-09,102275.49145191789,61500.478451917894,4
S-A_canslim,2012-02-10,102068.76545191789,61500.478451917894,4
S-A_canslim,2012-02-13,102600.48845191789,61500.478451917894,4
S-A_canslim,2012-02-14,102707.07845191789,61500.478451917894,4
S-A_canslim,2012-02-15,102383.6014519179,61500.478451917894,4
S-A_canslim,2012-02-16,102804.0194519179,61500.478451917894,4
S-A_canslim,2012-02-17,102675.9444519179,61500.478451917894,4
S-A_canslim,2012-02-21,102805.72245191789,61500.478451917894,4
S-A_canslim,2012-02-22,103076.70845191789,61500.478451917894,4
S-A_canslim,2012-02-23,103536.75845191789,61500.478451917894,4
S-A_canslim,2012-02-24,103513.70145191789,61500.478451917894,4
S-A_canslim,2012-02-27,103957.2854519179,61500.478451917894,4
S-A_canslim,2012-02-28,103727.28445191789,61500.478451917894,4
S-A_canslim,2012-02-29,103432.55645191789,61500.478451917894,4
S-A_canslim,2012-03-01,103737.2964519179,61500.478451917894,4
S-A_canslim,2012-03-02,103163.8584519179,61500.478451917894,4
S-A_canslim,2012-03-05,103563.2664519179,61500.478451917894,4
S-A_canslim,2012-03-06,102859.1494519179,61500.478451917894,4
S-A_canslim,2012-03-07,103438.5364519179,61500.478451917894,4
S-A_canslim,2012-03-08,103896.3874519179,61500.478451917894,4
S-A_canslim,2012-03-09,104220.0814519179,61500.478451917894,4
S-A_canslim,2012-03-12,104174.92345191789,61500.478451917894,4
S-A_canslim,2012-03-13,104698.3734519179,61500.478451917894,4
S-A_canslim,2012-03-14,104345.87945191789,61500.478451917894,4
S-A_canslim,2012-03-15,104907.2884519179,61500.478451917894,4
S-A_canslim,2012-03-16,104682.47745191789,61500.478451917894,4
S-A_canslim,2012-03-19,105017.96245191789,61500.478451917894,4
S-A_canslim,2012-03-20,105075.3684519179,61500.478451917894,4
S-A_canslim,2012-03-21,105469.1424519179,61500.478451917894,4
S-A_canslim,2012-03-22,105487.15145191789,61500.478451917894,4
S-A_canslim,2012-03-23,105479.03445191789,61500.478451917894,4
S-A_canslim,2012-03-26,106689.23034553597,50958.25234553598,5
S-A_canslim,2012-03-27,106050.41134553598,50958.25234553598,5
S-A_canslim,2012-03-28,105749.78134553597,50958.25234553598,5
S-A_canslim,2012-03-29,105732.16534553598,50958.25234553598,5
S-A_canslim,2012-03-30,105628.74734553599,50958.25234553598,5
S-A_canslim,2012-04-02,105946.83436113424,40417.62036113425,6
S-A_canslim,2012-04-03,105899.23536113424,40417.62036113425,6
S-A_canslim,2012-04-04,105421.44036113424,40417.62036113425,6
S-A_canslim,2012-04-05,105905.57236113425,40417.62036113425,6
S-A_canslim,2012-04-09,105169.95936113424,40417.62036113425,6
S-A_canslim,2012-04-10,104061.77881897424,50535.19481897425,5
S-A_canslim,2012-04-11,104636.48381897426,50535.19481897425,5
S-A_canslim,2012-04-12,105713.84762014306,62666.22062014307,4
S-A_canslim,2012-04-13,105513.69762014307,62666.22062014307,4
S-A_canslim,2012-04-16,105156.85062014306,62666.22062014307,4
S-A_canslim,2012-04-17,105833.05162014306,62666.22062014307,4
S-A_canslim,2012-04-18,105890.25562014307,62666.22062014307,4
S-A_canslim,2012-04-19,105859.37562014307,62666.22062014307,4
S-A_canslim,2012-04-20,105711.25862014307,62666.22062014307,4
S-A_canslim,2012-04-23,105503.45062014306,62666.22062014307,4
S-A_canslim,2012-04-24,105032.39662014306,62666.22062014307,4
S-A_canslim,2012-04-25,105490.35775462305,73738.52275462306,3
S-A_canslim,2012-04-26,104554.00843927689,83052.27743927689,2
S-A_canslim,2012-04-27,104704.85143927688,83052.27743927689,2
S-A_canslim,2012-04-30,104542.2064392769,83052.27743927689,2
S-A_canslim,2012-05-01,104597.6874392769,83052.27743927689,2
S-A_canslim,2012-05-02,104671.3654392769,83052.27743927689,2
S-A_canslim,2012-05-03,104405.06843927689,83052.27743927689,2
S-A_canslim,2012-05-04,103983.47843927689,83052.27743927689,2
S-A_canslim,2012-05-07,103519.6724392769,83052.27743927689,2
S-A_canslim,2012-05-08,103282.34266973007,92722.06766973008,1
S-A_canslim,2012-05-09,103146.44940732466,103146.44940732466,0
S-A_canslim,2012-05-10,103146.44940732466,103146.44940732466,0
S-A_canslim,2012-05-11,103146.44940732466,103146.44940732466,0
S-A_canslim,2012-05-14,103146.44940732466,103146.44940732466,0
S-A_canslim,2012-05-15,103146.44940732466,103146.44940732466,0
S-A_canslim,2012-05-16,103146.44940732466,103146.44940732466,0
S-A_canslim,2012-05-17,103146.44940732466,103146.44940732466,0
S-A_canslim,2012-05-18,103146.44940732466,103146.44940732466,0
S-A_canslim,2012-05-21,103146.44940732466,103146.44940732466,0
S-A_canslim,2012-05-22,103146.44940732466,103146.44940732466,0
S-A_canslim,2012-05-23,103146.44940732466,103146.44940732466,0
S-A_canslim,2012-05-24,103146.44940732466,103146.44940732466,0
S-A_canslim,2012-05-25,103146.44940732466,103146.44940732466,0
S-A_canslim,2012-05-29,103146.44940732466,103146.44940732466,0
S-A_canslim,2012-05-30,103146.44940732466,103146.44940732466,0
S-A_canslim,2012-05-31,103146.44940732466,103146.44940732466,0
S-A_canslim,2012-06-01,103146.44940732466,103146.44940732466,0
S-A_canslim,2012-06-04,103146.44940732466,103146.44940732466,0
S-A_canslim,2012-06-05,103146.44940732466,103146.44940732466,0
S-A_canslim,2012-06-06,103146.44940732466,103146.44940732466,0
S-A_canslim,2012-06-07,103146.44940732466,103146.44940732466,0
S-A_canslim,2012-06-08,103146.44940732466,103146.44940732466,0
S-A_canslim,2012-06-11,103146.44940732466,103146.44940732466,0
S-A_canslim,2012-06-12,103146.44940732466,103146.44940732466,0
S-A_canslim,2012-06-13,103146.44940732466,103146.44940732466,0
S-A_canslim,2012-06-14,103146.44940732466,103146.44940732466,0
S-A_canslim,2012-06-15,103146.44940732466,103146.44940732466,0
S-A_canslim,2012-06-18,103146.44940732466,103146.44940732466,0
S-A_canslim,2012-06-19,103146.44940732466,103146.44940732466,0
S-A_canslim,2012-06-20,103146.44940732466,103146.44940732466,0
S-A_canslim,2012-06-21,103146.44940732466,103146.44940732466,0
S-A_canslim,2012-06-22,103146.44940732466,103146.44940732466,0
S-A_canslim,2012-06-25,103146.44940732466,103146.44940732466,0
S-A_canslim,2012-06-26,103146.44940732466,103146.44940732466,0
S-A_canslim,2012-06-27,103146.44940732466,103146.44940732466,0
S-A_canslim,2012-06-28,103146.44940732466,103146.44940732466,0
S-A_canslim,2012-06-29,103146.44940732466,103146.44940732466,0
S-A_canslim,2012-07-02,103146.44940732466,103146.44940732466,0
S-A_canslim,2012-07-03,103146.44940732466,103146.44940732466,0
S-A_canslim,2012-07-05,103146.44940732466,103146.44940732466,0
S-A_canslim,2012-07-06,103146.44940732466,103146.44940732466,0
S-A_canslim,2012-07-09,103146.44940732466,103146.44940732466,0
S-A_canslim,2012-07-10,103146.44940732466,103146.44940732466,0
S-A_canslim,2012-07-11,103146.44940732466,103146.44940732466,0
S-A_canslim,2012-07-12,103146.44940732466,103146.44940732466,0
S-A_canslim,2012-07-13,103146.44940732466,103146.44940732466,0
S-A_canslim,2012-07-16,103146.44940732466,103146.44940732466,0
S-A_canslim,2012-07-17,103146.44940732466,103146.44940732466,0
S-A_canslim,2012-07-18,103146.44940732466,103146.44940732466,0
S-A_canslim,2012-07-19,103146.44940732466,103146.44940732466,0
S-A_canslim,2012-07-20,103146.44940732466,103146.44940732466,0
S-A_canslim,2012-07-23,103146.44940732466,103146.44940732466,0
S-A_canslim,2012-07-24,103146.44940732466,103146.44940732466,0
S-A_canslim,2012-07-25,103146.44940732466,103146.44940732466,0
S-A_canslim,2012-07-26,103146.44940732466,103146.44940732466,0
S-A_canslim,2012-07-27,103146.44940732466,103146.44940732466,0
S-A_canslim,2012-07-30,103146.44940732466,103146.44940732466,0
S-A_canslim,2012-07-31,103146.44940732466,103146.44940732466,0
S-A_canslim,2012-08-01,103146.44940732466,103146.44940732466,0
S-A_canslim,2012-08-02,103146.44940732466,103146.44940732466,0
S-A_canslim,2012-08-03,103146.44940732466,103146.44940732466,0
S-A_canslim,2012-08-06,103146.44940732466,103146.44940732466,0
S-A_canslim,2012-08-07,103146.44940732466,103146.44940732466,0
S-A_canslim,2012-08-08,103146.44940732466,103146.44940732466,0
S-A_canslim,2012-08-09,103146.44940732466,103146.44940732466,0
S-A_canslim,2012-08-10,103146.44940732466,103146.44940732466,0
S-A_canslim,2012-08-13,103146.44940732466,103146.44940732466,0
S-A_canslim,2012-08-14,103146.44940732466,103146.44940732466,0
S-A_canslim,2012-08-15,103146.44940732466,103146.44940732466,0
S-A_canslim,2012-08-16,103146.44940732466,103146.44940732466,0
S-A_canslim,2012-08-17,103146.44940732466,103146.44940732466,0
S-A_canslim,2012-08-20,103039.81461167321,92882.7026116732,1
S-A_canslim,2012-08-21,103061.4236116732,92882.7026116732,1
S-A_canslim,2012-08-22,103072.8896116732,92882.7026116732,1
S-A_canslim,2012-08-23,103011.1496116732,92882.7026116732,1
S-A_canslim,2012-08-24,103074.2126116732,92882.7026116732,1
S-A_canslim,2012-08-27,103054.2206116732,92882.7026116732,1
S-A_canslim,2012-08-28,103008.2096116732,92882.7026116732,1
S-A_canslim,2012-08-29,103047.0176116732,92882.7026116732,1
S-A_canslim,2012-08-30,103046.2826116732,92882.7026116732,1
S-A_canslim,2012-08-31,103064.2166116732,92882.7026116732,1
S-A_canslim,2012-09-04,103146.0956116732,92882.7026116732,1
S-A_canslim,2012-09-05,103071.4196116732,92882.7026116732,1
S-A_canslim,2012-09-06,103124.4866116732,92882.7026116732,1
S-A_canslim,2012-09-07,103138.8926116732,92882.7026116732,1
S-A_canslim,2012-09-10,103148.8886116732,92882.7026116732,1
S-A_canslim,2012-09-11,103171.9676116732,92882.7026116732,1
S-A_canslim,2012-09-12,102960.8756116732,92882.7026116732,1
S-A_canslim,2012-09-13,102937.9436116732,92882.7026116732,1
S-A_canslim,2012-09-14,102744.0506116732,92882.7026116732,1
S-A_canslim,2012-09-17,102675.1076116732,92882.7026116732,1
S-A_canslim,2012-09-18,102627.7736116732,92882.7026116732,1
S-A_canslim,2012-09-19,102820.19661167321,92882.7026116732,1
S-A_canslim,2012-09-20,102769.9226116732,92882.7026116732,1
S-A_canslim,2012-09-21,102702.4496116732,92882.7026116732,1
S-A_canslim,2012-09-24,102688.0436116732,92882.7026116732,1
S-A_canslim,2012-09-25,102693.1886116732,92882.7026116732,1
S-A_canslim,2012-09-26,102652.1756116732,92882.7026116732,1
S-A_canslim,2012-09-27,102738.3176116732,92882.7026116732,1
S-A_canslim,2012-09-28,102785.65161167321,92882.7026116732,1
S-A_canslim,2012-10-01,102581.9096116732,92882.7026116732,1
S-A_canslim,2012-10-02,102723.9116116732,92882.7026116732,1
S-A_canslim,2012-10-03,102751.2536116732,92882.7026116732,1
S-A_canslim,2012-10-04,102581.9096116732,92882.7026116732,1
S-A_canslim,2012-10-05,102703.9196116732,92882.7026116732,1
S-A_canslim,2012-10-08,103039.81461167321,92882.7026116732,1
S-A_canslim,2012-10-09,102922.0676116732,92882.7026116732,1
S-A_canslim,2012-10-10,102956.6126116732,92882.7026116732,1
S-A_canslim,2012-10-11,102881.9366116732,92882.7026116732,1
S-A_canslim,2012-10-12,102838.8656116732,92882.7026116732,1
S-A_canslim,2012-10-15,102861.7976116732,92882.7026116732,1
S-A_canslim,2012-10-16,102862.3856116732,92882.7026116732,1
S-A_canslim,2012-10-17,102836.0919240082,102836.0919240082,0
S-A_canslim,2012-10-18,102836.0919240082,102836.0919240082,0
S-A_canslim,2012-10-19,102836.0919240082,102836.0919240082,0
S-A_canslim,2012-10-22,102836.0919240082,102836.0919240082,0
S-A_canslim,2012-10-23,102836.0919240082,102836.0919240082,0
S-A_canslim,2012-10-24,102836.0919240082,102836.0919240082,0
S-A_canslim,2012-10-25,102836.0919240082,102836.0919240082,0
S-A_canslim,2012-10-26,102836.0919240082,102836.0919240082,0
S-A_canslim,2012-10-31,102836.0919240082,102836.0919240082,0
S-A_canslim,2012-11-01,102836.0919240082,102836.0919240082,0
S-A_canslim,2012-11-02,102836.0919240082,102836.0919240082,0
S-A_canslim,2012-11-05,102836.0919240082,102836.0919240082,0
S-A_canslim,2012-11-06,102836.0919240082,102836.0919240082,0
S-A_canslim,2012-11-07,102836.0919240082,102836.0919240082,0
S-A_canslim,2012-11-08,102836.0919240082,102836.0919240082,0
S-A_canslim,2012-11-09,102836.0919240082,102836.0919240082,0
S-A_canslim,2012-11-12,102836.0919240082,102836.0919240082,0
S-A_canslim,2012-11-13,102836.0919240082,102836.0919240082,0
S-A_canslim,2012-11-14,102836.0919240082,102836.0919240082,0
S-A_canslim,2012-11-15,102836.0919240082,102836.0919240082,0
S-A_canslim,2012-11-16,102836.0919240082,102836.0919240082,0
S-A_canslim,2012-11-19,102836.0919240082,102836.0919240082,0
S-A_canslim,2012-11-20,102836.0919240082,102836.0919240082,0
S-A_canslim,2012-11-21,102836.0919240082,102836.0919240082,0
S-A_canslim,2012-11-23,102836.0919240082,102836.0919240082,0
S-A_canslim,2012-11-26,102836.0919240082,102836.0919240082,0
S-A_canslim,2012-11-27,102836.0919240082,102836.0919240082,0
S-A_canslim,2012-11-28,102836.0919240082,102836.0919240082,0
S-A_canslim,2012-11-29,102836.0919240082,102836.0919240082,0
S-A_canslim,2012-11-30,102836.0919240082,102836.0919240082,0
S-A_canslim,2012-12-03,102836.0919240082,102836.0919240082,0
S-A_canslim,2012-12-04,102836.0919240082,102836.0919240082,0
S-A_canslim,2012-12-05,102836.0919240082,102836.0919240082,0
S-A_canslim,2012-12-06,102836.0919240082,102836.0919240082,0
S-A_canslim,2012-12-07,102836.0919240082,102836.0919240082,0
S-A_canslim,2012-12-10,102836.0919240082,102836.0919240082,0
S-A_canslim,2012-12-11,102836.0919240082,102836.0919240082,0
S-A_canslim,2012-12-12,102836.0919240082,102836.0919240082,0
S-A_canslim,2012-12-13,102836.0919240082,102836.0919240082,0
S-A_canslim,2012-12-14,102836.0919240082,102836.0919240082,0
S-A_canslim,2012-12-17,102836.0919240082,102836.0919240082,0
S-A_canslim,2012-12-18,102836.0919240082,102836.0919240082,0
S-A_canslim,2012-12-19,102836.0919240082,102836.0919240082,0
S-A_canslim,2012-12-20,102836.0919240082,102836.0919240082,0
S-A_canslim,2012-12-21,102836.0919240082,102836.0919240082,0
S-A_canslim,2012-12-24,102836.0919240082,102836.0919240082,0
S-A_canslim,2012-12-26,102836.0919240082,102836.0919240082,0
S-A_canslim,2012-12-27,102836.0919240082,102836.0919240082,0
S-A_canslim,2012-12-28,102836.0919240082,102836.0919240082,0
S-A_canslim,2012-12-31,102836.0919240082,102836.0919240082,0
S-A_canslim,2013-01-02,102836.0919240082,102836.0919240082,0
S-A_canslim,2013-01-03,102836.0919240082,102836.0919240082,0
S-A_canslim,2013-01-04,102836.0919240082,102836.0919240082,0
S-A_canslim,2013-01-07,102836.0919240082,102836.0919240082,0
S-A_canslim,2013-01-08,102836.0919240082,102836.0919240082,0
S-A_canslim,2013-01-09,102836.0919240082,102836.0919240082,0
S-A_canslim,2013-01-10,102836.0919240082,102836.0919240082,0
S-A_canslim,2013-01-11,102836.0919240082,102836.0919240082,0
S-A_canslim,2013-01-14,102836.0919240082,102836.0919240082,0
S-A_canslim,2013-01-15,102836.0919240082,102836.0919240082,0
S-A_canslim,2013-01-16,102836.0919240082,102836.0919240082,0
S-A_canslim,2013-01-17,102836.0919240082,102836.0919240082,0
S-A_canslim,2013-01-18,102836.0919240082,102836.0919240082,0
S-A_canslim,2013-01-22,102836.0919240082,102836.0919240082,0
S-A_canslim,2013-01-23,102836.0919240082,102836.0919240082,0
S-A_canslim,2013-01-24,102836.0919240082,102836.0919240082,0
S-A_canslim,2013-01-25,102836.0919240082,102836.0919240082,0
S-A_canslim,2013-01-28,102836.0919240082,102836.0919240082,0
S-A_canslim,2013-01-29,102836.0919240082,102836.0919240082,0
S-A_canslim,2013-01-30,102836.0919240082,102836.0919240082,0
S-A_canslim,2013-01-31,102836.0919240082,102836.0919240082,0
S-A_canslim,2013-02-01,102836.0919240082,102836.0919240082,0
S-A_canslim,2013-02-04,102836.0919240082,102836.0919240082,0
S-A_canslim,2013-02-05,102836.0919240082,102836.0919240082,0
S-A_canslim,2013-02-06,102836.0919240082,102836.0919240082,0
S-A_canslim,2013-02-07,102836.0919240082,102836.0919240082,0
S-A_canslim,2013-02-08,102836.0919240082,102836.0919240082,0
S-A_canslim,2013-02-11,102836.0919240082,102836.0919240082,0
S-A_canslim,2013-02-12,102836.0919240082,102836.0919240082,0
S-A_canslim,2013-02-13,102836.0919240082,102836.0919240082,0
S-A_canslim,2013-02-14,102836.0919240082,102836.0919240082,0
S-A_canslim,2013-02-15,102836.0919240082,102836.0919240082,0
S-A_canslim,2013-02-19,102836.0919240082,102836.0919240082,0
S-A_canslim,2013-02-20,102836.0919240082,102836.0919240082,0
S-A_canslim,2013-02-21,102836.0919240082,102836.0919240082,0
S-A_canslim,2013-02-22,102836.0919240082,102836.0919240082,0
S-A_canslim,2013-02-25,102836.0919240082,102836.0919240082,0
S-A_canslim,2013-02-26,102836.0919240082,102836.0919240082,0
S-A_canslim,2013-02-27,102836.0919240082,102836.0919240082,0
S-A_canslim,2013-02-28,102836.0919240082,102836.0919240082,0
S-A_canslim,2013-03-01,102836.0919240082,102836.0919240082,0
S-A_canslim,2013-03-04,102836.0919240082,102836.0919240082,0
S-A_canslim,2013-03-05,102836.0919240082,102836.0919240082,0
S-A_canslim,2013-03-06,102836.0919240082,102836.0919240082,0
S-A_canslim,2013-03-07,102836.0919240082,102836.0919240082,0
S-A_canslim,2013-03-08,102836.0919240082,102836.0919240082,0
S-A_canslim,2013-03-11,102836.0919240082,102836.0919240082,0
S-A_canslim,2013-03-12,102836.0919240082,102836.0919240082,0
S-A_canslim,2013-03-13,102836.0919240082,102836.0919240082,0
S-A_canslim,2013-03-14,102836.0919240082,102836.0919240082,0
S-A_canslim,2013-03-15,102836.0919240082,102836.0919240082,0
S-A_canslim,2013-03-18,102836.0919240082,102836.0919240082,0
S-A_canslim,2013-03-19,102836.0919240082,102836.0919240082,0
S-A_canslim,2013-03-20,102836.0919240082,102836.0919240082,0
S-A_canslim,2013-03-21,102836.0919240082,102836.0919240082,0
S-A_canslim,2013-03-22,102836.0919240082,102836.0919240082,0
S-A_canslim,2013-03-25,102836.0919240082,102836.0919240082,0
S-A_canslim,2013-03-26,102836.0919240082,102836.0919240082,0
S-A_canslim,2013-03-27,102836.0919240082,102836.0919240082,0
S-A_canslim,2013-03-28,102836.0919240082,102836.0919240082,0
S-A_canslim,2013-04-01,102836.0919240082,102836.0919240082,0
S-A_canslim,2013-04-02,102836.0919240082,102836.0919240082,0
S-A_canslim,2013-04-03,102836.0919240082,102836.0919240082,0
S-A_canslim,2013-04-04,102836.0919240082,102836.0919240082,0
S-A_canslim,2013-04-05,102836.0919240082,102836.0919240082,0
S-A_canslim,2013-04-08,102836.0919240082,102836.0919240082,0
S-A_canslim,2013-04-09,102836.0919240082,102836.0919240082,0
S-A_canslim,2013-04-10,102836.0919240082,102836.0919240082,0
S-A_canslim,2013-04-11,102836.0919240082,102836.0919240082,0
S-A_canslim,2013-04-12,102836.0919240082,102836.0919240082,0
S-A_canslim,2013-04-15,102836.0919240082,102836.0919240082,0
S-A_canslim,2013-04-16,102836.0919240082,102836.0919240082,0
S-A_canslim,2013-04-17,102836.0919240082,102836.0919240082,0
S-A_canslim,2013-04-18,102836.0919240082,102836.0919240082,0
S-A_canslim,2013-04-19,102836.0919240082,102836.0919240082,0
S-A_canslim,2013-04-22,102836.0919240082,102836.0919240082,0
S-A_canslim,2013-04-23,102836.0919240082,102836.0919240082,0
S-A_canslim,2013-04-24,102836.0919240082,102836.0919240082,0
S-A_canslim,2013-04-25,102836.0919240082,102836.0919240082,0
S-A_canslim,2013-04-26,102836.0919240082,102836.0919240082,0
S-A_canslim,2013-04-29,102836.0919240082,102836.0919240082,0
S-A_canslim,2013-04-30,102836.0919240082,102836.0919240082,0
S-A_canslim,2013-05-01,102836.0919240082,102836.0919240082,0
S-A_canslim,2013-05-02,102836.0919240082,102836.0919240082,0
S-A_canslim,2013-05-03,102836.0919240082,102836.0919240082,0
S-A_canslim,2013-05-06,102836.0919240082,102836.0919240082,0
S-A_canslim,2013-05-07,102836.0919240082,102836.0919240082,0
S-A_canslim,2013-05-08,102836.0919240082,102836.0919240082,0
S-A_canslim,2013-05-09,102836.0919240082,102836.0919240082,0
S-A_canslim,2013-05-10,102836.0919240082,102836.0919240082,0
S-A_canslim,2013-05-13,102836.0919240082,102836.0919240082,0
S-A_canslim,2013-05-14,102836.0919240082,102836.0919240082,0
S-A_canslim,2013-05-15,102836.0919240082,102836.0919240082,0
S-A_canslim,2013-05-16,102836.0919240082,102836.0919240082,0
S-A_canslim,2013-05-17,102836.0919240082,102836.0919240082,0
S-A_canslim,2013-05-20,102836.0919240082,102836.0919240082,0
S-A_canslim,2013-05-21,102836.0919240082,102836.0919240082,0
S-A_canslim,2013-05-22,102836.0919240082,102836.0919240082,0
S-A_canslim,2013-05-23,102836.0919240082,102836.0919240082,0
S-A_canslim,2013-05-24,102836.0919240082,102836.0919240082,0
S-A_canslim,2013-05-28,102836.0919240082,102836.0919240082,0
S-A_canslim,2013-05-29,102836.0919240082,102836.0919240082,0
S-A_canslim,2013-05-30,102836.0919240082,102836.0919240082,0
S-A_canslim,2013-05-31,102836.0919240082,102836.0919240082,0
S-A_canslim,2013-06-03,102836.0919240082,102836.0919240082,0
S-A_canslim,2013-06-04,102836.0919240082,102836.0919240082,0
S-A_canslim,2013-06-05,102836.0919240082,102836.0919240082,0
S-A_canslim,2013-06-06,102836.0919240082,102836.0919240082,0
S-A_canslim,2013-06-07,102836.0919240082,102836.0919240082,0
S-A_canslim,2013-06-10,102836.0919240082,102836.0919240082,0
S-A_canslim,2013-06-11,102836.0919240082,102836.0919240082,0
S-A_canslim,2013-06-12,102836.0919240082,102836.0919240082,0
S-A_canslim,2013-06-13,102836.0919240082,102836.0919240082,0
S-A_canslim,2013-06-14,102836.0919240082,102836.0919240082,0
S-A_canslim,2013-06-17,102836.0919240082,102836.0919240082,0
S-A_canslim,2013-06-18,102836.0919240082,102836.0919240082,0
S-A_canslim,2013-06-19,102836.0919240082,102836.0919240082,0
S-A_canslim,2013-06-20,102836.0919240082,102836.0919240082,0
S-A_canslim,2013-06-21,102836.0919240082,102836.0919240082,0
S-A_canslim,2013-06-24,102836.0919240082,102836.0919240082,0
S-A_canslim,2013-06-25,102836.0919240082,102836.0919240082,0
S-A_canslim,2013-06-26,102836.0919240082,102836.0919240082,0
S-A_canslim,2013-06-27,102836.0919240082,102836.0919240082,0
S-A_canslim,2013-06-28,102836.0919240082,102836.0919240082,0
S-A_canslim,2013-07-01,102836.0919240082,102836.0919240082,0
S-A_canslim,2013-07-02,102836.0919240082,102836.0919240082,0
S-A_canslim,2013-07-03,102836.0919240082,102836.0919240082,0
S-A_canslim,2013-07-05,102836.0919240082,102836.0919240082,0
S-A_canslim,2013-07-08,102836.0919240082,102836.0919240082,0
S-A_canslim,2013-07-09,102836.0919240082,102836.0919240082,0
S-A_canslim,2013-07-10,102836.0919240082,102836.0919240082,0
S-A_canslim,2013-07-11,102836.0919240082,102836.0919240082,0
S-A_canslim,2013-07-12,102836.0919240082,102836.0919240082,0
S-A_canslim,2013-07-15,102836.0919240082,102836.0919240082,0
S-A_canslim,2013-07-16,102836.0919240082,102836.0919240082,0
S-A_canslim,2013-07-17,102836.0919240082,102836.0919240082,0
S-A_canslim,2013-07-18,102836.0919240082,102836.0919240082,0
S-A_canslim,2013-07-19,102836.0919240082,102836.0919240082,0
S-A_canslim,2013-07-22,102836.0919240082,102836.0919240082,0
S-A_canslim,2013-07-23,102836.0919240082,102836.0919240082,0
S-A_canslim,2013-07-24,102836.0919240082,102836.0919240082,0
S-A_canslim,2013-07-25,102836.0919240082,102836.0919240082,0
S-A_canslim,2013-07-26,102836.0919240082,102836.0919240082,0
S-A_canslim,2013-07-29,102836.0919240082,102836.0919240082,0
S-A_canslim,2013-07-30,102836.0919240082,102836.0919240082,0
S-A_canslim,2013-07-31,102836.0919240082,102836.0919240082,0
S-A_canslim,2013-08-01,102836.0919240082,102836.0919240082,0
S-A_canslim,2013-08-02,102836.0919240082,102836.0919240082,0
S-A_canslim,2013-08-05,102836.0919240082,102836.0919240082,0
S-A_canslim,2013-08-06,102836.0919240082,102836.0919240082,0
S-A_canslim,2013-08-07,102836.0919240082,102836.0919240082,0
S-A_canslim,2013-08-08,102836.0919240082,102836.0919240082,0
S-A_canslim,2013-08-09,102836.0919240082,102836.0919240082,0
S-A_canslim,2013-08-12,102836.0919240082,102836.0919240082,0
S-A_canslim,2013-08-13,102836.0919240082,102836.0919240082,0
S-A_canslim,2013-08-14,102836.0919240082,102836.0919240082,0
S-A_canslim,2013-08-15,102836.0919240082,102836.0919240082,0
S-A_canslim,2013-08-16,102836.0919240082,102836.0919240082,0
S-A_canslim,2013-08-19,102836.0919240082,102836.0919240082,0
S-A_canslim,2013-08-20,102836.0919240082,102836.0919240082,0
S-A_canslim,2013-08-21,102836.0919240082,102836.0919240082,0
S-A_canslim,2013-08-22,102836.0919240082,102836.0919240082,0
S-A_canslim,2013-08-23,102836.0919240082,102836.0919240082,0
S-A_canslim,2013-08-26,102836.0919240082,102836.0919240082,0
S-A_canslim,2013-08-27,102836.0919240082,102836.0919240082,0
S-A_canslim,2013-08-28,102836.0919240082,102836.0919240082,0
S-A_canslim,2013-08-29,102836.0919240082,102836.0919240082,0
S-A_canslim,2013-08-30,102836.0919240082,102836.0919240082,0
S-A_canslim,2013-09-03,102836.0919240082,102836.0919240082,0
S-A_canslim,2013-09-04,102836.0919240082,102836.0919240082,0
S-A_canslim,2013-09-05,102836.0919240082,102836.0919240082,0
S-A_canslim,2013-09-06,102836.0919240082,102836.0919240082,0
S-A_canslim,2013-09-09,102836.0919240082,102836.0919240082,0
S-A_canslim,2013-09-10,102836.0919240082,102836.0919240082,0
S-A_canslim,2013-09-11,102836.0919240082,102836.0919240082,0
S-A_canslim,2013-09-12,102836.0919240082,102836.0919240082,0
S-A_canslim,2013-09-13,102836.0919240082,102836.0919240082,0
S-A_canslim,2013-09-16,102836.0919240082,102836.0919240082,0
S-A_canslim,2013-09-17,102836.0919240082,102836.0919240082,0
S-A_canslim,2013-09-18,102836.0919240082,102836.0919240082,0
S-A_canslim,2013-09-19,102836.0919240082,102836.0919240082,0
S-A_canslim,2013-09-20,102836.0919240082,102836.0919240082,0
S-A_canslim,2013-09-23,102836.0919240082,102836.0919240082,0
S-A_canslim,2013-09-24,102836.0919240082,102836.0919240082,0
S-A_canslim,2013-09-25,102836.0919240082,102836.0919240082,0
S-A_canslim,2013-09-26,102836.0919240082,102836.0919240082,0
S-A_canslim,2013-09-27,102836.0919240082,102836.0919240082,0
S-A_canslim,2013-09-30,102836.0919240082,102836.0919240082,0
S-A_canslim,2013-10-01,102836.0919240082,102836.0919240082,0
S-A_canslim,2013-10-02,102836.0919240082,102836.0919240082,0
S-A_canslim,2013-10-03,102836.0919240082,102836.0919240082,0
S-A_canslim,2013-10-04,102836.0919240082,102836.0919240082,0
S-A_canslim,2013-10-07,102836.0919240082,102836.0919240082,0
S-A_canslim,2013-10-08,102836.0919240082,102836.0919240082,0
S-A_canslim,2013-10-09,102836.0919240082,102836.0919240082,0
S-A_canslim,2013-10-10,102836.0919240082,102836.0919240082,0
S-A_canslim,2013-10-11,102836.0919240082,102836.0919240082,0
S-A_canslim,2013-10-14,102836.0919240082,102836.0919240082,0
S-A_canslim,2013-10-15,102836.0919240082,102836.0919240082,0
S-A_canslim,2013-10-16,102836.0919240082,102836.0919240082,0
S-A_canslim,2013-10-17,102836.0919240082,102836.0919240082,0
S-A_canslim,2013-10-18,102836.0919240082,102836.0919240082,0
S-A_canslim,2013-10-21,102836.0919240082,102836.0919240082,0
S-A_canslim,2013-10-22,102836.0919240082,102836.0919240082,0
S-A_canslim,2013-10-23,102836.0919240082,102836.0919240082,0
S-A_canslim,2013-10-24,102836.0919240082,102836.0919240082,0
S-A_canslim,2013-10-25,102836.0919240082,102836.0919240082,0
S-A_canslim,2013-10-28,102836.0919240082,102836.0919240082,0
S-A_canslim,2013-10-29,102836.0919240082,102836.0919240082,0
S-A_canslim,2013-10-30,102836.0919240082,102836.0919240082,0
S-A_canslim,2013-10-31,102836.0919240082,102836.0919240082,0
S-A_canslim,2013-11-01,102836.0919240082,102836.0919240082,0
S-A_canslim,2013-11-04,102836.0919240082,102836.0919240082,0
S-A_canslim,2013-11-05,102836.0919240082,102836.0919240082,0
S-A_canslim,2013-11-06,102836.0919240082,102836.0919240082,0
S-A_canslim,2013-11-07,102836.0919240082,102836.0919240082,0
S-A_canslim,2013-11-08,102836.0919240082,102836.0919240082,0
S-A_canslim,2013-11-11,102836.0919240082,102836.0919240082,0
S-A_canslim,2013-11-12,102836.0919240082,102836.0919240082,0
S-A_canslim,2013-11-13,102836.0919240082,102836.0919240082,0
S-A_canslim,2013-11-14,102836.0919240082,102836.0919240082,0
S-A_canslim,2013-11-15,102836.0919240082,102836.0919240082,0
S-A_canslim,2013-11-18,102836.0919240082,102836.0919240082,0
S-A_canslim,2013-11-19,102836.0919240082,102836.0919240082,0
S-A_canslim,2013-11-20,102836.0919240082,102836.0919240082,0
S-A_canslim,2013-11-21,102836.0919240082,102836.0919240082,0
S-A_canslim,2013-11-22,102836.0919240082,102836.0919240082,0
S-A_canslim,2013-11-25,102836.0919240082,102836.0919240082,0
S-A_canslim,2013-11-26,102836.0919240082,102836.0919240082,0
S-A_canslim,2013-11-27,102836.0919240082,102836.0919240082,0
S-A_canslim,2013-11-29,102836.0919240082,102836.0919240082,0
S-A_canslim,2013-12-02,102836.0919240082,102836.0919240082,0
S-A_canslim,2013-12-03,102836.0919240082,102836.0919240082,0
S-A_canslim,2013-12-04,102836.0919240082,102836.0919240082,0
S-A_canslim,2013-12-05,102836.0919240082,102836.0919240082,0
S-A_canslim,2013-12-06,102836.0919240082,102836.0919240082,0
S-A_canslim,2013-12-09,102836.0919240082,102836.0919240082,0
S-A_canslim,2013-12-10,102836.0919240082,102836.0919240082,0
S-A_canslim,2013-12-11,102836.0919240082,102836.0919240082,0
S-A_canslim,2013-12-12,102836.0919240082,102836.0919240082,0
S-A_canslim,2013-12-13,102836.0919240082,102836.0919240082,0
S-A_canslim,2013-12-16,102836.0919240082,102836.0919240082,0
S-A_canslim,2013-12-17,102836.0919240082,102836.0919240082,0
S-A_canslim,2013-12-18,102836.0919240082,102836.0919240082,0
S-A_canslim,2013-12-19,102836.0919240082,102836.0919240082,0
S-A_canslim,2013-12-20,102836.0919240082,102836.0919240082,0
S-A_canslim,2013-12-23,102836.0919240082,102836.0919240082,0
S-A_canslim,2013-12-24,102836.0919240082,102836.0919240082,0
S-A_canslim,2013-12-26,102836.0919240082,102836.0919240082,0
S-A_canslim,2013-12-27,102836.0919240082,102836.0919240082,0
S-A_canslim,2013-12-30,102836.0919240082,102836.0919240082,0
S-A_canslim,2013-12-31,102836.0919240082,102836.0919240082,0
S-A_canslim,2014-01-02,102836.0919240082,102836.0919240082,0
S-A_canslim,2014-01-03,102836.0919240082,102836.0919240082,0
S-A_canslim,2014-01-06,102836.0919240082,102836.0919240082,0
S-A_canslim,2014-01-07,102836.0919240082,102836.0919240082,0
S-A_canslim,2014-01-08,102836.0919240082,102836.0919240082,0
S-A_canslim,2014-01-09,102836.0919240082,102836.0919240082,0
S-A_canslim,2014-01-10,102836.0919240082,102836.0919240082,0
S-A_canslim,2014-01-13,102836.0919240082,102836.0919240082,0
S-A_canslim,2014-01-14,102836.0919240082,102836.0919240082,0
S-A_canslim,2014-01-15,102836.0919240082,102836.0919240082,0
S-A_canslim,2014-01-16,102836.0919240082,102836.0919240082,0
S-A_canslim,2014-01-17,102836.0919240082,102836.0919240082,0
S-A_canslim,2014-01-21,102836.0919240082,102836.0919240082,0
S-A_canslim,2014-01-22,102836.0919240082,102836.0919240082,0
S-A_canslim,2014-01-23,102836.0919240082,102836.0919240082,0
S-A_canslim,2014-01-24,102836.0919240082,102836.0919240082,0
S-A_canslim,2014-01-27,102836.0919240082,102836.0919240082,0
S-A_canslim,2014-01-28,102836.0919240082,102836.0919240082,0
S-A_canslim,2014-01-29,102836.0919240082,102836.0919240082,0
S-A_canslim,2014-01-30,102836.0919240082,102836.0919240082,0
S-A_canslim,2014-01-31,102836.0919240082,102836.0919240082,0
S-A_canslim,2014-02-03,102836.0919240082,102836.0919240082,0
S-A_canslim,2014-02-04,102836.0919240082,102836.0919240082,0
S-A_canslim,2014-02-05,102836.0919240082,102836.0919240082,0
S-A_canslim,2014-02-06,102836.0919240082,102836.0919240082,0
S-A_canslim,2014-02-07,102836.0919240082,102836.0919240082,0
S-A_canslim,2014-02-10,102836.0919240082,102836.0919240082,0
S-A_canslim,2014-02-11,102836.0919240082,102836.0919240082,0
S-A_canslim,2014-02-12,102836.0919240082,102836.0919240082,0
S-A_canslim,2014-02-13,102836.0919240082,102836.0919240082,0
S-A_canslim,2014-02-14,102836.0919240082,102836.0919240082,0
S-A_canslim,2014-02-18,102836.0919240082,102836.0919240082,0
S-A_canslim,2014-02-19,102836.0919240082,102836.0919240082,0
S-A_canslim,2014-02-20,102836.0919240082,102836.0919240082,0
S-A_canslim,2014-02-21,102836.0919240082,102836.0919240082,0
S-A_canslim,2014-02-24,102836.0919240082,102836.0919240082,0
S-A_canslim,2014-02-25,102836.0919240082,102836.0919240082,0
S-A_canslim,2014-02-26,102836.0919240082,102836.0919240082,0
S-A_canslim,2014-02-27,102836.0919240082,102836.0919240082,0
S-A_canslim,2014-02-28,102836.0919240082,102836.0919240082,0
S-A_canslim,2014-03-03,102836.0919240082,102836.0919240082,0
S-A_canslim,2014-03-04,102836.0919240082,102836.0919240082,0
S-A_canslim,2014-03-05,102836.0919240082,102836.0919240082,0
S-A_canslim,2014-03-06,102836.0919240082,102836.0919240082,0
S-A_canslim,2014-03-07,102836.0919240082,102836.0919240082,0
S-A_canslim,2014-03-10,102836.0919240082,102836.0919240082,0
S-A_canslim,2014-03-11,102836.0919240082,102836.0919240082,0
S-A_canslim,2014-03-12,102836.0919240082,102836.0919240082,0
S-A_canslim,2014-03-13,102836.0919240082,102836.0919240082,0
S-A_canslim,2014-03-14,102836.0919240082,102836.0919240082,0
S-A_canslim,2014-03-17,102836.0919240082,102836.0919240082,0
S-A_canslim,2014-03-18,102836.0919240082,102836.0919240082,0
S-A_canslim,2014-03-19,102836.0919240082,102836.0919240082,0
S-A_canslim,2014-03-20,102836.0919240082,102836.0919240082,0
S-A_canslim,2014-03-21,102836.0919240082,102836.0919240082,0
S-A_canslim,2014-03-24,102836.0919240082,102836.0919240082,0
S-A_canslim,2014-03-25,102836.0919240082,102836.0919240082,0
S-A_canslim,2014-03-26,102836.0919240082,102836.0919240082,0
S-A_canslim,2014-03-27,102836.0919240082,102836.0919240082,0
S-A_canslim,2014-03-28,102836.0919240082,102836.0919240082,0
S-A_canslim,2014-03-31,102836.0919240082,102836.0919240082,0
S-A_canslim,2014-04-01,102836.0919240082,102836.0919240082,0
S-A_canslim,2014-04-02,102836.0919240082,102836.0919240082,0
S-A_canslim,2014-04-03,102836.0919240082,102836.0919240082,0
S-A_canslim,2014-04-04,102836.0919240082,102836.0919240082,0
S-A_canslim,2014-04-07,102836.0919240082,102836.0919240082,0
S-A_canslim,2014-04-08,102836.0919240082,102836.0919240082,0
S-A_canslim,2014-04-09,102836.0919240082,102836.0919240082,0
S-A_canslim,2014-04-10,102836.0919240082,102836.0919240082,0
S-A_canslim,2014-04-11,102836.0919240082,102836.0919240082,0
S-A_canslim,2014-04-14,102836.0919240082,102836.0919240082,0
S-A_canslim,2014-04-15,102836.0919240082,102836.0919240082,0
S-A_canslim,2014-04-16,102836.0919240082,102836.0919240082,0
S-A_canslim,2014-04-17,102836.0919240082,102836.0919240082,0
S-A_canslim,2014-04-21,102836.0919240082,102836.0919240082,0
S-A_canslim,2014-04-22,102836.0919240082,102836.0919240082,0
S-A_canslim,2014-04-23,102836.0919240082,102836.0919240082,0
S-A_canslim,2014-04-24,102836.0919240082,102836.0919240082,0
S-A_canslim,2014-04-25,102836.0919240082,102836.0919240082,0
S-A_canslim,2014-04-28,102836.0919240082,102836.0919240082,0
S-A_canslim,2014-04-29,102836.0919240082,102836.0919240082,0
S-A_canslim,2014-04-30,102836.0919240082,102836.0919240082,0
S-A_canslim,2014-05-01,102836.0919240082,102836.0919240082,0
S-A_canslim,2014-05-02,102836.0919240082,102836.0919240082,0
S-A_canslim,2014-05-05,102836.0919240082,102836.0919240082,0
S-A_canslim,2014-05-06,102836.0919240082,102836.0919240082,0
S-A_canslim,2014-05-07,102836.0919240082,102836.0919240082,0
S-A_canslim,2014-05-08,102836.0919240082,102836.0919240082,0
S-A_canslim,2014-05-09,102836.0919240082,102836.0919240082,0
S-A_canslim,2014-05-12,102836.0919240082,102836.0919240082,0
S-A_canslim,2014-05-13,102836.0919240082,102836.0919240082,0
S-A_canslim,2014-05-14,102836.0919240082,102836.0919240082,0
S-A_canslim,2014-05-15,102836.0919240082,102836.0919240082,0
S-A_canslim,2014-05-16,102836.0919240082,102836.0919240082,0
S-A_canslim,2014-05-19,102836.0919240082,102836.0919240082,0
S-A_canslim,2014-05-20,102836.0919240082,102836.0919240082,0
S-A_canslim,2014-05-21,102836.0919240082,102836.0919240082,0
S-A_canslim,2014-05-22,102836.0919240082,102836.0919240082,0
S-A_canslim,2014-05-23,102836.0919240082,102836.0919240082,0
S-A_canslim,2014-05-27,102836.0919240082,102836.0919240082,0
S-A_canslim,2014-05-28,102836.0919240082,102836.0919240082,0
S-A_canslim,2014-05-29,102836.0919240082,102836.0919240082,0
S-A_canslim,2014-05-30,102836.0919240082,102836.0919240082,0
S-A_canslim,2014-06-02,102836.0919240082,102836.0919240082,0
S-A_canslim,2014-06-03,102836.0919240082,102836.0919240082,0
S-A_canslim,2014-06-04,102836.0919240082,102836.0919240082,0
S-A_canslim,2014-06-05,102836.0919240082,102836.0919240082,0
S-A_canslim,2014-06-06,102836.0919240082,102836.0919240082,0
S-A_canslim,2014-06-09,102836.0919240082,102836.0919240082,0
S-A_canslim,2014-06-10,102836.0919240082,102836.0919240082,0
S-A_canslim,2014-06-11,102836.0919240082,102836.0919240082,0
S-A_canslim,2014-06-12,102836.0919240082,102836.0919240082,0
S-A_canslim,2014-06-13,102836.0919240082,102836.0919240082,0
S-A_canslim,2014-06-16,102836.0919240082,102836.0919240082,0
S-A_canslim,2014-06-17,102836.0919240082,102836.0919240082,0
S-A_canslim,2014-06-18,102836.0919240082,102836.0919240082,0
S-A_canslim,2014-06-19,102836.0919240082,102836.0919240082,0
S-A_canslim,2014-06-20,102836.0919240082,102836.0919240082,0
S-A_canslim,2014-06-23,102836.0919240082,102836.0919240082,0
S-A_canslim,2014-06-24,102836.0919240082,102836.0919240082,0
S-A_canslim,2014-06-25,102836.0919240082,102836.0919240082,0
S-A_canslim,2014-06-26,102836.0919240082,102836.0919240082,0
S-A_canslim,2014-06-27,102836.0919240082,102836.0919240082,0
S-A_canslim,2014-06-30,102836.0919240082,102836.0919240082,0
S-A_canslim,2014-07-01,102836.0919240082,102836.0919240082,0
S-A_canslim,2014-07-02,102836.0919240082,102836.0919240082,0
S-A_canslim,2014-07-03,102836.0919240082,102836.0919240082,0
S-A_canslim,2014-07-07,102836.0919240082,102836.0919240082,0
S-A_canslim,2014-07-08,102836.0919240082,102836.0919240082,0
S-A_canslim,2014-07-09,102836.0919240082,102836.0919240082,0
S-A_canslim,2014-07-10,102836.0919240082,102836.0919240082,0
S-A_canslim,2014-07-11,102836.0919240082,102836.0919240082,0
S-A_canslim,2014-07-14,102836.0919240082,102836.0919240082,0
S-A_canslim,2014-07-15,102836.0919240082,102836.0919240082,0
S-A_canslim,2014-07-16,102836.0919240082,102836.0919240082,0
S-A_canslim,2014-07-17,102836.0919240082,102836.0919240082,0
S-A_canslim,2014-07-18,102836.0919240082,102836.0919240082,0
S-A_canslim,2014-07-21,102836.0919240082,102836.0919240082,0
S-A_canslim,2014-07-22,102836.0919240082,102836.0919240082,0
S-A_canslim,2014-07-23,102836.0919240082,102836.0919240082,0
S-A_canslim,2014-07-24,102836.0919240082,102836.0919240082,0
S-A_canslim,2014-07-25,102836.0919240082,102836.0919240082,0
S-A_canslim,2014-07-28,102836.0919240082,102836.0919240082,0
S-A_canslim,2014-07-29,102836.0919240082,102836.0919240082,0
S-A_canslim,2014-07-30,102836.0919240082,102836.0919240082,0
S-A_canslim,2014-07-31,102836.0919240082,102836.0919240082,0
S-A_canslim,2014-08-01,102836.0919240082,102836.0919240082,0
S-A_canslim,2014-08-04,102836.0919240082,102836.0919240082,0
S-A_canslim,2014-08-05,102836.0919240082,102836.0919240082,0
S-A_canslim,2014-08-06,102836.0919240082,102836.0919240082,0
S-A_canslim,2014-08-07,102836.0919240082,102836.0919240082,0
S-A_canslim,2014-08-08,102836.0919240082,102836.0919240082,0
S-A_canslim,2014-08-11,102836.0919240082,102836.0919240082,0
S-A_canslim,2014-08-12,102836.0919240082,102836.0919240082,0
S-A_canslim,2014-08-13,102836.0919240082,102836.0919240082,0
S-A_canslim,2014-08-14,102836.0919240082,102836.0919240082,0
S-A_canslim,2014-08-15,102836.0919240082,102836.0919240082,0
S-A_canslim,2014-08-18,102836.0919240082,102836.0919240082,0
S-A_canslim,2014-08-19,102836.0919240082,102836.0919240082,0
S-A_canslim,2014-08-20,102836.0919240082,102836.0919240082,0
S-A_canslim,2014-08-21,102836.0919240082,102836.0919240082,0
S-A_canslim,2014-08-22,102836.0919240082,102836.0919240082,0
S-A_canslim,2014-08-25,102836.0919240082,102836.0919240082,0
S-A_canslim,2014-08-26,102836.0919240082,102836.0919240082,0
S-A_canslim,2014-08-27,102836.0919240082,102836.0919240082,0
S-A_canslim,2014-08-28,102836.0919240082,102836.0919240082,0
S-A_canslim,2014-08-29,102836.0919240082,102836.0919240082,0
S-A_canslim,2014-09-02,102836.0919240082,102836.0919240082,0
S-A_canslim,2014-09-03,102836.0919240082,102836.0919240082,0
S-A_canslim,2014-09-04,102836.0919240082,102836.0919240082,0
S-A_canslim,2014-09-05,102836.0919240082,102836.0919240082,0
S-A_canslim,2014-09-08,102836.0919240082,102836.0919240082,0
S-A_canslim,2014-09-09,102836.0919240082,102836.0919240082,0
S-A_canslim,2014-09-10,102836.0919240082,102836.0919240082,0
S-A_canslim,2014-09-11,102836.0919240082,102836.0919240082,0
S-A_canslim,2014-09-12,102836.0919240082,102836.0919240082,0
S-A_canslim,2014-09-15,102836.0919240082,102836.0919240082,0
S-A_canslim,2014-09-16,102836.0919240082,102836.0919240082,0
S-A_canslim,2014-09-17,102836.0919240082,102836.0919240082,0
S-A_canslim,2014-09-18,102836.0919240082,102836.0919240082,0
S-A_canslim,2014-09-19,102836.0919240082,102836.0919240082,0
S-A_canslim,2014-09-22,102836.0919240082,102836.0919240082,0
S-A_canslim,2014-09-23,102836.0919240082,102836.0919240082,0
S-A_canslim,2014-09-24,102836.0919240082,102836.0919240082,0
S-A_canslim,2014-09-25,102836.0919240082,102836.0919240082,0
S-A_canslim,2014-09-26,102836.0919240082,102836.0919240082,0
S-A_canslim,2014-09-29,102836.0919240082,102836.0919240082,0
S-A_canslim,2014-09-30,102836.0919240082,102836.0919240082,0
S-A_canslim,2014-10-01,102836.0919240082,102836.0919240082,0
S-A_canslim,2014-10-02,102836.0919240082,102836.0919240082,0
S-A_canslim,2014-10-03,102836.0919240082,102836.0919240082,0
S-A_canslim,2014-10-06,102836.0919240082,102836.0919240082,0
S-A_canslim,2014-10-07,102836.0919240082,102836.0919240082,0
S-A_canslim,2014-10-08,102836.0919240082,102836.0919240082,0
S-A_canslim,2014-10-09,102836.0919240082,102836.0919240082,0
S-A_canslim,2014-10-10,102836.0919240082,102836.0919240082,0
S-A_canslim,2014-10-13,102836.0919240082,102836.0919240082,0
S-A_canslim,2014-10-14,102836.0919240082,102836.0919240082,0
S-A_canslim,2014-10-15,102836.0919240082,102836.0919240082,0
S-A_canslim,2014-10-16,102836.0919240082,102836.0919240082,0
S-A_canslim,2014-10-17,102836.0919240082,102836.0919240082,0
S-A_canslim,2014-10-20,102836.0919240082,102836.0919240082,0
S-A_canslim,2014-10-21,102836.0919240082,102836.0919240082,0
S-A_canslim,2014-10-22,102836.0919240082,102836.0919240082,0
S-A_canslim,2014-10-23,102836.0919240082,102836.0919240082,0
S-A_canslim,2014-10-24,102836.0919240082,102836.0919240082,0
S-A_canslim,2014-10-27,102828.31625525323,92569.51625525323,1
S-A_canslim,2014-10-28,102951.43625525323,92569.51625525323,1
S-A_canslim,2014-10-29,102920.59625525323,92569.51625525323,1
S-A_canslim,2014-10-30,102973.63625525322,92569.51625525323,1
S-A_canslim,2014-10-31,103093.51625525323,92569.51625525323,1
S-A_canslim,2014-11-03,103615.86430501906,82270.74830501906,2
S-A_canslim,2014-11-04,103294.44230501907,82270.74830501906,2
S-A_canslim,2014-11-05,103589.22030501906,82270.74830501906,2
S-A_canslim,2014-11-06,103776.99230501906,82270.74830501906,2
S-A_canslim,2014-11-07,103380.36630501907,82270.74830501906,2
S-A_canslim,2014-11-10,103806.64430501906,82270.74830501906,2
S-A_canslim,2014-11-11,103922.30430501906,82270.74830501906,2
S-A_canslim,2014-11-12,104303.83630501907,82270.74830501906,2
S-A_canslim,2014-11-13,104226.50230501906,82270.74830501906,2
S-A_canslim,2014-11-14,104004.89430501906,82270.74830501906,2
S-A_canslim,2014-11-17,104013.41430501906,82270.74830501906,2
S-A_canslim,2014-11-18,104384.59830501906,82270.74830501906,2
S-A_canslim,2014-11-19,103660.93630501907,82270.74830501906,2
S-A_canslim,2014-11-20,104002.38030501906,82270.74830501906,2
S-A_canslim,2014-11-21,104324.87830501907,82270.74830501906,2
S-A_canslim,2014-11-24,104413.83399906906,71843.97599906907,3
S-A_canslim,2014-11-25,104183.28399906907,71843.97599906907,3
S-A_canslim,2014-11-26,104422.54799906907,71843.97599906907,3
S-A_canslim,2014-11-28,104301.51599906906,71843.97599906907,3
S-A_canslim,2014-12-01,103323.92999906906,71843.97599906907,3
S-A_canslim,2014-12-02,104501.94999906907,71843.97599906907,3
S-A_canslim,2014-12-03,105088.22599906907,71843.97599906907,3
S-A_canslim,2014-12-04,105117.75399906907,71843.97599906907,3
S-A_canslim,2014-12-05,105005.41599906905,71843.97599906907,3
S-A_canslim,2014-12-08,105434.22599906907,71843.97599906907,3
S-A_canslim,2014-12-09,105688.50061564635,84146.97061564635,2
S-A_canslim,2014-12-10,105405.17061564635,84146.97061564635,2
S-A_canslim,2014-12-11,105747.63061564635,84146.97061564635,2
S-A_canslim,2014-12-12,105407.69061564635,84146.97061564635,2
S-A_canslim,2014-12-15,105428.12061564636,84146.97061564635,2
S-A_canslim,2014-12-16,105287.22061564635,84146.97061564635,2
S-A_canslim,2014-12-17,105800.79061564634,84146.97061564635,2
S-A_canslim,2014-12-18,105892.88061564635,84146.97061564635,2
S-A_canslim,2014-12-19,105526.94061564635,84146.97061564635,2
S-A_canslim,2014-12-22,105818.91061564635,84146.97061564635,2
S-A_canslim,2014-12-23,105730.24061564635,84146.97061564635,2
S-A_canslim,2014-12-24,105952.18061564636,84146.97061564635,2
S-A_canslim,2014-12-26,106363.78061564635,84146.97061564635,2
S-A_canslim,2014-12-29,105731.67061564635,84146.97061564635,2
S-A_canslim,2014-12-30,105706.29827453737,94443.22827453738,1
S-A_canslim,2014-12-31,106236.82827453739,94443.22827453738,1
S-A_canslim,2015-01-02,106489.80827453738,94443.22827453738,1
S-A_canslim,2015-01-05,106679.99827453739,94443.22827453738,1
S-A_canslim,2015-01-06,106899.13796861524,106899.13796861524,0
S-A_canslim,2015-01-07,106899.13796861524,106899.13796861524,0
S-A_canslim,2015-01-08,106899.13796861524,106899.13796861524,0
S-A_canslim,2015-01-09,106899.13796861524,106899.13796861524,0
S-A_canslim,2015-01-12,106899.13796861524,106899.13796861524,0
S-A_canslim,2015-01-13,106899.13796861524,106899.13796861524,0
S-A_canslim,2015-01-14,106899.13796861524,106899.13796861524,0
S-A_canslim,2015-01-15,106899.13796861524,106899.13796861524,0
S-A_canslim,2015-01-16,106899.13796861524,106899.13796861524,0
S-A_canslim,2015-01-20,106899.13796861524,106899.13796861524,0
S-A_canslim,2015-01-21,106899.13796861524,106899.13796861524,0
S-A_canslim,2015-01-22,106899.13796861524,106899.13796861524,0
S-A_canslim,2015-01-23,106899.13796861524,106899.13796861524,0
S-A_canslim,2015-01-26,106899.13796861524,106899.13796861524,0
S-A_canslim,2015-01-27,106899.13796861524,106899.13796861524,0
S-A_canslim,2015-01-28,106899.13796861524,106899.13796861524,0
S-A_canslim,2015-01-29,106899.13796861524,106899.13796861524,0
S-A_canslim,2015-01-30,106899.13796861524,106899.13796861524,0
S-A_canslim,2015-02-02,106899.13796861524,106899.13796861524,0
S-A_canslim,2015-02-03,106899.13796861524,106899.13796861524,0
S-A_canslim,2015-02-04,106899.13796861524,106899.13796861524,0
S-A_canslim,2015-02-05,106899.13796861524,106899.13796861524,0
S-A_canslim,2015-02-06,106899.13796861524,106899.13796861524,0
S-A_canslim,2015-02-09,106899.13796861524,106899.13796861524,0
S-A_canslim,2015-02-10,106899.13796861524,106899.13796861524,0
S-A_canslim,2015-02-11,106899.13796861524,106899.13796861524,0
S-A_canslim,2015-02-12,106899.13796861524,106899.13796861524,0
S-A_canslim,2015-02-13,106899.13796861524,106899.13796861524,0
S-A_canslim,2015-02-17,106899.13796861524,106899.13796861524,0
S-A_canslim,2015-02-18,106899.13796861524,106899.13796861524,0
S-A_canslim,2015-02-19,106899.13796861524,106899.13796861524,0
S-A_canslim,2015-02-20,106899.13796861524,106899.13796861524,0
S-A_canslim,2015-02-23,106899.13796861524,106899.13796861524,0
S-A_canslim,2015-02-24,106899.13796861524,106899.13796861524,0
S-A_canslim,2015-02-25,106899.13796861524,106899.13796861524,0
S-A_canslim,2015-02-26,106899.13796861524,106899.13796861524,0
S-A_canslim,2015-02-27,106899.13796861524,106899.13796861524,0
S-A_canslim,2015-03-02,106899.13796861524,106899.13796861524,0
S-A_canslim,2015-03-03,106899.13796861524,106899.13796861524,0
S-A_canslim,2015-03-04,106899.13796861524,106899.13796861524,0
S-A_canslim,2015-03-05,106899.13796861524,106899.13796861524,0
S-A_canslim,2015-03-06,106899.13796861524,106899.13796861524,0
S-A_canslim,2015-03-09,106899.13796861524,106899.13796861524,0
S-A_canslim,2015-03-10,106899.13796861524,106899.13796861524,0
S-A_canslim,2015-03-11,106899.13796861524,106899.13796861524,0
S-A_canslim,2015-03-12,106899.13796861524,106899.13796861524,0
S-A_canslim,2015-03-13,106899.13796861524,106899.13796861524,0
S-A_canslim,2015-03-16,106899.13796861524,106899.13796861524,0
S-A_canslim,2015-03-17,106899.13796861524,106899.13796861524,0
S-A_canslim,2015-03-18,106899.13796861524,106899.13796861524,0
S-A_canslim,2015-03-19,106899.13796861524,106899.13796861524,0
S-A_canslim,2015-03-20,106899.13796861524,106899.13796861524,0
S-A_canslim,2015-03-23,106899.13796861524,106899.13796861524,0
S-A_canslim,2015-03-24,106899.13796861524,106899.13796861524,0
S-A_canslim,2015-03-25,106899.13796861524,106899.13796861524,0
S-A_canslim,2015-03-26,106899.13796861524,106899.13796861524,0
S-A_canslim,2015-03-27,106899.13796861524,106899.13796861524,0
S-A_canslim,2015-03-30,106899.13796861524,106899.13796861524,0
S-A_canslim,2015-03-31,106899.13796861524,106899.13796861524,0
S-A_canslim,2015-04-01,106899.13796861524,106899.13796861524,0
S-A_canslim,2015-04-02,106899.13796861524,106899.13796861524,0
S-A_canslim,2015-04-06,106899.13796861524,106899.13796861524,0
S-A_canslim,2015-04-07,106899.13796861524,106899.13796861524,0
S-A_canslim,2015-04-08,106899.13796861524,106899.13796861524,0
S-A_canslim,2015-04-09,106899.13796861524,106899.13796861524,0
S-A_canslim,2015-04-10,106899.13796861524,106899.13796861524,0
S-A_canslim,2015-04-13,106899.13796861524,106899.13796861524,0
S-A_canslim,2015-04-14,106899.13796861524,106899.13796861524,0
S-A_canslim,2015-04-15,106899.13796861524,106899.13796861524,0
S-A_canslim,2015-04-16,106899.13796861524,106899.13796861524,0
S-A_canslim,2015-04-17,106899.13796861524,106899.13796861524,0
S-A_canslim,2015-04-20,106899.13796861524,106899.13796861524,0
S-A_canslim,2015-04-21,106899.13796861524,106899.13796861524,0
S-A_canslim,2015-04-22,106899.13796861524,106899.13796861524,0
S-A_canslim,2015-04-23,106899.13796861524,106899.13796861524,0
S-A_canslim,2015-04-24,106899.13796861524,106899.13796861524,0
S-A_canslim,2015-04-27,106899.13796861524,106899.13796861524,0
S-A_canslim,2015-04-28,106899.13796861524,106899.13796861524,0
S-A_canslim,2015-04-29,106899.13796861524,106899.13796861524,0
S-A_canslim,2015-04-30,106899.13796861524,106899.13796861524,0
S-A_canslim,2015-05-01,106899.13796861524,106899.13796861524,0
S-A_canslim,2015-05-04,106899.13796861524,106899.13796861524,0
S-A_canslim,2015-05-05,106899.13796861524,106899.13796861524,0
S-A_canslim,2015-05-06,106899.13796861524,106899.13796861524,0
S-A_canslim,2015-05-07,106899.13796861524,106899.13796861524,0
S-A_canslim,2015-05-08,106899.13796861524,106899.13796861524,0
S-A_canslim,2015-05-11,106899.13796861524,106899.13796861524,0
S-A_canslim,2015-05-12,106899.13796861524,106899.13796861524,0
S-A_canslim,2015-05-13,106899.13796861524,106899.13796861524,0
S-A_canslim,2015-05-14,106899.13796861524,106899.13796861524,0
S-A_canslim,2015-05-15,106899.13796861524,106899.13796861524,0
S-A_canslim,2015-05-18,106899.13796861524,106899.13796861524,0
S-A_canslim,2015-05-19,106899.13796861524,106899.13796861524,0
S-A_canslim,2015-05-20,106899.13796861524,106899.13796861524,0
S-A_canslim,2015-05-21,106899.13796861524,106899.13796861524,0
S-A_canslim,2015-05-22,106899.13796861524,106899.13796861524,0
S-A_canslim,2015-05-26,106899.13796861524,106899.13796861524,0
S-A_canslim,2015-05-27,106899.13796861524,106899.13796861524,0
S-A_canslim,2015-05-28,106899.13796861524,106899.13796861524,0
S-A_canslim,2015-05-29,106899.13796861524,106899.13796861524,0
S-A_canslim,2015-06-01,106899.13796861524,106899.13796861524,0
S-A_canslim,2015-06-02,106899.13796861524,106899.13796861524,0
S-A_canslim,2015-06-03,106899.13796861524,106899.13796861524,0
S-A_canslim,2015-06-04,106899.13796861524,106899.13796861524,0
S-A_canslim,2015-06-05,106899.13796861524,106899.13796861524,0
S-A_canslim,2015-06-08,106899.13796861524,106899.13796861524,0
S-A_canslim,2015-06-09,106899.13796861524,106899.13796861524,0
S-A_canslim,2015-06-10,106899.13796861524,106899.13796861524,0
S-A_canslim,2015-06-11,106899.13796861524,106899.13796861524,0
S-A_canslim,2015-06-12,106899.13796861524,106899.13796861524,0
S-A_canslim,2015-06-15,106899.13796861524,106899.13796861524,0
S-A_canslim,2015-06-16,106899.13796861524,106899.13796861524,0
S-A_canslim,2015-06-17,106899.13796861524,106899.13796861524,0
S-A_canslim,2015-06-18,106899.13796861524,106899.13796861524,0
S-A_canslim,2015-06-19,106899.13796861524,106899.13796861524,0
S-A_canslim,2015-06-22,106899.13796861524,106899.13796861524,0
S-A_canslim,2015-06-23,106899.13796861524,106899.13796861524,0
S-A_canslim,2015-06-24,106899.13796861524,106899.13796861524,0
S-A_canslim,2015-06-25,106899.13796861524,106899.13796861524,0
S-A_canslim,2015-06-26,106899.13796861524,106899.13796861524,0
S-A_canslim,2015-06-29,106899.13796861524,106899.13796861524,0
S-A_canslim,2015-06-30,106899.13796861524,106899.13796861524,0
S-A_canslim,2015-07-01,106899.13796861524,106899.13796861524,0
S-A_canslim,2015-07-02,106899.13796861524,106899.13796861524,0
S-A_canslim,2015-07-06,106899.13796861524,106899.13796861524,0
S-A_canslim,2015-07-07,106899.13796861524,106899.13796861524,0
S-A_canslim,2015-07-08,106899.13796861524,106899.13796861524,0
S-A_canslim,2015-07-09,106899.13796861524,106899.13796861524,0
S-A_canslim,2015-07-10,106899.13796861524,106899.13796861524,0
S-A_canslim,2015-07-13,106899.13796861524,106899.13796861524,0
S-A_canslim,2015-07-14,106899.13796861524,106899.13796861524,0
S-A_canslim,2015-07-15,106899.13796861524,106899.13796861524,0
S-A_canslim,2015-07-16,106899.13796861524,106899.13796861524,0
S-A_canslim,2015-07-17,106899.13796861524,106899.13796861524,0
S-A_canslim,2015-07-20,106899.13796861524,106899.13796861524,0
S-A_canslim,2015-07-21,106899.13796861524,106899.13796861524,0
S-A_canslim,2015-07-22,106899.13796861524,106899.13796861524,0
S-A_canslim,2015-07-23,106899.13796861524,106899.13796861524,0
S-A_canslim,2015-07-24,106899.13796861524,106899.13796861524,0
S-A_canslim,2015-07-27,106899.13796861524,106899.13796861524,0
S-A_canslim,2015-07-28,106899.13796861524,106899.13796861524,0
S-A_canslim,2015-07-29,106899.13796861524,106899.13796861524,0
S-A_canslim,2015-07-30,106899.13796861524,106899.13796861524,0
S-A_canslim,2015-07-31,106899.13796861524,106899.13796861524,0
S-A_canslim,2015-08-03,106899.13796861524,106899.13796861524,0
S-A_canslim,2015-08-04,106899.13796861524,106899.13796861524,0
S-A_canslim,2015-08-05,106899.13796861524,106899.13796861524,0
S-A_canslim,2015-08-06,106899.13796861524,106899.13796861524,0
S-A_canslim,2015-08-07,106899.13796861524,106899.13796861524,0
S-A_canslim,2015-08-10,106899.13796861524,106899.13796861524,0
S-A_canslim,2015-08-11,106899.13796861524,106899.13796861524,0
S-A_canslim,2015-08-12,106899.13796861524,106899.13796861524,0
S-A_canslim,2015-08-13,106899.13796861524,106899.13796861524,0
S-A_canslim,2015-08-14,106899.13796861524,106899.13796861524,0
S-A_canslim,2015-08-17,106899.13796861524,106899.13796861524,0
S-A_canslim,2015-08-18,106899.13796861524,106899.13796861524,0
S-A_canslim,2015-08-19,106899.13796861524,106899.13796861524,0
S-A_canslim,2015-08-20,106899.13796861524,106899.13796861524,0
S-A_canslim,2015-08-21,106899.13796861524,106899.13796861524,0
S-A_canslim,2015-08-24,106899.13796861524,106899.13796861524,0
S-A_canslim,2015-08-25,106899.13796861524,106899.13796861524,0
S-A_canslim,2015-08-26,106899.13796861524,106899.13796861524,0
S-A_canslim,2015-08-27,106899.13796861524,106899.13796861524,0
S-A_canslim,2015-08-28,106899.13796861524,106899.13796861524,0
S-A_canslim,2015-08-31,106899.13796861524,106899.13796861524,0
S-A_canslim,2015-09-01,106899.13796861524,106899.13796861524,0
S-A_canslim,2015-09-02,106899.13796861524,106899.13796861524,0
S-A_canslim,2015-09-03,106899.13796861524,106899.13796861524,0
S-A_canslim,2015-09-04,106899.13796861524,106899.13796861524,0
S-A_canslim,2015-09-08,106899.13796861524,106899.13796861524,0
S-A_canslim,2015-09-09,106899.13796861524,106899.13796861524,0
S-A_canslim,2015-09-10,106899.13796861524,106899.13796861524,0
S-A_canslim,2015-09-11,106899.13796861524,106899.13796861524,0
S-A_canslim,2015-09-14,106899.13796861524,106899.13796861524,0
S-A_canslim,2015-09-15,106899.13796861524,106899.13796861524,0
S-A_canslim,2015-09-16,106899.13796861524,106899.13796861524,0
S-A_canslim,2015-09-17,106899.13796861524,106899.13796861524,0
S-A_canslim,2015-09-18,106899.13796861524,106899.13796861524,0
S-A_canslim,2015-09-21,106899.13796861524,106899.13796861524,0
S-A_canslim,2015-09-22,106899.13796861524,106899.13796861524,0
S-A_canslim,2015-09-23,106899.13796861524,106899.13796861524,0
S-A_canslim,2015-09-24,106899.13796861524,106899.13796861524,0
S-A_canslim,2015-09-25,106899.13796861524,106899.13796861524,0
S-A_canslim,2015-09-28,106899.13796861524,106899.13796861524,0
S-A_canslim,2015-09-29,106899.13796861524,106899.13796861524,0
S-A_canslim,2015-09-30,106899.13796861524,106899.13796861524,0
S-A_canslim,2015-10-01,106899.13796861524,106899.13796861524,0
S-A_canslim,2015-10-02,106899.13796861524,106899.13796861524,0
S-A_canslim,2015-10-05,106899.13796861524,106899.13796861524,0
S-A_canslim,2015-10-06,106899.13796861524,106899.13796861524,0
S-A_canslim,2015-10-07,106899.13796861524,106899.13796861524,0
S-A_canslim,2015-10-08,106899.13796861524,106899.13796861524,0
S-A_canslim,2015-10-09,106899.13796861524,106899.13796861524,0
S-A_canslim,2015-10-12,106899.13796861524,106899.13796861524,0
S-A_canslim,2015-10-13,106899.13796861524,106899.13796861524,0
S-A_canslim,2015-10-14,106899.13796861524,106899.13796861524,0
S-A_canslim,2015-10-15,106899.13796861524,106899.13796861524,0
S-A_canslim,2015-10-16,106899.13796861524,106899.13796861524,0
S-A_canslim,2015-10-19,106899.13796861524,106899.13796861524,0
S-A_canslim,2015-10-20,106899.13796861524,106899.13796861524,0
S-A_canslim,2015-10-21,106899.13796861524,106899.13796861524,0
S-A_canslim,2015-10-22,106899.13796861524,106899.13796861524,0
S-A_canslim,2015-10-23,106899.13796861524,106899.13796861524,0
S-A_canslim,2015-10-26,106899.13796861524,106899.13796861524,0
S-A_canslim,2015-10-27,106899.13796861524,106899.13796861524,0
S-A_canslim,2015-10-28,106899.13796861524,106899.13796861524,0
S-A_canslim,2015-10-29,106899.13796861524,106899.13796861524,0
S-A_canslim,2015-10-30,106899.13796861524,106899.13796861524,0
S-A_canslim,2015-11-02,106899.13796861524,106899.13796861524,0
S-A_canslim,2015-11-03,106899.13796861524,106899.13796861524,0
S-A_canslim,2015-11-04,106899.13796861524,106899.13796861524,0
S-A_canslim,2015-11-05,106899.13796861524,106899.13796861524,0
S-A_canslim,2015-11-06,106899.13796861524,106899.13796861524,0
S-A_canslim,2015-11-09,106899.13796861524,106899.13796861524,0
S-A_canslim,2015-11-10,106899.13796861524,106899.13796861524,0
S-A_canslim,2015-11-11,106899.13796861524,106899.13796861524,0
S-A_canslim,2015-11-12,106899.13796861524,106899.13796861524,0
S-A_canslim,2015-11-13,106899.13796861524,106899.13796861524,0
S-A_canslim,2015-11-16,106899.13796861524,106899.13796861524,0
S-A_canslim,2015-11-17,106899.13796861524,106899.13796861524,0
S-A_canslim,2015-11-18,106899.13796861524,106899.13796861524,0
S-A_canslim,2015-11-19,106899.13796861524,106899.13796861524,0
S-A_canslim,2015-11-20,106899.13796861524,106899.13796861524,0
S-A_canslim,2015-11-23,106899.13796861524,106899.13796861524,0
S-A_canslim,2015-11-24,106899.13796861524,106899.13796861524,0
S-A_canslim,2015-11-25,106899.13796861524,106899.13796861524,0
S-A_canslim,2015-11-27,106899.13796861524,106899.13796861524,0
S-A_canslim,2015-11-30,106899.13796861524,106899.13796861524,0
S-A_canslim,2015-12-01,106899.13796861524,106899.13796861524,0
S-A_canslim,2015-12-02,106899.13796861524,106899.13796861524,0
S-A_canslim,2015-12-03,106899.13796861524,106899.13796861524,0
S-A_canslim,2015-12-04,106899.13796861524,106899.13796861524,0
S-A_canslim,2015-12-07,106899.13796861524,106899.13796861524,0
S-A_canslim,2015-12-08,106899.13796861524,106899.13796861524,0
S-A_canslim,2015-12-09,106899.13796861524,106899.13796861524,0
S-A_canslim,2015-12-10,106899.13796861524,106899.13796861524,0
S-A_canslim,2015-12-11,106899.13796861524,106899.13796861524,0
S-A_canslim,2015-12-14,106899.13796861524,106899.13796861524,0
S-A_canslim,2015-12-15,106899.13796861524,106899.13796861524,0
S-A_canslim,2015-12-16,106899.13796861524,106899.13796861524,0
S-A_canslim,2015-12-17,106899.13796861524,106899.13796861524,0
S-A_canslim,2015-12-18,106899.13796861524,106899.13796861524,0
S-A_canslim,2015-12-21,106899.13796861524,106899.13796861524,0
S-A_canslim,2015-12-22,106899.13796861524,106899.13796861524,0
S-A_canslim,2015-12-23,106899.13796861524,106899.13796861524,0
S-A_canslim,2015-12-24,106899.13796861524,106899.13796861524,0
S-A_canslim,2015-12-28,106899.13796861524,106899.13796861524,0
S-A_canslim,2015-12-29,106899.13796861524,106899.13796861524,0
S-A_canslim,2015-12-30,106899.13796861524,106899.13796861524,0
S-A_canslim,2015-12-31,106899.13796861524,106899.13796861524,0
S-A_canslim,2016-01-04,106899.13796861524,106899.13796861524,0
S-A_canslim,2016-01-05,106899.13796861524,106899.13796861524,0
S-A_canslim,2016-01-06,106899.13796861524,106899.13796861524,0
S-A_canslim,2016-01-07,106899.13796861524,106899.13796861524,0
S-A_canslim,2016-01-08,106899.13796861524,106899.13796861524,0
S-A_canslim,2016-01-11,106899.13796861524,106899.13796861524,0
S-A_canslim,2016-01-12,106899.13796861524,106899.13796861524,0
S-A_canslim,2016-01-13,106899.13796861524,106899.13796861524,0
S-A_canslim,2016-01-14,106899.13796861524,106899.13796861524,0
S-A_canslim,2016-01-15,106899.13796861524,106899.13796861524,0
S-A_canslim,2016-01-19,106899.13796861524,106899.13796861524,0
S-A_canslim,2016-01-20,106899.13796861524,106899.13796861524,0
S-A_canslim,2016-01-21,106899.13796861524,106899.13796861524,0
S-A_canslim,2016-01-22,106899.13796861524,106899.13796861524,0
S-A_canslim,2016-01-25,106899.13796861524,106899.13796861524,0
S-A_canslim,2016-01-26,106899.13796861524,106899.13796861524,0
S-A_canslim,2016-01-27,106899.13796861524,106899.13796861524,0
S-A_canslim,2016-01-28,106899.13796861524,106899.13796861524,0
S-A_canslim,2016-01-29,106899.13796861524,106899.13796861524,0
S-A_canslim,2016-02-01,106899.13796861524,106899.13796861524,0
S-A_canslim,2016-02-02,106899.13796861524,106899.13796861524,0
S-A_canslim,2016-02-03,106899.13796861524,106899.13796861524,0
S-A_canslim,2016-02-04,106899.13796861524,106899.13796861524,0
S-A_canslim,2016-02-05,106899.13796861524,106899.13796861524,0
S-A_canslim,2016-02-08,106899.13796861524,106899.13796861524,0
S-A_canslim,2016-02-09,106899.13796861524,106899.13796861524,0
S-A_canslim,2016-02-10,106899.13796861524,106899.13796861524,0
S-A_canslim,2016-02-11,106899.13796861524,106899.13796861524,0
S-A_canslim,2016-02-12,106899.13796861524,106899.13796861524,0
S-A_canslim,2016-02-16,106899.13796861524,106899.13796861524,0
S-A_canslim,2016-02-17,106899.13796861524,106899.13796861524,0
S-A_canslim,2016-02-18,106899.13796861524,106899.13796861524,0
S-A_canslim,2016-02-19,106899.13796861524,106899.13796861524,0
S-A_canslim,2016-02-22,106899.13796861524,106899.13796861524,0
S-A_canslim,2016-02-23,106899.13796861524,106899.13796861524,0
S-A_canslim,2016-02-24,106899.13796861524,106899.13796861524,0
S-A_canslim,2016-02-25,106899.13796861524,106899.13796861524,0
S-A_canslim,2016-02-26,106899.13796861524,106899.13796861524,0
S-A_canslim,2016-02-29,106899.13796861524,106899.13796861524,0
S-A_canslim,2016-03-01,106899.13796861524,106899.13796861524,0
S-A_canslim,2016-03-02,106899.13796861524,106899.13796861524,0
S-A_canslim,2016-03-03,106899.13796861524,106899.13796861524,0
S-A_canslim,2016-03-04,106899.13796861524,106899.13796861524,0
S-A_canslim,2016-03-07,106899.13796861524,106899.13796861524,0
S-A_canslim,2016-03-08,106899.13796861524,106899.13796861524,0
S-A_canslim,2016-03-09,106899.13796861524,106899.13796861524,0
S-A_canslim,2016-03-10,106899.13796861524,106899.13796861524,0
S-A_canslim,2016-03-11,106899.13796861524,106899.13796861524,0
S-A_canslim,2016-03-14,106899.13796861524,106899.13796861524,0
S-A_canslim,2016-03-15,106899.13796861524,106899.13796861524,0
S-A_canslim,2016-03-16,106899.13796861524,106899.13796861524,0
S-A_canslim,2016-03-17,106899.13796861524,106899.13796861524,0
S-A_canslim,2016-03-18,106899.13796861524,106899.13796861524,0
S-A_canslim,2016-03-21,106899.13796861524,106899.13796861524,0
S-A_canslim,2016-03-22,106899.13796861524,106899.13796861524,0
S-A_canslim,2016-03-23,106899.13796861524,106899.13796861524,0
S-A_canslim,2016-03-24,106899.13796861524,106899.13796861524,0
S-A_canslim,2016-03-28,106899.13796861524,106899.13796861524,0
S-A_canslim,2016-03-29,106899.13796861524,106899.13796861524,0
S-A_canslim,2016-03-30,106899.13796861524,106899.13796861524,0
S-A_canslim,2016-03-31,106899.13796861524,106899.13796861524,0
S-A_canslim,2016-04-01,106899.13796861524,106899.13796861524,0
S-A_canslim,2016-04-04,106899.13796861524,106899.13796861524,0
S-A_canslim,2016-04-05,106899.13796861524,106899.13796861524,0
S-A_canslim,2016-04-06,106899.13796861524,106899.13796861524,0
S-A_canslim,2016-04-07,106899.13796861524,106899.13796861524,0
S-A_canslim,2016-04-08,106899.13796861524,106899.13796861524,0
S-A_canslim,2016-04-11,106899.13796861524,106899.13796861524,0
S-A_canslim,2016-04-12,106899.13796861524,106899.13796861524,0
S-A_canslim,2016-04-13,106899.13796861524,106899.13796861524,0
S-A_canslim,2016-04-14,106899.13796861524,106899.13796861524,0
S-A_canslim,2016-04-15,106899.13796861524,106899.13796861524,0
S-A_canslim,2016-04-18,106899.13796861524,106899.13796861524,0
S-A_canslim,2016-04-19,106899.13796861524,106899.13796861524,0
S-A_canslim,2016-04-20,106899.13796861524,106899.13796861524,0
S-A_canslim,2016-04-21,106899.13796861524,106899.13796861524,0
S-A_canslim,2016-04-22,106899.13796861524,106899.13796861524,0
S-A_canslim,2016-04-25,106507.70470161011,96227.15570161011,1
S-A_canslim,2016-04-26,106445.32070161011,96227.15570161011,1
S-A_canslim,2016-04-27,106750.55670161011,96227.15570161011,1
S-A_canslim,2016-04-28,106001.26603957631,106001.26603957631,0
S-A_canslim,2016-04-29,106001.26603957631,106001.26603957631,0
S-A_canslim,2016-05-02,106001.26603957631,106001.26603957631,0
S-A_canslim,2016-05-03,106001.26603957631,106001.26603957631,0
S-A_canslim,2016-05-04,106001.26603957631,106001.26603957631,0
S-A_canslim,2016-05-05,106001.26603957631,106001.26603957631,0
S-A_canslim,2016-05-06,106001.26603957631,106001.26603957631,0
S-A_canslim,2016-05-09,106001.26603957631,106001.26603957631,0
S-A_canslim,2016-05-10,106001.26603957631,106001.26603957631,0
S-A_canslim,2016-05-11,106001.26603957631,106001.26603957631,0
S-A_canslim,2016-05-12,106001.26603957631,106001.26603957631,0
S-A_canslim,2016-05-13,106001.26603957631,106001.26603957631,0
S-A_canslim,2016-05-16,106001.26603957631,106001.26603957631,0
S-A_canslim,2016-05-17,106001.26603957631,106001.26603957631,0
S-A_canslim,2016-05-18,106001.26603957631,106001.26603957631,0
S-A_canslim,2016-05-19,106001.26603957631,106001.26603957631,0
S-A_canslim,2016-05-20,106001.26603957631,106001.26603957631,0
S-A_canslim,2016-05-23,106001.26603957631,106001.26603957631,0
S-A_canslim,2016-05-24,106001.26603957631,106001.26603957631,0
S-A_canslim,2016-05-25,106001.26603957631,106001.26603957631,0
S-A_canslim,2016-05-26,106001.26603957631,106001.26603957631,0
S-A_canslim,2016-05-27,106001.26603957631,106001.26603957631,0
S-A_canslim,2016-05-31,106001.26603957631,106001.26603957631,0
S-A_canslim,2016-06-01,106001.26603957631,106001.26603957631,0
S-A_canslim,2016-06-02,106001.26603957631,106001.26603957631,0
S-A_canslim,2016-06-03,106001.26603957631,106001.26603957631,0
S-A_canslim,2016-06-06,106001.26603957631,106001.26603957631,0
S-A_canslim,2016-06-07,106001.26603957631,106001.26603957631,0
S-A_canslim,2016-06-08,106001.26603957631,106001.26603957631,0
S-A_canslim,2016-06-09,106001.26603957631,106001.26603957631,0
S-A_canslim,2016-06-10,106001.26603957631,106001.26603957631,0
S-A_canslim,2016-06-13,106001.26603957631,106001.26603957631,0
S-A_canslim,2016-06-14,106001.26603957631,106001.26603957631,0
S-A_canslim,2016-06-15,106001.26603957631,106001.26603957631,0
S-A_canslim,2016-06-16,106001.26603957631,106001.26603957631,0
S-A_canslim,2016-06-17,106001.26603957631,106001.26603957631,0
S-A_canslim,2016-06-20,106001.26603957631,106001.26603957631,0
S-A_canslim,2016-06-21,106001.26603957631,106001.26603957631,0
S-A_canslim,2016-06-22,106001.26603957631,106001.26603957631,0
S-A_canslim,2016-06-23,106001.26603957631,106001.26603957631,0
S-A_canslim,2016-06-24,106001.26603957631,106001.26603957631,0
S-A_canslim,2016-06-27,106001.26603957631,106001.26603957631,0
S-A_canslim,2016-06-28,106001.26603957631,106001.26603957631,0
S-A_canslim,2016-06-29,106001.26603957631,106001.26603957631,0
S-A_canslim,2016-06-30,106001.26603957631,106001.26603957631,0
S-A_canslim,2016-07-01,106001.26603957631,106001.26603957631,0
S-A_canslim,2016-07-05,106001.26603957631,106001.26603957631,0
S-A_canslim,2016-07-06,106001.26603957631,106001.26603957631,0
S-A_canslim,2016-07-07,106001.26603957631,106001.26603957631,0
S-A_canslim,2016-07-08,106001.26603957631,106001.26603957631,0
S-A_canslim,2016-07-11,106001.26603957631,106001.26603957631,0
S-A_canslim,2016-07-12,106001.26603957631,106001.26603957631,0
S-A_canslim,2016-07-13,106001.26603957631,106001.26603957631,0
S-A_canslim,2016-07-14,106001.26603957631,106001.26603957631,0
S-A_canslim,2016-07-15,106001.26603957631,106001.26603957631,0
S-A_canslim,2016-07-18,106001.26603957631,106001.26603957631,0
S-A_canslim,2016-07-19,106001.26603957631,106001.26603957631,0
S-A_canslim,2016-07-20,106001.26603957631,106001.26603957631,0
S-A_canslim,2016-07-21,106001.26603957631,106001.26603957631,0
S-A_canslim,2016-07-22,106001.26603957631,106001.26603957631,0
S-A_canslim,2016-07-25,106001.26603957631,106001.26603957631,0
S-A_canslim,2016-07-26,106001.26603957631,106001.26603957631,0
S-A_canslim,2016-07-27,106001.26603957631,106001.26603957631,0
S-A_canslim,2016-07-28,106001.26603957631,106001.26603957631,0
S-A_canslim,2016-07-29,106001.26603957631,106001.26603957631,0
S-A_canslim,2016-08-01,106001.26603957631,106001.26603957631,0
S-A_canslim,2016-08-02,106001.26603957631,106001.26603957631,0
S-A_canslim,2016-08-03,106001.26603957631,106001.26603957631,0
S-A_canslim,2016-08-04,106001.26603957631,106001.26603957631,0
S-A_canslim,2016-08-05,106001.26603957631,106001.26603957631,0
S-A_canslim,2016-08-08,105841.98144253631,95463.18144253631,1
S-A_canslim,2016-08-09,105629.2214425363,95463.18144253631,1
S-A_canslim,2016-08-10,105345.18144253631,95463.18144253631,1
S-A_canslim,2016-08-11,105129.17289973519,105129.17289973519,0
S-A_canslim,2016-08-12,105129.17289973519,105129.17289973519,0
S-A_canslim,2016-08-15,105129.17289973519,105129.17289973519,0
S-A_canslim,2016-08-16,105129.17289973519,105129.17289973519,0
S-A_canslim,2016-08-17,105129.17289973519,105129.17289973519,0
S-A_canslim,2016-08-18,105129.17289973519,105129.17289973519,0
S-A_canslim,2016-08-19,105129.17289973519,105129.17289973519,0
S-A_canslim,2016-08-22,105129.17289973519,105129.17289973519,0
S-A_canslim,2016-08-23,105129.17289973519,105129.17289973519,0
S-A_canslim,2016-08-24,105129.17289973519,105129.17289973519,0
S-A_canslim,2016-08-25,105129.17289973519,105129.17289973519,0
S-A_canslim,2016-08-26,105129.17289973519,105129.17289973519,0
S-A_canslim,2016-08-29,105129.17289973519,105129.17289973519,0
S-A_canslim,2016-08-30,105129.17289973519,105129.17289973519,0
S-A_canslim,2016-08-31,105129.17289973519,105129.17289973519,0
S-A_canslim,2016-09-01,105129.17289973519,105129.17289973519,0
S-A_canslim,2016-09-02,105129.17289973519,105129.17289973519,0
S-A_canslim,2016-09-06,105129.17289973519,105129.17289973519,0
S-A_canslim,2016-09-07,105129.17289973519,105129.17289973519,0
S-A_canslim,2016-09-08,105129.17289973519,105129.17289973519,0
S-A_canslim,2016-09-09,105129.17289973519,105129.17289973519,0
S-A_canslim,2016-09-12,105129.17289973519,105129.17289973519,0
S-A_canslim,2016-09-13,105129.17289973519,105129.17289973519,0
S-A_canslim,2016-09-14,105129.17289973519,105129.17289973519,0
S-A_canslim,2016-09-15,105129.17289973519,105129.17289973519,0
S-A_canslim,2016-09-16,105129.17289973519,105129.17289973519,0
S-A_canslim,2016-09-19,105129.17289973519,105129.17289973519,0
S-A_canslim,2016-09-20,105129.17289973519,105129.17289973519,0
S-A_canslim,2016-09-21,105129.17289973519,105129.17289973519,0
S-A_canslim,2016-09-22,105129.17289973519,105129.17289973519,0
S-A_canslim,2016-09-23,105129.17289973519,105129.17289973519,0
S-A_canslim,2016-09-26,105129.17289973519,105129.17289973519,0
S-A_canslim,2016-09-27,105129.17289973519,105129.17289973519,0
S-A_canslim,2016-09-28,105129.17289973519,105129.17289973519,0
S-A_canslim,2016-09-29,105129.17289973519,105129.17289973519,0
S-A_canslim,2016-09-30,105129.17289973519,105129.17289973519,0
S-A_canslim,2016-10-03,105129.17289973519,105129.17289973519,0
S-A_canslim,2016-10-04,105129.17289973519,105129.17289973519,0
S-A_canslim,2016-10-05,105129.17289973519,105129.17289973519,0
S-A_canslim,2016-10-06,105129.17289973519,105129.17289973519,0
S-A_canslim,2016-10-07,105129.17289973519,105129.17289973519,0
S-A_canslim,2016-10-10,105129.17289973519,105129.17289973519,0
S-A_canslim,2016-10-11,105129.17289973519,105129.17289973519,0
S-A_canslim,2016-10-12,105129.17289973519,105129.17289973519,0
S-A_canslim,2016-10-13,105129.17289973519,105129.17289973519,0
S-A_canslim,2016-10-14,105129.17289973519,105129.17289973519,0
S-A_canslim,2016-10-17,105129.17289973519,105129.17289973519,0
S-A_canslim,2016-10-18,105129.17289973519,105129.17289973519,0
S-A_canslim,2016-10-19,105129.17289973519,105129.17289973519,0
S-A_canslim,2016-10-20,105129.17289973519,105129.17289973519,0
S-A_canslim,2016-10-21,105129.17289973519,105129.17289973519,0
S-A_canslim,2016-10-24,105129.17289973519,105129.17289973519,0
S-A_canslim,2016-10-25,105129.17289973519,105129.17289973519,0
S-A_canslim,2016-10-26,105129.17289973519,105129.17289973519,0
S-A_canslim,2016-10-27,105129.17289973519,105129.17289973519,0
S-A_canslim,2016-10-28,105129.17289973519,105129.17289973519,0
S-A_canslim,2016-10-31,105129.17289973519,105129.17289973519,0
S-A_canslim,2016-11-01,105129.17289973519,105129.17289973519,0
S-A_canslim,2016-11-02,105129.17289973519,105129.17289973519,0
S-A_canslim,2016-11-03,105129.17289973519,105129.17289973519,0
S-A_canslim,2016-11-04,105129.17289973519,105129.17289973519,0
S-A_canslim,2016-11-07,105129.17289973519,105129.17289973519,0
S-A_canslim,2016-11-08,105129.17289973519,105129.17289973519,0
S-A_canslim,2016-11-09,105129.17289973519,105129.17289973519,0
S-A_canslim,2016-11-10,105129.17289973519,105129.17289973519,0
S-A_canslim,2016-11-11,105129.17289973519,105129.17289973519,0
S-A_canslim,2016-11-14,105129.17289973519,105129.17289973519,0
S-A_canslim,2016-11-15,105129.17289973519,105129.17289973519,0
S-A_canslim,2016-11-16,105129.17289973519,105129.17289973519,0
S-A_canslim,2016-11-17,105129.17289973519,105129.17289973519,0
S-A_canslim,2016-11-18,105129.17289973519,105129.17289973519,0
S-A_canslim,2016-11-21,105129.17289973519,105129.17289973519,0
S-A_canslim,2016-11-22,105129.17289973519,105129.17289973519,0
S-A_canslim,2016-11-23,105129.17289973519,105129.17289973519,0
S-A_canslim,2016-11-25,105129.17289973519,105129.17289973519,0
S-A_canslim,2016-11-28,105129.17289973519,105129.17289973519,0
S-A_canslim,2016-11-29,105129.17289973519,105129.17289973519,0
S-A_canslim,2016-11-30,105129.17289973519,105129.17289973519,0
S-A_canslim,2016-12-01,105129.17289973519,105129.17289973519,0
S-A_canslim,2016-12-02,105129.17289973519,105129.17289973519,0
S-A_canslim,2016-12-05,105129.17289973519,105129.17289973519,0
S-A_canslim,2016-12-06,105129.17289973519,105129.17289973519,0
S-A_canslim,2016-12-07,105129.17289973519,105129.17289973519,0
S-A_canslim,2016-12-08,105129.17289973519,105129.17289973519,0
S-A_canslim,2016-12-09,105129.17289973519,105129.17289973519,0
S-A_canslim,2016-12-12,105129.17289973519,105129.17289973519,0
S-A_canslim,2016-12-13,105129.17289973519,105129.17289973519,0
S-A_canslim,2016-12-14,105129.17289973519,105129.17289973519,0
S-A_canslim,2016-12-15,105129.17289973519,105129.17289973519,0
S-A_canslim,2016-12-16,105129.17289973519,105129.17289973519,0
S-A_canslim,2016-12-19,105129.17289973519,105129.17289973519,0
S-A_canslim,2016-12-20,105129.17289973519,105129.17289973519,0
S-A_canslim,2016-12-21,105129.17289973519,105129.17289973519,0
S-A_canslim,2016-12-22,105129.17289973519,105129.17289973519,0
S-A_canslim,2016-12-23,105129.17289973519,105129.17289973519,0
S-A_canslim,2016-12-27,105129.17289973519,105129.17289973519,0
S-A_canslim,2016-12-28,105129.17289973519,105129.17289973519,0
S-A_canslim,2016-12-29,105129.17289973519,105129.17289973519,0
S-A_canslim,2016-12-30,105129.17289973519,105129.17289973519,0
S-A_canslim,2017-01-03,105129.17289973519,105129.17289973519,0
S-A_canslim,2017-01-04,105129.17289973519,105129.17289973519,0
S-A_canslim,2017-01-05,105129.17289973519,105129.17289973519,0
S-A_canslim,2017-01-06,105129.17289973519,105129.17289973519,0
S-A_canslim,2017-01-09,105129.17289973519,105129.17289973519,0
S-A_canslim,2017-01-10,105129.17289973519,105129.17289973519,0
S-A_canslim,2017-01-11,105129.17289973519,105129.17289973519,0
S-A_canslim,2017-01-12,105129.17289973519,105129.17289973519,0
S-A_canslim,2017-01-13,105129.17289973519,105129.17289973519,0
S-A_canslim,2017-01-17,105129.17289973519,105129.17289973519,0
S-A_canslim,2017-01-18,105129.17289973519,105129.17289973519,0
S-A_canslim,2017-01-19,105129.17289973519,105129.17289973519,0
S-A_canslim,2017-01-20,105129.17289973519,105129.17289973519,0
S-A_canslim,2017-01-23,105129.17289973519,105129.17289973519,0
S-A_canslim,2017-01-24,105129.17289973519,105129.17289973519,0
S-A_canslim,2017-01-25,105129.17289973519,105129.17289973519,0
S-A_canslim,2017-01-26,105129.17289973519,105129.17289973519,0
S-A_canslim,2017-01-27,105129.17289973519,105129.17289973519,0
S-A_canslim,2017-01-30,105129.17289973519,105129.17289973519,0
S-A_canslim,2017-01-31,105129.17289973519,105129.17289973519,0
S-A_canslim,2017-02-01,105129.17289973519,105129.17289973519,0
S-A_canslim,2017-02-02,105129.17289973519,105129.17289973519,0
S-A_canslim,2017-02-03,105129.17289973519,105129.17289973519,0
S-A_canslim,2017-02-06,105129.17289973519,105129.17289973519,0
S-A_canslim,2017-02-07,105129.17289973519,105129.17289973519,0
S-A_canslim,2017-02-08,105129.17289973519,105129.17289973519,0
S-A_canslim,2017-02-09,105129.17289973519,105129.17289973519,0
S-A_canslim,2017-02-10,105129.17289973519,105129.17289973519,0
S-A_canslim,2017-02-13,105129.17289973519,105129.17289973519,0
S-A_canslim,2017-02-14,105129.17289973519,105129.17289973519,0
S-A_canslim,2017-02-15,105129.17289973519,105129.17289973519,0
S-A_canslim,2017-02-16,105129.17289973519,105129.17289973519,0
S-A_canslim,2017-02-17,105129.17289973519,105129.17289973519,0
S-A_canslim,2017-02-21,105129.17289973519,105129.17289973519,0
S-A_canslim,2017-02-22,105129.17289973519,105129.17289973519,0
S-A_canslim,2017-02-23,105129.17289973519,105129.17289973519,0
S-A_canslim,2017-02-24,105129.17289973519,105129.17289973519,0
S-A_canslim,2017-02-27,105129.17289973519,105129.17289973519,0
S-A_canslim,2017-02-28,105129.17289973519,105129.17289973519,0
S-A_canslim,2017-03-01,105129.17289973519,105129.17289973519,0
S-A_canslim,2017-03-02,105129.17289973519,105129.17289973519,0
S-A_canslim,2017-03-03,105129.17289973519,105129.17289973519,0
S-A_canslim,2017-03-06,105129.17289973519,105129.17289973519,0
S-A_canslim,2017-03-07,105129.17289973519,105129.17289973519,0
S-A_canslim,2017-03-08,105129.17289973519,105129.17289973519,0
S-A_canslim,2017-03-09,105129.17289973519,105129.17289973519,0
S-A_canslim,2017-03-10,105129.17289973519,105129.17289973519,0
S-A_canslim,2017-03-13,105129.17289973519,105129.17289973519,0
S-A_canslim,2017-03-14,105129.17289973519,105129.17289973519,0
S-A_canslim,2017-03-15,105129.17289973519,105129.17289973519,0
S-A_canslim,2017-03-16,105129.17289973519,105129.17289973519,0
S-A_canslim,2017-03-17,105129.17289973519,105129.17289973519,0
S-A_canslim,2017-03-20,105154.00435902576,94628.09635902576,1
S-A_canslim,2017-03-21,104932.63435902576,94628.09635902576,1
S-A_canslim,2017-03-22,105045.67435902575,94628.09635902576,1
S-A_canslim,2017-03-23,105188.23035902577,94628.09635902576,1
S-A_canslim,2017-03-24,104760.56235902576,94628.09635902576,1
S-A_canslim,2017-03-27,104750.51435902576,94628.09635902576,1
S-A_canslim,2017-03-28,104905.63035902576,94628.09635902576,1
S-A_canslim,2017-03-29,104748.00235902576,94628.09635902576,1
S-A_canslim,2017-03-30,104922.58635902576,94628.09635902576,1
S-A_canslim,2017-03-31,104880.82435902576,94628.09635902576,1
S-A_canslim,2017-04-03,104831.84035902577,94628.09635902576,1
S-A_canslim,2017-04-04,104922.58635902576,94628.09635902576,1
S-A_canslim,2017-04-05,104770.29635902576,94628.09635902576,1
S-A_canslim,2017-04-06,104836.55035902576,94628.09635902576,1
S-A_canslim,2017-04-07,104974.39635902576,94628.09635902576,1
S-A_canslim,2017-04-10,104912.85235902575,94628.09635902576,1
S-A_canslim,2017-04-11,105089.94835902576,94628.09635902576,1
S-A_canslim,2017-04-12,105040.65035902576,94628.09635902576,1
S-A_canslim,2017-04-13,104957.12635902576,94628.09635902576,1
S-A_canslim,2017-04-17,105013.64635902576,94628.09635902576,1
S-A_canslim,2017-04-18,105033.42835902575,94628.09635902576,1
S-A_canslim,2017-04-19,105011.13435902576,94628.09635902576,1
S-A_canslim,2017-04-20,105318.54035902576,94628.09635902576,1
S-A_canslim,2017-04-21,105185.71835902576,94628.09635902576,1
S-A_canslim,2017-04-24,105439.11635902576,94628.09635902576,1
S-A_canslim,2017-04-25,105655.46235902575,94628.09635902576,1
S-A_canslim,2017-04-26,105729.25235902576,94628.09635902576,1
S-A_canslim,2017-04-27,105854.85235902575,94628.09635902576,1
S-A_canslim,2017-04-28,105657.97435902576,94628.09635902576,1
S-A_canslim,2017-05-01,105692.51435902576,94628.09635902576,1
S-A_canslim,2017-05-02,105734.27635902575,94628.09635902576,1
S-A_canslim,2017-05-03,107172.77051547926,107172.77051547926,0
S-A_canslim,2017-05-04,107172.77051547926,107172.77051547926,0
S-A_canslim,2017-05-05,107172.77051547926,107172.77051547926,0
S-A_canslim,2017-05-08,107172.77051547926,107172.77051547926,0
S-A_canslim,2017-05-09,107172.77051547926,107172.77051547926,0
S-A_canslim,2017-05-10,107172.77051547926,107172.77051547926,0
S-A_canslim,2017-05-11,107172.77051547926,107172.77051547926,0
S-A_canslim,2017-05-12,107172.77051547926,107172.77051547926,0
S-A_canslim,2017-05-15,107172.77051547926,107172.77051547926,0
S-A_canslim,2017-05-16,107172.77051547926,107172.77051547926,0
S-A_canslim,2017-05-17,107172.77051547926,107172.77051547926,0
S-A_canslim,2017-05-18,107172.77051547926,107172.77051547926,0
S-A_canslim,2017-05-19,107172.77051547926,107172.77051547926,0
S-A_canslim,2017-05-22,107172.77051547926,107172.77051547926,0
S-A_canslim,2017-05-23,107172.77051547926,107172.77051547926,0
S-A_canslim,2017-05-24,107172.77051547926,107172.77051547926,0
S-A_canslim,2017-05-25,107172.77051547926,107172.77051547926,0
S-A_canslim,2017-05-26,107172.77051547926,107172.77051547926,0
S-A_canslim,2017-05-30,107172.77051547926,107172.77051547926,0
S-A_canslim,2017-05-31,107172.77051547926,107172.77051547926,0
S-A_canslim,2017-06-01,107172.77051547926,107172.77051547926,0
S-A_canslim,2017-06-02,107172.77051547926,107172.77051547926,0
S-A_canslim,2017-06-05,107172.77051547926,107172.77051547926,0
S-A_canslim,2017-06-06,107172.77051547926,107172.77051547926,0
S-A_canslim,2017-06-07,107172.77051547926,107172.77051547926,0
S-A_canslim,2017-06-08,107172.77051547926,107172.77051547926,0
S-A_canslim,2017-06-09,107172.77051547926,107172.77051547926,0
S-A_canslim,2017-06-12,106785.65822261122,96460.14722261122,1
S-A_canslim,2017-06-13,106955.13522261122,96460.14722261122,1
S-A_canslim,2017-06-14,107041.06722261122,96460.14722261122,1
S-A_canslim,2017-06-15,107114.19622261122,96460.14722261122,1
S-A_canslim,2017-06-16,107260.67122261123,96460.14722261122,1
S-A_canslim,2017-06-19,107052.13422261122,96460.14722261122,1
S-A_canslim,2017-06-20,106904.14022261123,96460.14722261122,1
S-A_canslim,2017-06-21,106843.81422261122,96460.14722261122,1
S-A_canslim,2017-06-22,106961.42822261123,96460.14722261122,1
S-A_canslim,2017-06-23,106882.00622261122,96460.14722261122,1
S-A_canslim,2017-06-26,107009.16822261122,96460.14722261122,1
S-A_canslim,2017-06-27,106970.97622261122,96460.14722261122,1
S-A_canslim,2017-06-28,107292.35322261123,96460.14722261122,1
S-A_canslim,2017-06-29,107033.03822261123,96460.14722261122,1
S-A_canslim,2017-06-30,106754.62722261122,96460.14722261122,1
S-A_canslim,2017-07-03,107088.80722261123,96460.14722261122,1
S-A_canslim,2017-07-05,107033.03822261123,96460.14722261122,1
S-A_canslim,2017-07-06,106893.07322261123,96460.14722261122,1
S-A_canslim,2017-07-07,107018.71622261123,96460.14722261122,1
S-A_canslim,2017-07-10,107007.64922261122,96460.14722261122,1
S-A_canslim,2017-07-11,106979.00522261122,96460.14722261122,1
S-A_canslim,2017-07-12,107284.54122261122,96460.14722261122,1
S-A_canslim,2017-07-13,107282.80522261122,96460.14722261122,1
S-A_canslim,2017-07-14,107115.71522261122,96460.14722261122,1
S-A_canslim,2017-07-17,107161.93622261123,96460.14722261122,1
S-A_canslim,2017-07-18,107114.19622261122,96460.14722261122,1
S-A_canslim,2017-07-19,107352.89622261122,96460.14722261122,1
S-A_canslim,2017-07-20,107258.93522261122,96460.14722261122,1
S-A_canslim,2017-07-21,107344.86722261122,96460.14722261122,1
S-A_canslim,2017-07-24,107454.66922261122,96460.14722261122,1
S-A_canslim,2017-07-25,107715.72022261123,96460.14722261122,1
S-A_canslim,2017-07-26,107685.34022261122,96460.14722261122,1
S-A_canslim,2017-07-27,107567.72622261122,96460.14722261122,1
S-A_canslim,2017-07-28,107429.28022261123,96460.14722261122,1
S-A_canslim,2017-07-31,107368.73722261122,96460.14722261122,1
S-A_canslim,2017-08-01,107359.18922261122,96460.14722261122,1
S-A_canslim,2017-08-02,107346.60322261123,96460.14722261122,1
S-A_canslim,2017-08-03,107233.54622261123,96460.14722261122,1
S-A_canslim,2017-08-04,107263.70922261123,96460.14722261122,1
S-A_canslim,2017-08-07,107671.7484882463,85763.7644882463,2
S-A_canslim,2017-08-08,107604.8364882463,85763.7644882463,2
S-A_canslim,2017-08-09,107676.3094882463,85763.7644882463,2
S-A_canslim,2017-08-10,107598.15585526143,96007.99585526143,1
S-A_canslim,2017-08-11,107958.79585526143,96007.99585526143,1
S-A_canslim,2017-08-14,108032.62585526143,96007.99585526143,1
S-A_canslim,2017-08-15,107900.60585526143,96007.99585526143,1
S-A_canslim,2017-08-16,108030.55585526142,96007.99585526143,1
S-A_canslim,2017-08-17,108077.24585526143,96007.99585526143,1
S-A_canslim,2017-08-18,107869.55585526142,96007.99585526143,1
S-A_canslim,2017-08-21,107912.33585526142,96007.99585526143,1
S-A_canslim,2017-08-22,107958.79585526143,96007.99585526143,1
S-A_canslim,2017-08-23,107923.83585526142,96007.99585526143,1
S-A_canslim,2017-08-24,107958.79585526143,96007.99585526143,1
S-A_canslim,2017-08-25,108282.86585526142,96007.99585526143,1
S-A_canslim,2017-08-28,108455.36585526142,96007.99585526143,1
S-A_canslim,2017-08-29,108455.36585526142,96007.99585526143,1
S-A_canslim,2017-08-30,108391.42585526142,96007.99585526143,1
S-A_canslim,2017-08-31,108383.60585526143,96007.99585526143,1
S-A_canslim,2017-09-01,108383.60585526143,96007.99585526143,1
S-A_canslim,2017-09-05,108785.98442958886,108785.98442958886,0
S-A_canslim,2017-09-06,108785.98442958886,108785.98442958886,0
S-A_canslim,2017-09-07,108785.98442958886,108785.98442958886,0
S-A_canslim,2017-09-08,108785.98442958886,108785.98442958886,0
S-A_canslim,2017-09-11,108785.98442958886,108785.98442958886,0
S-A_canslim,2017-09-12,108785.98442958886,108785.98442958886,0
S-A_canslim,2017-09-13,108785.98442958886,108785.98442958886,0
S-A_canslim,2017-09-14,108785.98442958886,108785.98442958886,0
S-A_canslim,2017-09-15,108785.98442958886,108785.98442958886,0
S-A_canslim,2017-09-18,108785.98442958886,108785.98442958886,0
S-A_canslim,2017-09-19,108785.98442958886,108785.98442958886,0
S-A_canslim,2017-09-20,108785.98442958886,108785.98442958886,0
S-A_canslim,2017-09-21,108785.98442958886,108785.98442958886,0
S-A_canslim,2017-09-22,108785.98442958886,108785.98442958886,0
S-A_canslim,2017-09-25,108785.98442958886,108785.98442958886,0
S-A_canslim,2017-09-26,108785.98442958886,108785.98442958886,0
S-A_canslim,2017-09-27,108785.98442958886,108785.98442958886,0
S-A_canslim,2017-09-28,108785.98442958886,108785.98442958886,0
S-A_canslim,2017-09-29,108785.98442958886,108785.98442958886,0
S-A_canslim,2017-10-02,108785.98442958886,108785.98442958886,0
S-A_canslim,2017-10-03,108785.98442958886,108785.98442958886,0
S-A_canslim,2017-10-04,108785.98442958886,108785.98442958886,0
S-A_canslim,2017-10-05,108785.98442958886,108785.98442958886,0
S-A_canslim,2017-10-06,108785.98442958886,108785.98442958886,0
S-A_canslim,2017-10-09,108785.98442958886,108785.98442958886,0
S-A_canslim,2017-10-10,108785.98442958886,108785.98442958886,0
S-A_canslim,2017-10-11,108785.98442958886,108785.98442958886,0
S-A_canslim,2017-10-12,108785.98442958886,108785.98442958886,0
S-A_canslim,2017-10-13,108785.98442958886,108785.98442958886,0
S-A_canslim,2017-10-16,108785.98442958886,108785.98442958886,0
S-A_canslim,2017-10-17,108785.98442958886,108785.98442958886,0
S-A_canslim,2017-10-18,108785.98442958886,108785.98442958886,0
S-A_canslim,2017-10-19,108785.98442958886,108785.98442958886,0
S-A_canslim,2017-10-20,108785.98442958886,108785.98442958886,0
S-A_canslim,2017-10-23,108587.49648048886,99017.37648048886,1
S-A_canslim,2017-10-24,108635.10648048886,99017.37648048886,1
S-A_canslim,2017-10-25,108513.42648048887,99017.37648048886,1
S-A_canslim,2017-10-26,108626.37648048886,99017.37648048886,1
S-A_canslim,2017-10-27,108737.37648048886,99017.37648048886,1
S-A_canslim,2017-10-30,108737.37648048886,99017.37648048886,1
S-A_canslim,2017-10-31,108861.48648048886,99017.37648048886,1
S-A_canslim,2017-11-01,108804.24648048886,99017.37648048886,1
S-A_canslim,2017-11-02,108617.16648048886,99017.37648048886,1
S-A_canslim,2017-11-03,108649.32648048886,99017.37648048886,1
S-A_canslim,2017-11-06,108808.11648048887,99017.37648048886,1
S-A_canslim,2017-11-07,108749.94648048887,99017.37648048886,1
S-A_canslim,2017-11-08,108903.78648048887,99017.37648048886,1
S-A_canslim,2017-11-09,108917.37648048886,99017.37648048886,1
S-A_canslim,2017-11-10,108886.29648048886,99017.37648048886,1
S-A_canslim,2017-11-13,108917.37648048886,99017.37648048886,1
S-A_canslim,2017-11-14,108994.38648048886,99017.37648048886,1
S-A_canslim,2017-11-15,108916.77648048886,99017.37648048886,1
S-A_canslim,2017-11-16,108846.42648048887,99017.37648048886,1
S-A_canslim,2017-11-17,108792.78648048887,99017.37648048886,1
S-A_canslim,2017-11-20,108969.30648048886,99017.37648048886,1
S-A_canslim,2017-11-21,109148.37648048886,99017.37648048886,1
S-A_canslim,2017-11-22,109269.03648048887,99017.37648048886,1
S-A_canslim,2017-11-24,109221.51648048886,99017.37648048886,1
S-A_canslim,2017-11-27,109229.43648048886,99017.37648048886,1
S-A_canslim,2017-11-28,109208.40648048886,99017.37648048886,1
S-A_canslim,2017-11-29,109422.57648048886,99017.37648048886,1
S-A_canslim,2017-11-30,109442.37648048886,99017.37648048886,1
S-A_canslim,2017-12-01,109457.37648048886,99017.37648048886,1
S-A_canslim,2017-12-04,109386.63648048886,99017.37648048886,1
S-A_canslim,2017-12-05,109218.93648048886,99017.37648048886,1
S-A_canslim,2017-12-06,109138.89648048887,99017.37648048886,1
S-A_canslim,2017-12-07,109181.16648048886,99017.37648048886,1
S-A_canslim,2017-12-08,109195.41648048886,99017.37648048886,1
S-A_canslim,2017-12-11,109287.15648048886,99017.37648048886,1
S-A_canslim,2017-12-12,109124.28648048887,99017.37648048886,1
S-A_canslim,2017-12-13,109127.37648048886,99017.37648048886,1
S-A_canslim,2017-12-14,109233.99648048886,99017.37648048886,1
S-A_canslim,2017-12-15,109213.26648048886,99017.37648048886,1
S-A_canslim,2017-12-18,109219.83648048887,99017.37648048886,1
S-A_canslim,2017-12-19,109180.26648048886,99017.37648048886,1
S-A_canslim,2017-12-20,109277.37648048886,99017.37648048886,1
S-A_canslim,2017-12-21,109505.97648048887,99017.37648048886,1
S-A_canslim,2017-12-22,109457.37648048886,99017.37648048886,1
S-A_canslim,2017-12-26,109430.37648048886,99017.37648048886,1
S-A_canslim,2017-12-27,109403.37648048886,99017.37648048886,1
S-A_canslim,2017-12-28,109594.56648048887,99017.37648048886,1
S-A_canslim,2017-12-29,109542.03648048887,99017.37648048886,1
S-A_canslim,2018-01-02,109606.20648048887,99017.37648048886,1
S-A_canslim,2018-01-03,109705.86648048887,99017.37648048886,1
S-A_canslim,2018-01-04,109578.90648048886,99017.37648048886,1
S-A_canslim,2018-01-05,109718.37648048886,99017.37648048886,1
S-A_canslim,2018-01-08,109891.77648048886,99017.37648048886,1
S-A_canslim,2018-01-09,109892.37648048886,99017.37648048886,1
S-A_canslim,2018-01-10,109564.92648048887,99017.37648048886,1
S-A_canslim,2018-01-11,109670.04648048886,99017.37648048886,1
S-A_canslim,2018-01-12,109692.06648048887,99017.37648048886,1
S-A_canslim,2018-01-16,109640.37648048886,99017.37648048886,1
S-A_canslim,2018-01-17,109957.44648048887,99017.37648048886,1
S-A_canslim,2018-01-18,109848.06648048887,99017.37648048886,1
S-A_canslim,2018-01-19,110117.37648048886,99017.37648048886,1
S-A_canslim,2018-01-22,109982.37648048886,99017.37648048886,1
S-A_canslim,2018-01-23,109938.63648048886,99017.37648048886,1
S-A_canslim,2018-01-24,109778.97648048887,99017.37648048886,1
S-A_canslim,2018-01-25,109067.37648048886,99017.37648048886,1
S-A_canslim,2018-01-26,109122.10666545886,109122.10666545886,0
S-A_canslim,2018-01-29,109122.10666545886,109122.10666545886,0
S-A_canslim,2018-01-30,109122.10666545886,109122.10666545886,0
S-A_canslim,2018-01-31,109122.10666545886,109122.10666545886,0
S-A_canslim,2018-02-01,109122.10666545886,109122.10666545886,0
S-A_canslim,2018-02-02,109122.10666545886,109122.10666545886,0
S-A_canslim,2018-02-05,109122.10666545886,109122.10666545886,0
S-A_canslim,2018-02-06,109122.10666545886,109122.10666545886,0
S-A_canslim,2018-02-07,109122.10666545886,109122.10666545886,0
S-A_canslim,2018-02-08,109122.10666545886,109122.10666545886,0
S-A_canslim,2018-02-09,109122.10666545886,109122.10666545886,0
S-A_canslim,2018-02-12,109122.10666545886,109122.10666545886,0
S-A_canslim,2018-02-13,109122.10666545886,109122.10666545886,0
S-A_canslim,2018-02-14,109122.10666545886,109122.10666545886,0
S-A_canslim,2018-02-15,109122.10666545886,109122.10666545886,0
S-A_canslim,2018-02-16,109122.10666545886,109122.10666545886,0
S-A_canslim,2018-02-20,109100.39981745886,98252.39981745886,1
S-A_canslim,2018-02-21,109177.19981745887,98252.39981745886,1
S-A_canslim,2018-02-22,109119.59981745886,98252.39981745886,1
S-A_canslim,2018-02-23,109081.19981745887,98252.39981745886,1
S-A_canslim,2018-02-26,109033.19981745887,98252.39981745886,1
S-A_canslim,2018-02-27,109129.19981745887,98252.39981745886,1
S-A_canslim,2018-02-28,108937.19981745887,98252.39981745886,1
S-A_canslim,2018-03-01,108898.79981745887,98252.39981745886,1
S-A_canslim,2018-03-02,109061.99981745885,98252.39981745886,1
S-A_canslim,2018-03-05,109157.99981745885,98252.39981745886,1
S-A_canslim,2018-03-06,109292.39981745886,98252.39981745886,1
S-A_canslim,2018-03-07,109561.19981745887,98252.39981745886,1
S-A_canslim,2018-03-08,109522.79981745887,98252.39981745886,1
S-A_canslim,2018-03-09,109484.39981745886,98252.39981745886,1
S-A_canslim,2018-03-12,109733.99981745885,98252.39981745886,1
S-A_canslim,2018-03-13,109618.79981745887,98252.39981745886,1
S-A_canslim,2018-03-14,109666.79981745887,98252.39981745886,1
S-A_canslim,2018-03-15,109609.19981745887,98252.39981745886,1
S-A_canslim,2018-03-16,109724.39981745886,98252.39981745886,1
S-A_canslim,2018-03-19,109335.23183116635,76362.51683116636,3
S-A_canslim,2018-03-20,109656.70583116636,76362.51683116636,3
S-A_canslim,2018-03-21,109847.48983116636,76362.51683116636,3
S-A_canslim,2018-03-22,109362.24483116636,76362.51683116636,3
S-A_canslim,2018-03-23,108512.12883116635,76362.51683116636,3
S-A_canslim,2018-03-26,109260.59983116636,76362.51683116636,3
S-A_canslim,2018-03-27,108495.55083116636,76362.51683116636,3
S-A_canslim,2018-03-28,108237.74683116635,76362.51683116636,3
S-A_canslim,2018-03-29,108526.01583116635,76362.51683116636,3
S-A_canslim,2018-04-02,107807.06383116636,76362.51683116636,3
S-A_canslim,2018-04-03,108538.64683116636,76362.51683116636,3
S-A_canslim,2018-04-04,108652.18383116636,76362.51683116636,3
S-A_canslim,2018-04-05,109194.33983116635,76362.51683116636,3
S-A_canslim,2018-04-06,108592.34483116635,76362.51683116636,3
S-A_canslim,2018-04-09,108855.29483116636,76362.51683116636,3
S-A_canslim,2018-04-10,110203.63683116637,76362.51683116636,3
S-A_canslim,2018-04-11,110303.24583116636,76362.51683116636,3
S-A_canslim,2018-04-12,110584.78783116635,76362.51683116636,3
S-A_canslim,2018-04-13,110619.17183116636,76362.51683116636,3
S-A_canslim,2018-04-16,111207.61583116636,76362.51683116636,3
S-A_canslim,2018-04-17,111442.03483116635,76362.51683116636,3
S-A_canslim,2018-04-18,111798.76683116636,76362.51683116636,3
S-A_canslim,2018-04-19,112235.55883116636,76362.51683116636,3
S-A_canslim,2018-04-20,111236.36483116636,76362.51683116636,3
S-A_canslim,2018-04-23,111778.53383116637,76362.51683116636,3
S-A_canslim,2018-04-24,111722.31722658395,89367.08622658395,2
S-A_canslim,2018-04-25,111729.92222658395,89367.08622658395,2
S-A_canslim,2018-04-26,111738.49922658395,89367.08622658395,2
S-A_canslim,2018-04-27,111517.08522658396,89367.08622658395,2
S-A_canslim,2018-04-30,111909.16022658395,89367.08622658395,2
S-A_canslim,2018-05-01,112037.36033458999,99406.43033458998,1
S-A_canslim,2018-05-02,111968.52533458998,99406.43033458998,1
S-A_canslim,2018-05-03,112221.44033458998,99406.43033458998,1
S-A_canslim,2018-05-04,112106.39033458999,99406.43033458998,1
S-A_canslim,2018-05-07,112481.10321969283,112481.10321969283,0
S-A_canslim,2018-05-08,112481.10321969283,112481.10321969283,0
S-A_canslim,2018-05-09,112481.10321969283,112481.10321969283,0
S-A_canslim,2018-05-10,112481.10321969283,112481.10321969283,0
S-A_canslim,2018-05-11,112481.10321969283,112481.10321969283,0
S-A_canslim,2018-05-14,112481.10321969283,112481.10321969283,0
S-A_canslim,2018-05-15,112481.10321969283,112481.10321969283,0
S-A_canslim,2018-05-16,112481.10321969283,112481.10321969283,0
S-A_canslim,2018-05-17,112481.10321969283,112481.10321969283,0
S-A_canslim,2018-05-18,112481.10321969283,112481.10321969283,0
S-A_canslim,2018-05-21,112481.10321969283,112481.10321969283,0
S-A_canslim,2018-05-22,112481.10321969283,112481.10321969283,0
S-A_canslim,2018-05-23,112481.10321969283,112481.10321969283,0
S-A_canslim,2018-05-24,112481.10321969283,112481.10321969283,0
S-A_canslim,2018-05-25,112481.10321969283,112481.10321969283,0
S-A_canslim,2018-05-29,112481.10321969283,112481.10321969283,0
S-A_canslim,2018-05-30,112481.10321969283,112481.10321969283,0
S-A_canslim,2018-05-31,112481.10321969283,112481.10321969283,0
S-A_canslim,2018-06-01,112481.10321969283,112481.10321969283,0
S-A_canslim,2018-06-04,112481.10321969283,112481.10321969283,0
S-A_canslim,2018-06-05,112481.10321969283,112481.10321969283,0
S-A_canslim,2018-06-06,112481.10321969283,112481.10321969283,0
S-A_canslim,2018-06-07,112481.10321969283,112481.10321969283,0
S-A_canslim,2018-06-08,112481.10321969283,112481.10321969283,0
S-A_canslim,2018-06-11,112481.10321969283,112481.10321969283,0
S-A_canslim,2018-06-12,112481.10321969283,112481.10321969283,0
S-A_canslim,2018-06-13,112481.10321969283,112481.10321969283,0
S-A_canslim,2018-06-14,112481.10321969283,112481.10321969283,0
S-A_canslim,2018-06-15,112481.10321969283,112481.10321969283,0
S-A_canslim,2018-06-18,112481.10321969283,112481.10321969283,0
S-A_canslim,2018-06-19,112481.10321969283,112481.10321969283,0
S-A_canslim,2018-06-20,112481.10321969283,112481.10321969283,0
S-A_canslim,2018-06-21,112481.10321969283,112481.10321969283,0
S-A_canslim,2018-06-22,112481.10321969283,112481.10321969283,0
S-A_canslim,2018-06-25,112481.10321969283,112481.10321969283,0
S-A_canslim,2018-06-26,112481.10321969283,112481.10321969283,0
S-A_canslim,2018-06-27,112481.10321969283,112481.10321969283,0
S-A_canslim,2018-06-28,112481.10321969283,112481.10321969283,0
S-A_canslim,2018-06-29,112481.10321969283,112481.10321969283,0
S-A_canslim,2018-07-02,112481.10321969283,112481.10321969283,0
S-A_canslim,2018-07-03,112481.10321969283,112481.10321969283,0
S-A_canslim,2018-07-05,112481.10321969283,112481.10321969283,0
S-A_canslim,2018-07-06,112481.10321969283,112481.10321969283,0
S-A_canslim,2018-07-09,112481.10321969283,112481.10321969283,0
S-A_canslim,2018-07-10,112481.10321969283,112481.10321969283,0
S-A_canslim,2018-07-11,112481.10321969283,112481.10321969283,0
S-A_canslim,2018-07-12,112481.10321969283,112481.10321969283,0
S-A_canslim,2018-07-13,112481.10321969283,112481.10321969283,0
S-A_canslim,2018-07-16,112481.10321969283,112481.10321969283,0
S-A_canslim,2018-07-17,112481.10321969283,112481.10321969283,0
S-A_canslim,2018-07-18,112481.10321969283,112481.10321969283,0
S-A_canslim,2018-07-19,112481.10321969283,112481.10321969283,0
S-A_canslim,2018-07-20,112481.10321969283,112481.10321969283,0
S-A_canslim,2018-07-23,112481.10321969283,112481.10321969283,0
S-A_canslim,2018-07-24,112481.10321969283,112481.10321969283,0
S-A_canslim,2018-07-25,112481.10321969283,112481.10321969283,0
S-A_canslim,2018-07-26,112481.10321969283,112481.10321969283,0
S-A_canslim,2018-07-27,112481.10321969283,112481.10321969283,0
S-A_canslim,2018-07-30,112481.10321969283,112481.10321969283,0
S-A_canslim,2018-07-31,112481.10321969283,112481.10321969283,0
S-A_canslim,2018-08-01,112481.10321969283,112481.10321969283,0
S-A_canslim,2018-08-02,112481.10321969283,112481.10321969283,0
S-A_canslim,2018-08-03,112481.10321969283,112481.10321969283,0
S-A_canslim,2018-08-06,112481.10321969283,112481.10321969283,0
S-A_canslim,2018-08-07,112481.10321969283,112481.10321969283,0
S-A_canslim,2018-08-08,112481.10321969283,112481.10321969283,0
S-A_canslim,2018-08-09,112481.10321969283,112481.10321969283,0
S-A_canslim,2018-08-10,112481.10321969283,112481.10321969283,0
S-A_canslim,2018-08-13,112481.10321969283,112481.10321969283,0
S-A_canslim,2018-08-14,112481.10321969283,112481.10321969283,0
S-A_canslim,2018-08-15,112481.10321969283,112481.10321969283,0
S-A_canslim,2018-08-16,112481.10321969283,112481.10321969283,0
S-A_canslim,2018-08-17,112481.10321969283,112481.10321969283,0
S-A_canslim,2018-08-20,112481.10321969283,112481.10321969283,0
S-A_canslim,2018-08-21,112481.10321969283,112481.10321969283,0
S-A_canslim,2018-08-22,112481.10321969283,112481.10321969283,0
S-A_canslim,2018-08-23,112481.10321969283,112481.10321969283,0
S-A_canslim,2018-08-24,112481.10321969283,112481.10321969283,0
S-A_canslim,2018-08-27,112481.10321969283,112481.10321969283,0
S-A_canslim,2018-08-28,112481.10321969283,112481.10321969283,0
S-A_canslim,2018-08-29,112481.10321969283,112481.10321969283,0
S-A_canslim,2018-08-30,112481.10321969283,112481.10321969283,0
S-A_canslim,2018-08-31,112481.10321969283,112481.10321969283,0
S-A_canslim,2018-09-04,112481.10321969283,112481.10321969283,0
S-A_canslim,2018-09-05,112481.10321969283,112481.10321969283,0
S-A_canslim,2018-09-06,112481.10321969283,112481.10321969283,0
S-A_canslim,2018-09-07,112481.10321969283,112481.10321969283,0
S-A_canslim,2018-09-10,112481.10321969283,112481.10321969283,0
S-A_canslim,2018-09-11,112481.10321969283,112481.10321969283,0
S-A_canslim,2018-09-12,112481.10321969283,112481.10321969283,0
S-A_canslim,2018-09-13,112481.10321969283,112481.10321969283,0
S-A_canslim,2018-09-14,112481.10321969283,112481.10321969283,0
S-A_canslim,2018-09-17,112481.10321969283,112481.10321969283,0
S-A_canslim,2018-09-18,112481.10321969283,112481.10321969283,0
S-A_canslim,2018-09-19,112481.10321969283,112481.10321969283,0
S-A_canslim,2018-09-20,112481.10321969283,112481.10321969283,0
S-A_canslim,2018-09-21,112481.10321969283,112481.10321969283,0
S-A_canslim,2018-09-24,112481.10321969283,112481.10321969283,0
S-A_canslim,2018-09-25,112481.10321969283,112481.10321969283,0
S-A_canslim,2018-09-26,112481.10321969283,112481.10321969283,0
S-A_canslim,2018-09-27,112481.10321969283,112481.10321969283,0
S-A_canslim,2018-09-28,112481.10321969283,112481.10321969283,0
S-A_canslim,2018-10-01,112481.10321969283,112481.10321969283,0
S-A_canslim,2018-10-02,112481.10321969283,112481.10321969283,0
S-A_canslim,2018-10-03,112481.10321969283,112481.10321969283,0
S-A_canslim,2018-10-04,112481.10321969283,112481.10321969283,0
S-A_canslim,2018-10-05,112481.10321969283,112481.10321969283,0
S-A_canslim,2018-10-08,112481.10321969283,112481.10321969283,0
S-A_canslim,2018-10-09,112481.10321969283,112481.10321969283,0
S-A_canslim,2018-10-10,112481.10321969283,112481.10321969283,0
S-A_canslim,2018-10-11,112481.10321969283,112481.10321969283,0
S-A_canslim,2018-10-12,112481.10321969283,112481.10321969283,0
S-A_canslim,2018-10-15,112481.10321969283,112481.10321969283,0
S-A_canslim,2018-10-16,112481.10321969283,112481.10321969283,0
S-A_canslim,2018-10-17,112481.10321969283,112481.10321969283,0
S-A_canslim,2018-10-18,112481.10321969283,112481.10321969283,0
S-A_canslim,2018-10-19,112481.10321969283,112481.10321969283,0
S-A_canslim,2018-10-22,112481.10321969283,112481.10321969283,0
S-A_canslim,2018-10-23,112481.10321969283,112481.10321969283,0
S-A_canslim,2018-10-24,112481.10321969283,112481.10321969283,0
S-A_canslim,2018-10-25,112481.10321969283,112481.10321969283,0
S-A_canslim,2018-10-26,112481.10321969283,112481.10321969283,0
S-A_canslim,2018-10-29,112481.10321969283,112481.10321969283,0
S-A_canslim,2018-10-30,112481.10321969283,112481.10321969283,0
S-A_canslim,2018-10-31,112481.10321969283,112481.10321969283,0
S-A_canslim,2018-11-01,112481.10321969283,112481.10321969283,0
S-A_canslim,2018-11-02,112481.10321969283,112481.10321969283,0
S-A_canslim,2018-11-05,112481.10321969283,112481.10321969283,0
S-A_canslim,2018-11-06,112481.10321969283,112481.10321969283,0
S-A_canslim,2018-11-07,112481.10321969283,112481.10321969283,0
S-A_canslim,2018-11-08,112481.10321969283,112481.10321969283,0
S-A_canslim,2018-11-09,112481.10321969283,112481.10321969283,0
S-A_canslim,2018-11-12,112481.10321969283,112481.10321969283,0
S-A_canslim,2018-11-13,112481.10321969283,112481.10321969283,0
S-A_canslim,2018-11-14,112481.10321969283,112481.10321969283,0
S-A_canslim,2018-11-15,112481.10321969283,112481.10321969283,0
S-A_canslim,2018-11-16,112481.10321969283,112481.10321969283,0
S-A_canslim,2018-11-19,112481.10321969283,112481.10321969283,0
S-A_canslim,2018-11-20,112481.10321969283,112481.10321969283,0
S-A_canslim,2018-11-21,112481.10321969283,112481.10321969283,0
S-A_canslim,2018-11-23,112481.10321969283,112481.10321969283,0
S-A_canslim,2018-11-26,112481.10321969283,112481.10321969283,0
S-A_canslim,2018-11-27,112481.10321969283,112481.10321969283,0
S-A_canslim,2018-11-28,112481.10321969283,112481.10321969283,0
S-A_canslim,2018-11-29,112481.10321969283,112481.10321969283,0
S-A_canslim,2018-11-30,112481.10321969283,112481.10321969283,0
S-A_canslim,2018-12-03,112481.10321969283,112481.10321969283,0
S-A_canslim,2018-12-04,112481.10321969283,112481.10321969283,0
S-A_canslim,2018-12-06,112481.10321969283,112481.10321969283,0
S-A_canslim,2018-12-07,112481.10321969283,112481.10321969283,0
S-A_canslim,2018-12-10,112481.10321969283,112481.10321969283,0
S-A_canslim,2018-12-11,112481.10321969283,112481.10321969283,0
S-A_canslim,2018-12-12,112481.10321969283,112481.10321969283,0
S-A_canslim,2018-12-13,112481.10321969283,112481.10321969283,0
S-A_canslim,2018-12-14,112481.10321969283,112481.10321969283,0
S-A_canslim,2018-12-17,112481.10321969283,112481.10321969283,0
S-A_canslim,2018-12-18,112481.10321969283,112481.10321969283,0
S-A_canslim,2018-12-19,112481.10321969283,112481.10321969283,0
S-A_canslim,2018-12-20,112481.10321969283,112481.10321969283,0
S-A_canslim,2018-12-21,112481.10321969283,112481.10321969283,0
S-A_canslim,2018-12-24,112481.10321969283,112481.10321969283,0
S-A_canslim,2018-12-26,112481.10321969283,112481.10321969283,0
S-A_canslim,2018-12-27,112481.10321969283,112481.10321969283,0
S-A_canslim,2018-12-28,112481.10321969283,112481.10321969283,0
S-A_canslim,2018-12-31,112481.10321969283,112481.10321969283,0
S-A_canslim,2019-01-02,112481.10321969283,112481.10321969283,0
S-A_canslim,2019-01-03,112481.10321969283,112481.10321969283,0
S-A_canslim,2019-01-04,112481.10321969283,112481.10321969283,0
S-A_canslim,2019-01-07,112481.10321969283,112481.10321969283,0
S-A_canslim,2019-01-08,112481.10321969283,112481.10321969283,0
S-A_canslim,2019-01-09,112481.10321969283,112481.10321969283,0
S-A_canslim,2019-01-10,112481.10321969283,112481.10321969283,0
S-A_canslim,2019-01-11,112481.10321969283,112481.10321969283,0
S-A_canslim,2019-01-14,112481.10321969283,112481.10321969283,0
S-A_canslim,2019-01-15,112481.10321969283,112481.10321969283,0
S-A_canslim,2019-01-16,112481.10321969283,112481.10321969283,0
S-A_canslim,2019-01-17,112481.10321969283,112481.10321969283,0
S-A_canslim,2019-01-18,112481.10321969283,112481.10321969283,0
S-A_canslim,2019-01-22,112481.10321969283,112481.10321969283,0
S-A_canslim,2019-01-23,112481.10321969283,112481.10321969283,0
S-A_canslim,2019-01-24,112481.10321969283,112481.10321969283,0
S-A_canslim,2019-01-25,112481.10321969283,112481.10321969283,0
S-A_canslim,2019-01-28,112481.10321969283,112481.10321969283,0
S-A_canslim,2019-01-29,112481.10321969283,112481.10321969283,0
S-A_canslim,2019-01-30,112481.10321969283,112481.10321969283,0
S-A_canslim,2019-01-31,112481.10321969283,112481.10321969283,0
S-A_canslim,2019-02-01,112481.10321969283,112481.10321969283,0
S-A_canslim,2019-02-04,112481.10321969283,112481.10321969283,0
S-A_canslim,2019-02-05,112481.10321969283,112481.10321969283,0
S-A_canslim,2019-02-06,112481.10321969283,112481.10321969283,0
S-A_canslim,2019-02-07,112481.10321969283,112481.10321969283,0
S-A_canslim,2019-02-08,112481.10321969283,112481.10321969283,0
S-A_canslim,2019-02-11,112481.10321969283,112481.10321969283,0
S-A_canslim,2019-02-12,112481.10321969283,112481.10321969283,0
S-A_canslim,2019-02-13,112481.10321969283,112481.10321969283,0
S-A_canslim,2019-02-14,112481.10321969283,112481.10321969283,0
S-A_canslim,2019-02-15,112481.10321969283,112481.10321969283,0
S-A_canslim,2019-02-19,112481.10321969283,112481.10321969283,0
S-A_canslim,2019-02-20,112481.10321969283,112481.10321969283,0
S-A_canslim,2019-02-21,112481.10321969283,112481.10321969283,0
S-A_canslim,2019-02-22,112481.10321969283,112481.10321969283,0
S-A_canslim,2019-02-25,112481.10321969283,112481.10321969283,0
S-A_canslim,2019-02-26,112481.10321969283,112481.10321969283,0
S-A_canslim,2019-02-27,112481.10321969283,112481.10321969283,0
S-A_canslim,2019-02-28,112481.10321969283,112481.10321969283,0
S-A_canslim,2019-03-01,112481.10321969283,112481.10321969283,0
S-A_canslim,2019-03-04,112481.10321969283,112481.10321969283,0
S-A_canslim,2019-03-05,112481.10321969283,112481.10321969283,0
S-A_canslim,2019-03-06,112481.10321969283,112481.10321969283,0
S-A_canslim,2019-03-07,112481.10321969283,112481.10321969283,0
S-A_canslim,2019-03-08,112481.10321969283,112481.10321969283,0
S-A_canslim,2019-03-11,112481.10321969283,112481.10321969283,0
S-A_canslim,2019-03-12,112481.10321969283,112481.10321969283,0
S-A_canslim,2019-03-13,112481.10321969283,112481.10321969283,0
S-A_canslim,2019-03-14,112481.10321969283,112481.10321969283,0
S-A_canslim,2019-03-15,112481.10321969283,112481.10321969283,0
S-A_canslim,2019-03-18,112481.10321969283,112481.10321969283,0
S-A_canslim,2019-03-19,112481.10321969283,112481.10321969283,0
S-A_canslim,2019-03-20,112481.10321969283,112481.10321969283,0
S-A_canslim,2019-03-21,112481.10321969283,112481.10321969283,0
S-A_canslim,2019-03-22,112481.10321969283,112481.10321969283,0
S-A_canslim,2019-03-25,112481.10321969283,112481.10321969283,0
S-A_canslim,2019-03-26,112481.10321969283,112481.10321969283,0
S-A_canslim,2019-03-27,112481.10321969283,112481.10321969283,0
S-A_canslim,2019-03-28,112481.10321969283,112481.10321969283,0
S-A_canslim,2019-03-29,112481.10321969283,112481.10321969283,0
S-A_canslim,2019-04-01,112481.10321969283,112481.10321969283,0
S-A_canslim,2019-04-02,112481.10321969283,112481.10321969283,0
S-A_canslim,2019-04-03,112481.10321969283,112481.10321969283,0
S-A_canslim,2019-04-04,112481.10321969283,112481.10321969283,0
S-A_canslim,2019-04-05,112481.10321969283,112481.10321969283,0
S-A_canslim,2019-04-08,112481.10321969283,112481.10321969283,0
S-A_canslim,2019-04-09,112481.10321969283,112481.10321969283,0
S-A_canslim,2019-04-10,112481.10321969283,112481.10321969283,0
S-A_canslim,2019-04-11,112481.10321969283,112481.10321969283,0
S-A_canslim,2019-04-12,112481.10321969283,112481.10321969283,0
S-A_canslim,2019-04-15,112323.6923436573,101234.37234365729,1
S-A_canslim,2019-04-16,112173.4043436573,101234.37234365729,1
S-A_canslim,2019-04-17,112375.64834365729,101234.37234365729,1
S-A_canslim,2019-04-18,112371.30834365729,101234.37234365729,1
S-A_canslim,2019-04-22,112384.20434365729,101234.37234365729,1
S-A_canslim,2019-04-23,112349.36034365729,101234.37234365729,1
S-A_canslim,2019-04-24,112346.13634365729,101234.37234365729,1
S-A_canslim,2019-04-25,112242.34834365729,101234.37234365729,1
S-A_canslim,2019-04-26,111550.36511901513,111550.36511901513,0
S-A_canslim,2019-04-29,111550.36511901513,111550.36511901513,0
S-A_canslim,2019-04-30,111550.36511901513,111550.36511901513,0
S-A_canslim,2019-05-01,111550.36511901513,111550.36511901513,0
S-A_canslim,2019-05-02,111550.36511901513,111550.36511901513,0
S-A_canslim,2019-05-03,111550.36511901513,111550.36511901513,0
S-A_canslim,2019-05-06,111550.36511901513,111550.36511901513,0
S-A_canslim,2019-05-07,111550.36511901513,111550.36511901513,0
S-A_canslim,2019-05-08,111550.36511901513,111550.36511901513,0
S-A_canslim,2019-05-09,111550.36511901513,111550.36511901513,0
S-A_canslim,2019-05-10,111550.36511901513,111550.36511901513,0
S-A_canslim,2019-05-13,111550.36511901513,111550.36511901513,0
S-A_canslim,2019-05-14,111550.36511901513,111550.36511901513,0
S-A_canslim,2019-05-15,111550.36511901513,111550.36511901513,0
S-A_canslim,2019-05-16,111550.36511901513,111550.36511901513,0
S-A_canslim,2019-05-17,111550.36511901513,111550.36511901513,0
S-A_canslim,2019-05-20,111550.36511901513,111550.36511901513,0
S-A_canslim,2019-05-21,111550.36511901513,111550.36511901513,0
S-A_canslim,2019-05-22,111550.36511901513,111550.36511901513,0
S-A_canslim,2019-05-23,111550.36511901513,111550.36511901513,0
S-A_canslim,2019-05-24,111550.36511901513,111550.36511901513,0
S-A_canslim,2019-05-28,111550.36511901513,111550.36511901513,0
S-A_canslim,2019-05-29,111550.36511901513,111550.36511901513,0
S-A_canslim,2019-05-30,111550.36511901513,111550.36511901513,0
S-A_canslim,2019-05-31,111550.36511901513,111550.36511901513,0
S-A_canslim,2019-06-03,111550.36511901513,111550.36511901513,0
S-A_canslim,2019-06-04,111550.36511901513,111550.36511901513,0
S-A_canslim,2019-06-05,111550.36511901513,111550.36511901513,0
S-A_canslim,2019-06-06,111550.36511901513,111550.36511901513,0
S-A_canslim,2019-06-07,111550.36511901513,111550.36511901513,0
S-A_canslim,2019-06-10,111550.36511901513,111550.36511901513,0
S-A_canslim,2019-06-11,111550.36511901513,111550.36511901513,0
S-A_canslim,2019-06-12,111550.36511901513,111550.36511901513,0
S-A_canslim,2019-06-13,111550.36511901513,111550.36511901513,0
S-A_canslim,2019-06-14,111550.36511901513,111550.36511901513,0
S-A_canslim,2019-06-17,111550.36511901513,111550.36511901513,0
S-A_canslim,2019-06-18,111550.36511901513,111550.36511901513,0
S-A_canslim,2019-06-19,111550.36511901513,111550.36511901513,0
S-A_canslim,2019-06-20,111550.36511901513,111550.36511901513,0
S-A_canslim,2019-06-21,111550.36511901513,111550.36511901513,0
S-A_canslim,2019-06-24,111550.36511901513,111550.36511901513,0
S-A_canslim,2019-06-25,111550.36511901513,111550.36511901513,0
S-A_canslim,2019-06-26,111550.36511901513,111550.36511901513,0
S-A_canslim,2019-06-27,111550.36511901513,111550.36511901513,0
S-A_canslim,2019-06-28,111550.36511901513,111550.36511901513,0
S-A_canslim,2019-07-01,111464.64240190489,100404.05840190488,1
S-A_canslim,2019-07-02,111460.53840190488,100404.05840190488,1
S-A_canslim,2019-07-03,111634.42640190489,100404.05840190488,1
S-A_canslim,2019-07-05,111720.00240190489,100404.05840190488,1
S-A_canslim,2019-07-08,111635.79440190489,100404.05840190488,1
S-A_canslim,2019-07-09,111650.99440190489,100404.05840190488,1
S-A_canslim,2019-07-10,111648.25840190488,100404.05840190488,1
S-A_canslim,2019-07-11,111708.90640190488,100404.05840190488,1
S-A_canslim,2019-07-12,111776.54640190488,100404.05840190488,1
S-A_canslim,2019-07-15,111764.08240190489,100404.05840190488,1
S-A_canslim,2019-07-16,111722.73840190488,100404.05840190488,1
S-A_canslim,2019-07-17,111547.48240190488,100404.05840190488,1
S-A_canslim,2019-07-18,111573.77840190488,100404.05840190488,1
S-A_canslim,2019-07-19,111384.69040190488,100404.05840190488,1
S-A_canslim,2019-07-22,111383.32240190488,100404.05840190488,1
S-A_canslim,2019-07-23,111555.84240190488,100404.05840190488,1
S-A_canslim,2019-07-24,111661.93840190489,100404.05840190488,1
S-A_canslim,2019-07-25,111599.92240190489,100404.05840190488,1
S-A_canslim,2019-07-26,111776.54640190488,100404.05840190488,1
S-A_canslim,2019-07-29,111899.36240190489,100404.05840190488,1
S-A_canslim,2019-07-30,112045.58640190489,100404.05840190488,1
S-A_canslim,2019-07-31,111730.94640190489,100404.05840190488,1
S-A_canslim,2019-08-01,111911.67440190488,100404.05840190488,1
S-A_canslim,2019-08-02,111697.81040190489,100404.05840190488,1
S-A_canslim,2019-08-05,111300.48240190488,100404.05840190488,1
S-A_canslim,2019-08-06,111446.70640190488,100404.05840190488,1
S-A_canslim,2019-08-07,111519.97040190488,100404.05840190488,1
S-A_canslim,2019-08-08,111979.31440190488,100404.05840190488,1
S-A_canslim,2019-08-09,111863.49040190488,100404.05840190488,1
S-A_canslim,2019-08-12,111856.49840190489,100404.05840190488,1
S-A_canslim,2019-08-13,112030.38640190489,100404.05840190488,1
S-A_canslim,2019-08-14,111830.35440190489,100404.05840190488,1
S-A_canslim,2019-08-15,111842.66640190489,100404.05840190488,1
S-A_canslim,2019-08-16,111968.21840190489,100404.05840190488,1
S-A_canslim,2019-08-19,112142.10640190488,100404.05840190488,1
S-A_canslim,2019-08-20,112057.89840190488,100404.05840190488,1
S-A_canslim,2019-08-21,112205.64240190489,100404.05840190488,1
S-A_canslim,2019-08-22,112208.37840190489,100404.05840190488,1
S-A_canslim,2019-08-23,111911.67440190488,100404.05840190488,1
S-A_canslim,2019-08-26,112034.49040190488,100404.05840190488,1
S-A_canslim,2019-08-27,112135.26640190488,100404.05840190488,1
S-A_canslim,2019-08-28,112230.41840190488,100404.05840190488,1
S-A_canslim,2019-08-29,112434.55440190488,100404.05840190488,1
S-A_canslim,2019-08-30,112456.74640190488,100404.05840190488,1
S-A_canslim,2019-09-03,112317.36240190489,100404.05840190488,1
S-A_canslim,2019-09-04,112492.61840190488,100404.05840190488,1
S-A_canslim,2019-09-05,112658.14640190489,100404.05840190488,1
S-A_canslim,2019-09-06,112492.61840190488,100404.05840190488,1
S-A_canslim,2019-09-09,112120.06640190489,100404.05840190488,1
S-A_canslim,2019-09-10,111991.77840190488,100404.05840190488,1
S-A_canslim,2019-09-11,112164.14640190489,100404.05840190488,1
S-A_canslim,2019-09-12,112317.36240190489,100404.05840190488,1
S-A_canslim,2019-09-13,112291.06640190489,100404.05840190488,1
S-A_canslim,2019-09-16,112357.64240190489,100404.05840190488,1
S-A_canslim,2019-09-17,112412.97040190488,100404.05840190488,1
S-A_canslim,2019-09-18,112537.61040190488,100404.05840190488,1
S-A_canslim,2019-09-19,112505.84240190488,100404.05840190488,1
S-A_canslim,2019-09-20,112361.74640190488,100404.05840190488,1
S-A_canslim,2019-09-23,112273.13040190488,100404.05840190488,1
S-A_canslim,2019-09-24,112317.51440190489,100404.05840190488,1
S-A_canslim,2019-09-25,112460.09040190489,100404.05840190488,1
S-A_canslim,2019-09-26,112472.55440190488,100404.05840190488,1
S-A_canslim,2019-09-27,112180.25840190488,100404.05840190488,1
S-A_canslim,2019-09-30,112299.42640190489,100404.05840190488,1
S-A_canslim,2019-10-01,112147.12240190488,100404.05840190488,1
S-A_canslim,2019-10-02,111894.95440190489,100404.05840190488,1
S-A_canslim,2019-10-03,111880.3615664867,111880.3615664867,0
S-A_canslim,2019-10-04,111880.3615664867,111880.3615664867,0
S-A_canslim,2019-10-07,111880.3615664867,111880.3615664867,0
S-A_canslim,2019-10-08,111880.3615664867,111880.3615664867,0
S-A_canslim,2019-10-09,111880.3615664867,111880.3615664867,0
S-A_canslim,2019-10-10,111880.3615664867,111880.3615664867,0
S-A_canslim,2019-10-11,111880.3615664867,111880.3615664867,0
S-A_canslim,2019-10-14,111880.3615664867,111880.3615664867,0
S-A_canslim,2019-10-15,111880.3615664867,111880.3615664867,0
S-A_canslim,2019-10-16,111880.3615664867,111880.3615664867,0
S-A_canslim,2019-10-17,111880.3615664867,111880.3615664867,0
S-A_canslim,2019-10-18,111880.3615664867,111880.3615664867,0
S-A_canslim,2019-10-21,111880.3615664867,111880.3615664867,0
S-A_canslim,2019-10-22,111880.3615664867,111880.3615664867,0
S-A_canslim,2019-10-23,111880.3615664867,111880.3615664867,0
S-A_canslim,2019-10-24,111880.3615664867,111880.3615664867,0
S-A_canslim,2019-10-25,111880.3615664867,111880.3615664867,0
S-A_canslim,2019-10-28,111880.3615664867,111880.3615664867,0
S-A_canslim,2019-10-29,111880.3615664867,111880.3615664867,0
S-A_canslim,2019-10-30,111880.3615664867,111880.3615664867,0
S-A_canslim,2019-10-31,111880.3615664867,111880.3615664867,0
S-A_canslim,2019-11-01,111880.3615664867,111880.3615664867,0
S-A_canslim,2019-11-04,111857.18276387344,100717.92276387344,1
S-A_canslim,2019-11-05,111721.90476387345,100717.92276387344,1
S-A_canslim,2019-11-06,111570.89676387345,100717.92276387344,1
S-A_canslim,2019-11-07,111589.04676387344,100717.92276387344,1
S-A_canslim,2019-11-08,111724.32476387345,100717.92276387344,1
S-A_canslim,2019-11-11,111609.37476387345,100717.92276387344,1
S-A_canslim,2019-11-12,112006.01276387344,100717.92276387344,1
S-A_canslim,2019-11-13,111918.16676387345,100717.92276387344,1
S-A_canslim,2019-11-14,112084.90476387345,100717.92276387344,1
S-A_canslim,2019-11-15,112190.90076387345,100717.92276387344,1
S-A_canslim,2019-11-18,112290.12076387345,100717.92276387344,1
S-A_canslim,2019-11-19,112355.46076387345,100717.92276387344,1
S-A_canslim,2019-11-20,112283.34476387344,100717.92276387344,1
S-A_canslim,2019-11-21,111857.18276387344,100717.92276387344,1
S-A_canslim,2019-11-22,111523.70676387344,100717.92276387344,1
S-A_canslim,2019-11-25,111753.60676387344,100717.92276387344,1
S-A_canslim,2019-11-26,111958.82276387344,100717.92276387344,1
S-A_canslim,2019-11-27,111963.17876387344,100717.92276387344,1
S-A_canslim,2019-11-29,111836.85476387345,100717.92276387344,1
S-A_canslim,2019-12-02,111782.88876387344,100717.92276387344,1
S-A_canslim,2019-12-03,111796.44076387344,100717.92276387344,1
S-A_canslim,2019-12-04,111780.71076387345,100717.92276387344,1
S-A_canslim,2019-12-05,111715.12876387345,100717.92276387344,1
S-A_canslim,2019-12-06,111692.62276387344,100717.92276387344,1
S-A_canslim,2019-12-09,111764.73876387345,100717.92276387344,1
S-A_canslim,2019-12-10,111877.51076387345,100717.92276387344,1
S-A_canslim,2019-12-11,111877.51076387345,100717.92276387344,1
S-A_canslim,2019-12-12,111877.51076387345,100717.92276387344,1
S-A_canslim,2019-12-13,111794.02076387344,100717.92276387344,1
S-A_canslim,2019-12-16,111719.72676387345,100717.92276387344,1
S-A_canslim,2019-12-17,111334.22076387344,100717.92276387344,1
S-A_canslim,2019-12-18,111992.46076387345,100717.92276387344,1
S-A_canslim,2019-12-19,112233.73476387345,100717.92276387344,1
S-A_canslim,2019-12-20,112470.41076387344,100717.92276387344,1
S-A_canslim,2019-12-23,112337.21271807344,89508.47871807344,2
S-A_canslim,2019-12-24,112352.91871807344,89508.47871807344,2
S-A_canslim,2019-12-26,112371.10871807343,89508.47871807344,2
S-A_canslim,2019-12-27,112225.87071807345,89508.47871807344,2
S-A_canslim,2019-12-30,112197.22671807345,89508.47871807344,2
S-A_canslim,2019-12-31,112014.90071807345,89508.47871807344,2
S-A_canslim,2020-01-02,112121.96071807345,89508.47871807344,2
S-A_canslim,2020-01-03,112240.95871807344,89508.47871807344,2
S-A_canslim,2020-01-06,112087.72671807345,89508.47871807344,2
S-A_canslim,2020-01-07,113200.28471807344,89508.47871807344,2
S-A_canslim,2020-01-08,113477.33671807343,89508.47871807344,2
S-A_canslim,2020-01-09,113454.15671807344,89508.47871807344,2
S-A_canslim,2020-01-10,113242.38071807344,89508.47871807344,2
S-A_canslim,2020-01-13,113411.60271807344,89508.47871807344,2
S-A_canslim,2020-01-14,113313.02471807344,89508.47871807344,2
S-A_canslim,2020-01-15,113369.50071807344,89508.47871807344,2
S-A_canslim,2020-01-16,113683.00471807344,89508.47871807344,2
S-A_canslim,2020-01-17,113662.92271807345,89508.47871807344,2
S-A_canslim,2020-01-21,113535.25271807345,89508.47871807344,2
S-A_canslim,2020-01-22,113245.88671807344,89508.47871807344,2
S-A_canslim,2020-01-23,113521.49471807345,89508.47871807344,2
S-A_canslim,2020-01-24,113423.18071807345,89508.47871807344,2
S-A_canslim,2020-01-27,113161.96671807344,89508.47871807344,2
S-A_canslim,2020-01-28,113693.38271807344,89508.47871807344,2
S-A_canslim,2020-01-29,113511.03871807344,89508.47871807344,2
S-A_canslim,2020-01-30,113335.28271807345,89508.47871807344,2
S-A_canslim,2020-01-31,112941.27671807344,89508.47871807344,2
S-A_canslim,2020-02-03,113140.240721507,100815.800721507,1
S-A_canslim,2020-02-04,113369.600721507,100815.800721507,1
S-A_canslim,2020-02-05,113420.84072150699,100815.800721507,1
S-A_canslim,2020-02-06,113630.680721507,100815.800721507,1
S-A_canslim,2020-02-07,113459.880721507,100815.800721507,1
S-A_canslim,2020-02-10,113389.120721507,100815.800721507,1
S-A_canslim,2020-02-11,113645.320721507,100815.800721507,1
S-A_canslim,2020-02-12,113596.520721507,100815.800721507,1
S-A_canslim,2020-02-13,113550.160721507,100815.800721507,1
S-A_canslim,2020-02-14,113550.160721507,100815.800721507,1
S-A_canslim,2020-02-18,113645.320721507,100815.800721507,1
S-A_canslim,2020-02-19,113784.400721507,100815.800721507,1
S-A_canslim,2020-02-20,113598.960721507,100815.800721507,1
S-A_canslim,2020-02-21,113159.760721507,100815.800721507,1
S-A_canslim,2020-02-24,112847.440721507,100815.800721507,1
S-A_canslim,2020-02-25,111082.15426199633,111082.15426199633,0
S-A_canslim,2020-02-26,111082.15426199633,111082.15426199633,0
S-A_canslim,2020-02-27,111082.15426199633,111082.15426199633,0
S-A_canslim,2020-02-28,111082.15426199633,111082.15426199633,0
S-A_canslim,2020-03-02,111082.15426199633,111082.15426199633,0
S-A_canslim,2020-03-03,111082.15426199633,111082.15426199633,0
S-A_canslim,2020-03-04,111082.15426199633,111082.15426199633,0
S-A_canslim,2020-03-05,111082.15426199633,111082.15426199633,0
S-A_canslim,2020-03-06,111082.15426199633,111082.15426199633,0
S-A_canslim,2020-03-09,111082.15426199633,111082.15426199633,0
S-A_canslim,2020-03-10,111082.15426199633,111082.15426199633,0
S-A_canslim,2020-03-11,111082.15426199633,111082.15426199633,0
S-A_canslim,2020-03-12,111082.15426199633,111082.15426199633,0
S-A_canslim,2020-03-13,111082.15426199633,111082.15426199633,0
S-A_canslim,2020-03-16,111082.15426199633,111082.15426199633,0
S-A_canslim,2020-03-17,111082.15426199633,111082.15426199633,0
S-A_canslim,2020-03-18,111082.15426199633,111082.15426199633,0
S-A_canslim,2020-03-19,111082.15426199633,111082.15426199633,0
S-A_canslim,2020-03-20,111082.15426199633,111082.15426199633,0
S-A_canslim,2020-03-23,111082.15426199633,111082.15426199633,0
S-A_canslim,2020-03-24,111082.15426199633,111082.15426199633,0
S-A_canslim,2020-03-25,111082.15426199633,111082.15426199633,0
S-A_canslim,2020-03-26,111082.15426199633,111082.15426199633,0
S-A_canslim,2020-03-27,111082.15426199633,111082.15426199633,0
S-A_canslim,2020-03-30,111082.15426199633,111082.15426199633,0
S-A_canslim,2020-03-31,111082.15426199633,111082.15426199633,0
S-A_canslim,2020-04-01,111082.15426199633,111082.15426199633,0
S-A_canslim,2020-04-02,111082.15426199633,111082.15426199633,0
S-A_canslim,2020-04-03,111082.15426199633,111082.15426199633,0
S-A_canslim,2020-04-06,111082.15426199633,111082.15426199633,0
S-A_canslim,2020-04-07,111082.15426199633,111082.15426199633,0
S-A_canslim,2020-04-08,111082.15426199633,111082.15426199633,0
S-A_canslim,2020-04-09,111082.15426199633,111082.15426199633,0
S-A_canslim,2020-04-13,111082.15426199633,111082.15426199633,0
S-A_canslim,2020-04-14,111082.15426199633,111082.15426199633,0
S-A_canslim,2020-04-15,111082.15426199633,111082.15426199633,0
S-A_canslim,2020-04-16,111082.15426199633,111082.15426199633,0
S-A_canslim,2020-04-17,111082.15426199633,111082.15426199633,0
S-A_canslim,2020-04-20,111082.15426199633,111082.15426199633,0
S-A_canslim,2020-04-21,111082.15426199633,111082.15426199633,0
S-A_canslim,2020-04-22,111082.15426199633,111082.15426199633,0
S-A_canslim,2020-04-23,111082.15426199633,111082.15426199633,0
S-A_canslim,2020-04-24,111082.15426199633,111082.15426199633,0
S-A_canslim,2020-04-27,111082.15426199633,111082.15426199633,0
S-A_canslim,2020-04-28,111082.15426199633,111082.15426199633,0
S-A_canslim,2020-04-29,111082.15426199633,111082.15426199633,0
S-A_canslim,2020-04-30,111082.15426199633,111082.15426199633,0
S-A_canslim,2020-05-01,111082.15426199633,111082.15426199633,0
S-A_canslim,2020-05-04,111082.15426199633,111082.15426199633,0
S-A_canslim,2020-05-05,111082.15426199633,111082.15426199633,0
S-A_canslim,2020-05-06,111082.15426199633,111082.15426199633,0
S-A_canslim,2020-05-07,111082.15426199633,111082.15426199633,0
S-A_canslim,2020-05-08,111082.15426199633,111082.15426199633,0
S-A_canslim,2020-05-11,111082.15426199633,111082.15426199633,0
S-A_canslim,2020-05-12,111082.15426199633,111082.15426199633,0
S-A_canslim,2020-05-13,111082.15426199633,111082.15426199633,0
S-A_canslim,2020-05-14,111082.15426199633,111082.15426199633,0
S-A_canslim,2020-05-15,111082.15426199633,111082.15426199633,0
S-A_canslim,2020-05-18,111082.15426199633,111082.15426199633,0
S-A_canslim,2020-05-19,111082.15426199633,111082.15426199633,0
S-A_canslim,2020-05-20,111082.15426199633,111082.15426199633,0
S-A_canslim,2020-05-21,111082.15426199633,111082.15426199633,0
S-A_canslim,2020-05-22,111082.15426199633,111082.15426199633,0
S-A_canslim,2020-05-26,111082.15426199633,111082.15426199633,0
S-A_canslim,2020-05-27,111082.15426199633,111082.15426199633,0
S-A_canslim,2020-05-28,111082.15426199633,111082.15426199633,0
S-A_canslim,2020-05-29,111082.15426199633,111082.15426199633,0
S-A_canslim,2020-06-01,111082.15426199633,111082.15426199633,0
S-A_canslim,2020-06-02,111082.15426199633,111082.15426199633,0
S-A_canslim,2020-06-03,111082.15426199633,111082.15426199633,0
S-A_canslim,2020-06-04,111082.15426199633,111082.15426199633,0
S-A_canslim,2020-06-05,111082.15426199633,111082.15426199633,0
S-A_canslim,2020-06-08,111082.15426199633,111082.15426199633,0
S-A_canslim,2020-06-09,111082.15426199633,111082.15426199633,0
S-A_canslim,2020-06-10,111082.15426199633,111082.15426199633,0
S-A_canslim,2020-06-11,111082.15426199633,111082.15426199633,0
S-A_canslim,2020-06-12,111082.15426199633,111082.15426199633,0
S-A_canslim,2020-06-15,111082.15426199633,111082.15426199633,0
S-A_canslim,2020-06-16,111082.15426199633,111082.15426199633,0
S-A_canslim,2020-06-17,111082.15426199633,111082.15426199633,0
S-A_canslim,2020-06-18,111082.15426199633,111082.15426199633,0
S-A_canslim,2020-06-19,111082.15426199633,111082.15426199633,0
S-A_canslim,2020-06-22,111082.15426199633,111082.15426199633,0
S-A_canslim,2020-06-23,111082.15426199633,111082.15426199633,0
S-A_canslim,2020-06-24,111082.15426199633,111082.15426199633,0
S-A_canslim,2020-06-25,111082.15426199633,111082.15426199633,0
S-A_canslim,2020-06-26,111082.15426199633,111082.15426199633,0
S-A_canslim,2020-06-29,111082.15426199633,111082.15426199633,0
S-A_canslim,2020-06-30,111082.15426199633,111082.15426199633,0
S-A_canslim,2020-07-01,111082.15426199633,111082.15426199633,0
S-A_canslim,2020-07-02,111082.15426199633,111082.15426199633,0
S-A_canslim,2020-07-06,111082.15426199633,111082.15426199633,0
S-A_canslim,2020-07-07,111082.15426199633,111082.15426199633,0
S-A_canslim,2020-07-08,111082.15426199633,111082.15426199633,0
S-A_canslim,2020-07-09,111082.15426199633,111082.15426199633,0
S-A_canslim,2020-07-10,111082.15426199633,111082.15426199633,0
S-A_canslim,2020-07-13,111082.15426199633,111082.15426199633,0
S-A_canslim,2020-07-14,111082.15426199633,111082.15426199633,0
S-A_canslim,2020-07-15,111082.15426199633,111082.15426199633,0
S-A_canslim,2020-07-16,111082.15426199633,111082.15426199633,0
S-A_canslim,2020-07-17,111082.15426199633,111082.15426199633,0
S-A_canslim,2020-07-20,111082.15426199633,111082.15426199633,0
S-A_canslim,2020-07-21,111082.15426199633,111082.15426199633,0
S-A_canslim,2020-07-22,111082.15426199633,111082.15426199633,0
S-A_canslim,2020-07-23,111082.15426199633,111082.15426199633,0
S-A_canslim,2020-07-24,111082.15426199633,111082.15426199633,0
S-A_canslim,2020-07-27,111082.15426199633,111082.15426199633,0
S-A_canslim,2020-07-28,111082.15426199633,111082.15426199633,0
S-A_canslim,2020-07-29,111082.15426199633,111082.15426199633,0
S-A_canslim,2020-07-30,111082.15426199633,111082.15426199633,0
S-A_canslim,2020-07-31,111082.15426199633,111082.15426199633,0
S-A_canslim,2020-08-03,111082.15426199633,111082.15426199633,0
S-A_canslim,2020-08-04,111082.15426199633,111082.15426199633,0
S-A_canslim,2020-08-05,111082.15426199633,111082.15426199633,0
S-A_canslim,2020-08-06,111082.15426199633,111082.15426199633,0
S-A_canslim,2020-08-07,111082.15426199633,111082.15426199633,0
S-A_canslim,2020-08-10,111082.15426199633,111082.15426199633,0
S-A_canslim,2020-08-11,111082.15426199633,111082.15426199633,0
S-A_canslim,2020-08-12,111082.15426199633,111082.15426199633,0
S-A_canslim,2020-08-13,111082.15426199633,111082.15426199633,0
S-A_canslim,2020-08-14,111082.15426199633,111082.15426199633,0
S-A_canslim,2020-08-17,111082.15426199633,111082.15426199633,0
S-A_canslim,2020-08-18,111082.15426199633,111082.15426199633,0
S-A_canslim,2020-08-19,111082.15426199633,111082.15426199633,0
S-A_canslim,2020-08-20,111082.15426199633,111082.15426199633,0
S-A_canslim,2020-08-21,111082.15426199633,111082.15426199633,0
S-A_canslim,2020-08-24,111082.15426199633,111082.15426199633,0
S-A_canslim,2020-08-25,111082.15426199633,111082.15426199633,0
S-A_canslim,2020-08-26,111082.15426199633,111082.15426199633,0
S-A_canslim,2020-08-27,111082.15426199633,111082.15426199633,0
S-A_canslim,2020-08-28,111082.15426199633,111082.15426199633,0
S-A_canslim,2020-08-31,111082.15426199633,111082.15426199633,0
S-A_canslim,2020-09-01,111082.15426199633,111082.15426199633,0
S-A_canslim,2020-09-02,111082.15426199633,111082.15426199633,0
S-A_canslim,2020-09-03,111082.15426199633,111082.15426199633,0
S-A_canslim,2020-09-04,111082.15426199633,111082.15426199633,0
S-A_canslim,2020-09-08,111082.15426199633,111082.15426199633,0
S-A_canslim,2020-09-09,111082.15426199633,111082.15426199633,0
S-A_canslim,2020-09-10,111082.15426199633,111082.15426199633,0
S-A_canslim,2020-09-11,111082.15426199633,111082.15426199633,0
S-A_canslim,2020-09-14,111082.15426199633,111082.15426199633,0
S-A_canslim,2020-09-15,111082.15426199633,111082.15426199633,0
S-A_canslim,2020-09-16,111082.15426199633,111082.15426199633,0
S-A_canslim,2020-09-17,111082.15426199633,111082.15426199633,0
S-A_canslim,2020-09-18,111082.15426199633,111082.15426199633,0
S-A_canslim,2020-09-21,111082.15426199633,111082.15426199633,0
S-A_canslim,2020-09-22,111082.15426199633,111082.15426199633,0
S-A_canslim,2020-09-23,111082.15426199633,111082.15426199633,0
S-A_canslim,2020-09-24,111082.15426199633,111082.15426199633,0
S-A_canslim,2020-09-25,111082.15426199633,111082.15426199633,0
S-A_canslim,2020-09-28,111082.15426199633,111082.15426199633,0
S-A_canslim,2020-09-29,111082.15426199633,111082.15426199633,0
S-A_canslim,2020-09-30,111082.15426199633,111082.15426199633,0
S-A_canslim,2020-10-01,111082.15426199633,111082.15426199633,0
S-A_canslim,2020-10-02,111082.15426199633,111082.15426199633,0
S-A_canslim,2020-10-05,111082.15426199633,111082.15426199633,0
S-A_canslim,2020-10-06,111082.15426199633,111082.15426199633,0
S-A_canslim,2020-10-07,111082.15426199633,111082.15426199633,0
S-A_canslim,2020-10-08,111082.15426199633,111082.15426199633,0
S-A_canslim,2020-10-09,111082.15426199633,111082.15426199633,0
S-A_canslim,2020-10-12,111082.15426199633,111082.15426199633,0
S-A_canslim,2020-10-13,111082.15426199633,111082.15426199633,0
S-A_canslim,2020-10-14,111082.15426199633,111082.15426199633,0
S-A_canslim,2020-10-15,111082.15426199633,111082.15426199633,0
S-A_canslim,2020-10-16,111082.15426199633,111082.15426199633,0
S-A_canslim,2020-10-19,111082.15426199633,111082.15426199633,0
S-A_canslim,2020-10-20,111082.15426199633,111082.15426199633,0
S-A_canslim,2020-10-21,111082.15426199633,111082.15426199633,0
S-A_canslim,2020-10-22,111082.15426199633,111082.15426199633,0
S-A_canslim,2020-10-23,111082.15426199633,111082.15426199633,0
S-A_canslim,2020-10-26,111082.15426199633,111082.15426199633,0
S-A_canslim,2020-10-27,111082.15426199633,111082.15426199633,0
S-A_canslim,2020-10-28,111082.15426199633,111082.15426199633,0
S-A_canslim,2020-10-29,111082.15426199633,111082.15426199633,0
S-A_canslim,2020-10-30,111082.15426199633,111082.15426199633,0
S-A_canslim,2020-11-02,111082.15426199633,111082.15426199633,0
S-A_canslim,2020-11-03,111082.15426199633,111082.15426199633,0
S-A_canslim,2020-11-04,111082.15426199633,111082.15426199633,0
S-A_canslim,2020-11-05,111082.15426199633,111082.15426199633,0
S-A_canslim,2020-11-06,111082.15426199633,111082.15426199633,0
S-A_canslim,2020-11-09,111082.15426199633,111082.15426199633,0
S-A_canslim,2020-11-10,111082.15426199633,111082.15426199633,0
S-A_canslim,2020-11-11,111082.15426199633,111082.15426199633,0
S-A_canslim,2020-11-12,111082.15426199633,111082.15426199633,0
S-A_canslim,2020-11-13,111082.15426199633,111082.15426199633,0
S-A_canslim,2020-11-16,111082.15426199633,111082.15426199633,0
S-A_canslim,2020-11-17,111082.15426199633,111082.15426199633,0
S-A_canslim,2020-11-18,111082.15426199633,111082.15426199633,0
S-A_canslim,2020-11-19,111082.15426199633,111082.15426199633,0
S-A_canslim,2020-11-20,111082.15426199633,111082.15426199633,0
S-A_canslim,2020-11-23,111082.15426199633,111082.15426199633,0
S-A_canslim,2020-11-24,111082.15426199633,111082.15426199633,0
S-A_canslim,2020-11-25,111082.15426199633,111082.15426199633,0
S-A_canslim,2020-11-27,111082.15426199633,111082.15426199633,0
S-A_canslim,2020-11-30,111082.15426199633,111082.15426199633,0
S-A_canslim,2020-12-01,111082.15426199633,111082.15426199633,0
S-A_canslim,2020-12-02,111082.15426199633,111082.15426199633,0
S-A_canslim,2020-12-03,111082.15426199633,111082.15426199633,0
S-A_canslim,2020-12-04,111082.15426199633,111082.15426199633,0
S-A_canslim,2020-12-07,111082.15426199633,111082.15426199633,0
S-A_canslim,2020-12-08,111082.15426199633,111082.15426199633,0
S-A_canslim,2020-12-09,111082.15426199633,111082.15426199633,0
S-A_canslim,2020-12-10,111082.15426199633,111082.15426199633,0
S-A_canslim,2020-12-11,111082.15426199633,111082.15426199633,0
S-A_canslim,2020-12-14,111082.15426199633,111082.15426199633,0
S-A_canslim,2020-12-15,111082.15426199633,111082.15426199633,0
S-A_canslim,2020-12-16,111082.15426199633,111082.15426199633,0
S-A_canslim,2020-12-17,111082.15426199633,111082.15426199633,0
S-A_canslim,2020-12-18,111082.15426199633,111082.15426199633,0
S-A_canslim,2020-12-21,111082.15426199633,111082.15426199633,0
S-A_canslim,2020-12-22,111082.15426199633,111082.15426199633,0
S-A_canslim,2020-12-23,111082.15426199633,111082.15426199633,0
S-A_canslim,2020-12-24,111082.15426199633,111082.15426199633,0
S-A_canslim,2020-12-28,111082.15426199633,111082.15426199633,0
S-A_canslim,2020-12-29,111082.15426199633,111082.15426199633,0
S-A_canslim,2020-12-30,111082.15426199633,111082.15426199633,0
S-A_canslim,2020-12-31,111082.15426199633,111082.15426199633,0
S-A_canslim,2021-01-04,111082.15426199633,111082.15426199633,0
S-A_canslim,2021-01-05,111082.15426199633,111082.15426199633,0
S-A_canslim,2021-01-06,111082.15426199633,111082.15426199633,0
S-A_canslim,2021-01-07,111082.15426199633,111082.15426199633,0
S-A_canslim,2021-01-08,111082.15426199633,111082.15426199633,0
S-A_canslim,2021-01-11,111082.15426199633,111082.15426199633,0
S-A_canslim,2021-01-12,111082.15426199633,111082.15426199633,0
S-A_canslim,2021-01-13,111082.15426199633,111082.15426199633,0
S-A_canslim,2021-01-14,111082.15426199633,111082.15426199633,0
S-A_canslim,2021-01-15,111082.15426199633,111082.15426199633,0
S-A_canslim,2021-01-19,111082.15426199633,111082.15426199633,0
S-A_canslim,2021-01-20,111082.15426199633,111082.15426199633,0
S-A_canslim,2021-01-21,111082.15426199633,111082.15426199633,0
S-A_canslim,2021-01-22,111082.15426199633,111082.15426199633,0
S-A_canslim,2021-01-25,111082.15426199633,111082.15426199633,0
S-A_canslim,2021-01-26,111082.15426199633,111082.15426199633,0
S-A_canslim,2021-01-27,111082.15426199633,111082.15426199633,0
S-A_canslim,2021-01-28,111082.15426199633,111082.15426199633,0
S-A_canslim,2021-01-29,111082.15426199633,111082.15426199633,0
S-A_canslim,2021-02-01,111082.15426199633,111082.15426199633,0
S-A_canslim,2021-02-02,111082.15426199633,111082.15426199633,0
S-A_canslim,2021-02-03,111082.15426199633,111082.15426199633,0
S-A_canslim,2021-02-04,111082.15426199633,111082.15426199633,0
S-A_canslim,2021-02-05,111082.15426199633,111082.15426199633,0
S-A_canslim,2021-02-08,111082.15426199633,111082.15426199633,0
S-A_canslim,2021-02-09,111082.15426199633,111082.15426199633,0
S-A_canslim,2021-02-10,111082.15426199633,111082.15426199633,0
S-A_canslim,2021-02-11,111082.15426199633,111082.15426199633,0
S-A_canslim,2021-02-12,111082.15426199633,111082.15426199633,0
S-A_canslim,2021-02-16,111082.15426199633,111082.15426199633,0
S-A_canslim,2021-02-17,111082.15426199633,111082.15426199633,0
S-A_canslim,2021-02-18,111082.15426199633,111082.15426199633,0
S-A_canslim,2021-02-19,111082.15426199633,111082.15426199633,0
S-A_canslim,2021-02-22,111082.15426199633,111082.15426199633,0
S-A_canslim,2021-02-23,111082.15426199633,111082.15426199633,0
S-A_canslim,2021-02-24,111082.15426199633,111082.15426199633,0
S-A_canslim,2021-02-25,111082.15426199633,111082.15426199633,0
S-A_canslim,2021-02-26,111082.15426199633,111082.15426199633,0
S-A_canslim,2021-03-01,111082.15426199633,111082.15426199633,0
S-A_canslim,2021-03-02,111082.15426199633,111082.15426199633,0
S-A_canslim,2021-03-03,111082.15426199633,111082.15426199633,0
S-A_canslim,2021-03-04,111082.15426199633,111082.15426199633,0
S-A_canslim,2021-03-05,111082.15426199633,111082.15426199633,0
S-A_canslim,2021-03-08,111082.15426199633,111082.15426199633,0
S-A_canslim,2021-03-09,111082.15426199633,111082.15426199633,0
S-A_canslim,2021-03-10,111082.15426199633,111082.15426199633,0
S-A_canslim,2021-03-11,111082.15426199633,111082.15426199633,0
S-A_canslim,2021-03-12,111082.15426199633,111082.15426199633,0
S-A_canslim,2021-03-15,111082.15426199633,111082.15426199633,0
S-A_canslim,2021-03-16,111082.15426199633,111082.15426199633,0
S-A_canslim,2021-03-17,111082.15426199633,111082.15426199633,0
S-A_canslim,2021-03-18,111082.15426199633,111082.15426199633,0
S-A_canslim,2021-03-19,111082.15426199633,111082.15426199633,0
S-A_canslim,2021-03-22,110817.47225469252,99979.76225469251,1
S-A_canslim,2021-03-23,110163.36111545847,110163.36111545847,0
S-A_canslim,2021-03-24,110163.36111545847,110163.36111545847,0
S-A_canslim,2021-03-25,110163.36111545847,110163.36111545847,0
S-A_canslim,2021-03-26,110163.36111545847,110163.36111545847,0
S-A_canslim,2021-03-29,110163.36111545847,110163.36111545847,0
S-A_canslim,2021-03-30,110163.36111545847,110163.36111545847,0
S-A_canslim,2021-03-31,110163.36111545847,110163.36111545847,0
S-A_canslim,2021-04-01,110163.36111545847,110163.36111545847,0
S-A_canslim,2021-04-05,110163.36111545847,110163.36111545847,0
S-A_canslim,2021-04-06,110163.36111545847,110163.36111545847,0
S-A_canslim,2021-04-07,110163.36111545847,110163.36111545847,0
S-A_canslim,2021-04-08,110163.36111545847,110163.36111545847,0
S-A_canslim,2021-04-09,110163.36111545847,110163.36111545847,0
S-A_canslim,2021-04-12,110163.36111545847,110163.36111545847,0
S-A_canslim,2021-04-13,110163.36111545847,110163.36111545847,0
S-A_canslim,2021-04-14,110163.36111545847,110163.36111545847,0
S-A_canslim,2021-04-15,110163.36111545847,110163.36111545847,0
S-A_canslim,2021-04-16,110163.36111545847,110163.36111545847,0
S-A_canslim,2021-04-19,109965.60045061847,99156.54045061847,1
S-A_canslim,2021-04-20,109588.66045061847,99156.54045061847,1
S-A_canslim,2021-04-21,109706.63045061847,99156.54045061847,1
S-A_canslim,2021-04-22,109620.15045061847,99156.54045061847,1
S-A_canslim,2021-04-23,109731.54045061847,99156.54045061847,1
S-A_canslim,2021-04-26,109829.30045061847,99156.54045061847,1
S-A_canslim,2021-04-27,109722.14045061848,99156.54045061847,1
S-A_canslim,2021-04-28,109567.98045061847,99156.54045061847,1
S-A_canslim,2021-04-29,109745.64045061848,99156.54045061847,1
S-A_canslim,2021-04-30,109608.40045061847,99156.54045061847,1
S-A_canslim,2021-05-03,109924.24045061847,99156.54045061847,1
S-A_canslim,2021-05-04,110045.50045061848,99156.54045061847,1
S-A_canslim,2021-05-05,109968.89045061848,99156.54045061847,1
S-A_canslim,2021-05-06,109638.48045061847,99156.54045061847,1
S-A_canslim,2021-05-07,109681.25045061848,99156.54045061847,1
S-A_canslim,2021-05-10,109675.14045061848,99156.54045061847,1
S-A_canslim,2021-05-11,109252.47710187171,109252.47710187171,0
S-A_canslim,2021-05-12,109252.47710187171,109252.47710187171,0
S-A_canslim,2021-05-13,109252.47710187171,109252.47710187171,0
S-A_canslim,2021-05-14,109252.47710187171,109252.47710187171,0
S-A_canslim,2021-05-17,109252.47710187171,109252.47710187171,0
S-A_canslim,2021-05-18,109252.47710187171,109252.47710187171,0
S-A_canslim,2021-05-19,109252.47710187171,109252.47710187171,0
S-A_canslim,2021-05-20,109252.47710187171,109252.47710187171,0
S-A_canslim,2021-05-21,109252.47710187171,109252.47710187171,0
S-A_canslim,2021-05-24,109252.47710187171,109252.47710187171,0
S-A_canslim,2021-05-25,109252.47710187171,109252.47710187171,0
S-A_canslim,2021-05-26,109252.47710187171,109252.47710187171,0
S-A_canslim,2021-05-27,109252.47710187171,109252.47710187171,0
S-A_canslim,2021-05-28,109252.47710187171,109252.47710187171,0
S-A_canslim,2021-06-01,109252.47710187171,109252.47710187171,0
S-A_canslim,2021-06-02,109252.47710187171,109252.47710187171,0
S-A_canslim,2021-06-03,109252.47710187171,109252.47710187171,0
S-A_canslim,2021-06-04,109252.47710187171,109252.47710187171,0
S-A_canslim,2021-06-07,109252.47710187171,109252.47710187171,0
S-A_canslim,2021-06-08,109252.47710187171,109252.47710187171,0
S-A_canslim,2021-06-09,109252.47710187171,109252.47710187171,0
S-A_canslim,2021-06-10,109252.47710187171,109252.47710187171,0
S-A_canslim,2021-06-11,109252.47710187171,109252.47710187171,0
S-A_canslim,2021-06-14,109252.47710187171,109252.47710187171,0
S-A_canslim,2021-06-15,109252.47710187171,109252.47710187171,0
S-A_canslim,2021-06-16,109252.47710187171,109252.47710187171,0
S-A_canslim,2021-06-17,109252.47710187171,109252.47710187171,0
S-A_canslim,2021-06-18,109252.47710187171,109252.47710187171,0
S-A_canslim,2021-06-21,109252.47710187171,109252.47710187171,0
S-A_canslim,2021-06-22,109252.47710187171,109252.47710187171,0
S-A_canslim,2021-06-23,109252.47710187171,109252.47710187171,0
S-A_canslim,2021-06-24,109252.47710187171,109252.47710187171,0
S-A_canslim,2021-06-25,109252.47710187171,109252.47710187171,0
S-A_canslim,2021-06-28,109334.23409849555,98403.57809849555,1
S-A_canslim,2021-06-29,109326.61109849554,98403.57809849555,1
S-A_canslim,2021-06-30,109315.60009849555,98403.57809849555,1
S-A_canslim,2021-07-01,109193.75309849555,98403.57809849555,1
S-A_canslim,2021-07-02,109011.64809849556,98403.57809849555,1
S-A_canslim,2021-07-06,108739.39809849556,98403.57809849555,1
S-A_canslim,2021-07-07,108615.37309849555,98403.57809849555,1
S-A_canslim,2021-07-08,108339.72053684012,108339.72053684012,0
S-A_canslim,2021-07-09,108339.72053684012,108339.72053684012,0
S-A_canslim,2021-07-12,108339.72053684012,108339.72053684012,0
S-A_canslim,2021-07-13,108339.72053684012,108339.72053684012,0
S-A_canslim,2021-07-14,108339.72053684012,108339.72053684012,0
S-A_canslim,2021-07-15,108339.72053684012,108339.72053684012,0
S-A_canslim,2021-07-16,108339.72053684012,108339.72053684012,0
S-A_canslim,2021-07-19,108339.72053684012,108339.72053684012,0
S-A_canslim,2021-07-20,108339.72053684012,108339.72053684012,0
S-A_canslim,2021-07-21,108339.72053684012,108339.72053684012,0
S-A_canslim,2021-07-22,108339.72053684012,108339.72053684012,0
S-A_canslim,2021-07-23,108339.72053684012,108339.72053684012,0
S-A_canslim,2021-07-26,108339.72053684012,108339.72053684012,0
S-A_canslim,2021-07-27,108339.72053684012,108339.72053684012,0
S-A_canslim,2021-07-28,108339.72053684012,108339.72053684012,0
S-A_canslim,2021-07-29,108339.72053684012,108339.72053684012,0
S-A_canslim,2021-07-30,108339.72053684012,108339.72053684012,0
S-A_canslim,2021-08-02,108339.72053684012,108339.72053684012,0
S-A_canslim,2021-08-03,108339.72053684012,108339.72053684012,0
S-A_canslim,2021-08-04,108339.72053684012,108339.72053684012,0
S-A_canslim,2021-08-05,108339.72053684012,108339.72053684012,0
S-A_canslim,2021-08-06,108339.72053684012,108339.72053684012,0
S-A_canslim,2021-08-09,108967.21486352278,97537.34886352278,1
S-A_canslim,2021-08-10,109167.69486352279,97537.34886352278,1
S-A_canslim,2021-08-11,108578.06886352279,97537.34886352278,1
S-A_canslim,2021-08-12,108162.60986352278,97537.34886352278,1
S-A_canslim,2021-08-13,108170.84386352278,97537.34886352278,1
S-A_canslim,2021-08-16,108379.37886352278,97537.34886352278,1
S-A_canslim,2021-08-17,108056.64186352279,97537.34886352278,1
S-A_canslim,2021-08-18,108343.04186352278,97537.34886352278,1
S-A_canslim,2021-08-19,108127.70486352278,97537.34886352278,1
S-A_canslim,2021-08-20,108124.48286352279,97537.34886352278,1
S-A_canslim,2021-08-23,108371.14486352279,97537.34886352278,1
S-A_canslim,2021-08-24,108261.95486352278,97537.34886352278,1
S-A_canslim,2021-08-25,108588.09286352279,97537.34886352278,1
S-A_canslim,2021-08-26,108586.48186352279,97537.34886352278,1
S-A_canslim,2021-08-27,109121.33386352278,97537.34886352278,1
S-A_canslim,2021-08-30,109134.57986352278,97537.34886352278,1
S-A_canslim,2021-08-31,109159.28186352279,97537.34886352278,1
S-A_canslim,2021-09-01,109306.77786352279,97537.34886352278,1
S-A_canslim,2021-09-02,109593.17786352278,97537.34886352278,1
S-A_canslim,2021-09-03,109722.23686352279,97537.34886352278,1
S-A_canslim,2021-09-07,109800.10186352278,97537.34886352278,1
S-A_canslim,2021-09-08,109334.88086352279,97537.34886352278,1
S-A_canslim,2021-09-09,109672.65386352278,97537.34886352278,1
S-A_canslim,2021-09-10,109518.71386352279,97537.34886352278,1
S-A_canslim,2021-09-13,109566.68586352278,97537.34886352278,1
S-A_canslim,2021-09-14,109379.63086352279,97537.34886352278,1
S-A_canslim,2021-09-15,109290.13086352279,97537.34886352278,1
S-A_canslim,2021-09-16,108859.63586352278,97537.34886352278,1
S-A_canslim,2021-09-17,108727.17586352279,97537.34886352278,1
S-A_canslim,2021-09-20,108677.41386352279,97537.34886352278,1
S-A_canslim,2021-09-21,108351.27586352278,97537.34886352278,1
S-A_canslim,2021-09-22,108500.38286352278,97537.34886352278,1
S-A_canslim,2021-09-23,108644.65686352279,97537.34886352278,1
S-A_canslim,2021-09-24,108460.46586352278,97537.34886352278,1
S-A_canslim,2021-09-27,108153.48086352278,97537.34886352278,1
S-A_canslim,2021-09-28,107756.99586352278,97537.34886352278,1
S-A_canslim,2021-09-29,107445.75597017111,107445.75597017111,0
S-A_canslim,2021-09-30,107445.75597017111,107445.75597017111,0
S-A_canslim,2021-10-01,107445.75597017111,107445.75597017111,0
S-A_canslim,2021-10-04,107445.75597017111,107445.75597017111,0
S-A_canslim,2021-10-05,107445.75597017111,107445.75597017111,0
S-A_canslim,2021-10-06,107445.75597017111,107445.75597017111,0
S-A_canslim,2021-10-07,107445.75597017111,107445.75597017111,0
S-A_canslim,2021-10-08,107445.75597017111,107445.75597017111,0
S-A_canslim,2021-10-11,107445.75597017111,107445.75597017111,0
S-A_canslim,2021-10-12,107445.75597017111,107445.75597017111,0
S-A_canslim,2021-10-13,107445.75597017111,107445.75597017111,0
S-A_canslim,2021-10-14,107445.75597017111,107445.75597017111,0
S-A_canslim,2021-10-15,107445.75597017111,107445.75597017111,0
S-A_canslim,2021-10-18,107353.83674555589,96717.98074555589,1
S-A_canslim,2021-10-19,107217.0847455559,96717.98074555589,1
S-A_canslim,2021-10-20,107346.79674555588,96717.98074555589,1
S-A_canslim,2021-10-21,107365.80474555588,96717.98074555589,1
S-A_canslim,2021-10-22,107434.97274555589,96717.98074555589,1
S-A_canslim,2021-10-25,107576.82874555589,96717.98074555589,1
S-A_canslim,2021-10-26,107384.81274555589,96717.98074555589,1
S-A_canslim,2021-10-27,106936.89274555589,96717.98074555589,1
S-A_canslim,2021-10-28,106543.18998062659,106543.18998062659,0
S-A_canslim,2021-10-29,106543.18998062659,106543.18998062659,0
S-A_canslim,2021-11-01,106543.18998062659,106543.18998062659,0
S-A_canslim,2021-11-02,106543.18998062659,106543.18998062659,0
S-A_canslim,2021-11-03,106543.18998062659,106543.18998062659,0
S-A_canslim,2021-11-04,106543.18998062659,106543.18998062659,0
S-A_canslim,2021-11-05,106543.18998062659,106543.18998062659,0
S-A_canslim,2021-11-08,106543.18998062659,106543.18998062659,0
S-A_canslim,2021-11-09,106543.18998062659,106543.18998062659,0
S-A_canslim,2021-11-10,106543.18998062659,106543.18998062659,0
S-A_canslim,2021-11-11,106543.18998062659,106543.18998062659,0
S-A_canslim,2021-11-12,106543.18998062659,106543.18998062659,0
S-A_canslim,2021-11-15,106543.18998062659,106543.18998062659,0
S-A_canslim,2021-11-16,106543.18998062659,106543.18998062659,0
S-A_canslim,2021-11-17,106543.18998062659,106543.18998062659,0
S-A_canslim,2021-11-18,106543.18998062659,106543.18998062659,0
S-A_canslim,2021-11-19,106543.18998062659,106543.18998062659,0
S-A_canslim,2021-11-22,106543.18998062659,106543.18998062659,0
S-A_canslim,2021-11-23,106543.18998062659,106543.18998062659,0
S-A_canslim,2021-11-24,106543.18998062659,106543.18998062659,0
S-A_canslim,2021-11-26,106543.18998062659,106543.18998062659,0
S-A_canslim,2021-11-29,106543.18998062659,106543.18998062659,0
S-A_canslim,2021-11-30,106543.18998062659,106543.18998062659,0
S-A_canslim,2021-12-01,106543.18998062659,106543.18998062659,0
S-A_canslim,2021-12-02,106543.18998062659,106543.18998062659,0
S-A_canslim,2021-12-03,106543.18998062659,106543.18998062659,0
S-A_canslim,2021-12-06,106543.18998062659,106543.18998062659,0
S-A_canslim,2021-12-07,106543.18998062659,106543.18998062659,0
S-A_canslim,2021-12-08,106543.18998062659,106543.18998062659,0
S-A_canslim,2021-12-09,106543.18998062659,106543.18998062659,0
S-A_canslim,2021-12-10,106543.18998062659,106543.18998062659,0
S-A_canslim,2021-12-13,106543.18998062659,106543.18998062659,0
S-A_canslim,2021-12-14,106543.18998062659,106543.18998062659,0
S-A_canslim,2021-12-15,106543.18998062659,106543.18998062659,0
S-A_canslim,2021-12-16,106543.18998062659,106543.18998062659,0
S-A_canslim,2021-12-17,106543.18998062659,106543.18998062659,0
S-A_canslim,2021-12-20,106543.18998062659,106543.18998062659,0
S-A_canslim,2021-12-21,106543.18998062659,106543.18998062659,0
S-A_canslim,2021-12-22,106543.18998062659,106543.18998062659,0
S-A_canslim,2021-12-23,106543.18998062659,106543.18998062659,0
S-A_canslim,2021-12-27,106543.18998062659,106543.18998062659,0
S-A_canslim,2021-12-28,106543.18998062659,106543.18998062659,0
S-A_canslim,2021-12-29,106543.18998062659,106543.18998062659,0
S-A_canslim,2021-12-30,106543.18998062659,106543.18998062659,0
S-A_canslim,2021-12-31,106543.18998062659,106543.18998062659,0
S-A_canslim,2022-01-03,106326.23476012658,95897.83476012659,1
S-A_canslim,2022-01-04,106550.98476012658,95897.83476012659,1
S-A_canslim,2022-01-05,105647.55827997373,105647.55827997373,0
S-A_canslim,2022-01-06,105647.55827997373,105647.55827997373,0
S-A_canslim,2022-01-07,105647.55827997373,105647.55827997373,0
S-A_canslim,2022-01-10,105647.55827997373,105647.55827997373,0
S-A_canslim,2022-01-11,105647.55827997373,105647.55827997373,0
S-A_canslim,2022-01-12,105647.55827997373,105647.55827997373,0
S-A_canslim,2022-01-13,105647.55827997373,105647.55827997373,0
S-A_canslim,2022-01-14,105647.55827997373,105647.55827997373,0
S-A_canslim,2022-01-18,105647.55827997373,105647.55827997373,0
S-A_canslim,2022-01-19,105647.55827997373,105647.55827997373,0
S-A_canslim,2022-01-20,105647.55827997373,105647.55827997373,0
S-A_canslim,2022-01-21,105647.55827997373,105647.55827997373,0
S-A_canslim,2022-01-24,105647.55827997373,105647.55827997373,0
S-A_canslim,2022-01-25,105647.55827997373,105647.55827997373,0
S-A_canslim,2022-01-26,105647.55827997373,105647.55827997373,0
S-A_canslim,2022-01-27,105647.55827997373,105647.55827997373,0
S-A_canslim,2022-01-28,105647.55827997373,105647.55827997373,0
S-A_canslim,2022-01-31,105647.55827997373,105647.55827997373,0
S-A_canslim,2022-02-01,105647.55827997373,105647.55827997373,0
S-A_canslim,2022-02-02,105647.55827997373,105647.55827997373,0
S-A_canslim,2022-02-03,105647.55827997373,105647.55827997373,0
S-A_canslim,2022-02-04,105647.55827997373,105647.55827997373,0
S-A_canslim,2022-02-07,105647.55827997373,105647.55827997373,0
S-A_canslim,2022-02-08,105647.55827997373,105647.55827997373,0
S-A_canslim,2022-02-09,105647.55827997373,105647.55827997373,0
S-A_canslim,2022-02-10,105647.55827997373,105647.55827997373,0
S-A_canslim,2022-02-11,105647.55827997373,105647.55827997373,0
S-A_canslim,2022-02-14,105647.55827997373,105647.55827997373,0
S-A_canslim,2022-02-15,105647.55827997373,105647.55827997373,0
S-A_canslim,2022-02-16,105647.55827997373,105647.55827997373,0
S-A_canslim,2022-02-17,105647.55827997373,105647.55827997373,0
S-A_canslim,2022-02-18,105647.55827997373,105647.55827997373,0
S-A_canslim,2022-02-22,105647.55827997373,105647.55827997373,0
S-A_canslim,2022-02-23,105647.55827997373,105647.55827997373,0
S-A_canslim,2022-02-24,105647.55827997373,105647.55827997373,0
S-A_canslim,2022-02-25,105647.55827997373,105647.55827997373,0
S-A_canslim,2022-02-28,105647.55827997373,105647.55827997373,0
S-A_canslim,2022-03-01,105647.55827997373,105647.55827997373,0
S-A_canslim,2022-03-02,105647.55827997373,105647.55827997373,0
S-A_canslim,2022-03-03,105647.55827997373,105647.55827997373,0
S-A_canslim,2022-03-04,105647.55827997373,105647.55827997373,0
S-A_canslim,2022-03-07,105647.55827997373,105647.55827997373,0
S-A_canslim,2022-03-08,105647.55827997373,105647.55827997373,0
S-A_canslim,2022-03-09,105647.55827997373,105647.55827997373,0
S-A_canslim,2022-03-10,105647.55827997373,105647.55827997373,0
S-A_canslim,2022-03-11,105647.55827997373,105647.55827997373,0
S-A_canslim,2022-03-14,105647.55827997373,105647.55827997373,0
S-A_canslim,2022-03-15,105647.55827997373,105647.55827997373,0
S-A_canslim,2022-03-16,105647.55827997373,105647.55827997373,0
S-A_canslim,2022-03-17,105647.55827997373,105647.55827997373,0
S-A_canslim,2022-03-18,105647.55827997373,105647.55827997373,0
S-A_canslim,2022-03-21,105554.43684592089,95134.33284592089,1
S-A_canslim,2022-03-22,105607.42884592089,95134.33284592089,1
S-A_canslim,2022-03-23,105431.89284592088,95134.33284592089,1
S-A_canslim,2022-03-24,105575.32084592088,95134.33284592089,1
S-A_canslim,2022-03-25,105689.95284592088,95134.33284592089,1
S-A_canslim,2022-03-28,105710.00884592088,95134.33284592089,1
S-A_canslim,2022-03-29,105957.67284592088,95134.33284592089,1
S-A_canslim,2022-03-30,105882.04884592089,95134.33284592089,1
S-A_canslim,2022-03-31,105616.16884592088,95134.33284592089,1
S-A_canslim,2022-04-01,105175.5808459209,95134.33284592089,1
S-A_canslim,2022-04-04,104777.52239307109,104777.52239307109,0
S-A_canslim,2022-04-05,104777.52239307109,104777.52239307109,0
S-A_canslim,2022-04-06,104777.52239307109,104777.52239307109,0
S-A_canslim,2022-04-07,104777.52239307109,104777.52239307109,0
S-A_canslim,2022-04-08,104777.52239307109,104777.52239307109,0
S-A_canslim,2022-04-11,104777.52239307109,104777.52239307109,0
S-A_canslim,2022-04-12,104777.52239307109,104777.52239307109,0
S-A_canslim,2022-04-13,104777.52239307109,104777.52239307109,0
S-A_canslim,2022-04-14,104777.52239307109,104777.52239307109,0
S-A_canslim,2022-04-18,104777.52239307109,104777.52239307109,0
S-A_canslim,2022-04-19,104777.52239307109,104777.52239307109,0
S-A_canslim,2022-04-20,104777.52239307109,104777.52239307109,0
S-A_canslim,2022-04-21,104777.52239307109,104777.52239307109,0
S-A_canslim,2022-04-22,104777.52239307109,104777.52239307109,0
S-A_canslim,2022-04-25,104777.52239307109,104777.52239307109,0
S-A_canslim,2022-04-26,104777.52239307109,104777.52239307109,0
S-A_canslim,2022-04-27,104777.52239307109,104777.52239307109,0
S-A_canslim,2022-04-28,104777.52239307109,104777.52239307109,0
S-A_canslim,2022-04-29,104777.52239307109,104777.52239307109,0
S-A_canslim,2022-05-02,104777.52239307109,104777.52239307109,0
S-A_canslim,2022-05-03,104777.52239307109,104777.52239307109,0
S-A_canslim,2022-05-04,104777.52239307109,104777.52239307109,0
S-A_canslim,2022-05-05,104777.52239307109,104777.52239307109,0
S-A_canslim,2022-05-06,104777.52239307109,104777.52239307109,0
S-A_canslim,2022-05-09,104777.52239307109,104777.52239307109,0
S-A_canslim,2022-05-10,104777.52239307109,104777.52239307109,0
S-A_canslim,2022-05-11,104777.52239307109,104777.52239307109,0
S-A_canslim,2022-05-12,104777.52239307109,104777.52239307109,0
S-A_canslim,2022-05-13,104777.52239307109,104777.52239307109,0
S-A_canslim,2022-05-16,104777.52239307109,104777.52239307109,0
S-A_canslim,2022-05-17,104777.52239307109,104777.52239307109,0
S-A_canslim,2022-05-18,104777.52239307109,104777.52239307109,0
S-A_canslim,2022-05-19,104777.52239307109,104777.52239307109,0
S-A_canslim,2022-05-20,104777.52239307109,104777.52239307109,0
S-A_canslim,2022-05-23,104777.52239307109,104777.52239307109,0
S-A_canslim,2022-05-24,104777.52239307109,104777.52239307109,0
S-A_canslim,2022-05-25,104777.52239307109,104777.52239307109,0
S-A_canslim,2022-05-26,104777.52239307109,104777.52239307109,0
S-A_canslim,2022-05-27,104777.52239307109,104777.52239307109,0
S-A_canslim,2022-05-31,104777.52239307109,104777.52239307109,0
S-A_canslim,2022-06-01,104777.52239307109,104777.52239307109,0
S-A_canslim,2022-06-02,104777.52239307109,104777.52239307109,0
S-A_canslim,2022-06-03,104777.52239307109,104777.52239307109,0
S-A_canslim,2022-06-06,104777.52239307109,104777.52239307109,0
S-A_canslim,2022-06-07,104777.52239307109,104777.52239307109,0
S-A_canslim,2022-06-08,104777.52239307109,104777.52239307109,0
S-A_canslim,2022-06-09,104777.52239307109,104777.52239307109,0
S-A_canslim,2022-06-10,104777.52239307109,104777.52239307109,0
S-A_canslim,2022-06-13,104777.52239307109,104777.52239307109,0
S-A_canslim,2022-06-14,104777.52239307109,104777.52239307109,0
S-A_canslim,2022-06-15,104777.52239307109,104777.52239307109,0
S-A_canslim,2022-06-16,104777.52239307109,104777.52239307109,0
S-A_canslim,2022-06-17,104777.52239307109,104777.52239307109,0
S-A_canslim,2022-06-21,104777.52239307109,104777.52239307109,0
S-A_canslim,2022-06-22,104777.52239307109,104777.52239307109,0
S-A_canslim,2022-06-23,104777.52239307109,104777.52239307109,0
S-A_canslim,2022-06-24,104777.52239307109,104777.52239307109,0
S-A_canslim,2022-06-27,104777.52239307109,104777.52239307109,0
S-A_canslim,2022-06-28,104777.52239307109,104777.52239307109,0
S-A_canslim,2022-06-29,104777.52239307109,104777.52239307109,0
S-A_canslim,2022-06-30,104777.52239307109,104777.52239307109,0
S-A_canslim,2022-07-01,104777.52239307109,104777.52239307109,0
S-A_canslim,2022-07-05,104777.52239307109,104777.52239307109,0
S-A_canslim,2022-07-06,104777.52239307109,104777.52239307109,0
S-A_canslim,2022-07-07,104777.52239307109,104777.52239307109,0
S-A_canslim,2022-07-08,104777.52239307109,104777.52239307109,0
S-A_canslim,2022-07-11,104777.52239307109,104777.52239307109,0
S-A_canslim,2022-07-12,104777.52239307109,104777.52239307109,0
S-A_canslim,2022-07-13,104777.52239307109,104777.52239307109,0
S-A_canslim,2022-07-14,104777.52239307109,104777.52239307109,0
S-A_canslim,2022-07-15,104777.52239307109,104777.52239307109,0
S-A_canslim,2022-07-18,104777.52239307109,104777.52239307109,0
S-A_canslim,2022-07-19,104777.52239307109,104777.52239307109,0
S-A_canslim,2022-07-20,104777.52239307109,104777.52239307109,0
S-A_canslim,2022-07-21,104777.52239307109,104777.52239307109,0
S-A_canslim,2022-07-22,104777.52239307109,104777.52239307109,0
S-A_canslim,2022-07-25,104777.52239307109,104777.52239307109,0
S-A_canslim,2022-07-26,104777.52239307109,104777.52239307109,0
S-A_canslim,2022-07-27,104777.52239307109,104777.52239307109,0
S-A_canslim,2022-07-28,104777.52239307109,104777.52239307109,0
S-A_canslim,2022-07-29,104777.52239307109,104777.52239307109,0
S-A_canslim,2022-08-01,104777.52239307109,104777.52239307109,0
S-A_canslim,2022-08-02,104777.52239307109,104777.52239307109,0
S-A_canslim,2022-08-03,104777.52239307109,104777.52239307109,0
S-A_canslim,2022-08-04,104777.52239307109,104777.52239307109,0
S-A_canslim,2022-08-05,104777.52239307109,104777.52239307109,0
S-A_canslim,2022-08-08,104777.52239307109,104777.52239307109,0
S-A_canslim,2022-08-09,104777.52239307109,104777.52239307109,0
S-A_canslim,2022-08-10,104777.52239307109,104777.52239307109,0
S-A_canslim,2022-08-11,104777.52239307109,104777.52239307109,0
S-A_canslim,2022-08-12,104777.52239307109,104777.52239307109,0
S-A_canslim,2022-08-15,104777.52239307109,104777.52239307109,0
S-A_canslim,2022-08-16,104777.52239307109,104777.52239307109,0
S-A_canslim,2022-08-17,104777.52239307109,104777.52239307109,0
S-A_canslim,2022-08-18,104777.52239307109,104777.52239307109,0
S-A_canslim,2022-08-19,104777.52239307109,104777.52239307109,0
S-A_canslim,2022-08-22,104777.52239307109,104777.52239307109,0
S-A_canslim,2022-08-23,104777.52239307109,104777.52239307109,0
S-A_canslim,2022-08-24,104777.52239307109,104777.52239307109,0
S-A_canslim,2022-08-25,104777.52239307109,104777.52239307109,0
S-A_canslim,2022-08-26,104777.52239307109,104777.52239307109,0
S-A_canslim,2022-08-29,104777.52239307109,104777.52239307109,0
S-A_canslim,2022-08-30,104777.52239307109,104777.52239307109,0
S-A_canslim,2022-08-31,104777.52239307109,104777.52239307109,0
S-A_canslim,2022-09-01,104777.52239307109,104777.52239307109,0
S-A_canslim,2022-09-02,104777.52239307109,104777.52239307109,0
S-A_canslim,2022-09-06,104777.52239307109,104777.52239307109,0
S-A_canslim,2022-09-07,104777.52239307109,104777.52239307109,0
S-A_canslim,2022-09-08,104777.52239307109,104777.52239307109,0
S-A_canslim,2022-09-09,104777.52239307109,104777.52239307109,0
S-A_canslim,2022-09-12,104777.52239307109,104777.52239307109,0
S-A_canslim,2022-09-13,104777.52239307109,104777.52239307109,0
S-A_canslim,2022-09-14,104777.52239307109,104777.52239307109,0
S-A_canslim,2022-09-15,104777.52239307109,104777.52239307109,0
S-A_canslim,2022-09-16,104777.52239307109,104777.52239307109,0
S-A_canslim,2022-09-19,104777.52239307109,104777.52239307109,0
S-A_canslim,2022-09-20,104777.52239307109,104777.52239307109,0
S-A_canslim,2022-09-21,104777.52239307109,104777.52239307109,0
S-A_canslim,2022-09-22,104777.52239307109,104777.52239307109,0
S-A_canslim,2022-09-23,104777.52239307109,104777.52239307109,0
S-A_canslim,2022-09-26,104777.52239307109,104777.52239307109,0
S-A_canslim,2022-09-27,104777.52239307109,104777.52239307109,0
S-A_canslim,2022-09-28,104777.52239307109,104777.52239307109,0
S-A_canslim,2022-09-29,104777.52239307109,104777.52239307109,0
S-A_canslim,2022-09-30,104777.52239307109,104777.52239307109,0
S-A_canslim,2022-10-03,104777.52239307109,104777.52239307109,0
S-A_canslim,2022-10-04,104777.52239307109,104777.52239307109,0
S-A_canslim,2022-10-05,104777.52239307109,104777.52239307109,0
S-A_canslim,2022-10-06,104777.52239307109,104777.52239307109,0
S-A_canslim,2022-10-07,104777.52239307109,104777.52239307109,0
S-A_canslim,2022-10-10,104777.52239307109,104777.52239307109,0
S-A_canslim,2022-10-11,104777.52239307109,104777.52239307109,0
S-A_canslim,2022-10-12,104777.52239307109,104777.52239307109,0
S-A_canslim,2022-10-13,104777.52239307109,104777.52239307109,0
S-A_canslim,2022-10-14,104777.52239307109,104777.52239307109,0
S-A_canslim,2022-10-17,104777.52239307109,104777.52239307109,0
S-A_canslim,2022-10-18,104777.52239307109,104777.52239307109,0
S-A_canslim,2022-10-19,104777.52239307109,104777.52239307109,0
S-A_canslim,2022-10-20,104777.52239307109,104777.52239307109,0
S-A_canslim,2022-10-21,104777.52239307109,104777.52239307109,0
S-A_canslim,2022-10-24,104777.52239307109,104777.52239307109,0
S-A_canslim,2022-10-25,104777.52239307109,104777.52239307109,0
S-A_canslim,2022-10-26,104777.52239307109,104777.52239307109,0
S-A_canslim,2022-10-27,104777.52239307109,104777.52239307109,0
S-A_canslim,2022-10-28,104777.52239307109,104777.52239307109,0
S-A_canslim,2022-10-31,104777.52239307109,104777.52239307109,0
S-A_canslim,2022-11-01,104777.52239307109,104777.52239307109,0
S-A_canslim,2022-11-02,104777.52239307109,104777.52239307109,0
S-A_canslim,2022-11-03,104777.52239307109,104777.52239307109,0
S-A_canslim,2022-11-04,104777.52239307109,104777.52239307109,0
S-A_canslim,2022-11-07,104777.52239307109,104777.52239307109,0
S-A_canslim,2022-11-08,104777.52239307109,104777.52239307109,0
S-A_canslim,2022-11-09,104777.52239307109,104777.52239307109,0
S-A_canslim,2022-11-10,104777.52239307109,104777.52239307109,0
S-A_canslim,2022-11-11,104777.52239307109,104777.52239307109,0
S-A_canslim,2022-11-14,104777.52239307109,104777.52239307109,0
S-A_canslim,2022-11-15,104777.52239307109,104777.52239307109,0
S-A_canslim,2022-11-16,104777.52239307109,104777.52239307109,0
S-A_canslim,2022-11-17,104777.52239307109,104777.52239307109,0
S-A_canslim,2022-11-18,104777.52239307109,104777.52239307109,0
S-A_canslim,2022-11-21,104777.52239307109,104777.52239307109,0
S-A_canslim,2022-11-22,104777.52239307109,104777.52239307109,0
S-A_canslim,2022-11-23,104777.52239307109,104777.52239307109,0
S-A_canslim,2022-11-25,104777.52239307109,104777.52239307109,0
S-A_canslim,2022-11-28,104777.52239307109,104777.52239307109,0
S-A_canslim,2022-11-29,104777.52239307109,104777.52239307109,0
S-A_canslim,2022-11-30,104777.52239307109,104777.52239307109,0
S-A_canslim,2022-12-01,104777.52239307109,104777.52239307109,0
S-A_canslim,2022-12-02,104777.52239307109,104777.52239307109,0
S-A_canslim,2022-12-05,104777.52239307109,104777.52239307109,0
S-A_canslim,2022-12-06,104777.52239307109,104777.52239307109,0
S-A_canslim,2022-12-07,104777.52239307109,104777.52239307109,0
S-A_canslim,2022-12-08,104777.52239307109,104777.52239307109,0
S-A_canslim,2022-12-09,104777.52239307109,104777.52239307109,0
S-A_canslim,2022-12-12,104777.52239307109,104777.52239307109,0
S-A_canslim,2022-12-13,104777.52239307109,104777.52239307109,0
S-A_canslim,2022-12-14,104777.52239307109,104777.52239307109,0
S-A_canslim,2022-12-15,104777.52239307109,104777.52239307109,0
S-A_canslim,2022-12-16,104777.52239307109,104777.52239307109,0
S-A_canslim,2022-12-19,104777.52239307109,104777.52239307109,0
S-A_canslim,2022-12-20,104777.52239307109,104777.52239307109,0
S-A_canslim,2022-12-21,104777.52239307109,104777.52239307109,0
S-A_canslim,2022-12-22,104777.52239307109,104777.52239307109,0
S-A_canslim,2022-12-23,104777.52239307109,104777.52239307109,0
S-A_canslim,2022-12-27,104777.52239307109,104777.52239307109,0
S-A_canslim,2022-12-28,104777.52239307109,104777.52239307109,0
S-A_canslim,2022-12-29,104777.52239307109,104777.52239307109,0
S-A_canslim,2022-12-30,104777.52239307109,104777.52239307109,0
S-A_canslim,2023-01-03,104777.52239307109,104777.52239307109,0
S-A_canslim,2023-01-04,104777.52239307109,104777.52239307109,0
S-A_canslim,2023-01-05,104777.52239307109,104777.52239307109,0
S-A_canslim,2023-01-06,104777.52239307109,104777.52239307109,0
S-A_canslim,2023-01-09,104777.52239307109,104777.52239307109,0
S-A_canslim,2023-01-10,104777.52239307109,104777.52239307109,0
S-A_canslim,2023-01-11,104777.52239307109,104777.52239307109,0
S-A_canslim,2023-01-12,104777.52239307109,104777.52239307109,0
S-A_canslim,2023-01-13,104777.52239307109,104777.52239307109,0
S-A_canslim,2023-01-17,104777.52239307109,104777.52239307109,0
S-A_canslim,2023-01-18,104777.52239307109,104777.52239307109,0
S-A_canslim,2023-01-19,104777.52239307109,104777.52239307109,0
S-A_canslim,2023-01-20,104777.52239307109,104777.52239307109,0
S-A_canslim,2023-01-23,104777.52239307109,104777.52239307109,0
S-A_canslim,2023-01-24,104777.52239307109,104777.52239307109,0
S-A_canslim,2023-01-25,104777.52239307109,104777.52239307109,0
S-A_canslim,2023-01-26,104777.52239307109,104777.52239307109,0
S-A_canslim,2023-01-27,104777.52239307109,104777.52239307109,0
S-A_canslim,2023-01-30,104632.83808496047,94300.10908496047,1
S-A_canslim,2023-01-31,104876.87308496046,94300.10908496047,1
S-A_canslim,2023-02-01,105238.30008496047,94300.10908496047,1
S-A_canslim,2023-02-02,105201.29608496047,94300.10908496047,1
S-A_canslim,2023-02-03,105164.29208496047,94300.10908496047,1
S-A_canslim,2023-02-06,105171.77423466025,83904.26223466024,2
S-A_canslim,2023-02-07,105222.15423466024,83904.26223466024,2
S-A_canslim,2023-02-08,105003.41523466024,83904.26223466024,2
S-A_canslim,2023-02-09,105001.82423466025,83904.26223466024,2
S-A_canslim,2023-02-10,104671.25723466024,83904.26223466024,2
S-A_canslim,2023-02-13,105089.04223466024,83904.26223466024,2
S-A_canslim,2023-02-14,105327.02323466024,83904.26223466024,2
S-A_canslim,2023-02-15,105568.64423466024,83904.26223466024,2
S-A_canslim,2023-02-16,105457.88723466024,83904.26223466024,2
S-A_canslim,2023-02-17,105402.52023466025,83904.26223466024,2
S-A_canslim,2023-02-21,104219.43891625025,73384.84491625024,3
S-A_canslim,2023-02-22,104340.09991625024,73384.84491625024,3
S-A_canslim,2023-02-23,104675.13191625023,73384.84491625024,3
S-A_canslim,2023-02-24,104775.47791625024,73384.84491625024,3
S-A_canslim,2023-02-27,105289.77391625024,73384.84491625024,3
S-A_canslim,2023-02-28,105654.88591625023,73384.84491625024,3
S-A_canslim,2023-03-01,105658.17391625023,73384.84491625024,3
S-A_canslim,2023-03-02,107267.51177646863,85901.25077646863,2
S-A_canslim,2023-03-03,107410.15277646863,85901.25077646863,2
S-A_canslim,2023-03-06,106920.03963168118,75182.10763168118,3
S-A_canslim,2023-03-07,106900.24663168118,75182.10763168118,3
S-A_canslim,2023-03-08,107197.15963168118,75182.10763168118,3
S-A_canslim,2023-03-09,107106.04563168119,75182.10763168118,3
S-A_canslim,2023-03-10,105881.23803458575,84999.41103458575,2
S-A_canslim,2023-03-13,105872.68803458575,84999.41103458575,2
S-A_canslim,2023-03-14,106377.54303458575,84999.41103458575,2
S-A_canslim,2023-03-15,105818.73303458575,84999.41103458575,2
S-A_canslim,2023-03-16,106071.36303458575,84999.41103458575,2
S-A_canslim,2023-03-17,105820.24503458575,84999.41103458575,2
S-A_canslim,2023-03-20,106076.03403458575,84999.41103458575,2
S-A_canslim,2023-03-21,106248.37503458574,84999.41103458575,2
S-A_canslim,2023-03-22,105935.33703458574,84999.41103458575,2
S-A_canslim,2023-03-23,106069.73403458575,84999.41103458575,2
S-A_canslim,2023-03-24,105823.09581805303,94534.93581805303,1
S-A_canslim,2023-03-27,105874.93581805303,94534.93581805303,1
S-A_canslim,2023-03-28,105874.93581805303,94534.93581805303,1
S-A_canslim,2023-03-29,105874.93581805303,94534.93581805303,1
S-A_canslim,2023-03-30,105836.86581805302,94534.93581805303,1
S-A_canslim,2023-03-31,106114.69581805302,94534.93581805303,1
S-A_canslim,2023-04-03,106060.124201363,83953.85020136299,2
S-A_canslim,2023-04-04,105689.10220136298,83953.85020136299,2
S-A_canslim,2023-04-05,105464.434201363,83953.85020136299,2
S-A_canslim,2023-04-06,105565.92620136299,83953.85020136299,2
S-A_canslim,2023-04-10,105738.666201363,83953.85020136299,2
S-A_canslim,2023-04-11,105680.074201363,83953.85020136299,2
S-A_canslim,2023-04-12,105467.71620136299,83953.85020136299,2
S-A_canslim,2023-04-13,105508.220201363,83953.85020136299,2
S-A_canslim,2023-04-14,105374.16420136299,83953.85020136299,2
S-A_canslim,2023-04-17,105527.60420136299,83953.85020136299,2
S-A_canslim,2023-04-18,105553.010201363,83953.85020136299,2
S-A_canslim,2023-04-19,104526.010201363,83953.85020136299,2
S-A_canslim,2023-04-20,104537.04154680298,94158.84954680299,1
S-A_canslim,2023-04-21,104518.12154680298,94158.84954680299,1
S-A_canslim,2023-04-24,104612.72154680299,94158.84954680299,1
S-A_canslim,2023-04-25,104469.10554680298,94158.84954680299,1
S-A_canslim,2023-04-26,104362.53754680298,94158.84954680299,1
S-A_canslim,2023-04-27,104616.15354680299,94158.84954680299,1
S-A_canslim,2023-04-28,104715.85754680299,94158.84954680299,1
S-A_canslim,2023-05-01,104918.69754680299,94158.84954680299,1
S-A_canslim,2023-05-02,105015.84954680299,94158.84954680299,1
S-A_canslim,2023-05-03,104848.20954680299,94158.84954680299,1
S-A_canslim,2023-05-04,104453.70554680299,94158.84954680299,1
S-A_canslim,2023-05-05,105271.13754680299,94158.84954680299,1
S-A_canslim,2023-05-08,105560.13337509434,83685.40337509435,2
S-A_canslim,2023-05-09,105613.70137509436,83685.40337509435,2
S-A_canslim,2023-05-10,106411.00737509434,83685.40337509435,2
S-A_canslim,2023-05-11,106339.43537509436,83685.40337509435,2
S-A_canslim,2023-05-12,106246.08737509436,83685.40337509435,2
S-A_canslim,2023-05-15,106070.13537509434,83685.40337509435,2
S-A_canslim,2023-05-16,106206.69137509435,83685.40337509435,2
S-A_canslim,2023-05-17,106491.52337509434,83685.40337509435,2
S-A_canslim,2023-05-18,106731.79137509436,83685.40337509435,2
S-A_canslim,2023-05-19,106589.59337509435,83685.40337509435,2
S-A_canslim,2023-05-22,106817.31737509434,83685.40337509435,2
S-A_canslim,2023-05-23,106639.62737509435,83685.40337509435,2
S-A_canslim,2023-05-24,106329.37737509435,83685.40337509435,2
S-A_canslim,2023-05-25,106381.58137509435,83685.40337509435,2
S-A_canslim,2023-05-26,106541.33137509435,83685.40337509435,2
S-A_canslim,2023-05-30,106419.74737509435,83685.40337509435,2
S-A_canslim,2023-05-31,106112.87337509435,83685.40337509435,2
S-A_canslim,2023-06-01,106419.84737509435,83685.40337509435,2
S-A_canslim,2023-06-02,107017.09337509435,83685.40337509435,2
S-A_canslim,2023-06-05,106510.83721464832,73047.97521464831,3
S-A_canslim,2023-06-06,107494.2212146483,73047.97521464831,3
S-A_canslim,2023-06-07,107940.50288467307,85688.22888467308,2
S-A_canslim,2023-06-08,108069.91888467308,85688.22888467308,2
S-A_canslim,2023-06-09,108197.74888467308,85688.22888467308,2
S-A_canslim,2023-06-12,108451.07288467308,85688.22888467308,2
S-A_canslim,2023-06-13,108584.04088467307,85688.22888467308,2
S-A_canslim,2023-06-14,108379.08688467307,85688.22888467308,2
S-A_canslim,2023-06-15,108543.09688467308,85688.22888467308,2
S-A_canslim,2023-06-16,108504.19088467308,85688.22888467308,2
S-A_canslim,2023-06-20,108765.93488467307,85688.22888467308,2
S-A_canslim,2023-06-21,108949.21488467307,85688.22888467308,2
S-A_canslim,2023-06-22,108934.51288467308,85688.22888467308,2
S-A_canslim,2023-06-23,108824.59888467309,85688.22888467308,2
S-A_canslim,2023-06-26,108733.42088467308,85688.22888467308,2
S-A_canslim,2023-06-27,109327.68488467309,85688.22888467308,2
S-A_canslim,2023-06-28,109591.05488467308,85688.22888467308,2
S-A_canslim,2023-06-29,109789.73888467308,85688.22888467308,2
S-A_canslim,2023-06-30,110069.9341068246,98218.7101068246,1
S-A_canslim,2023-07-03,110050.3761068246,98218.7101068246,1
S-A_canslim,2023-07-05,109858.49210682459,98218.7101068246,1
S-A_canslim,2023-07-06,109702.64410682459,98218.7101068246,1
S-A_canslim,2023-07-07,109762.7041068246,98218.7101068246,1
S-A_canslim,2023-07-10,110076.86410682459,98218.7101068246,1
S-A_canslim,2023-07-11,110227.1681068246,98218.7101068246,1
S-A_canslim,2023-07-12,110566.8921068246,98218.7101068246,1
S-A_canslim,2023-07-13,110539.78810682459,98218.7101068246,1
S-A_canslim,2023-07-14,110771.25010682459,98218.7101068246,1
S-A_canslim,2023-07-17,110650.9761068246,98218.7101068246,1
S-A_canslim,2023-07-18,110636.03810682459,98218.7101068246,1
S-A_canslim,2023-07-19,110539.78810682459,98218.7101068246,1
S-A_canslim,2023-07-20,110030.35610682459,98218.7101068246,1
S-A_canslim,2023-07-21,110049.7601068246,98218.7101068246,1
S-A_canslim,2023-07-24,110066.3921068246,98218.7101068246,1
S-A_canslim,2023-07-25,110338.35610682459,98218.7101068246,1
S-A_canslim,2023-07-26,110257.1981068246,98218.7101068246,1
S-A_canslim,2023-07-27,110129.5321068246,98218.7101068246,1
S-A_canslim,2023-07-28,110273.8301068246,98218.7101068246,1
S-A_canslim,2023-07-31,110291.8481068246,98218.7101068246,1
S-A_canslim,2023-08-01,110291.8481068246,98218.7101068246,1
S-A_canslim,2023-08-02,110216.6961068246,98218.7101068246,1
S-A_canslim,2023-08-03,109896.53010682459,98218.7101068246,1
S-A_canslim,2023-08-04,110150.4761068246,98218.7101068246,1
S-A_canslim,2023-08-07,110281.2221068246,98218.7101068246,1
S-A_canslim,2023-08-08,110356.3741068246,98218.7101068246,1
S-A_canslim,2023-08-09,110320.3381068246,98218.7101068246,1
S-A_canslim,2023-08-10,110165.56810682459,98218.7101068246,1
S-A_canslim,2023-08-11,110162.4881068246,98218.7101068246,1
S-A_canslim,2023-08-14,110336.97010682459,98218.7101068246,1
S-A_canslim,2023-08-15,110451.0841068246,98218.7101068246,1
S-A_canslim,2023-08-16,110263.2041068246,98218.7101068246,1
S-A_canslim,2023-08-17,109708.6501068246,98218.7101068246,1
S-A_canslim,2023-08-18,109564.23529545931,109564.23529545931,0
S-A_canslim,2023-08-21,109564.23529545931,109564.23529545931,0
S-A_canslim,2023-08-22,109564.23529545931,109564.23529545931,0
S-A_canslim,2023-08-23,109564.23529545931,109564.23529545931,0
S-A_canslim,2023-08-24,109564.23529545931,109564.23529545931,0
S-A_canslim,2023-08-25,109564.23529545931,109564.23529545931,0
S-A_canslim,2023-08-28,109564.23529545931,109564.23529545931,0
S-A_canslim,2023-08-29,109564.23529545931,109564.23529545931,0
S-A_canslim,2023-08-30,109564.23529545931,109564.23529545931,0
S-A_canslim,2023-08-31,109564.23529545931,109564.23529545931,0
S-A_canslim,2023-09-01,109564.23529545931,109564.23529545931,0
S-A_canslim,2023-09-05,109564.23529545931,109564.23529545931,0
S-A_canslim,2023-09-06,109564.23529545931,109564.23529545931,0
S-A_canslim,2023-09-07,109564.23529545931,109564.23529545931,0
S-A_canslim,2023-09-08,109564.23529545931,109564.23529545931,0
S-A_canslim,2023-09-11,109564.23529545931,109564.23529545931,0
S-A_canslim,2023-09-12,109564.23529545931,109564.23529545931,0
S-A_canslim,2023-09-13,109564.23529545931,109564.23529545931,0
S-A_canslim,2023-09-14,109564.23529545931,109564.23529545931,0
S-A_canslim,2023-09-15,109564.23529545931,109564.23529545931,0
S-A_canslim,2023-09-18,109564.23529545931,109564.23529545931,0
S-A_canslim,2023-09-19,109564.23529545931,109564.23529545931,0
S-A_canslim,2023-09-20,109564.23529545931,109564.23529545931,0
S-A_canslim,2023-09-21,109564.23529545931,109564.23529545931,0
S-A_canslim,2023-09-22,109564.23529545931,109564.23529545931,0
S-A_canslim,2023-09-25,109564.23529545931,109564.23529545931,0
S-A_canslim,2023-09-26,109564.23529545931,109564.23529545931,0
S-A_canslim,2023-09-27,109564.23529545931,109564.23529545931,0
S-A_canslim,2023-09-28,109564.23529545931,109564.23529545931,0
S-A_canslim,2023-09-29,109564.23529545931,109564.23529545931,0
S-A_canslim,2023-10-02,109564.23529545931,109564.23529545931,0
S-A_canslim,2023-10-03,109564.23529545931,109564.23529545931,0
S-A_canslim,2023-10-04,109564.23529545931,109564.23529545931,0
S-A_canslim,2023-10-05,109564.23529545931,109564.23529545931,0
S-A_canslim,2023-10-06,109564.23529545931,109564.23529545931,0
S-A_canslim,2023-10-09,109564.23529545931,109564.23529545931,0
S-A_canslim,2023-10-10,109564.23529545931,109564.23529545931,0
S-A_canslim,2023-10-11,109564.23529545931,109564.23529545931,0
S-A_canslim,2023-10-12,109564.23529545931,109564.23529545931,0
S-A_canslim,2023-10-13,109564.23529545931,109564.23529545931,0
S-A_canslim,2023-10-16,109564.23529545931,109564.23529545931,0
S-A_canslim,2023-10-17,109564.23529545931,109564.23529545931,0
S-A_canslim,2023-10-18,109564.23529545931,109564.23529545931,0
S-A_canslim,2023-10-19,109564.23529545931,109564.23529545931,0
S-A_canslim,2023-10-20,109564.23529545931,109564.23529545931,0
S-A_canslim,2023-10-23,109564.23529545931,109564.23529545931,0
S-A_canslim,2023-10-24,109564.23529545931,109564.23529545931,0
S-A_canslim,2023-10-25,109564.23529545931,109564.23529545931,0
S-A_canslim,2023-10-26,109564.23529545931,109564.23529545931,0
S-A_canslim,2023-10-27,109564.23529545931,109564.23529545931,0
S-A_canslim,2023-10-30,109564.23529545931,109564.23529545931,0
S-A_canslim,2023-10-31,109564.23529545931,109564.23529545931,0
S-A_canslim,2023-11-01,109564.23529545931,109564.23529545931,0
S-A_canslim,2023-11-02,109564.23529545931,109564.23529545931,0
S-A_canslim,2023-11-03,109564.23529545931,109564.23529545931,0
S-A_canslim,2023-11-06,109564.23529545931,109564.23529545931,0
S-A_canslim,2023-11-07,109564.23529545931,109564.23529545931,0
S-A_canslim,2023-11-08,109564.23529545931,109564.23529545931,0
S-A_canslim,2023-11-09,109564.23529545931,109564.23529545931,0
S-A_canslim,2023-11-10,109564.23529545931,109564.23529545931,0
S-A_canslim,2023-11-13,109475.29062015931,98623.93062015931,1
S-A_canslim,2023-11-14,109949.05062015931,98623.93062015931,1
S-A_canslim,2023-11-15,109695.25062015932,98623.93062015931,1
S-A_canslim,2023-11-16,109605.01062015932,98623.93062015931,1
S-A_canslim,2023-11-17,109520.41062015931,98623.93062015931,1
S-A_canslim,2023-11-20,109526.05062015931,98623.93062015931,1
S-A_canslim,2023-11-21,109870.09062015932,98623.93062015931,1
S-A_canslim,2023-11-22,109853.17062015932,98623.93062015931,1
S-A_canslim,2023-11-24,109858.81062015932,98623.93062015931,1
S-A_canslim,2023-11-27,110005.45062015932,98623.93062015931,1
S-A_canslim,2023-11-28,109593.73062015932,98623.93062015931,1
S-A_canslim,2023-11-29,109486.57062015931,98623.93062015931,1
S-A_canslim,2023-11-30,109480.93062015931,98623.93062015931,1
S-A_canslim,2023-12-01,109700.89062015932,98623.93062015931,1
S-A_canslim,2023-12-04,109887.01062015932,98623.93062015931,1
S-A_canslim,2023-12-05,109734.73062015932,98623.93062015931,1
S-A_canslim,2023-12-06,109593.73062015932,98623.93062015931,1
S-A_canslim,2023-12-07,109650.13062015931,98623.93062015931,1
S-A_canslim,2023-12-08,109712.17062015932,98623.93062015931,1
S-A_canslim,2023-12-11,109853.17062015932,98623.93062015931,1
S-A_canslim,2023-12-12,109785.49062015931,98623.93062015931,1
S-A_canslim,2023-12-13,109898.29062015931,98623.93062015931,1
S-A_canslim,2023-12-14,109892.65062015931,98623.93062015931,1
S-A_canslim,2023-12-15,109999.81062015932,98623.93062015931,1
S-A_canslim,2023-12-18,110290.07498141535,76854.95698141537,3
S-A_canslim,2023-12-19,110843.89098141536,76854.95698141537,3
S-A_canslim,2023-12-20,110430.57198141537,76854.95698141537,3
S-A_canslim,2023-12-21,110851.48998141536,76854.95698141537,3
S-A_canslim,2023-12-22,110782.99798141536,76854.95698141537,3
S-A_canslim,2023-12-26,110675.31898141536,76854.95698141537,3
S-A_canslim,2023-12-27,110499.99298141537,76854.95698141537,3
S-A_canslim,2023-12-28,110040.81298141537,76854.95698141537,3
S-A_canslim,2023-12-29,109730.58398141537,76854.95698141537,3
S-A_canslim,2024-01-02,109101.79398141537,76854.95698141537,3
S-A_canslim,2024-01-03,108145.66198141537,76854.95698141537,3
S-A_canslim,2024-01-04,108213.77566075875,86782.00366075875,2
S-A_canslim,2024-01-05,108141.74466075876,86782.00366075875,2
S-A_canslim,2024-01-08,108247.36966075876,86782.00366075875,2
S-A_canslim,2024-01-09,108032.64066075876,86782.00366075875,2
S-A_canslim,2024-01-10,108251.24266075875,86782.00366075875,2
S-A_canslim,2024-01-11,107955.24066075875,86782.00366075875,2
S-A_canslim,2024-01-12,107995.41994785875,97634.75294785875,1
S-A_canslim,2024-01-16,108045.58094785875,97634.75294785875,1
S-A_canslim,2024-01-17,107951.33594785875,97634.75294785875,1
S-A_canslim,2024-01-18,108137.76594785876,97634.75294785875,1
S-A_canslim,2024-01-19,108302.15394785875,97634.75294785875,1
S-A_canslim,2024-01-22,108365.29294785875,97634.75294785875,1
S-A_canslim,2024-01-23,108264.04394785875,97634.75294785875,1
S-A_canslim,2024-01-24,108174.84594785876,97634.75294785875,1
S-A_canslim,2024-01-25,108196.88794785875,97634.75294785875,1
S-A_canslim,2024-01-26,108192.87094785876,97634.75294785875,1
S-A_canslim,2024-01-29,108340.26394785875,97634.75294785875,1
S-A_canslim,2024-01-30,108413.39394785876,97634.75294785875,1
S-A_canslim,2024-01-31,108164.85494785875,97634.75294785875,1
S-A_canslim,2024-02-01,108134.77894785875,97634.75294785875,1
S-A_canslim,2024-02-02,108128.80494785875,97634.75294785875,1
S-A_canslim,2024-02-05,107950.30594785875,97634.75294785875,1
S-A_canslim,2024-02-06,107958.33994785875,97634.75294785875,1
S-A_canslim,2024-02-07,107907.25194785875,97634.75294785875,1
S-A_canslim,2024-02-08,108056.60194785876,97634.75294785875,1
S-A_canslim,2024-02-09,108055.57194785876,97634.75294785875,1
S-A_canslim,2024-02-12,108072.66994785875,97634.75294785875,1
S-A_canslim,2024-02-13,107917.24294785876,97634.75294785875,1
S-A_canslim,2024-02-14,108122.72794785876,97634.75294785875,1
S-A_canslim,2024-02-15,109277.46094785875,97634.75294785875,1
S-A_canslim,2024-02-16,109381.79994785876,97634.75294785875,1
S-A_canslim,2024-02-20,108791.7670390049,86800.7260390049,2
S-A_canslim,2024-02-21,108124.41603900491,86800.7260390049,2
S-A_canslim,2024-02-22,108964.9510390049,86800.7260390049,2
S-A_canslim,2024-02-23,108986.00403900491,86800.7260390049,2
S-A_canslim,2024-02-26,109394.8500390049,86800.7260390049,2
S-A_canslim,2024-02-27,108949.89503900491,86800.7260390049,2
S-A_canslim,2024-02-28,109119.74303900491,86800.7260390049,2
S-A_canslim,2024-02-29,109308.83703900491,86800.7260390049,2
S-A_canslim,2024-03-01,109848.0440390049,86800.7260390049,2
S-A_canslim,2024-03-04,109835.73123958832,75859.59823958832,3
S-A_canslim,2024-03-05,109516.35223958832,75859.59823958832,3
S-A_canslim,2024-03-06,109959.1356529375,86591.69365293751,2
S-A_canslim,2024-03-07,110087.03565293751,86591.69365293751,2
S-A_canslim,2024-03-08,109330.82365293751,86591.69365293751,2
S-A_canslim,2024-03-11,108624.20565293751,86591.69365293751,2
S-A_canslim,2024-03-12,109389.61165293751,86591.69365293751,2
S-A_canslim,2024-03-13,109347.55765293751,86591.69365293751,2
S-A_canslim,2024-03-14,109472.14165293751,86591.69365293751,2
S-A_canslim,2024-03-15,109336.3256529375,86591.69365293751,2
S-A_canslim,2024-03-18,109171.8936529375,86591.69365293751,2
S-A_canslim,2024-03-19,109322.22565293752,86591.69365293751,2
S-A_canslim,2024-03-20,109802.08365293751,86591.69365293751,2
S-A_canslim,2024-03-21,109932.2436529375,86591.69365293751,2
S-A_canslim,2024-03-22,110215.4616529375,86591.69365293751,2
S-A_canslim,2024-03-25,110436.4116529375,86591.69365293751,2
S-A_canslim,2024-03-26,110806.13365293751,86591.69365293751,2
S-A_canslim,2024-03-27,110810.91565293752,86591.69365293751,2
S-A_canslim,2024-03-28,110826.77165293752,86591.69365293751,2
S-A_canslim,2024-04-01,110835.72365293751,86591.69365293751,2
S-A_canslim,2024-04-02,110576.25565293751,86591.69365293751,2
S-A_canslim,2024-04-03,111146.5776529375,86591.69365293751,2
S-A_canslim,2024-04-04,110329.95165293751,86591.69365293751,2
S-A_canslim,2024-04-05,110722.5776529375,86591.69365293751,2
S-A_canslim,2024-04-08,111145.83965293752,86591.69365293751,2
S-A_canslim,2024-04-09,110357.80965293752,86591.69365293751,2
S-A_canslim,2024-04-10,110459.98165293751,86591.69365293751,2
S-A_canslim,2024-04-11,110766.01565293751,86591.69365293751,2
S-A_canslim,2024-04-12,110590.05765293751,86591.69365293751,2
S-A_canslim,2024-04-15,110388.1016529375,86591.69365293751,2
S-A_canslim,2024-04-16,110614.07365293751,86591.69365293751,2
S-A_canslim,2024-04-17,110144.8136529375,86591.69365293751,2
S-A_canslim,2024-04-18,109880.0856529375,86591.69365293751,2
S-A_canslim,2024-04-19,109591.12965293751,86591.69365293751,2
S-A_canslim,2024-04-22,109766.21765293751,86591.69365293751,2
S-A_canslim,2024-04-23,110314.9996529375,86591.69365293751,2
S-A_canslim,2024-04-24,110438.01965293751,86591.69365293751,2
S-A_canslim,2024-04-25,110822.45165293751,86591.69365293751,2
S-A_canslim,2024-04-26,111445.84165293751,86591.69365293751,2
S-A_canslim,2024-04-29,111497.02539806804,99553.57539806805,1
S-A_canslim,2024-04-30,110987.85939806805,99553.57539806805,1
S-A_canslim,2024-05-01,110829.09939806805,99553.57539806805,1
S-A_canslim,2024-05-02,110904.75158509056,110904.75158509056,0
S-A_canslim,2024-05-03,110904.75158509056,110904.75158509056,0
S-A_canslim,2024-05-06,111254.77081722923,88778.33681722924,2
S-A_canslim,2024-05-07,111192.25381722924,88778.33681722924,2
S-A_canslim,2024-05-08,112042.05581722924,88778.33681722924,2
S-A_canslim,2024-05-09,112539.82181722924,88778.33681722924,2
S-A_canslim,2024-05-10,112836.87281722925,88778.33681722924,2
S-A_canslim,2024-05-13,110976.64081722924,88778.33681722924,2
S-A_canslim,2024-05-14,111405.71481722925,88778.33681722924,2
S-A_canslim,2024-05-15,111965.69181722924,88778.33681722924,2
S-A_canslim,2024-05-16,111109.34281722925,88778.33681722924,2
S-A_canslim,2024-05-17,111253.81081722924,88778.33681722924,2
S-A_canslim,2024-05-20,110393.24419300255,77684.75619300254,3
S-A_canslim,2024-05-21,110593.33919300254,77684.75619300254,3
S-A_canslim,2024-05-22,110262.09086836134,87860.27286836134,2
S-A_canslim,2024-05-23,110157.61986836133,87860.27286836134,2
S-A_canslim,2024-05-24,110383.88286836134,87860.27286836134,2
S-A_canslim,2024-05-28,110204.85086836133,87860.27286836134,2
S-A_canslim,2024-05-29,109905.05201421605,98009.60801421605,1
S-A_canslim,2024-05-30,109872.08501421605,98009.60801421605,1
S-A_canslim,2024-05-31,110041.96901421605,98009.60801421605,1
S-A_canslim,2024-06-03,110354.41301421604,98009.60801421605,1
S-A_canslim,2024-06-04,110043.45401421605,98009.60801421605,1
S-A_canslim,2024-06-05,109982.86601421605,98009.60801421605,1
S-A_canslim,2024-06-06,109952.57201421606,98009.60801421605,1
S-A_canslim,2024-06-07,108140.35269137492,108140.35269137492,0
S-A_canslim,2024-06-10,108140.35269137492,108140.35269137492,0
S-A_canslim,2024-06-11,108140.35269137492,108140.35269137492,0
S-A_canslim,2024-06-12,108140.35269137492,108140.35269137492,0
S-A_canslim,2024-06-13,108140.35269137492,108140.35269137492,0
S-A_canslim,2024-06-14,108140.35269137492,108140.35269137492,0
S-A_canslim,2024-06-17,108140.35269137492,108140.35269137492,0
S-A_canslim,2024-06-18,108140.35269137492,108140.35269137492,0
S-A_canslim,2024-06-20,108140.35269137492,108140.35269137492,0
S-A_canslim,2024-06-21,108140.35269137492,108140.35269137492,0
S-A_canslim,2024-06-24,108140.35269137492,108140.35269137492,0
S-A_canslim,2024-06-25,108140.35269137492,108140.35269137492,0
S-A_canslim,2024-06-26,108140.35269137492,108140.35269137492,0
S-A_canslim,2024-06-27,108140.35269137492,108140.35269137492,0
S-A_canslim,2024-06-28,108140.35269137492,108140.35269137492,0
S-A_canslim,2024-07-01,108140.35269137492,108140.35269137492,0
S-A_canslim,2024-07-02,108140.35269137492,108140.35269137492,0
S-A_canslim,2024-07-03,108140.35269137492,108140.35269137492,0
S-A_canslim,2024-07-05,108140.35269137492,108140.35269137492,0
S-A_canslim,2024-07-08,108140.35269137492,108140.35269137492,0
S-A_canslim,2024-07-09,108140.35269137492,108140.35269137492,0
S-A_canslim,2024-07-10,108140.35269137492,108140.35269137492,0
S-A_canslim,2024-07-11,108140.35269137492,108140.35269137492,0
S-A_canslim,2024-07-12,108140.35269137492,108140.35269137492,0
S-A_canslim,2024-07-15,108140.35269137492,108140.35269137492,0
S-A_canslim,2024-07-16,108140.35269137492,108140.35269137492,0
S-A_canslim,2024-07-17,108140.35269137492,108140.35269137492,0
S-A_canslim,2024-07-18,108140.35269137492,108140.35269137492,0
S-A_canslim,2024-07-19,108140.35269137492,108140.35269137492,0
S-A_canslim,2024-07-22,108140.35269137492,108140.35269137492,0
S-A_canslim,2024-07-23,108140.35269137492,108140.35269137492,0
S-A_canslim,2024-07-24,108140.35269137492,108140.35269137492,0
S-A_canslim,2024-07-25,108140.35269137492,108140.35269137492,0
S-A_canslim,2024-07-26,108140.35269137492,108140.35269137492,0
S-A_canslim,2024-07-29,108140.35269137492,108140.35269137492,0
S-A_canslim,2024-07-30,108140.35269137492,108140.35269137492,0
S-A_canslim,2024-07-31,108140.35269137492,108140.35269137492,0
S-A_canslim,2024-08-01,108140.35269137492,108140.35269137492,0
S-A_canslim,2024-08-02,108140.35269137492,108140.35269137492,0
S-A_canslim,2024-08-05,108140.35269137492,108140.35269137492,0
S-A_canslim,2024-08-06,108140.35269137492,108140.35269137492,0
S-A_canslim,2024-08-07,108140.35269137492,108140.35269137492,0
S-A_canslim,2024-08-08,108140.35269137492,108140.35269137492,0
S-A_canslim,2024-08-09,108140.35269137492,108140.35269137492,0
S-A_canslim,2024-08-12,108140.35269137492,108140.35269137492,0
S-A_canslim,2024-08-13,108140.35269137492,108140.35269137492,0
S-A_canslim,2024-08-14,108140.35269137492,108140.35269137492,0
S-A_canslim,2024-08-15,108140.35269137492,108140.35269137492,0
S-A_canslim,2024-08-16,108140.35269137492,108140.35269137492,0
S-A_canslim,2024-08-19,108140.35269137492,108140.35269137492,0
S-A_canslim,2024-08-20,108140.35269137492,108140.35269137492,0
S-A_canslim,2024-08-21,108140.35269137492,108140.35269137492,0
S-A_canslim,2024-08-22,108140.35269137492,108140.35269137492,0
S-A_canslim,2024-08-23,108140.35269137492,108140.35269137492,0
S-A_canslim,2024-08-26,108140.35269137492,108140.35269137492,0
S-A_canslim,2024-08-27,108140.35269137492,108140.35269137492,0
S-A_canslim,2024-08-28,108140.35269137492,108140.35269137492,0
S-A_canslim,2024-08-29,108140.35269137492,108140.35269137492,0
S-A_canslim,2024-08-30,108140.35269137492,108140.35269137492,0
S-A_canslim,2024-09-03,108140.35269137492,108140.35269137492,0
S-A_canslim,2024-09-04,108140.35269137492,108140.35269137492,0
S-A_canslim,2024-09-05,108140.35269137492,108140.35269137492,0
S-A_canslim,2024-09-06,108140.35269137492,108140.35269137492,0
S-A_canslim,2024-09-09,108140.35269137492,108140.35269137492,0
S-A_canslim,2024-09-10,108140.35269137492,108140.35269137492,0
S-A_canslim,2024-09-11,108140.35269137492,108140.35269137492,0
S-A_canslim,2024-09-12,108140.35269137492,108140.35269137492,0
S-A_canslim,2024-09-13,108140.35269137492,108140.35269137492,0
S-A_canslim,2024-09-16,108140.35269137492,108140.35269137492,0
S-A_canslim,2024-09-17,108140.35269137492,108140.35269137492,0
S-A_canslim,2024-09-18,108140.35269137492,108140.35269137492,0
S-A_canslim,2024-09-19,108140.35269137492,108140.35269137492,0
S-A_canslim,2024-09-20,108140.35269137492,108140.35269137492,0
S-A_canslim,2024-09-23,108140.35269137492,108140.35269137492,0
S-A_canslim,2024-09-24,108140.35269137492,108140.35269137492,0
S-A_canslim,2024-09-25,108140.35269137492,108140.35269137492,0
S-A_canslim,2024-09-26,108140.35269137492,108140.35269137492,0
S-A_canslim,2024-09-27,108140.35269137492,108140.35269137492,0
S-A_canslim,2024-09-30,108140.35269137492,108140.35269137492,0
S-A_canslim,2024-10-01,108140.35269137492,108140.35269137492,0
S-A_canslim,2024-10-02,108140.35269137492,108140.35269137492,0
S-A_canslim,2024-10-03,108140.35269137492,108140.35269137492,0
S-A_canslim,2024-10-04,108140.35269137492,108140.35269137492,0
S-A_canslim,2024-10-07,108140.35269137492,108140.35269137492,0
S-A_canslim,2024-10-08,108140.35269137492,108140.35269137492,0
S-A_canslim,2024-10-09,108140.35269137492,108140.35269137492,0
S-A_canslim,2024-10-10,108140.35269137492,108140.35269137492,0
S-A_canslim,2024-10-11,108140.35269137492,108140.35269137492,0
S-A_canslim,2024-10-14,108140.35269137492,108140.35269137492,0
S-A_canslim,2024-10-15,108140.35269137492,108140.35269137492,0
S-A_canslim,2024-10-16,108140.35269137492,108140.35269137492,0
S-A_canslim,2024-10-17,108140.35269137492,108140.35269137492,0
S-A_canslim,2024-10-18,108140.35269137492,108140.35269137492,0
S-A_canslim,2024-10-21,108140.35269137492,108140.35269137492,0
S-A_canslim,2024-10-22,108140.35269137492,108140.35269137492,0
S-A_canslim,2024-10-23,108140.35269137492,108140.35269137492,0
S-A_canslim,2024-10-24,108140.35269137492,108140.35269137492,0
S-A_canslim,2024-10-25,108140.35269137492,108140.35269137492,0
S-A_canslim,2024-10-28,108154.84208688694,97334.60108688695,1
S-A_canslim,2024-10-29,107996.54708688695,97334.60108688695,1
S-A_canslim,2024-10-30,107893.88408688694,97334.60108688695,1
S-A_canslim,2024-10-31,107648.48108688695,97334.60108688695,1
S-A_canslim,2024-11-01,107591.01908688695,97334.60108688695,1
S-A_canslim,2024-11-04,107631.09608688694,97334.60108688695,1
S-A_canslim,2024-11-05,108139.28708688695,97334.60108688695,1
S-A_canslim,2024-11-06,108734.40308688694,97334.60108688695,1
S-A_canslim,2024-11-07,108634.66808688694,97334.60108688695,1
S-A_canslim,2024-11-08,108639.97508688695,97334.60108688695,1
S-A_canslim,2024-11-11,109313.42299374695,86499.82399374695,2
S-A_canslim,2024-11-12,109629.55699374696,86499.82399374695,2
S-A_canslim,2024-11-13,109482.61399374696,86499.82399374695,2
S-A_canslim,2024-11-14,109112.30299374694,86499.82399374695,2
S-A_canslim,2024-11-15,108906.93499374695,86499.82399374695,2
S-A_canslim,2024-11-18,108651.23299374695,86499.82399374695,2
S-A_canslim,2024-11-19,108420.67399374695,86499.82399374695,2
S-A_canslim,2024-11-20,108564.20299374695,86499.82399374695,2
S-A_canslim,2024-11-21,109029.34699374695,86499.82399374695,2
S-A_canslim,2024-11-22,109005.34099374694,86499.82399374695,2
S-A_canslim,2024-11-25,109214.10199374694,86499.82399374695,2
S-A_canslim,2024-11-26,109698.79999374694,86499.82399374695,2
S-A_canslim,2024-11-27,109409.90899374694,86499.82399374695,2
S-A_canslim,2024-11-29,109508.17099374696,86499.82399374695,2
S-A_canslim,2024-12-02,109611.49699374694,86499.82399374695,2
S-A_canslim,2024-12-03,109574.68099374695,86499.82399374695,2
S-A_canslim,2024-12-04,109919.28799374696,86499.82399374695,2
S-A_canslim,2024-12-05,109768.97599374695,86499.82399374695,2
S-A_canslim,2024-12-06,109905.76999374694,86499.82399374695,2
S-A_canslim,2024-12-09,109543.54399374695,86499.82399374695,2
S-A_canslim,2024-12-10,109706.14699374695,86499.82399374695,2
S-A_canslim,2024-12-11,109816.09399374695,86499.82399374695,2
S-A_canslim,2024-12-12,109745.27899374695,86499.82399374695,2
S-A_canslim,2024-12-13,109775.73499374694,86499.82399374695,2
S-A_canslim,2024-12-16,109756.75099374694,86499.82399374695,2
S-A_canslim,2024-12-17,109408.45699374695,86499.82399374695,2
S-A_canslim,2024-12-18,108474.86299374695,86499.82399374695,2
S-A_canslim,2024-12-19,108460.33699374695,86499.82399374695,2
S-A_canslim,2024-12-20,108770.89999374695,86499.82399374695,2
S-A_canslim,2024-12-23,108607.24399374695,86499.82399374695,2
S-A_canslim,2024-12-24,108918.46999374696,86499.82399374695,2
S-A_canslim,2024-12-26,108739.25305416188,97356.32305416188,1
S-A_canslim,2024-12-27,108597.68305416188,97356.32305416188,1
S-A_canslim,2024-12-30,108486.53305416188,97356.32305416188,1
S-A_canslim,2024-12-31,108410.48305416189,97356.32305416188,1
S-A_canslim,2025-01-02,108442.07305416188,97356.32305416188,1
S-A_canslim,2025-01-03,108760.31305416189,97356.32305416188,1
S-A_canslim,2025-01-06,108815.30305416188,97356.32305416188,1
S-A_canslim,2025-01-07,108580.13305416188,97356.32305416188,1
S-A_canslim,2025-01-08,108593.00305416188,97356.32305416188,1
S-A_canslim,2025-01-10,108419.84305416189,97356.32305416188,1
S-A_canslim,2025-01-13,108334.43305416188,97356.32305416188,1
S-A_canslim,2025-01-14,108177.65305416188,97356.32305416188,1
S-A_canslim,2025-01-15,108318.90994870689,108318.90994870689,0
S-A_canslim,2025-01-16,108318.90994870689,108318.90994870689,0
S-A_canslim,2025-01-17,108318.90994870689,108318.90994870689,0
S-A_canslim,2025-01-21,108318.90994870689,108318.90994870689,0
S-A_canslim,2025-01-22,108318.90994870689,108318.90994870689,0
S-A_canslim,2025-01-23,108318.90994870689,108318.90994870689,0
S-A_canslim,2025-01-24,108318.90994870689,108318.90994870689,0
S-A_canslim,2025-01-27,108318.90994870689,108318.90994870689,0
S-A_canslim,2025-01-28,108318.90994870689,108318.90994870689,0
S-A_canslim,2025-01-29,108318.90994870689,108318.90994870689,0
S-A_canslim,2025-01-30,108318.90994870689,108318.90994870689,0
S-A_canslim,2025-01-31,108318.90994870689,108318.90994870689,0
S-A_canslim,2025-02-03,108318.90994870689,108318.90994870689,0
S-A_canslim,2025-02-04,108318.90994870689,108318.90994870689,0
S-A_canslim,2025-02-05,108318.90994870689,108318.90994870689,0
S-A_canslim,2025-02-06,108318.90994870689,108318.90994870689,0
S-A_canslim,2025-02-07,108318.90994870689,108318.90994870689,0
S-A_canslim,2025-02-10,108016.25700870689,97505.16700870689,1
S-A_canslim,2025-02-11,107409.11118866889,107409.11118866889,0
S-A_canslim,2025-02-12,107409.11118866889,107409.11118866889,0
S-A_canslim,2025-02-13,107409.11118866889,107409.11118866889,0
S-A_canslim,2025-02-14,107409.11118866889,107409.11118866889,0
S-A_canslim,2025-02-18,107409.11118866889,107409.11118866889,0
S-A_canslim,2025-02-19,107409.11118866889,107409.11118866889,0
S-A_canslim,2025-02-20,107409.11118866889,107409.11118866889,0
S-A_canslim,2025-02-21,107409.11118866889,107409.11118866889,0
S-A_canslim,2025-02-24,107409.11118866889,107409.11118866889,0
S-A_canslim,2025-02-25,107409.11118866889,107409.11118866889,0
S-A_canslim,2025-02-26,107409.11118866889,107409.11118866889,0
S-A_canslim,2025-02-27,107409.11118866889,107409.11118866889,0
S-A_canslim,2025-02-28,107409.11118866889,107409.11118866889,0
S-A_canslim,2025-03-03,107409.11118866889,107409.11118866889,0
S-A_canslim,2025-03-04,107409.11118866889,107409.11118866889,0
S-A_canslim,2025-03-05,107409.11118866889,107409.11118866889,0
S-A_canslim,2025-03-06,107409.11118866889,107409.11118866889,0
S-A_canslim,2025-03-07,107409.11118866889,107409.11118866889,0
S-A_canslim,2025-03-10,107409.11118866889,107409.11118866889,0
S-A_canslim,2025-03-11,107409.11118866889,107409.11118866889,0
S-A_canslim,2025-03-12,107409.11118866889,107409.11118866889,0
S-A_canslim,2025-03-13,107409.11118866889,107409.11118866889,0
S-A_canslim,2025-03-14,107409.11118866889,107409.11118866889,0
S-A_canslim,2025-03-17,107409.11118866889,107409.11118866889,0
S-A_canslim,2025-03-18,107409.11118866889,107409.11118866889,0
S-A_canslim,2025-03-19,107409.11118866889,107409.11118866889,0
S-A_canslim,2025-03-20,107409.11118866889,107409.11118866889,0
S-A_canslim,2025-03-21,107409.11118866889,107409.11118866889,0
S-A_canslim,2025-03-24,107409.11118866889,107409.11118866889,0
S-A_canslim,2025-03-25,107409.11118866889,107409.11118866889,0
S-A_canslim,2025-03-26,107409.11118866889,107409.11118866889,0
S-A_canslim,2025-03-27,107409.11118866889,107409.11118866889,0
S-A_canslim,2025-03-28,107409.11118866889,107409.11118866889,0
S-A_canslim,2025-03-31,107409.11118866889,107409.11118866889,0
S-A_canslim,2025-04-01,107409.11118866889,107409.11118866889,0
S-A_canslim,2025-04-02,107409.11118866889,107409.11118866889,0
S-A_canslim,2025-04-03,107409.11118866889,107409.11118866889,0
S-A_canslim,2025-04-04,107409.11118866889,107409.11118866889,0
S-A_canslim,2025-04-07,107409.11118866889,107409.11118866889,0
S-A_canslim,2025-04-08,107409.11118866889,107409.11118866889,0
S-A_canslim,2025-04-09,107409.11118866889,107409.11118866889,0
S-A_canslim,2025-04-10,107409.11118866889,107409.11118866889,0
S-A_canslim,2025-04-11,107409.11118866889,107409.11118866889,0
S-A_canslim,2025-04-14,107409.11118866889,107409.11118866889,0
S-A_canslim,2025-04-15,107409.11118866889,107409.11118866889,0
S-A_canslim,2025-04-16,107409.11118866889,107409.11118866889,0
S-A_canslim,2025-04-17,107409.11118866889,107409.11118866889,0
S-A_canslim,2025-04-21,107409.11118866889,107409.11118866889,0
S-A_canslim,2025-04-22,107409.11118866889,107409.11118866889,0
S-A_canslim,2025-04-23,107409.11118866889,107409.11118866889,0
S-A_canslim,2025-04-24,107409.11118866889,107409.11118866889,0
S-A_canslim,2025-04-25,107409.11118866889,107409.11118866889,0
S-A_canslim,2025-04-28,107409.11118866889,107409.11118866889,0
S-A_canslim,2025-04-29,107409.11118866889,107409.11118866889,0
S-A_canslim,2025-04-30,107409.11118866889,107409.11118866889,0
S-A_canslim,2025-05-01,107409.11118866889,107409.11118866889,0
S-A_canslim,2025-05-02,107409.11118866889,107409.11118866889,0
S-A_canslim,2025-05-05,107409.11118866889,107409.11118866889,0
S-A_canslim,2025-05-06,107409.11118866889,107409.11118866889,0
S-A_canslim,2025-05-07,107409.11118866889,107409.11118866889,0
S-A_canslim,2025-05-08,107409.11118866889,107409.11118866889,0
S-A_canslim,2025-05-09,107409.11118866889,107409.11118866889,0
S-A_canslim,2025-05-12,107409.11118866889,107409.11118866889,0
S-A_canslim,2025-05-13,107409.11118866889,107409.11118866889,0
S-A_canslim,2025-05-14,107409.11118866889,107409.11118866889,0
S-A_canslim,2025-05-15,107409.11118866889,107409.11118866889,0
S-A_canslim,2025-05-16,107409.11118866889,107409.11118866889,0
S-A_canslim,2025-05-19,107409.11118866889,107409.11118866889,0
S-A_canslim,2025-05-20,107409.11118866889,107409.11118866889,0
S-A_canslim,2025-05-21,107409.11118866889,107409.11118866889,0
S-A_canslim,2025-05-22,107409.11118866889,107409.11118866889,0
S-A_canslim,2025-05-23,107409.11118866889,107409.11118866889,0
S-A_canslim,2025-05-27,107409.11118866889,107409.11118866889,0
S-A_canslim,2025-05-28,107409.11118866889,107409.11118866889,0
S-A_canslim,2025-05-29,107409.11118866889,107409.11118866889,0
S-A_canslim,2025-05-30,107409.11118866889,107409.11118866889,0
S-A_canslim,2025-06-02,107409.11118866889,107409.11118866889,0
S-A_canslim,2025-06-03,107409.11118866889,107409.11118866889,0
S-A_canslim,2025-06-04,107409.11118866889,107409.11118866889,0
S-A_canslim,2025-06-05,107409.11118866889,107409.11118866889,0
S-A_canslim,2025-06-06,107409.11118866889,107409.11118866889,0
S-A_canslim,2025-06-09,107409.11118866889,107409.11118866889,0
S-A_canslim,2025-06-10,107409.11118866889,107409.11118866889,0
S-A_canslim,2025-06-11,107409.11118866889,107409.11118866889,0
S-A_canslim,2025-06-12,107409.11118866889,107409.11118866889,0
S-A_canslim,2025-06-13,107409.11118866889,107409.11118866889,0
S-A_canslim,2025-06-16,107409.11118866889,107409.11118866889,0
S-A_canslim,2025-06-17,107409.11118866889,107409.11118866889,0
S-A_canslim,2025-06-18,107409.11118866889,107409.11118866889,0
S-A_canslim,2025-06-20,107409.11118866889,107409.11118866889,0
S-A_canslim,2025-06-23,107409.11118866889,107409.11118866889,0
S-A_canslim,2025-06-24,107409.11118866889,107409.11118866889,0
S-A_canslim,2025-06-25,107409.11118866889,107409.11118866889,0
S-A_canslim,2025-06-26,107409.11118866889,107409.11118866889,0
S-A_canslim,2025-06-27,107409.11118866889,107409.11118866889,0
S-A_canslim,2025-06-30,107566.94825816121,96800.75625816121,1
