system,date,equity,cash,positions
S-B_minervini,2006-01-03,100000.0,100000.0,0
S-B_minervini,2006-01-04,100000.0,100000.0,0
S-B_minervini,2006-01-05,100000.0,100000.0,0
S-B_minervini,2006-01-06,100000.0,100000.0,0
S-B_minervini,2006-01-09,100000.0,100000.0,0
S-B_minervini,2006-01-10,100000.0,100000.0,0
S-B_minervini,2006-01-11,100000.0,100000.0,0
S-B_minervini,2006-01-12,100000.0,100000.0,0
S-B_minervini,2006-01-13,100000.0,100000.0,0
S-B_minervini,2006-01-17,100000.0,100000.0,0
S-B_minervini,2006-01-18,100000.0,100000.0,0
S-B_minervini,2006-01-19,100000.0,100000.0,0
S-B_minervini,2006-01-20,100000.0,100000.0,0
S-B_minervini,2006-01-23,100000.0,100000.0,0
S-B_minervini,2006-01-24,100000.0,100000.0,0
S-B_minervini,2006-01-25,100000.0,100000.0,0
S-B_minervini,2006-01-26,100000.0,100000.0,0
S-B_minervini,2006-01-27,100000.0,100000.0,0
S-B_minervini,2006-01-30,100000.0,100000.0,0
S-B_minervini,2006-01-31,100000.0,100000.0,0
S-B_minervini,2006-02-01,100000.0,100000.0,0
S-B_minervini,2006-02-02,100000.0,100000.0,0
S-B_minervini,2006-02-03,100000.0,100000.0,0
S-B_minervini,2006-02-06,100173.52386477751,20093.06186477751,8
S-B_minervini,2006-02-07,98765.9612394451,29343.05723944509,7
S-B_minervini,2006-02-08,99111.22523944509,29343.05723944509,7
S-B_minervini,2006-02-09,98451.9437380117,38606.6057380117,6
S-B_minervini,2006-02-10,98074.86430942811,47854.817309428116,5
S-B_minervini,2006-02-13,96810.42596720565,47297.27996720565,5
S-B_minervini,2006-02-14,97555.50696720564,47297.27996720565,5
S-B_minervini,2006-02-15,98046.17996720565,47297.27996720565,5
S-B_minervini,2006-02-16,97078.65179906625,56547.80879906626,4
S-B_minervini,2006-02-17,97048.93779906626,56547.80879906626,4
S-B_minervini,2006-02-21,96631.10797629156,37164.613976291555,6
S-B_minervini,2006-02-22,97243.80197629155,37164.613976291555,6
S-B_minervini,2006-02-23,97876.94597629156,37164.613976291555,6
S-B_minervini,2006-02-24,98164.67097629156,37164.613976291555,6
S-B_minervini,2006-02-27,98294.92869142051,17547.977691420518,8
S-B_minervini,2006-02-28,97834.59369142051,17547.977691420518,8
S-B_minervini,2006-03-01,97847.55969142051,17547.977691420518,8
S-B_minervini,2006-03-02,97707.97169142052,17547.977691420518,8
S-B_minervini,2006-03-03,97837.84369142051,17547.977691420518,8
S-B_minervini,2006-03-06,98803.89473988353,7785.664739883539,9
S-B_minervini,2006-03-07,98074.12168011874,13294.234680118734,9
S-B_minervini,2006-03-08,97798.18959635339,18180.606596353384,8
S-B_minervini,2006-03-09,97504.69859635338,18180.606596353384,8
S-B_minervini,2006-03-10,97928.58459635338,18180.606596353384,8
S-B_minervini,2006-03-13,97709.70179415338,9102.220794153385,9
S-B_minervini,2006-03-14,98249.82679415338,9102.220794153385,9
S-B_minervini,2006-03-15,98736.10179415338,9102.220794153385,9
S-B_minervini,2006-03-16,99245.53379415338,9102.220794153385,9
S-B_minervini,2006-03-17,99900.31165995577,14662.60165995577,9
S-B_minervini,2006-03-20,99694.62493807575,4680.7879380757695,10
S-B_minervini,2006-03-21,97853.00193807576,4680.7879380757695,10
S-B_minervini,2006-03-22,99412.85493807576,4680.7879380757695,10
S-B_minervini,2006-03-23,99936.93995041367,10145.27395041367,10
S-B_minervini,2006-03-24,100414.70195041367,10145.27395041367,10
S-B_minervini,2006-03-27,100271.53595041366,10145.27395041367,10
S-B_minervini,2006-03-28,101338.64876826658,15700.14276826657,10
S-B_minervini,2006-03-29,102312.92440026655,23316.886400266572,9
S-B_minervini,2006-03-30,102043.80734575156,28189.57834575157,8
S-B_minervini,2006-03-31,102693.3957186853,33695.9927186853,8
S-B_minervini,2006-04-03,102881.888146504,18875.053146504015,10
S-B_minervini,2006-04-04,103072.19067235546,28353.737672355466,9
S-B_minervini,2006-04-05,103103.72511303046,38472.49311303047,8
S-B_minervini,2006-04-06,101687.3671249156,47970.94812491561,7
S-B_minervini,2006-04-07,101266.3961249156,47970.94812491561,7
S-B_minervini,2006-04-10,100323.9274993914,17714.271499391405,10
S-B_minervini,2006-04-11,98834.80901799403,26788.98501799404,9
S-B_minervini,2006-04-12,99747.63486449404,32746.674864494038,8
S-B_minervini,2006-04-13,100176.80886449404,32746.674864494038,8
S-B_minervini,2006-04-17,100370.36808524404,12745.164085244041,10
S-B_minervini,2006-04-18,102619.61208524405,12745.164085244041,10
S-B_minervini,2006-04-19,102250.82408524405,12745.164085244041,10
S-B_minervini,2006-04-20,99072.78218356204,31362.907183562045,8
S-B_minervini,2006-04-21,99485.86018356205,31362.907183562045,8
S-B_minervini,2006-04-24,99873.22512301581,17113.131123015814,10
S-B_minervini,2006-04-25,101235.67712301582,17113.131123015814,10
S-B_minervini,2006-04-26,100746.9021230158,17113.131123015814,10
S-B_minervini,2006-04-27,99903.68537464783,31957.021374647826,8
S-B_minervini,2006-04-28,99420.02567856119,41166.48167856118,7
S-B_minervini,2006-05-01,100243.83951078636,11372.638510786355,10
S-B_minervini,2006-05-02,101149.49551078635,11372.638510786355,10
S-B_minervini,2006-05-03,101512.70351078635,11372.638510786355,10
S-B_minervini,2006-05-04,102415.20951078637,11372.638510786355,10
S-B_minervini,2006-05-05,104274.12726038479,17052.66726038479,10
S-B_minervini,2006-05-08,102271.42426038478,17052.66726038479,10
S-B_minervini,2006-05-09,103994.67310620322,28131.94110620323,9
S-B_minervini,2006-05-10,104545.78110620323,28131.94110620323,9
S-B_minervini,2006-05-11,101546.83610620323,28131.94110620323,9
S-B_minervini,2006-05-12,99946.12170251939,37387.21570251938,8
S-B_minervini,2006-05-15,98566.94567394399,31542.19867394398,8
S-B_minervini,2006-05-16,99583.03867394399,31542.19867394398,8
S-B_minervini,2006-05-17,98169.15773275649,40905.488732756494,7
S-B_minervini,2006-05-18,97655.34299936448,50097.90999936449,6
S-B_minervini,2006-05-19,97510.70711636991,59350.06611636992,5
S-B_minervini,2006-05-22,95881.75372729491,54974.36672729492,5
S-B_minervini,2006-05-23,96070.05080705602,67029.80280705602,3
S-B_minervini,2006-05-24,96034.45580705603,67029.80280705602,3
S-B_minervini,2006-05-25,96568.74780705603,67029.80280705602,3
S-B_minervini,2006-05-26,96623.15489705603,76632.10089705602,2
S-B_minervini,2006-05-30,96330.25389705601,76632.10089705602,2
S-B_minervini,2006-05-31,96689.31989705602,76632.10089705602,2
S-B_minervini,2006-06-01,96700.80889705602,76632.10089705602,2
S-B_minervini,2006-06-02,96746.70089705603,76632.10089705602,2
S-B_minervini,2006-06-05,96090.32589705603,76632.10089705602,2
S-B_minervini,2006-06-06,96164.07889705602,76632.10089705602,2
S-B_minervini,2006-06-07,95954.83389705603,76632.10089705602,2
S-B_minervini,2006-06-08,95532.98688045607,85896.08488045607,1
S-B_minervini,2006-06-09,95447.48288045607,85896.08488045607,1
S-B_minervini,2006-06-12,94951.59457623807,66900.02157623807,3
S-B_minervini,2006-06-13,94395.2619326522,84972.2049326522,1
S-B_minervini,2006-06-14,94348.8619326522,84972.2049326522,1
S-B_minervini,2006-06-15,94577.0049326522,84972.2049326522,1
S-B_minervini,2006-06-16,94793.54793265219,84972.2049326522,1
S-B_minervini,2006-06-19,94801.2619326522,84972.2049326522,1
S-B_minervini,2006-06-20,94691.0619326522,84972.2049326522,1
S-B_minervini,2006-06-21,95035.2049326522,84972.2049326522,1
S-B_minervini,2006-06-22,95170.54793265219,84972.2049326522,1
S-B_minervini,2006-06-23,95812.64241488451,90164.64741488452,1
S-B_minervini,2006-06-26,95825.64741488452,90164.64741488452,1
S-B_minervini,2006-06-27,95594.64741488452,90164.64741488452,1
S-B_minervini,2006-06-28,95681.64741488452,90164.64741488452,1
S-B_minervini,2006-06-29,95964.65241488452,90164.64741488452,1
S-B_minervini,2006-06-30,95858.64741488452,90164.64741488452,1
S-B_minervini,2006-07-03,95815.45285107201,71007.25785107202,3
S-B_minervini,2006-07-05,95615.64285107201,71007.25785107202,3
S-B_minervini,2006-07-06,95389.84796595201,75887.37296595202,2
S-B_minervini,2006-07-07,94948.33796595201,75887.37296595202,2
S-B_minervini,2006-07-10,94245.06480403172,84752.94480403172,1
S-B_minervini,2006-07-11,93623.69617498913,93623.69617498913,0
S-B_minervini,2006-07-12,93623.69617498913,93623.69617498913,0
S-B_minervini,2006-07-13,93623.69617498913,93623.69617498913,0
S-B_minervini,2006-07-14,93623.69617498913,93623.69617498913,0
S-B_minervini,2006-07-17,93623.69617498913,93623.69617498913,0
S-B_minervini,2006-07-18,93623.69617498913,93623.69617498913,0
S-B_minervini,2006-07-19,93623.69617498913,93623.69617498913,0
S-B_minervini,2006-07-20,93623.69617498913,93623.69617498913,0
S-B_minervini,2006-07-21,93623.69617498913,93623.69617498913,0
S-B_minervini,2006-07-24,94280.21275370408,74912.89475370408,2
S-B_minervini,2006-07-25,94537.43975370408,74912.89475370408,2
S-B_minervini,2006-07-26,93114.83276467302,83570.93276467302,1
S-B_minervini,2006-07-27,93071.33276467302,83570.93276467302,1
S-B_minervini,2006-07-28,93262.73276467303,83570.93276467302,1
S-B_minervini,2006-07-31,93927.4753213685,27747.946321368494,7
S-B_minervini,2006-08-01,93063.5243213685,27747.946321368494,7
S-B_minervini,2006-08-02,93120.9453213685,27747.946321368494,7
S-B_minervini,2006-08-03,93747.2193213685,27747.946321368494,7
S-B_minervini,2006-08-04,93266.57032136849,27747.946321368494,7
S-B_minervini,2006-08-07,93515.47470684323,0.46670684323362366,10
S-B_minervini,2006-08-08,93349.63470684324,0.46670684323362366,10
S-B_minervini,2006-08-09,93131.38870684322,0.46670684323362366,10
S-B_minervini,2006-08-10,94297.56070684323,0.46670684323362366,10
S-B_minervini,2006-08-11,93551.61670684323,0.46670684323362366,10
S-B_minervini,2006-08-14,93536.17070684323,0.46670684323362366,10
S-B_minervini,2006-08-15,94846.81270684324,0.46670684323362366,10
S-B_minervini,2006-08-16,96206.63570684324,0.46670684323362366,10
S-B_minervini,2006-08-17,95555.60770684322,0.46670684323362366,10
S-B_minervini,2006-08-18,95910.01170684322,0.46670684323362366,10
S-B_minervini,2006-08-21,96821.17998835267,5285.741988352667,10
S-B_minervini,2006-08-22,97399.06298835267,5285.741988352667,10
S-B_minervini,2006-08-23,96053.36198835267,5285.741988352667,10
S-B_minervini,2006-08-24,94713.7230402357,13931.34704023569,9
S-B_minervini,2006-08-25,94720.40104023568,13931.34704023569,9
S-B_minervini,2006-08-28,95123.42604023569,13931.34704023569,9
S-B_minervini,2006-08-29,95763.8310402357,13931.34704023569,9
S-B_minervini,2006-08-30,95286.22204023568,13931.34704023569,9
S-B_minervini,2006-08-31,95489.43404023569,13931.34704023569,9
S-B_minervini,2006-09-01,96062.13804023569,13931.34704023569,9
S-B_minervini,2006-09-05,96795.4236261499,9734.234626149915,10
S-B_minervini,2006-09-06,95801.34062614992,9734.234626149915,10
S-B_minervini,2006-09-07,95310.21762614993,9734.234626149915,10
S-B_minervini,2006-09-08,95073.26462614992,9734.234626149915,10
S-B_minervini,2006-09-11,95034.94239811835,5004.557398118353,10
S-B_minervini,2006-09-12,95570.97373945735,14839.33373945735,9
S-B_minervini,2006-09-13,96180.71073945734,14839.33373945735,9
S-B_minervini,2006-09-14,96047.40073945734,14839.33373945735,9
S-B_minervini,2006-09-15,96126.97073945735,14839.33373945735,9
S-B_minervini,2006-09-18,96305.99650995735,5234.00850995735,10
S-B_minervini,2006-09-19,95551.53450995735,5234.00850995735,10
S-B_minervini,2006-09-20,96421.76550995735,5234.00850995735,10
S-B_minervini,2006-09-21,95911.57050995732,5234.00850995735,10
S-B_minervini,2006-09-22,94020.23045414392,22904.540454143935,8
S-B_minervini,2006-09-25,94287.40067889939,4279.633678899376,10
S-B_minervini,2006-09-26,94420.80867889938,4279.633678899376,10
S-B_minervini,2006-09-27,95102.02867889935,4279.633678899376,10
S-B_minervini,2006-09-28,94816.027430584,12712.879430584002,9
S-B_minervini,2006-09-29,94746.910430584,12712.879430584002,9
S-B_minervini,2006-10-02,94254.156109618,3271.9211096179733,10
S-B_minervini,2006-10-03,94366.62210961798,3271.9211096179733,10
S-B_minervini,2006-10-04,95851.80310961798,3271.9211096179733,10
S-B_minervini,2006-10-05,96141.26310961798,3271.9211096179733,10
S-B_minervini,2006-10-06,95118.46810961798,3271.9211096179733,10
S-B_minervini,2006-10-09,95420.82210961796,3271.9211096179733,10
S-B_minervini,2006-10-10,95369.26510961799,3271.9211096179733,10
S-B_minervini,2006-10-11,94777.77810961798,3271.9211096179733,10
S-B_minervini,2006-10-12,95687.69510961798,3271.9211096179733,10
S-B_minervini,2006-10-13,96548.10910961797,3271.9211096179733,10
S-B_minervini,2006-10-16,96729.30310961798,3271.9211096179733,10
S-B_minervini,2006-10-17,97102.44510961797,3271.9211096179733,10
S-B_minervini,2006-10-18,97223.45810961799,3271.9211096179733,10
S-B_minervini,2006-10-19,97521.25334502413,8516.62334502413,10
S-B_minervini,2006-10-20,96964.24234502413,8516.62334502413,10
S-B_minervini,2006-10-23,97534.51834502412,8516.62334502413,10
S-B_minervini,2006-10-24,97942.33834502412,8516.62334502413,10
S-B_minervini,2006-10-25,98790.15939786282,13855.15439786281,10
S-B_minervini,2006-10-26,98889.25139786283,13855.15439786281,10
S-B_minervini,2006-10-27,97230.50539786281,13855.15439786281,10
S-B_minervini,2006-10-30,97876.16739786282,13855.15439786281,10
S-B_minervini,2006-10-31,97449.10639786281,13855.15439786281,10
S-B_minervini,2006-11-01,96571.2023978628,13855.15439786281,10
S-B_minervini,2006-11-02,96210.23316999308,27437.010169993082,8
S-B_minervini,2006-11-03,96832.8748961181,33536.05389611809,7
S-B_minervini,2006-11-06,97389.83244049232,4964.049440492337,10
S-B_minervini,2006-11-07,98164.00999135266,10198.096991352664,10
S-B_minervini,2006-11-08,98256.08699135267,10198.096991352664,10
S-B_minervini,2006-11-09,97961.04299135266,10198.096991352664,10
S-B_minervini,2006-11-10,97918.43199135266,10198.096991352664,10
S-B_minervini,2006-11-13,97928.61299135267,10198.096991352664,10
S-B_minervini,2006-11-14,98385.81699135268,10198.096991352664,10
S-B_minervini,2006-11-15,98283.60399135266,10198.096991352664,10
S-B_minervini,2006-11-16,98465.56899135266,10198.096991352664,10
S-B_minervini,2006-11-17,98252.59181466485,15497.149814664846,10
S-B_minervini,2006-11-20,98202.34981466485,15497.149814664846,10
S-B_minervini,2006-11-21,98225.40581466485,15497.149814664846,10
S-B_minervini,2006-11-22,98519.27781466485,15497.149814664846,10
S-B_minervini,2006-11-24,98774.23281466485,15497.149814664846,10
S-B_minervini,2006-11-27,97709.83381466486,15497.149814664846,10
S-B_minervini,2006-11-28,98009.42881466485,15497.149814664846,10
S-B_minervini,2006-11-29,98565.83681466484,15497.149814664846,10
S-B_minervini,2006-11-30,98143.42325449517,20635.85625449518,9
S-B_minervini,2006-12-01,98283.89425449519,20635.85625449518,9
S-B_minervini,2006-12-04,99360.80455004518,10811.78755004518,10
S-B_minervini,2006-12-05,99863.20455004518,10811.78755004518,10
S-B_minervini,2006-12-06,99808.05855004519,10811.78755004518,10
S-B_minervini,2006-12-07,99433.71314929517,16212.53214929518,9
S-B_minervini,2006-12-08,99768.00573348002,21787.09173348002,9
S-B_minervini,2006-12-11,99892.97250175502,11825.633501755023,10
S-B_minervini,2006-12-12,99910.12050175501,11825.633501755023,10
S-B_minervini,2006-12-13,99739.81286640502,21740.693866405025,9
S-B_minervini,2006-12-14,99835.16286640504,21740.693866405025,9
S-B_minervini,2006-12-15,99242.19886640503,21740.693866405025,9
S-B_minervini,2006-12-18,98531.56482331059,16709.781823310586,9
S-B_minervini,2006-12-19,98671.75482331059,16709.781823310586,9
S-B_minervini,2006-12-20,98849.81582331058,16709.781823310586,9
S-B_minervini,2006-12-21,98411.62758331059,26180.541583310587,8
S-B_minervini,2006-12-22,98187.40335779963,34796.92335779963,7
S-B_minervini,2006-12-26,98876.35009431663,5369.745094316631,10
S-B_minervini,2006-12-27,100165.75809431662,5369.745094316631,10
S-B_minervini,2006-12-28,99992.75409431664,5369.745094316631,10
S-B_minervini,2006-12-29,99316.09009431663,5369.745094316631,10
S-B_minervini,2007-01-03,99639.69509431663,5369.745094316631,10
S-B_minervini,2007-01-04,100183.21709431666,5369.745094316631,10
S-B_minervini,2007-01-05,99062.09258904163,14182.703589041632,9
S-B_minervini,2007-01-08,99567.1083859703,4277.410385970306,10
S-B_minervini,2007-01-09,99817.23617538105,18983.51417538104,8
S-B_minervini,2007-01-10,100072.20417538105,18983.51417538104,8
S-B_minervini,2007-01-11,101238.03617538104,18983.51417538104,8
S-B_minervini,2007-01-12,101258.31922234742,24473.20122234742,8
S-B_minervini,2007-01-16,100786.77911767203,4239.389117672026,10
S-B_minervini,2007-01-17,100797.36411767203,4239.389117672026,10
S-B_minervini,2007-01-18,99008.0096510074,13325.854651007407,9
S-B_minervini,2007-01-19,99253.21465100741,13325.854651007407,9
S-B_minervini,2007-01-22,98522.58572510742,3424.9377251074056,10
S-B_minervini,2007-01-23,99829.0237251074,3424.9377251074056,10
S-B_minervini,2007-01-24,101384.4607251074,3424.9377251074056,10
S-B_minervini,2007-01-25,99875.0557251074,3424.9377251074056,10
S-B_minervini,2007-01-26,100368.24572510741,3424.9377251074056,10
S-B_minervini,2007-01-29,101071.84072510741,3424.9377251074056,10
S-B_minervini,2007-01-30,101866.26040748558,8994.634407485573,10
S-B_minervini,2007-01-31,102296.06740748556,8994.634407485573,10
S-B_minervini,2007-02-01,102942.00140748557,8994.634407485573,10
S-B_minervini,2007-02-02,103014.55740748558,8994.634407485573,10
S-B_minervini,2007-02-05,104061.02671015993,14732.610710159955,10
S-B_minervini,2007-02-06,104345.50771015996,14732.610710159955,10
S-B_minervini,2007-02-07,105630.09719676102,26037.38319676102,10
S-B_minervini,2007-02-08,108214.90453403283,32244.765534032835,10
S-B_minervini,2007-02-09,108154.13005862989,37612.318058629884,10
S-B_minervini,2007-02-12,108249.63267740967,42903.12267740967,10
S-B_minervini,2007-02-13,108956.58567740968,42903.12267740967,10
S-B_minervini,2007-02-14,109256.58267740966,42903.12267740967,10
S-B_minervini,2007-02-15,110530.86867740967,42903.12267740967,10
S-B_minervini,2007-02-16,110487.88967740968,42903.12267740967,10
S-B_minervini,2007-02-20,111150.33267740966,42903.12267740967,10
S-B_minervini,2007-02-21,110799.86967740968,42903.12267740967,10
S-B_minervini,2007-02-22,110415.55167740968,42903.12267740967,10
S-B_minervini,2007-02-23,110388.55967740968,42903.12267740967,10
S-B_minervini,2007-02-26,109260.8884717404,52069.60447174039,9
S-B_minervini,2007-02-27,107265.6243282404,57632.679328240396,8
S-B_minervini,2007-02-28,107098.28430282444,68369.78530282444,6
S-B_minervini,2007-03-01,107921.54030282445,68369.78530282444,6
S-B_minervini,2007-03-02,107408.6039865373,73824.5179865373,5
S-B_minervini,2007-03-05,106416.83219013634,30979.65719013635,9
S-B_minervini,2007-03-06,107542.43619013634,30979.65719013635,9
S-B_minervini,2007-03-07,108167.73819013634,30979.65719013635,9
S-B_minervini,2007-03-08,108560.67419013634,30979.65719013635,9
S-B_minervini,2007-03-09,108926.65195918041,36445.3319591804,8
S-B_minervini,2007-03-12,109271.86689350539,25559.0658935054,9
S-B_minervini,2007-03-13,108049.5318935054,25559.0658935054,9
S-B_minervini,2007-03-14,108135.68489350539,25559.0658935054,9
S-B_minervini,2007-03-15,108968.17689350538,25559.0658935054,9
S-B_minervini,2007-03-16,108867.8568935054,25559.0658935054,9
S-B_minervini,2007-03-19,109757.31266456231,14691.198664562304,10
S-B_minervini,2007-03-20,109788.3516645623,14691.198664562304,10
S-B_minervini,2007-03-21,110378.00866456231,14691.198664562304,10
S-B_minervini,2007-03-22,110579.91866456228,14691.198664562304,10
S-B_minervini,2007-03-23,111086.54566456232,14691.198664562304,10
S-B_minervini,2007-03-26,110959.3496645623,14691.198664562304,10
S-B_minervini,2007-03-27,110803.9856645623,14691.198664562304,10
S-B_minervini,2007-03-28,110477.3136645623,14691.198664562304,10
S-B_minervini,2007-03-29,110783.0916645623,14691.198664562304,10
S-B_minervini,2007-03-30,110548.9816645623,14691.198664562304,10
S-B_minervini,2007-04-02,111112.3306645623,14691.198664562304,10
S-B_minervini,2007-04-03,112041.13266456229,14691.198664562304,10
S-B_minervini,2007-04-04,111973.12830019358,20785.961300193572,10
S-B_minervini,2007-04-05,112355.29050083565,26596.06450083565,9
S-B_minervini,2007-04-09,111912.76721087281,15360.594210872812,10
S-B_minervini,2007-04-10,112099.72821087283,15360.594210872812,10
S-B_minervini,2007-04-11,112013.87021087282,15360.594210872812,10
S-B_minervini,2007-04-12,112448.0512108728,15360.594210872812,10
S-B_minervini,2007-04-13,112732.79052790347,21625.988527903493,9
S-B_minervini,2007-04-16,113955.39590871765,15756.854908717665,10
S-B_minervini,2007-04-17,113787.50890871767,15756.854908717665,10
S-B_minervini,2007-04-18,113799.66890871766,15756.854908717665,10
S-B_minervini,2007-04-19,113935.18190871766,15756.854908717665,10
S-B_minervini,2007-04-20,114954.70590871767,15756.854908717665,10
S-B_minervini,2007-04-23,115917.31377744445,22132.29877744444,10
S-B_minervini,2007-04-24,115806.40077744445,22132.29877744444,10
S-B_minervini,2007-04-25,116611.31773801737,28207.85573801737,10
S-B_minervini,2007-04-26,116658.82773801738,28207.85573801737,10
S-B_minervini,2007-04-27,117018.16373801738,28207.85573801737,10
S-B_minervini,2007-04-30,116556.75773801738,28207.85573801737,10
S-B_minervini,2007-05-01,115717.20653096426,41821.09153096427,8
S-B_minervini,2007-05-02,116624.54053096427,41821.09153096427,8
S-B_minervini,2007-05-03,118601.78483631427,48515.734836314274,8
S-B_minervini,2007-05-04,118459.23183631428,48515.734836314274,8
S-B_minervini,2007-05-07,118912.45877273858,24837.3297727386,10
S-B_minervini,2007-05-08,119006.53177273858,24837.3297727386,10
S-B_minervini,2007-05-09,120336.20577273858,24837.3297727386,10
S-B_minervini,2007-05-10,118876.05377273861,24837.3297727386,10
S-B_minervini,2007-05-11,120300.38277273861,24837.3297727386,10
S-B_minervini,2007-05-14,119625.82277273858,24837.3297727386,10
S-B_minervini,2007-05-15,119085.0107727386,24837.3297727386,10
S-B_minervini,2007-05-16,119195.78833183776,31026.633331837747,9
S-B_minervini,2007-05-17,118578.53833183774,31026.633331837747,9
S-B_minervini,2007-05-18,118928.78819121275,36999.42019121275,8
S-B_minervini,2007-05-21,119565.46817152604,13238.396171526041,10
S-B_minervini,2007-05-22,120381.49717152603,13238.396171526041,10
S-B_minervini,2007-05-23,120084.00192374256,19967.17292374256,10
S-B_minervini,2007-05-24,118405.71092374256,19967.17292374256,10
S-B_minervini,2007-05-25,119736.83892374254,19967.17292374256,10
S-B_minervini,2007-05-29,119908.95992374256,19967.17292374256,10
S-B_minervini,2007-05-30,120680.64292374256,19967.17292374256,10
S-B_minervini,2007-05-31,120795.02092374256,19967.17292374256,10
S-B_minervini,2007-06-01,121180.72025148034,26064.895251480335,10
S-B_minervini,2007-06-04,121348.09036096119,19339.56036096118,10
S-B_minervini,2007-06-05,121070.19536096117,19339.56036096118,10
S-B_minervini,2007-06-06,120556.31136096118,19339.56036096118,10
S-B_minervini,2007-06-07,119521.23436096116,19339.56036096118,10
S-B_minervini,2007-06-08,120546.50836096116,19339.56036096118,10
S-B_minervini,2007-06-11,121230.95836096117,19339.56036096118,10
S-B_minervini,2007-06-12,120373.69436096118,19339.56036096118,10
S-B_minervini,2007-06-13,120893.37018039713,36246.95818039714,8
S-B_minervini,2007-06-14,121286.00518039714,36246.95818039714,8
S-B_minervini,2007-06-15,122148.16218039714,36246.95818039714,8
S-B_minervini,2007-06-18,120944.45370655769,11841.04470655767,10
S-B_minervini,2007-06-19,121231.94970655767,11841.04470655767,10
S-B_minervini,2007-06-20,120332.26270655767,11841.04470655767,10
S-B_minervini,2007-06-21,121681.95070655766,11841.04470655767,10
S-B_minervini,2007-06-22,121060.08906040248,22849.380060402465,9
S-B_minervini,2007-06-25,120145.51957730248,10749.909577302466,10
S-B_minervini,2007-06-26,119283.83143741864,22038.276437418637,9
S-B_minervini,2007-06-27,119781.88643741865,22038.276437418637,9
S-B_minervini,2007-06-28,119749.82437014887,36086.38737014886,7
S-B_minervini,2007-06-29,119156.24737014886,36086.38737014886,7
S-B_minervini,2007-07-02,121677.4210950724,410.6780950724078,10
S-B_minervini,2007-07-03,122076.36309507242,410.6780950724078,10
S-B_minervini,2007-07-05,122315.1440950724,410.6780950724078,10
S-B_minervini,2007-07-06,122094.6270950724,410.6780950724078,10
S-B_minervini,2007-07-09,122912.7970950724,410.6780950724078,10
S-B_minervini,2007-07-10,120916.9287523729,7350.942752372889,10
S-B_minervini,2007-07-11,120632.45675237289,7350.942752372889,10
S-B_minervini,2007-07-12,122294.7777523729,7350.942752372889,10
S-B_minervini,2007-07-13,122081.74075237288,7350.942752372889,10
S-B_minervini,2007-07-16,121900.5987523729,7350.942752372889,10
S-B_minervini,2007-07-17,121293.2987523729,7350.942752372889,10
S-B_minervini,2007-07-18,121261.41765113187,18337.312651131862,9
S-B_minervini,2007-07-19,121481.56482068112,25209.469820681108,9
S-B_minervini,2007-07-20,120259.3110831511,36252.6320831511,8
S-B_minervini,2007-07-23,120032.63214633508,12249.327146335077,10
S-B_minervini,2007-07-24,118859.24814633509,12249.327146335077,10
S-B_minervini,2007-07-25,117804.40914633508,12249.327146335077,10
S-B_minervini,2007-07-26,116201.31218979933,18277.535189799328,9
S-B_minervini,2007-07-27,115341.56046551709,36058.4904655171,7
S-B_minervini,2007-07-30,115003.75203653978,24230.554036539783,8
S-B_minervini,2007-07-31,114299.55803653979,24230.554036539783,8
S-B_minervini,2007-08-01,113625.42292428442,56988.81992428442,5
S-B_minervini,2007-08-02,114721.90192428441,56988.81992428442,5
S-B_minervini,2007-08-03,113972.54692428443,56988.81992428442,5
S-B_minervini,2007-08-06,114440.97748571077,67065.65548571077,4
S-B_minervini,2007-08-07,114636.18626349585,73242.94726349585,4
S-B_minervini,2007-08-08,113839.60826349584,73242.94726349585,4
S-B_minervini,2007-08-09,112318.32576142123,84351.11076142124,3
S-B_minervini,2007-08-10,112821.99476142124,84351.11076142124,3
S-B_minervini,2007-08-13,111058.71355847124,50604.144558471235,6
S-B_minervini,2007-08-14,110265.39544229224,60965.068442292235,5
S-B_minervini,2007-08-15,109805.19633506615,71409.77533506615,4
S-B_minervini,2007-08-16,109696.45486740615,82049.79286740615,3
S-B_minervini,2007-08-17,110204.05786740615,82049.79286740615,3
S-B_minervini,2007-08-20,110300.22986740616,82049.79286740615,3
S-B_minervini,2007-08-21,110356.64486740615,82049.79286740615,3
S-B_minervini,2007-08-22,110460.33486740616,82049.79286740615,3
S-B_minervini,2007-08-23,110405.53886740615,82049.79286740615,3
S-B_minervini,2007-08-24,110412.22886740616,82049.79286740615,3
S-B_minervini,2007-08-27,110232.80786740615,82049.79286740615,3
S-B_minervini,2007-08-28,109872.51688225615,87951.02088225615,2
S-B_minervini,2007-08-29,110024.14888225615,87951.02088225615,2
S-B_minervini,2007-08-30,110028.46088225616,87951.02088225615,2
S-B_minervini,2007-08-31,110189.91288225615,87951.02088225615,2
S-B_minervini,2007-09-04,110326.07288225615,87951.02088225615,2
S-B_minervini,2007-09-05,110237.33288225616,87951.02088225615,2
S-B_minervini,2007-09-06,110323.49288225616,87951.02088225615,2
S-B_minervini,2007-09-07,110165.33688225615,87951.02088225615,2
S-B_minervini,2007-09-10,109996.02088225615,87951.02088225615,2
S-B_minervini,2007-09-11,109994.35688225615,87951.02088225615,2
S-B_minervini,2007-09-12,109943.11688225614,87951.02088225615,2
S-B_minervini,2007-09-13,109880.71688225615,87951.02088225615,2
S-B_minervini,2007-09-14,109778.43688225615,87951.02088225615,2
S-B_minervini,2007-09-17,109647.66088225615,87951.02088225615,2
S-B_minervini,2007-09-18,110017.20088225615,87951.02088225615,2
S-B_minervini,2007-09-19,110043.01688225615,87951.02088225615,2
S-B_minervini,2007-09-20,109928.03688225616,87951.02088225615,2
S-B_minervini,2007-09-21,109879.90088225616,87951.02088225615,2
S-B_minervini,2007-09-24,109529.05375480615,65995.40975480615,4
S-B_minervini,2007-09-25,109611.60175480615,65995.40975480615,4
S-B_minervini,2007-09-26,110130.46175480617,65995.40975480615,4
S-B_minervini,2007-09-27,109923.16326119972,76159.53926119971,3
S-B_minervini,2007-09-28,109761.8152611997,76159.53926119971,3
S-B_minervini,2007-10-01,110138.5628346997,65190.65483469971,4
S-B_minervini,2007-10-02,110509.11283469971,65190.65483469971,4
S-B_minervini,2007-10-03,110706.42483469972,65190.65483469971,4
S-B_minervini,2007-10-04,110407.1548346997,65190.65483469971,4
S-B_minervini,2007-10-05,111196.10483469971,65190.65483469971,4
S-B_minervini,2007-10-08,111649.8796802183,6230.9146802183095,10
S-B_minervini,2007-10-09,112608.7116802183,6230.9146802183095,10
S-B_minervini,2007-10-10,113553.92968021831,6230.9146802183095,10
S-B_minervini,2007-10-11,112336.23889647765,16517.048896477652,9
S-B_minervini,2007-10-12,113655.24489647767,16517.048896477652,9
S-B_minervini,2007-10-15,113244.66235622764,5201.454356227652,10
S-B_minervini,2007-10-16,111719.28416230142,21903.83416230142,9
S-B_minervini,2007-10-17,111172.30184785622,32210.7718478562,8
S-B_minervini,2007-10-18,112415.9178478562,32210.7718478562,8
S-B_minervini,2007-10-19,110284.29005972215,42648.808059722134,7
S-B_minervini,2007-10-22,108779.36764838878,25502.745648388773,8
S-B_minervini,2007-10-23,111033.21564838878,25502.745648388773,8
S-B_minervini,2007-10-24,108893.88115255735,41874.72315255736,7
S-B_minervini,2007-10-25,108648.31615255737,41874.72315255736,7
S-B_minervini,2007-10-26,109834.52515255737,41874.72315255736,7
S-B_minervini,2007-10-29,110120.73886689165,19139.540866891657,9
S-B_minervini,2007-10-30,109340.19597217841,25391.169972178406,9
S-B_minervini,2007-10-31,109777.12497217841,25391.169972178406,9
S-B_minervini,2007-11-01,107325.27688964934,35556.74788964933,8
S-B_minervini,2007-11-02,107789.07355465126,51364.37655465125,6
S-B_minervini,2007-11-05,107665.09413621639,17283.896136216397,9
S-B_minervini,2007-11-06,109842.7741362164,17283.896136216397,9
S-B_minervini,2007-11-07,110676.2496498928,23362.213649892805,9
S-B_minervini,2007-11-08,110353.12383159128,44778.21883159128,7
S-B_minervini,2007-11-09,110598.00406977296,51024.800069772944,7
S-B_minervini,2007-11-12,108757.92253954854,35545.598539548555,8
S-B_minervini,2007-11-13,109343.594499992,55496.570499992005,6
S-B_minervini,2007-11-14,109141.83049999201,55496.570499992005,6
S-B_minervini,2007-11-15,107786.894499992,55496.570499992005,6
S-B_minervini,2007-11-16,107763.6093144051,61371.22531440509,5
S-B_minervini,2007-11-19,106904.0653144051,61371.22531440509,5
S-B_minervini,2007-11-20,106972.95631440509,61371.22531440509,5
S-B_minervini,2007-11-21,105757.83669303694,71555.46969303694,4
S-B_minervini,2007-11-23,106094.38069303695,71555.46969303694,4
S-B_minervini,2007-11-26,105336.83480672758,81762.07680672758,3
S-B_minervini,2007-11-27,105228.28480672758,81762.07680672758,3
S-B_minervini,2007-11-28,105905.16480672758,81762.07680672758,3
S-B_minervini,2007-11-29,105953.53680672758,81762.07680672758,3
S-B_minervini,2007-11-30,105693.10280672758,81762.07680672758,3
S-B_minervini,2007-12-03,106049.92480672758,81762.07680672758,3
S-B_minervini,2007-12-04,105297.86880672758,81762.07680672758,3
S-B_minervini,2007-12-05,105845.18480672757,81762.07680672758,3
S-B_minervini,2007-12-06,106422.21280672758,81762.07680672758,3
S-B_minervini,2007-12-07,106349.28680672758,81762.07680672758,3
S-B_minervini,2007-12-10,106430.90080672759,81762.07680672758,3
S-B_minervini,2007-12-11,105670.20680672758,81762.07680672758,3
S-B_minervini,2007-12-12,106249.56333947764,88613.48533947764,2
S-B_minervini,2007-12-13,106146.14133947765,88613.48533947764,2
S-B_minervini,2007-12-14,106062.38933947764,88613.48533947764,2
S-B_minervini,2007-12-17,104911.31722527683,87827.36322527683,2
S-B_minervini,2007-12-18,105015.77122527683,87827.36322527683,2
S-B_minervini,2007-12-19,105261.75722527683,87827.36322527683,2
S-B_minervini,2007-12-20,105095.35122527683,87827.36322527683,2
S-B_minervini,2007-12-21,105406.65322527682,87827.36322527683,2
S-B_minervini,2007-12-24,106068.589003147,77315.671003147,3
S-B_minervini,2007-12-26,105956.061003147,77315.671003147,3
S-B_minervini,2007-12-27,105250.74500314699,77315.671003147,3
S-B_minervini,2007-12-28,105922.791003147,77315.671003147,3
S-B_minervini,2007-12-31,104523.1484567479,56136.57245674791,5
S-B_minervini,2008-01-02,103270.14401306046,85476.58801306046,2
S-B_minervini,2008-01-03,103306.20801306046,85476.58801306046,2
S-B_minervini,2008-01-04,103004.31401306047,85476.58801306046,2
S-B_minervini,2008-01-07,102412.92491869982,64908.29691869982,4
S-B_minervini,2008-01-08,101861.02691869982,64908.29691869982,4
S-B_minervini,2008-01-09,101837.62544044983,70918.00944044982,3
S-B_minervini,2008-01-10,101381.86398810984,80458.06798810983,2
S-B_minervini,2008-01-11,101265.17198810983,80458.06798810983,2
S-B_minervini,2008-01-14,101684.0464563843,29918.676456384295,7
S-B_minervini,2008-01-15,100211.2204563843,29918.676456384295,7
S-B_minervini,2008-01-16,100271.2934778826,49233.54147788261,5
S-B_minervini,2008-01-17,99712.2674778826,49233.54147788261,5
S-B_minervini,2008-01-18,98827.1234778826,49233.54147788261,5
S-B_minervini,2008-01-22,97083.89462659862,76827.03462659862,2
S-B_minervini,2008-01-23,96460.72252303339,86193.56252303338,1
S-B_minervini,2008-01-24,96529.19252303339,86193.56252303338,1
S-B_minervini,2008-01-25,96442.35252303338,86193.56252303338,1
S-B_minervini,2008-01-28,96532.53252303338,86193.56252303338,1
S-B_minervini,2008-01-29,96544.22252303339,86193.56252303338,1
S-B_minervini,2008-01-30,96544.22252303339,86193.56252303338,1
S-B_minervini,2008-01-31,96575.95252303338,86193.56252303338,1
S-B_minervini,2008-02-01,96679.49252303338,86193.56252303338,1
S-B_minervini,2008-02-04,96701.20252303338,86193.56252303338,1
S-B_minervini,2008-02-05,96554.24252303338,86193.56252303338,1
S-B_minervini,2008-02-06,96518.00604473338,96518.00604473338,0
S-B_minervini,2008-02-07,96518.00604473338,96518.00604473338,0
S-B_minervini,2008-02-08,96518.00604473338,96518.00604473338,0
S-B_minervini,2008-02-11,96518.00604473338,96518.00604473338,0
S-B_minervini,2008-02-12,96518.00604473338,96518.00604473338,0
S-B_minervini,2008-02-13,96518.00604473338,96518.00604473338,0
S-B_minervini,2008-02-14,96518.00604473338,96518.00604473338,0
S-B_minervini,2008-02-15,96518.00604473338,96518.00604473338,0
S-B_minervini,2008-02-19,96085.1096595084,77222.56965950839,2
S-B_minervini,2008-02-20,95757.85455817878,86156.53455817878,1
S-B_minervini,2008-02-21,95757.85455817878,86156.53455817878,1
S-B_minervini,2008-02-22,95724.27394147878,95724.27394147878,0
S-B_minervini,2008-02-25,95724.27394147878,95724.27394147878,0
S-B_minervini,2008-02-26,95724.27394147878,95724.27394147878,0
S-B_minervini,2008-02-27,95724.27394147878,95724.27394147878,0
S-B_minervini,2008-02-28,95724.27394147878,95724.27394147878,0
S-B_minervini,2008-02-29,95724.27394147878,95724.27394147878,0
S-B_minervini,2008-03-03,95724.27394147878,95724.27394147878,0
S-B_minervini,2008-03-04,95724.27394147878,95724.27394147878,0
S-B_minervini,2008-03-05,95724.27394147878,95724.27394147878,0
S-B_minervini,2008-03-06,95724.27394147878,95724.27394147878,0
S-B_minervini,2008-03-07,95724.27394147878,95724.27394147878,0
S-B_minervini,2008-03-10,95724.27394147878,95724.27394147878,0
S-B_minervini,2008-03-11,95724.27394147878,95724.27394147878,0
S-B_minervini,2008-03-12,95724.27394147878,95724.27394147878,0
S-B_minervini,2008-03-13,95724.27394147878,95724.27394147878,0
S-B_minervini,2008-03-14,95724.27394147878,95724.27394147878,0
S-B_minervini,2008-03-17,95724.27394147878,95724.27394147878,0
S-B_minervini,2008-03-18,95724.27394147878,95724.27394147878,0
S-B_minervini,2008-03-19,95724.27394147878,95724.27394147878,0
S-B_minervini,2008-03-20,95724.27394147878,95724.27394147878,0
S-B_minervini,2008-03-24,95724.27394147878,95724.27394147878,0
S-B_minervini,2008-03-25,95724.27394147878,95724.27394147878,0
S-B_minervini,2008-03-26,95724.27394147878,95724.27394147878,0
S-B_minervini,2008-03-27,95724.27394147878,95724.27394147878,0
S-B_minervini,2008-03-28,95724.27394147878,95724.27394147878,0
S-B_minervini,2008-03-31,95724.27394147878,95724.27394147878,0
S-B_minervini,2008-04-01,95724.27394147878,95724.27394147878,0
S-B_minervini,2008-04-02,95724.27394147878,95724.27394147878,0
S-B_minervini,2008-04-03,95724.27394147878,95724.27394147878,0
S-B_minervini,2008-04-04,95724.27394147878,95724.27394147878,0
S-B_minervini,2008-04-07,94543.45707948534,38486.31507948533,6
S-B_minervini,2008-04-08,94575.82416735345,47272.03816735346,5
S-B_minervini,2008-04-09,94077.13816735346,47272.03816735346,5
S-B_minervini,2008-04-10,94948.81416735346,47272.03816735346,5
S-B_minervini,2008-04-11,93799.57484854764,56112.399848547626,4
S-B_minervini,2008-04-14,93540.20624328907,36902.21524328907,6
S-B_minervini,2008-04-15,94027.08824328908,36902.21524328907,6
S-B_minervini,2008-04-16,94619.88424328907,36902.21524328907,6
S-B_minervini,2008-04-17,95045.20524328906,36902.21524328907,6
S-B_minervini,2008-04-18,96489.11826762499,42218.60826762499,6
S-B_minervini,2008-04-21,96677.08171489941,4114.389714899418,10
S-B_minervini,2008-04-22,95430.21771489941,4114.389714899418,10
S-B_minervini,2008-04-23,93448.9932928395,21689.170292839495,8
S-B_minervini,2008-04-24,91878.47992661555,30612.661926615547,7
S-B_minervini,2008-04-25,92648.14792661555,30612.661926615547,7
S-B_minervini,2008-04-28,92356.75349818578,11618.060498185772,9
S-B_minervini,2008-04-29,90753.73885991992,20386.690859919916,8
S-B_minervini,2008-04-30,90499.43433711758,29242.48433711758,7
S-B_minervini,2008-05-01,90129.97716522613,37878.36716522612,6
S-B_minervini,2008-05-02,90608.90416522612,37878.36716522612,6
S-B_minervini,2008-05-05,90954.04374020938,1704.4887402093682,10
S-B_minervini,2008-05-06,91893.82474020937,1704.4887402093682,10
S-B_minervini,2008-05-07,90947.91174020938,1704.4887402093682,10
S-B_minervini,2008-05-08,90704.72930761788,10256.53630761787,9
S-B_minervini,2008-05-09,91259.29983560396,21174.82483560397,8
S-B_minervini,2008-05-12,92724.35832100397,2962.7163210039707,10
S-B_minervini,2008-05-13,94384.26919347873,8080.771193478739,10
S-B_minervini,2008-05-14,93783.83119347873,8080.771193478739,10
S-B_minervini,2008-05-15,95960.93419347874,8080.771193478739,10
S-B_minervini,2008-05-16,96518.80622266499,18371.894222665,10
S-B_minervini,2008-05-19,97510.695222665,18371.894222665,10
S-B_minervini,2008-05-20,97788.62356709076,23466.414567090764,10
S-B_minervini,2008-05-21,97040.81056709075,23466.414567090764,10
S-B_minervini,2008-05-22,97341.34856709075,23466.414567090764,10
S-B_minervini,2008-05-23,97373.03398656858,32049.974986568588,9
S-B_minervini,2008-05-27,97795.07800832146,22317.005008321452,10
S-B_minervini,2008-05-28,99447.13400832145,22317.005008321452,10
S-B_minervini,2008-05-29,99797.00700832144,22317.005008321452,10
S-B_minervini,2008-05-30,100987.22600832145,22317.005008321452,10
S-B_minervini,2008-06-02,101334.55200832145,22317.005008321452,10
S-B_minervini,2008-06-03,101015.12900832147,22317.005008321452,10
S-B_minervini,2008-06-04,100390.15500832145,22317.005008321452,10
S-B_minervini,2008-06-05,102758.06800832145,22317.005008321452,10
S-B_minervini,2008-06-06,101108.35600832145,22317.005008321452,10
S-B_minervini,2008-06-09,102332.74400832146,22317.005008321452,10
S-B_minervini,2008-06-10,101984.22500832146,22317.005008321452,10
S-B_minervini,2008-06-11,101986.00700832147,22317.005008321452,10
S-B_minervini,2008-06-12,103117.13806360528,27428.716063605283,10
S-B_minervini,2008-06-13,105145.3019129814,32555.762912981387,10
S-B_minervini,2008-06-16,105767.89591298139,32555.762912981387,10
S-B_minervini,2008-06-17,106430.64591298139,32555.762912981387,10
S-B_minervini,2008-06-18,107794.46091298138,32555.762912981387,10
S-B_minervini,2008-06-19,108048.07491298139,32555.762912981387,10
S-B_minervini,2008-06-20,107683.57691298139,32555.762912981387,10
S-B_minervini,2008-06-23,108245.01191861488,20994.542918614876,10
S-B_minervini,2008-06-24,105349.29118262326,30019.086182623247,9
S-B_minervini,2008-06-25,105744.82318262325,30019.086182623247,9
S-B_minervini,2008-06-26,104740.98418262324,30019.086182623247,9
S-B_minervini,2008-06-27,105868.64318262324,30019.086182623247,9
S-B_minervini,2008-06-30,107125.38281868932,25846.17681868933,9
S-B_minervini,2008-07-01,106948.13735543877,41845.75435543877,8
S-B_minervini,2008-07-02,101867.71856032309,50419.00756032308,7
S-B_minervini,2008-07-03,100684.7254643498,83050.8684643498,2
S-B_minervini,2008-07-07,100109.8404893498,73025.8784893498,3
S-B_minervini,2008-07-08,99029.95846300748,89026.99846300748,1
S-B_minervini,2008-07-09,99537.55846300747,89026.99846300748,1
S-B_minervini,2008-07-10,99405.79846300748,89026.99846300748,1
S-B_minervini,2008-07-11,99386.35846300748,89026.99846300748,1
S-B_minervini,2008-07-14,100066.75846300747,89026.99846300748,1
S-B_minervini,2008-07-15,99870.19846300747,89026.99846300748,1
S-B_minervini,2008-07-16,99870.19846300747,89026.99846300748,1
S-B_minervini,2008-07-17,99822.67846300747,89026.99846300748,1
S-B_minervini,2008-07-18,99751.39846300747,89026.99846300748,1
S-B_minervini,2008-07-21,100252.51846300748,89026.99846300748,1
S-B_minervini,2008-07-22,100569.16860922186,94715.56860922185,1
S-B_minervini,2008-07-23,100390.96860922185,94715.56860922185,1
S-B_minervini,2008-07-24,100025.92860922185,94715.56860922185,1
S-B_minervini,2008-07-25,100155.52860922186,94715.56860922185,1
S-B_minervini,2008-07-28,99739.06637257185,84709.98637257185,2
S-B_minervini,2008-07-29,100124.58637257185,84709.98637257185,2
S-B_minervini,2008-07-30,100424.94637257184,84709.98637257185,2
S-B_minervini,2008-07-31,100505.90637257184,84709.98637257185,2
S-B_minervini,2008-08-01,100649.62637257185,84709.98637257185,2
S-B_minervini,2008-08-04,100202.74637257184,84709.98637257185,2
S-B_minervini,2008-08-05,100671.26637257184,84709.98637257185,2
S-B_minervini,2008-08-06,101704.73080581609,95630.90080581608,1
S-B_minervini,2008-08-07,100611.2143486619,100611.2143486619,0
S-B_minervini,2008-08-08,100611.2143486619,100611.2143486619,0
S-B_minervini,2008-08-11,100611.2143486619,100611.2143486619,0
S-B_minervini,2008-08-12,100611.2143486619,100611.2143486619,0
S-B_minervini,2008-08-13,100611.2143486619,100611.2143486619,0
S-B_minervini,2008-08-14,100611.2143486619,100611.2143486619,0
S-B_minervini,2008-08-15,100611.2143486619,100611.2143486619,0
S-B_minervini,2008-08-18,100269.9221605233,90552.23816052331,1
S-B_minervini,2008-08-19,100204.38716052331,90552.23816052331,1
S-B_minervini,2008-08-20,100357.8161605233,90552.23816052331,1
S-B_minervini,2008-08-21,100306.9301605233,90552.23816052331,1
S-B_minervini,2008-08-22,100284.57116052331,90552.23816052331,1
S-B_minervini,2008-08-25,99986.19416052332,90552.23816052331,1
S-B_minervini,2008-08-26,100226.74616052331,90552.23816052331,1
S-B_minervini,2008-08-27,100299.22016052331,90552.23816052331,1
S-B_minervini,2008-08-28,100204.38716052331,90552.23816052331,1
S-B_minervini,2008-08-29,99865.0546186613,99865.0546186613,0
S-B_minervini,2008-09-02,99865.0546186613,99865.0546186613,0
S-B_minervini,2008-09-03,99865.0546186613,99865.0546186613,0
S-B_minervini,2008-09-04,99865.0546186613,99865.0546186613,0
S-B_minervini,2008-09-05,99865.0546186613,99865.0546186613,0
S-B_minervini,2008-09-08,99698.65553144591,89894.5175314459,1
S-B_minervini,2008-09-09,99287.8075314459,89894.5175314459,1
S-B_minervini,2008-09-10,99267.68153144591,89894.5175314459,1
S-B_minervini,2008-09-11,99125.45516819932,99125.45516819932,0
S-B_minervini,2008-09-12,99125.45516819932,99125.45516819932,0
S-B_minervini,2008-09-15,99262.62050417268,79321.73850417268,2
S-B_minervini,2008-09-16,100634.65650417269,79321.73850417268,2
S-B_minervini,2008-09-17,99154.44550417268,79321.73850417268,2
S-B_minervini,2008-09-18,101293.65168348781,84941.74168348781,2
S-B_minervini,2008-09-19,101253.0966834878,84941.74168348781,2
S-B_minervini,2008-09-22,95359.55793477847,60290.492934778464,4
S-B_minervini,2008-09-23,95163.81993477847,60290.492934778464,4
S-B_minervini,2008-09-24,94452.73126686976,69640.82726686975,3
S-B_minervini,2008-09-25,94007.54854605808,79001.66354605809,2
S-B_minervini,2008-09-26,93776.03854605809,79001.66354605809,2
S-B_minervini,2008-09-29,93342.0303452668,88163.1303452668,1
S-B_minervini,2008-09-30,93273.144123016,93273.144123016,0
S-B_minervini,2008-10-01,93273.144123016,93273.144123016,0
S-B_minervini,2008-10-02,93273.144123016,93273.144123016,0
S-B_minervini,2008-10-03,93273.144123016,93273.144123016,0
S-B_minervini,2008-10-06,93273.144123016,93273.144123016,0
S-B_minervini,2008-10-07,93273.144123016,93273.144123016,0
S-B_minervini,2008-10-08,93273.144123016,93273.144123016,0
S-B_minervini,2008-10-09,93273.144123016,93273.144123016,0
S-B_minervini,2008-10-10,93273.144123016,93273.144123016,0
S-B_minervini,2008-10-13,93273.144123016,93273.144123016,0
S-B_minervini,2008-10-14,93273.144123016,93273.144123016,0
S-B_minervini,2008-10-15,93273.144123016,93273.144123016,0
S-B_minervini,2008-10-16,93273.144123016,93273.144123016,0
S-B_minervini,2008-10-17,93273.144123016,93273.144123016,0
S-B_minervini,2008-10-20,93273.144123016,93273.144123016,0
S-B_minervini,2008-10-21,93273.144123016,93273.144123016,0
S-B_minervini,2008-10-22,93273.144123016,93273.144123016,0
S-B_minervini,2008-10-23,93273.144123016,93273.144123016,0
S-B_minervini,2008-10-24,93273.144123016,93273.144123016,0
S-B_minervini,2008-10-27,93273.144123016,93273.144123016,0
S-B_minervini,2008-10-28,93273.144123016,93273.144123016,0
S-B_minervini,2008-10-29,93273.144123016,93273.144123016,0
S-B_minervini,2008-10-30,93273.144123016,93273.144123016,0
S-B_minervini,2008-10-31,93273.144123016,93273.144123016,0
S-B_minervini,2008-11-03,93273.144123016,93273.144123016,0
S-B_minervini,2008-11-04,93273.144123016,93273.144123016,0
S-B_minervini,2008-11-05,93273.144123016,93273.144123016,0
S-B_minervini,2008-11-06,93273.144123016,93273.144123016,0
S-B_minervini,2008-11-07,93273.144123016,93273.144123016,0
S-B_minervini,2008-11-10,93273.144123016,93273.144123016,0
S-B_minervini,2008-11-11,93273.144123016,93273.144123016,0
S-B_minervini,2008-11-12,93273.144123016,93273.144123016,0
S-B_minervini,2008-11-13,93273.144123016,93273.144123016,0
S-B_minervini,2008-11-14,93273.144123016,93273.144123016,0
S-B_minervini,2008-11-17,93273.144123016,93273.144123016,0
S-B_minervini,2008-11-18,93273.144123016,93273.144123016,0
S-B_minervini,2008-11-19,93273.144123016,93273.144123016,0
S-B_minervini,2008-11-20,93273.144123016,93273.144123016,0
S-B_minervini,2008-11-21,93273.144123016,93273.144123016,0
S-B_minervini,2008-11-24,93273.144123016,93273.144123016,0
S-B_minervini,2008-11-25,93273.144123016,93273.144123016,0
S-B_minervini,2008-11-26,93273.144123016,93273.144123016,0
S-B_minervini,2008-11-28,93273.144123016,93273.144123016,0
S-B_minervini,2008-12-01,93273.144123016,93273.144123016,0
S-B_minervini,2008-12-02,93273.144123016,93273.144123016,0
S-B_minervini,2008-12-03,93273.144123016,93273.144123016,0
S-B_minervini,2008-12-04,93273.144123016,93273.144123016,0
S-B_minervini,2008-12-05,93273.144123016,93273.144123016,0
S-B_minervini,2008-12-08,93171.598893016,83948.598893016,1
S-B_minervini,2008-12-09,92581.46337727574,92581.46337727574,0
S-B_minervini,2008-12-10,92581.46337727574,92581.46337727574,0
S-B_minervini,2008-12-11,92581.46337727574,92581.46337727574,0
S-B_minervini,2008-12-12,92581.46337727574,92581.46337727574,0
S-B_minervini,2008-12-15,92581.46337727574,92581.46337727574,0
S-B_minervini,2008-12-16,92581.46337727574,92581.46337727574,0
S-B_minervini,2008-12-17,92581.46337727574,92581.46337727574,0
S-B_minervini,2008-12-18,92581.46337727574,92581.46337727574,0
S-B_minervini,2008-12-19,92581.46337727574,92581.46337727574,0
S-B_minervini,2008-12-22,92585.21275977575,74069.85275977575,2
S-B_minervini,2008-12-23,92458.77275977575,74069.85275977575,2
S-B_minervini,2008-12-24,92517.05275977575,74069.85275977575,2
S-B_minervini,2008-12-26,92930.73275977575,74069.85275977575,2
S-B_minervini,2008-12-29,92591.85275977575,74069.85275977575,2
S-B_minervini,2008-12-30,93098.33275977575,74069.85275977575,2
S-B_minervini,2008-12-31,93238.49275977575,74069.85275977575,2
S-B_minervini,2009-01-02,93328.69275977575,74069.85275977575,2
S-B_minervini,2009-01-05,92663.1390705372,55443.52807053721,4
S-B_minervini,2009-01-06,91114.63219050891,64079.59219050891,3
S-B_minervini,2009-01-07,90743.81244759753,72649.54044759754,2
S-B_minervini,2009-01-08,90838.75644759754,72649.54044759754,2
S-B_minervini,2009-01-09,90651.78044759753,72649.54044759754,2
S-B_minervini,2009-01-12,90692.79050413752,45538.950504137516,5
S-B_minervini,2009-01-13,89716.65850413751,45538.950504137516,5
S-B_minervini,2009-01-14,89108.12937479482,62540.02937479482,3
S-B_minervini,2009-01-15,91037.34587279317,67687.62587279317,3
S-B_minervini,2009-01-16,91538.92587279317,67687.62587279317,3
S-B_minervini,2009-01-20,90709.30587279316,67687.62587279317,3
S-B_minervini,2009-01-21,90926.56587279317,67687.62587279317,3
S-B_minervini,2009-01-22,91637.06587279317,67687.62587279317,3
S-B_minervini,2009-01-23,91275.78587279317,67687.62587279317,3
S-B_minervini,2009-01-26,90252.35529969541,76021.1152996954,2
S-B_minervini,2009-01-27,90480.63529969541,76021.1152996954,2
S-B_minervini,2009-01-28,90814.7952996954,76021.1152996954,2
S-B_minervini,2009-01-29,90863.3152996954,76021.1152996954,2
S-B_minervini,2009-01-30,90683.77529969541,76021.1152996954,2
S-B_minervini,2009-02-02,91280.8152996954,76021.1152996954,2
S-B_minervini,2009-02-03,91346.5352996954,76021.1152996954,2
S-B_minervini,2009-02-04,91036.4752996954,76021.1152996954,2
S-B_minervini,2009-02-05,91348.13529969541,76021.1152996954,2
S-B_minervini,2009-02-06,91587.85529969541,76021.1152996954,2
S-B_minervini,2009-02-09,91576.4333182454,66921.4933182454,3
S-B_minervini,2009-02-10,90734.0133182454,66921.4933182454,3
S-B_minervini,2009-02-11,90572.6333182454,66921.4933182454,3
S-B_minervini,2009-02-12,90580.73331824539,66921.4933182454,3
S-B_minervini,2009-02-13,90554.9169992454,72591.1369992454,2
S-B_minervini,2009-02-17,90334.35131344265,81028.43131344265,1
S-B_minervini,2009-02-18,90197.07131344265,81028.43131344265,1
S-B_minervini,2009-02-19,89847.63131344265,81028.43131344265,1
S-B_minervini,2009-02-20,89596.93023038971,89596.93023038971,0
S-B_minervini,2009-02-23,89596.93023038971,89596.93023038971,0
S-B_minervini,2009-02-24,89596.93023038971,89596.93023038971,0
S-B_minervini,2009-02-25,89596.93023038971,89596.93023038971,0
S-B_minervini,2009-02-26,89596.93023038971,89596.93023038971,0
S-B_minervini,2009-02-27,89596.93023038971,89596.93023038971,0
S-B_minervini,2009-03-02,89596.93023038971,89596.93023038971,0
S-B_minervini,2009-03-03,89596.93023038971,89596.93023038971,0
S-B_minervini,2009-03-04,89596.93023038971,89596.93023038971,0
S-B_minervini,2009-03-05,89596.93023038971,89596.93023038971,0
S-B_minervini,2009-03-06,89596.93023038971,89596.93023038971,0
S-B_minervini,2009-03-09,89596.93023038971,89596.93023038971,0
S-B_minervini,2009-03-10,89596.93023038971,89596.93023038971,0
S-B_minervini,2009-03-11,89596.93023038971,89596.93023038971,0
S-B_minervini,2009-03-12,89596.93023038971,89596.93023038971,0
S-B_minervini,2009-03-13,89596.93023038971,89596.93023038971,0
S-B_minervini,2009-03-16,89596.93023038971,89596.93023038971,0
S-B_minervini,2009-03-17,89596.93023038971,89596.93023038971,0
S-B_minervini,2009-03-18,89596.93023038971,89596.93023038971,0
S-B_minervini,2009-03-19,89596.93023038971,89596.93023038971,0
S-B_minervini,2009-03-20,89596.93023038971,89596.93023038971,0
S-B_minervini,2009-03-23,89596.93023038971,89596.93023038971,0
S-B_minervini,2009-03-24,89596.93023038971,89596.93023038971,0
S-B_minervini,2009-03-25,89596.93023038971,89596.93023038971,0
S-B_minervini,2009-03-26,89596.93023038971,89596.93023038971,0
S-B_minervini,2009-03-27,89596.93023038971,89596.93023038971,0
S-B_minervini,2009-03-30,89518.94700063945,80661.48900063946,1
S-B_minervini,2009-03-31,89680.02900063945,80661.48900063946,1
S-B_minervini,2009-04-01,89773.73700063946,80661.48900063946,1
S-B_minervini,2009-04-02,89890.70100063946,80661.48900063946,1
S-B_minervini,2009-04-03,89900.96100063945,80661.48900063946,1
S-B_minervini,2009-04-06,89695.76100063945,80661.48900063946,1
S-B_minervini,2009-04-07,89628.04500063945,80661.48900063946,1
S-B_minervini,2009-04-08,89755.26900063946,80661.48900063946,1
S-B_minervini,2009-04-09,89745.00900063946,80661.48900063946,1
S-B_minervini,2009-04-13,89648.90700063946,80661.48900063946,1
S-B_minervini,2009-04-14,89383.51500063945,80661.48900063946,1
S-B_minervini,2009-04-15,89544.93900063945,80661.48900063946,1
S-B_minervini,2009-04-16,89669.76900063946,80661.48900063946,1
S-B_minervini,2009-04-17,89672.16300063946,80661.48900063946,1
S-B_minervini,2009-04-20,89409.50700063945,80661.48900063946,1
S-B_minervini,2009-04-21,89443.36500063946,80661.48900063946,1
S-B_minervini,2009-04-22,89082.21300063946,80661.48900063946,1
S-B_minervini,2009-04-23,89796.99300063946,80661.48900063946,1
S-B_minervini,2009-04-24,90488.51700063946,80661.48900063946,1
S-B_minervini,2009-04-27,90735.09571163652,85731.80671163651,1
S-B_minervini,2009-04-28,90818.20171163652,85731.80671163651,1
S-B_minervini,2009-04-29,90816.83371163651,85731.80671163651,1
S-B_minervini,2009-04-30,90770.15071163651,85731.80671163651,1
S-B_minervini,2009-05-01,90792.20971163652,85731.80671163651,1
S-B_minervini,2009-05-04,90934.51305235627,76656.81705235627,2
S-B_minervini,2009-05-05,90821.99805235627,76656.81705235627,2
S-B_minervini,2009-05-06,90398.02005235627,76656.81705235627,2
S-B_minervini,2009-05-07,90021.57062292633,85058.63762292633,1
S-B_minervini,2009-05-08,90099.54662292633,85058.63762292633,1
S-B_minervini,2009-05-11,89903.60225481426,49065.82925481427,5
S-B_minervini,2009-05-12,89245.36225481427,49065.82925481427,5
S-B_minervini,2009-05-13,88215.66439845879,65721.35539845878,3
S-B_minervini,2009-05-14,88452.93639845878,65721.35539845878,3
S-B_minervini,2009-05-15,88510.10739845879,65721.35539845878,3
S-B_minervini,2009-05-18,88880.62639845879,65721.35539845878,3
S-B_minervini,2009-05-19,88999.18639845878,65721.35539845878,3
S-B_minervini,2009-05-20,89193.48039845878,65721.35539845878,3
S-B_minervini,2009-05-21,88636.74239845878,65721.35539845878,3
S-B_minervini,2009-05-22,88550.67239845879,65721.35539845878,3
S-B_minervini,2009-05-26,88728.13239845878,65721.35539845878,3
S-B_minervini,2009-05-27,88624.90539845878,65721.35539845878,3
S-B_minervini,2009-05-28,89008.88022295016,70585.24522295015,2
S-B_minervini,2009-05-29,89048.68522295015,70585.24522295015,2
S-B_minervini,2009-06-01,89105.22715505265,43890.33815505265,5
S-B_minervini,2009-06-02,90242.77915505265,43890.33815505265,5
S-B_minervini,2009-06-03,91034.80647675216,49138.94047675216,5
S-B_minervini,2009-06-04,91298.35047675215,49138.94047675216,5
S-B_minervini,2009-06-05,91036.71747675216,49138.94047675216,5
S-B_minervini,2009-06-08,90412.90747675217,49138.94047675216,5
S-B_minervini,2009-06-09,90417.20147675216,49138.94047675216,5
S-B_minervini,2009-06-10,89817.60449711136,57380.111497111364,4
S-B_minervini,2009-06-11,90202.06549711137,57380.111497111364,4
S-B_minervini,2009-06-12,90407.91049711136,57380.111497111364,4
S-B_minervini,2009-06-15,89407.66749711137,57380.111497111364,4
S-B_minervini,2009-06-16,88791.23449711136,57380.111497111364,4
S-B_minervini,2009-06-17,88770.00349711136,57380.111497111364,4
S-B_minervini,2009-06-18,89034.80249711136,57380.111497111364,4
S-B_minervini,2009-06-19,89089.22649711136,57380.111497111364,4
S-B_minervini,2009-06-22,87012.17751941066,56059.939519410655,4
S-B_minervini,2009-06-23,86892.51851941066,56059.939519410655,4
S-B_minervini,2009-06-24,87362.72151941065,56059.939519410655,4
S-B_minervini,2009-06-25,88081.97251941066,56059.939519410655,4
S-B_minervini,2009-06-26,88526.23451941065,56059.939519410655,4
S-B_minervini,2009-06-29,88465.283762415,38378.18076241499,6
S-B_minervini,2009-06-30,88852.11976241498,38378.18076241499,6
S-B_minervini,2009-07-01,89259.89676241498,38378.18076241499,6
S-B_minervini,2009-07-02,87927.076762415,38378.18076241499,6
S-B_minervini,2009-07-06,87905.0767649088,42780.9177649088,5
S-B_minervini,2009-07-07,87184.38664262582,50984.63164262581,4
S-B_minervini,2009-07-08,86963.90864262581,50984.63164262581,4
S-B_minervini,2009-07-09,86991.3686426258,50984.63164262581,4
S-B_minervini,2009-07-10,87423.3226426258,50984.63164262581,4
S-B_minervini,2009-07-13,88555.12931367553,24784.04231367553,7
S-B_minervini,2009-07-14,88872.92485540207,29765.360855402072,7
S-B_minervini,2009-07-15,90017.79685540208,29765.360855402072,7
S-B_minervini,2009-07-16,90187.49585540207,29765.360855402072,7
S-B_minervini,2009-07-17,90366.69985540207,29765.360855402072,7
S-B_minervini,2009-07-20,91066.8167679789,2698.2187679789004,10
S-B_minervini,2009-07-21,90799.6557679789,2698.2187679789004,10
S-B_minervini,2009-07-22,90687.5427679789,2698.2187679789004,10
S-B_minervini,2009-07-23,91650.1657679789,2698.2187679789004,10
S-B_minervini,2009-07-24,92292.15676797889,2698.2187679789004,10
S-B_minervini,2009-07-27,91655.24607254112,11059.822072541121,9
S-B_minervini,2009-07-28,91671.58507254111,11059.822072541121,9
S-B_minervini,2009-07-29,91063.49407254111,11059.822072541121,9
S-B_minervini,2009-07-30,92254.70607254111,11059.822072541121,9
S-B_minervini,2009-07-31,92066.49907254113,11059.822072541121,9
S-B_minervini,2009-08-03,92964.03965252227,7081.842652522278,10
S-B_minervini,2009-08-04,92134.30414661748,15493.184146617463,9
S-B_minervini,2009-08-05,91377.84114661747,15493.184146617463,9
S-B_minervini,2009-08-06,89892.16914661747,15493.184146617463,9
S-B_minervini,2009-08-07,91292.50514661746,15493.184146617463,9
S-B_minervini,2009-08-10,90386.03430818004,6366.928308180031,10
S-B_minervini,2009-08-11,89458.11515046244,11905.859150462433,9
S-B_minervini,2009-08-12,90266.81193789224,16720.682937892227,8
S-B_minervini,2009-08-13,89771.86266957817,33275.90866957817,6
S-B_minervini,2009-08-14,89301.43666957818,33275.90866957817,6
S-B_minervini,2009-08-17,88796.12061068536,5055.249610685367,10
S-B_minervini,2009-08-18,89354.11361068537,5055.249610685367,10
S-B_minervini,2009-08-19,90115.52861068536,5055.249610685367,10
S-B_minervini,2009-08-20,91097.46519110755,10013.152191107549,10
S-B_minervini,2009-08-21,92046.31119110757,10013.152191107549,10
S-B_minervini,2009-08-24,92369.76119110757,10013.152191107549,10
S-B_minervini,2009-08-25,92692.69019110755,10013.152191107549,10
S-B_minervini,2009-08-26,92503.08719110755,10013.152191107549,10
S-B_minervini,2009-08-27,92668.97719110755,10013.152191107549,10
S-B_minervini,2009-08-28,92485.03736160933,15076.245361609315,10
S-B_minervini,2009-08-31,91397.3423616093,15076.245361609315,10
S-B_minervini,2009-09-01,89850.23436160931,15076.245361609315,10
S-B_minervini,2009-09-02,89660.3739226803,23441.2569226803,9
S-B_minervini,2009-09-03,90925.62971832175,28419.747718321763,8
S-B_minervini,2009-09-04,91328.59771832178,28419.747718321763,8
S-B_minervini,2009-09-08,91000.41478932253,23476.917789322535,9
S-B_minervini,2009-09-09,91067.03578932252,23476.917789322535,9
S-B_minervini,2009-09-10,91310.02078932253,23476.917789322535,9
S-B_minervini,2009-09-11,90536.40378932253,23476.917789322535,9
S-B_minervini,2009-09-14,91225.30898983557,10364.228989835563,10
S-B_minervini,2009-09-15,91963.77798983557,10364.228989835563,10
S-B_minervini,2009-09-16,92446.84398983556,10364.228989835563,10
S-B_minervini,2009-09-17,91158.26028698156,18343.501286981562,9
S-B_minervini,2009-09-18,92870.78628698157,18343.501286981562,9
S-B_minervini,2009-09-21,93140.64309116152,14183.91809116151,10
S-B_minervini,2009-09-22,92665.37418116152,22590.41318116151,9
S-B_minervini,2009-09-23,91589.92118116151,22590.41318116151,9
S-B_minervini,2009-09-24,90726.4051811615,22590.41318116151,9
S-B_minervini,2009-09-25,90647.4691811615,22590.41318116151,9
S-B_minervini,2009-09-28,92004.53598128622,13526.873981286224,10
S-B_minervini,2009-09-29,92595.8776818048,18599.438681804808,10
S-B_minervini,2009-09-30,92660.1686818048,18599.438681804808,10
S-B_minervini,2009-10-01,90241.2916818048,18599.438681804808,10
S-B_minervini,2009-10-02,89851.82266273306,23596.18266273308,9
S-B_minervini,2009-10-05,91353.75053648307,14614.333536483082,10
S-B_minervini,2009-10-06,92535.40853648308,14614.333536483082,10
S-B_minervini,2009-10-07,92766.55453648308,14614.333536483082,10
S-B_minervini,2009-10-08,93782.52653648308,14614.333536483082,10
S-B_minervini,2009-10-09,94920.58162342168,19754.913623421686,10
S-B_minervini,2009-10-12,94837.27062342169,19754.913623421686,10
S-B_minervini,2009-10-13,95271.30062342169,19754.913623421686,10
S-B_minervini,2009-10-14,96520.45762342168,19754.913623421686,10
S-B_minervini,2009-10-15,97182.07270826919,24925.305708269185,10
S-B_minervini,2009-10-16,96284.67970826918,24925.305708269185,10
S-B_minervini,2009-10-19,96878.58416041208,20364.555160412077,10
S-B_minervini,2009-10-20,95927.70816041206,20364.555160412077,10
S-B_minervini,2009-10-21,94663.96616423258,29279.056164232577,9
S-B_minervini,2009-10-22,95002.17616423257,29279.056164232577,9
S-B_minervini,2009-10-23,94415.84841088048,34174.81141088048,8
S-B_minervini,2009-10-26,93950.75701048048,15323.979010480483,10
S-B_minervini,2009-10-27,92714.49647844527,24068.005478445273,9
S-B_minervini,2009-10-28,90415.99713439771,37650.148134397714,7
S-B_minervini,2009-10-29,91089.46712786125,51326.22012786125,5
S-B_minervini,2009-10-30,90437.60893503932,57358.63393503931,4
S-B_minervini,2009-11-02,89961.81183564785,48315.426835647864,5
S-B_minervini,2009-11-03,90005.92683564787,48315.426835647864,5
S-B_minervini,2009-11-04,90101.45683564787,48315.426835647864,5
S-B_minervini,2009-11-05,90967.92483564786,48315.426835647864,5
S-B_minervini,2009-11-06,91308.12083564786,48315.426835647864,5
S-B_minervini,2009-11-09,93186.34403903026,26119.975039030243,8
S-B_minervini,2009-11-10,92406.91815358578,34568.07015358577,7
S-B_minervini,2009-11-11,92409.64315358578,34568.07015358577,7
S-B_minervini,2009-11-12,92086.76615358578,34568.07015358577,7
S-B_minervini,2009-11-13,92367.281658958,39699.934658958,7
S-B_minervini,2009-11-16,92322.16665895801,39699.934658958,7
S-B_minervini,2009-11-17,92313.483658958,39699.934658958,7
S-B_minervini,2009-11-18,92182.280509958,44583.195509958,6
S-B_minervini,2009-11-19,92974.13742004731,49761.04542004731,6
S-B_minervini,2009-11-20,92915.6574200473,49761.04542004731,6
S-B_minervini,2009-11-23,92837.39242004731,49761.04542004731,6
S-B_minervini,2009-11-24,93311.2354200473,49761.04542004731,6
S-B_minervini,2009-11-25,93682.91442004731,49761.04542004731,6
S-B_minervini,2009-11-27,93177.32142004732,49761.04542004731,6
S-B_minervini,2009-11-30,92585.06462279629,36236.631622796274,7
S-B_minervini,2009-12-01,92348.13762279626,36236.631622796274,7
S-B_minervini,2009-12-02,92780.35262279629,36236.631622796274,7
S-B_minervini,2009-12-03,92417.87362279627,36236.631622796274,7
S-B_minervini,2009-12-04,92444.18262279627,36236.631622796274,7
S-B_minervini,2009-12-07,92431.05100014602,8524.04200014602,10
S-B_minervini,2009-12-08,92540.49553712833,16900.126537128323,9
S-B_minervini,2009-12-09,93324.38346216406,21783.179462164062,8
S-B_minervini,2009-12-10,93454.92646216406,21783.179462164062,8
S-B_minervini,2009-12-11,94346.33646216406,21783.179462164062,8
S-B_minervini,2009-12-14,95537.05185002352,8243.227850023522,10
S-B_minervini,2009-12-15,95774.17711947378,13532.856119473763,10
S-B_minervini,2009-12-16,96453.67811947377,13532.856119473763,10
S-B_minervini,2009-12-17,95518.54311947376,13532.856119473763,10
S-B_minervini,2009-12-18,95890.51711947378,13532.856119473763,10
S-B_minervini,2009-12-21,97210.88211947377,13532.856119473763,10
S-B_minervini,2009-12-22,97551.38511947377,13532.856119473763,10
S-B_minervini,2009-12-23,98415.30511947378,13532.856119473763,10
S-B_minervini,2009-12-24,99079.68011947375,13532.856119473763,10
S-B_minervini,2009-12-28,99383.74963990675,23862.534639906742,10
S-B_minervini,2009-12-29,99058.63663990673,23862.534639906742,10
S-B_minervini,2009-12-30,98318.41660529585,28467.02060529584,9
S-B_minervini,2009-12-31,97943.50760529583,28467.02060529584,9
S-B_minervini,2010-01-04,98601.25181929584,18678.455819295836,10
S-B_minervini,2010-01-05,99797.10181929583,18678.455819295836,10
S-B_minervini,2010-01-06,99631.55881929584,18678.455819295836,10
S-B_minervini,2010-01-07,99582.96281929583,18678.455819295836,10
S-B_minervini,2010-01-08,99999.48858654329,27740.919586543285,9
S-B_minervini,2010-01-11,99471.7023977683,17744.519397768287,10
S-B_minervini,2010-01-12,98150.78465009268,26999.40165009269,9
S-B_minervini,2010-01-13,98671.24507569335,32869.98807569335,8
S-B_minervini,2010-01-14,98461.61907569336,32869.98807569335,8
S-B_minervini,2010-01-15,97577.91107569335,32869.98807569335,8
S-B_minervini,2010-01-19,98687.61214689334,13358.36714689335,10
S-B_minervini,2010-01-20,98768.85914689334,13358.36714689335,10
S-B_minervini,2010-01-21,96339.42631559541,22078.712315595403,9
S-B_minervini,2010-01-22,94558.65366808734,27177.410668087356,8
S-B_minervini,2010-01-25,95169.77767885532,4667.859678855313,10
S-B_minervini,2010-01-26,94196.54862826531,13699.961628265311,9
S-B_minervini,2010-01-27,93980.02362826533,13699.961628265311,9
S-B_minervini,2010-01-28,92903.5689920467,22438.1819920467,8
S-B_minervini,2010-01-29,92125.49601865372,31170.20301865372,7
S-B_minervini,2010-02-01,92821.4791690891,17776.659169089107,8
S-B_minervini,2010-02-02,93079.25972379066,26448.17272379066,7
S-B_minervini,2010-02-03,93017.26472379066,26448.17272379066,7
S-B_minervini,2010-02-04,90435.96382976814,44247.417829768136,5
S-B_minervini,2010-02-05,89559.06877965863,61395.29277965863,3
S-B_minervini,2010-02-08,89251.91542533363,52444.321425333634,4
S-B_minervini,2010-02-09,89565.90942533364,52444.321425333634,4
S-B_minervini,2010-02-10,89538.27142533363,52444.321425333634,4
S-B_minervini,2010-02-11,89300.58177775863,60714.265777758636,3
S-B_minervini,2010-02-12,89427.12177775864,60714.265777758636,3
S-B_minervini,2010-02-16,90013.95264315014,65958.79464315015,3
S-B_minervini,2010-02-17,90195.88064315014,65958.79464315015,3
S-B_minervini,2010-02-18,90602.96464315015,65958.79464315015,3
S-B_minervini,2010-02-19,90726.17464315015,65958.79464315015,3
S-B_minervini,2010-02-22,90962.29664315016,65958.79464315015,3
S-B_minervini,2010-02-23,90882.39264315015,65958.79464315015,3
S-B_minervini,2010-02-24,90892.14864315014,65958.79464315015,3
S-B_minervini,2010-02-25,90981.18864315015,65958.79464315015,3
S-B_minervini,2010-02-26,91115.63464315014,65958.79464315015,3
S-B_minervini,2010-03-01,92436.8456161547,29583.985616154714,7
S-B_minervini,2010-03-02,92614.66610759778,34803.018107597774,7
S-B_minervini,2010-03-03,92255.40610759778,34803.018107597774,7
S-B_minervini,2010-03-04,93025.03399878713,39951.976998787126,6
S-B_minervini,2010-03-05,93450.15299878712,39951.976998787126,6
S-B_minervini,2010-03-08,94976.71160528532,26568.76460528534,8
S-B_minervini,2010-03-09,95177.06660528533,26568.76460528534,8
S-B_minervini,2010-03-10,96192.43156717249,31730.399567172477,8
S-B_minervini,2010-03-11,96265.56056717248,31730.399567172477,8
S-B_minervini,2010-03-12,96147.51856717248,31730.399567172477,8
S-B_minervini,2010-03-15,95657.41751044936,12530.765510449359,10
S-B_minervini,2010-03-16,96699.45151044936,12530.765510449359,10
S-B_minervini,2010-03-17,97499.59951044936,12530.765510449359,10
S-B_minervini,2010-03-18,97146.63851044937,12530.765510449359,10
S-B_minervini,2010-03-19,96268.70977840146,17685.362778401453,10
S-B_minervini,2010-03-22,97120.43219592456,22437.596195924558,9
S-B_minervini,2010-03-23,97783.81119592457,22437.596195924558,9
S-B_minervini,2010-03-24,97327.41731445189,27594.600314451873,9
S-B_minervini,2010-03-25,96868.14331445188,27594.600314451873,9
S-B_minervini,2010-03-26,97189.60931445187,27594.600314451873,9
S-B_minervini,2010-03-29,97259.86700580188,17881.238005801875,10
S-B_minervini,2010-03-30,96505.23071932206,26530.156719322065,9
S-B_minervini,2010-03-31,96022.04471932208,26530.156719322065,9
S-B_minervini,2010-04-01,96876.02571932208,26530.156719322065,9
S-B_minervini,2010-04-05,98077.01486722205,16858.742867222063,10
S-B_minervini,2010-04-06,98069.18086722205,16858.742867222063,10
S-B_minervini,2010-04-07,97509.26187031831,22007.888870318315,10
S-B_minervini,2010-04-08,97673.90587031831,22007.888870318315,10
S-B_minervini,2010-04-09,98045.2268703183,22007.888870318315,10
S-B_minervini,2010-04-12,98051.65587031831,22007.888870318315,10
S-B_minervini,2010-04-13,97870.74387031831,22007.888870318315,10
S-B_minervini,2010-04-14,99517.60787031832,22007.888870318315,10
S-B_minervini,2010-04-15,100016.0638703183,22007.888870318315,10
S-B_minervini,2010-04-16,98713.41287031832,22007.888870318315,10
S-B_minervini,2010-04-19,98311.67587031833,22007.888870318315,10
S-B_minervini,2010-04-20,98669.68487031832,22007.888870318315,10
S-B_minervini,2010-04-21,99065.71087031833,22007.888870318315,10
S-B_minervini,2010-04-22,99602.90580768147,45982.88580768147,8
S-B_minervini,2010-04-23,100080.92980768147,45982.88580768147,8
S-B_minervini,2010-04-26,99902.88475873735,25984.90675873734,10
S-B_minervini,2010-04-27,97436.48975873734,25984.90675873734,10
S-B_minervini,2010-04-28,97154.29265862398,31394.56965862396,9
S-B_minervini,2010-04-29,99272.67525359298,42029.691253592995,7
S-B_minervini,2010-04-30,97816.48383311645,50997.15883311645,6
S-B_minervini,2010-05-03,99299.87051922013,7516.851519220134,10
S-B_minervini,2010-05-04,94945.81683858456,25621.81083858455,8
S-B_minervini,2010-05-05,93518.18693069235,58128.39593069235,4
S-B_minervini,2010-05-06,92106.47200465662,72390.12200465662,2
S-B_minervini,2010-05-07,91909.49200465661,72390.12200465662,2
S-B_minervini,2010-05-10,92918.68523830401,63217.49723830401,3
S-B_minervini,2010-05-11,93426.50786286681,68869.85186286681,3
S-B_minervini,2010-05-12,93675.97786286681,68869.85186286681,3
S-B_minervini,2010-05-13,93481.30786286682,68869.85186286681,3
S-B_minervini,2010-05-14,92856.42386286681,68869.85186286681,3
S-B_minervini,2010-05-17,92534.57811078505,68182.86211078505,3
S-B_minervini,2010-05-18,92486.74011078505,68182.86211078505,3
S-B_minervini,2010-05-19,92434.00611078505,68182.86211078505,3
S-B_minervini,2010-05-20,91414.77611078505,68182.86211078505,3
S-B_minervini,2010-05-21,91542.53564343505,73461.39564343505,2
S-B_minervini,2010-05-24,91177.26164343505,73461.39564343505,2
S-B_minervini,2010-05-25,91044.41364343505,73461.39564343505,2
S-B_minervini,2010-05-26,91102.82764343506,73461.39564343505,2
S-B_minervini,2010-05-27,91889.07564343506,73461.39564343505,2
S-B_minervini,2010-05-28,91723.01364343506,73461.39564343505,2
S-B_minervini,2010-06-01,91066.50564343506,73461.39564343505,2
S-B_minervini,2010-06-02,91549.45364343506,73461.39564343505,2
S-B_minervini,2010-06-03,91881.53964343506,73461.39564343505,2
S-B_minervini,2010-06-04,91279.86964343506,73461.39564343505,2
S-B_minervini,2010-06-07,91022.25889562888,81953.60889562889,1
S-B_minervini,2010-06-08,91060.50889562888,81953.60889562889,1
S-B_minervini,2010-06-09,91046.05889562888,81953.60889562889,1
S-B_minervini,2010-06-10,91295.10889562889,81953.60889562889,1
S-B_minervini,2010-06-11,91409.00889562888,81953.60889562889,1
S-B_minervini,2010-06-14,91371.60889562889,81953.60889562889,1
S-B_minervini,2010-06-15,91606.2088956289,81953.60889562889,1
S-B_minervini,2010-06-16,91786.40889562889,81953.60889562889,1
S-B_minervini,2010-06-17,91949.60889562889,81953.60889562889,1
S-B_minervini,2010-06-18,91913.05889562888,81953.60889562889,1
S-B_minervini,2010-06-21,91990.40889562889,81953.60889562889,1
S-B_minervini,2010-06-22,91866.30889562888,81953.60889562889,1
S-B_minervini,2010-06-23,91817.00889562888,81953.60889562889,1
S-B_minervini,2010-06-24,91633.40889562889,81953.60889562889,1
S-B_minervini,2010-06-25,91680.15889562889,81953.60889562889,1
S-B_minervini,2010-06-28,91568.26030080389,72785.68030080388,2
S-B_minervini,2010-06-29,91445.54030080388,72785.68030080388,2
S-B_minervini,2010-06-30,91450.64030080388,72785.68030080388,2
S-B_minervini,2010-07-01,91335.04030080388,72785.68030080388,2
S-B_minervini,2010-07-02,91288.93030080388,72785.68030080388,2
S-B_minervini,2010-07-06,91413.56030080389,72785.68030080388,2
S-B_minervini,2010-07-07,91561.80738562888,81889.65738562889,1
S-B_minervini,2010-07-08,91614.5073856289,81889.65738562889,1
S-B_minervini,2010-07-09,91699.5073856289,81889.65738562889,1
S-B_minervini,2010-07-12,91584.9383110046,72770.3883110046,2
S-B_minervini,2010-07-13,91861.22031100461,72770.3883110046,2
S-B_minervini,2010-07-14,91865.2383110046,72770.3883110046,2
S-B_minervini,2010-07-15,91775.76831100459,72770.3883110046,2
S-B_minervini,2010-07-16,91158.48831100459,72770.3883110046,2
S-B_minervini,2010-07-19,91403.8722314589,36708.25823145889,6
S-B_minervini,2010-07-20,92379.6442314589,36708.25823145889,6
S-B_minervini,2010-07-21,92048.3612314589,36708.25823145889,6
S-B_minervini,2010-07-22,92455.34013441869,41778.449134418675,6
S-B_minervini,2010-07-23,92594.22013441868,41778.449134418675,6
S-B_minervini,2010-07-26,93553.9580552245,4840.6890552245,10
S-B_minervini,2010-07-27,91606.4350552245,4840.6890552245,10
S-B_minervini,2010-07-28,90606.89423605107,21914.165236051085,8
S-B_minervini,2010-07-29,90531.9702360511,21914.165236051085,8
S-B_minervini,2010-07-30,90232.13023605107,21914.165236051085,8
S-B_minervini,2010-08-02,91397.40430258558,3869.4613025855742,10
S-B_minervini,2010-08-03,91540.95830258558,3869.4613025855742,10
S-B_minervini,2010-08-04,92064.54430258556,3869.4613025855742,10
S-B_minervini,2010-08-05,91694.02530258558,3869.4613025855742,10
S-B_minervini,2010-08-06,91123.35376305578,12429.541763055784,9
S-B_minervini,2010-08-09,91246.28803244591,3318.379032445908,10
S-B_minervini,2010-08-10,89636.31843790373,11761.194437903732,9
S-B_minervini,2010-08-11,87212.95409515055,20166.91009515056,8
S-B_minervini,2010-08-12,86575.95835331944,37179.99835331943,6
S-B_minervini,2010-08-13,86544.70135331943,37179.99835331943,6
S-B_minervini,2010-08-16,86277.10635477706,36885.85635477706,6
S-B_minervini,2010-08-17,86649.12635477705,36885.85635477706,6
S-B_minervini,2010-08-18,86762.65835477706,36885.85635477706,6
S-B_minervini,2010-08-19,86345.31335477706,36885.85635477706,6
S-B_minervini,2010-08-20,86245.9597326316,45321.16673263161,5
S-B_minervini,2010-08-23,85906.0125695069,28088.976569506893,7
S-B_minervini,2010-08-24,85781.3032460069,36370.510246006896,6
S-B_minervini,2010-08-25,85569.6182460069,36370.510246006896,6
S-B_minervini,2010-08-26,85155.70124600691,36370.510246006896,6
S-B_minervini,2010-08-27,85677.68724799689,41376.210247996874,5
S-B_minervini,2010-08-30,84651.46754832809,24251.423548328097,7
S-B_minervini,2010-08-31,84800.7835483281,24251.423548328097,7
S-B_minervini,2010-09-01,86370.5975483281,24251.423548328097,7
S-B_minervini,2010-09-02,86675.6695483281,24251.423548328097,7
S-B_minervini,2010-09-03,87263.63154832809,24251.423548328097,7
S-B_minervini,2010-09-07,86805.30673345311,5.261733453099623,10
S-B_minervini,2010-09-08,86933.45973345308,5.261733453099623,10
S-B_minervini,2010-09-09,86274.9977334531,5.261733453099623,10
S-B_minervini,2010-09-10,86565.70673345312,5.261733453099623,10
S-B_minervini,2010-09-13,87625.8777334531,5.261733453099623,10
S-B_minervini,2010-09-14,87034.71873345309,5.261733453099623,10
S-B_minervini,2010-09-15,86863.8387334531,5.261733453099623,10
S-B_minervini,2010-09-16,87059.22973345309,5.261733453099623,10
S-B_minervini,2010-09-17,87911.7959192713,12780.388919271312,9
S-B_minervini,2010-09-20,90378.02201282131,3999.160012821312,10
S-B_minervini,2010-09-21,90115.31101282132,3999.160012821312,10
S-B_minervini,2010-09-22,89260.25401282133,3999.160012821312,10
S-B_minervini,2010-09-23,88529.09101282133,3999.160012821312,10
S-B_minervini,2010-09-24,91237.01810242131,9278.18610242131,10
S-B_minervini,2010-09-27,90668.9401024213,9278.18610242131,10
S-B_minervini,2010-09-28,91166.30510242132,9278.18610242131,10
S-B_minervini,2010-09-29,98047.7723943463,17643.59539434631,10
S-B_minervini,2010-09-30,98361.44039434631,17643.59539434631,10
S-B_minervini,2010-10-01,98676.41578031414,22565.489780314136,10
S-B_minervini,2010-10-04,98204.41978031414,22565.489780314136,10
S-B_minervini,2010-10-05,99302.14945587414,27351.463455874138,9
S-B_minervini,2010-10-06,97847.51133648091,35337.50833648091,8
S-B_minervini,2010-10-07,98468.02033648091,35337.50833648091,8
S-B_minervini,2010-10-08,98492.58733648091,35337.50833648091,8
S-B_minervini,2010-10-11,98670.22623992909,15732.357239929082,10
S-B_minervini,2010-10-12,99109.7282399291,15732.357239929082,10
S-B_minervini,2010-10-13,100892.53468619386,20797.780686193848,10
S-B_minervini,2010-10-14,100870.22568619384,20797.780686193848,10
S-B_minervini,2010-10-15,100471.98900009386,24693.66700009385,10
S-B_minervini,2010-10-18,100454.95100009385,24693.66700009385,10
S-B_minervini,2010-10-19,99020.73200009385,24693.66700009385,10
S-B_minervini,2010-10-20,99442.32920309385,29238.914203093853,9
S-B_minervini,2010-10-21,100021.26320309387,29238.914203093853,9
S-B_minervini,2010-10-22,101668.87062416667,34768.68062416666,9
S-B_minervini,2010-10-25,102755.81672589165,24607.906725891662,10
S-B_minervini,2010-10-26,102998.52572589167,24607.906725891662,10
S-B_minervini,2010-10-27,102897.34372589167,24607.906725891662,10
S-B_minervini,2010-10-28,102914.80172589167,24607.906725891662,10
S-B_minervini,2010-10-29,102893.91572589165,24607.906725891662,10
S-B_minervini,2010-11-01,102591.75172589166,24607.906725891662,10
S-B_minervini,2010-11-02,103332.83672589166,24607.906725891662,10
S-B_minervini,2010-11-03,103198.42572589165,24607.906725891662,10
S-B_minervini,2010-11-04,103741.89872589166,24607.906725891662,10
S-B_minervini,2010-11-05,103403.18972589166,24607.906725891662,10
S-B_minervini,2010-11-08,103177.08972589165,24607.906725891662,10
S-B_minervini,2010-11-09,102266.42472589166,24607.906725891662,10
S-B_minervini,2010-11-10,102149.18246816797,30141.85446816797,9
S-B_minervini,2010-11-11,102190.74346816796,30141.85446816797,9
S-B_minervini,2010-11-12,101488.52746816797,30141.85446816797,9
S-B_minervini,2010-11-15,101473.31377586798,20029.359775867975,10
S-B_minervini,2010-11-16,99733.52577586798,20029.359775867975,10
S-B_minervini,2010-11-17,100024.09677586798,20029.359775867975,10
S-B_minervini,2010-11-18,101641.08077586797,20029.359775867975,10
S-B_minervini,2010-11-19,101159.98177586796,20029.359775867975,10
S-B_minervini,2010-11-22,101792.12477586797,20029.359775867975,10
S-B_minervini,2010-11-23,101028.77277586798,20029.359775867975,10
S-B_minervini,2010-11-24,102321.28961612898,25316.17861612898,9
S-B_minervini,2010-11-26,102112.54661612897,25316.17861612898,9
S-B_minervini,2010-11-29,101644.0964910597,15133.82149105969,10
S-B_minervini,2010-11-30,101095.69649105969,15133.82149105969,10
S-B_minervini,2010-12-01,102466.2324910597,15133.82149105969,10
S-B_minervini,2010-12-02,103193.08949105967,15133.82149105969,10
S-B_minervini,2010-12-03,103098.5204910597,15133.82149105969,10
S-B_minervini,2010-12-06,103070.7744910597,15133.82149105969,10
S-B_minervini,2010-12-07,102542.1854910597,15133.82149105969,10
S-B_minervini,2010-12-08,102942.50649105968,15133.82149105969,10
S-B_minervini,2010-12-09,103291.6623555097,23542.09035550969,9
S-B_minervini,2010-12-10,103617.33335550969,23542.09035550969,9
S-B_minervini,2010-12-13,102605.27991138968,13317.551911389692,10
S-B_minervini,2010-12-14,101931.73219944793,22797.884199447923,9
S-B_minervini,2010-12-15,101274.80116663693,32204.947166636914,8
S-B_minervini,2010-12-16,101838.2001666369,32204.947166636914,8
S-B_minervini,2010-12-17,101765.33409582349,37103.195095823496,8
S-B_minervini,2010-12-20,102714.71195045665,16761.610950456656,10
S-B_minervini,2010-12-21,103471.63195045666,16761.610950456656,10
S-B_minervini,2010-12-22,103491.67595045666,16761.610950456656,10
S-B_minervini,2010-12-23,103939.76345909666,22538.679459096657,9
S-B_minervini,2010-12-27,103889.33939738017,12155.673397380175,10
S-B_minervini,2010-12-28,103733.89039738018,12155.673397380175,10
S-B_minervini,2010-12-29,104106.4703973802,12155.673397380175,10
S-B_minervini,2010-12-30,104731.57342074494,17925.037420744942,10
S-B_minervini,2010-12-31,104215.02342074492,17925.037420744942,10
S-B_minervini,2011-01-03,105102.64442074494,17925.037420744942,10
S-B_minervini,2011-01-04,104405.53442074495,17925.037420744942,10
S-B_minervini,2011-01-05,104896.25842074494,17925.037420744942,10
S-B_minervini,2011-01-06,105819.58427173624,27031.22827173624,8
S-B_minervini,2011-01-07,105609.85027173624,27031.22827173624,8
S-B_minervini,2011-01-10,106387.28985649324,21371.69285649324,9
S-B_minervini,2011-01-11,104846.99485649326,21371.69285649324,9
S-B_minervini,2011-01-12,105073.64133221371,32041.220332213714,8
S-B_minervini,2011-01-13,105818.94233221372,32041.220332213714,8
S-B_minervini,2011-01-14,106427.96933221372,32041.220332213714,8
S-B_minervini,2011-01-18,106414.04992618275,10761.12792618275,10
S-B_minervini,2011-01-19,104390.62292618274,10761.12792618275,10
S-B_minervini,2011-01-20,102766.19062727474,20613.723627274747,9
S-B_minervini,2011-01-21,102005.63740997763,30334.494409977637,8
S-B_minervini,2011-01-24,103247.80391571748,15806.236915717478,9
S-B_minervini,2011-01-25,103266.25591571747,15806.236915717478,9
S-B_minervini,2011-01-26,104498.39291571749,15806.236915717478,9
S-B_minervini,2011-01-27,105008.57591571749,15806.236915717478,9
S-B_minervini,2011-01-28,103451.85293120607,25259.166931206073,8
S-B_minervini,2011-01-31,104547.01327585395,4573.671275853971,10
S-B_minervini,2011-02-01,106314.51527585396,4573.671275853971,10
S-B_minervini,2011-02-02,106269.39973066137,10544.110730661369,10
S-B_minervini,2011-02-03,107280.0176273497,16311.312627349704,10
S-B_minervini,2011-02-04,108025.28762734971,16311.312627349704,10
S-B_minervini,2011-02-07,108618.67426949131,22058.165269491314,10
S-B_minervini,2011-02-08,108480.2562694913,22058.165269491314,10
S-B_minervini,2011-02-09,108423.10226949133,22058.165269491314,10
S-B_minervini,2011-02-10,108644.07126949131,22058.165269491314,10
S-B_minervini,2011-02-11,109260.52426949132,22058.165269491314,10
S-B_minervini,2011-02-14,110773.48563591443,27832.03463591444,10
S-B_minervini,2011-02-15,109804.67863591443,27832.03463591444,10
S-B_minervini,2011-02-16,111033.79506593465,33709.22206593466,10
S-B_minervini,2011-02-17,111166.26906593467,33709.22206593466,10
S-B_minervini,2011-02-18,111261.30706593467,33709.22206593466,10
S-B_minervini,2011-02-22,109239.20906593464,33709.22206593466,10
S-B_minervini,2011-02-23,108218.61126992627,39102.15326992626,9
S-B_minervini,2011-02-24,108296.83886492626,44685.96886492626,8
S-B_minervini,2011-02-25,110812.38506663832,51146.91106663833,7
S-B_minervini,2011-02-28,110702.2549833938,17963.332983393797,10
S-B_minervini,2011-03-01,108621.5229833938,17963.332983393797,10
S-B_minervini,2011-03-02,109643.49041732973,24008.80941732971,9
S-B_minervini,2011-03-03,111659.5324173297,24008.80941732971,9
S-B_minervini,2011-03-04,111905.06841732972,24008.80941732971,9
S-B_minervini,2011-03-07,110358.71994975473,12824.743949754713,10
S-B_minervini,2011-03-08,109335.78243972566,28810.66043972566,8
S-B_minervini,2011-03-09,108390.89574611926,39165.10874611927,7
S-B_minervini,2011-03-10,105930.38974611927,39165.10874611927,7
S-B_minervini,2011-03-11,106202.03025950168,55329.78525950169,5
S-B_minervini,2011-03-14,105591.7061876267,44713.98318762669,6
S-B_minervini,2011-03-15,104549.65020683708,54304.76320683708,5
S-B_minervini,2011-03-16,103918.80620683708,54304.76320683708,5
S-B_minervini,2011-03-17,104703.08620683709,54304.76320683708,5
S-B_minervini,2011-03-18,103605.11810996209,63583.447109962086,4
S-B_minervini,2011-03-21,103749.95010996208,63583.447109962086,4
S-B_minervini,2011-03-22,103823.22210996208,63583.447109962086,4
S-B_minervini,2011-03-23,103619.70310996208,63583.447109962086,4
S-B_minervini,2011-03-24,103883.08710996209,63583.447109962086,4
S-B_minervini,2011-03-25,104073.4381099621,63583.447109962086,4
S-B_minervini,2011-03-28,103790.46610996209,63583.447109962086,4
S-B_minervini,2011-03-29,104023.99610996209,63583.447109962086,4
S-B_minervini,2011-03-30,104153.24210996208,63583.447109962086,4
S-B_minervini,2011-03-31,103799.05110996208,63583.447109962086,4
S-B_minervini,2011-04-01,104161.41210996208,63583.447109962086,4
S-B_minervini,2011-04-04,103355.35495807865,9206.814958078641,9
S-B_minervini,2011-04-05,103222.01095807864,9206.814958078641,9
S-B_minervini,2011-04-06,103039.39495807864,9206.814958078641,9
S-B_minervini,2011-04-07,103116.81495807864,9206.814958078641,9
S-B_minervini,2011-04-08,102601.3475383114,18835.357538311397,8
S-B_minervini,2011-04-11,102361.47323612912,11.214236129135315,10
S-B_minervini,2011-04-12,101109.07523612912,11.214236129135315,10
S-B_minervini,2011-04-13,101753.75823612913,11.214236129135315,10
S-B_minervini,2011-04-14,101543.27165535628,9649.149655356281,9
S-B_minervini,2011-04-15,102787.85365535629,9649.149655356281,9
S-B_minervini,2011-04-18,101519.52056315627,10.628563156280507,10
S-B_minervini,2011-04-19,102147.84257378093,5808.193573780931,10
S-B_minervini,2011-04-20,104579.70857378092,5808.193573780931,10
S-B_minervini,2011-04-21,105442.49457378092,5808.193573780931,10
S-B_minervini,2011-04-25,105941.57857378092,5808.193573780931,10
S-B_minervini,2011-04-26,104806.39463859264,15417.987638592638,9
S-B_minervini,2011-04-27,105771.24899296956,20285.836992969562,9
S-B_minervini,2011-04-28,107596.05393920123,26184.310939201234,9
S-B_minervini,2011-04-29,108352.59856924848,32450.536569248477,9
S-B_minervini,2011-05-02,106726.45186444848,21618.81086444848,10
S-B_minervini,2011-05-03,104547.34086444847,21618.81086444848,10
S-B_minervini,2011-05-04,103251.55849155314,37455.56649155314,8
S-B_minervini,2011-05-05,103774.59749155314,37455.56649155314,8
S-B_minervini,2011-05-06,104332.53249155314,37455.56649155314,8
S-B_minervini,2011-05-09,104890.51939214703,16614.526392147036,10
S-B_minervini,2011-05-10,105842.97639214701,16614.526392147036,10
S-B_minervini,2011-05-11,104728.00439214704,16614.526392147036,10
S-B_minervini,2011-05-12,105720.52280607798,26268.185806077963,9
S-B_minervini,2011-05-13,106283.81980607797,26268.185806077963,9
S-B_minervini,2011-05-16,104105.60379438133,24589.80379438133,9
S-B_minervini,2011-05-17,103761.54979438132,24589.80379438133,9
S-B_minervini,2011-05-18,105402.65767163814,30388.152671638152,8
S-B_minervini,2011-05-19,105789.74967163814,30388.152671638152,8
S-B_minervini,2011-05-20,105009.20167163815,30388.152671638152,8
S-B_minervini,2011-05-23,105970.5055910816,15351.936591081605,10
S-B_minervini,2011-05-24,105425.79259108161,15351.936591081605,10
S-B_minervini,2011-05-25,106235.61559108159,15351.936591081605,10
S-B_minervini,2011-05-26,108587.3175910816,15351.936591081605,10
S-B_minervini,2011-05-27,108873.16459108162,15351.936591081605,10
S-B_minervini,2011-05-31,109982.12317692695,21297.204176926953,10
S-B_minervini,2011-06-01,107391.25817692695,21297.204176926953,10
S-B_minervini,2011-06-02,107717.67917692695,21297.204176926953,10
S-B_minervini,2011-06-03,105704.63417692695,21297.204176926953,10
S-B_minervini,2011-06-06,103829.58417692696,21297.204176926953,10
S-B_minervini,2011-06-07,103866.95717692695,21297.204176926953,10
S-B_minervini,2011-06-08,102329.74153798577,37220.35453798577,7
S-B_minervini,2011-06-09,103891.16478349557,46850.42078349556,6
S-B_minervini,2011-06-10,103101.95178349556,46850.42078349556,6
S-B_minervini,2011-06-13,103143.2117403626,61913.1677403626,4
S-B_minervini,2011-06-14,103885.3097403626,61913.1677403626,4
S-B_minervini,2011-06-15,103338.6697403626,61913.1677403626,4
S-B_minervini,2011-06-16,102882.2877403626,61913.1677403626,4
S-B_minervini,2011-06-17,103136.3097403626,61913.1677403626,4
S-B_minervini,2011-06-20,104709.7454629876,31024.40746298761,7
S-B_minervini,2011-06-21,106664.81946298761,31024.40746298761,7
S-B_minervini,2011-06-22,105931.31746298762,31024.40746298761,7
S-B_minervini,2011-06-23,106624.97546298761,31024.40746298761,7
S-B_minervini,2011-06-24,105654.0323819784,36854.1733819784,7
S-B_minervini,2011-06-27,106408.43339174817,15737.711391748157,9
S-B_minervini,2011-06-28,108087.41539174816,15737.711391748157,9
S-B_minervini,2011-06-29,107727.15339174816,15737.711391748157,9
S-B_minervini,2011-06-30,108695.24939174816,15737.711391748157,9
S-B_minervini,2011-07-01,111129.00689299121,27548.842892991204,9
S-B_minervini,2011-07-05,111410.24026926165,22387.242269261646,10
S-B_minervini,2011-07-06,111520.73326926163,22387.242269261646,10
S-B_minervini,2011-07-07,111733.71726926163,22387.242269261646,10
S-B_minervini,2011-07-08,112349.39126926163,22387.242269261646,10
S-B_minervini,2011-07-11,110714.18726926163,22387.242269261646,10
S-B_minervini,2011-07-12,110227.75026926165,22387.242269261646,10
S-B_minervini,2011-07-13,111911.89326926167,22387.242269261646,10
S-B_minervini,2011-07-14,110865.18626926167,22387.242269261646,10
S-B_minervini,2011-07-15,110951.94326926165,22387.242269261646,10
S-B_minervini,2011-07-18,109703.71226926165,22387.242269261646,10
S-B_minervini,2011-07-19,112255.57926926165,22387.242269261646,10
S-B_minervini,2011-07-20,109959.69533677163,31456.586336771645,9
S-B_minervini,2011-07-21,109131.95933677163,31456.586336771645,9
S-B_minervini,2011-07-22,110218.05600224368,37756.70800224368,9
S-B_minervini,2011-07-25,109964.4700591779,26739.670059177915,10
S-B_minervini,2011-07-26,108743.89046318104,31874.99746318104,9
S-B_minervini,2011-07-27,107475.3176083749,38158.32560837489,8
S-B_minervini,2011-07-28,107625.94120856802,50198.445208568024,6
S-B_minervini,2011-07-29,107896.52520856803,50198.445208568024,6
S-B_minervini,2011-08-01,106779.12062868882,38257.40662868881,7
S-B_minervini,2011-08-02,104746.0238442677,57954.232844267695,5
S-B_minervini,2011-08-03,104734.9866946032,73940.0736946032,3
S-B_minervini,2011-08-04,103967.23632713036,84139.88432713036,2
S-B_minervini,2011-08-05,104086.20832713036,84139.88432713036,2
S-B_minervini,2011-08-08,103430.36632713037,84139.88432713036,2
S-B_minervini,2011-08-09,104049.74232713037,84139.88432713036,2
S-B_minervini,2011-08-10,104216.05032713036,84139.88432713036,2
S-B_minervini,2011-08-11,104314.27232713037,84139.88432713036,2
S-B_minervini,2011-08-12,103868.47232713037,84139.88432713036,2
S-B_minervini,2011-08-15,103957.66032713036,84139.88432713036,2
S-B_minervini,2011-08-16,103955.68432713037,84139.88432713036,2
S-B_minervini,2011-08-17,103967.80032713036,84139.88432713036,2
S-B_minervini,2011-08-18,103725.83232713037,84139.88432713036,2
S-B_minervini,2011-08-19,103545.33832713036,84139.88432713036,2
S-B_minervini,2011-08-22,103365.83232713037,84139.88432713036,2
S-B_minervini,2011-08-23,103660.64032713036,84139.88432713036,2
S-B_minervini,2011-08-24,103722.93832713037,84139.88432713036,2
S-B_minervini,2011-08-25,103676.05032713036,84139.88432713036,2
S-B_minervini,2011-08-26,103797.82232713036,84139.88432713036,2
S-B_minervini,2011-08-29,103800.10432713036,84139.88432713036,2
S-B_minervini,2011-08-30,103839.44032713036,84139.88432713036,2
S-B_minervini,2011-08-31,103953.96632713036,84139.88432713036,2
S-B_minervini,2011-09-01,103924.86432713036,84139.88432713036,2
S-B_minervini,2011-09-02,103867.15432713037,84139.88432713036,2
S-B_minervini,2011-09-06,103812.22032713037,84139.88432713036,2
S-B_minervini,2011-09-07,103922.37032713037,84139.88432713036,2
S-B_minervini,2011-09-08,103983.65632713036,84139.88432713036,2
S-B_minervini,2011-09-09,103888.33928855536,94486.14128855536,1
S-B_minervini,2011-09-12,103796.25728855535,94486.14128855536,1
S-B_minervini,2011-09-13,103754.23928855536,94486.14128855536,1
S-B_minervini,2011-09-14,103727.41928855536,94486.14128855536,1
S-B_minervini,2011-09-15,103857.04928855535,94486.14128855536,1
S-B_minervini,2011-09-16,103813.24328855536,94486.14128855536,1
S-B_minervini,2011-09-19,103903.66880575205,84105.77480575205,2
S-B_minervini,2011-09-20,103909.86680575206,84105.77480575205,2
S-B_minervini,2011-09-21,103743.68480575205,84105.77480575205,2
S-B_minervini,2011-09-22,103523.00480575205,84105.77480575205,2
S-B_minervini,2011-09-23,103526.79680575205,84105.77480575205,2
S-B_minervini,2011-09-26,103617.90080575206,84105.77480575205,2
S-B_minervini,2011-09-27,103887.42680575205,84105.77480575205,2
S-B_minervini,2011-09-28,103698.13880575205,84105.77480575205,2
S-B_minervini,2011-09-29,103751.02280575206,84105.77480575205,2
S-B_minervini,2011-09-30,103713.35480575205,84105.77480575205,2
S-B_minervini,2011-10-03,103554.20480575206,84105.77480575205,2
S-B_minervini,2011-10-04,103476.82280575205,84105.77480575205,2
S-B_minervini,2011-10-05,103693.35080575205,84105.77480575205,2
S-B_minervini,2011-10-06,103874.25680575205,84105.77480575205,2
S-B_minervini,2011-10-07,103793.10080575205,84105.77480575205,2
S-B_minervini,2011-10-10,103986.00680575205,84105.77480575205,2
S-B_minervini,2011-10-11,104038.75280575205,84105.77480575205,2
S-B_minervini,2011-10-12,104031.60080575205,84105.77480575205,2
S-B_minervini,2011-10-13,104053.57280575205,84105.77480575205,2
S-B_minervini,2011-10-14,104098.65080575206,84105.77480575205,2
S-B_minervini,2011-10-17,103974.49651975205,73715.10851975206,3
S-B_minervini,2011-10-18,104363.92251975206,73715.10851975206,3
S-B_minervini,2011-10-19,104076.24651975205,73715.10851975206,3
S-B_minervini,2011-10-20,104227.67251975206,73715.10851975206,3
S-B_minervini,2011-10-21,104411.74251975206,73715.10851975206,3
S-B_minervini,2011-10-24,104660.44579482757,68364.76079482757,4
S-B_minervini,2011-10-25,103899.38479482758,68364.76079482757,4
S-B_minervini,2011-10-26,104704.39579482758,68364.76079482757,4
S-B_minervini,2011-10-27,105710.84379482757,68364.76079482757,4
S-B_minervini,2011-10-28,105217.39279482757,68364.76079482757,4
S-B_minervini,2011-10-31,104663.73638727084,7396.233387270853,10
S-B_minervini,2011-11-01,101161.58632504716,25950.02932504715,8
S-B_minervini,2011-11-02,102495.60132504714,25950.02932504715,8
S-B_minervini,2011-11-03,104542.15132504716,25950.02932504715,8
S-B_minervini,2011-11-04,104505.02732504715,25950.02932504715,8
S-B_minervini,2011-11-07,104413.57701142166,5069.982011421653,10
S-B_minervini,2011-11-08,105906.57501142166,5069.982011421653,10
S-B_minervini,2011-11-09,102226.56337185153,14819.82237185154,9
S-B_minervini,2011-11-10,102808.34172020711,19819.719720207107,8
S-B_minervini,2011-11-11,104841.01572020711,19819.719720207107,8
S-B_minervini,2011-11-14,104178.32421153212,5.091211532107991,10
S-B_minervini,2011-11-15,104911.3252115321,5.091211532107991,10
S-B_minervini,2011-11-16,102867.59321153212,5.091211532107991,10
S-B_minervini,2011-11-17,100052.694976388,18804.070976387986,8
S-B_minervini,2011-11-18,100864.44897638798,18804.070976387986,8
S-B_minervini,2011-11-21,100310.89397638799,18804.070976387986,8
S-B_minervini,2011-11-22,99005.46397638798,18804.070976387986,8
S-B_minervini,2011-11-23,97367.44790259359,47749.97690259359,5
S-B_minervini,2011-11-25,97045.5979025936,47749.97690259359,5
S-B_minervini,2011-11-28,98990.91790259359,47749.97690259359,5
S-B_minervini,2011-11-29,98802.0689025936,47749.97690259359,5
S-B_minervini,2011-11-30,100427.2479025936,47749.97690259359,5
S-B_minervini,2011-12-01,100025.59790259358,47749.97690259359,5
S-B_minervini,2011-12-02,99697.58290259358,47749.97690259359,5
S-B_minervini,2011-12-05,98441.48493016788,16674.187930167882,8
S-B_minervini,2011-12-06,98546.2999301679,16674.187930167882,8
S-B_minervini,2011-12-07,97796.93400502583,25898.569005025834,7
S-B_minervini,2011-12-08,96492.16800502583,25898.569005025834,7
S-B_minervini,2011-12-09,98303.16500502583,25898.569005025834,7
S-B_minervini,2011-12-12,97345.05335027006,9113.368350270066,9
S-B_minervini,2011-12-13,95978.06535027007,9113.368350270066,9
S-B_minervini,2011-12-14,96130.13030985143,14396.666309851438,9
S-B_minervini,2011-12-15,96661.08230985144,14396.666309851438,9
S-B_minervini,2011-12-16,95780.53723613161,23476.25123613161,8
S-B_minervini,2011-12-19,94957.90402754271,13749.699027542712,9
S-B_minervini,2011-12-20,96648.4320275427,13749.699027542712,9
S-B_minervini,2011-12-21,96222.49802754271,13749.699027542712,9
S-B_minervini,2011-12-22,96144.83202754271,13749.699027542712,9
S-B_minervini,2011-12-23,96584.3110275427,13749.699027542712,9
S-B_minervini,2011-12-27,97533.6948017427,4104.637801742714,10
S-B_minervini,2011-12-28,96139.12780174272,4104.637801742714,10
S-B_minervini,2011-12-29,96933.12280174273,4104.637801742714,10
S-B_minervini,2011-12-30,96175.41580174273,4104.637801742714,10
S-B_minervini,2012-01-03,95845.23297531116,13825.904975311163,9
S-B_minervini,2012-01-04,94965.49535812522,23050.412358125228,8
S-B_minervini,2012-01-05,95559.52935812523,23050.412358125228,8
S-B_minervini,2012-01-06,95579.74735812523,23050.412358125228,8
S-B_minervini,2012-01-09,95511.16978546524,4761.2287854652295,10
S-B_minervini,2012-01-10,95862.01678546522,4761.2287854652295,10
S-B_minervini,2012-01-11,95502.11078546522,4761.2287854652295,10
S-B_minervini,2012-01-12,95644.17530496523,10668.296304965228,9
S-B_minervini,2012-01-13,95386.48430496524,10668.296304965228,9
S-B_minervini,2012-01-17,95251.18949206523,1133.8584920652283,10
S-B_minervini,2012-01-18,95488.77549206524,1133.8584920652283,10
S-B_minervini,2012-01-19,94828.00549206522,1133.8584920652283,10
S-B_minervini,2012-01-20,93982.84104299822,9961.04604299822,9
S-B_minervini,2012-01-23,94215.40522269822,568.1422226982195,10
S-B_minervini,2012-01-24,93955.35722269822,568.1422226982195,10
S-B_minervini,2012-01-25,94157.26022269821,568.1422226982195,10
S-B_minervini,2012-01-26,94376.64722269822,568.1422226982195,10
S-B_minervini,2012-01-27,95120.98522269822,568.1422226982195,10
S-B_minervini,2012-01-30,94429.45122269823,568.1422226982195,10
S-B_minervini,2012-01-31,94558.52922269823,568.1422226982195,10
S-B_minervini,2012-02-01,95706.39722269824,568.1422226982195,10
S-B_minervini,2012-02-02,95693.02322269823,568.1422226982195,10
S-B_minervini,2012-02-03,96490.84622269821,568.1422226982195,10
S-B_minervini,2012-02-06,97111.31522269822,568.1422226982195,10
S-B_minervini,2012-02-07,97142.67222269824,568.1422226982195,10
S-B_minervini,2012-02-08,96347.18122269821,568.1422226982195,10
S-B_minervini,2012-02-09,96509.08622269823,568.1422226982195,10
S-B_minervini,2012-02-10,95892.53422269822,568.1422226982195,10
S-B_minervini,2012-02-13,97184.19922269823,568.1422226982195,10
S-B_minervini,2012-02-14,96313.68122269821,568.1422226982195,10
S-B_minervini,2012-02-15,96176.17722269823,568.1422226982195,10
S-B_minervini,2012-02-16,97170.08122269824,568.1422226982195,10
S-B_minervini,2012-02-17,96381.41222269823,568.1422226982195,10
S-B_minervini,2012-02-21,96346.58655980641,9264.294559806416,9
S-B_minervini,2012-02-22,96501.64455980642,9264.294559806416,9
S-B_minervini,2012-02-23,97364.91974994924,14238.14674994925,9
S-B_minervini,2012-02-24,97449.56174994924,14238.14674994925,9
S-B_minervini,2012-02-27,97389.49283675401,4616.583836754009,10
S-B_minervini,2012-02-28,96557.28683675402,4616.583836754009,10
S-B_minervini,2012-02-29,96685.97733726639,22446.63733726639,9
S-B_minervini,2012-03-01,96669.87462831195,32113.68962831195,8
S-B_minervini,2012-03-02,96407.07062831195,32113.68962831195,8
S-B_minervini,2012-03-05,96709.91587322869,13421.65487322871,10
S-B_minervini,2012-03-06,95368.76787322869,13421.65487322871,10
S-B_minervini,2012-03-07,95477.39691674872,18495.01291674871,9
S-B_minervini,2012-03-08,95841.6029167487,18495.01291674871,9
S-B_minervini,2012-03-09,96628.62391674871,18495.01291674871,9
S-B_minervini,2012-03-12,96580.73205451705,8835.273054517053,10
S-B_minervini,2012-03-13,98158.15905451705,8835.273054517053,10
S-B_minervini,2012-03-14,97801.78205451705,8835.273054517053,10
S-B_minervini,2012-03-15,98014.24905451706,8835.273054517053,10
S-B_minervini,2012-03-16,97813.08405451705,8835.273054517053,10
S-B_minervini,2012-03-19,97817.54305451705,8835.273054517053,10
S-B_minervini,2012-03-20,97588.72405451705,8835.273054517053,10
S-B_minervini,2012-03-21,97917.06605451705,8835.273054517053,10
S-B_minervini,2012-03-22,98887.07383619164,14314.072836191639,10
S-B_minervini,2012-03-23,98857.15683619164,14314.072836191639,10
S-B_minervini,2012-03-26,99792.23683619163,14314.072836191639,10
S-B_minervini,2012-03-27,99189.25483619164,14314.072836191639,10
S-B_minervini,2012-03-28,98843.60383619163,14314.072836191639,10
S-B_minervini,2012-03-29,98688.89183619164,14314.072836191639,10
S-B_minervini,2012-03-30,98947.50783619162,14314.072836191639,10
S-B_minervini,2012-04-02,100212.50883619164,14314.072836191639,10
S-B_minervini,2012-04-03,100289.61883619164,14314.072836191639,10
S-B_minervini,2012-04-04,98761.17682385477,22771.646823854775,9
S-B_minervini,2012-04-05,98880.22382385479,22771.646823854775,9
S-B_minervini,2012-04-09,98086.77380165437,13162.247801654355,10
S-B_minervini,2012-04-10,95789.05680165435,13162.247801654355,10
S-B_minervini,2012-04-11,96601.51893007546,22250.421930075456,8
S-B_minervini,2012-04-12,96731.68193007546,22250.421930075456,8
S-B_minervini,2012-04-13,96238.85993007547,22250.421930075456,8
S-B_minervini,2012-04-16,95705.08293382781,3081.5219338277984,10
S-B_minervini,2012-04-17,96504.6299338278,3081.5219338277984,10
S-B_minervini,2012-04-18,96734.55093382779,3081.5219338277984,10
S-B_minervini,2012-04-19,96746.0489338278,3081.5219338277984,10
S-B_minervini,2012-04-20,97265.9259338278,3081.5219338277984,10
S-B_minervini,2012-04-23,96435.8549338278,3081.5219338277984,10
S-B_minervini,2012-04-24,94800.36618425923,11978.110184259223,9
S-B_minervini,2012-04-25,95840.82844771924,17151.208447719222,8
S-B_minervini,2012-04-26,96323.76844771922,17151.208447719222,8
S-B_minervini,2012-04-27,96328.31544771923,17151.208447719222,8
S-B_minervini,2012-04-30,95785.22068764534,29.659687645343183,10
S-B_minervini,2012-05-01,96794.43868764534,29.659687645343183,10
S-B_minervini,2012-05-02,97176.09468764535,29.659687645343183,10
S-B_minervini,2012-05-03,96347.99268764534,29.659687645343183,10
S-B_minervini,2012-05-04,94621.21492733585,8554.05592733586,9
S-B_minervini,2012-05-07,94262.35557946801,15.09557946802488,10
S-B_minervini,2012-05-08,93790.62451518035,17735.870515180344,8
S-B_minervini,2012-05-09,93139.96951518036,17735.870515180344,8
S-B_minervini,2012-05-10,93589.20051518033,17735.870515180344,8
S-B_minervini,2012-05-11,93339.68351518034,17735.870515180344,8
S-B_minervini,2012-05-14,93137.63925019183,3.7482501918257185,10
S-B_minervini,2012-05-15,92900.67735775188,7909.301357751852,9
S-B_minervini,2012-05-16,92894.19435775187,7909.301357751852,9
S-B_minervini,2012-05-17,90937.39174836883,17022.103748368834,8
S-B_minervini,2012-05-18,90090.12152391861,24349.205523918616,7
S-B_minervini,2012-05-21,91305.3545239186,24349.205523918616,7
S-B_minervini,2012-05-22,91235.75252391862,24349.205523918616,7
S-B_minervini,2012-05-23,91115.06652391862,24349.205523918616,7
S-B_minervini,2012-05-24,90719.84152391861,24349.205523918616,7
S-B_minervini,2012-05-25,90263.31281622141,33249.993816221424,6
S-B_minervini,2012-05-29,90741.47781622142,33249.993816221424,6
S-B_minervini,2012-05-30,90095.26481622143,33249.993816221424,6
S-B_minervini,2012-05-31,90005.09581622142,33249.993816221424,6
S-B_minervini,2012-06-01,88911.67581622142,33249.993816221424,6
S-B_minervini,2012-06-04,88611.00781622142,33249.993816221424,6
S-B_minervini,2012-06-05,89092.77833189578,41037.98233189578,5
S-B_minervini,2012-06-06,89891.59933189578,41037.98233189578,5
S-B_minervini,2012-06-07,89658.72333189577,41037.98233189578,5
S-B_minervini,2012-06-08,90082.26833189579,41037.98233189578,5
S-B_minervini,2012-06-11,89212.36333189579,41037.98233189578,5
S-B_minervini,2012-06-12,89579.73233189578,41037.98233189578,5
S-B_minervini,2012-06-13,88762.6263318958,41037.98233189578,5
S-B_minervini,2012-06-14,88953.49333189578,41037.98233189578,5
S-B_minervini,2012-06-15,88960.34233189578,41037.98233189578,5
S-B_minervini,2012-06-18,89393.44233189579,41037.98233189578,5
S-B_minervini,2012-06-19,89901.70933189578,41037.98233189578,5
S-B_minervini,2012-06-20,89783.45133189578,41037.98233189578,5
S-B_minervini,2012-06-21,89134.32933189577,41037.98233189578,5
S-B_minervini,2012-06-22,89425.05633189579,41037.98233189578,5
S-B_minervini,2012-06-25,88864.67333202242,40989.27833202241,5
S-B_minervini,2012-06-26,88984.00633202241,40989.27833202241,5
S-B_minervini,2012-06-27,89747.2693320224,40989.27833202241,5
S-B_minervini,2012-06-28,88921.98977702242,51530.281777022414,4
S-B_minervini,2012-06-29,90002.2117770224,51530.281777022414,4
S-B_minervini,2012-07-02,91427.83194921707,15577.610949217058,8
S-B_minervini,2012-07-03,91981.1626151921,20869.4906151921,8
S-B_minervini,2012-07-05,91563.6446151921,20869.4906151921,8
S-B_minervini,2012-07-06,90677.28361519211,20869.4906151921,8
S-B_minervini,2012-07-09,90697.86654029627,11861.673540296259,9
S-B_minervini,2012-07-10,89894.05154029626,11861.673540296259,9
S-B_minervini,2012-07-11,89760.26954029626,11861.673540296259,9
S-B_minervini,2012-07-12,90047.18154029627,11861.673540296259,9
S-B_minervini,2012-07-13,91351.64996204051,17111.950962040515,9
S-B_minervini,2012-07-16,91699.37692201095,7983.487922010952,10
S-B_minervini,2012-07-17,92404.11892201095,7983.487922010952,10
S-B_minervini,2012-07-18,92496.46292201096,7983.487922010952,10
S-B_minervini,2012-07-19,91993.54192201096,7983.487922010952,10
S-B_minervini,2012-07-20,90684.27873401096,15779.871734010954,9
S-B_minervini,2012-07-23,89536.58766565546,15029.883665655447,9
S-B_minervini,2012-07-24,89314.28466565545,15029.883665655447,9
S-B_minervini,2012-07-25,89439.02766565545,15029.883665655447,9
S-B_minervini,2012-07-26,90601.89766565544,15029.883665655447,9
S-B_minervini,2012-07-27,91914.28666565545,15029.883665655447,9
S-B_minervini,2012-07-30,91327.12228211426,5860.070282114262,10
S-B_minervini,2012-07-31,91311.32128211425,5860.070282114262,10
S-B_minervini,2012-08-01,90196.52528211428,5860.070282114262,10
S-B_minervini,2012-08-02,90132.82328211427,5860.070282114262,10
S-B_minervini,2012-08-03,91918.51028211426,5860.070282114262,10
S-B_minervini,2012-08-06,92269.87128211427,5860.070282114262,10
S-B_minervini,2012-08-07,92294.83028211427,5860.070282114262,10
S-B_minervini,2012-08-08,92049.74228211427,5860.070282114262,10
S-B_minervini,2012-08-09,92033.88228211427,5860.070282114262,10
S-B_minervini,2012-08-10,92168.78728211427,5860.070282114262,10
S-B_minervini,2012-08-13,91815.69342797091,2102.415427970909,10
S-B_minervini,2012-08-14,92051.7504279709,2102.415427970909,10
S-B_minervini,2012-08-15,92881.0674279709,2102.415427970909,10
S-B_minervini,2012-08-16,92896.65542797091,2102.415427970909,10
S-B_minervini,2012-08-17,93433.0104279709,2102.415427970909,10
S-B_minervini,2012-08-20,93609.0274279709,2102.415427970909,10
S-B_minervini,2012-08-21,93507.27442797089,2102.415427970909,10
S-B_minervini,2012-08-22,93238.08142797092,2102.415427970909,10
S-B_minervini,2012-08-23,92296.85042797089,2102.415427970909,10
S-B_minervini,2012-08-24,92528.1972407516,7583.629240751614,10
S-B_minervini,2012-08-27,92937.73124075161,7583.629240751614,10
S-B_minervini,2012-08-28,93157.60924075161,7583.629240751614,10
S-B_minervini,2012-08-29,93436.2400265683,12690.9420265683,10
S-B_minervini,2012-08-30,92693.02702656829,12690.9420265683,10
S-B_minervini,2012-08-31,92902.0930265683,12690.9420265683,10
S-B_minervini,2012-09-04,93806.61802656829,12690.9420265683,10
S-B_minervini,2012-09-05,93401.2360265683,12690.9420265683,10
S-B_minervini,2012-09-06,94859.3250265683,12690.9420265683,10
S-B_minervini,2012-09-07,95111.12902656829,12690.9420265683,10
S-B_minervini,2012-09-10,95591.2680265683,12690.9420265683,10
S-B_minervini,2012-09-11,95103.6190265683,12690.9420265683,10
S-B_minervini,2012-09-12,95356.6630265683,12690.9420265683,10
S-B_minervini,2012-09-13,96056.9410265683,12690.9420265683,10
S-B_minervini,2012-09-14,96199.78002656829,12690.9420265683,10
S-B_minervini,2012-09-17,95606.92102656829,12690.9420265683,10
S-B_minervini,2012-09-18,95252.05944010075,21180.552440100757,9
S-B_minervini,2012-09-19,95322.06505732509,26348.54505732508,9
S-B_minervini,2012-09-20,95142.06205732509,26348.54505732508,9
S-B_minervini,2012-09-21,95083.49005732508,26348.54505732508,9
S-B_minervini,2012-09-24,94205.31381205708,12410.830812057091,10
S-B_minervini,2012-09-25,93871.34881205708,12410.830812057091,10
S-B_minervini,2012-09-26,93342.01781205709,12410.830812057091,10
S-B_minervini,2012-09-27,94666.01981205709,12410.830812057091,10
S-B_minervini,2012-09-28,94386.92081205708,12410.830812057091,10
S-B_minervini,2012-10-01,95059.23481205708,12410.830812057091,10
S-B_minervini,2012-10-02,95352.0878120571,12410.830812057091,10
S-B_minervini,2012-10-03,95367.24681205708,12410.830812057091,10
S-B_minervini,2012-10-04,95653.42381205708,12410.830812057091,10
S-B_minervini,2012-10-05,95925.9931782971,18245.384178297092,9
S-B_minervini,2012-10-08,95241.32192832725,8705.471928327244,10
S-B_minervini,2012-10-09,94834.79498819848,14182.307988198474,9
S-B_minervini,2012-10-10,95397.36464430904,19566.576644309047,9
S-B_minervini,2012-10-11,95516.82164430906,19566.576644309047,9
S-B_minervini,2012-10-12,95728.36664430905,19566.576644309047,9
S-B_minervini,2012-10-15,96496.41064430904,19566.576644309047,9
S-B_minervini,2012-10-16,97715.70421226606,24660.77721226607,9
S-B_minervini,2012-10-17,97451.78821226607,24660.77721226607,9
S-B_minervini,2012-10-18,97054.47488771382,29348.38188771382,8
S-B_minervini,2012-10-19,96034.37688771382,29348.38188771382,8
S-B_minervini,2012-10-22,96416.75951525521,10163.967515255192,10
S-B_minervini,2012-10-23,95465.9005152552,10163.967515255192,10
S-B_minervini,2012-10-24,95011.22125526617,19060.978255266185,9
S-B_minervini,2012-10-25,94974.48774558128,27906.515745581277,8
S-B_minervini,2012-10-26,95258.35924908127,33249.16424908128,7
S-B_minervini,2012-10-31,95525.6262115454,23726.2022115454,8
S-B_minervini,2012-11-01,94774.16021679108,32499.866216791073,7
S-B_minervini,2012-11-02,93889.06621679108,32499.866216791073,7
S-B_minervini,2012-11-05,94808.51393679107,23155.250936791075,8
S-B_minervini,2012-11-06,95648.24793679107,23155.250936791075,8
S-B_minervini,2012-11-07,94230.00793679108,23155.250936791075,8
S-B_minervini,2012-11-08,93350.44493679109,23155.250936791075,8
S-B_minervini,2012-11-09,92624.04096189403,28310.72696189402,7
S-B_minervini,2012-11-12,92405.93259059142,19066.433590591405,8
S-B_minervini,2012-11-13,91468.57619026658,27460.41719026659,7
S-B_minervini,2012-11-14,89847.78568325017,36338.108683250175,6
S-B_minervini,2012-11-15,89819.97088913238,53417.36788913239,4
S-B_minervini,2012-11-16,90023.69388913238,53417.36788913239,4
S-B_minervini,2012-11-19,90955.46788913239,53417.36788913239,4
S-B_minervini,2012-11-20,91072.01288913238,53417.36788913239,4
S-B_minervini,2012-11-21,91374.10588913239,53417.36788913239,4
S-B_minervini,2012-11-23,91734.2928891324,53417.36788913239,4
S-B_minervini,2012-11-26,92120.97188913239,53417.36788913239,4
S-B_minervini,2012-11-27,91784.96488913239,53417.36788913239,4
S-B_minervini,2012-11-28,92189.98088913239,53417.36788913239,4
S-B_minervini,2012-11-29,92404.7578891324,53417.36788913239,4
S-B_minervini,2012-11-30,92183.9368891324,53417.36788913239,4
S-B_minervini,2012-12-03,92039.09587649906,25806.73887649906,7
S-B_minervini,2012-12-04,92118.47987649906,25806.73887649906,7
S-B_minervini,2012-12-05,91813.08887649907,25806.73887649906,7
S-B_minervini,2012-12-06,91874.43187649906,25806.73887649906,7
S-B_minervini,2012-12-07,91786.36687649907,25806.73887649906,7
S-B_minervini,2012-12-10,91961.85887649906,25806.73887649906,7
S-B_minervini,2012-12-11,92224.53887649906,25806.73887649906,7
S-B_minervini,2012-12-12,91920.62987649906,25806.73887649906,7
S-B_minervini,2012-12-13,91729.73687649905,25806.73887649906,7
S-B_minervini,2012-12-14,91662.76787649907,25806.73887649906,7
S-B_minervini,2012-12-17,92080.55453125434,16669.346531254327,8
S-B_minervini,2012-12-18,92900.27253125433,16669.346531254327,8
S-B_minervini,2012-12-19,92394.95353125432,16669.346531254327,8
S-B_minervini,2012-12-20,92577.62053125433,16669.346531254327,8
S-B_minervini,2012-12-21,91854.92053125433,16669.346531254327,8
S-B_minervini,2012-12-24,91336.90483799971,16110.0128379997,8
S-B_minervini,2012-12-26,90570.88883799971,16110.0128379997,8
S-B_minervini,2012-12-27,90347.89983799969,16110.0128379997,8
S-B_minervini,2012-12-28,89622.15183799971,16110.0128379997,8
S-B_minervini,2012-12-31,90988.0450218144,15690.685021814395,8
S-B_minervini,2013-01-02,92966.36094303537,20797.998943035367,8
S-B_minervini,2013-01-03,92380.18894303538,20797.998943035367,8
S-B_minervini,2013-01-04,92358.71194303536,20797.998943035367,8
S-B_minervini,2013-01-07,91528.92053986133,10812.814539861309,9
S-B_minervini,2013-01-08,91704.7385398613,10812.814539861309,9
S-B_minervini,2013-01-09,92448.01053986132,10812.814539861309,9
S-B_minervini,2013-01-10,92502.81053986133,10812.814539861309,9
S-B_minervini,2013-01-11,92628.18153986131,10812.814539861309,9
S-B_minervini,2013-01-14,93063.39516226132,1616.8501622613094,10
S-B_minervini,2013-01-15,93464.32016226131,1616.8501622613094,10
S-B_minervini,2013-01-16,92783.80816226131,1616.8501622613094,10
S-B_minervini,2013-01-17,93389.83878542931,6566.104785429309,9
S-B_minervini,2013-01-18,93526.88378542932,6566.104785429309,9
S-B_minervini,2013-01-22,94293.2349933126,5243.186993312582,10
S-B_minervini,2013-01-23,94498.24044545894,10299.061445458934,10
S-B_minervini,2013-01-24,94162.09444545895,10299.061445458934,10
S-B_minervini,2013-01-25,94922.56444545893,10299.061445458934,10
S-B_minervini,2013-01-28,94865.88944545893,10299.061445458934,10
S-B_minervini,2013-01-29,95282.44944545894,10299.061445458934,10
S-B_minervini,2013-01-30,94172.61144545894,10299.061445458934,10
S-B_minervini,2013-01-31,94598.57476559811,16379.66176559811,9
S-B_minervini,2013-02-01,95335.51010373217,21618.15710373217,9
S-B_minervini,2013-02-04,93778.32733013216,12091.466330132173,10
S-B_minervini,2013-02-05,94525.19733013217,12091.466330132173,10
S-B_minervini,2013-02-06,94959.20033013217,12091.466330132173,10
S-B_minervini,2013-02-07,94447.1435054928,20911.481505492793,9
S-B_minervini,2013-02-08,94820.82450549278,20911.481505492793,9
S-B_minervini,2013-02-11,94977.2194022428,11457.183402242794,10
S-B_minervini,2013-02-12,95261.37340224278,11457.183402242794,10
S-B_minervini,2013-02-13,95923.1751433428,21135.654143342792,9
S-B_minervini,2013-02-14,96654.56939050733,26323.755390507336,9
S-B_minervini,2013-02-15,96637.34031293637,31727.455312936378,9
S-B_minervini,2013-02-19,97534.79742121324,27481.91342121325,10
S-B_minervini,2013-02-20,96724.95442121325,27481.91342121325,10
S-B_minervini,2013-02-21,96098.89070850235,37345.91770850234,8
S-B_minervini,2013-02-22,96408.7100040275,42454.8940040275,7
S-B_minervini,2013-02-25,94945.42907739023,13782.229077390239,10
S-B_minervini,2013-02-26,95417.53907739023,13782.229077390239,10
S-B_minervini,2013-02-27,96042.94907739024,13782.229077390239,10
S-B_minervini,2013-02-28,96832.62507739024,13782.229077390239,10
S-B_minervini,2013-03-01,97418.05007739023,13782.229077390239,10
S-B_minervini,2013-03-04,98207.45107739024,13782.229077390239,10
S-B_minervini,2013-03-05,99656.16207739024,13782.229077390239,10
S-B_minervini,2013-03-06,99904.99884010499,18995.267840105,10
S-B_minervini,2013-03-07,99641.715840105,18995.267840105,10
S-B_minervini,2013-03-08,99899.921840105,18995.267840105,10
S-B_minervini,2013-03-11,100009.53184010499,18995.267840105,10
S-B_minervini,2013-03-12,99424.25584010498,18995.267840105,10
S-B_minervini,2013-03-13,99948.51084010501,18995.267840105,10
S-B_minervini,2013-03-14,100190.26784010499,18995.267840105,10
S-B_minervini,2013-03-15,99444.82787463069,27292.219874630682,9
S-B_minervini,2013-03-18,99286.9349526307,17350.365952630684,10
S-B_minervini,2013-03-19,98295.9069526307,17350.365952630684,10
S-B_minervini,2013-03-20,99145.18495263069,17350.365952630684,10
S-B_minervini,2013-03-21,97211.27119473202,34771.24719473202,8
S-B_minervini,2013-03-22,97596.00519473202,34771.24719473202,8
S-B_minervini,2013-03-25,97116.9607144003,15274.383714400286,10
S-B_minervini,2013-03-26,97552.66471440029,15274.383714400286,10
S-B_minervini,2013-03-27,97616.77167668694,20985.76067668694,9
S-B_minervini,2013-03-28,98587.88467668694,20985.76067668694,9
S-B_minervini,2013-04-01,97651.99638543694,11134.87838543694,10
S-B_minervini,2013-04-02,97601.07444020796,25585.94844020797,8
S-B_minervini,2013-04-03,96152.54120184091,34524.6612018409,7
S-B_minervini,2013-04-04,96235.1863319667,40179.168331966706,6
S-B_minervini,2013-04-05,96200.9373319667,40179.168331966706,6
S-B_minervini,2013-04-08,96729.7806421361,30560.03664213611,7
S-B_minervini,2013-04-09,96366.9826421361,30560.03664213611,7
S-B_minervini,2013-04-10,96854.35264213612,30560.03664213611,7
S-B_minervini,2013-04-11,96596.88964213611,30560.03664213611,7
S-B_minervini,2013-04-12,96875.78364213611,30560.03664213611,7
S-B_minervini,2013-04-15,96158.98984254924,7303.393842549241,10
S-B_minervini,2013-04-16,97797.13784254921,7303.393842549241,10
S-B_minervini,2013-04-17,98181.08673863344,28901.688738633457,8
S-B_minervini,2013-04-18,97494.36973863345,28901.688738633457,8
S-B_minervini,2013-04-19,99019.98373863347,28901.688738633457,8
S-B_minervini,2013-04-22,100117.71658961759,19010.950589617594,9
S-B_minervini,2013-04-23,100634.45540406584,24468.667404065833,9
S-B_minervini,2013-04-24,100116.87740406583,24468.667404065833,9
S-B_minervini,2013-04-25,100938.17340406583,24468.667404065833,9
S-B_minervini,2013-04-26,100321.38540406583,24468.667404065833,9
S-B_minervini,2013-04-29,100426.30495086583,14444.399950865833,10
S-B_minervini,2013-04-30,100311.25295086582,14444.399950865833,10
S-B_minervini,2013-05-01,99975.39915277954,34208.67215277955,8
S-B_minervini,2013-05-02,99870.95515277956,34208.67215277955,8
S-B_minervini,2013-05-03,100780.39915277957,34208.67215277955,8
S-B_minervini,2013-05-06,101181.02223785955,14093.582237859555,10
S-B_minervini,2013-05-07,101835.53423785954,14093.582237859555,10
S-B_minervini,2013-05-08,101229.75217905527,23416.17717905529,9
S-B_minervini,2013-05-09,100429.86617905529,23416.17717905529,9
S-B_minervini,2013-05-10,101468.75817905528,23416.17717905529,9
S-B_minervini,2013-05-13,101998.87218784781,18992.905187847817,10
S-B_minervini,2013-05-14,102900.84918784781,18992.905187847817,10
S-B_minervini,2013-05-15,102912.10118784782,18992.905187847817,10
S-B_minervini,2013-05-16,101851.50118784783,18992.905187847817,10
S-B_minervini,2013-05-17,102915.17218784781,18992.905187847817,10
S-B_minervini,2013-05-20,103024.48118784782,18992.905187847817,10
S-B_minervini,2013-05-21,103515.77018784783,18992.905187847817,10
S-B_minervini,2013-05-22,102467.75518784783,18992.905187847817,10
S-B_minervini,2013-05-23,103197.73818784782,18992.905187847817,10
S-B_minervini,2013-05-24,102659.47018784781,18992.905187847817,10
S-B_minervini,2013-05-28,103295.86318784782,18992.905187847817,10
S-B_minervini,2013-05-29,102570.40918784784,18992.905187847817,10
S-B_minervini,2013-05-30,103163.63218784782,18992.905187847817,10
S-B_minervini,2013-05-31,102404.43556899343,24484.271568993427,10
S-B_minervini,2013-06-03,102140.17853883172,20314.19853883171,10
S-B_minervini,2013-06-04,102270.2266780717,25922.20567807171,9
S-B_minervini,2013-06-05,101098.4676780717,25922.20567807171,9
S-B_minervini,2013-06-06,102628.1576780717,25922.20567807171,9
S-B_minervini,2013-06-07,101710.96580685703,40944.89880685703,7
S-B_minervini,2013-06-10,101879.72542152886,20622.86242152885,9
S-B_minervini,2013-06-11,101915.01942152885,20622.86242152885,9
S-B_minervini,2013-06-12,102234.06842152885,20622.86242152885,9
S-B_minervini,2013-06-13,102652.70042152883,20622.86242152885,9
S-B_minervini,2013-06-14,102288.24542152885,20622.86242152885,9
S-B_minervini,2013-06-17,103970.24043972883,10402.470439728851,10
S-B_minervini,2013-06-18,105141.24797898627,25338.915978986268,9
S-B_minervini,2013-06-19,104588.25297898627,25338.915978986268,9
S-B_minervini,2013-06-20,102339.34269090625,30879.737690906266,8
S-B_minervini,2013-06-21,102603.26669090625,30879.737690906266,8
S-B_minervini,2013-06-24,101736.3056439618,28928.600643961792,8
S-B_minervini,2013-06-25,103311.1766439618,28928.600643961792,8
S-B_minervini,2013-06-26,104476.96450677986,34728.049506779855,8
S-B_minervini,2013-06-27,104784.60926039229,40529.195260392284,8
S-B_minervini,2013-06-28,104461.90926039228,40529.195260392284,8
S-B_minervini,2013-07-01,105738.73286039228,30108.38486039228,9
S-B_minervini,2013-07-02,105534.95663932076,40842.61863932076,9
S-B_minervini,2013-07-03,105755.33963932075,40842.61863932076,9
S-B_minervini,2013-07-05,106670.68463932077,40842.61863932076,9
S-B_minervini,2013-07-08,107214.84608432076,30183.41508432076,10
S-B_minervini,2013-07-09,107721.67808432075,30183.41508432076,10
S-B_minervini,2013-07-10,107483.65508432077,30183.41508432076,10
S-B_minervini,2013-07-11,107862.12008432076,30183.41508432076,10
S-B_minervini,2013-07-12,107960.73008432075,30183.41508432076,10
S-B_minervini,2013-07-15,108524.05308432077,30183.41508432076,10
S-B_minervini,2013-07-16,107803.23508432077,30183.41508432076,10
S-B_minervini,2013-07-17,108013.00268727075,35657.38268727076,9
S-B_minervini,2013-07-18,107778.79294418142,41423.28094418142,9
S-B_minervini,2013-07-19,107454.49094418141,41423.28094418142,9
S-B_minervini,2013-07-22,107453.67568811084,30681.21268811084,10
S-B_minervini,2013-07-23,108080.20568811083,30681.21268811084,10
S-B_minervini,2013-07-24,107797.12368811085,30681.21268811084,10
S-B_minervini,2013-07-25,109302.74337230335,41717.22037230334,8
S-B_minervini,2013-07-26,108465.41837230333,41717.22037230334,8
S-B_minervini,2013-07-29,106926.67519839863,29850.691198398636,9
S-B_minervini,2013-07-30,107100.29319839865,29850.691198398636,9
S-B_minervini,2013-07-31,107704.91217284737,41350.60817284736,8
S-B_minervini,2013-08-01,108592.19650716736,47312.98550716736,7
S-B_minervini,2013-08-02,108654.91750716735,47312.98550716736,7
S-B_minervini,2013-08-05,109076.3768584643,14727.908858464287,10
S-B_minervini,2013-08-06,107563.93935215582,24785.623352155817,9
S-B_minervini,2013-08-07,106893.1043521558,24785.623352155817,9
S-B_minervini,2013-08-08,108516.66435215581,24785.623352155817,9
S-B_minervini,2013-08-09,107795.03434803287,34023.578348032876,8
S-B_minervini,2013-08-12,108551.62555455288,12487.750554552875,10
S-B_minervini,2013-08-13,108793.96937781444,18136.909377814438,9
S-B_minervini,2013-08-14,107252.06243709594,23884.15543709593,8
S-B_minervini,2013-08-15,105405.37843709593,23884.15543709593,8
S-B_minervini,2013-08-16,105717.41897464593,29906.039974645933,7
S-B_minervini,2013-08-19,105872.71518125618,3.47718125618303,10
S-B_minervini,2013-08-20,107918.52618125618,3.47718125618303,10
S-B_minervini,2013-08-21,107684.21518125618,3.47718125618303,10
S-B_minervini,2013-08-22,108858.31418125618,3.47718125618303,10
S-B_minervini,2013-08-23,109633.59818125617,3.47718125618303,10
S-B_minervini,2013-08-26,109441.27081035457,11119.13481035457,10
S-B_minervini,2013-08-27,106673.19520877243,20917.50120877244,9
S-B_minervini,2013-08-28,106233.75920877245,20917.50120877244,9
S-B_minervini,2013-08-29,107621.65420877244,20917.50120877244,9
S-B_minervini,2013-08-30,106476.54820877244,20917.50120877244,9
S-B_minervini,2013-09-03,107700.78101189923,20183.39301189923,9
S-B_minervini,2013-09-04,108500.15201189923,20183.39301189923,9
S-B_minervini,2013-09-05,109811.48666886511,26231.8406688651,9
S-B_minervini,2013-09-06,108779.0346688651,26231.8406688651,9
S-B_minervini,2013-09-09,110761.81255181505,15377.634551815032,10
S-B_minervini,2013-09-10,110314.34955181504,15377.634551815032,10
S-B_minervini,2013-09-11,110169.20355181504,15377.634551815032,10
S-B_minervini,2013-09-12,110671.12939232038,21346.476392320368,10
S-B_minervini,2013-09-13,111571.57239232038,21346.476392320368,10
S-B_minervini,2013-09-16,111486.24839232037,21346.476392320368,10
S-B_minervini,2013-09-17,112298.28139232038,21346.476392320368,10
S-B_minervini,2013-09-18,111904.43539232039,21346.476392320368,10
S-B_minervini,2013-09-19,111910.09839232037,21346.476392320368,10
S-B_minervini,2013-09-20,110874.81539232038,21346.476392320368,10
S-B_minervini,2013-09-23,109616.81566626405,40664.10866626406,8
S-B_minervini,2013-09-24,109901.75566626407,40664.10866626406,8
S-B_minervini,2013-09-25,110848.03066626407,40664.10866626406,8
S-B_minervini,2013-09-26,110880.31166626405,40664.10866626406,8
S-B_minervini,2013-09-27,110589.73566626405,40664.10866626406,8
S-B_minervini,2013-09-30,110823.53670439258,25187.08370439259,10
S-B_minervini,2013-10-01,113136.22670439258,25187.08370439259,10
S-B_minervini,2013-10-02,113353.86370439258,25187.08370439259,10
S-B_minervini,2013-10-03,112327.15570439259,25187.08370439259,10
S-B_minervini,2013-10-04,113805.85670525001,36816.65170525002,9
S-B_minervini,2013-10-07,112248.74983480564,20144.31583480565,10
S-B_minervini,2013-10-08,108013.65244896393,61442.18444896392,6
S-B_minervini,2013-10-09,108206.44444896391,61442.18444896392,6
S-B_minervini,2013-10-10,109464.07280053392,68918.77880053392,5
S-B_minervini,2013-10-11,110111.81380053393,68918.77880053392,5
S-B_minervini,2013-10-14,110496.68876045675,35944.88276045675,8
S-B_minervini,2013-10-15,110287.32676045675,35944.88276045675,8
S-B_minervini,2013-10-16,111178.30876045674,35944.88276045675,8
S-B_minervini,2013-10-17,112537.18676045675,35944.88276045675,8
S-B_minervini,2013-10-18,112685.47176045674,35944.88276045675,8
S-B_minervini,2013-10-21,112041.35486070675,13423.23386070675,10
S-B_minervini,2013-10-22,112379.72420800371,30102.889208003722,9
S-B_minervini,2013-10-23,112190.2802080037,30102.889208003722,9
S-B_minervini,2013-10-24,111714.20634902814,40539.354349028144,8
S-B_minervini,2013-10-25,111690.67534902814,40539.354349028144,8
S-B_minervini,2013-10-28,111437.09818834408,18227.153188344077,10
S-B_minervini,2013-10-29,112646.8619577018,24453.81395770181,10
S-B_minervini,2013-10-30,114159.99011406416,30672.725114064153,10
S-B_minervini,2013-10-31,114198.81267227538,40741.213672275386,9
S-B_minervini,2013-11-01,114040.61467227538,40741.213672275386,9
S-B_minervini,2013-11-04,114273.42019309539,39665.969193095385,9
S-B_minervini,2013-11-05,115666.86019309539,39665.969193095385,9
S-B_minervini,2013-11-06,114440.16406485152,45839.13206485151,9
S-B_minervini,2013-11-07,112407.3420648515,45839.13206485151,9
S-B_minervini,2013-11-08,112633.80287171717,70439.29587171717,5
S-B_minervini,2013-11-11,112653.44897558133,59176.617975581335,6
S-B_minervini,2013-11-12,112706.89618049894,69500.42218049894,5
S-B_minervini,2013-11-13,113649.40518049893,69500.42218049894,5
S-B_minervini,2013-11-14,113140.61518049893,69500.42218049894,5
S-B_minervini,2013-11-15,113370.89318049894,69500.42218049894,5
S-B_minervini,2013-11-18,114092.39666893258,31404.469668932572,9
S-B_minervini,2013-11-19,114351.41066893257,31404.469668932572,9
S-B_minervini,2013-11-20,113564.96566893256,31404.469668932572,9
S-B_minervini,2013-11-21,116350.76171975856,44434.435719758556,8
S-B_minervini,2013-11-22,117460.98871975855,44434.435719758556,8
S-B_minervini,2013-11-25,119120.61434259075,20964.34234259075,10
S-B_minervini,2013-11-26,119800.21134259074,20964.34234259075,10
S-B_minervini,2013-11-27,120702.72734259076,20964.34234259075,10
S-B_minervini,2013-11-29,121080.40034259074,20964.34234259075,10
S-B_minervini,2013-12-02,121107.50634259076,20964.34234259075,10
S-B_minervini,2013-12-03,119704.95134259075,20964.34234259075,10
S-B_minervini,2013-12-04,120111.14134259074,20964.34234259075,10
S-B_minervini,2013-12-05,119852.99634259076,20964.34234259075,10
S-B_minervini,2013-12-06,119927.21200683308,27418.178006833077,9
S-B_minervini,2013-12-09,120095.3304140031,15461.470414003077,10
S-B_minervini,2013-12-10,120017.69641400308,15461.470414003077,10
S-B_minervini,2013-12-11,118041.14841400308,15461.470414003077,10
S-B_minervini,2013-12-12,117910.65659720308,22103.43859720308,9
S-B_minervini,2013-12-13,118520.8285972031,22103.43859720308,9
S-B_minervini,2013-12-16,118741.78410391868,21227.316103918674,9
S-B_minervini,2013-12-17,117430.35410391868,21227.316103918674,9
S-B_minervini,2013-12-18,118803.76410391869,21227.316103918674,9
S-B_minervini,2013-12-19,118640.06741337848,27882.307413378483,8
S-B_minervini,2013-12-20,119210.44141337849,27882.307413378483,8
S-B_minervini,2013-12-23,119817.7562555055,4214.556255505509,10
S-B_minervini,2013-12-24,119801.66225550551,4214.556255505509,10
S-B_minervini,2013-12-26,121053.46625550551,4214.556255505509,10
S-B_minervini,2013-12-27,120004.12425550552,4214.556255505509,10
S-B_minervini,2013-12-30,119428.5722555055,4214.556255505509,10
S-B_minervini,2013-12-31,121048.35625550551,4214.556255505509,10
S-B_minervini,2014-01-02,120012.20425550552,4214.556255505509,10
S-B_minervini,2014-01-03,120558.0442555055,4214.556255505509,10
S-B_minervini,2014-01-06,120548.2882555055,4214.556255505509,10
S-B_minervini,2014-01-07,120778.8402555055,4214.556255505509,10
S-B_minervini,2014-01-08,120481.6722555055,4214.556255505509,10
S-B_minervini,2014-01-09,120358.30552955289,20204.1845295529,9
S-B_minervini,2014-01-10,120592.8785295529,20204.1845295529,9
S-B_minervini,2014-01-13,117828.267105808,30207.705105807996,8
S-B_minervini,2014-01-14,118893.59710580799,30207.705105807996,8
S-B_minervini,2014-01-15,117985.09312180502,47592.237121805025,7
S-B_minervini,2014-01-16,117719.03712180503,47592.237121805025,7
S-B_minervini,2014-01-17,117254.34612180502,47592.237121805025,7
S-B_minervini,2014-01-21,117743.84704555802,12475.824045558022,10
S-B_minervini,2014-01-22,117158.6730847026,23328.3250847026,9
S-B_minervini,2014-01-23,116439.87008470259,23328.3250847026,9
S-B_minervini,2014-01-24,113749.59696961894,55770.098969618935,6
S-B_minervini,2014-01-27,112989.90059966852,43881.73859966852,7
S-B_minervini,2014-01-28,113830.49159966852,43881.73859966852,7
S-B_minervini,2014-01-29,113274.70959966851,43881.73859966852,7
S-B_minervini,2014-01-30,113680.72813372084,49958.85713372083,6
S-B_minervini,2014-01-31,113032.6866877331,60819.6326877331,5
S-B_minervini,2014-02-03,111063.77962274203,48702.743622742026,6
S-B_minervini,2014-02-04,111244.10462274203,48702.743622742026,6
S-B_minervini,2014-02-05,111569.65362274203,48702.743622742026,6
S-B_minervini,2014-02-06,111797.08662274202,48702.743622742026,6
S-B_minervini,2014-02-07,112991.18362274203,48702.743622742026,6
S-B_minervini,2014-02-10,112707.92510961703,37408.072109617024,7
S-B_minervini,2014-02-11,113612.71210961702,37408.072109617024,7
S-B_minervini,2014-02-12,113632.64310961703,37408.072109617024,7
S-B_minervini,2014-02-13,114409.24310961703,37408.072109617024,7
S-B_minervini,2014-02-14,114363.76710961701,37408.072109617024,7
S-B_minervini,2014-02-18,115651.28802092263,25971.707020922615,8
S-B_minervini,2014-02-19,115061.79417114647,32377.071171146465,8
S-B_minervini,2014-02-20,115619.95917114647,32377.071171146465,8
S-B_minervini,2014-02-21,115419.70817114646,32377.071171146465,8
S-B_minervini,2014-02-24,115736.36981987297,9364.616819872983,10
S-B_minervini,2014-02-25,114894.74481987298,9364.616819872983,10
S-B_minervini,2014-02-26,115260.57381987298,9364.616819872983,10
S-B_minervini,2014-02-27,115391.52981987299,9364.616819872983,10
S-B_minervini,2014-02-28,116232.64381987299,9364.616819872983,10
S-B_minervini,2014-03-03,114635.4765545605,19806.601554560497,9
S-B_minervini,2014-03-04,116135.0885545605,19806.601554560497,9
S-B_minervini,2014-03-05,116394.1695545605,19806.601554560497,9
S-B_minervini,2014-03-06,116139.05993706916,26355.042937069153,9
S-B_minervini,2014-03-07,116056.24893706915,26355.042937069153,9
S-B_minervini,2014-03-10,114878.89152456915,15150.937524569152,10
S-B_minervini,2014-03-11,113637.48224290322,25523.939242903216,9
S-B_minervini,2014-03-12,114408.81948485321,31491.773484853216,8
S-B_minervini,2014-03-13,113429.93348485322,31491.773484853216,8
S-B_minervini,2014-03-14,113676.96483045322,43922.384830453215,7
S-B_minervini,2014-03-17,114378.79703232585,32565.608032325865,8
S-B_minervini,2014-03-18,115018.35103232587,32565.608032325865,8
S-B_minervini,2014-03-19,113984.88803232586,32565.608032325865,8
S-B_minervini,2014-03-20,114209.12203232586,32565.608032325865,8
S-B_minervini,2014-03-21,113579.39762799056,42330.13662799056,7
S-B_minervini,2014-03-24,112812.07738547573,48504.66138547573,6
S-B_minervini,2014-03-25,112853.16438547574,48504.66138547573,6
S-B_minervini,2014-03-26,111534.51238547574,48504.66138547573,6
S-B_minervini,2014-03-27,110790.67935010586,65537.08035010585,4
S-B_minervini,2014-03-28,111193.15335010586,65537.08035010585,4
S-B_minervini,2014-03-31,111508.27124495208,54418.13224495208,5
S-B_minervini,2014-04-01,112399.17424495208,54418.13224495208,5
S-B_minervini,2014-04-02,112536.47524495207,54418.13224495208,5
S-B_minervini,2014-04-03,112820.55724495208,54418.13224495208,5
S-B_minervini,2014-04-04,111311.55924495208,54418.13224495208,5
S-B_minervini,2014-04-07,108732.24071566763,10644.97471566765,9
S-B_minervini,2014-04-08,109751.65871566764,10644.97471566765,9
S-B_minervini,2014-04-09,110027.20874465824,20914.68474465824,8
S-B_minervini,2014-04-10,108364.05874465825,20914.68474465824,8
S-B_minervini,2014-04-11,107579.30982344176,41709.69582344176,6
S-B_minervini,2014-04-14,108409.1782350552,30957.377235055203,7
S-B_minervini,2014-04-15,109167.5932350552,30957.377235055203,7
S-B_minervini,2014-04-16,109934.9452350552,30957.377235055203,7
S-B_minervini,2014-04-17,110126.84323505519,30957.377235055203,7
S-B_minervini,2014-04-21,110680.1782350552,30957.377235055203,7
S-B_minervini,2014-04-22,110832.02623505521,30957.377235055203,7
S-B_minervini,2014-04-23,110898.9672350552,30957.377235055203,7
S-B_minervini,2014-04-24,110209.5388364756,40263.38683647561,6
S-B_minervini,2014-04-25,109049.6208364756,40263.38683647561,6
S-B_minervini,2014-04-28,108611.2883797448,18463.85537974481,8
S-B_minervini,2014-04-29,109077.85937974483,18463.85537974481,8
S-B_minervini,2014-04-30,109241.3303797448,18463.85537974481,8
S-B_minervini,2014-05-01,109442.06037974481,18463.85537974481,8
S-B_minervini,2014-05-02,109632.74837974481,18463.85537974481,8
S-B_minervini,2014-05-05,110108.25427454607,14.89327454605791,10
S-B_minervini,2014-05-06,109687.08727454605,14.89327454605791,10
S-B_minervini,2014-05-07,110074.69127454609,14.89327454605791,10
S-B_minervini,2014-05-08,109692.09427454605,14.89327454605791,10
S-B_minervini,2014-05-09,109400.62327454606,14.89327454605791,10
S-B_minervini,2014-05-12,110550.23927454605,14.89327454605791,10
S-B_minervini,2014-05-13,110579.37727454606,14.89327454605791,10
S-B_minervini,2014-05-14,110157.63127454606,14.89327454605791,10
S-B_minervini,2014-05-15,110334.70959954445,6487.506599544457,10
S-B_minervini,2014-05-16,110726.42759954445,6487.506599544457,10
S-B_minervini,2014-05-19,111672.18859954446,6487.506599544457,10
S-B_minervini,2014-05-20,111274.74059954446,6487.506599544457,10
S-B_minervini,2014-05-21,111932.65459954445,6487.506599544457,10
S-B_minervini,2014-05-22,111970.94559954446,6487.506599544457,10
S-B_minervini,2014-05-23,113037.47359954446,6487.506599544457,10
S-B_minervini,2014-05-27,113400.44659954445,6487.506599544457,10
S-B_minervini,2014-05-28,113948.78859954448,6487.506599544457,10
S-B_minervini,2014-05-29,114878.76559954444,6487.506599544457,10
S-B_minervini,2014-05-30,115427.10559954446,6487.506599544457,10
S-B_minervini,2014-06-02,115797.46859954446,6487.506599544457,10
S-B_minervini,2014-06-03,115605.07759954446,6487.506599544457,10
S-B_minervini,2014-06-04,115820.28262032755,12756.495620327543,10
S-B_minervini,2014-06-05,116444.80162032755,12756.495620327543,10
S-B_minervini,2014-06-06,117814.70542298762,25182.03942298763,10
S-B_minervini,2014-06-09,117913.11583150296,29433.31983150297,10
S-B_minervini,2014-06-10,117235.89333989294,39571.906339892936,9
S-B_minervini,2014-06-11,117494.75333989295,39571.906339892936,9
S-B_minervini,2014-06-12,117086.33433989296,39571.906339892936,9
S-B_minervini,2014-06-13,117630.62433989294,39571.906339892936,9
S-B_minervini,2014-06-16,118177.59882448294,27853.093824482938,10
S-B_minervini,2014-06-17,118678.89182448294,27853.093824482938,10
S-B_minervini,2014-06-18,119650.45782448293,27853.093824482938,10
S-B_minervini,2014-06-19,120230.11082448295,27853.093824482938,10
S-B_minervini,2014-06-20,119938.39282448293,27853.093824482938,10
S-B_minervini,2014-06-23,119731.80682448295,27853.093824482938,10
S-B_minervini,2014-06-24,118114.69982448296,27853.093824482938,10
S-B_minervini,2014-06-25,118601.42082448295,27853.093824482938,10
S-B_minervini,2014-06-26,118823.01527539038,34797.03727539038,9
S-B_minervini,2014-06-27,118646.13927539038,34797.03727539038,9
S-B_minervini,2014-06-30,119672.506495301,22950.75749530102,10
S-B_minervini,2014-07-01,119735.69749530104,22950.75749530102,10
S-B_minervini,2014-07-02,119628.90649530102,22950.75749530102,10
S-B_minervini,2014-07-03,119808.030495301,22950.75749530102,10
S-B_minervini,2014-07-07,118507.72549530101,22950.75749530102,10
S-B_minervini,2014-07-08,117916.32619814645,33816.601198146454,9
S-B_minervini,2014-07-09,118795.19019814646,33816.601198146454,9
S-B_minervini,2014-07-10,118134.43819814647,33816.601198146454,9
S-B_minervini,2014-07-11,117857.17119814643,33816.601198146454,9
S-B_minervini,2014-07-14,118530.95471366636,14983.515713666362,10
S-B_minervini,2014-07-15,118164.13181269966,25967.548812699664,9
S-B_minervini,2014-07-16,119302.70381269968,25967.548812699664,9
S-B_minervini,2014-07-17,118352.70081269965,25967.548812699664,9
S-B_minervini,2014-07-18,118487.94481269967,25967.548812699664,9
S-B_minervini,2014-07-21,118033.45308547217,14122.716085472166,10
S-B_minervini,2014-07-22,119212.05792965852,25088.916929658517,9
S-B_minervini,2014-07-23,119016.30926276199,31271.007262762003,9
S-B_minervini,2014-07-24,118952.80126276199,31271.007262762003,9
S-B_minervini,2014-07-25,118296.09026276198,31271.007262762003,9
S-B_minervini,2014-07-28,119527.27073591793,25620.33273591793,10
S-B_minervini,2014-07-29,119362.53373591794,25620.33273591793,10
S-B_minervini,2014-07-30,119155.43273591792,25620.33273591793,10
S-B_minervini,2014-07-31,117238.91873591795,25620.33273591793,10
S-B_minervini,2014-08-01,119008.09302087338,38498.56302087338,8
S-B_minervini,2014-08-04,120838.76975024081,21408.870750240814,10
S-B_minervini,2014-08-05,120506.6997502408,21408.870750240814,10
S-B_minervini,2014-08-06,120645.64308410173,34726.83508410173,8
S-B_minervini,2014-08-07,119904.38708410173,34726.83508410173,8
S-B_minervini,2014-08-08,121010.33808410174,34726.83508410173,8
S-B_minervini,2014-08-11,122934.87254908268,17200.99454908268,10
S-B_minervini,2014-08-12,122775.65054908268,17200.99454908268,10
S-B_minervini,2014-08-13,123492.23454908267,17200.99454908268,10
S-B_minervini,2014-08-14,122875.55454908269,17200.99454908268,10
S-B_minervini,2014-08-15,123589.65054908268,17200.99454908268,10
S-B_minervini,2014-08-18,124600.40154908267,17200.99454908268,10
S-B_minervini,2014-08-19,124814.63137933714,23327.53437933715,9
S-B_minervini,2014-08-20,124967.69437933716,23327.53437933715,9
S-B_minervini,2014-08-21,124833.66537933715,23327.53437933715,9
S-B_minervini,2014-08-22,125076.19237933715,23327.53437933715,9
S-B_minervini,2014-08-25,125917.99608050895,17094.65708050896,10
S-B_minervini,2014-08-26,126122.96008050894,17094.65708050896,10
S-B_minervini,2014-08-27,126496.63008050896,17094.65708050896,10
S-B_minervini,2014-08-28,126748.86208050896,17094.65708050896,10
S-B_minervini,2014-08-29,128276.72600589725,30609.53500589724,10
S-B_minervini,2014-09-02,129824.52000589724,30609.53500589724,10
S-B_minervini,2014-09-03,129742.42500589722,30609.53500589724,10
S-B_minervini,2014-09-04,129519.95100589725,30609.53500589724,10
S-B_minervini,2014-09-05,129451.15106045041,41824.60306045041,9
S-B_minervini,2014-09-08,128540.3193436754,28886.736343675413,10
S-B_minervini,2014-09-09,127596.6993436754,28886.736343675413,10
S-B_minervini,2014-09-10,127426.9213436754,28886.736343675413,10
S-B_minervini,2014-09-11,127915.9833436754,28886.736343675413,10
S-B_minervini,2014-09-12,126613.98306092352,35638.288060923514,9
S-B_minervini,2014-09-15,124008.00882881497,34720.894828814955,9
S-B_minervini,2014-09-16,125134.87269261494,41171.77369261495,8
S-B_minervini,2014-09-17,125316.56169261497,41171.77369261495,8
S-B_minervini,2014-09-18,125834.15769261496,41171.77369261495,8
S-B_minervini,2014-09-19,124363.93369261497,41171.77369261495,8
S-B_minervini,2014-09-22,122673.12450896984,10260.182508969803,10
S-B_minervini,2014-09-23,123105.7301923298,18646.744192329803,9
S-B_minervini,2014-09-24,122419.19611111862,37028.81511111862,7
S-B_minervini,2014-09-25,119882.54017311987,71317.82017311986,4
S-B_minervini,2014-09-26,119660.79017311987,71317.82017311986,4
S-B_minervini,2014-09-29,119906.49984054056,25933.611840540572,8
S-B_minervini,2014-09-30,119470.50884054057,25933.611840540572,8
S-B_minervini,2014-10-01,117749.24957292432,37432.23057292432,7
S-B_minervini,2014-10-02,117774.72457292433,37432.23057292432,7
S-B_minervini,2014-10-03,118548.50757292434,37432.23057292432,7
S-B_minervini,2014-10-06,118078.80558584433,25581.484585844322,8
S-B_minervini,2014-10-07,116561.24658584435,25581.484585844322,8
S-B_minervini,2014-10-08,118006.30263958024,47485.06963958024,6
S-B_minervini,2014-10-09,116182.07177096861,58488.775770968605,5
S-B_minervini,2014-10-10,115293.77877096861,58488.775770968605,5
S-B_minervini,2014-10-13,114548.68160185292,68855.58560185292,4
S-B_minervini,2014-10-14,114625.16560185292,68855.58560185292,4
S-B_minervini,2014-10-15,111622.23282422141,88366.23282422141,2
S-B_minervini,2014-10-16,111337.1128242214,88366.23282422141,2
S-B_minervini,2014-10-17,111383.98282422141,88366.23282422141,2
S-B_minervini,2014-10-20,111502.74282422141,88366.23282422141,2
S-B_minervini,2014-10-21,112049.48282422141,88366.23282422141,2
S-B_minervini,2014-10-22,111349.54282422141,88366.23282422141,2
S-B_minervini,2014-10-23,111751.39282422142,88366.23282422141,2
S-B_minervini,2014-10-24,111854.96282422141,88366.23282422141,2
S-B_minervini,2014-10-27,111826.8028242214,88366.23282422141,2
S-B_minervini,2014-10-28,112878.74282422141,88366.23282422141,2
S-B_minervini,2014-10-29,112537.11282422142,88366.23282422141,2
S-B_minervini,2014-10-30,112430.21282422141,88366.23282422141,2
S-B_minervini,2014-10-31,113136.65282422141,88366.23282422141,2
S-B_minervini,2014-11-03,113617.0528242214,88366.23282422141,2
S-B_minervini,2014-11-04,113916.7907893391,94865.4307893391,2
S-B_minervini,2014-11-05,114004.7907893391,94865.4307893391,2
S-B_minervini,2014-11-06,114017.7607893391,94865.4307893391,2
S-B_minervini,2014-11-07,114026.83078933909,94865.4307893391,2
S-B_minervini,2014-11-10,114174.0247601391,101279.2397601391,2
S-B_minervini,2014-11-11,114145.1197601391,101279.2397601391,2
S-B_minervini,2014-11-12,114156.1397601391,101279.2397601391,2
S-B_minervini,2014-11-13,113981.2497601391,101279.2397601391,2
S-B_minervini,2014-11-14,114081.7597601391,101279.2397601391,2
S-B_minervini,2014-11-17,113956.1497601391,101279.2397601391,2
S-B_minervini,2014-11-18,114180.6047601391,101279.2397601391,2
S-B_minervini,2014-11-19,113930.0347601391,101279.2397601391,2
S-B_minervini,2014-11-20,114068.15476013909,101279.2397601391,2
S-B_minervini,2014-11-21,113974.9697601391,101279.2397601391,2
S-B_minervini,2014-11-24,114135.2247601391,101279.2397601391,2
S-B_minervini,2014-11-25,114272.5047601391,101279.2397601391,2
S-B_minervini,2014-11-26,114350.7847601391,101279.2397601391,2
S-B_minervini,2014-11-28,114461.1097601391,101279.2397601391,2
S-B_minervini,2014-12-01,114385.5756644841,67251.8056644841,5
S-B_minervini,2014-12-02,113211.0927919841,77466.9527919841,4
S-B_minervini,2014-12-03,112529.67600479045,87908.48600479045,3
S-B_minervini,2014-12-04,112485.13600479046,87908.48600479045,3
S-B_minervini,2014-12-05,112663.99100479044,87908.48600479045,3
S-B_minervini,2014-12-08,112460.05649065046,76651.86649065046,4
S-B_minervini,2014-12-09,112632.64649065046,76651.86649065046,4
S-B_minervini,2014-12-10,112432.57149065046,76651.86649065046,4
S-B_minervini,2014-12-11,112326.57149065046,76651.86649065046,4
S-B_minervini,2014-12-12,111899.95649065045,76651.86649065046,4
S-B_minervini,2014-12-15,110091.34584880502,81415.68584880502,3
S-B_minervini,2014-12-16,110162.10584880502,81415.68584880502,3
S-B_minervini,2014-12-17,110356.00584880501,81415.68584880502,3
S-B_minervini,2014-12-18,110710.12584880502,81415.68584880502,3
S-B_minervini,2014-12-19,110725.18584880502,81415.68584880502,3
S-B_minervini,2014-12-22,109830.59127120636,16354.634271206343,9
S-B_minervini,2014-12-23,108632.27043895613,46944.63943895612,6
S-B_minervini,2014-12-24,109107.61343895612,46944.63943895612,6
S-B_minervini,2014-12-26,109366.49343895612,46944.63943895612,6
S-B_minervini,2014-12-29,108638.84814178458,35240.318141784584,7
S-B_minervini,2014-12-30,108441.73814178459,35240.318141784584,7
S-B_minervini,2014-12-31,108538.18814178457,35240.318141784584,7
S-B_minervini,2015-01-02,108456.07914178458,35240.318141784584,7
S-B_minervini,2015-01-05,107753.11831178458,41685.69631178459,6
S-B_minervini,2015-01-06,106966.28331178459,41685.69631178459,6
S-B_minervini,2015-01-07,107175.63731178458,41685.69631178459,6
S-B_minervini,2015-01-08,108200.09931178458,41685.69631178459,6
S-B_minervini,2015-01-09,107996.15431178459,41685.69631178459,6
S-B_minervini,2015-01-12,107733.9163135903,20133.239313590297,8
S-B_minervini,2015-01-13,107664.90406239028,31321.491062390298,7
S-B_minervini,2015-01-14,107833.6517789403,42038.4967789403,6
S-B_minervini,2015-01-15,107044.22177894031,42038.4967789403,6
S-B_minervini,2015-01-16,108195.7737789403,42038.4967789403,6
S-B_minervini,2015-01-20,108719.74256048759,31228.594560487574,7
S-B_minervini,2015-01-21,108832.26156048759,31228.594560487574,7
S-B_minervini,2015-01-22,109253.07256048758,31228.594560487574,7
S-B_minervini,2015-01-23,108899.00856048758,31228.594560487574,7
S-B_minervini,2015-01-26,109891.52500242759,9747.637002427578,9
S-B_minervini,2015-01-27,110030.19200242758,9747.637002427578,9
S-B_minervini,2015-01-28,108566.95200242758,9747.637002427578,9
S-B_minervini,2015-01-29,108703.96155278193,19864.55255278191,8
S-B_minervini,2015-01-30,107483.08055278192,19864.55255278191,8
S-B_minervini,2015-02-02,107178.08368783549,5.987687835486213,10
S-B_minervini,2015-02-03,108032.80568783548,5.987687835486213,10
S-B_minervini,2015-02-04,107944.95368783548,5.987687835486213,10
S-B_minervini,2015-02-05,109180.58368783549,5.987687835486213,10
S-B_minervini,2015-02-06,108109.40168783549,5.987687835486213,10
S-B_minervini,2015-02-09,108444.7642643434,15813.194264343381,9
S-B_minervini,2015-02-10,109022.6742643434,15813.194264343381,9
S-B_minervini,2015-02-11,109153.19826434339,15813.194264343381,9
S-B_minervini,2015-02-12,110030.52426434339,15813.194264343381,9
S-B_minervini,2015-02-13,110102.9562643434,15813.194264343381,9
S-B_minervini,2015-02-17,109535.93131433698,14682.842314337004,9
S-B_minervini,2015-02-18,110310.134314337,14682.842314337004,9
S-B_minervini,2015-02-19,110619.56431433701,14682.842314337004,9
S-B_minervini,2015-02-20,111660.124314337,14682.842314337004,9
S-B_minervini,2015-02-23,111654.06895954917,3530.2749595491587,10
S-B_minervini,2015-02-24,112177.90795954918,3530.2749595491587,10
S-B_minervini,2015-02-25,112531.7439660079,9813.249966007868,10
S-B_minervini,2015-02-26,113987.3943871085,15939.020387108492,10
S-B_minervini,2015-02-27,112346.05910553236,26060.76210553237,9
S-B_minervini,2015-03-02,113849.82181803237,14906.83181803237,10
S-B_minervini,2015-03-03,112423.70032670081,25233.380326700808,9
S-B_minervini,2015-03-04,111713.24732670082,25233.380326700808,9
S-B_minervini,2015-03-05,111669.95032670081,25233.380326700808,9
S-B_minervini,2015-03-06,110241.79500295651,35558.667002956514,8
S-B_minervini,2015-03-09,110308.89209327151,13562.468093271516,10
S-B_minervini,2015-03-10,109177.95309327151,13562.468093271516,10
S-B_minervini,2015-03-11,109695.80709327152,13562.468093271516,10
S-B_minervini,2015-03-12,109249.1900932715,13562.468093271516,10
S-B_minervini,2015-03-13,110671.37339023751,26063.685390237522,10
S-B_minervini,2015-03-16,111933.14028585245,36257.90728585246,9
S-B_minervini,2015-03-17,111500.48128585245,36257.90728585246,9
S-B_minervini,2015-03-18,112187.87328585245,36257.90728585246,9
S-B_minervini,2015-03-19,113162.07928585247,36257.90728585246,9
S-B_minervini,2015-03-20,112997.05428585246,36257.90728585246,9
S-B_minervini,2015-03-23,113650.12890710247,24966.99890710246,10
S-B_minervini,2015-03-24,113253.08290710246,24966.99890710246,10
S-B_minervini,2015-03-25,110169.75067815807,35420.364678158054,9
S-B_minervini,2015-03-26,109686.69316875271,52609.285168752715,7
S-B_minervini,2015-03-27,110179.72122869652,58716.607228696535,6
S-B_minervini,2015-03-30,110962.1790604204,36724.91306042042,8
S-B_minervini,2015-03-31,111198.81606042042,36724.91306042042,8
S-B_minervini,2015-04-01,110791.92606042043,36724.91306042042,8
S-B_minervini,2015-04-02,110844.76706042042,36724.91306042042,8
S-B_minervini,2015-04-06,111355.15090337368,14564.453903373684,10
S-B_minervini,2015-04-07,111241.79590337367,14564.453903373684,10
S-B_minervini,2015-04-08,111761.81090337368,14564.453903373684,10
S-B_minervini,2015-04-09,112115.11790337368,14564.453903373684,10
S-B_minervini,2015-04-10,112756.61092527151,20699.349925271526,10
S-B_minervini,2015-04-13,112321.73592527154,20699.349925271526,10
S-B_minervini,2015-04-14,112246.87803485153,26956.397034851525,9
S-B_minervini,2015-04-15,113076.73903485153,26956.397034851525,9
S-B_minervini,2015-04-16,114276.03303485153,26956.397034851525,9
S-B_minervini,2015-04-17,113865.33003485153,26956.397034851525,9
S-B_minervini,2015-04-20,113898.12949723727,27523.415497237278,10
S-B_minervini,2015-04-21,113738.07449723728,27523.415497237278,10
S-B_minervini,2015-04-22,113101.19549723728,27523.415497237278,10
S-B_minervini,2015-04-23,113025.47339941504,37644.25339941504,9
S-B_minervini,2015-04-24,113206.39039941505,37644.25339941504,9
S-B_minervini,2015-04-27,111271.49001141504,26329.562011415044,10
S-B_minervini,2015-04-28,111692.34688238213,50952.97588238214,7
S-B_minervini,2015-04-29,111730.52088238214,50952.97588238214,7
S-B_minervini,2015-04-30,110961.30178559702,61226.81178559702,6
S-B_minervini,2015-05-01,111511.82378559702,61226.81178559702,6
S-B_minervini,2015-05-04,110538.387706739,16685.592706739,10
S-B_minervini,2015-05-05,109446.36980648788,37918.483806487886,8
S-B_minervini,2015-05-06,109314.49970198788,43802.19870198789,7
S-B_minervini,2015-05-07,109979.91270198788,43802.19870198789,7
S-B_minervini,2015-05-08,110531.74470198789,43802.19870198789,7
S-B_minervini,2015-05-11,110622.4484330079,21767.89743300789,9
S-B_minervini,2015-05-12,110008.57543300789,21767.89743300789,9
S-B_minervini,2015-05-13,110423.74943300788,21767.89743300789,9
S-B_minervini,2015-05-14,111142.06743300788,21767.89743300789,9
S-B_minervini,2015-05-15,110967.47441260787,32697.377412607886,8
S-B_minervini,2015-05-18,111647.26606897787,10569.558068977889,10
S-B_minervini,2015-05-19,111605.83826223525,20904.95626223526,9
S-B_minervini,2015-05-20,112541.99626223528,20904.95626223526,9
S-B_minervini,2015-05-21,112447.44526223527,20904.95626223526,9
S-B_minervini,2015-05-22,113081.99226223526,20904.95626223526,9
S-B_minervini,2015-05-26,112999.66626223526,20904.95626223526,9
S-B_minervini,2015-05-27,114525.38026223527,20904.95626223526,9
S-B_minervini,2015-05-28,113728.42779912945,27180.455799129446,9
S-B_minervini,2015-05-29,113498.74579912944,27180.455799129446,9
S-B_minervini,2015-06-01,114313.16938042946,15845.413380429447,10
S-B_minervini,2015-06-02,114393.64438042944,15845.413380429447,10
S-B_minervini,2015-06-03,115609.77638042945,15845.413380429447,10
S-B_minervini,2015-06-04,113701.57638042944,15845.413380429447,10
S-B_minervini,2015-06-05,114395.36682240482,21265.023822404823,9
S-B_minervini,2015-06-08,114256.69233452983,9839.997334529824,10
S-B_minervini,2015-06-09,115556.72636442048,16314.182364420487,10
S-B_minervini,2015-06-10,117031.4335965497,22569.354596549692,10
S-B_minervini,2015-06-11,116879.36827479473,32847.59927479473,9
S-B_minervini,2015-06-12,116989.61727479474,32847.59927479473,9
S-B_minervini,2015-06-15,116750.35263729474,21151.777637294734,10
S-B_minervini,2015-06-16,117478.69363729472,21151.777637294734,10
S-B_minervini,2015-06-17,118254.26563729474,21151.777637294734,10
S-B_minervini,2015-06-18,119078.10263729471,21151.777637294734,10
S-B_minervini,2015-06-19,117852.93163729474,21151.777637294734,10
S-B_minervini,2015-06-22,117019.87780787816,27788.44280787817,10
S-B_minervini,2015-06-23,116687.63856988816,34556.89556988817,9
S-B_minervini,2015-06-24,116372.50568443505,40378.531684435045,8
S-B_minervini,2015-06-25,116673.37894874519,50711.73094874517,7
S-B_minervini,2015-06-26,116304.10094874517,50711.73094874517,7
S-B_minervini,2015-06-29,113899.25981179262,16032.083811792634,10
S-B_minervini,2015-06-30,115529.41781179263,16032.083811792634,10
S-B_minervini,2015-07-01,116002.79554478706,22694.32854478707,9
S-B_minervini,2015-07-02,115120.06554478708,22694.32854478707,9
S-B_minervini,2015-07-06,115226.66566652707,11242.622666527062,10
S-B_minervini,2015-07-07,115814.621386703,28741.299386703013,8
S-B_minervini,2015-07-08,114213.79738670301,28741.299386703013,8
S-B_minervini,2015-07-09,116146.51181721853,41871.693817218526,7
S-B_minervini,2015-07-10,118284.89981721851,41871.693817218526,7
S-B_minervini,2015-07-13,118679.55827885945,18222.55227885943,9
S-B_minervini,2015-07-14,119450.58160275687,24636.480602756863,9
S-B_minervini,2015-07-15,118861.50360275686,24636.480602756863,9
S-B_minervini,2015-07-16,120467.86662011885,31144.396620118838,9
S-B_minervini,2015-07-17,121198.6768252009,37265.430825200914,9
S-B_minervini,2015-07-20,119619.46542555853,36367.95942555854,9
S-B_minervini,2015-07-21,119370.54742555854,36367.95942555854,9
S-B_minervini,2015-07-22,119222.23742555853,36367.95942555854,9
S-B_minervini,2015-07-23,118731.62824826318,42102.87724826317,8
S-B_minervini,2015-07-24,118268.93524826318,42102.87724826317,8
S-B_minervini,2015-07-27,117561.14761282041,24180.05761282042,9
S-B_minervini,2015-07-28,118573.11293082041,30485.42793082042,8
S-B_minervini,2015-07-29,118587.67793082041,30485.42793082042,8
S-B_minervini,2015-07-30,118782.67793082041,30485.42793082042,8
S-B_minervini,2015-07-31,119079.53311806198,36554.17311806199,7
S-B_minervini,2015-08-03,119117.38799286247,12836.06699286247,9
S-B_minervini,2015-08-04,120549.42567699247,19766.31567699247,9
S-B_minervini,2015-08-05,121495.01367699247,19766.31567699247,9
S-B_minervini,2015-08-06,120223.92267699246,19766.31567699247,9
S-B_minervini,2015-08-07,120384.09567699247,19766.31567699247,9
S-B_minervini,2015-08-10,120732.47831731249,7742.624317312473,10
S-B_minervini,2015-08-11,120557.24431731248,7742.624317312473,10
S-B_minervini,2015-08-12,120030.47631731248,7742.624317312473,10
S-B_minervini,2015-08-13,120864.11431731247,7742.624317312473,10
S-B_minervini,2015-08-14,121665.30731731247,7742.624317312473,10
S-B_minervini,2015-08-17,122956.96631731249,7742.624317312473,10
S-B_minervini,2015-08-18,122076.82431731248,7742.624317312473,10
S-B_minervini,2015-08-19,121626.12431731248,7742.624317312473,10
S-B_minervini,2015-08-20,118949.23131731246,7742.624317312473,10
S-B_minervini,2015-08-21,116805.87557731247,17982.114577312474,9
S-B_minervini,2015-08-24,113310.86870029668,87948.59870029667,3
S-B_minervini,2015-08-25,113062.05101124218,93774.01101124217,2
S-B_minervini,2015-08-26,113375.66101124216,93774.01101124217,2
S-B_minervini,2015-08-27,113395.14101124217,93774.01101124217,2
S-B_minervini,2015-08-28,113434.97101124216,93774.01101124217,2
S-B_minervini,2015-08-31,113289.25101124217,93774.01101124217,2
S-B_minervini,2015-09-01,113012.22101124216,93774.01101124217,2
S-B_minervini,2015-09-02,113260.15101124217,93774.01101124217,2
S-B_minervini,2015-09-03,113118.39101124217,93774.01101124217,2
S-B_minervini,2015-09-04,113098.33101124218,93774.01101124217,2
S-B_minervini,2015-09-08,113358.43101124217,93774.01101124217,2
S-B_minervini,2015-09-09,113207.09101124217,93774.01101124217,2
S-B_minervini,2015-09-10,113324.86101124217,93774.01101124217,2
S-B_minervini,2015-09-11,113361.63101124216,93774.01101124217,2
S-B_minervini,2015-09-14,113275.01337164217,82454.66337164216,3
S-B_minervini,2015-09-15,112885.59882193623,92934.35882193623,2
S-B_minervini,2015-09-16,112730.63882193623,92934.35882193623,2
S-B_minervini,2015-09-17,113186.97882193622,92934.35882193623,2
S-B_minervini,2015-09-18,113187.59882193623,92934.35882193623,2
S-B_minervini,2015-09-21,112999.28748611122,81622.54748611123,3
S-B_minervini,2015-09-22,113160.07748611123,81622.54748611123,3
S-B_minervini,2015-09-23,113086.44748611122,81622.54748611123,3
S-B_minervini,2015-09-24,112447.63748611123,81622.54748611123,3
S-B_minervini,2015-09-25,112037.26159807123,89638.45159807123,2
S-B_minervini,2015-09-28,111498.99414920082,77777.22014920083,3
S-B_minervini,2015-09-29,111384.79214920083,77777.22014920083,3
S-B_minervini,2015-09-30,111629.89014920083,77777.22014920083,3
S-B_minervini,2015-10-01,111520.05614920083,77777.22014920083,3
S-B_minervini,2015-10-02,111653.39214920084,77777.22014920083,3
S-B_minervini,2015-10-05,111958.91814920084,77777.22014920083,3
S-B_minervini,2015-10-06,111907.81414920083,77777.22014920083,3
S-B_minervini,2015-10-07,112322.71614920083,77777.22014920083,3
S-B_minervini,2015-10-08,112309.90378707583,89600.87178707583,2
S-B_minervini,2015-10-09,112036.63378707583,89600.87178707583,2
S-B_minervini,2015-10-12,113622.62468907508,56011.09268907506,5
S-B_minervini,2015-10-13,112964.64105722826,62362.483057228266,5
S-B_minervini,2015-10-14,112160.91305722826,62362.483057228266,5
S-B_minervini,2015-10-15,112992.18605722827,62362.483057228266,5
S-B_minervini,2015-10-16,112880.84805722826,62362.483057228266,5
S-B_minervini,2015-10-19,111874.92785876949,38912.78385876948,7
S-B_minervini,2015-10-20,111231.11908321893,49355.531083218935,6
S-B_minervini,2015-10-21,110152.34308321893,49355.531083218935,6
S-B_minervini,2015-10-22,110896.77939606606,59778.674396066075,5
S-B_minervini,2015-10-23,110937.13939606608,59778.674396066075,5
S-B_minervini,2015-10-26,109369.14860070276,25942.191600702754,8
S-B_minervini,2015-10-27,107793.76385050862,36311.885850508625,7
S-B_minervini,2015-10-28,111112.70285050862,36311.885850508625,7
S-B_minervini,2015-10-29,110528.85180201479,46343.01380201479,6
S-B_minervini,2015-10-30,110356.77025629219,56608.85725629219,5
S-B_minervini,2015-11-02,111411.75255013985,1523.3725501398367,10
S-B_minervini,2015-11-03,110958.48255013983,1523.3725501398367,10
S-B_minervini,2015-11-04,110572.50291259617,7886.066912596157,10
S-B_minervini,2015-11-05,111947.81194300704,14138.883943007038,10
S-B_minervini,2015-11-06,112626.74194300703,14138.883943007038,10
S-B_minervini,2015-11-09,111107.71191983964,24329.588919839647,9
S-B_minervini,2015-11-10,111221.14991983965,24329.588919839647,9
S-B_minervini,2015-11-11,110456.96785045377,34544.599850453764,8
S-B_minervini,2015-11-12,109658.35385045374,34544.599850453764,8
S-B_minervini,2015-11-13,108998.10985045377,34544.599850453764,8
S-B_minervini,2015-11-16,109672.55385045375,34544.599850453764,8
S-B_minervini,2015-11-17,108006.73599151058,44590.41299151058,7
S-B_minervini,2015-11-18,108735.74633700313,51700.10333700313,6
S-B_minervini,2015-11-19,108711.03133700314,51700.10333700313,6
S-B_minervini,2015-11-20,109039.27133700313,51700.10333700313,6
S-B_minervini,2015-11-23,108959.61459410953,30597.904594109525,8
S-B_minervini,2015-11-24,109169.56659410952,30597.904594109525,8
S-B_minervini,2015-11-25,109489.72959410952,30597.904594109525,8
S-B_minervini,2015-11-27,109891.05959410952,30597.904594109525,8
S-B_minervini,2015-11-30,109058.65638671846,8677.745386718463,10
S-B_minervini,2015-12-01,109486.72138671846,8677.745386718463,10
S-B_minervini,2015-12-02,109641.65929679426,14503.56729679425,9
S-B_minervini,2015-12-03,108340.81129679424,14503.56729679425,9
S-B_minervini,2015-12-04,109336.04050155282,24918.12550155283,8
S-B_minervini,2015-12-07,108453.99242802367,3147.559428023649,10
S-B_minervini,2015-12-08,108255.47541039772,13363.046410397736,9
S-B_minervini,2015-12-09,106674.26788452273,24224.574884522735,8
S-B_minervini,2015-12-10,106326.71788452275,24224.574884522735,8
S-B_minervini,2015-12-11,104670.31388452272,24224.574884522735,8
S-B_minervini,2015-12-14,104163.10371073485,60507.76471073485,4
S-B_minervini,2015-12-15,104473.81171073485,60507.76471073485,4
S-B_minervini,2015-12-16,105032.36771073486,60507.76471073485,4
S-B_minervini,2015-12-17,104803.18412355559,66834.0451235556,4
S-B_minervini,2015-12-18,104359.48034968915,76897.52634968916,3
S-B_minervini,2015-12-21,104233.61824361784,62230.85924361783,4
S-B_minervini,2015-12-22,103616.22924361782,62230.85924361783,4
S-B_minervini,2015-12-23,103848.57939481472,71886.33539481471,3
S-B_minervini,2015-12-24,103977.30039481472,71886.33539481471,3
S-B_minervini,2015-12-28,104172.11575488972,51115.870754889715,5
S-B_minervini,2015-12-29,104404.27275488971,51115.870754889715,5
S-B_minervini,2015-12-30,103906.74675488971,51115.870754889715,5
S-B_minervini,2015-12-31,103875.78875488971,51115.870754889715,5
S-B_minervini,2016-01-04,101337.06524359103,59966.38224359104,4
S-B_minervini,2016-01-05,100902.70138728974,69576.59438728975,3
S-B_minervini,2016-01-06,100724.59038728975,69576.59438728975,3
S-B_minervini,2016-01-07,99715.07903292347,88668.50903292348,1
S-B_minervini,2016-01-08,99669.94403292348,88668.50903292348,1
S-B_minervini,2016-01-11,99933.5352758235,78706.90027582349,2
S-B_minervini,2016-01-12,100460.67627582348,78706.90027582349,2
S-B_minervini,2016-01-13,100289.86727582349,78706.90027582349,2
S-B_minervini,2016-01-14,100253.80627582349,78706.90027582349,2
S-B_minervini,2016-01-15,100075.68627582348,78706.90027582349,2
S-B_minervini,2016-01-19,100180.79957345349,68724.5955734535,3
S-B_minervini,2016-01-20,99519.0545734535,68724.5955734535,3
S-B_minervini,2016-01-21,99691.8885734535,68724.5955734535,3
S-B_minervini,2016-01-22,99951.0711009785,78714.5431009785,2
S-B_minervini,2016-01-25,99695.58310097849,78714.5431009785,2
S-B_minervini,2016-01-26,100164.2661009785,78714.5431009785,2
S-B_minervini,2016-01-27,99892.76210097849,78714.5431009785,2
S-B_minervini,2016-01-28,100258.39810097849,78714.5431009785,2
S-B_minervini,2016-01-29,99801.43910097849,78714.5431009785,2
S-B_minervini,2016-02-01,99884.40110097849,78714.5431009785,2
S-B_minervini,2016-02-02,99196.36169772076,87937.21469772076,1
S-B_minervini,2016-02-03,99161.49269772077,87937.21469772076,1
S-B_minervini,2016-02-04,99196.36169772076,87937.21469772076,1
S-B_minervini,2016-02-05,99171.93569772076,87937.21469772076,1
S-B_minervini,2016-02-08,99177.24569772076,87937.21469772076,1
S-B_minervini,2016-02-09,99198.13169772076,87937.21469772076,1
S-B_minervini,2016-02-10,99217.24769772076,87937.21469772076,1
S-B_minervini,2016-02-11,99201.49469772076,87937.21469772076,1
S-B_minervini,2016-02-12,99192.82169772076,87937.21469772076,1
S-B_minervini,2016-02-16,99189.28169772075,87937.21469772076,1
S-B_minervini,2016-02-17,99264.15269772075,87937.21469772076,1
S-B_minervini,2016-02-18,99229.10669772077,87937.21469772076,1
S-B_minervini,2016-02-19,99306.45569772075,87937.21469772076,1
S-B_minervini,2016-02-22,99306.45569772075,87937.21469772076,1
S-B_minervini,2016-02-23,99281.85269772075,87937.21469772076,1
S-B_minervini,2016-02-24,99327.51869772076,87937.21469772076,1
S-B_minervini,2016-02-25,99374.77769772075,87937.21469772076,1
S-B_minervini,2016-02-26,99316.89869772075,87937.21469772076,1
S-B_minervini,2016-02-29,99288.75569772076,87937.21469772076,1
S-B_minervini,2016-03-01,99269.46269772077,87937.21469772076,1
S-B_minervini,2016-03-02,99315.12869772076,87937.21469772076,1
S-B_minervini,2016-03-03,99286.98569772075,87937.21469772076,1
S-B_minervini,2016-03-04,99315.12869772076,87937.21469772076,1
S-B_minervini,2016-03-07,99329.28869772075,87937.21469772076,1
S-B_minervini,2016-03-08,99294.06569772075,87937.21469772076,1
S-B_minervini,2016-03-09,99306.45569772075,87937.21469772076,1
S-B_minervini,2016-03-10,99288.75569772076,87937.21469772076,1
S-B_minervini,2016-03-11,99297.60569772076,87937.21469772076,1
S-B_minervini,2016-03-14,99246.62969772075,87937.21469772076,1
S-B_minervini,2016-03-15,99269.46269772077,87937.21469772076,1
S-B_minervini,2016-03-16,99327.51869772076,87937.21469772076,1
S-B_minervini,2016-03-17,99345.04169772076,87937.21469772076,1
S-B_minervini,2016-03-18,99262.55969772076,87937.21469772076,1
S-B_minervini,2016-03-21,99603.86828453513,48263.19528453513,5
S-B_minervini,2016-03-22,99685.82228453513,48263.19528453513,5
S-B_minervini,2016-03-23,97531.20016561812,57445.79116561814,4
S-B_minervini,2016-03-24,97397.88925248332,66556.27125248332,3
S-B_minervini,2016-03-28,97782.05958433331,56819.025584333314,4
S-B_minervini,2016-03-29,98169.44058433332,56819.025584333314,4
S-B_minervini,2016-03-30,97581.55858433331,56819.025584333314,4
S-B_minervini,2016-03-31,97475.60058433333,56819.025584333314,4
S-B_minervini,2016-04-01,97828.6595843333,56819.025584333314,4
S-B_minervini,2016-04-04,96953.522699854,37.41169985399665,10
S-B_minervini,2016-04-05,95820.66912425544,9052.363124255444,9
S-B_minervini,2016-04-06,96672.59612425545,9052.363124255444,9
S-B_minervini,2016-04-07,95905.10817485169,18100.54717485168,8
S-B_minervini,2016-04-08,95787.76304382805,27139.36204382805,7
S-B_minervini,2016-04-11,95402.74545641604,14.425456416020097,10
S-B_minervini,2016-04-12,95460.28145641604,14.425456416020097,10
S-B_minervini,2016-04-13,96039.487456416,14.425456416020097,10
S-B_minervini,2016-04-14,95187.20545641604,14.425456416020097,10
S-B_minervini,2016-04-15,95297.06845641602,14.425456416020097,10
S-B_minervini,2016-04-18,95933.02645641602,14.425456416020097,10
S-B_minervini,2016-04-19,95558.31145641602,14.425456416020097,10
S-B_minervini,2016-04-20,95235.9461765612,9066.011176561196,9
S-B_minervini,2016-04-21,94914.7981765612,9066.011176561196,9
S-B_minervini,2016-04-22,95370.1431765612,9066.011176561196,9
S-B_minervini,2016-04-25,95739.27262282121,9199.785622821197,9
S-B_minervini,2016-04-26,95742.8036228212,9199.785622821197,9
S-B_minervini,2016-04-27,96040.8856228212,9199.785622821197,9
S-B_minervini,2016-04-28,96204.44862282119,9199.785622821197,9
S-B_minervini,2016-04-29,96069.46862282121,9199.785622821197,9
S-B_minervini,2016-05-02,97322.5264125212,9232.341412521198,9
S-B_minervini,2016-05-03,96705.59541252122,9232.341412521198,9
S-B_minervini,2016-05-04,96190.7894125212,9232.341412521198,9
S-B_minervini,2016-05-05,96004.9374125212,9232.341412521198,9
S-B_minervini,2016-05-06,96662.0534125212,9232.341412521198,9
S-B_minervini,2016-05-09,96559.29233860078,18409.65233860078,8
S-B_minervini,2016-05-10,97335.81641845622,23857.833418456208,8
S-B_minervini,2016-05-11,96578.84941845622,23857.833418456208,8
S-B_minervini,2016-05-12,97040.22141845622,23857.833418456208,8
S-B_minervini,2016-05-13,96686.0434184562,23857.833418456208,8
S-B_minervini,2016-05-16,97404.21300499771,4547.503004997703,10
S-B_minervini,2016-05-17,96803.08200499772,4547.503004997703,10
S-B_minervini,2016-05-18,96823.92600499772,4547.503004997703,10
S-B_minervini,2016-05-19,96289.02115926219,21690.89815926219,8
S-B_minervini,2016-05-20,96903.23215926219,21690.89815926219,8
S-B_minervini,2016-05-23,97103.70684289922,12010.297842899216,9
S-B_minervini,2016-05-24,98008.60684289921,12010.297842899216,9
S-B_minervini,2016-05-25,101696.01081772448,18520.89181772446,9
S-B_minervini,2016-05-26,100983.18781772447,18520.89181772446,9
S-B_minervini,2016-05-27,101451.89881772446,18520.89181772446,9
S-B_minervini,2016-05-31,101312.57060272443,8399.565602724459,10
S-B_minervini,2016-06-01,101223.22260272446,8399.565602724459,10
S-B_minervini,2016-06-02,99988.40518312396,22493.97718312396,8
S-B_minervini,2016-06-03,99966.44118312397,22493.97718312396,8
S-B_minervini,2016-06-06,99973.90210574896,2523.3241057489595,10
S-B_minervini,2016-06-07,100048.30210574897,2523.3241057489595,10
S-B_minervini,2016-06-08,100309.72410574896,2523.3241057489595,10
S-B_minervini,2016-06-09,100286.56910574896,2523.3241057489595,10
S-B_minervini,2016-06-10,99393.06866695303,11769.361666953026,9
S-B_minervini,2016-06-13,98563.10690512038,1916.3679051203817,10
S-B_minervini,2016-06-14,98630.81390512038,1916.3679051203817,10
S-B_minervini,2016-06-15,98434.49390512038,1916.3679051203817,10
S-B_minervini,2016-06-16,98300.03390512038,1916.3679051203817,10
S-B_minervini,2016-06-17,97404.06190512038,1916.3679051203817,10
S-B_minervini,2016-06-20,97895.2769051204,1916.3679051203817,10
S-B_minervini,2016-06-21,98012.5949051204,1916.3679051203817,10
S-B_minervini,2016-06-22,97422.92015133388,9985.826151333877,9
S-B_minervini,2016-06-23,98215.7851089051,15458.142108905104,9
S-B_minervini,2016-06-24,96548.1111089051,15458.142108905104,9
S-B_minervini,2016-06-27,95469.05125777007,11983.561257770078,9
S-B_minervini,2016-06-28,96069.31125777008,11983.561257770078,9
S-B_minervini,2016-06-29,96656.83825777008,11983.561257770078,9
S-B_minervini,2016-06-30,97870.17425777008,11983.561257770078,9
S-B_minervini,2016-07-01,97825.10503449508,23619.41203449508,8
S-B_minervini,2016-07-05,97998.35955505159,4114.431555051608,10
S-B_minervini,2016-07-06,98427.52555505159,4114.431555051608,10
S-B_minervini,2016-07-07,98261.95955505161,4114.431555051608,10
S-B_minervini,2016-07-08,98863.38955505162,4114.431555051608,10
S-B_minervini,2016-07-11,99380.54655505162,4114.431555051608,10
S-B_minervini,2016-07-12,98832.03106745161,14028.595067451608,9
S-B_minervini,2016-07-13,98943.9570674516,14028.595067451608,9
S-B_minervini,2016-07-14,98860.77106745161,14028.595067451608,9
S-B_minervini,2016-07-15,99078.63306745162,14028.595067451608,9
S-B_minervini,2016-07-18,99236.02954824857,4146.416548248579,10
S-B_minervini,2016-07-19,98198.17254824858,4146.416548248579,10
S-B_minervini,2016-07-20,98363.63685904726,13282.95885904725,9
S-B_minervini,2016-07-21,97952.25685904725,13282.95885904725,9
S-B_minervini,2016-07-22,98616.23185904726,13282.95885904725,9
S-B_minervini,2016-07-25,98326.28285904726,13282.95885904725,9
S-B_minervini,2016-07-26,97967.82085904725,13282.95885904725,9
S-B_minervini,2016-07-27,96862.29685904726,13282.95885904725,9
S-B_minervini,2016-07-28,97506.59285904726,13282.95885904725,9
S-B_minervini,2016-07-29,96919.26785904725,13282.95885904725,9
S-B_minervini,2016-08-01,96996.05394087313,3592.1599408731126,10
S-B_minervini,2016-08-02,96038.6969408731,3592.1599408731126,10
S-B_minervini,2016-08-03,95936.22094087311,3592.1599408731126,10
S-B_minervini,2016-08-04,96907.40594087311,3592.1599408731126,10
S-B_minervini,2016-08-05,96502.29894087311,3592.1599408731126,10
S-B_minervini,2016-08-08,96507.36532154625,11018.839321546244,9
S-B_minervini,2016-08-09,96726.58732154623,11018.839321546244,9
S-B_minervini,2016-08-10,96918.77632154623,11018.839321546244,9
S-B_minervini,2016-08-11,97322.75932154623,11018.839321546244,9
S-B_minervini,2016-08-12,97970.47132154625,11018.839321546244,9
S-B_minervini,2016-08-15,97446.63947226951,1233.8264722694967,10
S-B_minervini,2016-08-16,96882.8394722695,1233.8264722694967,10
S-B_minervini,2016-08-17,97093.6814722695,1233.8264722694967,10
S-B_minervini,2016-08-18,98141.02847226949,1233.8264722694967,10
S-B_minervini,2016-08-19,98043.3424722695,1233.8264722694967,10
S-B_minervini,2016-08-22,98070.3534722695,1233.8264722694967,10
S-B_minervini,2016-08-23,98248.29247226949,1233.8264722694967,10
S-B_minervini,2016-08-24,97694.8024722695,1233.8264722694967,10
S-B_minervini,2016-08-25,97922.3374722695,1233.8264722694967,10
S-B_minervini,2016-08-26,97917.21647226949,1233.8264722694967,10
S-B_minervini,2016-08-29,98634.3024722695,1233.8264722694967,10
S-B_minervini,2016-08-30,98409.3524722695,1233.8264722694967,10
S-B_minervini,2016-08-31,98297.0704722695,1233.8264722694967,10
S-B_minervini,2016-09-01,98506.69247226951,1233.8264722694967,10
S-B_minervini,2016-09-02,98912.0444722695,1233.8264722694967,10
S-B_minervini,2016-09-06,99763.40247226949,1233.8264722694967,10
S-B_minervini,2016-09-07,99898.8284722695,1233.8264722694967,10
S-B_minervini,2016-09-08,99787.1864722695,1233.8264722694967,10
S-B_minervini,2016-09-09,96610.42447226951,1233.8264722694967,10
S-B_minervini,2016-09-12,97361.92754635362,32.09954635360282,10
S-B_minervini,2016-09-13,95629.05554635361,32.09954635360282,10
S-B_minervini,2016-09-14,95338.92554635361,32.09954635360282,10
S-B_minervini,2016-09-15,96367.23754635362,32.09954635360282,10
S-B_minervini,2016-09-16,95940.19754635361,32.09954635360282,10
S-B_minervini,2016-09-19,96599.34554635362,32.09954635360282,10
S-B_minervini,2016-09-20,96442.69354635362,32.09954635360282,10
S-B_minervini,2016-09-21,97659.88154635362,32.09954635360282,10
S-B_minervini,2016-09-22,98458.50473651136,5539.305736511367,10
S-B_minervini,2016-09-23,97966.30873651135,5539.305736511367,10
S-B_minervini,2016-09-26,97225.99873651136,5539.305736511367,10
S-B_minervini,2016-09-27,98317.40873651135,5539.305736511367,10
S-B_minervini,2016-09-28,99218.37773651136,5539.305736511367,10
S-B_minervini,2016-09-29,98462.88597575363,11038.057975753627,10
S-B_minervini,2016-09-30,99689.52497575362,11038.057975753627,10
S-B_minervini,2016-10-03,98797.40297575365,11038.057975753627,10
S-B_minervini,2016-10-04,97885.85386806905,19948.73386806904,9
S-B_minervini,2016-10-05,97985.85986806905,19948.73386806904,9
S-B_minervini,2016-10-06,97640.16786806904,19948.73386806904,9
S-B_minervini,2016-10-07,97204.65586806904,19948.73386806904,9
S-B_minervini,2016-10-10,97473.59866306905,10232.82266306904,10
S-B_minervini,2016-10-11,96264.18466306906,10232.82266306904,10
S-B_minervini,2016-10-12,96443.70466306902,10232.82266306904,10
S-B_minervini,2016-10-13,96091.04441431904,19201.84341431904,9
S-B_minervini,2016-10-14,96180.67493806905,28678.083938069038,8
S-B_minervini,2016-10-17,95971.50632178885,9470.293321788857,10
S-B_minervini,2016-10-18,96378.19132178885,9470.293321788857,10
S-B_minervini,2016-10-19,96763.15129973856,16167.676299738549,9
S-B_minervini,2016-10-20,96507.59978874389,25101.54578874389,8
S-B_minervini,2016-10-21,96236.86765104711,34017.53365104711,7
S-B_minervini,2016-10-24,96053.44199868344,4829.460998683433,10
S-B_minervini,2016-10-25,95171.50696111255,13965.291961112554,9
S-B_minervini,2016-10-26,94633.04796111256,13965.291961112554,9
S-B_minervini,2016-10-27,94026.51896111257,13965.291961112554,9
S-B_minervini,2016-10-28,94187.69752311255,19516.173523112557,8
S-B_minervini,2016-10-31,94460.15899517071,9563.764995170734,9
S-B_minervini,2016-11-01,94185.58499517072,9563.764995170734,9
S-B_minervini,2016-11-02,91847.78466616644,17279.38866616645,8
S-B_minervini,2016-11-03,91845.77066616647,17279.38866616645,8
S-B_minervini,2016-11-04,91955.83724780701,25996.787247807,7
S-B_minervini,2016-11-07,93245.22526126594,16806.58626126592,8
S-B_minervini,2016-11-08,93439.73026126594,16806.58626126592,8
S-B_minervini,2016-11-09,92142.90980276474,44978.56380276474,6
S-B_minervini,2016-11-10,91158.74669549195,54205.429695491955,5
S-B_minervini,2016-11-11,92247.96532070718,60912.96232070718,4
S-B_minervini,2016-11-14,93824.26687014152,5669.89787014152,10
S-B_minervini,2016-11-15,94733.51687014151,5669.89787014152,10
S-B_minervini,2016-11-16,93748.19987014151,5669.89787014152,10
S-B_minervini,2016-11-17,93678.9948701415,5669.89787014152,10
S-B_minervini,2016-11-18,94190.76187014152,5669.89787014152,10
S-B_minervini,2016-11-21,95022.48453532376,10901.50553532375,10
S-B_minervini,2016-11-22,95947.45053532375,10901.50553532375,10
S-B_minervini,2016-11-23,95948.68753532376,10901.50553532375,10
S-B_minervini,2016-11-25,95968.61853532375,10901.50553532375,10
S-B_minervini,2016-11-28,95651.47653532376,10901.50553532375,10
S-B_minervini,2016-11-29,95554.77953532376,10901.50553532375,10
S-B_minervini,2016-11-30,95780.36953532376,10901.50553532375,10
S-B_minervini,2016-12-01,95553.97553532376,10901.50553532375,10
S-B_minervini,2016-12-02,95968.00953532374,10901.50553532375,10
S-B_minervini,2016-12-05,96473.56753532375,10901.50553532375,10
S-B_minervini,2016-12-06,96289.47153532376,10901.50553532375,10
S-B_minervini,2016-12-07,97195.87453532375,10901.50553532375,10
S-B_minervini,2016-12-08,97400.86153532374,10901.50553532375,10
S-B_minervini,2016-12-09,98960.65415722375,16312.56715722375,10
S-B_minervini,2016-12-12,97813.13612203008,21802.41012203008,10
S-B_minervini,2016-12-13,97434.14113959458,26986.284139594594,9
S-B_minervini,2016-12-14,95624.00230552739,35514.621305527384,8
S-B_minervini,2016-12-15,95839.01181399409,41611.55281399409,7
S-B_minervini,2016-12-16,96016.37581399409,41611.55281399409,7
S-B_minervini,2016-12-19,96616.74078305843,32010.44978305843,8
S-B_minervini,2016-12-20,96918.84478305842,32010.44978305843,8
S-B_minervini,2016-12-21,97179.77278305843,32010.44978305843,8
S-B_minervini,2016-12-22,96722.75478305842,32010.44978305843,8
S-B_minervini,2016-12-23,97119.02202271567,37571.19702271566,8
S-B_minervini,2016-12-27,96559.62975672446,46120.88175672447,7
S-B_minervini,2016-12-28,96705.36875672446,46120.88175672447,7
S-B_minervini,2016-12-29,96420.78875672448,46120.88175672447,7
S-B_minervini,2016-12-30,96380.52275672447,46120.88175672447,7
S-B_minervini,2017-01-03,96061.67875672446,46120.88175672447,7
S-B_minervini,2017-01-04,96544.07975672447,46120.88175672447,7
S-B_minervini,2017-01-05,96089.44375672447,46120.88175672447,7
S-B_minervini,2017-01-06,96201.26075672447,46120.88175672447,7
S-B_minervini,2017-01-09,95083.92353945744,26179.450539457444,9
S-B_minervini,2017-01-10,95366.40083194616,31799.430831946152,8
S-B_minervini,2017-01-11,95560.73283194615,31799.430831946152,8
S-B_minervini,2017-01-12,95093.66483194615,31799.430831946152,8
S-B_minervini,2017-01-13,95774.04083194614,31799.430831946152,8
S-B_minervini,2017-01-17,95733.05417918616,12670.428179186154,10
S-B_minervini,2017-01-18,95613.74282087827,21569.701820878265,9
S-B_minervini,2017-01-19,95191.15663862116,26895.234638621172,8
S-B_minervini,2017-01-20,95334.06063862117,26895.234638621172,8
S-B_minervini,2017-01-23,94598.09967143367,7866.94567143367,10
S-B_minervini,2017-01-24,96959.0132412334,13267.922241233417,10
S-B_minervini,2017-01-25,97082.33324123343,13267.922241233417,10
S-B_minervini,2017-01-26,96241.61976063235,22162.69576063236,9
S-B_minervini,2017-01-27,96170.35976063236,22162.69576063236,9
S-B_minervini,2017-01-30,95168.19081721595,21415.72681721596,9
S-B_minervini,2017-01-31,95608.73681721595,21415.72681721596,9
S-B_minervini,2017-02-01,95271.82281721596,21415.72681721596,9
S-B_minervini,2017-02-02,94983.00381721597,21415.72681721596,9
S-B_minervini,2017-02-03,95410.29781721596,21415.72681721596,9
S-B_minervini,2017-02-06,94833.54508721596,11890.481087215961,10
S-B_minervini,2017-02-07,94727.55508721595,11890.481087215961,10
S-B_minervini,2017-02-08,95018.99908721595,11890.481087215961,10
S-B_minervini,2017-02-09,95610.56308721595,11890.481087215961,10
S-B_minervini,2017-02-10,95438.75733971596,20561.049339715963,9
S-B_minervini,2017-02-13,95869.60944176596,11020.570441765964,10
S-B_minervini,2017-02-14,95520.21844176596,11020.570441765964,10
S-B_minervini,2017-02-15,95789.55844176597,11020.570441765964,10
S-B_minervini,2017-02-16,94902.34674396989,38398.58774396989,7
S-B_minervini,2017-02-17,94849.8317439699,38398.58774396989,7
S-B_minervini,2017-02-21,95656.65908639671,9710.467086396711,10
S-B_minervini,2017-02-22,95354.11508639672,9710.467086396711,10
S-B_minervini,2017-02-23,93515.9460863967,9710.467086396711,10
S-B_minervini,2017-02-24,92985.31291679671,15329.611916796712,9
S-B_minervini,2017-02-27,93900.41931647298,6038.34831647297,10
S-B_minervini,2017-02-28,93380.05831647298,6038.34831647297,10
S-B_minervini,2017-03-01,95882.91758718152,11436.746587181522,10
S-B_minervini,2017-03-02,94313.01258718153,11436.746587181522,10
S-B_minervini,2017-03-03,94746.63558718152,11436.746587181522,10
S-B_minervini,2017-03-06,93141.65037626526,20209.681376265253,9
S-B_minervini,2017-03-07,92905.79837626524,20209.681376265253,9
S-B_minervini,2017-03-08,91708.1077509204,28986.264750920403,8
S-B_minervini,2017-03-09,91396.11332027806,46699.39332027806,6
S-B_minervini,2017-03-10,91427.34395660806,51985.135956608065,5
S-B_minervini,2017-03-13,91234.14016725795,24678.06216725795,8
S-B_minervini,2017-03-14,91256.50416725795,24678.06216725795,8
S-B_minervini,2017-03-15,91967.14816725795,24678.06216725795,8
S-B_minervini,2017-03-16,92014.59616725796,24678.06216725795,8
S-B_minervini,2017-03-17,93636.18269683444,29866.756696834454,8
S-B_minervini,2017-03-20,93638.42828633446,11198.196286334452,10
S-B_minervini,2017-03-21,91197.60938376874,34110.64038376873,8
S-B_minervini,2017-03-22,91267.77281322182,38662.12681322181,7
S-B_minervini,2017-03-23,91362.02581322182,38662.12681322181,7
S-B_minervini,2017-03-24,91373.10681322182,38662.12681322181,7
S-B_minervini,2017-03-27,91315.24681322182,38662.12681322181,7
S-B_minervini,2017-03-28,91522.7618132218,38662.12681322181,7
S-B_minervini,2017-03-29,91460.38581322182,38662.12681322181,7
S-B_minervini,2017-03-30,91387.07481322181,38662.12681322181,7
S-B_minervini,2017-03-31,91650.1658132218,38662.12681322181,7
S-B_minervini,2017-04-03,91104.02138565748,16964.439385657493,9
S-B_minervini,2017-04-04,90439.43646024339,25423.367460243382,8
S-B_minervini,2017-04-05,89561.02641529302,38192.724415293014,6
S-B_minervini,2017-04-06,89829.50120054302,47414.45820054301,5
S-B_minervini,2017-04-07,89753.17020054301,47414.45820054301,5
S-B_minervini,2017-04-10,89185.12989426068,4597.454894260674,10
S-B_minervini,2017-04-11,89767.46289426068,4597.454894260674,10
S-B_minervini,2017-04-12,88449.1692092311,13070.351209231078,9
S-B_minervini,2017-04-13,88017.08694081954,20915.230940819547,8
S-B_minervini,2017-04-17,89198.06334814454,12145.552348144547,9
S-B_minervini,2017-04-18,89427.95634814454,12145.552348144547,9
S-B_minervini,2017-04-19,89653.62034814454,12145.552348144547,9
S-B_minervini,2017-04-20,90286.49934814454,12145.552348144547,9
S-B_minervini,2017-04-21,90244.96734814454,12145.552348144547,9
S-B_minervini,2017-04-24,90834.51773947137,3127.343739471371,10
S-B_minervini,2017-04-25,92615.67735778798,8043.646357787962,10
S-B_minervini,2017-04-26,92899.52535778796,8043.646357787962,10
S-B_minervini,2017-04-27,93407.95435778797,8043.646357787962,10
S-B_minervini,2017-04-28,92684.49035778796,8043.646357787962,10
S-B_minervini,2017-05-01,93168.10235778797,8043.646357787962,10
S-B_minervini,2017-05-02,93185.50535778796,8043.646357787962,10
S-B_minervini,2017-05-03,94096.79035778796,8043.646357787962,10
S-B_minervini,2017-05-04,94252.17235778796,8043.646357787962,10
S-B_minervini,2017-05-05,93974.87894403795,16548.29694403796,9
S-B_minervini,2017-05-08,95367.88712333265,9162.423123332654,10
S-B_minervini,2017-05-09,96981.83812333265,9162.423123332654,10
S-B_minervini,2017-05-10,97233.86984321578,13639.213843215779,9
S-B_minervini,2017-05-11,95027.94984321579,13639.213843215779,9
S-B_minervini,2017-05-12,94673.32284321578,13639.213843215779,9
S-B_minervini,2017-05-15,94327.6215351247,12030.894535124695,9
S-B_minervini,2017-05-16,95084.2775351247,12030.894535124695,9
S-B_minervini,2017-05-17,92186.69753512468,12030.894535124695,9
S-B_minervini,2017-05-18,92728.2115351247,12030.894535124695,9
S-B_minervini,2017-05-19,92975.48153512471,12030.894535124695,9
S-B_minervini,2017-05-22,95285.26013349969,2747.844133499697,10
S-B_minervini,2017-05-23,94774.74113349972,2747.844133499697,10
S-B_minervini,2017-05-24,94229.58913349968,2747.844133499697,10
S-B_minervini,2017-05-25,94492.2561334997,2747.844133499697,10
S-B_minervini,2017-05-26,94979.3321334997,2747.844133499697,10
S-B_minervini,2017-05-30,95293.89581336596,11342.291813365975,9
S-B_minervini,2017-05-31,95920.07281336597,11342.291813365975,9
S-B_minervini,2017-06-01,96893.87581336599,11342.291813365975,9
S-B_minervini,2017-06-02,96903.63581336598,11342.291813365975,9
S-B_minervini,2017-06-05,97163.68951811522,7058.540518115221,10
S-B_minervini,2017-06-06,97328.64551811521,7058.540518115221,10
S-B_minervini,2017-06-07,97834.29351811521,7058.540518115221,10
S-B_minervini,2017-06-08,99308.4489889667,12385.410988966694,10
S-B_minervini,2017-06-09,97316.07940676437,17657.73040676438,10
S-B_minervini,2017-06-12,97258.9144067644,17657.73040676438,10
S-B_minervini,2017-06-13,97882.04540676439,17657.73040676438,10
S-B_minervini,2017-06-14,97148.35658590158,22833.48858590157,10
S-B_minervini,2017-06-15,97044.64858590157,22833.48858590157,10
S-B_minervini,2017-06-16,96819.63858590159,22833.48858590157,10
S-B_minervini,2017-06-19,98255.84058590155,22833.48858590157,10
S-B_minervini,2017-06-20,97510.35258590156,22833.48858590157,10
S-B_minervini,2017-06-21,98030.92658590156,22833.48858590157,10
S-B_minervini,2017-06-22,98249.43058590157,22833.48858590157,10
S-B_minervini,2017-06-23,98387.30658590156,22833.48858590157,10
S-B_minervini,2017-06-26,98294.47658590158,22833.48858590157,10
S-B_minervini,2017-06-27,97081.74458590156,22833.48858590157,10
S-B_minervini,2017-06-28,98274.1298292288,28271.785829228804,9
S-B_minervini,2017-06-29,96850.0978292288,28271.785829228804,9
S-B_minervini,2017-06-30,96553.43678922881,33437.65478922881,8
S-B_minervini,2017-07-03,96285.49137796709,28307.881377967093,8
S-B_minervini,2017-07-05,96346.7993779671,28307.881377967093,8
S-B_minervini,2017-07-06,95864.53937796708,28307.881377967093,8
S-B_minervini,2017-07-07,96640.9893779671,28307.881377967093,8
S-B_minervini,2017-07-10,96703.5069644975,9072.814964497498,10
S-B_minervini,2017-07-11,96314.1569644975,9072.814964497498,10
S-B_minervini,2017-07-12,97714.82596449749,9072.814964497498,10
S-B_minervini,2017-07-13,97788.1129644975,9072.814964497498,10
S-B_minervini,2017-07-14,98012.36910769751,16600.936107697496,9
S-B_minervini,2017-07-17,98044.96357381478,6806.56457381478,10
S-B_minervini,2017-07-18,97553.41128631617,14697.055286316176,9
S-B_minervini,2017-07-19,97066.32828631617,14697.055286316176,9
S-B_minervini,2017-07-20,96731.02528631616,14697.055286316176,9
S-B_minervini,2017-07-21,96660.74928631618,14697.055286316176,9
S-B_minervini,2017-07-24,95728.98166252275,13942.727662522748,9
S-B_minervini,2017-07-25,95832.14566252276,13942.727662522748,9
S-B_minervini,2017-07-26,96811.95966252276,13942.727662522748,9
S-B_minervini,2017-07-27,95856.40666252276,13942.727662522748,9
S-B_minervini,2017-07-28,95480.86966252276,13942.727662522748,9
S-B_minervini,2017-07-31,94919.13865377275,4405.941653772748,10
S-B_minervini,2017-08-01,95097.46265377276,4405.941653772748,10
S-B_minervini,2017-08-02,95404.44465377275,4405.941653772748,10
S-B_minervini,2017-08-03,96736.1228197765,9883.02681977651,10
S-B_minervini,2017-08-04,96992.9188197765,9883.02681977651,10
S-B_minervini,2017-08-07,97307.4835896765,6020.310589676512,10
S-B_minervini,2017-08-08,97213.34058967649,6020.310589676512,10
S-B_minervini,2017-08-09,97342.2686709283,11157.714670928297,10
S-B_minervini,2017-08-10,95791.3476709283,11157.714670928297,10
S-B_minervini,2017-08-11,96068.99556041897,20094.770560418965,9
S-B_minervini,2017-08-14,96948.93334609896,10501.292346098966,10
S-B_minervini,2017-08-15,96652.53534609896,10501.292346098966,10
S-B_minervini,2017-08-16,96661.36134609897,10501.292346098966,10
S-B_minervini,2017-08-17,95471.88034609897,10501.292346098966,10
S-B_minervini,2017-08-18,95313.57036784897,15472.544367848966,9
S-B_minervini,2017-08-21,94459.07461997397,5950.158619973967,10
S-B_minervini,2017-08-22,95368.00561997396,5950.158619973967,10
S-B_minervini,2017-08-23,95210.16061997398,5950.158619973967,10
S-B_minervini,2017-08-24,94582.98538562126,14886.502385621265,9
S-B_minervini,2017-08-25,94982.45738562127,14886.502385621265,9
S-B_minervini,2017-08-28,96282.74198437127,5392.866984371265,10
S-B_minervini,2017-08-29,96434.8108524119,10773.94685241189,10
S-B_minervini,2017-08-30,97079.17385241188,10773.94685241189,10
S-B_minervini,2017-08-31,98250.68885241188,10773.94685241189,10
S-B_minervini,2017-09-01,98494.65885241189,10773.94685241189,10
S-B_minervini,2017-09-05,97277.27685241187,10773.94685241189,10
S-B_minervini,2017-09-06,97707.5098524119,10773.94685241189,10
S-B_minervini,2017-09-07,97948.7558524119,10773.94685241189,10
S-B_minervini,2017-09-08,98104.1748524119,10773.94685241189,10
S-B_minervini,2017-09-11,99515.83385241189,10773.94685241189,10
S-B_minervini,2017-09-12,99706.8368524119,10773.94685241189,10
S-B_minervini,2017-09-13,99230.39285241188,10773.94685241189,10
S-B_minervini,2017-09-14,98950.50372696189,20437.84872696189,9
S-B_minervini,2017-09-15,98783.47572696189,20437.84872696189,9
S-B_minervini,2017-09-18,99604.96333206187,10589.51533206189,10
S-B_minervini,2017-09-19,100726.85733206189,10589.51533206189,10
S-B_minervini,2017-09-20,100928.70833206187,10589.51533206189,10
S-B_minervini,2017-09-21,101627.32115418688,15690.462154186891,9
S-B_minervini,2017-09-22,101741.7321541869,15690.462154186891,9
S-B_minervini,2017-09-25,102313.3177948869,5519.2417948868915,10
S-B_minervini,2017-09-26,101829.43679488689,5519.2417948868915,10
S-B_minervini,2017-09-27,103837.45079890691,10939.420798906925,9
S-B_minervini,2017-09-28,104105.51579890693,10939.420798906925,9
S-B_minervini,2017-09-29,104304.34399163928,16320.77399163926,9
S-B_minervini,2017-10-02,103973.58920890927,5977.388208909262,10
S-B_minervini,2017-10-03,104795.95777022922,16950.160770229224,10
S-B_minervini,2017-10-04,105039.24077022923,16950.160770229224,10
S-B_minervini,2017-10-05,105304.60377022922,16950.160770229224,10
S-B_minervini,2017-10-06,104921.51973743523,22721.707737435227,10
S-B_minervini,2017-10-09,106355.32173743522,22721.707737435227,10
S-B_minervini,2017-10-10,106692.30573743524,22721.707737435227,10
S-B_minervini,2017-10-11,105843.0327374352,22721.707737435227,10
S-B_minervini,2017-10-12,104429.35190799646,32312.236907996463,9
S-B_minervini,2017-10-13,104311.31413062692,37865.20713062692,9
S-B_minervini,2017-10-16,104463.90564817176,18569.710648171756,10
S-B_minervini,2017-10-17,104294.65801092175,23836.326010921755,9
S-B_minervini,2017-10-18,104565.45101092174,23836.326010921755,9
S-B_minervini,2017-10-19,104372.69101092176,23836.326010921755,9
S-B_minervini,2017-10-20,105144.95801092175,23836.326010921755,9
S-B_minervini,2017-10-23,104225.04005484912,13339.921054849116,10
S-B_minervini,2017-10-24,105422.8050548491,13339.921054849116,10
S-B_minervini,2017-10-25,103944.48847258845,23057.718472588436,9
S-B_minervini,2017-10-26,104065.26647258844,23057.718472588436,9
S-B_minervini,2017-10-27,104478.17747258843,23057.718472588436,9
S-B_minervini,2017-10-30,102042.35598508843,12626.309985088437,10
S-B_minervini,2017-10-31,101801.24582233845,22187.65182233844,9
S-B_minervini,2017-11-01,100816.37538348377,31017.013383483783,8
S-B_minervini,2017-11-02,101282.52138348378,31017.013383483783,8
S-B_minervini,2017-11-03,101230.33511857153,35795.47311857153,8
S-B_minervini,2017-11-06,100950.86828107154,15589.950281071533,10
S-B_minervini,2017-11-07,99786.116811466,34046.971811465985,8
S-B_minervini,2017-11-08,99636.14800865135,39576.01600865135,7
S-B_minervini,2017-11-09,99311.81900865135,39576.01600865135,7
S-B_minervini,2017-11-10,98974.65054514469,48940.518545144696,6
S-B_minervini,2017-11-13,98326.15727423805,10016.930274238048,10
S-B_minervini,2017-11-14,97707.90869870293,24883.018698702937,8
S-B_minervini,2017-11-15,96918.78669870293,24883.018698702937,8
S-B_minervini,2017-11-16,97322.84760925433,34032.54760925433,7
S-B_minervini,2017-11-17,97627.97760925433,34032.54760925433,7
S-B_minervini,2017-11-20,98983.30721175828,24271.974211758275,8
S-B_minervini,2017-11-21,100850.70055723586,35455.09455723586,8
S-B_minervini,2017-11-22,100498.51455723586,35455.09455723586,8
S-B_minervini,2017-11-24,100543.08555723586,35455.09455723586,8
S-B_minervini,2017-11-27,100170.93272711971,25425.618727119705,9
S-B_minervini,2017-11-28,101464.85372711971,25425.618727119705,9
S-B_minervini,2017-11-29,101510.99972711972,25425.618727119705,9
S-B_minervini,2017-11-30,102574.20172711971,25425.618727119705,9
S-B_minervini,2017-12-01,102118.5397271197,25425.618727119705,9
S-B_minervini,2017-12-04,101033.35077442566,34431.16277442566,8
S-B_minervini,2017-12-05,100318.82038517606,39932.28838517606,7
S-B_minervini,2017-12-06,99809.75438517606,39932.28838517606,7
S-B_minervini,2017-12-07,100370.72438517606,39932.28838517606,7
S-B_minervini,2017-12-08,100187.00238517608,39932.28838517606,7
S-B_minervini,2017-12-11,99458.30323827667,54574.04323827667,6
S-B_minervini,2017-12-12,99481.32030686666,63939.010306866665,5
S-B_minervini,2017-12-13,99800.37030686667,63939.010306866665,5
S-B_minervini,2017-12-14,99360.55230686667,63939.010306866665,5
S-B_minervini,2017-12-15,99251.73030686667,63939.010306866665,5
S-B_minervini,2017-12-18,99112.48748755675,40180.15948755674,7
S-B_minervini,2017-12-19,99968.22548755675,40180.15948755674,7
S-B_minervini,2017-12-20,100076.16652588017,48053.97852588018,6
S-B_minervini,2017-12-21,99677.05052588019,48053.97852588018,6
S-B_minervini,2017-12-22,99544.37052588016,48053.97852588018,6
S-B_minervini,2017-12-26,100147.11744138018,38105.45544138018,7
S-B_minervini,2017-12-27,99981.8374413802,38105.45544138018,7
S-B_minervini,2017-12-28,100933.68744138019,38105.45544138018,7
S-B_minervini,2017-12-29,100633.70544138018,38105.45544138018,7
S-B_minervini,2018-01-02,101315.90495756132,24329.904957561317,9
S-B_minervini,2018-01-03,101806.14608832571,29772.838088325712,9
S-B_minervini,2018-01-04,102538.03544000628,39080.19144000628,8
S-B_minervini,2018-01-05,102331.78944000628,39080.19144000628,8
S-B_minervini,2018-01-08,102421.5203280896,28404.654328089604,9
S-B_minervini,2018-01-09,103516.0163280896,28404.654328089604,9
S-B_minervini,2018-01-10,103507.92416845194,39377.58216845193,9
S-B_minervini,2018-01-11,104782.42880825192,45101.41280825193,8
S-B_minervini,2018-01-12,105037.46880825193,45101.41280825193,8
S-B_minervini,2018-01-16,103617.46095146752,29752.030951467514,10
S-B_minervini,2018-01-17,104124.82615830514,39475.756158305136,9
S-B_minervini,2018-01-18,104578.28815830513,39475.756158305136,9
S-B_minervini,2018-01-19,104116.84615830512,39475.756158305136,9
S-B_minervini,2018-01-22,104196.72307125885,38781.04307125886,9
S-B_minervini,2018-01-23,104675.42792266427,44426.22292266427,9
S-B_minervini,2018-01-24,104857.54992266427,44426.22292266427,9
S-B_minervini,2018-01-25,105164.55592266427,44426.22292266427,9
S-B_minervini,2018-01-26,105395.09798272022,49875.38498272022,8
S-B_minervini,2018-01-29,104761.7030795202,28832.660079520218,10
S-B_minervini,2018-01-30,104224.0020795202,28832.660079520218,10
S-B_minervini,2018-01-31,104924.60248483001,39983.680484830016,9
S-B_minervini,2018-02-01,105235.05611261429,45332.11111261428,8
S-B_minervini,2018-02-02,104445.01760400215,54975.513604002146,7
S-B_minervini,2018-02-05,101382.30049198345,39086.65449198345,8
S-B_minervini,2018-02-06,101885.23119101026,44262.320191010265,7
S-B_minervini,2018-02-07,102262.98479638527,49496.10079638527,6
S-B_minervini,2018-02-08,100422.6329865276,58967.448986527605,5
S-B_minervini,2018-02-09,100108.31225782413,68175.44325782412,4
S-B_minervini,2018-02-12,100972.58615982413,58181.361159824126,5
S-B_minervini,2018-02-13,101693.96715982413,58181.361159824126,5
S-B_minervini,2018-02-14,102138.71815982411,58181.361159824126,5
S-B_minervini,2018-02-15,103467.65515982412,58181.361159824126,5
S-B_minervini,2018-02-16,103796.28115982412,58181.361159824126,5
S-B_minervini,2018-02-20,103761.35215982414,58181.361159824126,5
S-B_minervini,2018-02-21,103457.02115982413,58181.361159824126,5
S-B_minervini,2018-02-22,103366.24015982411,58181.361159824126,5
S-B_minervini,2018-02-23,101543.21670657414,66949.28770657413,4
S-B_minervini,2018-02-26,101874.05570657415,66949.28770657413,4
S-B_minervini,2018-02-27,101857.81370657413,66949.28770657413,4
S-B_minervini,2018-02-28,102258.76642685964,72728.99642685964,4
S-B_minervini,2018-03-01,101442.91829408289,82394.98029408288,3
S-B_minervini,2018-03-02,102012.7250970021,87965.0850970021,2
S-B_minervini,2018-03-05,101872.4450970021,87965.0850970021,2
S-B_minervini,2018-03-06,101719.8850970021,87965.0850970021,2
S-B_minervini,2018-03-07,101939.73509700209,87965.0850970021,2
S-B_minervini,2018-03-08,101844.7250970021,87965.0850970021,2
S-B_minervini,2018-03-09,102225.1450970021,87965.0850970021,2
S-B_minervini,2018-03-12,100214.9517824744,86453.5817824744,2
S-B_minervini,2018-03-13,100107.2817824744,86453.5817824744,2
S-B_minervini,2018-03-14,99915.1517824744,86453.5817824744,2
S-B_minervini,2018-03-15,99256.4017824744,86453.5817824744,2
S-B_minervini,2018-03-16,99423.7940217244,93305.2340217244,1
S-B_minervini,2018-03-19,99339.3740217244,93305.2340217244,1
S-B_minervini,2018-03-20,99360.7940217244,93305.2340217244,1
S-B_minervini,2018-03-21,99471.67402172441,93305.2340217244,1
S-B_minervini,2018-03-22,99449.6240217244,93305.2340217244,1
S-B_minervini,2018-03-23,99472.9340217244,93305.2340217244,1
S-B_minervini,2018-03-26,99474.19402172441,93305.2340217244,1
S-B_minervini,2018-03-27,99376.5440217244,93305.2340217244,1
S-B_minervini,2018-03-28,99426.94402172441,93305.2340217244,1
S-B_minervini,2018-03-29,99445.8440217244,93305.2340217244,1
S-B_minervini,2018-04-02,99440.17402172441,93305.2340217244,1
S-B_minervini,2018-04-03,99471.9221207644,99471.9221207644,0
S-B_minervini,2018-04-04,99471.9221207644,99471.9221207644,0
S-B_minervini,2018-04-05,99471.9221207644,99471.9221207644,0
S-B_minervini,2018-04-06,99471.9221207644,99471.9221207644,0
S-B_minervini,2018-04-09,99252.7954073644,89538.6854073644,1
S-B_minervini,2018-04-10,99257.90540736441,89538.6854073644,1
S-B_minervini,2018-04-11,99360.1054073644,89538.6854073644,1
S-B_minervini,2018-04-12,99411.20540736441,89538.6854073644,1
S-B_minervini,2018-04-13,99400.98540736441,89538.6854073644,1
S-B_minervini,2018-04-16,99359.98072249764,70527.96572249764,3
S-B_minervini,2018-04-17,99765.96572249764,70527.96572249764,3
S-B_minervini,2018-04-18,100105.28572249765,70527.96572249764,3
S-B_minervini,2018-04-19,100162.00072249764,70527.96572249764,3
S-B_minervini,2018-04-20,99966.17572249763,70527.96572249764,3
S-B_minervini,2018-04-23,98446.74949963146,26665.396499631453,7
S-B_minervini,2018-04-24,96886.82493536809,35897.4609353681,6
S-B_minervini,2018-04-25,97066.42393536809,35897.4609353681,6
S-B_minervini,2018-04-26,97837.96193536809,35897.4609353681,6
S-B_minervini,2018-04-27,97333.1649353681,35897.4609353681,6
S-B_minervini,2018-04-30,96897.20453410505,79.2945341050663,10
S-B_minervini,2018-05-01,96417.69321774873,9300.741217748731,9
S-B_minervini,2018-05-02,97094.21221774872,9300.741217748731,9
S-B_minervini,2018-05-03,96996.17421774872,9300.741217748731,9
S-B_minervini,2018-05-04,97752.76321774872,9300.741217748731,9
S-B_minervini,2018-05-07,98807.65419524873,260.18719524873086,10
S-B_minervini,2018-05-08,99194.34919524872,260.18719524873086,10
S-B_minervini,2018-05-09,102319.84844555991,6493.698445559918,10
S-B_minervini,2018-05-10,103431.10523043352,12003.924230433517,10
S-B_minervini,2018-05-11,103522.38823043353,12003.924230433517,10
S-B_minervini,2018-05-14,103124.437323549,21992.739323548994,9
S-B_minervini,2018-05-15,103468.669323549,21992.739323548994,9
S-B_minervini,2018-05-16,105577.61610314457,43636.631103144566,8
S-B_minervini,2018-05-17,105957.18810314457,43636.631103144566,8
S-B_minervini,2018-05-18,106255.54110314455,43636.631103144566,8
S-B_minervini,2018-05-21,106967.92597324705,25022.302973247064,10
S-B_minervini,2018-05-22,106117.31497324706,25022.302973247064,10
S-B_minervini,2018-05-23,105877.71097324706,25022.302973247064,10
S-B_minervini,2018-05-24,106136.77997324706,25022.302973247064,10
S-B_minervini,2018-05-25,105812.50474405836,34849.71174405836,9
S-B_minervini,2018-05-29,106312.09175340108,19008.19275340109,10
S-B_minervini,2018-05-30,107497.81775340109,19008.19275340109,10
S-B_minervini,2018-05-31,105697.68600295109,30017.37300295109,9
S-B_minervini,2018-06-01,107103.7652417619,39799.65024176189,8
S-B_minervini,2018-06-04,106753.24156736824,33149.97956736823,9
S-B_minervini,2018-06-05,108422.96256736823,33149.97956736823,9
S-B_minervini,2018-06-06,109099.62679846308,39078.87879846307,9
S-B_minervini,2018-06-07,108240.75232394307,44553.39332394307,8
S-B_minervini,2018-06-08,107666.39732394306,44553.39332394307,8
S-B_minervini,2018-06-11,105324.97970856822,42912.129708568216,8
S-B_minervini,2018-06-12,105675.51456856822,50429.74456856822,7
S-B_minervini,2018-06-13,106257.61820485158,56300.64220485157,6
S-B_minervini,2018-06-14,106993.99325465156,61789.29825465157,5
S-B_minervini,2018-06-15,107035.03714431758,67874.4261443176,5
S-B_minervini,2018-06-18,106909.94226778571,25825.0082677857,9
S-B_minervini,2018-06-19,105851.22808028973,35039.33608028973,8
S-B_minervini,2018-06-20,107315.95508028974,35039.33608028973,8
S-B_minervini,2018-06-21,106516.30808028972,35039.33608028973,8
S-B_minervini,2018-06-22,105165.3555652774,42445.47256527739,7
S-B_minervini,2018-06-25,101380.7441130462,20183.728113046196,9
S-B_minervini,2018-06-26,101970.8062555462,25621.642255546198,8
S-B_minervini,2018-06-27,99769.5772555462,25621.642255546198,8
S-B_minervini,2018-06-28,99833.10752549398,54947.61652549397,5
S-B_minervini,2018-06-29,99674.15752549397,54947.61652549397,5
S-B_minervini,2018-07-02,100955.09998606645,51098.31298606645,6
S-B_minervini,2018-07-03,100698.72798606646,51098.31298606645,6
S-B_minervini,2018-07-05,101117.00998606645,51098.31298606645,6
S-B_minervini,2018-07-06,101981.84998606645,51098.31298606645,6
S-B_minervini,2018-07-09,102196.39598606645,51098.31298606645,6
S-B_minervini,2018-07-10,102186.55873206645,56832.826732066445,5
S-B_minervini,2018-07-11,101710.33473206643,56832.826732066445,5
S-B_minervini,2018-07-12,101915.85573206644,56832.826732066445,5
S-B_minervini,2018-07-13,101308.98973206645,56832.826732066445,5
S-B_minervini,2018-07-16,100793.72291485255,27394.172914852563,8
S-B_minervini,2018-07-17,98881.04620597756,36916.225205977564,7
S-B_minervini,2018-07-18,99099.38420597756,36916.225205977564,7
S-B_minervini,2018-07-19,98750.66420597756,36916.225205977564,7
S-B_minervini,2018-07-20,98622.78832141997,45943.090321419964,6
S-B_minervini,2018-07-23,98497.81304505606,7019.3710450560575,10
S-B_minervini,2018-07-24,98059.53086857883,16064.702868578825,9
S-B_minervini,2018-07-25,98695.81586857882,16064.702868578825,9
S-B_minervini,2018-07-26,99100.06711898601,21636.987118986035,9
S-B_minervini,2018-07-27,98127.63160298973,30961.576602989735,8
S-B_minervini,2018-07-30,96241.8969857198,29524.860985719795,8
S-B_minervini,2018-07-31,96915.75085788223,35215.08185788222,7
S-B_minervini,2018-08-01,97180.36785788221,35215.08185788222,7
S-B_minervini,2018-08-02,97912.71785788222,35215.08185788222,7
S-B_minervini,2018-08-03,97981.29485788223,35215.08185788222,7
S-B_minervini,2018-08-06,98069.14882532723,5906.324825327225,10
S-B_minervini,2018-08-07,97922.79804807871,14952.948048078697,9
S-B_minervini,2018-08-08,97637.11404807871,14952.948048078697,9
S-B_minervini,2018-08-09,97825.4800480787,14952.948048078697,9
S-B_minervini,2018-08-10,97249.9590480787,14952.948048078697,9
S-B_minervini,2018-08-13,96764.98595554451,5234.05095554451,10
S-B_minervini,2018-08-14,98161.43095554452,5234.05095554451,10
S-B_minervini,2018-08-15,96793.18297822315,14474.47997822314,9
S-B_minervini,2018-08-16,97374.67997822314,14474.47997822314,9
S-B_minervini,2018-08-17,97470.28697822314,14474.47997822314,9
S-B_minervini,2018-08-20,97259.0526784164,4732.338678416385,10
S-B_minervini,2018-08-21,97625.76167841638,4732.338678416385,10
S-B_minervini,2018-08-22,97594.1366784164,4732.338678416385,10
S-B_minervini,2018-08-23,97459.65767841638,4732.338678416385,10
S-B_minervini,2018-08-24,97696.25867841637,4732.338678416385,10
S-B_minervini,2018-08-27,97976.91467841639,4732.338678416385,10
S-B_minervini,2018-08-28,98195.90267841639,4732.338678416385,10
S-B_minervini,2018-08-29,98539.15778977826,10247.21978977826,10
S-B_minervini,2018-08-30,97577.01760540616,18862.079605406165,9
S-B_minervini,2018-08-31,97805.45160540617,18862.079605406165,9
S-B_minervini,2018-09-04,97150.67342041056,5402.099420410548,10
S-B_minervini,2018-09-05,94599.65152053686,31985.459520536853,7
S-B_minervini,2018-09-06,94545.41526610989,41036.0312661099,6
S-B_minervini,2018-09-07,94003.59827323741,46570.856273237405,6
S-B_minervini,2018-09-10,95005.5190214374,9196.067021437411,10
S-B_minervini,2018-09-11,95356.19101715434,17883.226017154346,9
S-B_minervini,2018-09-12,95846.74801715434,17883.226017154346,9
S-B_minervini,2018-09-13,96432.69001715434,17883.226017154346,9
S-B_minervini,2018-09-14,97059.42953220455,23148.170532204564,9
S-B_minervini,2018-09-17,95362.42617431456,13551.115174314564,10
S-B_minervini,2018-09-18,96130.76778651442,18742.654786514402,9
S-B_minervini,2018-09-19,95213.2477865144,18742.654786514402,9
S-B_minervini,2018-09-20,95333.59078651443,18742.654786514402,9
S-B_minervini,2018-09-21,94528.76278651439,18742.654786514402,9
S-B_minervini,2018-09-24,95235.51270601442,9357.698706014402,10
S-B_minervini,2018-09-25,95125.0077060144,9357.698706014402,10
S-B_minervini,2018-09-26,95094.80270601441,9357.698706014402,10
S-B_minervini,2018-09-27,94992.74885471156,18046.492854711563,9
S-B_minervini,2018-09-28,95622.56885471157,18046.492854711563,9
S-B_minervini,2018-10-01,94239.88533871158,8511.451338711564,10
S-B_minervini,2018-10-02,93010.2287024813,17409.972702481304,9
S-B_minervini,2018-10-03,93970.3087024813,17409.972702481304,9
S-B_minervini,2018-10-04,93051.1947024813,17409.972702481304,9
S-B_minervini,2018-10-05,92205.27118612961,31080.85018612961,7
S-B_minervini,2018-10-08,91700.54092400688,21863.169924006885,8
S-B_minervini,2018-10-09,91642.18192400689,21863.169924006885,8
S-B_minervini,2018-10-10,88928.61549605965,28040.972496059643,7
S-B_minervini,2018-10-11,88034.0759243719,51550.691924371895,4
S-B_minervini,2018-10-12,88773.65355013392,69210.67355013391,2
S-B_minervini,2018-10-15,88725.64875368953,51471.72875368953,4
S-B_minervini,2018-10-16,90261.03421499365,56890.41921499365,4
S-B_minervini,2018-10-17,90383.64921499365,56890.41921499365,4
S-B_minervini,2018-10-18,89465.76921499365,56890.41921499365,4
S-B_minervini,2018-10-19,89126.21921499365,56890.41921499365,4
S-B_minervini,2018-10-22,88959.16463086134,56214.21463086134,4
S-B_minervini,2018-10-23,88510.86940640764,65145.10940640763,3
S-B_minervini,2018-10-24,87815.36940640764,65145.10940640763,3
S-B_minervini,2018-10-25,87640.88940640763,65145.10940640763,3
S-B_minervini,2018-10-26,87272.56590056763,69949.64590056763,2
S-B_minervini,2018-10-29,87293.96590056762,69949.64590056763,2
S-B_minervini,2018-10-30,87481.68590056762,69949.64590056763,2
S-B_minervini,2018-10-31,87670.69590056763,69949.64590056763,2
S-B_minervini,2018-11-01,87610.40590056762,69949.64590056763,2
S-B_minervini,2018-11-02,89085.57040960339,74989.26040960339,2
S-B_minervini,2018-11-05,88770.47540960339,74989.26040960339,2
S-B_minervini,2018-11-06,88665.46540960339,74989.26040960339,2
S-B_minervini,2018-11-07,88909.86540960339,74989.26040960339,2
S-B_minervini,2018-11-08,88837.16040960338,74989.26040960339,2
S-B_minervini,2018-11-09,88867.62540960338,74989.26040960339,2
S-B_minervini,2018-11-12,88809.80461974256,66103.91261974256,3
S-B_minervini,2018-11-13,88782.15061974256,66103.91261974256,3
S-B_minervini,2018-11-14,88776.90361974257,66103.91261974256,3
S-B_minervini,2018-11-15,88815.93661974257,66103.91261974256,3
S-B_minervini,2018-11-16,88883.55661974257,66103.91261974256,3
S-B_minervini,2018-11-19,88879.67161974256,66103.91261974256,3
S-B_minervini,2018-11-20,88688.59261974256,66103.91261974256,3
S-B_minervini,2018-11-21,88869.13861974256,66103.91261974256,3
S-B_minervini,2018-11-23,88894.45561974257,66103.91261974256,3
S-B_minervini,2018-11-26,88826.42661974256,66103.91261974256,3
S-B_minervini,2018-11-27,88936.67561974257,66103.91261974256,3
S-B_minervini,2018-11-28,89145.97661974256,66103.91261974256,3
S-B_minervini,2018-11-29,89030.73661974256,66103.91261974256,3
S-B_minervini,2018-11-30,88912.82961974257,66103.91261974256,3
S-B_minervini,2018-12-03,88894.47161974257,66103.91261974256,3
S-B_minervini,2018-12-04,88721.52561974256,66103.91261974256,3
S-B_minervini,2018-12-06,88654.99007510266,71084.85507510266,2
S-B_minervini,2018-12-07,88673.47007510267,71084.85507510266,2
S-B_minervini,2018-12-10,88624.69107510266,71084.85507510266,2
S-B_minervini,2018-12-11,88574.05907510266,71084.85507510266,2
S-B_minervini,2018-12-12,88589.48407510266,71084.85507510266,2
S-B_minervini,2018-12-13,88520.92307510266,71084.85507510266,2
S-B_minervini,2018-12-14,88431.97907510266,71084.85507510266,2
S-B_minervini,2018-12-17,88230.78112500094,79311.10112500095,1
S-B_minervini,2018-12-18,88199.58454420094,88199.58454420094,0
S-B_minervini,2018-12-19,88199.58454420094,88199.58454420094,0
S-B_minervini,2018-12-20,88199.58454420094,88199.58454420094,0
S-B_minervini,2018-12-21,88199.58454420094,88199.58454420094,0
S-B_minervini,2018-12-24,88199.58454420094,88199.58454420094,0
S-B_minervini,2018-12-26,88199.58454420094,88199.58454420094,0
S-B_minervini,2018-12-27,88199.58454420094,88199.58454420094,0
S-B_minervini,2018-12-28,88199.58454420094,88199.58454420094,0
S-B_minervini,2018-12-31,88199.58454420094,88199.58454420094,0
S-B_minervini,2019-01-02,88199.58454420094,88199.58454420094,0
S-B_minervini,2019-01-03,88199.58454420094,88199.58454420094,0
S-B_minervini,2019-01-04,88199.58454420094,88199.58454420094,0
S-B_minervini,2019-01-07,88199.58454420094,88199.58454420094,0
S-B_minervini,2019-01-08,88199.58454420094,88199.58454420094,0
S-B_minervini,2019-01-09,88199.58454420094,88199.58454420094,0
S-B_minervini,2019-01-10,88199.58454420094,88199.58454420094,0
S-B_minervini,2019-01-11,88199.58454420094,88199.58454420094,0
S-B_minervini,2019-01-14,87551.48302316782,52971.13902316782,4
S-B_minervini,2019-01-15,88344.86702316783,52971.13902316782,4
S-B_minervini,2019-01-16,88535.41502316782,52971.13902316782,4
S-B_minervini,2019-01-17,88798.32302316782,52971.13902316782,4
S-B_minervini,2019-01-18,88639.41302316781,52971.13902316782,4
S-B_minervini,2019-01-22,87745.15466840782,44118.70066840782,5
S-B_minervini,2019-01-23,87392.78863833984,52263.620638339846,4
S-B_minervini,2019-01-24,87882.19863833985,52263.620638339846,4
S-B_minervini,2019-01-25,88204.96463833985,52263.620638339846,4
S-B_minervini,2019-01-28,87943.62357997533,34741.26757997534,6
S-B_minervini,2019-01-29,87762.26957997534,34741.26757997534,6
S-B_minervini,2019-01-30,88747.87157997534,34741.26757997534,6
S-B_minervini,2019-01-31,89185.58157997533,34741.26757997534,6
S-B_minervini,2019-02-01,89056.34757997535,34741.26757997534,6
S-B_minervini,2019-02-04,89595.64883988533,8128.030839885341,9
S-B_minervini,2019-02-05,88577.34720581444,16284.471205814441,8
S-B_minervini,2019-02-06,88879.66320581443,16284.471205814441,8
S-B_minervini,2019-02-07,87953.95920581443,16284.471205814441,8
S-B_minervini,2019-02-08,88744.13920581444,16284.471205814441,8
S-B_minervini,2019-02-11,89427.73367704073,11.978677040738148,10
S-B_minervini,2019-02-12,90881.32179512964,4994.884795129637,10
S-B_minervini,2019-02-13,90031.21679512964,4994.884795129637,10
S-B_minervini,2019-02-14,90719.29102056121,13193.845020561213,9
S-B_minervini,2019-02-15,91845.21002056121,13193.845020561213,9
S-B_minervini,2019-02-19,91631.5608337912,8981.915833791212,10
S-B_minervini,2019-02-20,92156.1938337912,8981.915833791212,10
S-B_minervini,2019-02-21,92279.92483379121,8981.915833791212,10
S-B_minervini,2019-02-22,93341.26637062046,13957.801370620471,10
S-B_minervini,2019-02-25,92926.01937062046,13957.801370620471,10
S-B_minervini,2019-02-26,92816.55337062047,13957.801370620471,10
S-B_minervini,2019-02-27,94331.79437062045,13957.801370620471,10
S-B_minervini,2019-02-28,95348.46146682097,27440.955466820968,9
S-B_minervini,2019-03-01,96691.88746682098,27440.955466820968,9
S-B_minervini,2019-03-04,94888.66155947343,26738.95355947343,9
S-B_minervini,2019-03-05,95065.64955947343,26738.95355947343,9
S-B_minervini,2019-03-06,93524.07655947344,26738.95355947343,9
S-B_minervini,2019-03-07,92993.27455947343,26738.95355947343,9
S-B_minervini,2019-03-08,93284.83855947344,26738.95355947343,9
S-B_minervini,2019-03-11,94674.92057770831,13008.829577708333,10
S-B_minervini,2019-03-12,95266.80357770834,13008.829577708333,10
S-B_minervini,2019-03-13,95262.25457770834,13008.829577708333,10
S-B_minervini,2019-03-14,95486.4221733777,18043.1551733777,10
S-B_minervini,2019-03-15,95803.96217337772,18043.1551733777,10
S-B_minervini,2019-03-18,95345.94817337769,18043.1551733777,10
S-B_minervini,2019-03-19,94856.7661733777,18043.1551733777,10
S-B_minervini,2019-03-20,93780.3660337941,26682.296033794097,9
S-B_minervini,2019-03-21,95038.8690337941,26682.296033794097,9
S-B_minervini,2019-03-22,92613.81303379411,26682.296033794097,9
S-B_minervini,2019-03-25,94196.86806390784,22679.507063907837,10
S-B_minervini,2019-03-26,93942.42157584972,27285.567575849713,9
S-B_minervini,2019-03-27,93117.57657584971,27285.567575849713,9
S-B_minervini,2019-03-28,93413.08707885256,39162.67907885256,7
S-B_minervini,2019-03-29,93603.20207885257,39162.67907885256,7
S-B_minervini,2019-04-01,93691.39000922826,11148.258009228244,10
S-B_minervini,2019-04-02,93524.61200922824,11148.258009228244,10
S-B_minervini,2019-04-03,93804.13800922825,11148.258009228244,10
S-B_minervini,2019-04-04,93424.77700922824,11148.258009228244,10
S-B_minervini,2019-04-05,93904.26900922824,11148.258009228244,10
S-B_minervini,2019-04-08,94139.47900922823,11148.258009228244,10
S-B_minervini,2019-04-09,93560.47000922824,11148.258009228244,10
S-B_minervini,2019-04-10,94047.00200922825,11148.258009228244,10
S-B_minervini,2019-04-11,94168.04300922823,11148.258009228244,10
S-B_minervini,2019-04-12,94331.73700922824,11148.258009228244,10
S-B_minervini,2019-04-15,94459.95400922823,11148.258009228244,10
S-B_minervini,2019-04-16,93809.13200922825,11148.258009228244,10
S-B_minervini,2019-04-17,92490.55158340177,18044.47758340177,9
S-B_minervini,2019-04-18,92658.43030978178,23519.89030978177,8
S-B_minervini,2019-04-22,92766.6833836676,5040.2883836676065,10
S-B_minervini,2019-04-23,93983.17038366762,5040.2883836676065,10
S-B_minervini,2019-04-24,94150.60738366758,5040.2883836676065,10
S-B_minervini,2019-04-25,92960.32221237296,13666.05221237296,9
S-B_minervini,2019-04-26,93132.73021237296,13666.05221237296,9
S-B_minervini,2019-04-29,94099.34201701995,9330.589017019978,10
S-B_minervini,2019-04-30,94617.51901701998,9330.589017019978,10
S-B_minervini,2019-05-01,94771.44601701997,9330.589017019978,10
S-B_minervini,2019-05-02,93987.99565701999,17953.31765701998,9
S-B_minervini,2019-05-03,95253.76965701999,17953.31765701998,9
S-B_minervini,2019-05-06,95841.20012680718,13683.48812680717,10
S-B_minervini,2019-05-07,94688.18812680716,13683.48812680717,10
S-B_minervini,2019-05-08,94900.02112680717,13683.48812680717,10
S-B_minervini,2019-05-09,94997.18783155715,26861.84183155717,8
S-B_minervini,2019-05-10,94908.20483155717,26861.84183155717,8
S-B_minervini,2019-05-13,91063.04871876145,25454.07871876144,8
S-B_minervini,2019-05-14,92054.10071876145,25454.07871876144,8
S-B_minervini,2019-05-15,92924.77771876144,25454.07871876144,8
S-B_minervini,2019-05-16,91571.11612327347,34003.558123273484,7
S-B_minervini,2019-05-17,90727.23212327348,34003.558123273484,7
S-B_minervini,2019-05-20,90442.9533132735,42177.18631327349,6
S-B_minervini,2019-05-21,90181.25229150389,50798.947291503886,5
S-B_minervini,2019-05-22,89860.9442915039,50798.947291503886,5
S-B_minervini,2019-05-23,88972.09601813616,59616.23101813617,4
S-B_minervini,2019-05-24,89068.59501813617,59616.23101813617,4
S-B_minervini,2019-05-28,89194.96520413617,50784.59420413617,5
S-B_minervini,2019-05-29,88610.34120413617,50784.59420413617,5
S-B_minervini,2019-05-30,88664.63320413616,50784.59420413617,5
S-B_minervini,2019-05-31,88159.98520413617,50784.59420413617,5
S-B_minervini,2019-06-03,87545.91810359817,50228.25910359818,5
S-B_minervini,2019-06-04,88684.75210359818,50228.25910359818,5
S-B_minervini,2019-06-05,89487.36210359818,50228.25910359818,5
S-B_minervini,2019-06-06,89465.17510359819,50228.25910359818,5
S-B_minervini,2019-06-07,89585.82710359819,50228.25910359818,5
S-B_minervini,2019-06-10,89774.07610359817,50228.25910359818,5
S-B_minervini,2019-06-11,89841.44510359818,50228.25910359818,5
S-B_minervini,2019-06-12,89659.12510359818,50228.25910359818,5
S-B_minervini,2019-06-13,89476.24010359819,50228.25910359818,5
S-B_minervini,2019-06-14,89335.13910359818,50228.25910359818,5
S-B_minervini,2019-06-17,89365.25358964404,32374.719589644046,7
S-B_minervini,2019-06-18,89677.41158964405,32374.719589644046,7
S-B_minervini,2019-06-19,90714.89358964405,32374.719589644046,7
S-B_minervini,2019-06-20,90666.94558964405,32374.719589644046,7
S-B_minervini,2019-06-21,89736.40458964405,32374.719589644046,7
S-B_minervini,2019-06-24,88424.14483745628,3026.953837456281,10
S-B_minervini,2019-06-25,87043.26283745626,3026.953837456281,10
S-B_minervini,2019-06-26,86506.94408676791,16851.827086767902,8
S-B_minervini,2019-06-27,87807.3630867679,16851.827086767902,8
S-B_minervini,2019-06-28,88543.14508676791,16851.827086767902,8
S-B_minervini,2019-07-01,88693.90998338895,13297.393983388949,9
S-B_minervini,2019-07-02,88345.73498338896,13297.393983388949,9
S-B_minervini,2019-07-03,88127.08318349942,22186.10018349941,8
S-B_minervini,2019-07-05,88130.53876995094,30589.457769950954,7
S-B_minervini,2019-07-08,87751.54876995095,30589.457769950954,7
S-B_minervini,2019-07-09,88205.11176995095,30589.457769950954,7
S-B_minervini,2019-07-10,88399.66876995095,30589.457769950954,7
S-B_minervini,2019-07-11,88690.30887924676,35680.15687924675,7
S-B_minervini,2019-07-12,88318.08487924674,35680.15687924675,7
S-B_minervini,2019-07-15,88407.1608759353,10814.26987593531,10
S-B_minervini,2019-07-16,87911.7348759353,10814.26987593531,10
S-B_minervini,2019-07-17,87791.01387593531,10814.26987593531,10
S-B_minervini,2019-07-18,87914.66587593532,10814.26987593531,10
S-B_minervini,2019-07-19,87485.9358759353,10814.26987593531,10
S-B_minervini,2019-07-22,87132.6774624649,19083.17346246489,9
S-B_minervini,2019-07-23,86384.40416562304,27230.00716562304,8
S-B_minervini,2019-07-24,87170.44716562303,27230.00716562304,8
S-B_minervini,2019-07-25,87739.87516562305,27230.00716562304,8
S-B_minervini,2019-07-26,88660.78116562303,27230.00716562304,8
S-B_minervini,2019-07-29,87256.85319435791,25447.382194357902,8
S-B_minervini,2019-07-30,87308.2451943579,25447.382194357902,8
S-B_minervini,2019-07-31,88729.22473711935,30454.215737119353,8
S-B_minervini,2019-08-01,88926.82373711935,30454.215737119353,8
S-B_minervini,2019-08-02,89336.70482918652,35215.60882918653,8
S-B_minervini,2019-08-05,86813.09050346786,33798.809503467855,8
S-B_minervini,2019-08-06,86892.60099131058,42066.71899131059,7
S-B_minervini,2019-08-07,86929.8157982859,46863.3557982859,6
S-B_minervini,2019-08-08,87721.96179828589,46863.3557982859,6
S-B_minervini,2019-08-09,87317.62579828591,46863.3557982859,6
S-B_minervini,2019-08-12,86958.25344941087,29695.881449410866,8
S-B_minervini,2019-08-13,87621.79244941086,29695.881449410866,8
S-B_minervini,2019-08-14,86424.53844941086,29695.881449410866,8
S-B_minervini,2019-08-15,87201.89544941086,29695.881449410866,8
S-B_minervini,2019-08-16,87922.82244941086,29695.881449410866,8
S-B_minervini,2019-08-19,88245.26171200201,20937.962712002016,9
S-B_minervini,2019-08-20,88079.03271200202,20937.962712002016,9
S-B_minervini,2019-08-21,88795.30371200202,20937.962712002016,9
S-B_minervini,2019-08-22,88969.92171200202,20937.962712002016,9
S-B_minervini,2019-08-23,87632.22271200203,20937.962712002016,9
S-B_minervini,2019-08-26,88073.66703062701,12204.932030627015,10
S-B_minervini,2019-08-27,87212.28087429187,19412.30587429188,9
S-B_minervini,2019-08-28,87431.95587429187,19412.30587429188,9
S-B_minervini,2019-08-29,87464.10125371553,27532.768253715534,8
S-B_minervini,2019-08-30,87502.36583244053,36219.76883244053,7
S-B_minervini,2019-09-03,87505.0131369393,27471.250136939303,8
S-B_minervini,2019-09-04,87164.3005969693,38968.251596969305,6
S-B_minervini,2019-09-05,87192.44159696931,38968.251596969305,6
S-B_minervini,2019-09-06,86955.2567111993,43533.3377111993,5
S-B_minervini,2019-09-09,86063.1597111993,43533.3377111993,5
S-B_minervini,2019-09-10,86193.52284984812,51584.380849848116,4
S-B_minervini,2019-09-11,85736.84884984812,51584.380849848116,4
S-B_minervini,2019-09-12,85913.23084984813,51584.380849848116,4
S-B_minervini,2019-09-13,86038.95984984812,51584.380849848116,4
S-B_minervini,2019-09-16,86173.26030294129,161.6723029412733,10
S-B_minervini,2019-09-17,86453.85230294126,161.6723029412733,10
S-B_minervini,2019-09-18,87568.22330294127,161.6723029412733,10
S-B_minervini,2019-09-19,87297.44430294127,161.6723029412733,10
S-B_minervini,2019-09-20,87322.83788064089,5125.92288064089,10
S-B_minervini,2019-09-23,87425.84888064089,5125.92288064089,10
S-B_minervini,2019-09-24,86917.35388064089,5125.92288064089,10
S-B_minervini,2019-09-25,87482.80745936588,13812.923459365891,9
S-B_minervini,2019-09-26,87504.5464593659,13812.923459365891,9
S-B_minervini,2019-09-27,86809.94676361763,21782.663763617616,8
S-B_minervini,2019-09-30,87451.84276361762,21782.663763617616,8
S-B_minervini,2019-10-01,86942.02376361762,21782.663763617616,8
S-B_minervini,2019-10-02,86243.32476361762,21782.663763617616,8
S-B_minervini,2019-10-03,86334.56876361762,21782.663763617616,8
S-B_minervini,2019-10-04,87139.41976361762,21782.663763617616,8
S-B_minervini,2019-10-07,87453.37776361761,21782.663763617616,8
S-B_minervini,2019-10-08,87314.99076361762,21782.663763617616,8
S-B_minervini,2019-10-09,88002.34762665513,26643.011626655134,8
S-B_minervini,2019-10-10,87744.98562665514,26643.011626655134,8
S-B_minervini,2019-10-11,87811.73762665511,26643.011626655134,8
S-B_minervini,2019-10-14,87436.37866220373,17898.32666220372,9
S-B_minervini,2019-10-15,88033.61366220373,17898.32666220372,9
S-B_minervini,2019-10-16,88403.58266220373,17898.32666220372,9
S-B_minervini,2019-10-17,88833.27066220372,17898.32666220372,9
S-B_minervini,2019-10-18,89325.63166220371,17898.32666220372,9
S-B_minervini,2019-10-21,89628.87780755846,8997.516807558446,10
S-B_minervini,2019-10-22,89799.76180755848,8997.516807558446,10
S-B_minervini,2019-10-23,89797.56880755846,8997.516807558446,10
S-B_minervini,2019-10-24,90289.33480755845,8997.516807558446,10
S-B_minervini,2019-10-25,90310.39580755844,8997.516807558446,10
S-B_minervini,2019-10-28,89789.26180755845,8997.516807558446,10
S-B_minervini,2019-10-29,89746.79380755845,8997.516807558446,10
S-B_minervini,2019-10-30,90406.16680755846,8997.516807558446,10
S-B_minervini,2019-10-31,88998.13856683389,16967.821566833903,9
S-B_minervini,2019-11-01,89369.91533674585,21322.427336745848,8
S-B_minervini,2019-11-04,88260.50609685085,3480.2580968508482,10
S-B_minervini,2019-11-05,88153.24915584628,16620.663155846283,8
S-B_minervini,2019-11-06,88326.7841558463,16620.663155846283,8
S-B_minervini,2019-11-07,88255.75815584628,16620.663155846283,8
S-B_minervini,2019-11-08,88437.60721726064,21194.844217260645,8
S-B_minervini,2019-11-11,89412.31723450066,3697.1412345006465,10
S-B_minervini,2019-11-12,89594.96423450069,3697.1412345006465,10
S-B_minervini,2019-11-13,90025.16723450064,3697.1412345006465,10
S-B_minervini,2019-11-14,90393.54223450064,3697.1412345006465,10
S-B_minervini,2019-11-15,91027.12423450063,3697.1412345006465,10
S-B_minervini,2019-11-18,91650.45923450065,3697.1412345006465,10
S-B_minervini,2019-11-19,91840.43235673856,8652.498356738568,10
S-B_minervini,2019-11-20,91983.25408399724,13530.212083997234,10
S-B_minervini,2019-11-21,91638.60459979724,18168.253599797234,9
S-B_minervini,2019-11-22,91044.96359979722,18168.253599797234,9
S-B_minervini,2019-11-25,92009.74550028224,9080.590500282235,10
S-B_minervini,2019-11-26,92796.92150028223,9080.590500282235,10
S-B_minervini,2019-11-27,91911.96150028224,9080.590500282235,10
S-B_minervini,2019-11-29,91647.02950028222,9080.590500282235,10
S-B_minervini,2019-12-02,90907.92650028224,9080.590500282235,10
S-B_minervini,2019-12-03,91566.46550028224,9080.590500282235,10
S-B_minervini,2019-12-04,92048.70191705374,14155.413917053742,10
S-B_minervini,2019-12-05,92150.93091705373,14155.413917053742,10
S-B_minervini,2019-12-06,92211.47391705374,14155.413917053742,10
S-B_minervini,2019-12-09,92137.17391705373,14155.413917053742,10
S-B_minervini,2019-12-10,92396.52491705373,14155.413917053742,10
S-B_minervini,2019-12-11,92639.47791705374,14155.413917053742,10
S-B_minervini,2019-12-12,92777.76691705374,14155.413917053742,10
S-B_minervini,2019-12-13,93519.99091705373,14155.413917053742,10
S-B_minervini,2019-12-16,93685.77891705374,14155.413917053742,10
S-B_minervini,2019-12-17,94731.07391705374,14155.413917053742,10
S-B_minervini,2019-12-18,94247.86891705374,14155.413917053742,10
S-B_minervini,2019-12-19,94269.54691705374,14155.413917053742,10
S-B_minervini,2019-12-20,95402.28353190495,18787.070531904952,10
S-B_minervini,2019-12-23,94587.63953190498,18787.070531904952,10
S-B_minervini,2019-12-24,95004.09371703175,23735.162717031737,9
S-B_minervini,2019-12-26,95000.19071703173,23735.162717031737,9
S-B_minervini,2019-12-27,94578.10071703173,23735.162717031737,9
S-B_minervini,2019-12-30,94272.65924051174,14279.76024051174,10
S-B_minervini,2019-12-31,94359.67724051174,14279.76024051174,10
S-B_minervini,2020-01-02,94621.64624051173,14279.76024051174,10
S-B_minervini,2020-01-03,94023.43787595173,19784.17487595174,9
S-B_minervini,2020-01-06,95208.74904168175,10471.30704168174,10
S-B_minervini,2020-01-07,95446.75504168174,10471.30704168174,10
S-B_minervini,2020-01-08,95209.00004168173,10471.30704168174,10
S-B_minervini,2020-01-09,96035.69404168174,10471.30704168174,10
S-B_minervini,2020-01-10,96349.34404168172,10471.30704168174,10
S-B_minervini,2020-01-13,96317.78904168172,10471.30704168174,10
S-B_minervini,2020-01-14,95957.10704168174,10471.30704168174,10
S-B_minervini,2020-01-15,96848.29004168174,10471.30704168174,10
S-B_minervini,2020-01-16,97749.43340242439,15459.759402424392,10
S-B_minervini,2020-01-17,97800.15040242439,15459.759402424392,10
S-B_minervini,2020-01-21,98028.44240242439,15459.759402424392,10
S-B_minervini,2020-01-22,98099.30040242439,15459.759402424392,10
S-B_minervini,2020-01-23,98815.09160505721,20497.706605057225,10
S-B_minervini,2020-01-24,98421.28460505724,20497.706605057225,10
S-B_minervini,2020-01-27,97488.10960505722,20497.706605057225,10
S-B_minervini,2020-01-28,98397.12860505722,20497.706605057225,10
S-B_minervini,2020-01-29,98122.17660505723,20497.706605057225,10
S-B_minervini,2020-01-30,98165.10865034723,26111.751650347225,9
S-B_minervini,2020-01-31,96920.69424662765,39371.577246627654,8
S-B_minervini,2020-02-03,97281.84837578206,20218.705375782072,10
S-B_minervini,2020-02-04,98130.97337578206,20218.705375782072,10
S-B_minervini,2020-02-05,97897.67437578207,20218.705375782072,10
S-B_minervini,2020-02-06,98466.17994686041,25936.181946860415,9
S-B_minervini,2020-02-07,98016.59894686041,25936.181946860415,9
S-B_minervini,2020-02-10,98765.19961833543,16144.596618335416,10
S-B_minervini,2020-02-11,99076.45061833541,16144.596618335416,10
S-B_minervini,2020-02-12,98783.18161833542,16144.596618335416,10
S-B_minervini,2020-02-13,99602.71261833543,16144.596618335416,10
S-B_minervini,2020-02-14,100681.09861833541,16144.596618335416,10
S-B_minervini,2020-02-18,101707.20763808113,21691.32263808112,10
S-B_minervini,2020-02-19,102300.52863808113,21691.32263808112,10
S-B_minervini,2020-02-20,101003.92163808113,21691.32263808112,10
S-B_minervini,2020-02-21,100393.86669100513,26582.44969100512,9
S-B_minervini,2020-02-24,98523.02961000512,16675.471610005123,10
S-B_minervini,2020-02-25,96801.65161000512,16675.471610005123,10
S-B_minervini,2020-02-26,96235.60346492508,29511.779464925065,8
S-B_minervini,2020-02-27,93781.37770816786,48390.801708167855,5
S-B_minervini,2020-02-28,91897.457105673,83386.157105673,1
S-B_minervini,2020-03-02,92707.52914888016,74200.14814888017,2
S-B_minervini,2020-03-03,92263.19914888017,74200.14814888017,2
S-B_minervini,2020-03-04,92962.70614888017,74200.14814888017,2
S-B_minervini,2020-03-05,93027.53129345665,79406.04129345664,2
S-B_minervini,2020-03-06,92869.71629345664,79406.04129345664,2
S-B_minervini,2020-03-09,91950.54767605831,83657.85767605831,1
S-B_minervini,2020-03-10,92099.2276760583,83657.85767605831,1
S-B_minervini,2020-03-11,92067.7276760583,83657.85767605831,1
S-B_minervini,2020-03-12,91980.7876760583,83657.85767605831,1
S-B_minervini,2020-03-13,92084.10767605831,83657.85767605831,1
S-B_minervini,2020-03-16,91513.93567017246,91513.93567017246,0
S-B_minervini,2020-03-17,91513.93567017246,91513.93567017246,0
S-B_minervini,2020-03-18,91513.93567017246,91513.93567017246,0
S-B_minervini,2020-03-19,91513.93567017246,91513.93567017246,0
S-B_minervini,2020-03-20,91513.93567017246,91513.93567017246,0
S-B_minervini,2020-03-23,91513.93567017246,91513.93567017246,0
S-B_minervini,2020-03-24,91513.93567017246,91513.93567017246,0
S-B_minervini,2020-03-25,91513.93567017246,91513.93567017246,0
S-B_minervini,2020-03-26,91513.93567017246,91513.93567017246,0
S-B_minervini,2020-03-27,91513.93567017246,91513.93567017246,0
S-B_minervini,2020-03-30,91513.93567017246,91513.93567017246,0
S-B_minervini,2020-03-31,91513.93567017246,91513.93567017246,0
S-B_minervini,2020-04-01,91513.93567017246,91513.93567017246,0
S-B_minervini,2020-04-02,91513.93567017246,91513.93567017246,0
S-B_minervini,2020-04-03,91513.93567017246,91513.93567017246,0
S-B_minervini,2020-04-06,91513.93567017246,91513.93567017246,0
S-B_minervini,2020-04-07,91513.93567017246,91513.93567017246,0
S-B_minervini,2020-04-08,91513.93567017246,91513.93567017246,0
S-B_minervini,2020-04-09,91513.93567017246,91513.93567017246,0
S-B_minervini,2020-04-13,91513.93567017246,91513.93567017246,0
S-B_minervini,2020-04-14,91513.93567017246,91513.93567017246,0
S-B_minervini,2020-04-15,91513.93567017246,91513.93567017246,0
S-B_minervini,2020-04-16,91513.93567017246,91513.93567017246,0
S-B_minervini,2020-04-17,91513.93567017246,91513.93567017246,0
S-B_minervini,2020-04-20,91513.93567017246,91513.93567017246,0
S-B_minervini,2020-04-21,91513.93567017246,91513.93567017246,0
S-B_minervini,2020-04-22,91513.93567017246,91513.93567017246,0
S-B_minervini,2020-04-23,91513.93567017246,91513.93567017246,0
S-B_minervini,2020-04-24,91513.93567017246,91513.93567017246,0
S-B_minervini,2020-04-27,91513.93567017246,91513.93567017246,0
S-B_minervini,2020-04-28,91513.93567017246,91513.93567017246,0
S-B_minervini,2020-04-29,91513.93567017246,91513.93567017246,0
S-B_minervini,2020-04-30,91513.93567017246,91513.93567017246,0
S-B_minervini,2020-05-01,91513.93567017246,91513.93567017246,0
S-B_minervini,2020-05-04,90839.32236270445,90839.32236270445,0
S-B_minervini,2020-05-05,90839.32236270445,90839.32236270445,0
S-B_minervini,2020-05-06,90839.32236270445,90839.32236270445,0
S-B_minervini,2020-05-07,90839.32236270445,90839.32236270445,0
S-B_minervini,2020-05-08,90839.32236270445,90839.32236270445,0
S-B_minervini,2020-05-11,92918.5789748361,77967.0019748361,2
S-B_minervini,2020-05-12,92189.5549748361,77967.0019748361,2
S-B_minervini,2020-05-13,91705.56197483609,77967.0019748361,2
S-B_minervini,2020-05-14,92586.9619748361,77967.0019748361,2
S-B_minervini,2020-05-15,92446.32197483609,77967.0019748361,2
S-B_minervini,2020-05-18,92685.52178253725,14290.169782537254,8
S-B_minervini,2020-05-19,92604.40005096822,25032.97105096821,7
S-B_minervini,2020-05-20,91712.30804220159,29651.733042201602,6
S-B_minervini,2020-05-21,90913.52104220161,29651.733042201602,6
S-B_minervini,2020-05-22,91268.5270422016,29651.733042201602,6
S-B_minervini,2020-05-26,89673.20387245875,22571.076872458747,7
S-B_minervini,2020-05-27,89395.01027855182,53525.03027855183,4
S-B_minervini,2020-05-28,89584.67027855183,53525.03027855183,4
S-B_minervini,2020-05-29,90290.37027855183,53525.03027855183,4
S-B_minervini,2020-06-01,90389.60001958598,89.60401958598959,10
S-B_minervini,2020-06-02,90293.2357556795,16813.133755679504,8
S-B_minervini,2020-06-03,90776.7347556795,16813.133755679504,8
S-B_minervini,2020-06-04,89362.8927556795,16813.133755679504,8
S-B_minervini,2020-06-05,88054.54163723328,25145.07163723329,7
S-B_minervini,2020-06-08,87865.92402815328,9.432028153290958,10
S-B_minervini,2020-06-09,87381.75874046079,5447.468740460791,9
S-B_minervini,2020-06-10,86770.08364364535,13789.765643645358,8
S-B_minervini,2020-06-11,83192.53716427642,36839.07516427642,5
S-B_minervini,2020-06-12,82636.80681720364,45021.38981720366,4
S-B_minervini,2020-06-15,83727.38531150366,36782.353311503655,5
S-B_minervini,2020-06-16,84222.39631150366,36782.353311503655,5
S-B_minervini,2020-06-17,83947.26631150366,36782.353311503655,5
S-B_minervini,2020-06-18,83899.43531150365,36782.353311503655,5
S-B_minervini,2020-06-19,83329.39746310358,47701.042463103586,4
S-B_minervini,2020-06-22,84389.76011797719,1203.7081179771903,10
S-B_minervini,2020-06-23,83318.95477142643,6299.05377142644,10
S-B_minervini,2020-06-24,82039.65769804826,13111.983698048269,9
S-B_minervini,2020-06-25,82879.40269804827,13111.983698048269,9
S-B_minervini,2020-06-26,81968.75069804827,13111.983698048269,9
S-B_minervini,2020-06-29,80713.90362891124,27453.64762891124,7
S-B_minervini,2020-06-30,81078.42550778124,35057.28750778124,6
S-B_minervini,2020-07-01,81198.35050778124,35057.28750778124,6
S-B_minervini,2020-07-02,81134.07050778125,35057.28750778124,6
S-B_minervini,2020-07-06,81860.42109202262,7563.613092022608,10
S-B_minervini,2020-07-07,82177.32609202262,7563.613092022608,10
S-B_minervini,2020-07-08,83296.13409202262,7563.613092022608,10
S-B_minervini,2020-07-09,83504.51709202261,7563.613092022608,10
S-B_minervini,2020-07-10,83409.29609202262,7563.613092022608,10
S-B_minervini,2020-07-13,80706.05909202262,7563.613092022608,10
S-B_minervini,2020-07-14,81537.66015978865,14947.430159788655,9
S-B_minervini,2020-07-15,82063.32715978865,14947.430159788655,9
S-B_minervini,2020-07-16,81311.30015978865,14947.430159788655,9
S-B_minervini,2020-07-17,81740.76215978866,14947.430159788655,9
S-B_minervini,2020-07-20,83469.48734803864,6774.203348038655,10
S-B_minervini,2020-07-21,83141.09234803866,6774.203348038655,10
S-B_minervini,2020-07-22,84494.56083391364,11442.169833913655,10
S-B_minervini,2020-07-23,83624.73183391365,11442.169833913655,10
S-B_minervini,2020-07-24,83165.38283391365,11442.169833913655,10
S-B_minervini,2020-07-27,84909.92088462898,8175.912884628975,10
S-B_minervini,2020-07-28,83900.68488462898,8175.912884628975,10
S-B_minervini,2020-07-29,84841.4117283527,15612.181728352694,9
S-B_minervini,2020-07-30,84998.51872835269,15612.181728352694,9
S-B_minervini,2020-07-31,84353.4277283527,15612.181728352694,9
S-B_minervini,2020-08-03,87962.75534535153,21501.930345351524,10
S-B_minervini,2020-08-04,87931.74234535152,21501.930345351524,10
S-B_minervini,2020-08-05,87694.46056170437,25641.249561704368,9
S-B_minervini,2020-08-06,87848.44953996182,33777.13853996181,8
S-B_minervini,2020-08-07,87537.66753996181,33777.13853996181,8
S-B_minervini,2020-08-10,86762.11881647742,35741.96981647741,8
S-B_minervini,2020-08-11,85425.03541655268,43875.486416552674,7
S-B_minervini,2020-08-12,85829.53389038693,47684.382890386914,6
S-B_minervini,2020-08-13,86097.3078903869,47684.382890386914,6
S-B_minervini,2020-08-14,85990.34489038691,47684.382890386914,6
S-B_minervini,2020-08-17,86624.1577598076,15425.186759807602,10
S-B_minervini,2020-08-18,86785.33675980761,15425.186759807602,10
S-B_minervini,2020-08-19,86814.46336890761,19948.949368907604,9
S-B_minervini,2020-08-20,86958.3273689076,19948.949368907604,9
S-B_minervini,2020-08-21,86580.98936890761,19948.949368907604,9
S-B_minervini,2020-08-24,85881.11436215762,11296.048362157606,10
S-B_minervini,2020-08-25,85742.22218183329,19307.0901818333,9
S-B_minervini,2020-08-26,85465.9301818333,19307.0901818333,9
S-B_minervini,2020-08-27,85143.8931818333,19307.0901818333,9
S-B_minervini,2020-08-28,85394.27218183331,19307.0901818333,9
S-B_minervini,2020-08-31,85060.2096916583,10779.255691658302,10
S-B_minervini,2020-09-01,86525.6147797833,15747.069779783302,9
S-B_minervini,2020-09-02,86382.91232904646,23642.32232904646,8
S-B_minervini,2020-09-03,82103.60186464645,31362.45886464646,7
S-B_minervini,2020-09-04,81438.15806456111,38635.6750645611,6
S-B_minervini,2020-09-08,82792.64097172758,28460.120971727585,8
S-B_minervini,2020-09-09,84585.1589717276,28460.120971727585,8
S-B_minervini,2020-09-10,85014.69985652759,37925.960856527585,7
S-B_minervini,2020-09-11,85063.88285652758,37925.960856527585,7
S-B_minervini,2020-09-14,85995.83121746182,41951.38621746183,6
S-B_minervini,2020-09-15,86538.43772931775,46521.12572931775,6
S-B_minervini,2020-09-16,86604.49372931774,46521.12572931775,6
S-B_minervini,2020-09-17,87355.44172931775,46521.12572931775,6
S-B_minervini,2020-09-18,87376.43972931775,46521.12572931775,6
S-B_minervini,2020-09-21,85466.51460897717,27348.699608977175,8
S-B_minervini,2020-09-22,86541.39560897718,27348.699608977175,8
S-B_minervini,2020-09-23,85499.73360897717,27348.699608977175,8
S-B_minervini,2020-09-24,83789.47162072717,30721.561620727174,7
S-B_minervini,2020-09-25,85251.11562072719,30721.561620727174,7
S-B_minervini,2020-09-28,86226.94362072716,30721.561620727174,7
S-B_minervini,2020-09-29,86396.85362072717,30721.561620727174,7
S-B_minervini,2020-09-30,87298.75562072717,30721.561620727174,7
S-B_minervini,2020-10-01,88147.90862072718,30721.561620727174,7
S-B_minervini,2020-10-02,86863.03062072718,30721.561620727174,7
S-B_minervini,2020-10-05,91443.82630156171,40493.51730156172,7
S-B_minervini,2020-10-06,90997.19004258214,44998.35204258214,7
S-B_minervini,2020-10-07,91599.19904258214,44998.35204258214,7
S-B_minervini,2020-10-08,91670.47685642124,49758.621856421254,7
S-B_minervini,2020-10-09,92386.89985642125,49758.621856421254,7
S-B_minervini,2020-10-12,91889.39678878516,27449.993788785152,10
S-B_minervini,2020-10-13,92317.26678878516,27449.993788785152,10
S-B_minervini,2020-10-14,91365.8674179313,35767.998417931296,9
S-B_minervini,2020-10-15,91344.60057312092,44168.87557312092,8
S-B_minervini,2020-10-16,91595.12857312092,44168.87557312092,8
S-B_minervini,2020-10-19,90239.5861260209,25885.263126020916,10
S-B_minervini,2020-10-20,89924.27487077093,31119.52887077092,9
S-B_minervini,2020-10-21,89215.78403999092,35719.53503999092,8
S-B_minervini,2020-10-22,89283.896467802,44206.915467802006,7
S-B_minervini,2020-10-23,89048.04728415773,52672.351284157725,6
S-B_minervini,2020-10-26,88016.19754875076,24183.385548750754,9
S-B_minervini,2020-10-27,88837.39654875075,24183.385548750754,9
S-B_minervini,2020-10-28,87064.95854875076,24183.385548750754,9
S-B_minervini,2020-10-29,87332.43954227639,33544.75054227639,8
S-B_minervini,2020-10-30,85728.0216200696,50568.211620069604,5
S-B_minervini,2020-11-02,85560.7024990361,34450.39849903609,6
S-B_minervini,2020-11-03,86176.16549903608,34450.39849903609,6
S-B_minervini,2020-11-04,87464.6344990361,34450.39849903609,6
S-B_minervini,2020-11-05,88201.32620200107,47774.720202001066,5
S-B_minervini,2020-11-06,88537.71420200107,47774.720202001066,5
S-B_minervini,2020-11-09,86188.53657421353,27784.922574213535,8
S-B_minervini,2020-11-10,85485.92204004039,35461.58804004039,7
S-B_minervini,2020-11-11,86420.2670400404,35461.58804004039,7
S-B_minervini,2020-11-12,85980.72502566519,42677.55602566519,6
S-B_minervini,2020-11-13,86217.06802566518,42677.55602566519,6
S-B_minervini,2020-11-16,86034.45510806087,17271.710108060866,9
S-B_minervini,2020-11-17,86334.39368996087,25340.15168996087,8
S-B_minervini,2020-11-18,85309.82268996087,25340.15168996087,8
S-B_minervini,2020-11-19,84894.76469547088,30355.615695470868,7
S-B_minervini,2020-11-20,85286.38369547088,30355.615695470868,7
S-B_minervini,2020-11-23,87620.15037145984,10162.71237145982,10
S-B_minervini,2020-11-24,85726.24116941514,30058.72316941514,7
S-B_minervini,2020-11-25,85990.59676668199,34555.875766681995,6
S-B_minervini,2020-11-27,86592.932766682,34555.875766681995,6
S-B_minervini,2020-11-30,84376.56833875424,33271.86633875423,6
S-B_minervini,2020-12-01,85232.30214987491,37893.0181498749,6
S-B_minervini,2020-12-02,85323.14514987491,37893.0181498749,6
S-B_minervini,2020-12-03,86651.28985331015,42478.039853310154,6
S-B_minervini,2020-12-04,86895.44785331015,42478.039853310154,6
S-B_minervini,2020-12-07,87254.56704373255,9830.614043732554,10
S-B_minervini,2020-12-08,88124.67204373254,9830.614043732554,10
S-B_minervini,2020-12-09,86478.86981668543,14112.962816685442,10
S-B_minervini,2020-12-10,87197.89466228383,18946.65766228384,10
S-B_minervini,2020-12-11,87191.77966228384,18946.65766228384,10
S-B_minervini,2020-12-14,87310.12266228383,18946.65766228384,10
S-B_minervini,2020-12-15,88857.68866228385,18946.65766228384,10
S-B_minervini,2020-12-16,89219.87520032786,23532.445200327867,10
S-B_minervini,2020-12-17,90297.70520032788,23532.445200327867,10
S-B_minervini,2020-12-18,90156.68520032786,23532.445200327867,10
S-B_minervini,2020-12-21,90474.52920032787,23532.445200327867,10
S-B_minervini,2020-12-22,91913.13120032787,23532.445200327867,10
S-B_minervini,2020-12-23,91676.84315474768,27763.021154747683,10
S-B_minervini,2020-12-24,91914.53115474769,27763.021154747683,10
S-B_minervini,2020-12-28,91210.33115474768,27763.021154747683,10
S-B_minervini,2020-12-29,90534.80915474768,27763.021154747683,10
S-B_minervini,2020-12-30,91302.78515474767,27763.021154747683,10
S-B_minervini,2020-12-31,90820.95915474769,27763.021154747683,10
S-B_minervini,2021-01-04,89999.2193906689,32634.3813906689,10
S-B_minervini,2021-01-05,90462.85901952111,41947.42301952111,8
S-B_minervini,2021-01-06,91128.82501952111,41947.42301952111,8
S-B_minervini,2021-01-07,92955.24701952112,41947.42301952111,8
S-B_minervini,2021-01-08,92703.8359567146,46624.53595671459,8
S-B_minervini,2021-01-11,93808.93959176459,28122.637591764596,10
S-B_minervini,2021-01-12,94395.8085917646,28122.637591764596,10
S-B_minervini,2021-01-13,93540.09559176459,28122.637591764596,10
S-B_minervini,2021-01-14,94800.59271112863,32789.889711128635,10
S-B_minervini,2021-01-15,92923.09118285355,49408.14818285355,8
S-B_minervini,2021-01-19,94221.21960373409,26596.02960373409,10
S-B_minervini,2021-01-20,94723.4336037341,26596.02960373409,10
S-B_minervini,2021-01-21,96811.95982245983,31866.723822459826,10
S-B_minervini,2021-01-22,97359.64182245983,31866.723822459826,10
S-B_minervini,2021-01-25,98006.39973519897,42398.37973519898,10
S-B_minervini,2021-01-26,96632.5120586601,50962.91005866009,9
S-B_minervini,2021-01-27,95096.49057163356,59412.02957163355,7
S-B_minervini,2021-01-28,94311.6298479862,73276.0878479862,4
S-B_minervini,2021-01-29,93788.8053544087,77899.0313544087,3
S-B_minervini,2021-02-01,92342.68201499191,25837.82001499192,8
S-B_minervini,2021-02-02,92420.82820756384,34471.70720756384,7
S-B_minervini,2021-02-03,92984.32820756384,34471.70720756384,7
S-B_minervini,2021-02-04,94400.31545702275,39643.92145702274,7
S-B_minervini,2021-02-05,95134.52729764784,44946.796297647845,7
S-B_minervini,2021-02-08,96579.17662340516,26012.692623405143,9
S-B_minervini,2021-02-09,97631.97462340514,26012.692623405143,9
S-B_minervini,2021-02-10,96950.82162340515,26012.692623405143,9
S-B_minervini,2021-02-11,96741.70962340516,26012.692623405143,9
S-B_minervini,2021-02-12,97520.13862340513,26012.692623405143,9
S-B_minervini,2021-02-16,97664.45135335915,30370.217353359156,9
S-B_minervini,2021-02-17,96134.03314437033,39397.711144370325,8
S-B_minervini,2021-02-18,95620.56305377767,48142.29505377767,7
S-B_minervini,2021-02-19,96220.35105377767,48142.29505377767,7
S-B_minervini,2021-02-22,94574.78807539657,32959.03807539657,8
S-B_minervini,2021-02-23,93155.79202629902,59216.64402629903,5
S-B_minervini,2021-02-24,93705.55002629902,59216.64402629903,5
S-B_minervini,2021-02-25,92447.85402629903,59216.64402629903,5
S-B_minervini,2021-02-26,92291.07512344903,64441.16712344903,4
S-B_minervini,2021-03-01,92970.93024826463,36781.41724826462,7
S-B_minervini,2021-03-02,92325.74424826461,36781.41724826462,7
S-B_minervini,2021-03-03,91990.5662482646,36781.41724826462,7
S-B_minervini,2021-03-04,92423.79797487782,55175.02197487782,4
S-B_minervini,2021-03-05,93621.90624427132,65626.25124427132,4
S-B_minervini,2021-03-08,94118.7058834036,37750.33088340359,7
S-B_minervini,2021-03-09,93600.5458834036,37750.33088340359,7
S-B_minervini,2021-03-10,94538.5808834036,37750.33088340359,7
S-B_minervini,2021-03-11,95535.4208834036,37750.33088340359,7
S-B_minervini,2021-03-12,95124.7608834036,37750.33088340359,7
S-B_minervini,2021-03-15,94439.88567509557,32010.108675095587,7
S-B_minervini,2021-03-16,93484.88979689506,40804.16579689506,6
S-B_minervini,2021-03-17,94052.72679689506,40804.16579689506,6
S-B_minervini,2021-03-18,92569.24233180372,45413.82633180373,5
S-B_minervini,2021-03-19,94172.36833180372,45413.82633180373,5
S-B_minervini,2021-03-22,92954.84286363503,39867.80686363503,6
S-B_minervini,2021-03-23,90232.81486363502,39867.80686363503,6
S-B_minervini,2021-03-24,88699.01317025413,52929.70617025413,4
S-B_minervini,2021-03-25,89104.65412505413,60772.101125054134,3
S-B_minervini,2021-03-26,90047.60712505414,60772.101125054134,3
S-B_minervini,2021-03-29,88820.72293793413,51807.07793793414,4
S-B_minervini,2021-03-30,88900.32528197422,60607.37528197423,3
S-B_minervini,2021-03-31,88868.20528197422,60607.37528197423,3
S-B_minervini,2021-04-01,88820.85774787345,68919.86774787345,2
S-B_minervini,2021-04-05,90271.55359368556,65064.16359368556,3
S-B_minervini,2021-04-06,89706.42359368555,65064.16359368556,3
S-B_minervini,2021-04-07,89313.20515914455,69508.70015914454,2
S-B_minervini,2021-04-08,89348.13015914455,69508.70015914454,2
S-B_minervini,2021-04-09,89245.08515914454,69508.70015914454,2
S-B_minervini,2021-04-12,89376.46322085353,51677.60822085352,4
S-B_minervini,2021-04-13,88911.90406517725,59938.99406517725,3
S-B_minervini,2021-04-14,88659.13906517725,59938.99406517725,3
S-B_minervini,2021-04-15,89094.77906517725,59938.99406517725,3
S-B_minervini,2021-04-16,88824.21906517725,59938.99406517725,3
S-B_minervini,2021-04-19,88555.94603807724,51094.23103807725,4
S-B_minervini,2021-04-20,87949.83103807725,51094.23103807725,4
S-B_minervini,2021-04-21,88579.28603807723,51094.23103807725,4
S-B_minervini,2021-04-22,88425.70103807724,51094.23103807725,4
S-B_minervini,2021-04-23,88869.38603807724,51094.23103807725,4
S-B_minervini,2021-04-26,89668.73398807723,42243.338988077245,5
S-B_minervini,2021-04-27,89017.62398807725,42243.338988077245,5
S-B_minervini,2021-04-28,89132.53001292158,47495.01501292157,5
S-B_minervini,2021-04-29,89061.22701292156,47495.01501292157,5
S-B_minervini,2021-04-30,87938.89801292156,47495.01501292157,5
S-B_minervini,2021-05-03,88202.47098043,3523.699980429981,10
S-B_minervini,2021-05-04,85942.77612859842,36147.78912859842,6
S-B_minervini,2021-05-05,85870.15012859843,36147.78912859842,6
S-B_minervini,2021-05-06,86150.85312859842,36147.78912859842,6
S-B_minervini,2021-05-07,86656.78512859842,36147.78912859842,6
S-B_minervini,2021-05-10,86272.41686322886,14478.31786322888,9
S-B_minervini,2021-05-11,86020.20931504946,18770.537315049456,8
S-B_minervini,2021-05-12,84836.6076339346,31683.054633934607,7
S-B_minervini,2021-05-13,85343.16822994081,39884.04022994081,6
S-B_minervini,2021-05-14,86703.7912299408,39884.04022994081,6
S-B_minervini,2021-05-17,89113.93510055347,12037.735100553457,10
S-B_minervini,2021-05-18,87528.92510055346,12037.735100553457,10
S-B_minervini,2021-05-19,85466.18101284464,24322.988012844642,8
S-B_minervini,2021-05-20,85341.04143039393,33619.59143039394,6
S-B_minervini,2021-05-21,85252.42543039395,33619.59143039394,6
S-B_minervini,2021-05-24,86228.4049710186,16.407971018596072,10
S-B_minervini,2021-05-25,85029.4519710186,16.407971018596072,10
S-B_minervini,2021-05-26,88863.86496372544,9415.522963725438,10
S-B_minervini,2021-05-27,90989.36824212607,14166.698242126069,10
S-B_minervini,2021-05-28,90761.18924212607,14166.698242126069,10
S-B_minervini,2021-06-01,91523.89224212608,14166.698242126069,10
S-B_minervini,2021-06-02,91183.38224212607,14166.698242126069,10
S-B_minervini,2021-06-03,91729.1192421261,14166.698242126069,10
S-B_minervini,2021-06-04,91785.87224212606,14166.698242126069,10
S-B_minervini,2021-06-07,93393.33424212606,14166.698242126069,10
S-B_minervini,2021-06-08,94379.00424212604,14166.698242126069,10
S-B_minervini,2021-06-09,93606.30424212606,14166.698242126069,10
S-B_minervini,2021-06-10,93372.77224212606,14166.698242126069,10
S-B_minervini,2021-06-11,95110.78424212607,14166.698242126069,10
S-B_minervini,2021-06-14,93634.40924212607,14166.698242126069,10
S-B_minervini,2021-06-15,93523.05724212609,14166.698242126069,10
S-B_minervini,2021-06-16,94193.97124212605,14166.698242126069,10
S-B_minervini,2021-06-17,92679.29655784243,21217.115557842437,9
S-B_minervini,2021-06-18,92289.98155784243,21217.115557842437,9
S-B_minervini,2021-06-21,92490.92135169283,16435.670351692825,9
S-B_minervini,2021-06-22,92330.39435169281,16435.670351692825,9
S-B_minervini,2021-06-23,93308.60035169282,16435.670351692825,9
S-B_minervini,2021-06-24,93790.33935169282,16435.670351692825,9
S-B_minervini,2021-06-25,94141.99929972392,20660.389299723924,8
S-B_minervini,2021-06-28,93109.33522602393,1837.2112260239246,10
S-B_minervini,2021-06-29,90788.30791571211,22291.82991571211,8
S-B_minervini,2021-06-30,92952.35152971212,27160.34252971211,8
S-B_minervini,2021-07-01,93560.02098628186,32501.721986281857,8
S-B_minervini,2021-07-02,92847.90498628186,32501.721986281857,8
S-B_minervini,2021-07-06,91975.60865914445,23243.05365914444,9
S-B_minervini,2021-07-07,91657.65941267443,31955.074412674418,8
S-B_minervini,2021-07-08,90921.9839886128,36640.494988612794,7
S-B_minervini,2021-07-09,91621.26598861281,36640.494988612794,7
S-B_minervini,2021-07-12,92851.6980434953,18354.2980434953,9
S-B_minervini,2021-07-13,90987.9920434953,18354.2980434953,9
S-B_minervini,2021-07-14,90487.54504349528,18354.2980434953,9
S-B_minervini,2021-07-15,91297.28304349529,18354.2980434953,9
S-B_minervini,2021-07-16,90337.35107588349,26128.30207588349,8
S-B_minervini,2021-07-19,90498.165533761,16503.198533761017,9
S-B_minervini,2021-07-20,91995.93403899265,21363.96203899265,9
S-B_minervini,2021-07-21,92483.42003899266,21363.96203899265,9
S-B_minervini,2021-07-22,92501.54503899266,21363.96203899265,9
S-B_minervini,2021-07-23,93279.79803899265,21363.96203899265,9
S-B_minervini,2021-07-26,93184.00581899265,12043.43081899265,10
S-B_minervini,2021-07-27,92110.44304647915,20672.57904647915,9
S-B_minervini,2021-07-28,92707.13104647916,20672.57904647915,9
S-B_minervini,2021-07-29,93709.14509945925,25773.18709945926,9
S-B_minervini,2021-07-30,94252.95981176328,31034.816811763292,9
S-B_minervini,2021-08-02,93866.1591730133,21646.549173013293,10
S-B_minervini,2021-08-03,94442.2942335484,30338.409233548387,9
S-B_minervini,2021-08-04,94272.16220248395,38817.46520248394,8
S-B_minervini,2021-08-05,95044.87420248394,38817.46520248394,8
S-B_minervini,2021-08-06,96136.31220248394,38817.46520248394,8
S-B_minervini,2021-08-09,96815.70257137452,19619.913571374524,10
S-B_minervini,2021-08-10,97254.96310834368,30272.54210834368,9
S-B_minervini,2021-08-11,95862.19410834368,30272.54210834368,9
S-B_minervini,2021-08-12,95256.56333693504,35057.036336935045,8
S-B_minervini,2021-08-13,94773.58133693505,35057.036336935045,8
S-B_minervini,2021-08-16,93902.15702124921,24997.183021249206,9
S-B_minervini,2021-08-17,92144.03014663169,39529.36014663169,7
S-B_minervini,2021-08-18,91348.47714663169,39529.36014663169,7
S-B_minervini,2021-08-19,90708.96422373335,47673.56022373336,6
S-B_minervini,2021-08-20,90796.07772125743,53282.29572125744,5
S-B_minervini,2021-08-23,91096.11372125744,53282.29572125744,5
S-B_minervini,2021-08-24,91416.31172125743,53282.29572125744,5
S-B_minervini,2021-08-25,91444.21972125744,53282.29572125744,5
S-B_minervini,2021-08-26,91051.1862959682,61945.976295968205,4
S-B_minervini,2021-08-27,91307.81429596822,61945.976295968205,4
S-B_minervini,2021-08-30,91139.93268137291,7527.2516813729235,10
S-B_minervini,2021-08-31,90807.79668137294,7527.2516813729235,10
S-B_minervini,2021-09-01,90942.01688551599,16302.393885515976,9
S-B_minervini,2021-09-02,89677.590254891,24405.538254890977,8
S-B_minervini,2021-09-03,88833.21442177793,32808.341421777935,7
S-B_minervini,2021-09-07,88357.00971124432,7126.165711244317,10
S-B_minervini,2021-09-08,85658.64160770559,45310.105607705584,5
S-B_minervini,2021-09-09,85830.41560770558,45310.105607705584,5
S-B_minervini,2021-09-10,85540.73360770558,45310.105607705584,5
S-B_minervini,2021-09-13,84847.2543757633,2639.977375763303,10
S-B_minervini,2021-09-14,83376.05765871645,34574.24665871646,6
S-B_minervini,2021-09-15,84356.39665871646,34574.24665871646,6
S-B_minervini,2021-09-16,84780.34865871645,34574.24665871646,6
S-B_minervini,2021-09-17,84593.15065871648,34574.24665871646,6
S-B_minervini,2021-09-20,82248.04607967968,8600.22307967968,9
S-B_minervini,2021-09-21,83243.2190796797,8600.22307967968,9
S-B_minervini,2021-09-22,85441.44207967968,8600.22307967968,9
S-B_minervini,2021-09-23,88121.31217922008,22982.61417922008,9
S-B_minervini,2021-09-24,87507.10317922008,22982.61417922008,9
S-B_minervini,2021-09-27,88769.82924121719,19128.87924121719,10
S-B_minervini,2021-09-28,87028.80341574074,33002.733415740746,8
S-B_minervini,2021-09-29,87156.22541574074,33002.733415740746,8
S-B_minervini,2021-09-30,86306.44066646884,41375.17266646885,7
S-B_minervini,2021-10-01,88196.82366646884,41375.17266646885,7
S-B_minervini,2021-10-04,90754.48416759123,19947.646167591243,10
S-B_minervini,2021-10-05,92382.72387934124,25193.932879341242,9
S-B_minervini,2021-10-06,91528.15987934123,25193.932879341242,9
S-B_minervini,2021-10-07,93120.02355537897,29752.107555378978,9
S-B_minervini,2021-10-08,93421.49655537898,29752.107555378978,9
S-B_minervini,2021-10-11,93913.52299121628,33661.323991216275,9
S-B_minervini,2021-10-12,93801.09599121628,33661.323991216275,9
S-B_minervini,2021-10-13,93625.93199121628,33661.323991216275,9
S-B_minervini,2021-10-14,94926.10373043627,38951.59173043625,9
S-B_minervini,2021-10-15,94607.56073043626,38951.59173043625,9
S-B_minervini,2021-10-18,95434.76202130778,29495.47102130778,10
S-B_minervini,2021-10-19,94837.58102130778,29495.47102130778,10
S-B_minervini,2021-10-20,95225.89502130778,29495.47102130778,10
S-B_minervini,2021-10-21,93963.15102130779,29495.47102130778,10
S-B_minervini,2021-10-22,94134.49563032092,38310.530630320914,8
S-B_minervini,2021-10-25,95316.06500383306,19519.901003833063,10
S-B_minervini,2021-10-26,95513.90500383306,19519.901003833063,10
S-B_minervini,2021-10-27,93266.2728960028,28274.580896002808,9
S-B_minervini,2021-10-28,93345.16189600281,28274.580896002808,9
S-B_minervini,2021-10-29,94091.44587334064,34347.67687334064,8
S-B_minervini,2021-11-01,95776.39466285883,15578.507662858838,10
S-B_minervini,2021-11-02,95092.69566127734,29072.80466127734,8
S-B_minervini,2021-11-03,95164.52799602735,34248.53899602734,7
S-B_minervini,2021-11-04,96212.47843946793,44886.49343946794,6
S-B_minervini,2021-11-05,97107.6262551489,49683.32425514892,6
S-B_minervini,2021-11-08,99114.61385610198,13054.122856101965,10
S-B_minervini,2021-11-09,98100.26385610197,13054.122856101965,10
S-B_minervini,2021-11-10,95264.16808937353,21494.825089373517,9
S-B_minervini,2021-11-11,96251.35380538636,29939.003805386357,8
S-B_minervini,2021-11-12,96029.10280538636,29939.003805386357,8
S-B_minervini,2021-11-15,95289.88070705022,10777.194707050225,10
S-B_minervini,2021-11-16,95067.02470705022,10777.194707050225,10
S-B_minervini,2021-11-17,93781.86070705022,10777.194707050225,10
S-B_minervini,2021-11-18,94692.73482279632,15686.57482279632,9
S-B_minervini,2021-11-19,93735.44282279634,15686.57482279632,9
S-B_minervini,2021-11-22,93751.48473145926,26340.511731459264,8
S-B_minervini,2021-11-23,93544.07368679527,34546.00668679527,7
S-B_minervini,2021-11-24,92842.19068679528,34546.00668679527,7
S-B_minervini,2021-11-26,89870.92702623544,47716.63602623545,5
S-B_minervini,2021-11-29,90690.49641621721,52140.28541621721,4
S-B_minervini,2021-11-30,89436.36092577173,60797.26792577173,3
S-B_minervini,2021-12-01,88892.30092577173,60797.26792577173,3
S-B_minervini,2021-12-02,89765.88692577173,60797.26792577173,3
S-B_minervini,2021-12-03,88852.89292577174,60797.26792577173,3
S-B_minervini,2021-12-06,88647.83892577174,60797.26792577173,3
S-B_minervini,2021-12-07,89582.84392577174,60797.26792577173,3
S-B_minervini,2021-12-08,89671.92592577173,60797.26792577173,3
S-B_minervini,2021-12-09,89106.87892577174,60797.26792577173,3
S-B_minervini,2021-12-10,89398.30792577173,60797.26792577173,3
S-B_minervini,2021-12-13,88288.31692577174,60797.26792577173,3
S-B_minervini,2021-12-14,88491.98792577174,60797.26792577173,3
S-B_minervini,2021-12-15,88371.72881457952,69189.87981457952,2
S-B_minervini,2021-12-16,88842.39996765951,74492.33896765951,2
S-B_minervini,2021-12-17,88032.64996765951,74492.33896765951,2
S-B_minervini,2021-12-20,87715.2646164845,79277.07561648451,1
S-B_minervini,2021-12-21,87985.9116164845,79277.07561648451,1
S-B_minervini,2021-12-22,88042.6386164845,79277.07561648451,1
S-B_minervini,2021-12-23,88030.6056164845,79277.07561648451,1
S-B_minervini,2021-12-27,88328.7566164845,79277.07561648451,1
S-B_minervini,2021-12-28,88294.18561648451,79277.07561648451,1
S-B_minervini,2021-12-29,88225.23461648451,79277.07561648451,1
S-B_minervini,2021-12-30,88149.4076164845,79277.07561648451,1
S-B_minervini,2021-12-31,88276.9956164845,79277.07561648451,1
S-B_minervini,2022-01-03,88557.75529880279,70454.89529880279,2
S-B_minervini,2022-01-04,88996.4082988028,70454.89529880279,2
S-B_minervini,2022-01-05,89056.8592988028,70454.89529880279,2
S-B_minervini,2022-01-06,90233.92935270065,75460.94435270065,2
S-B_minervini,2022-01-07,90250.66635270065,75460.94435270065,2
S-B_minervini,2022-01-10,89765.66146577001,57423.07746577002,4
S-B_minervini,2022-01-11,90993.01146577002,57423.07746577002,4
S-B_minervini,2022-01-12,91989.46546577002,57423.07746577002,4
S-B_minervini,2022-01-13,91079.59246577002,57423.07746577002,4
S-B_minervini,2022-01-14,91579.30846577001,57423.07746577002,4
S-B_minervini,2022-01-18,90598.48969783117,25442.53169783118,8
S-B_minervini,2022-01-19,89493.16869783118,25442.53169783118,8
S-B_minervini,2022-01-20,87899.21135078467,42284.36135078468,6
S-B_minervini,2022-01-21,87228.48668175549,59101.57168175548,4
S-B_minervini,2022-01-24,86382.36182300257,67454.88982300257,3
S-B_minervini,2022-01-25,86912.00182300256,67454.88982300257,3
S-B_minervini,2022-01-26,87011.91482300256,67454.88982300257,3
S-B_minervini,2022-01-27,86337.3479767731,75783.9579767731,2
S-B_minervini,2022-01-28,86395.1339767731,75783.9579767731,2
S-B_minervini,2022-01-31,86445.4529767731,75783.9579767731,2
S-B_minervini,2022-02-01,86511.19397677311,75783.9579767731,2
S-B_minervini,2022-02-02,86560.0367680981,81223.3967680981,1
S-B_minervini,2022-02-03,86478.1487680981,81223.3967680981,1
S-B_minervini,2022-02-04,86542.5647680981,81223.3967680981,1
S-B_minervini,2022-02-07,86581.7327680981,81223.3967680981,1
S-B_minervini,2022-02-08,86576.5487680981,81223.3967680981,1
S-B_minervini,2022-02-09,86659.3007680981,81223.3967680981,1
S-B_minervini,2022-02-10,86635.7807680981,81223.3967680981,1
S-B_minervini,2022-02-11,86803.8767680981,81223.3967680981,1
S-B_minervini,2022-02-14,86842.4063543581,72562.0703543581,2
S-B_minervini,2022-02-15,87313.9103543581,72562.0703543581,2
S-B_minervini,2022-02-16,87908.32463210687,77476.84463210688,2
S-B_minervini,2022-02-17,87800.46863210687,77476.84463210688,2
S-B_minervini,2022-02-18,87501.99263210688,77476.84463210688,2
S-B_minervini,2022-02-22,87083.69813890406,81788.05013890406,1
S-B_minervini,2022-02-23,87106.18732160518,87106.18732160518,0
S-B_minervini,2022-02-24,87106.18732160518,87106.18732160518,0
S-B_minervini,2022-02-25,87106.18732160518,87106.18732160518,0
S-B_minervini,2022-02-28,87445.8032548758,69760.49725487581,2
S-B_minervini,2022-03-01,87701.82325487581,69760.49725487581,2
S-B_minervini,2022-03-02,88306.83700584415,74666.72400584415,2
S-B_minervini,2022-03-03,88068.46700584416,74666.72400584415,2
S-B_minervini,2022-03-04,88302.91700584415,74666.72400584415,2
S-B_minervini,2022-03-07,88148.01483947207,57083.80483947207,4
S-B_minervini,2022-03-08,87678.25883947207,57083.80483947207,4
S-B_minervini,2022-03-09,87885.95283947207,57083.80483947207,4
S-B_minervini,2022-03-10,88193.77183947206,57083.80483947207,4
S-B_minervini,2022-03-11,88049.34383947207,57083.80483947207,4
S-B_minervini,2022-03-14,87667.6556693583,56470.51766935829,4
S-B_minervini,2022-03-15,88173.95066935828,56470.51766935829,4
S-B_minervini,2022-03-16,88426.65066935829,56470.51766935829,4
S-B_minervini,2022-03-17,88774.9276693583,56470.51766935829,4
S-B_minervini,2022-03-18,88812.9356693583,56470.51766935829,4
S-B_minervini,2022-03-21,87911.91049335807,38096.45449335807,6
S-B_minervini,2022-03-22,87880.68649335808,38096.45449335807,6
S-B_minervini,2022-03-23,87566.71949335808,38096.45449335807,6
S-B_minervini,2022-03-24,87311.78249335807,38096.45449335807,6
S-B_minervini,2022-03-25,87621.02354975807,42943.14654975807,5
S-B_minervini,2022-03-28,88105.33115590808,26082.759155908072,7
S-B_minervini,2022-03-29,88340.14715590807,26082.759155908072,7
S-B_minervini,2022-03-30,88486.94115590808,26082.759155908072,7
S-B_minervini,2022-03-31,88926.39820328307,38587.81920328307,6
S-B_minervini,2022-04-01,88619.93420328308,38587.81920328307,6
S-B_minervini,2022-04-04,88956.64965803169,12111.238658031692,9
S-B_minervini,2022-04-05,89757.8346580317,12111.238658031692,9
S-B_minervini,2022-04-06,90518.6590494893,25083.373049489303,8
S-B_minervini,2022-04-07,91358.9740494893,25083.373049489303,8
S-B_minervini,2022-04-08,88151.56604948931,25083.373049489303,8
S-B_minervini,2022-04-11,86421.1812337067,12329.902233706698,9
S-B_minervini,2022-04-12,86590.7752337067,12329.902233706698,9
S-B_minervini,2022-04-13,86866.14023370671,12329.902233706698,9
S-B_minervini,2022-04-14,86719.56742400132,20526.14942400131,8
S-B_minervini,2022-04-18,86114.68442400132,20526.14942400131,8
S-B_minervini,2022-04-19,86611.5144240013,20526.14942400131,8
S-B_minervini,2022-04-20,86926.32342400133,20526.14942400131,8
S-B_minervini,2022-04-21,86019.86705427445,28743.46805427446,7
S-B_minervini,2022-04-22,84820.50705427447,28743.46805427446,7
S-B_minervini,2022-04-25,84715.06092620839,36679.145926208395,6
S-B_minervini,2022-04-26,84394.1279262084,36679.145926208395,6
S-B_minervini,2022-04-27,84382.06192620841,36679.145926208395,6
S-B_minervini,2022-04-28,85151.68392620838,36679.145926208395,6
S-B_minervini,2022-04-29,84401.9239262084,36679.145926208395,6
S-B_minervini,2022-05-02,83945.81332041536,49875.14732041536,4
S-B_minervini,2022-05-03,83881.30595455748,66212.09795455748,2
S-B_minervini,2022-05-04,84241.84595455747,66212.09795455748,2
S-B_minervini,2022-05-05,84308.66195455748,66212.09795455748,2
S-B_minervini,2022-05-06,84238.44395455747,66212.09795455748,2
S-B_minervini,2022-05-09,83944.39288187202,41008.19288187202,5
S-B_minervini,2022-05-10,83216.55759252014,56569.177592520144,3
S-B_minervini,2022-05-11,83074.87959252014,56569.177592520144,3
S-B_minervini,2022-05-12,82432.13901215672,64365.87501215671,2
S-B_minervini,2022-05-13,83041.60101215671,64365.87501215671,2
S-B_minervini,2022-05-16,82896.07650376015,69366.01350376016,2
S-B_minervini,2022-05-17,82919.79450376016,69366.01350376016,2
S-B_minervini,2022-05-18,82734.79950376015,69366.01350376016,2
S-B_minervini,2022-05-19,82649.21250376015,69366.01350376016,2
S-B_minervini,2022-05-20,82487.58989990354,73752.09989990354,1
S-B_minervini,2022-05-23,82503.39989990354,73752.09989990354,1
S-B_minervini,2022-05-24,82535.01989990353,73752.09989990354,1
S-B_minervini,2022-05-25,82548.96989990353,73752.09989990354,1
S-B_minervini,2022-05-26,82545.24989990353,73752.09989990354,1
S-B_minervini,2022-05-27,82557.33989990354,73752.09989990354,1
S-B_minervini,2022-05-31,81489.44838617973,56674.61238617974,3
S-B_minervini,2022-06-01,81614.85438617974,56674.61238617974,3
S-B_minervini,2022-06-02,81497.98038617974,56674.61238617974,3
S-B_minervini,2022-06-03,81579.48438617974,56674.61238617974,3
S-B_minervini,2022-06-06,80233.22892206702,15099.083922067026,8
S-B_minervini,2022-06-07,82651.21592206703,15099.083922067026,8
S-B_minervini,2022-06-08,81558.10453096703,23895.769530967027,7
S-B_minervini,2022-06-09,80615.74253096704,23895.769530967027,7
S-B_minervini,2022-06-10,79210.2548163622,46239.03181636219,4
S-B_minervini,2022-06-13,76363.79360253818,60906.55360253817,2
S-B_minervini,2022-06-14,76425.55789299583,68396.69089299583,1
S-B_minervini,2022-06-15,75957.56006117564,75957.56006117564,0
S-B_minervini,2022-06-16,75957.56006117564,75957.56006117564,0
S-B_minervini,2022-06-17,75957.56006117564,75957.56006117564,0
S-B_minervini,2022-06-21,75957.56006117564,75957.56006117564,0
S-B_minervini,2022-06-22,75957.56006117564,75957.56006117564,0
S-B_minervini,2022-06-23,75957.56006117564,75957.56006117564,0
S-B_minervini,2022-06-24,75957.56006117564,75957.56006117564,0
S-B_minervini,2022-06-27,75957.56006117564,75957.56006117564,0
S-B_minervini,2022-06-28,75957.56006117564,75957.56006117564,0
S-B_minervini,2022-06-29,75957.56006117564,75957.56006117564,0
S-B_minervini,2022-06-30,75957.56006117564,75957.56006117564,0
S-B_minervini,2022-07-01,75957.56006117564,75957.56006117564,0
S-B_minervini,2022-07-05,75957.56006117564,75957.56006117564,0
S-B_minervini,2022-07-06,75957.56006117564,75957.56006117564,0
S-B_minervini,2022-07-07,75957.56006117564,75957.56006117564,0
S-B_minervini,2022-07-08,75957.56006117564,75957.56006117564,0
S-B_minervini,2022-07-11,75939.68978981565,68391.08978981564,1
S-B_minervini,2022-07-12,75885.86978981564,68391.08978981564,1
S-B_minervini,2022-07-13,75833.42978981564,68391.08978981564,1
S-B_minervini,2022-07-14,75700.94978981564,68391.08978981564,1
S-B_minervini,2022-07-15,75794.78978981564,68391.08978981564,1
S-B_minervini,2022-07-18,75379.86519981564,60929.04519981564,2
S-B_minervini,2022-07-19,75332.38021927362,67944.78021927361,1
S-B_minervini,2022-07-20,75081.58021927362,67944.78021927361,1
S-B_minervini,2022-07-21,74853.30156074536,74853.30156074536,0
S-B_minervini,2022-07-22,74853.30156074536,74853.30156074536,0
S-B_minervini,2022-07-25,75396.71427177983,59889.96527177982,2
S-B_minervini,2022-07-26,75272.79027177983,59889.96527177982,2
S-B_minervini,2022-07-27,75115.33927177983,59889.96527177982,2
S-B_minervini,2022-07-28,75458.01927177982,59889.96527177982,2
S-B_minervini,2022-07-29,75500.10827177983,59889.96527177982,2
S-B_minervini,2022-08-01,75749.1632889486,972.2652889486017,10
S-B_minervini,2022-08-02,74855.39028894862,972.2652889486017,10
S-B_minervini,2022-08-03,74925.9595702986,8215.383570298602,9
S-B_minervini,2022-08-04,74407.40402713692,19440.494027136916,8
S-B_minervini,2022-08-05,75170.02302713691,19440.494027136916,8
S-B_minervini,2022-08-08,76056.87876158407,4443.617761584066,10
S-B_minervini,2022-08-09,74716.76677996654,18143.870779966543,8
S-B_minervini,2022-08-10,75955.09348625813,22374.688486258136,8
S-B_minervini,2022-08-11,76261.41848625813,22374.688486258136,8
S-B_minervini,2022-08-12,77129.61048625814,22374.688486258136,8
S-B_minervini,2022-08-15,77477.92397317901,9479.482973179021,10
S-B_minervini,2022-08-16,77651.42109897902,17150.87809897902,9
S-B_minervini,2022-08-17,76774.92505751581,24059.3560575158,8
S-B_minervini,2022-08-18,77550.3050575158,24059.3560575158,8
S-B_minervini,2022-08-19,77074.06105751579,24059.3560575158,8
S-B_minervini,2022-08-22,76276.05906557565,8716.699065575674,10
S-B_minervini,2022-08-23,77179.5660655757,8716.699065575674,10
S-B_minervini,2022-08-24,77917.26106557567,8716.699065575674,10
S-B_minervini,2022-08-25,78982.99006557566,8716.699065575674,10
S-B_minervini,2022-08-26,77291.28706557566,8716.699065575674,10
S-B_minervini,2022-08-29,76924.71606557566,8716.699065575674,10
S-B_minervini,2022-08-30,74728.55047107395,15853.11547107394,9
S-B_minervini,2022-08-31,74711.56947194994,20596.49047194994,8
S-B_minervini,2022-09-01,74274.20960848896,29156.17360848897,6
S-B_minervini,2022-09-02,74019.85660848898,29156.17360848897,6
S-B_minervini,2022-09-06,73876.84660848897,29156.17360848897,6
S-B_minervini,2022-09-07,74196.36360848897,29156.17360848897,6
S-B_minervini,2022-09-08,73224.08843001744,36079.754430017434,5
S-B_minervini,2022-09-09,73536.79443001744,36079.754430017434,5
S-B_minervini,2022-09-12,73919.29953383889,31.867533838889358,10
S-B_minervini,2022-09-13,72337.30553383888,31.867533838889358,10
S-B_minervini,2022-09-14,72878.59753383888,31.867533838889358,10
S-B_minervini,2022-09-15,72456.03753383888,31.867533838889358,10
S-B_minervini,2022-09-16,71381.71133816284,13846.207338162843,8
S-B_minervini,2022-09-19,72105.87533816283,13846.207338162843,8
S-B_minervini,2022-09-20,72147.28033816285,13846.207338162843,8
S-B_minervini,2022-09-21,71664.28533816284,13846.207338162843,8
S-B_minervini,2022-09-22,71486.86033816283,13846.207338162843,8
S-B_minervini,2022-09-23,70762.75551469871,33766.91951469871,5
S-B_minervini,2022-09-26,70522.87269097372,26698.75969097371,6
S-B_minervini,2022-09-27,70566.3886909737,26698.75969097371,6
S-B_minervini,2022-09-28,71128.25269097372,26698.75969097371,6
S-B_minervini,2022-09-29,70807.4986909737,26698.75969097371,6
S-B_minervini,2022-09-30,70554.13369097371,26698.75969097371,6
S-B_minervini,2022-10-03,70858.4306909737,26698.75969097371,6
S-B_minervini,2022-10-04,71472.43543382372,41340.510433823714,4
S-B_minervini,2022-10-05,71437.41343382372,41340.510433823714,4
S-B_minervini,2022-10-06,71421.97743382372,41340.510433823714,4
S-B_minervini,2022-10-07,71101.36643382371,41340.510433823714,4
S-B_minervini,2022-10-10,71270.10032775602,34246.47432775603,5
S-B_minervini,2022-10-11,71421.81332775603,34246.47432775603,5
S-B_minervini,2022-10-12,71342.12432775603,34246.47432775603,5
S-B_minervini,2022-10-13,71668.72932775602,34246.47432775603,5
S-B_minervini,2022-10-14,71046.39150133409,40814.285501334096,4
S-B_minervini,2022-10-17,71552.1915013341,40814.285501334096,4
S-B_minervini,2022-10-18,71845.9145013341,40814.285501334096,4
S-B_minervini,2022-10-19,71808.80450133409,40814.285501334096,4
S-B_minervini,2022-10-20,71726.35526958604,44801.58026958604,4
S-B_minervini,2022-10-21,72123.28626958604,44801.58026958604,4
S-B_minervini,2022-10-24,72639.04426958604,44801.58026958604,4
S-B_minervini,2022-10-25,72806.15126958604,44801.58026958604,4
S-B_minervini,2022-10-26,72078.10332693903,52393.89832693903,3
S-B_minervini,2022-10-27,72227.87932693903,52393.89832693903,3
S-B_minervini,2022-10-28,72533.20732693904,52393.89832693903,3
S-B_minervini,2022-10-31,72035.4289442185,16511.0999442185,8
S-B_minervini,2022-11-01,72857.3249442185,16511.0999442185,8
S-B_minervini,2022-11-02,71032.0459442185,16511.0999442185,8
S-B_minervini,2022-11-03,71615.94800222208,22869.661002222085,7
S-B_minervini,2022-11-04,72560.92742972182,26967.891429721825,7
S-B_minervini,2022-11-07,73032.32703840183,12601.468038401828,9
S-B_minervini,2022-11-08,72604.80396284642,19312.04296284642,8
S-B_minervini,2022-11-09,71920.46496284642,19312.04296284642,8
S-B_minervini,2022-11-10,72579.04400820147,30000.871008201466,7
S-B_minervini,2022-11-11,71832.32400820147,30000.871008201466,7
S-B_minervini,2022-11-14,71669.15873487567,15669.654734875676,9
S-B_minervini,2022-11-15,71739.43273487568,15669.654734875676,9
S-B_minervini,2022-11-16,71626.12424915671,22312.928249156706,8
S-B_minervini,2022-11-17,71671.14324915671,22312.928249156706,8
S-B_minervini,2022-11-18,72191.0522491567,22312.928249156706,8
S-B_minervini,2022-11-21,72293.09638326918,15102.82238326918,9
S-B_minervini,2022-11-22,73087.76838326917,15102.82238326918,9
S-B_minervini,2022-11-23,72834.33538326918,15102.82238326918,9
S-B_minervini,2022-11-25,73150.08038326917,15102.82238326918,9
S-B_minervini,2022-11-28,72329.12938326917,15102.82238326918,9
S-B_minervini,2022-11-29,72461.76038326918,15102.82238326918,9
S-B_minervini,2022-11-30,73629.34533633664,19023.206336336643,9
S-B_minervini,2022-12-01,73501.37233633664,19023.206336336643,9
S-B_minervini,2022-12-02,73977.51833633664,19023.206336336643,9
S-B_minervini,2022-12-05,72514.80855663664,11628.739556636643,10
S-B_minervini,2022-12-06,72627.71455663665,11628.739556636643,10
S-B_minervini,2022-12-07,72523.01533213664,15804.284332136644,9
S-B_minervini,2022-12-08,72647.41233213665,15804.284332136644,9
S-B_minervini,2022-12-09,72020.39901495966,22429.159014959656,8
S-B_minervini,2022-12-12,72373.86335483567,19024.910354835672,8
S-B_minervini,2022-12-13,72441.3561631293,27565.14516312931,6
S-B_minervini,2022-12-14,72350.10916312931,27565.14516312931,6
S-B_minervini,2022-12-15,71827.87516312931,27565.14516312931,6
S-B_minervini,2022-12-16,71955.52016312932,27565.14516312931,6
S-B_minervini,2022-12-19,71639.52389948713,12.499899487123002,10
S-B_minervini,2022-12-20,72466.80489948712,12.499899487123002,10
S-B_minervini,2022-12-21,73171.11189948712,12.499899487123002,10
S-B_minervini,2022-12-22,73120.69189948712,12.499899487123002,10
S-B_minervini,2022-12-23,73611.62689948714,12.499899487123002,10
S-B_minervini,2022-12-27,74288.38689948713,12.499899487123002,10
S-B_minervini,2022-12-28,73427.70189948712,12.499899487123002,10
S-B_minervini,2022-12-29,72970.9318662952,6670.215866295195,9
S-B_minervini,2022-12-30,73168.4658662952,6670.215866295195,9
S-B_minervini,2023-01-03,72582.38914059945,10296.569140599458,9
S-B_minervini,2023-01-04,72692.95914059947,10296.569140599458,9
S-B_minervini,2023-01-05,72157.21114059945,10296.569140599458,9
S-B_minervini,2023-01-06,72847.03814059947,10296.569140599458,9
S-B_minervini,2023-01-09,72170.32939684945,3038.324396849459,10
S-B_minervini,2023-01-10,72315.06047939864,9768.268479398645,9
S-B_minervini,2023-01-11,71630.69002411752,13353.546024117513,8
S-B_minervini,2023-01-12,71508.46702411752,13353.546024117513,8
S-B_minervini,2023-01-13,71909.78602411752,13353.546024117513,8
S-B_minervini,2023-01-17,71440.3202973425,10.2642973425136,10
S-B_minervini,2023-01-18,70206.82429734251,10.2642973425136,10
S-B_minervini,2023-01-19,70094.09696168423,5715.693961684242,9
S-B_minervini,2023-01-20,70377.27396168424,5715.693961684242,9
S-B_minervini,2023-01-23,70778.51552480925,17.439524809242357,10
S-B_minervini,2023-01-24,71169.67552480925,17.439524809242357,10
S-B_minervini,2023-01-25,71516.10452480924,17.439524809242357,10
S-B_minervini,2023-01-26,71284.46752480925,17.439524809242357,10
S-B_minervini,2023-01-27,70976.49052480925,17.439524809242357,10
S-B_minervini,2023-01-30,70531.97152480924,17.439524809242357,10
S-B_minervini,2023-01-31,71551.16792845924,7396.998928459243,9
S-B_minervini,2023-02-01,72245.4069272451,11475.905927245103,9
S-B_minervini,2023-02-02,72923.3169272451,11475.905927245103,9
S-B_minervini,2023-02-03,72761.6329272451,11475.905927245103,9
S-B_minervini,2023-02-06,72669.1487707951,4199.930770795103,10
S-B_minervini,2023-02-07,72322.84377079511,4199.930770795103,10
S-B_minervini,2023-02-08,72256.46477079511,4199.930770795103,10
S-B_minervini,2023-02-09,72171.05977079511,4199.930770795103,10
S-B_minervini,2023-02-10,72315.0272682074,18926.213268207393,8
S-B_minervini,2023-02-13,72778.0529516646,4586.881951664604,10
S-B_minervini,2023-02-14,72542.4659516646,4586.881951664604,10
S-B_minervini,2023-02-15,72602.5529516646,4586.881951664604,10
S-B_minervini,2023-02-16,72043.4529516646,4586.881951664604,10
S-B_minervini,2023-02-17,72061.33721041236,11323.136210412351,9
S-B_minervini,2023-02-21,70855.74026416283,10788.85526416282,9
S-B_minervini,2023-02-22,70378.03549228281,17244.045492282818,8
S-B_minervini,2023-02-23,70169.61934541441,29528.638345414405,6
S-B_minervini,2023-02-24,70317.3713454144,29528.638345414405,6
S-B_minervini,2023-02-27,70047.72635687179,8945.273356871798,9
S-B_minervini,2023-02-28,69761.0433568718,8945.273356871798,9
S-B_minervini,2023-03-01,68499.59538171922,15552.348381719212,8
S-B_minervini,2023-03-02,68504.74390725957,22199.066907259574,7
S-B_minervini,2023-03-03,68908.92690725956,22199.066907259574,7
S-B_minervini,2023-03-06,68106.7202319346,1572.1102319345746,10
S-B_minervini,2023-03-07,67730.05223193458,1572.1102319345746,10
S-B_minervini,2023-03-08,67979.25521213458,5943.554212134575,9
S-B_minervini,2023-03-09,66647.71164616814,18704.16364616815,7
S-B_minervini,2023-03-10,65693.34007377677,37662.25007377676,4
S-B_minervini,2023-03-13,65641.50677185618,24738.17177185618,6
S-B_minervini,2023-03-14,66532.73677185619,24738.17177185618,6
S-B_minervini,2023-03-15,65921.01977185618,24738.17177185618,6
S-B_minervini,2023-03-16,66811.89577185619,24738.17177185618,6
S-B_minervini,2023-03-17,66297.76077185619,24738.17177185618,6
S-B_minervini,2023-03-20,66378.51977185618,24738.17177185618,6
S-B_minervini,2023-03-21,66712.20677185619,24738.17177185618,6
S-B_minervini,2023-03-22,66085.68877185618,24738.17177185618,6
S-B_minervini,2023-03-23,66135.5527718562,24738.17177185618,6
S-B_minervini,2023-03-24,66401.06777185618,24738.17177185618,6
S-B_minervini,2023-03-27,66517.68669961453,30716.985699614528,5
S-B_minervini,2023-03-28,66457.11369961454,30716.985699614528,5
S-B_minervini,2023-03-29,67130.65569961452,30716.985699614528,5
S-B_minervini,2023-03-30,67352.51947782453,33931.27247782453,5
S-B_minervini,2023-03-31,67848.63047782454,33931.27247782453,5
S-B_minervini,2023-04-03,68078.43244982963,31545.69044982963,6
S-B_minervini,2023-04-04,67455.91644982963,31545.69044982963,6
S-B_minervini,2023-04-05,67536.33938464765,35585.26838464766,6
S-B_minervini,2023-04-06,67296.99638464766,35585.26838464766,6
S-B_minervini,2023-04-10,67671.94938464765,35585.26838464766,6
S-B_minervini,2023-04-11,67600.40338464765,35585.26838464766,6
S-B_minervini,2023-04-12,67471.95738464766,35585.26838464766,6
S-B_minervini,2023-04-13,67654.66683184766,39424.777831847656,5
S-B_minervini,2023-04-14,67686.77283184766,39424.777831847656,5
S-B_minervini,2023-04-17,67655.23219106026,25926.443191060273,7
S-B_minervini,2023-04-18,67743.12419106027,25926.443191060273,7
S-B_minervini,2023-04-19,67685.81319106027,25926.443191060273,7
S-B_minervini,2023-04-20,68137.45719106027,25926.443191060273,7
S-B_minervini,2023-04-21,67890.34719106028,25926.443191060273,7
S-B_minervini,2023-04-24,68594.5515783396,5689.723578339588,10
S-B_minervini,2023-04-25,67548.45157833959,5689.723578339588,10
S-B_minervini,2023-04-26,67006.06384173958,8746.999841739587,9
S-B_minervini,2023-04-27,68805.56184173959,8746.999841739587,9
S-B_minervini,2023-04-28,68989.95164246936,14996.342642469368,8
S-B_minervini,2023-05-01,70897.9816202368,9530.932620236788,10
S-B_minervini,2023-05-02,70589.28961475354,15788.909614753535,9
S-B_minervini,2023-05-03,71445.92061475353,15788.909614753535,9
S-B_minervini,2023-05-04,71279.60261475353,15788.909614753535,9
S-B_minervini,2023-05-05,72121.82223363484,23431.117233634843,9
S-B_minervini,2023-05-08,71493.40943530685,16274.497435306843,10
S-B_minervini,2023-05-09,71595.73343530684,16274.497435306843,10
S-B_minervini,2023-05-10,71851.41943530685,16274.497435306843,10
S-B_minervini,2023-05-11,72327.91843530684,16274.497435306843,10
S-B_minervini,2023-05-12,72089.50143530684,16274.497435306843,10
S-B_minervini,2023-05-15,71432.26943530684,16274.497435306843,10
S-B_minervini,2023-05-16,71578.68843530685,16274.497435306843,10
S-B_minervini,2023-05-17,71401.99343530684,16274.497435306843,10
S-B_minervini,2023-05-18,71981.57965208218,20854.38465208218,9
S-B_minervini,2023-05-19,71792.68165208219,20854.38465208218,9
S-B_minervini,2023-05-22,71461.01618392218,13691.92118392218,10
S-B_minervini,2023-05-23,70990.37518392218,13691.92118392218,10
S-B_minervini,2023-05-24,70929.42697192219,17274.54697192218,9
S-B_minervini,2023-05-25,70831.99097192218,17274.54697192218,9
S-B_minervini,2023-05-26,70759.18397192218,17274.54697192218,9
S-B_minervini,2023-05-30,70588.99403243861,6653.11103243861,10
S-B_minervini,2023-05-31,69611.06707167595,13288.827071675936,9
S-B_minervini,2023-06-01,70175.62507167592,13288.827071675936,9
S-B_minervini,2023-06-02,70745.06853730592,17007.009537305938,8
S-B_minervini,2023-06-05,70784.18544165594,2883.4544416559374,10
S-B_minervini,2023-06-06,70923.35532658295,6667.337326582953,10
S-B_minervini,2023-06-07,70546.66132658295,6667.337326582953,10
S-B_minervini,2023-06-08,70690.16432658296,6667.337326582953,10
S-B_minervini,2023-06-09,70801.31732658295,6667.337326582953,10
S-B_minervini,2023-06-12,70796.0360420082,19533.54404200819,8
S-B_minervini,2023-06-13,71279.62804200819,19533.54404200819,8
S-B_minervini,2023-06-14,71231.6190420082,19533.54404200819,8
S-B_minervini,2023-06-15,71390.05004200818,19533.54404200819,8
S-B_minervini,2023-06-16,70351.12704200819,19533.54404200819,8
S-B_minervini,2023-06-20,69999.87943642704,19032.792436427044,8
S-B_minervini,2023-06-21,70071.31343642704,19032.792436427044,8
S-B_minervini,2023-06-22,69958.48643642705,19032.792436427044,8
S-B_minervini,2023-06-23,69742.30543642704,19032.792436427044,8
S-B_minervini,2023-06-26,69702.05443642705,19032.792436427044,8
S-B_minervini,2023-06-27,70053.63443642705,19032.792436427044,8
S-B_minervini,2023-06-28,70341.78143642706,19032.792436427044,8
S-B_minervini,2023-06-29,70487.48143642704,19032.792436427044,8
S-B_minervini,2023-06-30,70874.05943642705,19032.792436427044,8
S-B_minervini,2023-07-03,70760.1977970786,11451.339797078583,9
S-B_minervini,2023-07-05,70192.923010326,14979.846010326004,9
S-B_minervini,2023-07-06,69629.97401032601,14979.846010326004,9
S-B_minervini,2023-07-07,69778.087010326,14979.846010326004,9
S-B_minervini,2023-07-10,71151.53704882601,8004.416048826005,10
S-B_minervini,2023-07-11,71264.87810970099,12502.977109701005,9
S-B_minervini,2023-07-12,71984.923416541,16481.847416541004,9
S-B_minervini,2023-07-13,73911.57646962194,20493.76246962194,9
S-B_minervini,2023-07-14,73334.8273267301,24477.290326730097,9
S-B_minervini,2023-07-17,73983.6101252801,17161.230125280097,10
S-B_minervini,2023-07-18,74610.12892611529,21176.39092611528,10
S-B_minervini,2023-07-19,74783.87392611528,21176.39092611528,10
S-B_minervini,2023-07-20,73765.60092611528,21176.39092611528,10
S-B_minervini,2023-07-21,73765.27863270829,25061.20263270828,9
S-B_minervini,2023-07-24,73234.22371705365,17782.740717053668,10
S-B_minervini,2023-07-25,74047.49471705366,17782.740717053668,10
S-B_minervini,2023-07-26,74352.80671705367,17782.740717053668,10
S-B_minervini,2023-07-27,74082.63971705368,17782.740717053668,10
S-B_minervini,2023-07-28,74918.25671705368,17782.740717053668,10
S-B_minervini,2023-07-31,74960.41971705366,17782.740717053668,10
S-B_minervini,2023-08-01,74395.55191564413,27813.440915644136,8
S-B_minervini,2023-08-02,73558.44391564414,27813.440915644136,8
S-B_minervini,2023-08-03,73107.04391564413,27813.440915644136,8
S-B_minervini,2023-08-04,73548.19491564414,27813.440915644136,8
S-B_minervini,2023-08-07,73597.2193637655,23856.017363765503,8
S-B_minervini,2023-08-08,73724.6033637655,23856.017363765503,8
S-B_minervini,2023-08-09,72539.60473170735,30639.56873170735,7
S-B_minervini,2023-08-10,72360.82673170735,30639.56873170735,7
S-B_minervini,2023-08-11,72278.32473170734,30639.56873170735,7
S-B_minervini,2023-08-14,72759.11068067008,9777.200680670088,10
S-B_minervini,2023-08-15,72731.55068067009,9777.200680670088,10
S-B_minervini,2023-08-16,71709.79668067009,9777.200680670088,10
S-B_minervini,2023-08-17,70462.21430437472,16514.289304374728,9
S-B_minervini,2023-08-18,70548.08862484692,27747.810624846916,7
S-B_minervini,2023-08-21,70441.66983496473,11370.236834964735,9
S-B_minervini,2023-08-22,70257.06132000472,17628.831320004727,8
S-B_minervini,2023-08-23,72265.48531704472,21697.72131704473,8
S-B_minervini,2023-08-24,71687.3920050266,26004.128005026596,7
S-B_minervini,2023-08-25,72099.3790050266,26004.128005026596,7
S-B_minervini,2023-08-28,72221.5800050266,26004.128005026596,7
S-B_minervini,2023-08-29,72715.5340050266,26004.128005026596,7
S-B_minervini,2023-08-30,72976.5780050266,26004.128005026596,7
S-B_minervini,2023-08-31,73183.45600502659,26004.128005026596,7
S-B_minervini,2023-09-01,73874.3650050266,26004.128005026596,7
S-B_minervini,2023-09-05,73394.99735875486,3999.0163587548623,10
S-B_minervini,2023-09-06,73295.59235875486,3999.0163587548623,10
S-B_minervini,2023-09-07,72915.15411342862,7720.193113428628,10
S-B_minervini,2023-09-08,72604.11311342863,7720.193113428628,10
S-B_minervini,2023-09-11,73072.80611342864,7720.193113428628,10
S-B_minervini,2023-09-12,72907.61911342863,7720.193113428628,10
S-B_minervini,2023-09-13,73232.58498119492,14566.019981194913,9
S-B_minervini,2023-09-14,73707.20242266802,21327.198422668014,8
S-B_minervini,2023-09-15,72818.68942266802,21327.198422668014,8
S-B_minervini,2023-09-18,72700.13527576765,6777.713275767662,10
S-B_minervini,2023-09-19,72389.82527576765,6777.713275767662,10
S-B_minervini,2023-09-20,72254.26627576766,6777.713275767662,10
S-B_minervini,2023-09-21,71317.15867186469,13510.455671864685,9
S-B_minervini,2023-09-22,71385.2526718647,13510.455671864685,9
S-B_minervini,2023-09-25,71646.04386537676,20495.734865376755,8
S-B_minervini,2023-09-26,71393.70986537676,20495.734865376755,8
S-B_minervini,2023-09-27,71979.38686537676,20495.734865376755,8
S-B_minervini,2023-09-28,72238.00486537676,20495.734865376755,8
S-B_minervini,2023-09-29,71921.06186537675,20495.734865376755,8
S-B_minervini,2023-10-02,71787.23436438126,26847.56636438126,7
S-B_minervini,2023-10-03,70837.31136438125,26847.56636438126,7
S-B_minervini,2023-10-04,71022.72536438124,26847.56636438126,7
S-B_minervini,2023-10-05,71143.38936438126,26847.56636438126,7
S-B_minervini,2023-10-06,72037.95936438125,26847.56636438126,7
S-B_minervini,2023-10-09,72738.93379874718,19757.655798747182,8
S-B_minervini,2023-10-10,73622.05931397587,23887.61031397587,8
S-B_minervini,2023-10-11,74155.4982103042,34437.2092103042,7
S-B_minervini,2023-10-12,73620.3532103042,34437.2092103042,7
S-B_minervini,2023-10-13,73384.56874910611,49414.6347491061,4
S-B_minervini,2023-10-16,73780.8452206601,34748.901220660104,6
S-B_minervini,2023-10-17,73919.1572206601,34748.901220660104,6
S-B_minervini,2023-10-18,73484.8072206601,34748.901220660104,6
S-B_minervini,2023-10-19,72792.8052206601,34748.901220660104,6
S-B_minervini,2023-10-20,72138.54967270987,41544.344672709856,5
S-B_minervini,2023-10-23,72085.46267270987,41544.344672709856,5
S-B_minervini,2023-10-24,72334.92967270986,41544.344672709856,5
S-B_minervini,2023-10-25,72050.82667270985,41544.344672709856,5
S-B_minervini,2023-10-26,71814.77867270986,41544.344672709856,5
S-B_minervini,2023-10-27,71367.43492223605,45397.54292223604,4
S-B_minervini,2023-10-30,71412.43332809604,43099.52332809604,4
S-B_minervini,2023-10-31,71823.24332809604,43099.52332809604,4
S-B_minervini,2023-11-01,72016.94532809604,43099.52332809604,4
S-B_minervini,2023-11-02,72824.72132809604,43099.52332809604,4
S-B_minervini,2023-11-03,72550.98532809604,43099.52332809604,4
S-B_minervini,2023-11-06,72672.51971987603,21522.57971987604,7
S-B_minervini,2023-11-07,73338.08171987603,21522.57971987604,7
S-B_minervini,2023-11-08,73234.69771987604,21522.57971987604,7
S-B_minervini,2023-11-09,73463.47663351204,25699.84863351204,7
S-B_minervini,2023-11-10,74347.03663351203,25699.84863351204,7
S-B_minervini,2023-11-13,74256.63295820696,14867.480958206957,9
S-B_minervini,2023-11-14,76320.52895820695,14867.480958206957,9
S-B_minervini,2023-11-15,76394.42095820696,14867.480958206957,9
S-B_minervini,2023-11-16,76498.87495820696,14867.480958206957,9
S-B_minervini,2023-11-17,76208.53695820697,14867.480958206957,9
S-B_minervini,2023-11-20,77200.89120050697,7249.813200506958,10
S-B_minervini,2023-11-21,76245.98137318194,13942.271373181953,9
S-B_minervini,2023-11-22,76947.02737318196,13942.271373181953,9
S-B_minervini,2023-11-24,77399.58599161472,18128.91399161472,9
S-B_minervini,2023-11-27,78043.62158026472,10402.133580264723,10
S-B_minervini,2023-11-28,77670.71608115546,18889.024081155447,10
S-B_minervini,2023-11-29,77498.65408115546,18889.024081155447,10
S-B_minervini,2023-11-30,77291.71216170257,29795.354161702573,8
S-B_minervini,2023-12-01,78609.07906119758,33891.05506119758,8
S-B_minervini,2023-12-04,79245.64526943327,18666.68326943325,10
S-B_minervini,2023-12-05,79255.94158023325,22569.665580233253,9
S-B_minervini,2023-12-06,79101.62655748855,26757.694557488547,9
S-B_minervini,2023-12-07,77289.66684039854,32848.40484039854,8
S-B_minervini,2023-12-08,77768.25684039854,32848.40484039854,8
S-B_minervini,2023-12-11,77563.27605388587,25646.024053885885,9
S-B_minervini,2023-12-12,78362.57205388589,25646.024053885885,9
S-B_minervini,2023-12-13,79266.47005388589,25646.024053885885,9
S-B_minervini,2023-12-14,79699.59397580489,29843.634975804882,9
S-B_minervini,2023-12-15,79497.2049758049,29843.634975804882,9
S-B_minervini,2023-12-18,79078.26563507508,18183.78963507508,10
S-B_minervini,2023-12-19,79280.51743353295,25509.82443353296,9
S-B_minervini,2023-12-20,77473.47410187556,40048.05610187556,7
S-B_minervini,2023-12-21,78014.98510187556,40048.05610187556,7
S-B_minervini,2023-12-22,78545.10110187557,40048.05610187556,7
S-B_minervini,2023-12-26,78605.53777349555,24448.523773495563,9
S-B_minervini,2023-12-27,79502.57677349557,24448.523773495563,9
S-B_minervini,2023-12-28,79440.66177349557,24448.523773495563,9
S-B_minervini,2023-12-29,78801.68777349556,24448.523773495563,9
S-B_minervini,2024-01-02,78310.67695903103,16740.397959031026,10
S-B_minervini,2024-01-03,76321.67637711338,23968.90837711338,9
S-B_minervini,2024-01-04,76668.36288926337,32188.01888926338,7
S-B_minervini,2024-01-05,76546.75688926337,32188.01888926338,7
S-B_minervini,2024-01-08,76639.46578424909,17523.28678424908,9
S-B_minervini,2024-01-09,76299.53382424908,22553.211824249083,8
S-B_minervini,2024-01-10,76550.98282424909,22553.211824249083,8
S-B_minervini,2024-01-11,76730.28982424908,22553.211824249083,8
S-B_minervini,2024-01-12,76925.81882424909,22553.211824249083,8
S-B_minervini,2024-01-16,76376.56039308044,5584.12539308044,10
S-B_minervini,2024-01-17,76039.3460154477,12703.001015447699,9
S-B_minervini,2024-01-18,76331.4890154477,12703.001015447699,9
S-B_minervini,2024-01-19,76656.54739763815,16796.058397638146,9
S-B_minervini,2024-01-22,77195.16263858315,9131.697638583148,10
S-B_minervini,2024-01-23,76839.02660958315,16852.997609583148,9
S-B_minervini,2024-01-24,77202.79737249296,25887.053372492963,8
S-B_minervini,2024-01-25,77485.53337249297,25887.053372492963,8
S-B_minervini,2024-01-26,77351.84637249296,25887.053372492963,8
S-B_minervini,2024-01-29,78099.92659150762,17013.022591507633,9
S-B_minervini,2024-01-30,77451.76159150763,17013.022591507633,9
S-B_minervini,2024-01-31,76931.68728152578,24173.497281525782,8
S-B_minervini,2024-02-01,78193.93828152578,24173.497281525782,8
S-B_minervini,2024-02-02,78525.31928152578,24173.497281525782,8
S-B_minervini,2024-02-05,78286.46879672579,8570.224796725783,10
S-B_minervini,2024-02-06,78048.33128867242,15594.81828867242,9
S-B_minervini,2024-02-07,79081.69528867242,15594.81828867242,9
S-B_minervini,2024-02-08,79851.01068474069,19928.74568474069,9
S-B_minervini,2024-02-09,80064.91529778464,24305.76729778463,9
S-B_minervini,2024-02-12,80490.15729778464,24305.76729778463,9
S-B_minervini,2024-02-13,78943.74929778464,24305.76729778463,9
S-B_minervini,2024-02-14,80072.03201306479,30301.632013064784,8
S-B_minervini,2024-02-15,82009.90221128977,34940.56521128978,8
S-B_minervini,2024-02-16,82194.41121128979,34940.56521128978,8
S-B_minervini,2024-02-20,80989.68350282978,19120.512502829784,10
S-B_minervini,2024-02-21,80771.89454887979,23258.274548879785,9
S-B_minervini,2024-02-22,82868.07672949169,28036.42572949169,8
S-B_minervini,2024-02-23,83210.08472949169,28036.42572949169,8
S-B_minervini,2024-02-26,84304.19845284696,15896.30345284695,10
S-B_minervini,2024-02-27,85741.11945284694,15896.30345284695,10
S-B_minervini,2024-02-28,84365.71046342325,23575.31946342326,9
S-B_minervini,2024-02-29,84766.47946342325,23575.31946342326,9
S-B_minervini,2024-03-01,85299.24846342327,23575.31946342326,9
S-B_minervini,2024-03-04,85465.85956738063,19316.788567380638,10
S-B_minervini,2024-03-05,85022.4823361117,27198.718336111695,9
S-B_minervini,2024-03-06,85384.35333611169,27198.718336111695,9
S-B_minervini,2024-03-07,84730.0493361117,27198.718336111695,9
S-B_minervini,2024-03-08,83803.91684332833,31051.497843328336,8
S-B_minervini,2024-03-11,82960.75827233995,7236.750272339966,10
S-B_minervini,2024-03-12,83559.82927233996,7236.750272339966,10
S-B_minervini,2024-03-13,84220.47727233998,7236.750272339966,10
S-B_minervini,2024-03-14,83530.42527233997,7236.750272339966,10
S-B_minervini,2024-03-15,82995.35659935701,14270.730599357008,9
S-B_minervini,2024-03-18,80985.96679656948,20468.704796569473,8
S-B_minervini,2024-03-19,81293.31579656947,20468.704796569473,8
S-B_minervini,2024-03-20,82658.97379656947,20468.704796569473,8
S-B_minervini,2024-03-21,83103.94511434346,25083.49611434347,8
S-B_minervini,2024-03-22,82779.47242034347,33336.928420343465,7
S-B_minervini,2024-03-25,82114.5112426351,16804.4362426351,9
S-B_minervini,2024-03-26,82165.4872426351,16804.4362426351,9
S-B_minervini,2024-03-27,83082.15724263509,16804.4362426351,9
S-B_minervini,2024-03-28,82369.73397293796,24454.38797293796,8
S-B_minervini,2024-04-01,81962.47515407797,16339.32215407796,9
S-B_minervini,2024-04-02,81743.29715407795,16339.32215407796,9
S-B_minervini,2024-04-03,82118.59315407797,16339.32215407796,9
S-B_minervini,2024-04-04,81193.70715407796,16339.32215407796,9
S-B_minervini,2024-04-05,81927.45969049797,21704.99469049796,8
S-B_minervini,2024-04-08,82570.09583058527,5358.826830585267,10
S-B_minervini,2024-04-09,81765.8021663774,12883.227166377406,9
S-B_minervini,2024-04-10,81431.2491663774,12883.227166377406,9
S-B_minervini,2024-04-11,81918.36130313302,17138.539303133002,9
S-B_minervini,2024-04-12,80805.08664719181,24708.253647191817,8
S-B_minervini,2024-04-15,80031.92636081255,29183.90436081255,7
S-B_minervini,2024-04-16,79977.88736081254,29183.90436081255,7
S-B_minervini,2024-04-17,80048.51836081254,29183.90436081255,7
S-B_minervini,2024-04-18,79812.34836081255,29183.90436081255,7
S-B_minervini,2024-04-19,80155.37636081254,29183.90436081255,7
S-B_minervini,2024-04-22,80613.58636081254,29183.90436081255,7
S-B_minervini,2024-04-23,82337.58536081255,29183.90436081255,7
S-B_minervini,2024-04-24,81566.33333780269,36697.183337802686,6
S-B_minervini,2024-04-25,80573.76637200997,44353.36837200997,5
S-B_minervini,2024-04-26,80925.08309847512,55039.92909847512,4
S-B_minervini,2024-04-29,80721.61503215108,31945.22703215108,7
S-B_minervini,2024-04-30,79569.66503215107,31945.22703215108,7
S-B_minervini,2024-05-01,79313.20382637608,37011.13682637608,6
S-B_minervini,2024-05-02,80467.14882437608,41999.14582437608,5
S-B_minervini,2024-05-03,80739.14182437609,41999.14582437608,5
S-B_minervini,2024-05-06,80791.65584944609,1674.8168494460842,10
S-B_minervini,2024-05-07,82446.53737823268,6253.06237823269,10
S-B_minervini,2024-05-08,82538.03848840069,13684.34548840069,9
S-B_minervini,2024-05-09,82278.59782397564,21152.014823975634,8
S-B_minervini,2024-05-10,81853.03339971189,25787.965399711884,8
S-B_minervini,2024-05-13,82480.93602818687,3.3600281868893944,10
S-B_minervini,2024-05-14,82201.4690281869,3.3600281868893944,10
S-B_minervini,2024-05-15,82929.65402818687,3.3600281868893944,10
S-B_minervini,2024-05-16,82959.03002818688,3.3600281868893944,10
S-B_minervini,2024-05-17,83233.03702818688,3.3600281868893944,10
S-B_minervini,2024-05-20,83479.60402818688,3.3600281868893944,10
S-B_minervini,2024-05-21,83417.4430281869,3.3600281868893944,10
S-B_minervini,2024-05-22,83460.42049531548,4636.270495315495,10
S-B_minervini,2024-05-23,83003.3294953155,4636.270495315495,10
S-B_minervini,2024-05-24,84646.74844342565,9221.480443425637,10
S-B_minervini,2024-05-28,84693.29344342563,9221.480443425637,10
S-B_minervini,2024-05-29,84244.95644342565,9221.480443425637,10
S-B_minervini,2024-05-30,85414.49744342564,9221.480443425637,10
S-B_minervini,2024-05-31,85102.61644342564,9221.480443425637,10
S-B_minervini,2024-06-03,85160.44544342563,9221.480443425637,10
S-B_minervini,2024-06-04,84594.07614805063,13279.089148050636,9
S-B_minervini,2024-06-05,85726.95314805064,13279.089148050636,9
S-B_minervini,2024-06-06,83857.52428174432,29579.26028174432,8
S-B_minervini,2024-06-07,83816.3646454513,34201.50264545129,7
S-B_minervini,2024-06-10,84390.6040711053,17469.645071105297,9
S-B_minervini,2024-06-11,83638.25283233197,23971.854832331974,8
S-B_minervini,2024-06-12,84583.84683233197,23971.854832331974,8
S-B_minervini,2024-06-13,83879.46453975799,31267.393539758,7
S-B_minervini,2024-06-14,83088.14153975801,31267.393539758,7
S-B_minervini,2024-06-17,82670.90111182124,22386.001111821235,8
S-B_minervini,2024-06-18,82642.72670059618,30133.18870059618,7
S-B_minervini,2024-06-20,81499.22870059617,30133.18870059618,7
S-B_minervini,2024-06-21,81311.43082809617,34369.32082809618,6
S-B_minervini,2024-06-24,80861.37254737617,18496.903547376176,8
S-B_minervini,2024-06-25,81348.20854737618,18496.903547376176,8
S-B_minervini,2024-06-26,81051.92454737617,18496.903547376176,8
S-B_minervini,2024-06-27,80947.83565233841,26161.693652338407,7
S-B_minervini,2024-06-28,80736.4626523384,26161.693652338407,7
S-B_minervini,2024-07-01,79693.65276439257,2060.676764392566,10
S-B_minervini,2024-07-02,80012.38843759256,8897.959437592566,9
S-B_minervini,2024-07-03,79892.67143759257,8897.959437592566,9
S-B_minervini,2024-07-05,79552.56043759256,8897.959437592566,9
S-B_minervini,2024-07-08,79355.23105123256,1216.259051232566,10
S-B_minervini,2024-07-09,79529.70105123258,1216.259051232566,10
S-B_minervini,2024-07-10,80423.39405123256,1216.259051232566,10
S-B_minervini,2024-07-11,81612.96905123258,1216.259051232566,10
S-B_minervini,2024-07-12,82142.97405123257,1216.259051232566,10
S-B_minervini,2024-07-15,83519.24205123256,1216.259051232566,10
S-B_minervini,2024-07-16,85123.07805123257,1216.259051232566,10
S-B_minervini,2024-07-17,84993.70429918863,5795.634299188622,10
S-B_minervini,2024-07-18,85093.5213233652,10343.899323365198,10
S-B_minervini,2024-07-19,84909.0823233652,10343.899323365198,10
S-B_minervini,2024-07-22,85937.6903233652,10343.899323365198,10
S-B_minervini,2024-07-23,86515.06056185045,14865.009561850438,10
S-B_minervini,2024-07-24,84702.94156185046,14865.009561850438,10
S-B_minervini,2024-07-25,85470.06689572164,22329.930895721638,9
S-B_minervini,2024-07-26,86211.63389572164,22329.930895721638,9
S-B_minervini,2024-07-29,85754.59077203431,13711.115772034324,10
S-B_minervini,2024-07-30,85126.1641482049,21690.600148204918,9
S-B_minervini,2024-07-31,85112.10096211717,26166.39596211717,9
S-B_minervini,2024-08-01,84817.94496211717,26166.39596211717,9
S-B_minervini,2024-08-02,83343.74996211717,26166.39596211717,9
S-B_minervini,2024-08-05,82281.26112211161,21793.775122111605,8
S-B_minervini,2024-08-06,83580.74552416778,30830.091524167783,7
S-B_minervini,2024-08-07,83033.07552416778,30830.091524167783,7
S-B_minervini,2024-08-08,84424.16352416779,30830.091524167783,7
S-B_minervini,2024-08-09,84365.56152416777,30830.091524167783,7
S-B_minervini,2024-08-12,83868.30952416778,30830.091524167783,7
S-B_minervini,2024-08-13,84091.45352416778,30830.091524167783,7
S-B_minervini,2024-08-14,84280.71152416778,30830.091524167783,7
S-B_minervini,2024-08-15,84636.01552416779,30830.091524167783,7
S-B_minervini,2024-08-16,85008.14552416779,30830.091524167783,7
S-B_minervini,2024-08-19,86086.88352416779,30830.091524167783,7
S-B_minervini,2024-08-20,85526.51752416778,30830.091524167783,7
S-B_minervini,2024-08-21,86495.40488002537,35538.564880025384,7
S-B_minervini,2024-08-22,86134.56288002539,35538.564880025384,7
S-B_minervini,2024-08-23,87137.27788937002,39904.015889370006,7
S-B_minervini,2024-08-26,86565.89818283892,30614.470182838915,8
S-B_minervini,2024-08-27,85909.1571658819,38640.4191658819,7
S-B_minervini,2024-08-28,86100.74261957813,42959.51861957813,7
S-B_minervini,2024-08-29,86358.45061957813,42959.51861957813,7
S-B_minervini,2024-08-30,86819.19461957813,42959.51861957813,7
S-B_minervini,2024-09-03,85385.34277397813,34296.61877397813,8
S-B_minervini,2024-09-04,85592.06841945814,38892.892419458134,7
S-B_minervini,2024-09-05,85482.22441945813,38892.892419458134,7
S-B_minervini,2024-09-06,84129.95397909054,46925.25197909054,6
S-B_minervini,2024-09-09,84260.7565919712,35233.672591971204,7
S-B_minervini,2024-09-10,83739.35558262438,39063.015582624386,6
S-B_minervini,2024-09-11,83904.46558262438,39063.015582624386,6
S-B_minervini,2024-09-12,84137.47958262438,39063.015582624386,6
S-B_minervini,2024-09-13,84558.14558262439,39063.015582624386,6
S-B_minervini,2024-09-16,84990.3541087744,22170.516108774384,8
S-B_minervini,2024-09-17,85119.50934862439,30553.035348624384,7
S-B_minervini,2024-09-18,85242.07134862439,30553.035348624384,7
S-B_minervini,2024-09-19,85272.61734862438,30553.035348624384,7
S-B_minervini,2024-09-20,85272.89534862438,30553.035348624384,7
S-B_minervini,2024-09-23,86173.54786480134,5653.101864801346,10
S-B_minervini,2024-09-24,86609.84286480134,5653.101864801346,10
S-B_minervini,2024-09-25,86240.14786480133,5653.101864801346,10
S-B_minervini,2024-09-26,85884.28186480135,5653.101864801346,10
S-B_minervini,2024-09-27,85944.85386480135,5653.101864801346,10
S-B_minervini,2024-09-30,86492.38686480134,5653.101864801346,10
S-B_minervini,2024-10-01,86330.09386480134,5653.101864801346,10
S-B_minervini,2024-10-02,86571.41549751727,10226.537497517276,10
S-B_minervini,2024-10-03,86747.62249751728,10226.537497517276,10
S-B_minervini,2024-10-04,87377.00349751727,10226.537497517276,10
S-B_minervini,2024-10-07,87043.43649751728,10226.537497517276,10
S-B_minervini,2024-10-08,87676.51749751727,10226.537497517276,10
S-B_minervini,2024-10-09,87859.25349751726,10226.537497517276,10
S-B_minervini,2024-10-10,87496.55849751727,10226.537497517276,10
S-B_minervini,2024-10-11,88733.51730596165,15042.088305961652,10
S-B_minervini,2024-10-14,88926.62430596165,15042.088305961652,10
S-B_minervini,2024-10-15,89059.1935363523,19818.633536352296,10
S-B_minervini,2024-10-16,89702.4265363523,19818.633536352296,10
S-B_minervini,2024-10-17,89854.5145363523,19818.633536352296,10
S-B_minervini,2024-10-18,89858.8775363523,19818.633536352296,10
S-B_minervini,2024-10-21,89579.1145363523,19818.633536352296,10
S-B_minervini,2024-10-22,89018.4935363523,19818.633536352296,10
S-B_minervini,2024-10-23,88730.4095363523,19818.633536352296,10
S-B_minervini,2024-10-24,89025.7091878223,24400.925187822297,9
S-B_minervini,2024-10-25,89175.40418782229,24400.925187822297,9
S-B_minervini,2024-10-28,89641.13218715417,20138.149187154173,10
S-B_minervini,2024-10-29,89980.88999882113,28361.673998821138,9
S-B_minervini,2024-10-30,89970.82499882113,28361.673998821138,9
S-B_minervini,2024-10-31,90388.19099882114,28361.673998821138,9
S-B_minervini,2024-11-01,89817.46983708334,33063.94383708333,8
S-B_minervini,2024-11-04,89949.64911644332,23265.82311644333,9
S-B_minervini,2024-11-05,90655.11434276265,36107.30234276265,8
S-B_minervini,2024-11-06,92083.50834276265,36107.30234276265,8
S-B_minervini,2024-11-07,91608.70434276265,36107.30234276265,8
S-B_minervini,2024-11-08,93108.06634276264,36107.30234276265,8
S-B_minervini,2024-11-11,93935.89388858764,17491.425888587648,10
S-B_minervini,2024-11-12,93114.28234751764,31020.182347517657,9
S-B_minervini,2024-11-13,94299.64906213206,36297.17106213206,9
S-B_minervini,2024-11-14,94272.20106213205,36297.17106213206,9
S-B_minervini,2024-11-15,92234.85016563206,40284.57616563206,8
S-B_minervini,2024-11-18,92773.11350008115,21842.695500081143,10
S-B_minervini,2024-11-19,94226.65492427257,25871.836924272575,10
S-B_minervini,2024-11-20,93664.76992427258,25871.836924272575,10
S-B_minervini,2024-11-21,95729.21392874134,31101.362928741342,10
S-B_minervini,2024-11-22,96689.82392874133,31101.362928741342,10
S-B_minervini,2024-11-25,97064.64192874133,31101.362928741342,10
S-B_minervini,2024-11-26,97962.43918608152,36333.22118608153,10
S-B_minervini,2024-11-27,97522.21118608152,36333.22118608153,10
S-B_minervini,2024-11-29,98306.57018608153,36333.22118608153,10
S-B_minervini,2024-12-02,96123.18753462555,40922.570534625556,9
S-B_minervini,2024-12-03,95955.18653462555,40922.570534625556,9
S-B_minervini,2024-12-04,96275.22753462556,40922.570534625556,9
S-B_minervini,2024-12-05,96441.86272535064,46745.03972535064,8
S-B_minervini,2024-12-06,96497.90664586783,51395.16064586783,8
S-B_minervini,2024-12-09,94482.78478065235,32962.68678065235,10
S-B_minervini,2024-12-10,94328.27105199915,42837.553051999144,8
S-B_minervini,2024-12-11,95048.55802699915,48800.60902699914,7
S-B_minervini,2024-12-12,94447.34102699914,48800.60902699914,7
S-B_minervini,2024-12-13,96240.75002699914,48800.60902699914,7
S-B_minervini,2024-12-16,96464.96044232763,29606.314442327617,9
S-B_minervini,2024-12-17,94795.49119643158,46717.137196431584,7
S-B_minervini,2024-12-18,92994.51175601623,51232.51275601622,6
S-B_minervini,2024-12-19,93912.45741038621,56616.09941038622,5
S-B_minervini,2024-12-20,94782.44641038621,56616.09941038622,5
S-B_minervini,2024-12-23,95311.48441038621,56616.09941038622,5
S-B_minervini,2024-12-24,95821.18241038622,56616.09941038622,5
S-B_minervini,2024-12-26,96128.7894103862,56616.09941038622,5
S-B_minervini,2024-12-27,95430.47541038622,56616.09941038622,5
S-B_minervini,2024-12-30,94855.13841038622,56616.09941038622,5
S-B_minervini,2024-12-31,94557.92441038621,56616.09941038622,5
S-B_minervini,2025-01-02,94643.80541038621,56616.09941038622,5
S-B_minervini,2025-01-03,95903.98841038621,56616.09941038622,5
S-B_minervini,2025-01-06,95907.52141038622,56616.09941038622,5
S-B_minervini,2025-01-07,95698.51466227348,60693.624662273476,4
S-B_minervini,2025-01-08,95835.55066227348,60693.624662273476,4
S-B_minervini,2025-01-10,95663.36266227347,60693.624662273476,4
S-B_minervini,2025-01-13,94628.45987012848,41636.93987012848,6
S-B_minervini,2025-01-14,95042.06987012847,41636.93987012848,6
S-B_minervini,2025-01-15,95868.62587012848,41636.93987012848,6
S-B_minervini,2025-01-16,96867.19987012848,41636.93987012848,6
S-B_minervini,2025-01-17,97052.9611950085,47056.2851950085,6
S-B_minervini,2025-01-21,99744.50821462562,17991.274214625613,9
S-B_minervini,2025-01-22,98919.92421462561,17991.274214625613,9
S-B_minervini,2025-01-23,100335.95850022817,28843.223500228167,9
S-B_minervini,2025-01-24,100190.65350022816,28843.223500228167,9
S-B_minervini,2025-01-27,98330.71702697354,32717.738026973548,8
S-B_minervini,2025-01-28,98216.33902697354,32717.738026973548,8
S-B_minervini,2025-01-29,97695.32531472312,37482.86831472311,7
S-B_minervini,2025-01-30,97959.34031472311,37482.86831472311,7
S-B_minervini,2025-01-31,97722.29731472311,37482.86831472311,7
S-B_minervini,2025-02-03,99465.44606648035,14729.529066480365,10
S-B_minervini,2025-02-04,99824.83906648034,14729.529066480365,10
S-B_minervini,2025-02-05,100770.17508043557,29033.061080435564,9
S-B_minervini,2025-02-06,100961.71608043557,29033.061080435564,9
S-B_minervini,2025-02-07,100784.36308043558,29033.061080435564,9
S-B_minervini,2025-02-10,101902.54333107558,18983.63233107557,10
S-B_minervini,2025-02-11,100206.62033107557,18983.63233107557,10
S-B_minervini,2025-02-12,101294.33422143557,25580.77822143557,9
S-B_minervini,2025-02-13,104642.09397521711,31291.7909752171,9
S-B_minervini,2025-02-14,104824.48865287294,36778.129652872936,9
S-B_minervini,2025-02-18,104656.52037087292,26475.555370872935,10
S-B_minervini,2025-02-19,104622.51369948746,34614.432699487465,9
S-B_minervini,2025-02-20,102688.74950917222,49044.73350917222,7
S-B_minervini,2025-02-21,99332.00250917222,49044.73350917222,7
S-B_minervini,2025-02-24,98240.61571994919,39138.77571994918,7
S-B_minervini,2025-02-25,96210.85818602919,43755.60818602918,6
S-B_minervini,2025-02-26,96334.00444795919,48867.29944795918,5
S-B_minervini,2025-02-27,96456.46944795919,48867.29944795918,5
S-B_minervini,2025-02-28,97207.5233966001,72013.87739660009,3
S-B_minervini,2025-03-03,96782.89139660008,72013.87739660009,3
S-B_minervini,2025-03-04,96035.46333245772,80979.12333245772,2
S-B_minervini,2025-03-05,96188.37333245772,80979.12333245772,2
S-B_minervini,2025-03-06,95313.42333245772,80979.12333245772,2
S-B_minervini,2025-03-07,95178.33519782347,95178.33519782347,0
S-B_minervini,2025-03-10,94829.11317546328,85692.05817546327,1
S-B_minervini,2025-03-11,94871.54817546328,85692.05817546327,1
S-B_minervini,2025-03-12,95700.97817546327,85692.05817546327,1
S-B_minervini,2025-03-13,95262.07317546327,85692.05817546327,1
S-B_minervini,2025-03-14,95411.10817546328,85692.05817546327,1
S-B_minervini,2025-03-17,95722.01662194327,76159.50162194327,2
S-B_minervini,2025-03-18,94562.18089170328,84931.69089170327,1
S-B_minervini,2025-03-19,94717.16089170327,84931.69089170327,1
S-B_minervini,2025-03-20,94415.19589170328,84931.69089170327,1
S-B_minervini,2025-03-21,94199.74089170327,84931.69089170327,1
S-B_minervini,2025-03-24,94374.81089170327,84931.69089170327,1
S-B_minervini,2025-03-25,94133.32089170328,84931.69089170327,1
S-B_minervini,2025-03-26,94141.31589170327,84931.69089170327,1
S-B_minervini,2025-03-27,94284.20089170327,84931.69089170327,1
S-B_minervini,2025-03-28,94133.32089170328,84931.69089170327,1
S-B_minervini,2025-03-31,94177.60089170327,84931.69089170327,1
S-B_minervini,2025-04-01,94316.38589170328,84931.69089170327,1
S-B_minervini,2025-04-02,94276.20589170327,84931.69089170327,1
S-B_minervini,2025-04-03,93829.10089170327,84931.69089170327,1
S-B_minervini,2025-04-04,93599.43327872269,93599.43327872269,0
S-B_minervini,2025-04-07,93599.43327872269,93599.43327872269,0
S-B_minervini,2025-04-08,93599.43327872269,93599.43327872269,0
S-B_minervini,2025-04-09,93599.43327872269,93599.43327872269,0
S-B_minervini,2025-04-10,93599.43327872269,93599.43327872269,0
S-B_minervini,2025-04-11,93599.43327872269,93599.43327872269,0
S-B_minervini,2025-04-14,93599.43327872269,93599.43327872269,0
S-B_minervini,2025-04-15,93599.43327872269,93599.43327872269,0
S-B_minervini,2025-04-16,93599.43327872269,93599.43327872269,0
S-B_minervini,2025-04-17,93599.43327872269,93599.43327872269,0
S-B_minervini,2025-04-21,93599.43327872269,93599.43327872269,0
S-B_minervini,2025-04-22,93599.43327872269,93599.43327872269,0
S-B_minervini,2025-04-23,93599.43327872269,93599.43327872269,0
S-B_minervini,2025-04-24,93599.43327872269,93599.43327872269,0
S-B_minervini,2025-04-25,93599.43327872269,93599.43327872269,0
S-B_minervini,2025-04-28,93339.18920817268,84246.56920817269,1
S-B_minervini,2025-04-29,93629.37920817269,84246.56920817269,1
S-B_minervini,2025-04-30,93834.2192081727,84246.56920817269,1
S-B_minervini,2025-05-01,93902.49920817268,84246.56920817269,1
S-B_minervini,2025-05-02,94113.0292081727,84246.56920817269,1
S-B_minervini,2025-05-05,94030.5175006727,65473.60750067269,3
S-B_minervini,2025-05-06,93726.52750067269,65473.60750067269,3
S-B_minervini,2025-05-07,93791.29750067269,65473.60750067269,3
S-B_minervini,2025-05-08,93960.7375006727,65473.60750067269,3
S-B_minervini,2025-05-09,95371.57714846716,70791.36714846716,3
S-B_minervini,2025-05-12,93867.97715444547,14285.752154445481,9
S-B_minervini,2025-05-13,94719.04215444547,14285.752154445481,9
S-B_minervini,2025-05-14,96392.85864444547,19662.879644445482,9
S-B_minervini,2025-05-15,97454.12455263508,25063.77555263508,9
S-B_minervini,2025-05-16,98524.07355263508,25063.77555263508,9
S-B_minervini,2025-05-19,98380.28128486508,15316.540284865083,10
S-B_minervini,2025-05-20,97993.99951035017,24141.767510350182,9
S-B_minervini,2025-05-21,96961.8484639659,29470.1464639659,9
S-B_minervini,2025-05-22,98054.5046464459,37596.3496464459,8
S-B_minervini,2025-05-23,97954.4026464459,37596.3496464459,8
S-B_minervini,2025-05-27,99960.11682763782,23369.34382763782,10
S-B_minervini,2025-05-28,100173.32582763782,23369.34382763782,10
S-B_minervini,2025-05-29,98117.44177787771,32436.192777877703,9
S-B_minervini,2025-05-30,99055.2077778777,32436.192777877703,9
S-B_minervini,2025-06-02,99979.3437778777,32436.192777877703,9
S-B_minervini,2025-06-03,99555.92677787768,32436.192777877703,9
S-B_minervini,2025-06-04,99283.9930328777,37321.048032877705,8
S-B_minervini,2025-06-05,98860.3800328777,37321.048032877705,8
S-B_minervini,2025-06-06,101151.07603287771,37321.048032877705,8
S-B_minervini,2025-06-09,100817.04109251506,26501.84109251507,9
S-B_minervini,2025-06-10,100547.16209251508,26501.84109251507,9
S-B_minervini,2025-06-11,101712.51709251506,26501.84109251507,9
S-B_minervini,2025-06-12,101906.84909251507,26501.84109251507,9
S-B_minervini,2025-06-13,100314.66209251508,26501.84109251507,9
S-B_minervini,2025-06-16,101278.18216005467,13207.71416005466,10
S-B_minervini,2025-06-17,100149.12516005467,13207.71416005466,10
S-B_minervini,2025-06-18,100172.1196930137,22491.406693013683,9
S-B_minervini,2025-06-20,99328.46869301368,22491.406693013683,9
S-B_minervini,2025-06-23,100312.38363921367,12563.234639213682,10
S-B_minervini,2025-06-24,101403.3626392137,12563.234639213682,10
S-B_minervini,2025-06-25,99689.6464027023,21692.219402702307,9
S-B_minervini,2025-06-26,101855.28861283133,32497.165612831326,9
S-B_minervini,2025-06-27,102755.94861283133,32497.165612831326,9
S-B_minervini,2025-06-30,102740.9709362415,18104.075936241505,10
