system,ticker,signal_date,entry_date,entry_price,shares,exit_date,exit_price,exit_reason,pnl,ret,holding_days,bars_held,partial,rank,notional_in,notional_out
S-B_minervini,SWC,2006-02-03,2006-02-06,14.786874999999998,675,2006-02-07,13.717414265624999,stop_7pct,-741.1263909574191,-0.07417849650349628,1,1,False,0.7486910994764397,9981.140624999998,9259.254629296875
S-B_minervini,BCO,2006-02-03,2006-02-06,23.53951973856209,424,2006-02-09,21.869861603505882,stop_7pct,-727.1886269528677,-0.0727862837162836,3,3,False,0.7946033024567056,9980.756369150326,9272.821319886494
S-B_minervini,VPHM,2006-02-03,2006-02-06,22.225425,449,2006-02-10,20.617971136875003,stop_7pct,-740.9834694085821,-0.0741784965034965,4,4,False,0.9987917841320982,9979.215825000001,9257.469040456876
S-B_minervini,MESAQ,2006-02-03,2006-02-06,12.200425,818,2006-02-13,11.318029261875001,stop_7pct,-741.037809372463,-0.0741784965034964,7,5,False,0.8465565847764801,9979.94765,9258.14793621375
S-B_minervini,GES,2006-02-03,2006-02-06,9.922183149231474,1006,2006-02-16,9.204561252963307,stop_7pct,-741.169132514382,-0.0741784965034964,10,8,False,0.9770438985098671,9981.716248126862,9259.788620481087
S-B_minervini,MUX,2006-03-03,2006-03-06,54.48357760416667,89,2006-03-07,61.95600027257812,half_at_2R,654.6824950575892,0.13487797202797203,1,1,True,1.0,4849.038406770834,5514.084024259453
S-B_minervini,MUX,2006-03-03,2006-03-06,54.48357760416667,90,2006-03-08,54.347368660156256,breakeven_stop,-22.053590124725815,-0.0044930069930068095,2,2,True,1.0,4903.521984375,4891.263179414063
S-B_minervini,ARW,2006-02-24,2006-02-27,35.52549,276,2006-03-13,32.85711,stop_7pct,-755.3464776000001,-0.0769596301536889,14,10,False,0.7033454252317614,9805.03524,9068.56236
S-B_minervini,HYC,2006-02-10,2006-02-13,7.3383,667,2006-03-17,8.344747845,half_at_2R,660.8401197023859,0.13487797202797225,32,23,True,0.8732394366197183,4894.6461,5565.946812615
S-B_minervini,UIC,2006-02-17,2006-02-21,49.08400582826747,98,2006-03-23,55.81587722761436,half_at_2R,649.4432085965191,0.13487797202797225,30,22,True,0.8227236099919419,4810.232571170212,5469.955968306207
S-B_minervini,HSOA,2006-03-10,2006-03-13,6.71675,728,2006-03-28,7.637952262500001,half_at_2R,660.1850238529014,0.13487797202797225,15,11,True,0.9928343949044586,4889.794,5560.429247100001
S-B_minervini,AGN1,2006-03-10,2006-03-13,57.91785999999999,144,2006-03-29,52.947,stop_7pct,-731.7683798399985,-0.08765255159269014,16,12,False,0.8240445859872612,8340.171839999999,7624.368
S-B_minervini,HSOA,2006-03-10,2006-03-13,6.71675,728,2006-03-30,6.699958125,breakeven_stop,-21.99184851499922,-0.0044930069930068095,17,13,True,0.9928343949044586,4889.794,4877.569515
S-B_minervini,MINI,2006-02-17,2006-02-21,22.972231856905772,211,2006-03-31,26.1228734560804,half_at_2R,654.4263102048062,0.13487797202797203,38,28,True,0.8432715551974215,4847.140921807118,5511.926299232964
S-B_minervini,SBUX,2006-02-03,2006-02-06,12.289458973615538,406,2006-04-03,13.99597324669179,half_at_2R,682.1729093875138,0.13658455544455528,56,39,True,0.7068062827225131,4989.520343287909,5682.365138156867
S-B_minervini,SRPT,2006-03-31,2006-04-03,46.916999999999994,218,2006-04-04,43.523727975,stop_7pct,-759.4493801485478,-0.07417849650349628,1,1,False,0.975517890772128,10227.905999999999,9488.17269855
S-B_minervini,TRDO,2006-02-03,2006-02-06,25.48355,391,2006-04-05,25.905075,delisted,144.72332262500095,0.014510011689564895,58,41,False,0.9017317760773258,9964.06805,10128.884325
S-B_minervini,ENGC,2006-03-31,2006-04-03,119.17719999999998,86,2006-04-06,110.55770901,stop_7pct,-761.0334273148583,-0.0741784965034964,3,3,False,0.9981167608286252,10249.239199999998,9507.96297486
S-B_minervini,TPC,2006-02-24,2006-02-27,28.715554268696224,341,2006-04-11,26.638701806212772,stop_7pct,-727.0824910284009,-0.0741784965034964,43,31,False,0.9254332930270053,9792.004005625413,9083.797315918555
S-B_minervini,HYC,2006-02-10,2006-02-13,7.3383,668,2006-04-12,8.927624999999999,close_below_sma20_volume,1050.8034620999988,0.21414872482899105,58,41,True,0.8732394366197183,4901.9844,5963.653499999999
S-B_minervini,RMBS,2006-04-07,2006-04-10,42.25221,239,2006-04-20,39.255260744699996,stop_7pct,-735.7511575246826,-0.0727862837162837,10,7,False,0.9742990654205608,10098.278189999999,9382.0073179833
S-B_minervini,NTG1,2006-04-13,2006-04-17,31.077499999999997,321,2006-04-20,28.829819812500002,stop_7pct,-740.7355898473088,-0.07417849650349617,3,3,False,0.9555901830931048,9975.877499999999,9254.372159812501
S-B_minervini,NTRI,2006-04-21,2006-04-24,32.26133702465483,154,2006-04-24,36.68597939758623,half_at_2R,670.7770387024102,0.13487797202797158,0,0,True,0.9976608187134502,4968.245901796844,5649.64082722828
S-B_minervini,SBUX,2006-02-03,2006-02-06,12.289458973615538,406,2006-04-27,13.622982698863636,close_below_sma20_volume,530.890181131701,0.10629475076173422,80,56,True,0.7068062827225131,4989.520343287909,5530.930975738636
S-B_minervini,USG1,2006-04-07,2006-04-10,111.5550200725697,90,2006-04-27,103.64242249882234,stop_7pct,-731.5015514686875,-0.0727862837162836,17,12,False,0.9793613707165109,10039.951806531273,9327.818024894012
S-B_minervini,SURG1,2006-04-21,2006-04-24,8.80195,1129,2006-04-28,8.16534896625,stop_7pct,-737.8786476366458,-0.0741784965034965,4,4,False,0.9957115009746589,9937.40155,9218.67898289625
S-B_minervini,TMYEQ,2006-04-13,2006-04-17,5.71425,875,2006-05-05,6.497959387499999,half_at_2R,675.0600308484363,0.1348779720279718,18,14,True,0.9731203739774056,4999.96875,5685.714464062499
S-B_minervini,UIC,2006-02-17,2006-02-21,49.08400582826747,99,2006-05-09,54.98580873333334,close_below_sma50,573.9755759599229,0.11800057985526813,77,54,True,0.8227236099919419,4859.31657699848,5443.595064600001
S-B_minervini,GROW,2006-04-28,2006-05-01,6.491137999141262,765,2006-05-09,7.381397575723486,half_at_2R,670.4360863706297,0.13487797202797203,8,6,True,0.9886939571150097,4965.720569343066,5646.769145428467
S-B_minervini,SRCL,2006-03-17,2006-03-20,33.688655,296,2006-05-12,31.29911870085,stop_7pct,-726.5391255638515,-0.0727862837162837,53,38,False,0.7700278995615784,9971.84188,9264.5391354516
S-B_minervini,GROW,2006-04-28,2006-05-01,6.491137999141262,765,2006-05-15,6.4749101541434095,breakeven_stop,-22.333328260619965,-0.0044930069930069205,14,10,True,0.9886939571150097,4965.720569343066,4953.306267919708
S-B_minervini,ZRAN,2006-04-28,2006-05-01,27.76925,357,2006-05-15,25.760838993750003,stop_7pct,-736.1129710020177,-0.0741784965034964,14,10,False,0.9695906432748538,9913.62225,9196.61952076875
S-B_minervini,CME,2006-04-07,2006-04-10,46.92195432008178,215,2006-05-17,43.59378010015838,stop_7pct,-735.018340183884,-0.07278628371628382,37,26,False,0.9587227414330218,10088.220178817583,9372.66272153405
S-B_minervini,PLXS,2006-04-28,2006-05-01,43.88945,226,2006-05-18,40.71514552875,stop_7pct,-736.5134490919972,-0.0741784965034965,17,13,False,0.9844054580896686,9919.0157,9201.6228894975
S-B_minervini,ORA,2006-05-12,2006-05-15,34.07328381705104,293,2006-05-19,31.608933564982827,stop_7pct,-741.2995135489218,-0.0741784965034964,4,4,False,0.93343653250774,9983.472158395954,9261.417534539969
S-B_minervini,MINI,2006-02-17,2006-02-21,22.972231856905772,211,2006-05-22,25.37933611111111,close_below_sma50,497.6968167960749,0.10257585351851684,90,63,True,0.8432715551974215,4847.140921807118,5355.039919444444
S-B_minervini,TMYEQ,2006-04-13,2006-04-17,5.71425,876,2006-05-23,5.985,close_below_sma20_volume,226.92845699999998,0.04528887571281581,36,26,True,0.9731203739774056,5005.683,5242.860000000001
S-B_minervini,NTRI,2006-04-21,2006-04-24,32.26133702465483,154,2006-05-23,44.31586742431465,close_below_sma20_volume,1844.6047920624715,0.37090797566319633,29,21,True,0.9976608187134502,4968.245901796844,6824.643583344457
S-B_minervini,SVC1,2006-05-19,2006-05-22,36.801775,264,2006-05-26,36.408750000000005,delisted,-123.08617859999686,-0.012656176373143535,4,4,False,0.7780790085205267,9715.668599999999,9611.910000000002
S-B_minervini,MON2,2006-02-03,2006-02-06,34.77778944371178,287,2006-06-08,32.31100083846931,stop_7pct,-727.2228125155743,-0.07278628371628348,122,85,False,0.801449859041482,9981.225570345281,9273.257240640693
S-B_minervini,JHTXQ,2006-05-12,2006-05-15,29.872335032993398,334,2006-06-13,27.711818401732152,stop_7pct,-740.8456620884535,-0.0741784965034964,29,20,False,0.830108359133127,9977.359901019794,9255.74734617854
S-B_minervini,POWR1,2006-06-09,2006-06-12,15.689124999999999,607,2006-06-13,14.554409034375002,stop_7pct,-707.1304162932374,-0.07417849650349617,1,1,False,0.9984301412872841,9523.298874999999,8834.526283865625
S-B_minervini,FMD,2006-06-09,2006-06-12,325.9926669999999,14,2006-06-23,371.26000873961993,half_at_2R,623.9812468943255,0.1365845554445555,11,9,True,0.7103610675039247,4563.897337999999,5197.640122354679
S-B_minervini,FMD,2006-06-09,2006-06-12,325.9926669999999,15,2006-07-06,325.66667433299995,breakeven_stop,-14.66478012499465,-0.002996003996003971,24,17,True,0.7103610675039247,4889.890004999999,4885.000114994999
S-B_minervini,EZPW,2006-06-30,2006-07-03,14.1723425,675,2006-07-10,13.147327828687501,stop_7pct,-710.3256806078007,-0.0741784965034964,7,4,False,0.9904517076753581,9566.3311875,8874.446284364063
S-B_minervini,CYBS,2006-06-30,2006-07-03,11.979874999999998,799,2006-07-11,11.113430540625,stop_7pct,-710.7406741675823,-0.07417849650349628,8,5,False,0.85200146896805,9571.920124999999,8879.631001959375
S-B_minervini,EMCI,2006-07-21,2006-07-24,14.574716555340226,641,2006-07-26,13.520600180475245,stop_7pct,-693.6976943161098,-0.0741784965034964,2,2,False,0.9449886963074604,9342.393311973085,8666.704715684633
S-B_minervini,NEU,2006-08-04,2006-08-07,35.78829562,130,2006-08-21,40.696660364283,half_at_2R,628.1443724788332,0.13487797202797203,14,10,True,0.9931285367825384,4652.4784306,5290.56584735679
S-B_minervini,GES,2006-08-04,2006-08-07,11.049786647058822,843,2006-08-24,10.266025280182939,stop_7pct,-678.6800617310346,-0.07278628371628382,17,13,False,0.9717057396928052,9314.970143470588,8654.259311194217
S-B_minervini,CLB,2006-07-28,2006-07-31,27.480914520547945,169,2006-09-05,31.29691431087123,half_at_2R,634.9705114921253,0.13658455544455528,36,25,True,0.9763246899661782,4644.274553972603,5289.178518537238
S-B_minervini,CLB,2006-07-28,2006-07-31,27.480914520547945,170,2006-09-11,28.03589901697417,close_below_sma20_volume,84.9095060910804,0.018156918096792207,42,29,True,0.9763246899661782,4671.75546849315,4766.102832885609
S-B_minervini,DXLG,2006-07-21,2006-07-24,10.7468,435,2006-09-12,12.22072362,half_at_2R,631.1659019252993,0.1348779720279718,50,35,True,0.854559155990957,4674.858,5316.0147747
S-B_minervini,NEU,2006-08-04,2006-08-07,35.78829562,130,2006-09-12,34.83543221231766,close_below_sma20_volume,-133.05332761690534,-0.028569806221015348,36,25,True,0.9931285367825384,4652.4784306,4528.606187601296
S-B_minervini,AMIEQ,2006-09-01,2006-09-05,270.6151492537313,35,2006-09-22,251.0429085839552,stop_7pct,-703.2864554664811,-0.07417849650349628,17,13,False,0.9755998373322489,9471.530223880596,8786.501800438433
S-B_minervini,INAPQ,2006-09-15,2006-09-18,60.3505,159,2006-09-22,55.985650087500005,stop_7pct,-712.5085839514104,-0.07417849650349628,4,4,False,0.9951159951159951,9595.7295,8901.718363912501
S-B_minervini,BMRN,2006-08-04,2006-08-07,15.528725,586,2006-09-28,14.405609964375001,stop_7pct,-675.6869311653754,-0.07417849650349673,52,37,False,0.957962813257882,9099.83285,8441.68743912375
S-B_minervini,DIGE,2006-07-28,2006-07-31,42.355624999999996,109,2006-10-19,48.164698968749995,half_at_2R,623.3223472811569,0.13487797202797225,80,57,True,0.872228485531755,4616.7631249999995,5249.95218759375
S-B_minervini,ISE,2006-09-29,2006-10-02,46.9230188764769,100,2006-10-25,53.43874927766448,half_at_2R,641.5368633033431,0.13658455544455528,23,17,True,0.9646341463414634,4692.30188764769,5343.874927766447
S-B_minervini,FMD,2006-09-22,2006-09-25,446.44599999999997,21,2006-11-02,414.77958522,stop_7pct,-683.0804476696212,-0.07278628371628382,38,28,False,0.9849409849409849,9375.366,8710.37128962
S-B_minervini,ISE,2006-09-29,2006-10-02,46.9230188764769,101,2006-11-02,48.367128056768564,close_below_sma20_volume,136.23072236920052,0.028716642578854312,31,23,True,0.9646341463414634,4739.224906524167,4885.079933733625
S-B_minervini,DXLG,2006-07-21,2006-07-24,10.7468,435,2006-11-03,14.034825000000001,close_below_sma20_volume,1419.5108681250003,0.30334456690441725,102,73,True,0.854559155990957,4674.858,6105.148875000001
S-B_minervini,CSH1,2006-09-22,2006-09-25,16.16626002586653,285,2006-11-07,18.383462588414126,half_at_2R,622.0560593809942,0.13487797202797203,43,31,True,0.9588929588929589,4607.384107371961,5239.286837698026
S-B_minervini,ACGL,2006-07-28,2006-07-31,6.438383001035197,723,2006-11-17,7.336593610639938,half_at_2R,639.4469626539867,0.13723198523139923,109,78,True,0.8000751597143931,4654.950909748447,5304.357180492675
S-B_minervini,ACGL,2006-07-28,2006-07-31,6.438383001035197,723,2006-11-30,7.114592379143088,close_below_sma20_volume,479.10057917213635,0.1028199795217144,122,86,True,0.8000751597143931,4654.950909748447,5143.850290120452
S-B_minervini,DIGE,2006-07-28,2006-07-31,42.355624999999996,110,2006-12-07,49.14682500000001,close_below_sma20_volume,736.9667305000012,0.15801926061661375,129,91,True,0.872228485531755,4659.11875,5406.150750000001
S-B_minervini,OMNI,2006-12-01,2006-12-04,10.035025,489,2006-12-08,11.41132867875,half_at_2R,662.5252319598421,0.13487797202797225,4,4,True,0.9938319198149576,4907.127224999999,5580.13972390875
S-B_minervini,WARR1,2006-12-08,2006-12-11,30.064974999999997,331,2006-12-13,29.98485,delisted,-46.39786707499843,-0.0046577384551221845,2,2,False,0.994435612082671,9951.506725,9924.98535
S-B_minervini,OMNI,2006-12-01,2006-12-04,10.035025,489,2006-12-18,10.0099374375,breakeven_stop,-22.069804694438062,-0.004493006993007143,14,10,True,0.9938319198149576,4907.127224999999,4894.859406937499
S-B_minervini,TCC,2006-11-03,2006-11-06,49.072375,192,2006-12-21,49.376250000000006,delisted,39.44186400000035,0.0041820098139973005,45,32,False,0.9401294498381877,9421.896,9480.240000000002
S-B_minervini,HCR1,2006-07-28,2006-07-31,49.644301199999994,187,2006-12-22,46.123030915884,stop_7pct,-676.3860342353601,-0.07278628371628348,144,102,False,0.8290116497557309,9283.484324399999,8625.00678127031
S-B_minervini,INCLF,2006-07-28,2006-07-31,76.63133477227723,121,2007-01-05,72.90727500000001,delisted,-468.7054042279906,-0.05049799360660567,158,109,False,0.9541525742202179,9272.391507445545,8821.780275000001
S-B_minervini,CSH1,2006-09-22,2006-09-25,16.16626002586653,286,2007-01-09,19.324019502982107,close_below_sma20_volume,892.9689905098039,0.1929419694195471,106,72,True,0.9588929588929589,4623.550367397828,5526.669577852883
S-B_minervini,SWIM2,2006-12-15,2006-12-18,13.784374999999999,719,2007-01-09,12.787420078125,stop_7pct,-735.9157094892962,-0.0741784965034964,22,13,False,0.9832869080779945,9910.965624999999,9194.155036171875
S-B_minervini,GES,2006-11-03,2006-11-06,14.40346402751423,335,2007-01-12,16.403529042374856,half_at_2R,659.7014372998965,0.13658455544455528,67,45,True,0.9555016181229773,4825.160449217267,5495.182229195577
S-B_minervini,VSEA,2006-12-22,2006-12-26,29.756726999999998,329,2007-01-18,27.646082353889998,stop_7pct,-713.28761284762,-0.0727862837162837,23,14,False,0.8616427432216905,9789.963183,9095.56109442981
S-B_minervini,COHR,2006-12-22,2006-12-26,13.543774999999998,362,2007-01-30,15.401303741249997,half_at_2R,661.9472858281679,0.13487797202797203,35,22,True,0.7966507177033493,4902.846549999999,5575.271954332499
S-B_minervini,SPTN,2007-01-12,2007-01-16,13.838296830027675,365,2007-02-05,15.73621924026597,half_at_2R,681.9469813713213,0.13487797202797225,20,14,True,0.9681147867676365,5050.978342960101,5743.720022697079
S-B_minervini,PAET,2006-12-22,2006-12-26,9.042549999999999,542,2007-02-07,10.282735732499997,half_at_2R,661.7063621479847,0.13487797202797203,43,28,True,1.0,4901.062099999999,5573.242767014998
S-B_minervini,CCOI,2007-01-12,2007-01-16,11.222687924804687,450,2007-02-07,12.76187957369165,half_at_2R,681.8431866248102,0.13487797202797203,22,16,True,0.9940215225189318,5050.209566162109,5742.8458081612425
S-B_minervini,TTEC,2007-01-05,2007-01-08,20.74506877414268,238,2007-02-08,26.10754593783622,half_at_2R,1265.1186426576114,0.25597959170739215,31,22,True,0.9594433399602386,4937.326368245958,6213.595933205021
S-B_minervini,SPH,2006-11-03,2006-11-06,7.031108276705627,672,2007-02-09,7.995424776855803,half_at_2R,637.9228578889251,0.13487797202797203,95,64,True,0.8976537216828478,4724.904761946182,5372.9254500471
S-B_minervini,LNT,2006-07-28,2006-07-31,8.824198744333884,527,2007-02-12,10.049526981972086,half_at_2R,635.8015277775694,0.13658455544455528,196,134,True,0.7906801954152575,4650.352738263957,5296.100719499289
S-B_minervini,PHRM,2007-01-19,2007-01-22,29.61385,334,2007-02-26,27.47202829875,stop_7pct,-734.435131569282,-0.0741784965034964,35,24,False,0.9015544041450777,9891.0259,9175.657451782501
S-B_minervini,PAET,2006-12-22,2006-12-26,9.042549999999999,542,2007-02-27,10.274250000000002,close_below_sma20_volume,657.1116944000023,0.13394142448446877,63,41,True,1.0,4901.062099999999,5568.643500000001
S-B_minervini,COHR,2006-12-22,2006-12-26,13.543774999999998,362,2007-02-28,15.526087500000001,close_below_sma20_volume,707.0738347750012,0.1440729298998138,64,42,True,0.7966507177033493,4902.846549999999,5620.443675
S-B_minervini,SPTN,2007-01-12,2007-01-16,13.838296830027675,365,2007-02-28,14.047699050445106,close_below_sma20_volume,66.25342195599023,0.01310384448856694,43,30,True,0.9681147867676365,5050.978342960101,5127.410153412464
S-B_minervini,CCOI,2007-01-12,2007-01-16,11.222687924804687,451,2007-03-02,12.106857819488818,close_below_sma20_volume,388.2389973718673,0.07662873407274517,45,32,True,0.9940215225189318,5061.432254086913,5460.192876589457
S-B_minervini,SPH,2006-11-03,2006-11-06,7.031108276705627,673,2007-03-09,8.129488729508195,close_below_sma20_volume,729.0069629509453,0.1539071331988222,123,83,True,0.8976537216828478,4731.935870222887,5471.145914959015
S-B_minervini,CEG1,2007-03-02,2007-03-05,77.63756,69,2007-04-04,88.41831158159998,half_at_2R,732.414003991269,0.13658455544455528,30,22,True,0.8078089461713419,5356.991639999999,6100.863499130399
S-B_minervini,LNT,2006-07-28,2006-07-31,8.824198744333884,528,2007-04-05,11.014998332882273,close_below_sma20_volume,1146.2670866967792,0.24577773718706264,248,171,True,0.7906801954152575,4659.176937008291,5815.91911976184
S-B_minervini,GES,2006-11-03,2006-11-06,14.40346402751423,336,2007-04-13,18.665672568493147,close_below_sma20_volume,1420.9908398726566,0.29332627774973896,158,107,True,0.9555016181229773,4839.563913244781,6271.665983013697
S-B_minervini,AIZ,2006-09-08,2006-09-11,36.3277104431365,130,2007-04-16,41.37217631527044,half_at_2R,645.6795780988186,0.1365845554445555,217,148,True,0.8657445077298617,4722.602357607745,5378.3829209851565
S-B_minervini,AZZ,2007-04-05,2007-04-09,9.49597804054054,591,2007-04-23,10.798351428800675,half_at_2R,757.7087237453579,0.1348779720279718,14,10,True,0.9613733905579399,5612.12302195946,6381.825694421199
S-B_minervini,PLL1,2007-03-02,2007-03-05,32.16934224,166,2007-04-25,36.63637710344639,half_at_2R,730.1060379210894,0.13658455544455528,51,36,True,0.7517058377558756,5340.11081184,6081.638599172101
S-B_minervini,TTEC,2007-01-05,2007-01-08,20.74506877414268,239,2007-05-01,31.21174094394355,close_below_sma20_volume,2489.116971059785,0.501531769419922,113,78,True,0.9594433399602386,4958.0714370201,7459.606085602509
S-B_minervini,CEG1,2007-03-02,2007-03-05,77.63756,69,2007-05-01,89.38053,close_below_sma20_volume,798.74068179,0.14895351583019245,57,40,True,0.8078089461713419,5356.991639999999,6167.25657
S-B_minervini,EMS,2007-04-13,2007-04-16,32.18025,174,2007-05-03,38.513475,half_at_2R,1089.6804418499996,0.1944134989628732,17,13,True,0.9871345029239766,5599.3635,6701.34465
S-B_minervini,AZZ,2007-04-05,2007-04-09,9.49597804054054,591,2007-05-16,10.48307793258427,close_below_sma20_volume,571.5684141177262,0.101743567357093,37,27,True,0.9613733905579399,5612.12302195946,6195.499058157303
S-B_minervini,EMS,2007-04-13,2007-04-16,32.18025,175,2007-05-18,34.164375,close_below_sma20_volume,335.61156562500037,0.05953541412790497,32,24,True,0.9871345029239766,5631.54375,5978.765625
S-B_minervini,CROX,2007-05-04,2007-05-07,34.789755,170,2007-05-23,39.62066037929999,half_at_2R,808.6041438665179,0.13658455544455528,16,12,True,0.9752417794970987,5914.25835,6735.512264480999
S-B_minervini,PAA,2007-03-02,2007-03-05,7.155664968474514,749,2007-06-01,8.149300605996885,half_at_2R,732.7696732889772,0.1365845554445555,88,62,True,0.8081880212282032,5359.593061387411,6103.826153891667
S-B_minervini,AIZ,2006-09-08,2006-09-11,36.3277104431365,131,2007-06-04,41.151802496243114,close_below_sma20_volume,621.806242761907,0.1305304025950147,266,182,True,0.8657445077298617,4758.930068050882,5390.886127007848
S-B_minervini,PAA,2007-03-02,2007-03-05,7.155664968474514,750,2007-06-13,7.875525069996714,close_below_sma20_volume,528.6216836127969,0.09840102768913472,100,70,True,0.8081880212282032,5366.748726355885,5906.643802497535
S-B_minervini,SVNTQ,2007-05-18,2007-05-21,13.8746,856,2007-06-13,12.871119555,stop_7pct,-881.873596859079,-0.0741784965034964,23,16,False,0.9852770244091438,11876.657599999999,11017.67833908
S-B_minervini,JACK,2007-05-18,2007-05-21,30.49004918497109,389,2007-06-22,28.327389996281095,stop_7pct,-864.154408241915,-0.0727862837162836,32,23,False,0.9012010848508331,11860.629132953754,11019.354708553346
S-B_minervini,RBN,2007-06-15,2007-06-18,24.0249125,507,2007-06-26,22.2873107034375,stop_7pct,-904.4444080213307,-0.0741784965034965,8,6,False,0.9376673040152964,12180.6306375,11299.666526642814
S-B_minervini,PLL1,2007-03-02,2007-03-05,32.16934224,167,2007-06-28,40.6996748852459,close_below_sma20_volume,1412.3964258961487,0.2626418206027685,115,81,True,0.7517058377558756,5372.28015408,6796.845705836065
S-B_minervini,CROX,2007-05-04,2007-05-07,34.789755,170,2007-06-28,42.73722,close_below_sma20_volume,1337.88946425,0.2259882528362429,52,37,True,0.9752417794970987,5914.25835,7265.3274
S-B_minervini,NVDA,2007-06-15,2007-06-18,0.610014564491654,10000,2007-07-10,0.694721186916965,half_at_2R,834.0188667390239,0.13658455544455528,22,15,True,0.9116634799235181,6100.145644916541,6947.2118691696505
S-B_minervini,SRDX,2007-06-29,2007-07-02,50.4458,235,2007-07-18,46.797307515,stop_7pct,-880.2478642410242,-0.0741784965034964,16,11,False,0.7098009188361409,11854.762999999999,10997.367266025
S-B_minervini,CBEY,2007-06-01,2007-06-04,37.573699999999995,161,2007-07-19,42.726932954999995,half_at_2R,816.7421038492448,0.13487797202797203,45,32,True,0.9267455169782526,6049.365699999999,6879.036205754999
S-B_minervini,AMKR,2007-06-29,2007-07-02,14.65289708235294,812,2007-07-20,13.613567092301647,stop_7pct,-866.8883208314692,-0.0727862837162836,18,13,False,0.8893568147013783,11898.152430870587,11054.216478948938
S-B_minervini,CBEY,2007-06-01,2007-06-04,37.573699999999995,161,2007-07-26,37.47976575,breakeven_stop,-27.20702223574972,-0.0044930069930069205,52,37,True,0.9267455169782526,6049.365699999999,6034.24228575
S-B_minervini,NVDA,2007-06-15,2007-06-18,0.610014564491654,10001,2007-07-27,0.6770661585365854,close_below_sma20_volume,657.7108977323524,0.10770040312421836,39,28,True,0.9116634799235181,6100.755659481032,6771.33865152439
S-B_minervini,SMSC,2007-06-29,2007-07-02,34.656425,343,2007-07-27,32.149899061875,stop_7pct,-882.6529659300977,-0.0741784965034965,25,18,False,0.8395865237366003,11887.153774999999,11027.415378223124
S-B_minervini,CHRD1,2007-06-22,2007-06-25,15.37835,786,2007-07-30,14.26611083625,stop_7pct,-897.5205289247915,-0.0741784965034964,35,24,False,0.9396024464831805,12087.3831,11213.1631172925
S-B_minervini,MDTH,2007-05-04,2007-05-07,8.86524258865248,1334,2007-08-01,8.22406391842819,stop_7pct,-878.1294809596493,-0.0741784965034965,86,60,False,0.962862669245648,11826.233613262408,10970.901267183204
S-B_minervini,SGI,2007-07-20,2007-07-23,7.50696211325301,1600,2007-08-01,6.948608049937264,stop_7pct,-916.4954135662956,-0.07622755882470855,9,7,False,0.9594795539033457,12011.139381204815,11117.772879899623
S-B_minervini,AMZN,2007-07-27,2007-07-30,4.15415,2773,2007-08-01,3.8594961404999997,stop_7pct,-839.2969931411062,-0.0727862837162837,2,2,False,0.990709773318469,11519.457949999998,10702.382797606499
S-B_minervini,TPP,2007-03-16,2007-03-19,35.59675481548975,305,2007-08-06,33.071876996427065,stop_7pct,-791.0316675167523,-0.07278628371628348,140,97,False,0.7725505443234837,10857.010218724374,10086.922483910255
S-B_minervini,BRLI1,2007-03-09,2007-03-12,12.6164625,431,2007-08-07,14.346810331875002,half_at_2R,734.1587449475865,0.13487797202797203,148,103,True,0.8607003891050584,5437.6953375,6183.475253038126
S-B_minervini,WCG,2007-07-20,2007-07-23,102.29218999999999,117,2007-08-09,95.0366049633,stop_7pct,-871.9909183046075,-0.07278628371628382,17,13,False,0.924907063197026,11968.18623,11119.282780706098
S-B_minervini,PRKR,2007-08-10,2007-08-13,136.34,82,2007-08-14,126.47920950000002,stop_7pct,-830.1359961789985,-0.0741784965034964,1,1,False,0.962948668467773,11179.880000000001,10371.295179000002
S-B_minervini,ACAD,2007-08-10,2007-08-13,16.50115,683,2007-08-15,15.30770432625,stop_7pct,-836.8488426760778,-0.0741784965034964,2,2,False,0.9880355075260517,11270.28545,10455.16205482875
S-B_minervini,TGI,2007-07-27,2007-07-30,36.12396714983923,318,2007-08-16,33.492667297297295,stop_7pct,-858.8914428625249,-0.07469329870466235,17,13,False,0.8769973987365292,11487.421553648875,10650.66820054054
S-B_minervini,BRLI1,2007-03-09,2007-03-12,12.6164625,431,2007-08-28,13.70565,close_below_sma20_volume,458.0949820124997,0.08416016644254154,169,118,True,0.8607003891050584,5437.6953375,5907.13515
S-B_minervini,ASYS,2007-09-21,2007-09-24,14.024975,782,2007-09-27,13.010618683125001,stop_7pct,-814.3684740564513,-0.07417849650349628,3,3,False,0.9408602150537635,10967.53045,10174.303810203752
S-B_minervini,SGMO,2007-09-21,2007-09-24,13.373349999999999,410,2007-10-08,15.207504952499999,half_at_2R,740.285379994476,0.13487797202797225,14,10,True,0.9819508448540707,5483.0734999999995,6235.077030525
S-B_minervini,AXON,2007-10-05,2007-10-08,18.34575,605,2007-10-11,17.018893631250002,stop_7pct,-824.1437124906552,-0.0741784965034964,3,3,False,0.9547275641025641,11099.17875,10296.43064690625
S-B_minervini,NXH,2007-10-05,2007-10-08,32.250425,344,2007-10-16,29.917913011875,stop_7pct,-823.7700321910834,-0.0741784965034964,8,6,False,0.8902243589743589,11094.1462,10291.762076085
S-B_minervini,TBSIQ,2007-10-12,2007-10-15,57.092375,99,2007-10-16,64.92259423124999,half_at_2R,763.1122219398549,0.1348779720279718,1,1,True,0.9995988768551946,5652.145125,6427.336828893749
S-B_minervini,MA,2007-10-05,2007-10-08,14.747579607046069,753,2007-10-17,13.701533785518292,stop_7pct,-809.0946859950182,-0.07278628371628382,9,7,False,0.9551282051282052,11104.92744410569,10317.254940495273
S-B_minervini,AKRXQ,2007-08-10,2007-08-13,7.51875,1498,2007-10-19,6.9749564062500005,stop_7pct,-836.3143756340614,-0.0741784965034964,67,48,False,0.9305287533770745,11263.0875,10448.4846965625
S-B_minervini,WMS1,2007-10-05,2007-10-08,34.295525,323,2007-10-22,31.815101154375,stop_7pct,-822.5306343847369,-0.0741784965034964,14,10,False,0.8497596153846154,11077.454575,10276.277672863125
S-B_minervini,TBSIQ,2007-10-12,2007-10-15,57.092375,99,2007-10-22,56.9496440625,breakeven_stop,-25.420522699687353,-0.0044930069930069205,7,5,True,0.9995988768551946,5652.145125,5638.0147621875
S-B_minervini,TWTI1,2007-09-28,2007-10-01,8.6215,635,2007-10-24,9.803938724999998,half_at_2R,739.1484367846251,0.13487797202797203,23,17,True,0.9136939010356732,5474.652499999999,6225.501090374999
S-B_minervini,POLY,2007-10-19,2007-10-22,27.55379766759345,399,2007-10-24,25.470839046776003,stop_7pct,-852.2573197551956,-0.0774430237844621,2,2,False,0.9069767441860465,10993.965269369786,10162.864779663625
S-B_minervini,ENGC,2007-10-26,2007-10-29,122.2248,89,2007-10-29,113.38489134000001,stop_7pct,-807.7211332692605,-0.0741784965034965,0,0,False,0.9334135579622944,10878.0072,10091.25532926
S-B_minervini,CVGW,2007-10-19,2007-10-22,13.82696579295154,398,2007-10-30,15.723334151454843,half_at_2R,742.9935873064405,0.13487797202797203,8,6,True,0.9663191659983962,5503.132385594713,6257.886992279027
S-B_minervini,DECK,2007-10-26,2007-10-29,8.1312775,1349,2007-11-01,7.543182854812501,stop_7pct,-814.4845233765791,-0.0741784965034965,3,3,False,0.9843561973525873,10969.0933475,10175.753671142063
S-B_minervini,TWTI1,2007-09-28,2007-10-01,8.6215,636,2007-11-02,8.927624999999999,close_below_sma20_volume,183.53425650000008,0.03343821694746718,32,24,True,0.9136939010356732,5483.273999999999,5677.969499999999
S-B_minervini,KOP,2007-10-26,2007-10-29,35.165473470416856,311,2007-11-02,32.62213060166896,stop_7pct,-812.0615770470158,-0.0741784965034965,4,4,False,0.9602888086642599,10936.462249299642,10145.482617119045
S-B_minervini,HOS,2007-10-05,2007-10-08,45.5455,212,2007-11-05,42.314957685,stop_7pct,-703.5013878092177,-0.07278628371628348,28,20,False,0.8257211538461539,9655.645999999999,8970.77102922
S-B_minervini,ONXX,2007-11-02,2007-11-05,48.56852,110,2007-11-07,55.312744687199995,half_at_2R,730.4377764764076,0.13658455544455528,2,2,True,0.9779027721976697,5342.5372,6084.401915592
S-B_minervini,STN1,2007-03-02,2007-03-05,85.881796,124,2007-11-08,89.775,delisted,460.9758532960004,0.043243545705883735,248,174,False,0.7664897649734648,10649.342703999999,11132.1
S-B_minervini,ILMN,2007-10-05,2007-10-08,27.592302687116565,402,2007-11-08,25.63518065751939,stop_7pct,-808.1605042026076,-0.0727862837162836,31,23,False,0.8397435897435898,11092.105680220859,10305.342624322795
S-B_minervini,DLB,2007-10-19,2007-10-22,30.333881774834435,181,2007-11-09,34.54604459808794,half_at_2R,750.6582043353856,0.13658455544455528,18,14,True,0.9450681635926222,5490.432601245033,6252.834072253917
S-B_minervini,SGMO,2007-09-21,2007-09-24,13.373349999999999,410,2007-11-12,15.940050000000001,close_below_sma20_volume,1040.3285060000007,0.1895450091601394,49,35,True,0.9819508448540707,5483.0734999999995,6535.4205
S-B_minervini,AUXL,2007-11-02,2007-11-05,26.816875,401,2007-11-13,24.877344515625,stop_7pct,-798.4811062601402,-0.0741784965034965,8,6,False,0.9316994777018883,10753.566875,9975.815150765626
S-B_minervini,DNRCQ,2007-11-02,2007-11-05,26.49804779243243,406,2007-11-13,24.6185412625152,stop_7pct,-783.8329863027047,-0.0727862837162837,8,6,False,0.928887103254319,10758.207403727567,9995.127752581171
S-B_minervini,CVGW,2007-10-19,2007-10-22,13.82696579295154,398,2007-11-16,14.77521444664032,close_below_sma20_volume,366.0192964327771,0.0664446386474622,25,19,True,0.9663191659983962,5503.132385594713,5880.5353497628475
S-B_minervini,PH,2007-11-09,2007-11-12,59.96030002297551,183,2007-11-21,55.70731594234586,stop_7pct,-799.4632604768794,-0.0727862837162836,9,7,False,0.8473005640612409,10972.734904204519,10194.438817449292
S-B_minervini,AIRM,2007-11-09,2007-11-12,17.621384968017054,625,2007-11-26,16.34691830020522,stop_7pct,-817.7718569250337,-0.0741784965034964,14,9,False,0.967365028203062,11013.365605010658,10216.823937628264
S-B_minervini,DLB,2007-10-19,2007-10-22,30.333881774834435,182,2007-12-12,37.682784612909956,close_below_sma20_volume,1325.1212832471756,0.23978508959453304,51,36,True,0.9450681635926222,5520.766483019867,6858.266799549612
S-B_minervini,SDTHQ,2007-12-14,2007-12-17,9.5037,1114,2007-12-17,8.816344897500002,stop_7pct,-786.1221142008126,-0.07417849650349628,0,0,False,0.8866103739445115,10587.1218,9821.408215815003
S-B_minervini,LNN,2007-12-21,2007-12-24,58.995455230891714,178,2008-01-02,54.72860893131748,stop_7pct,-779.7415247450881,-0.0741784965034965,9,5,False,0.9468599033816425,10501.191031098726,9741.692389774511
S-B_minervini,CALM,2007-12-28,2007-12-31,8.007303430079155,1321,2008-01-02,7.42817520949868,stop_7pct,-785.4186466696901,-0.0741784965034965,2,1,False,0.9911361804995971,10577.647831134564,9812.619451747756
S-B_minervini,POWI,2007-12-28,2007-12-31,14.943916348388033,708,2008-01-02,13.86309759849087,stop_7pct,-785.6150408015801,-0.07417849650349628,2,1,False,0.8674456083803385,10580.292774658727,9815.073099731537
S-B_minervini,ONXX,2007-11-02,2007-11-05,48.56852,111,2008-01-09,54.19575,close_below_sma50,613.215696029999,0.11363217951085969,65,44,True,0.9779027721976697,5391.10572,6015.728249999999
S-B_minervini,FTI1,2008-01-04,2008-01-07,30.410279707129092,338,2008-01-10,28.253278567502427,stop_7pct,-748.8946678906395,-0.07278628371628382,3,3,False,0.9703131354209028,10278.674541009634,9549.60815581582
S-B_minervini,ATLS2,2007-11-02,2007-11-05,36.82830204281794,292,2008-01-16,34.16469509757113,stop_7pct,-798.5031831770593,-0.07417849650349628,72,49,False,0.898754519887505,10753.864196502838,9976.090968490771
S-B_minervini,BG,2008-01-11,2008-01-14,85.36063174736842,118,2008-01-16,79.30600213752759,stop_7pct,-733.8769567596355,-0.0727862837162836,2,2,False,0.9479251423921887,10072.554546189473,9358.108252228256
S-B_minervini,CPHD,2008-01-11,2008-01-14,31.077499999999997,325,2008-01-22,28.829819812500002,stop_7pct,-749.9659398765598,-0.07417849650349628,8,5,False,0.9938974776240846,10100.187499999998,9369.6914390625
S-B_minervini,GILD,2008-01-11,2008-01-14,16.521559040697674,612,2008-01-22,14.515824138313276,stop_7pct,-1246.5046387648053,-0.12315650980656301,8,5,False,0.8832384052074858,10111.194132906976,8883.684372647725
S-B_minervini,SONO1,2008-01-11,2008-01-14,38.39574999999999,263,2008-01-22,35.61877738124999,stop_7pct,-749.809619432519,-0.0741784965034965,8,5,False,0.8006509357200976,10098.082249999998,9367.738451268748
S-B_minervini,RHB,2008-01-11,2008-01-14,24.771774999999998,408,2008-01-23,22.980156373125002,stop_7pct,-750.4631877652337,-0.0741784965034964,9,6,False,0.935720097640358,10106.884199999999,9375.903800235
S-B_minervini,BOBJY,2008-01-04,2008-01-07,61.491429999999994,167,2008-02-06,61.8849,delisted,45.105642890001036,0.004387991077030584,30,21,False,0.8995526636844245,10269.068809999999,10334.7783
S-B_minervini,ASIA1,2008-02-15,2008-02-19,11.799425,817,2008-02-20,10.946031586875002,stop_7pct,-715.805456554599,-0.07417849650349617,1,1,False,0.921771523178808,9640.130224999999,8942.907806476876
S-B_minervini,SWSH1,2008-02-15,2008-02-19,27.0675,356,2008-02-22,26.902575,delisted,-77.92664669999976,-0.008078928552743947,3,3,False,0.9867549668874173,9636.029999999999,9577.3167
S-B_minervini,FSLR,2008-04-04,2008-04-07,286.84655999999995,33,2008-04-08,266.5005334992,stop_7pct,-689.6793286118718,-0.07278628371628348,1,1,False,1.0,9465.936479999998,8794.5176054736
S-B_minervini,RSTI,2008-04-04,2008-04-07,47.45835,201,2008-04-11,44.02592483625001,stop_7pct,-708.3057971558337,-0.07417849650349628,4,4,False,0.9234608985024958,9539.12835,8849.210892086252
S-B_minervini,ISRG,2008-04-04,2008-04-07,38.148109999999996,250,2008-04-14,35.44226455769999,stop_7pct,-694.8589542144255,-0.07278628371628382,7,5,False,0.9950083194675541,9537.027499999998,8860.566139424998
S-B_minervini,DAR,2008-04-11,2008-04-14,13.764325,340,2008-04-18,15.652102173749999,half_at_2R,631.8426538359245,0.1348779720279718,4,4,True,0.9791926758218893,4679.8705,5321.714739075
S-B_minervini,TRA,2008-04-11,2008-04-14,35.898927671348304,261,2008-04-23,33.35261673161957,stop_7pct,-682.6618083583744,-0.0727862837162837,9,7,False,0.9929255097794424,9369.620122221908,8705.032966952707
S-B_minervini,TNH,2008-04-18,2008-04-21,75.91940792079208,126,2008-04-23,70.53444431697031,stop_7pct,-696.9585994635017,-0.0727862837162836,2,2,False,0.9954223886808157,9565.845398019803,8887.339983938258
S-B_minervini,FTI1,2008-04-18,2008-04-21,33.734636571428574,285,2008-04-24,31.341838799417147,stop_7pct,-700.4941605039476,-0.0727862837162836,3,3,False,0.9783603828547649,9614.371422857144,8932.424057833887
S-B_minervini,DOFSQ,2008-04-18,2008-04-21,88.2094877441444,107,2008-04-28,81.95278877845223,stop_7pct,-687.6741529169813,-0.07278628371628393,7,5,False,0.9554723262588432,9438.41518862345,8768.948399294388
S-B_minervini,DE,2008-04-18,2008-04-21,65.1553130401714,145,2008-04-29,60.53384668623204,stop_7pct,-688.3375494815336,-0.0727862837162836,8,6,False,0.9496462754889721,9447.520390824851,8777.407769503645
S-B_minervini,DTV1,2008-04-04,2008-04-07,26.726699999999997,357,2008-04-30,24.830975169,stop_7pct,-695.1798547023318,-0.0727862837162836,23,17,False,0.778702163061564,9541.4319,8864.658135333
S-B_minervini,DPTRQ,2008-04-11,2008-04-14,258.4582,36,2008-05-01,240.12575987399998,stop_7pct,-677.9168670914642,-0.0727862837162837,17,13,False,0.766541822721598,9304.4952,8644.527355463999
S-B_minervini,WABC,2008-04-25,2008-04-28,33.926562831747624,272,2008-05-08,31.472824174941483,stop_7pct,-685.2055479170886,-0.07417849650349617,10,8,False,0.8772367873491469,9228.025090235355,8560.608175584084
S-B_minervini,HP,2008-04-04,2008-04-07,27.115371680152215,176,2008-05-09,30.880612191658148,half_at_2R,652.475036863606,0.13658455544455528,32,24,True,0.9434276206322796,4772.30541570679,5434.987745731834
S-B_minervini,DAR,2008-04-11,2008-04-14,13.764325,340,2008-05-09,16.1595,close_below_sma20_volume,804.1853995000001,0.1716675744515832,25,19,True,0.9791926758218893,4679.8705,5494.2300000000005
S-B_minervini,ENS,2008-05-02,2008-05-05,21.453709673202614,210,2008-05-13,24.396085954882352,half_at_2R,608.2705620708466,0.1348779720279718,8,6,True,0.9162730785744955,4505.279031372549,5123.178050525294
S-B_minervini,ANRZQ,2008-05-09,2008-05-12,58.728669999999994,77,2008-05-16,66.88373311619999,half_at_2R,618.2677049074528,0.1365845554445555,4,4,True,0.9974237870330614,4522.10759,5150.047449947399
S-B_minervini,JRCCQ,2008-05-09,2008-05-12,30.816849999999995,147,2008-05-16,35.04338097749999,half_at_2R,611.6185997388066,0.1348779720279718,4,4,True,0.991841992271361,4530.07695,5151.377003692499
S-B_minervini,ZEUS,2008-05-02,2008-05-05,45.29860860187111,99,2008-05-20,51.51131277161773,half_at_2R,605.4735305889399,0.13487797202797203,15,11,True,0.9411764705882353,4484.56225158524,5099.6199643901555
S-B_minervini,YUM,2008-04-25,2008-04-28,20.505813426257664,451,2008-05-23,19.051336079933208,stop_7pct,-673.8095576196229,-0.07278628371628382,25,19,False,0.8897211818560133,9248.121855242207,8592.152572049876
S-B_minervini,CEDCQ,2008-05-02,2008-05-05,65.11505,69,2008-06-12,74.156925843,half_at_2R,614.2796668338324,0.13658455544455528,38,27,True,0.9733791326749678,4492.93845,5116.8278831669995
S-B_minervini,SPXC,2008-05-02,2008-05-05,27.478157599215105,164,2008-06-13,31.29377456344211,half_at_2R,616.122585258553,0.13658455544455528,39,28,True,0.9381708887934735,4506.417846271277,5132.179028404506
S-B_minervini,CEDCQ,2008-05-02,2008-05-05,65.11505,70,2008-06-23,70.59933,close_below_sma20_volume,374.3995933999995,0.08205817852558495,49,34,True,0.9733791326749678,4558.0535,4941.9531
S-B_minervini,SPXC,2008-05-02,2008-05-05,27.478157599215105,165,2008-06-23,29.798474325994157,close_below_sma20_volume,373.4016156508833,0.08227550582222731,49,34,True,0.9381708887934735,4533.896003870493,4916.748263789036
S-B_minervini,CSX,2008-05-23,2008-05-27,5.363070453124998,1813,2008-06-24,4.982667865884843,stop_7pct,-708.4267142387671,-0.0727862837162836,28,20,False,0.9233404710920771,9723.246731515623,9033.57684084922
S-B_minervini,ENS,2008-05-02,2008-05-05,21.453709673202614,211,2008-06-30,30.563575429447855,close_below_sma20_volume,1911.2060274110872,0.42178251730393246,56,39,True,0.9162730785744955,4526.732741045751,6448.914415613497
S-B_minervini,STRA,2008-06-20,2008-06-23,152.74742546869928,70,2008-07-01,141.91305058020444,stop_7pct,-779.0324755180609,-0.0727862837162836,8,6,False,0.9597343295973433,10692.319782808949,9933.91354061431
S-B_minervini,TTES,2008-06-20,2008-06-23,73.2627,73,2008-07-01,83.310679305,half_at_2R,722.072632575735,0.13487797202797203,8,6,True,0.9809049398090494,5348.1771,6081.679589265
S-B_minervini,ELNK,2008-04-25,2008-04-28,6.5331263276990175,1416,2008-07-02,6.060617966048187,stop_7pct,-686.9045820175197,-0.07417849650349617,65,46,False,0.8168955472326259,9250.906880021808,8581.835039924234
S-B_minervini,CHD,2008-04-04,2008-04-07,11.172681897656082,855,2008-07-03,10.380203570655336,stop_7pct,-695.996686661043,-0.0727862837162836,87,62,False,0.7612312811980033,9552.64302249595,8875.074052910313
S-B_minervini,ZEUS,2008-05-02,2008-05-05,45.29860860187111,100,2008-07-03,52.300125015458605,close_below_sma50,690.3917679970164,0.1522567882808208,59,42,True,0.9411764705882353,4529.860860187111,5230.012501545861
S-B_minervini,ANRZQ,2008-05-09,2008-05-12,58.728669999999994,78,2008-07-03,85.71419999999999,close_below_sma20_volume,2093.604796140001,0.4565789223073309,52,37,True,0.9974237870330614,4580.836259999999,6685.7076
S-B_minervini,JRCCQ,2008-05-09,2008-05-12,30.816849999999995,148,2008-07-03,44.837625,close_below_sma20_volume,2063.8778377000026,0.45206402781803967,52,37,True,0.991841992271361,4560.893799999999,6635.968500000001
S-B_minervini,TTES,2008-06-20,2008-06-23,73.2627,73,2008-07-03,71.75017500000001,breakeven_stop,-121.00026487499872,-0.022601978810595003,10,8,True,0.9809049398090494,5348.1771,5237.762775000001
S-B_minervini,HP,2008-04-04,2008-04-07,27.115371680152215,176,2008-07-08,35.02592817370818,close_below_sma20_volume,1381.321074091571,0.2891560813389895,92,64,True,0.9434276206322796,4772.30541570679,6164.56335857264
S-B_minervini,BPT,2008-06-27,2008-06-30,18.004703047600618,589,2008-07-08,16.727629460434308,stop_7pct,-772.6536866881888,-0.0727862837162836,8,5,False,0.937344398340249,10604.770095036763,9852.573752195807
S-B_minervini,RBN,2008-07-03,2008-07-07,46.365624999999994,108,2008-07-22,52.72467046874999,half_at_2R,676.075158714375,0.13487797202797203,15,11,True,0.9497549019607843,5007.487499999999,5694.264410624999
S-B_minervini,RBN,2008-07-03,2008-07-07,46.365624999999994,108,2008-08-06,48.5982,close_below_sma20_volume,230.86200690000078,0.046057304291718504,30,22,True,0.9497549019607843,5007.487499999999,5248.6056
S-B_minervini,MNTA,2008-07-25,2008-07-28,16.070075,311,2008-08-06,18.274085786249998,half_at_2R,674.7663205192257,0.13487797202797203,9,7,True,0.9502852485737572,4997.793325,5683.240679523749
S-B_minervini,MNTA,2008-07-25,2008-07-28,16.070075,311,2008-08-07,16.029899812500002,breakeven_stop,-22.47757547918718,-0.0044930069930069205,10,8,True,0.9502852485737572,4997.793325,4985.2988416875005
S-B_minervini,IXYS,2008-08-15,2008-08-18,13.033628094523628,771,2008-08-29,12.090970942587209,stop_7pct,-746.1597300005924,-0.0741784965034964,11,9,False,0.8505747126436781,10048.927260877717,9322.138596734738
S-B_minervini,THFF,2008-09-05,2008-09-08,28.70483144295302,347,2008-09-11,26.628754508841446,stop_7pct,-739.5994504619885,-0.0741784965034964,3,3,False,0.9655465759251383,9960.576510704697,9240.177814567982
S-B_minervini,HOMB,2008-09-12,2008-09-15,4.0583510559736595,1219,2008-09-18,4.614953903300447,half_at_2R,667.9261121459986,0.13487797202797203,3,3,True,0.9145044661846023,4947.129937231891,5625.628808123244
S-B_minervini,BOH,2008-09-19,2008-09-22,35.97669296460176,281,2008-09-22,33.42486613262256,stop_7pct,-736.5651778924748,-0.0727862837162836,0,0,False,0.8608510638297873,10109.450723053094,9392.38738326694
S-B_minervini,CFR,2008-09-19,2008-09-22,35.89235941199998,281,2008-09-22,33.34651435890683,stop_7pct,-734.8385834487999,-0.07278628371628348,0,0,False,0.8765957446808511,10085.752994771996,9370.37053485282
S-B_minervini,IBOC,2008-09-19,2008-09-22,20.033731421052625,504,2008-09-22,18.612738851357364,stop_7pct,-735.6580761437071,-0.0727862837162837,0,0,False,0.9285106382978724,10097.000636210523,9380.820381084111
S-B_minervini,PII,2008-09-19,2008-09-22,16.024112257531986,630,2008-09-22,14.865168338505987,stop_7pct,-749.5949157618834,-0.0741784965034964,0,0,False,0.84,10095.190722245152,9365.056053258771
S-B_minervini,STFC,2008-09-19,2008-09-22,26.040061284776492,388,2008-09-22,24.156713852355033,stop_7pct,-750.2151525327336,-0.0741784965034965,0,0,False,0.8497872340425532,10103.543778493278,9372.804974713752
S-B_minervini,UMBF,2008-09-19,2008-09-22,47.522173954554134,212,2008-09-22,44.15142615595761,stop_7pct,-734.0333365258921,-0.0727862837162837,0,0,False,0.9527659574468085,10074.700878365476,9360.102345063013
S-B_minervini,SCNB,2008-09-19,2008-09-22,34.79107121202113,290,2008-09-24,32.2748069866117,stop_7pct,-749.1657300463376,-0.0741784965034965,2,2,False,0.8876595744680851,10089.410651486127,9359.694026117393
S-B_minervini,ESE,2008-09-19,2008-09-22,47.42132723739286,213,2008-09-25,43.991579744948424,stop_7pct,-750.0071650779028,-0.0741784965034964,3,3,False,0.9697872340425532,10100.742701564679,9370.206485674014
S-B_minervini,RKT1,2008-09-12,2008-09-15,19.57547426886255,505,2008-09-29,18.159678092367066,stop_7pct,-734.0333210726403,-0.0741784965034965,14,10,False,0.9629944704381115,9885.614505775588,9170.63743664537
S-B_minervini,HOMB,2008-09-12,2008-09-15,4.0583510559736595,1220,2008-09-30,4.192728612012987,close_below_sma20_volume,153.87430117303575,0.031047209607453663,15,11,True,0.9145044661846023,4951.188288287864,5115.128906655844
S-B_minervini,TSYS,2008-12-05,2008-12-08,8.1002,1150,2008-12-09,7.514353035,stop_7pct,-691.6807457402501,-0.0741784965034965,1,1,False,0.9989785495403473,9315.23,8641.50599025
S-B_minervini,LPHIQ,2009-01-02,2009-01-05,16.55183400316046,563,2009-01-06,15.354722608881884,stop_7pct,-691.9371063514172,-0.07417849650349617,1,1,False,0.9800204918032787,9318.68254377934,8644.708828800502
S-B_minervini,MDRX,2008-12-19,2008-12-22,9.513724999999999,972,2009-01-07,8.825644839375,stop_7pct,-686.639783611372,-0.0741784965034965,16,10,False,0.819806023481368,9247.340699999999,8578.5267838725
S-B_minervini,CHG2,2009-01-02,2009-01-05,41.46890369860239,224,2009-01-14,38.469665238600975,stop_7pct,-689.7356544822487,-0.07417849650349628,9,7,False,0.9313524590163934,9289.034428486935,8617.205013446619
S-B_minervini,ALK,2009-01-09,2009-01-12,6.8089148849797025,1330,2009-01-14,6.3164601159235465,stop_7pct,-672.4215915958903,-0.0741784965034965,2,2,False,0.9538698103536648,9055.856797023005,8400.891954178316
S-B_minervini,ESINQ,2009-01-09,2009-01-12,98.35826,46,2009-01-15,112.0162879836,half_at_2R,618.5920580383545,0.1365845554445555,3,3,True,0.9328549461814454,4524.47996,5152.7492472456
S-B_minervini,APOL,2009-01-09,2009-01-12,84.70461999999999,106,2009-01-26,78.69652130339999,stop_7pct,-654.1789828177589,-0.0727862837162836,14,9,False,0.9036391594054332,8978.689719999998,8341.831258160399
S-B_minervini,ESINQ,2009-01-09,2009-01-12,98.35826,46,2009-02-13,123.3765,close_below_sma20_volume,1140.6392410400003,0.25185209159346167,32,23,True,0.9328549461814454,4524.47996,5675.3189999999995
S-B_minervini,AZO,2009-02-06,2009-02-09,144.29415,63,2009-02-17,134.05936594050002,stop_7pct,-662.3276672527518,-0.0727862837162837,8,5,False,0.9445953286257469,9090.53145,8445.7400542515
S-B_minervini,VRX1,2008-12-19,2008-12-22,22.225425,416,2009-02-20,20.617971136875003,stop_7pct,-686.5236598529391,-0.0741784965034964,60,40,False,0.996937212863706,9245.7768,8577.075992940001
S-B_minervini,JJSF,2009-03-27,2009-03-30,26.10092021940123,171,2009-04-27,29.68066142749211,half_at_2R,602.5970961219227,0.13487797202797225,28,19,True,0.963677639046538,4463.25735751761,5075.393104101151
S-B_minervini,CMD,2009-05-01,2009-05-04,6.167295058193669,1470,2009-05-07,5.721245443109812,stop_7pct,-673.1690887101868,-0.07417849650349662,3,3,False,0.978315683308119,9065.923735544693,8410.230801371423
S-B_minervini,GVA,2009-05-08,2009-05-11,32.05046125594493,280,2009-05-13,29.732411645608718,stop_7pct,-666.3530953065747,-0.0741784965034964,2,2,False,0.95,8974.129151664582,8325.075260770442
S-B_minervini,WKC,2009-05-08,2009-05-11,17.041469512033697,528,2009-05-13,15.808945229575862,stop_7pct,-668.1178401213056,-0.07417849650349628,2,2,False,0.9841836734693877,8997.895902353792,8347.123081216056
S-B_minervini,JJSF,2009-03-27,2009-03-30,26.10092021940123,171,2009-05-28,28.472272415640063,close_below_sma20_volume,396.16920961624874,0.08867367585547226,59,41,True,0.963677639046538,4463.25735751761,4868.758583074451
S-B_minervini,APSG1,2009-05-29,2009-06-01,20.353420789724073,218,2009-06-03,24.100257696685304,half_at_2R,807.119543807511,0.18172299301148742,2,2,True,0.9698825931597754,4437.045732159848,5253.8561778773965
S-B_minervini,IMGN,2009-05-29,2009-06-01,8.421,1056,2009-06-10,7.811951175,stop_7pct,-660.2975556407982,-0.07417849650349628,9,7,False,0.9938744257274119,8892.576,8249.4204408
S-B_minervini,NVEC,2009-06-19,2009-06-22,23.805677532145275,373,2009-06-22,22.08393190463287,stop_7pct,-659.3279433820444,-0.07417849650349628,0,0,False,0.9494850416871016,8879.517719490188,8237.30660042806
S-B_minervini,RGR,2009-06-19,2009-06-22,6.398228409090909,1391,2009-06-22,5.9354765394034095,stop_7pct,-660.8440343186667,-0.0741784965034964,0,0,False,0.9862677783227072,8899.935717045455,8256.247866310143
S-B_minervini,APSG1,2009-05-29,2009-06-01,20.353420789724073,219,2009-07-06,22.86568829823084,close_below_sma20_volume,540.7215994727203,0.12118758036224198,35,24,True,0.9698825931597754,4457.3991529495715,5007.585737312554
S-B_minervini,STAR1,2009-06-26,2009-06-29,24.651474999999998,358,2009-07-06,22.868557070625002,stop_7pct,-655.2967901975326,-0.0741784965034964,7,4,False,0.9862677783227072,8825.22805,8186.943431283751
S-B_minervini,PRDO,2009-06-26,2009-06-29,22.89861816666666,386,2009-07-07,21.274419180104996,stop_7pct,-643.9916012286576,-0.07278628371628382,8,5,False,0.9573320255026974,8838.866612333331,8211.925803520528
S-B_minervini,OSK,2009-07-02,2009-07-06,16.672676443202977,263,2009-07-14,18.959334017388265,half_at_2R,592.0197232595947,0.1348779720279718,8,6,True,0.8837749883774988,4384.913904562383,4986.3048465731135
S-B_minervini,PRMB,2009-07-17,2009-07-20,5.254820958333333,1717,2009-07-27,4.874766032521876,stop_7pct,-669.9468084815708,-0.07417849650349628,7,5,False,0.9851093531875291,9022.527585458332,8369.973277840061
S-B_minervini,NSH1,2009-05-08,2009-05-11,11.831069832556167,380,2009-08-03,13.453701060091245,half_at_2R,606.9916535241227,0.1348779720279718,84,58,True,0.7959183673469388,4495.806536371344,5112.406402834673
S-B_minervini,ONIT,2009-07-31,2009-08-03,148.79011834805655,61,2009-08-04,138.02887303853336,stop_7pct,-673.9319223554976,-0.07417849650349662,1,1,False,0.9860924181247196,9076.19721923145,8419.761255350535
S-B_minervini,OSK,2009-07-02,2009-07-06,16.672676443202977,263,2009-08-11,21.081655200000004,close_below_sma20_volume,1149.6320238154558,0.2619170102929991,36,26,True,0.8837749883774988,4384.913904562383,5544.475317600001
S-B_minervini,NSH1,2009-05-08,2009-05-11,11.831069832556167,380,2009-08-12,12.683272186475412,close_below_sma20_volume,314.52144452207995,0.06988895868690959,93,65,True,0.7959183673469388,4495.806536371344,4819.643430860657
S-B_minervini,ORLY,2009-07-10,2009-07-13,2.6266239999999996,3325,2009-08-13,2.4403175596799995,stop_7pct,-636.3164947499372,-0.07278628371628382,31,23,False,0.9688516968851697,8733.5248,8114.055885935998
S-B_minervini,WKC,2009-08-07,2009-08-10,19.43952814443005,469,2009-08-13,18.033564271384147,stop_7pct,-676.9719368015449,-0.0741784965034964,3,3,False,0.9779587925251557,9117.138699737694,8457.741643279165
S-B_minervini,SGP1,2009-05-29,2009-06-01,24.398950395491802,182,2009-08-17,27.786988647409792,half_at_2R,607.1251209432658,0.13658455544455528,77,54,True,0.9545686574783052,4440.608971979508,5057.231933828582
S-B_minervini,ROST,2009-07-10,2009-07-13,8.578245059999997,508,2009-08-20,9.769420169031594,half_at_2R,595.7963414517035,0.13658455544455528,38,28,True,0.8340306834030683,4357.7484904799985,4962.86544586805
S-B_minervini,WOLF2,2009-08-14,2009-08-17,33.71368,132,2009-08-28,38.395161604799995,half_at_2R,608.4372047417655,0.13658455544455528,11,9,True,0.9684059358544759,4450.20576,5068.161331833599
S-B_minervini,CENT,2009-07-17,2009-07-20,9.80044,921,2009-09-02,9.091623177,stop_7pct,-670.2198841690151,-0.07417849650349628,44,32,False,0.9879013494648674,9026.20524,8373.384946017
S-B_minervini,SGP1,2009-05-29,2009-06-01,24.398950395491802,182,2009-09-03,27.3817267577548,close_below_sma20_volume,533.4412146899749,0.12000793353935757,94,67,True,0.9545686574783052,4440.608971979508,4983.474269911374
S-B_minervini,BH,2009-07-10,2009-07-13,185.46414655353726,23,2009-09-08,210.9005542533549,half_at_2R,575.9209889772465,0.1348779720279718,57,40,True,0.9679218967921897,4265.675370731357,4850.712747827162
S-B_minervini,SPPI,2009-09-04,2009-09-08,8.103133602225311,1125,2009-09-08,7.517074464444366,stop_7pct,-676.8892640785652,-0.07417849650349628,0,0,False,0.9981412639405205,9116.025302503474,8456.708772499911
S-B_minervini,WOLF2,2009-08-14,2009-08-17,33.71368,132,2009-09-14,34.405559999999994,close_below_sma20_volume,82.33642031999898,0.018483227650544665,28,19,True,0.9684059358544759,4450.20576,4541.533919999999
S-B_minervini,NVEC,2009-09-11,2009-09-14,30.316817170530065,284,2009-09-17,28.124153368671482,stop_7pct,-639.3137553609713,-0.0741784965034964,3,3,False,0.9776951672862454,8609.97607643054,7987.259556702701
S-B_minervini,MDRX,2009-09-11,2009-09-14,16.67666,270,2009-09-21,18.992381007599995,half_at_2R,615.6140309799475,0.13658455544455528,7,5,True,0.9842007434944238,4502.6982,5127.942872051999
S-B_minervini,DDRX,2009-09-18,2009-09-21,25.0625,370,2009-09-22,22.743000000000002,stop_7pct,-875.9030349999975,-0.09436171808241611,1,1,False,0.9995355318160706,9273.125,8414.910000000002
S-B_minervini,KDP,2009-08-14,2009-08-17,2.9008007555898225,1537,2009-09-29,3.303605948511025,half_at_2R,609.5754084156852,0.13658455544455528,43,30,True,0.8487314504547631,4458.530761341557,5077.642342861445
S-B_minervini,ROST,2009-07-10,2009-07-13,8.578245059999997,509,2009-10-02,9.826612429577462,close_below_sma20_volume,626.0509186527352,0.14323836282541214,81,58,True,0.8340306834030683,4366.3267355399985,5001.745726654928
S-B_minervini,CERN,2009-09-25,2009-09-28,17.858944211361198,253,2009-10-09,20.33883720455081,half_at_2R,617.748888578747,0.1365845554445555,11,9,True,0.9396191360891779,4518.312885474383,5145.725812751355
S-B_minervini,ARST,2009-09-04,2009-09-08,22.756749999999997,200,2009-10-15,25.877838262499996,half_at_2R,614.4907348474999,0.13487797202797203,37,27,True,0.9883828996282528,4551.349999999999,5175.567652499999
S-B_minervini,BH,2009-07-10,2009-07-13,185.46414655353726,24,2009-10-19,211.37789581218277,close_below_sma20_volume,612.4057731907151,0.13744659695247785,98,69,True,0.9679218967921897,4451.139517284894,5073.069499492387
S-B_minervini,CROX,2009-10-16,2009-10-19,7.83955,1227,2009-10-21,7.272554546250001,stop_7pct,-714.245974029498,-0.0741784965034964,2,2,False,0.9764325323475046,9619.12785,8923.42442824875
S-B_minervini,KDP,2009-08-14,2009-08-17,2.9008007555898225,1537,2009-10-23,3.1884553692585897,close_below_sma20_volume,432.7659545450033,0.09696773310900997,67,48,True,0.8487314504547631,4458.530761341557,4900.655902550452
S-B_minervini,AN,2009-10-23,2009-10-26,20.480459999999997,460,2009-10-27,19.0277809722,stop_7pct,-686.4061436352094,-0.07278628371628348,1,1,False,0.9754969949144706,9421.011599999998,8752.779247212
S-B_minervini,CERN,2009-09-25,2009-09-28,17.858944211361198,254,2009-10-28,19.155115587822014,close_below_sma20_volume,319.8259584320549,0.07043526214971663,30,22,True,0.9396191360891779,4536.171829685744,4865.399359306792
S-B_minervini,OPCH,2009-10-23,2009-10-26,30.957199999999997,304,2009-10-28,28.71822051,stop_7pct,-698.7910927950415,-0.07417849650349673,2,2,False,0.9676375404530745,9410.9888,8730.339035039999
S-B_minervini,MDRX,2009-09-11,2009-09-14,16.67666,271,2009-10-29,19.80018,close_below_sma20_volume,836.5886963599996,0.1849266700166099,45,33,True,0.9842007434944238,4519.37486,5365.84878
S-B_minervini,PAR1,2009-10-02,2009-10-05,11.077625,810,2009-10-29,10.276435771875,stop_7pct,-666.2600640064666,-0.07417849650349628,24,18,False,0.9538745387453874,8972.87625,8323.912975218751
S-B_minervini,MFB,2009-08-14,2009-08-17,15.137749999999999,430,2009-10-30,14.04291223125,stop_7pct,-483.32792532193616,-0.07417849650349628,74,53,False,0.7955959789372906,6509.232499999999,6038.4522594375
S-B_minervini,CHDX,2009-11-06,2009-11-09,12.280624999999999,371,2009-11-09,13.964912718749998,half_at_2R,615.1336491625934,0.13487797202797203,0,0,True,0.8270499528746466,4556.111875,5180.9826186562495
S-B_minervini,AGM,2009-11-06,2009-11-09,5.942539731182795,1534,2009-11-10,5.512745545125,stop_7pct,-676.8766890265142,-0.0741784965034964,1,1,False,0.8642789820923656,9115.855947634407,8456.55166622175
S-B_minervini,CEQP,2009-07-17,2009-07-20,71.36007269824923,63,2009-11-13,81.53970645839853,half_at_2R,631.6842408025377,0.1403686527350565,116,83,True,0.8985574685900419,4495.684579989701,5137.001506879107
S-B_minervini,ARST,2009-09-04,2009-09-08,22.756749999999997,200,2009-11-18,24.440745,close_below_sma20_volume,327.3595010000008,0.07185394850571125,71,51,True,0.9883828996282528,4551.349999999999,4888.149
S-B_minervini,BONTQ,2009-11-06,2009-11-09,9.677101725581396,471,2009-11-19,11.004316227244885,half_at_2R,615.3770824277226,0.13487797202797225,10,8,True,0.9901036757775683,4557.914912748837,5183.032943032341
S-B_minervini,CHDX,2009-11-06,2009-11-09,12.280624999999999,371,2009-11-30,13.78545,close_below_sma50,548.6195611750009,0.12029368565171938,21,14,True,0.8270499528746466,4556.111875,5114.40195
S-B_minervini,HAR,2009-10-30,2009-11-02,35.28973799400382,256,2009-12-08,32.75183205464176,stop_7pct,-667.1225624091421,-0.07377057221812777,36,25,False,0.9198331788693235,9034.172926464978,8384.46900598829
S-B_minervini,BONTQ,2009-11-06,2009-11-09,9.677101725581396,471,2009-12-09,10.377793770491804,close_below_sma20_volume,320.5800973741525,0.07026454939753801,30,21,True,0.9901036757775683,4557.914912748837,4887.94086590164
S-B_minervini,DAN,2009-12-04,2009-12-07,6.290674068209499,734,2009-12-14,7.1534400166644305,half_at_2R,623.4022264276218,0.1348779720279718,7,5,True,0.9929178470254958,4617.354766065772,5250.624972231692
S-B_minervini,COO,2009-11-27,2009-11-30,8.374658710139736,556,2009-12-15,9.5232431522354,half_at_2R,628.6617163697083,0.1348779720279718,15,11,True,0.9045368620037807,4656.310242837693,5294.923192642883
S-B_minervini,NS,2009-05-08,2009-05-11,13.52362915764572,332,2009-12-28,15.401520302476404,half_at_2R,613.8567104630265,0.13658455544455528,231,160,True,0.8994897959183673,4489.844880338379,5113.304740422166
S-B_minervini,MED,2009-12-04,2009-12-07,24.31919303759159,189,2009-12-28,27.654570362697275,half_at_2R,620.5632731623191,0.1348779720279718,21,14,True,0.987724268177526,4596.3274841048105,5226.713798549785
S-B_minervini,MED,2009-12-04,2009-12-07,24.31919303759159,190,2009-12-30,24.25839505499761,breakeven_stop,-20.781358430448563,-0.004493006993007143,23,16,True,0.987724268177526,4620.646677142402,4609.095060449546
S-B_minervini,UQM,2009-12-31,2010-01-04,6.867125,1424,2010-01-08,6.370460184375001,stop_7pct,-726.1010187525499,-0.0741784965034965,4,4,False,0.9826879271070615,9778.786,9071.53530255
S-B_minervini,SNBRQ,2010-01-08,2010-01-11,7.047575,1417,2010-01-12,6.537859138125,stop_7pct,-741.5179364505984,-0.0741784965034965,1,1,False,0.9995302959135745,9986.413775,9264.146398723125
S-B_minervini,CEQP,2009-07-17,2009-07-20,71.36007269824923,63,2010-01-13,93.27718870617697,close_below_sma20_volume,1370.406161030969,0.3045225036473085,177,123,True,0.8985574685900419,4495.684579989701,5876.462888489149
S-B_minervini,FOR,2009-12-11,2009-12-14,21.19285,444,2010-01-21,19.66007712375,stop_7pct,-698.6898566979453,-0.0741784965034965,38,25,False,0.9777987718469532,9409.6254,8729.074242945
S-B_minervini,COO,2009-11-27,2009-11-30,8.374658710139736,556,2010-01-22,9.179500278141363,close_below_sma20_volume,437.73179941142007,0.09391438329934254,53,36,True,0.9045368620037807,4656.310242837693,5103.802154646598
S-B_minervini,DAN,2009-12-04,2009-12-07,6.290674068209499,734,2010-01-25,7.9119445986124886,close_below_sma20_volume,1179.5878472143468,0.25521310306000955,49,32,True,0.9929178470254958,4617.354766065772,5807.367335381567
S-B_minervini,CROX,2010-01-15,2010-01-19,7.19795,1354,2010-01-26,6.677358266250001,stop_7pct,-723.6683748900014,-0.0741784965034964,7,5,False,0.9798027242837013,9746.0243,9041.143092502502
S-B_minervini,CETV,2010-01-22,2010-01-25,30.41585,310,2010-01-28,28.216023648750003,stop_7pct,-700.1220497186132,-0.07417849650349662,3,3,False,0.8303571428571429,9428.9135,8746.9673311125
S-B_minervini,LZ1,2010-01-22,2010-01-25,79.0594677843599,119,2010-01-29,73.45177973441525,stop_7pct,-685.4637163981461,-0.0727862837162836,4,4,False,0.8529135338345865,9408.076666338828,8740.761788395415
S-B_minervini,NS,2009-05-08,2009-05-11,13.52362915764572,333,2010-02-01,15.072139883683647,close_below_sma20_volume,506.1316806798677,0.11227729943908749,266,183,True,0.8994897959183673,4503.368509496025,5019.022581266655
S-B_minervini,AMSC,2009-12-11,2009-12-14,389.87224999999995,24,2010-02-02,361.67473951875,stop_7pct,-694.7773792984481,-0.07417849650349628,50,33,False,0.9097779877184695,9356.934,8680.193748450001
S-B_minervini,JAZZ,2010-01-15,2010-01-19,9.92475,982,2010-02-04,9.206942456250001,stop_7pct,-723.6743299545342,-0.07417849650349617,16,12,False,0.9906059182714889,9746.1045,9041.217492037502
S-B_minervini,FITB,2010-01-22,2010-01-25,7.50265128102482,1259,2010-02-04,6.97048822566173,stop_7pct,-688.2149693410483,-0.0727862837162836,10,8,False,0.9666353383458647,9445.837962810248,8775.844676108118
S-B_minervini,FGPRQ,2009-11-27,2009-11-30,9.885723457350274,941,2010-02-05,9.170738508297417,stop_7pct,-690.7329677684138,-0.0741784965034964,67,46,False,0.775992438563327,9302.465773366608,8629.664936307869
S-B_minervini,BKI1,2010-01-29,2010-02-01,11.558824999999999,796,2010-02-05,10.722832981875001,stop_7pct,-683.1858461810698,-0.07417849650349617,4,4,False,0.9722352941176471,9200.8247,8535.375053572501
S-B_minervini,CATM,2010-02-05,2010-02-08,12.100175,739,2010-02-11,11.201925000000001,stop_7pct,-681.0270018999981,-0.07608414494265303,3,3,False,0.9958081043316255,8942.029325,8278.222575000002
S-B_minervini,PNNT,2009-12-04,2009-12-07,1.175308175223214,3928,2010-02-16,1.3365016914550776,half_at_2R,623.3017426024489,0.13487797202797203,71,47,True,0.9447592067988668,4616.610512276784,5249.778644035545
S-B_minervini,RAMP,2010-01-29,2010-02-01,15.468575,297,2010-03-02,17.59009006125,half_at_2R,620.2715496680576,0.1348779720279718,29,20,True,0.7195294117647059,4594.166775,5224.256748191249
S-B_minervini,PNNT,2009-12-04,2009-12-07,1.175308175223214,3928,2010-03-04,1.3121468951612902,close_below_sma20_volume,527.7317684002946,0.11419732343338951,87,59,True,0.9447592067988668,4616.610512276784,5154.1130041935485
S-B_minervini,SSP,2010-03-05,2010-03-08,6.954885520833333,671,2010-03-08,7.908748070015624,half_at_2R,630.0682723618584,0.13487797202797203,0,0,True,0.9831144465290806,4666.728184479166,5306.769954980484
S-B_minervini,AEL,2010-02-26,2010-03-01,7.8203809848484855,581,2010-03-10,8.892946236920455,half_at_2R,613.4499683379672,0.13487797202797225,9,7,True,0.814105558150397,4543.64135219697,5166.801763650785
S-B_minervini,PLCE,2010-02-26,2010-03-01,35.174002086523735,129,2010-03-19,39.99811647269046,half_at_2R,612.6135525213695,0.13487797202797203,18,14,True,0.7066791219056515,4537.446269161562,5159.75702497707
S-B_minervini,SSP,2010-03-05,2010-03-08,6.954885520833333,671,2010-03-22,7.089404482758622,close_below_sma20_volume,80.83850485945914,0.01730500340279839,14,10,True,0.9831144465290806,4666.728184479166,4756.990407931035
S-B_minervini,CGIP,2010-02-26,2010-03-01,11.946223557073955,380,2010-03-24,13.584648117926648,half_at_2R,612.8996018875232,0.13487797202797203,23,17,True,0.7038766931340495,4539.564951688103,5162.166284812126
S-B_minervini,CHRS1,2010-03-05,2010-03-08,6.656599999999999,1402,2010-03-30,6.175161405,stop_7pct,-692.9670396798083,-0.07417849650349628,22,16,False,0.9882739212007504,9332.553199999998,8657.57628981
S-B_minervini,BIGGQ,2010-02-26,2010-03-01,25.715010781313865,176,2010-04-07,29.28579717840711,half_at_2R,618.7782636875008,0.13658455544455572,37,26,True,0.7398411957029426,4525.84189751124,5154.300303399651
S-B_minervini,FACT1,2010-03-12,2010-03-15,27.057474999999997,354,2010-04-22,26.942475,delisted,-59.82598229999894,-0.006239721883919858,38,27,False,0.9131862975129047,9578.34615,9537.63615
S-B_minervini,KS,2010-03-12,2010-03-15,4.85936612,988,2010-04-22,5.525828183358,half_at_2R,648.2039466259866,0.13487797202797203,38,27,True,0.9723134678554669,4801.05372656,5459.518245157704
S-B_minervini,INCY,2010-03-26,2010-03-29,14.145274999999998,686,2010-04-22,13.122217985625,stop_7pct,-720.522612049388,-0.0741784965034964,24,17,False,0.9736718382698637,9703.65865,9001.84153813875
S-B_minervini,AEL,2010-02-26,2010-03-01,7.8203809848484855,582,2010-04-28,9.304257693925233,close_below_sma20_volume,853.6497049716199,0.18736769812791243,58,41,True,0.814105558150397,4551.461733181819,5415.077977864486
S-B_minervini,BIGGQ,2010-02-26,2010-03-01,25.715010781313865,177,2010-04-29,29.54059432436587,close_below_sma20_volume,667.3480450164989,0.14647325675269673,59,42,True,0.7398411957029426,4551.556908292554,5228.685195412759
S-B_minervini,CGIP,2010-02-26,2010-03-01,11.946223557073955,381,2010-04-29,14.21806343023256,close_below_sma20_volume,855.6023983312652,0.18779425508815595,59,42,True,0.7038766931340495,4551.511175245177,5417.082166918605
S-B_minervini,GNW,2010-04-01,2010-04-05,18.36835,526,2010-04-30,17.0654829345,stop_7pct,-703.9462725765461,-0.0727862837162836,25,19,False,0.9878048780487805,9661.7521,8976.444023547001
S-B_minervini,PLCE,2010-02-26,2010-03-01,35.174002086523735,129,2010-05-03,41.87251055301047,close_below_sma20_volume,854.1685920462887,0.1880606901218902,63,44,True,0.7066791219056515,4537.446269161562,5401.5538613383505
S-B_minervini,ACCO,2010-04-30,2010-05-03,6.048518369565217,1615,2010-05-04,5.6110592784864135,stop_7pct,-725.3266499938709,-0.0741784965034964,1,1,False,0.9650711513583441,9768.357166847825,9061.860734755557
S-B_minervini,MEA,2010-04-30,2010-05-03,6.586425,1483,2010-05-04,6.110061811875001,stop_7pct,-725.275497931385,-0.0741784965034964,1,1,False,0.9159120310478654,9767.668275,9061.221667010626
S-B_minervini,RAMP,2010-01-29,2010-02-01,15.468575,297,2010-05-05,18.254250000000003,close_below_sma20_volume,817.3297959750007,0.17772826340034387,93,65,True,0.7195294117647059,4594.166775,5421.512250000001
S-B_minervini,CMI,2010-04-30,2010-05-03,49.56630914730375,197,2010-05-05,46.050570839485495,stop_7pct,-711.4369719975948,-0.07278628371628382,2,2,False,0.8180250107805088,9764.562902018839,9071.962455378642
S-B_minervini,REVRQ,2010-04-30,2010-05-03,17.6841,552,2010-05-05,16.405097467500003,stop_7pct,-724.8266349420592,-0.0741784965034964,2,2,False,0.9525657611039241,9761.6232,9055.613802060001
S-B_minervini,TKR,2010-04-30,2010-05-03,18.56543810934844,526,2010-05-05,17.09132264046669,stop_7pct,-794.1401927862062,-0.08124041871688625,2,2,False,0.8305304010349288,9765.42044551728,8990.035708885478
S-B_minervini,KS,2010-03-12,2010-03-15,4.85936612,988,2010-05-06,5.063136115276476,close_below_sma20_volume,191.5213231247053,0.03985166674413865,52,37,True,0.9723134678554669,4801.05372656,5002.378481893158
S-B_minervini,ENTG,2010-04-23,2010-04-26,5.932718010620914,1685,2010-05-06,5.5036341805027575,stop_7pct,-742.2765071911363,-0.07417849650349628,10,8,False,0.9615384615384616,9996.62984789624,9273.623594147146
S-B_minervini,VCI,2010-04-23,2010-04-26,30.155199999999997,165,2010-05-11,34.29098567999999,half_at_2R,671.7710165627996,0.13487797202797203,15,11,True,0.9909502262443439,4975.607999999999,5658.012637199999
S-B_minervini,VHC,2010-05-14,2010-05-17,41.67591851472995,222,2010-05-17,38.661707708152115,stop_7pct,-686.9897520817594,-0.07417849650349628,0,0,False,0.9722711267605634,9252.05391027005,8582.89911120977
S-B_minervini,VCI,2010-04-23,2010-04-26,30.155199999999997,166,2010-05-21,31.830225000000002,close_below_sma20_volume,267.76456945000064,0.05343781990678731,25,19,True,0.9909502262443439,5005.763199999999,5283.81735
S-B_minervini,CEB,2010-05-07,2010-05-10,27.937382027584018,328,2010-06-07,25.916810872439008,stop_7pct,-680.4115141587718,-0.0741784965034964,28,19,False,0.852112676056338,9163.461305047558,8500.713966159994
S-B_minervini,BELM,2010-06-25,2010-06-28,7.0074749999999995,1307,2010-07-07,6.972525000000001,delisted,-63.95150999999896,-0.006975568072824845,9,6,False,0.9978031634446397,9158.769825,9113.090175000001
S-B_minervini,BALL,2009-08-14,2009-08-17,10.485751322279793,425,2010-07-22,11.941802750891563,half_at_2R,609.2901466789044,0.13658455544455528,339,234,True,0.8774533269506941,4456.444311968912,5075.266169128914
S-B_minervini,ISLN,2010-07-23,2010-07-26,17.70415,522,2010-07-28,16.42369735125,stop_7pct,-686.211018964852,-0.0741784965034965,2,2,False,0.9884238646482636,9241.566299999999,8573.170017352499
S-B_minervini,NOG,2010-07-23,2010-07-26,124.07357729140722,74,2010-07-28,115.0999558138062,stop_7pct,-681.7468307922609,-0.0741784965034964,2,2,False,0.9407836153161175,9181.444719564133,8517.396730221659
S-B_minervini,LGCYQ,2010-07-23,2010-07-26,15.166983457159397,609,2010-08-06,14.070031378620344,stop_7pct,-685.849157865272,-0.0741784965034964,11,9,False,0.9300979519145147,9236.692925410072,8568.64910957979
S-B_minervini,CRRTQ,2010-07-09,2010-07-12,74.67343373531618,122,2010-08-10,69.27267764040946,stop_7pct,-676.453669166458,-0.07417849650349617,29,21,False,0.9191111111111111,9110.158915708575,8451.266672129954
S-B_minervini,CEQP,2010-07-16,2010-07-19,109.11455291324307,83,2010-08-11,101.37505767510675,stop_7pct,-659.8487424441482,-0.0727862837162837,23,17,False,0.818950177935943,9056.507891799176,8414.12978703386
S-B_minervini,CQP,2010-07-16,2010-07-19,6.312764121114683,1442,2010-08-12,5.864999762004019,stop_7pct,-663.2365413570351,-0.0727862837162837,24,18,False,0.972864768683274,9103.005862647373,8457.329656809796
S-B_minervini,ARUN,2010-07-23,2010-07-26,17.874574999999997,517,2010-08-12,16.581796363124997,stop_7pct,-686.1804992591096,-0.0741784965034964,17,13,False,0.9131789848619768,9241.155274999997,8572.788719735623
S-B_minervini,ENLK,2010-07-30,2010-08-02,6.465710011627907,1394,2010-08-16,5.99807753503692,stop_7pct,-669.2541922078854,-0.07417849650349617,14,10,False,0.9915178571428571,9013.199756209302,8361.320083841467
S-B_minervini,KFN,2010-08-06,2010-08-09,6.437100898118766,1414,2010-08-20,5.971537575662327,stop_7pct,-675.8523527553316,-0.0741784965034964,11,9,False,0.993006993006993,9102.060669939936,8443.75413198653
S-B_minervini,AEZ,2010-07-30,2010-08-02,7.4185,1215,2010-08-24,6.822900000000001,stop_7pct,-740.9573009999986,-0.08212336292136779,22,16,False,0.9973214285714286,9013.477499999999,8289.8235
S-B_minervini,BALL,2009-08-14,2009-08-17,10.485751322279793,425,2010-08-27,11.789907559300431,close_below_sma50,544.7992457090995,0.12212763194564014,375,260,True,0.8774533269506941,4456.444311968912,5010.710712702683
S-B_minervini,ARUN,2010-08-27,2010-08-30,18.556275,230,2010-09-17,21.101268116249997,half_at_2R,576.2271818207619,0.1348779720279718,18,13,True,0.9738317757009346,4267.94325,4853.291666737499
S-B_minervini,LORL,2010-08-27,2010-08-30,21.2239112795239,403,2010-09-17,19.688891896232338,stop_7pct,-635.1006711463297,-0.0741784965034964,18,13,False,0.9822429906542056,8553.236245648131,7934.623434181633
S-B_minervini,TIBX,2010-09-03,2010-09-07,15.24523,285,2010-09-24,18.541439999999998,half_at_2R,929.790649049999,0.21378255138388624,17,13,True,0.8845419847328244,4344.89055,5284.310399999999
S-B_minervini,KEI,2010-09-17,2010-09-20,11.217975,391,2010-09-29,21.416325,half_at_2R,3974.7948386999997,0.9052935257798433,9,7,True,0.9670487106017192,4386.228225,8373.783075
S-B_minervini,GTE,2010-09-03,2010-09-07,68.77149999999999,63,2010-10-01,78.20351122499999,half_at_2R,584.9572814678249,0.13487797202797203,24,18,True,0.9036259541984732,4332.6044999999995,4926.8212071749995
S-B_minervini,ARUN,2010-08-27,2010-08-30,18.556275,231,2010-10-05,20.739240000000002,close_below_sma20_volume,495.1876510350003,0.11540721168677215,36,25,True,0.9738317757009346,4286.499525,4790.764440000001
S-B_minervini,CRM,2010-08-20,2010-08-23,27.228940249376556,316,2010-10-06,25.29759151748828,stop_7pct,-626.9045833150258,-0.0727862837162837,44,31,False,0.9780578898225957,8604.345118802992,7994.038919526296
S-B_minervini,OKS,2010-07-16,2010-07-19,22.04086116777265,202,2010-10-13,25.10145514952956,half_at_2R,608.7172364188009,0.1365845554445555,86,61,True,0.7758007117437722,4452.253955890075,5070.493940204971
S-B_minervini,NEOG,2010-09-03,2010-09-07,7.957844999999999,430,2010-10-15,9.069270000000001,half_at_2R,470.59109055000135,0.1373870162612596,38,28,True,0.8497137404580153,3421.8733499999994,3899.7861000000007
S-B_minervini,GTE,2010-09-03,2010-09-07,68.77149999999999,63,2010-10-20,72.21900000000001,close_below_sma20_volume,208.310098500001,0.04803161620302454,43,31,True,0.9036259541984732,4332.6044999999995,4549.7970000000005
S-B_minervini,VICR,2010-10-08,2010-10-11,15.117071644993496,322,2010-10-22,17.190378021104355,half_at_2R,657.2016543152131,0.13487797202797203,11,9,True,0.9646892655367232,4867.697069687906,5535.3017227956025
S-B_minervini,VICR,2010-10-08,2010-10-11,15.117071644993496,323,2010-11-10,17.150115261627914,close_below_sma20_volume,646.2507868020775,0.13221989675081525,30,22,True,0.9646892655367232,4882.814141332899,5539.487229505816
S-B_minervini,OKS,2010-07-16,2010-07-19,22.04086116777265,203,2010-11-24,26.069512074937027,close_below_sma20_volume,808.0497283860977,0.1804178130646774,128,91,True,0.7758007117437722,4474.294817057848,5292.110951212217
S-B_minervini,KEI,2010-09-17,2010-09-20,11.217975,391,2010-12-09,21.526049999999998,delisted,4017.6544112249976,0.9150551600525856,80,57,True,0.9670487106017192,4386.228225,8416.685549999998
S-B_minervini,FFIV,2010-12-10,2010-12-13,143.86371999999997,71,2010-12-14,133.65946634039997,stop_7pct,-744.2061560617676,-0.0727862837162837,1,1,False,0.9691386457853524,10214.324119999997,9489.822110168398
S-B_minervini,LCC,2010-10-22,2010-10-25,10.997425,923,2010-12-15,10.202036236875001,stop_7pct,-753.7109310860105,-0.0741784965034965,51,36,False,0.987753179463024,10150.623275,9416.479446635625
S-B_minervini,INTU,2010-08-20,2010-08-23,38.100133049264535,113,2010-12-17,43.39071752448541,half_at_2R,588.6275795851252,0.1365845554445555,116,82,True,0.8141923436041083,4305.315034566893,4903.151080266852
S-B_minervini,TIBX,2010-09-03,2010-09-07,15.24523,286,2010-12-23,20.219759999999997,close_below_sma20_volume,1412.5725928600004,0.3236507995694968,107,76,True,0.8845419847328244,4360.13578,5782.85136
S-B_minervini,NNBR,2010-12-17,2010-12-20,9.600393319928507,529,2010-12-30,10.9170872637567,half_at_2R,685.6773490563455,0.13487797202797203,10,7,True,0.9672660212079299,5078.60806624218,5775.1391625272945
S-B_minervini,INTU,2010-08-20,2010-08-23,38.100133049264535,113,2011-01-06,42.68867046149068,close_below_sma20_volume,509.3755927848388,0.11819500361138413,136,95,True,0.8141923436041083,4305.315034566893,4823.819762148447
S-B_minervini,NEOG,2010-09-03,2010-09-07,7.957844999999999,431,2011-01-06,9.957044999999999,close_below_sma20_volume,853.93388241,0.2487238447338198,121,85,True,0.8497137404580153,3429.8311949999998,4291.486395
S-B_minervini,CHTP,2010-12-17,2010-12-20,7.1678749999999996,709,2011-01-10,8.150949056249999,half_at_2R,686.1384596253683,0.13487797202797203,21,14,True,0.9714153988012909,5082.023375,5779.022880881249
S-B_minervini,TWI,2010-12-23,2010-12-27,18.89368566172713,549,2011-01-10,17.527199846242716,stop_7pct,-770.195778844818,-0.0741784965034964,14,10,False,0.967622571692877,10372.633428288194,9622.43271558725
S-B_minervini,ENLK,2010-10-08,2010-10-11,6.754845,728,2011-01-12,7.707265613793103,half_at_2R,682.8337903145375,0.13871842828334513,93,65,True,0.9821092278719398,4917.527160000001,5610.889366841379
S-B_minervini,CHTP,2010-12-17,2010-12-20,7.1678749999999996,709,2011-01-12,7.1499553124999995,breakeven_stop,-22.856400129062422,-0.0044930069930070315,23,16,True,0.9714153988012909,5082.023375,5069.3183165625
S-B_minervini,TZOO,2011-01-14,2011-01-18,50.38565,211,2011-01-20,46.74150786375,stop_7pct,-789.407821058001,-0.0741784965034965,2,2,False,0.9968623935454953,10631.37215,9862.45815925125
S-B_minervini,OPEN3,2011-01-07,2011-01-10,80.069675,131,2011-01-21,74.278635755625,stop_7pct,-778.8457697221111,-0.0741784965034964,11,8,False,0.9870246085011186,10489.127425,9730.501283986876
S-B_minervini,NNBR,2010-12-17,2010-12-20,9.600393319928507,529,2011-01-24,11.748454794520548,close_below_sma20_volume,1125.030979406647,0.22130218707070393,35,23,True,0.9672660212079299,5078.60806624218,6214.93258630137
S-B_minervini,ACTG,2011-01-14,2011-01-18,26.240645487551866,405,2011-01-24,24.342790802664677,stop_7pct,-789.1174390768501,-0.07417849650349662,6,4,False,0.9892424921559838,10627.461422458506,9858.830275079194
S-B_minervini,PSKY,2011-01-21,2011-01-24,15.620859344562076,652,2011-01-28,14.512871791252287,stop_7pct,-742.0550774585336,-0.07278628371628382,4,4,False,0.8063648588077096,10184.800292654474,9462.392407896492
S-B_minervini,URI,2011-01-07,2011-01-10,24.21939670373312,217,2011-02-02,27.54108696165012,half_at_2R,709.5747610126,0.13487797202797203,23,16,True,0.9767337807606264,5255.609084710088,5976.415870678076
S-B_minervini,ULTA,2010-11-26,2010-11-29,34.02068541849217,149,2011-02-03,38.74479779570399,half_at_2R,693.0506872056449,0.13658455544455506,66,46,True,0.94109396914446,5069.082127355334,5772.974871559894
S-B_minervini,FOSL,2010-11-12,2010-11-15,67.34928199999999,75,2011-02-07,76.70140329851999,half_at_2R,690.6052959916124,0.13658455544455572,84,57,True,0.9533582089552238,5051.196149999999,5752.6052473889995
S-B_minervini,UFS,2011-01-21,2011-01-24,29.166336206334197,174,2011-02-14,33.216373651945766,half_at_2R,693.8519240210717,0.1365845554445555,21,15,True,0.7951591214701927,5074.94249990215,5779.649015438563
S-B_minervini,TER,2011-01-28,2011-01-31,14.929924601918461,346,2011-02-16,17.003093932140857,half_at_2R,706.2677638441646,0.13658455544455528,16,12,True,0.8506726457399103,5165.753912263787,5883.0705005207365
S-B_minervini,UFS,2011-01-21,2011-01-24,29.166336206334197,175,2011-02-23,30.84759733442931,close_below_sma20_volume,283.7182590470111,0.05553071717782698,30,21,True,0.7951591214701927,5104.108836108485,5398.32953352513
S-B_minervini,FOSL,2010-11-12,2010-11-15,67.34928199999999,75,2011-02-24,74.52539999999999,close_below_sma20_volume,527.5682488500006,0.10433988148378637,101,69,True,0.9533582089552238,5051.196149999999,5589.404999999999
S-B_minervini,URI,2011-01-07,2011-01-10,24.21939670373312,218,2011-02-25,29.667016565703637,close_below_sma20_volume,1175.8338918168356,0.2224805666925196,46,32,True,0.9767337807606264,5279.828481413821,6467.409611323393
S-B_minervini,ULTA,2010-11-26,2010-11-29,34.02068541849217,150,2011-03-02,40.343519745985404,close_below_sma20_volume,937.2705183493135,0.18348330780664757,93,64,True,0.94109396914446,5103.1028127738255,6051.52796189781
S-B_minervini,TER,2011-01-28,2011-01-31,14.929924601918461,346,2011-03-08,16.5812964101862,close_below_sma20_volume,560.4717631904505,0.10838918400852382,36,25,True,0.8506726457399103,5165.753912263787,5737.128557924426
S-B_minervini,BKCC,2011-02-25,2011-02-28,2.917234674175382,3793,2011-03-08,2.7062456763656475,stop_7pct,-821.6111296619238,-0.0741784965034964,8,6,False,0.7053249097472925,11065.071119147224,10264.789850454901
S-B_minervini,LSCC,2011-03-04,2011-03-07,6.987424999999999,1599,2011-03-09,6.482059486875,stop_7pct,-829.6171611813843,-0.07417849650349617,2,2,False,0.9226296958855098,11172.892574999998,10364.813119513126
S-B_minervini,ENLK,2010-10-08,2010-10-11,6.754845,728,2011-03-11,8.176667441860465,close_below_sma20_volume,1024.216596616744,0.20807071723698023,151,105,True,0.9821092278719398,4917.527160000001,5952.613897674419
S-B_minervini,GTLS,2011-02-25,2011-02-28,45.373149999999995,243,2011-03-11,42.09153692625,stop_7pct,-818.6858958443281,-0.0741784965034965,11,9,False,0.9399819494584838,11025.675449999999,10228.24347307875
S-B_minervini,FTI1,2011-01-28,2011-01-31,45.92588,225,2011-03-15,42.6683573316,stop_7pct,-752.8763037896115,-0.07278628371628382,43,30,False,0.8479820627802691,10333.323,9600.38039961
S-B_minervini,CPWM,2011-03-11,2011-03-14,10.877125,975,2011-03-18,9.526125,stop_7pct,-1337.1181687499975,-0.12595545392585028,4,4,False,1.0,10605.196875,9287.971875000001
S-B_minervini,DGI,2010-08-13,2010-08-16,29.583775,292,2011-04-04,27.444128473125,stop_7pct,-641.4289336616512,-0.0741784965034964,231,160,False,0.8708022388059702,8638.4623,8013.6855141525
S-B_minervini,UTEK,2011-04-01,2011-04-04,28.080025,370,2011-04-08,26.049137191875,stop_7pct,-771.456279017244,-0.0741784965034965,4,4,False,0.9310191366266133,10389.60925,9638.18076099375
S-B_minervini,STKL,2011-04-01,2011-04-04,7.709225,1349,2011-04-14,7.151655301875,stop_7pct,-772.208850297855,-0.0741784965034965,10,8,False,0.9123275478415666,10399.744525,9647.583002229376
S-B_minervini,LBTYA,2011-01-21,2011-01-24,9.99170546363986,510,2011-04-19,11.37915368432089,half_at_2R,696.6994543818655,0.1365845554445555,85,60,True,0.8511878081577767,5095.769786456329,5803.368379003654
S-B_minervini,ININ,2011-04-01,2011-04-04,39.27795,264,2011-04-26,36.437172266249995,stop_7pct,-769.9541139882913,-0.07417849650349662,22,15,False,0.9394748553627058,10369.378799999999,9619.413478289998
S-B_minervini,DDS,2011-04-08,2011-04-11,29.50756004918032,145,2011-04-27,33.6049798376095,half_at_2R,584.9745510386474,0.13658455544455572,16,11,True,0.8521816562778273,4278.596207131146,4872.722076453378
S-B_minervini,CTXS,2011-04-01,2011-04-04,58.252401075984615,89,2011-04-28,66.34132948939583,half_at_2R,708.8257867732791,0.13658455544455528,24,17,True,0.8308856252781487,5184.463695762631,5904.378324556229
S-B_minervini,GIFI,2011-02-25,2011-02-28,27.718498963513074,199,2011-04-29,31.52009109635889,half_at_2R,744.728355014403,0.13487797202797203,60,43,True,0.7292418772563177,5515.981293739102,6272.498128175419
S-B_minervini,GIFI,2011-02-25,2011-02-28,27.718498963513074,200,2011-05-04,29.071626875000007,close_below_sma20_volume,259.26755712968315,0.04672124362182184,65,46,True,0.7292418772563177,5543.699792702615,5814.325375000001
S-B_minervini,SFLY,2011-04-29,2011-05-02,60.791599999999995,178,2011-05-04,56.39484753,stop_7pct,-803.4811273203395,-0.0741784965034965,2,2,False,0.97992863514719,10820.904799999998,10038.28286034
S-B_minervini,RAX,2011-04-01,2011-04-04,42.80275999999999,243,2011-05-12,39.76676023319999,stop_7pct,-757.8123367490698,-0.07278628371628393,38,27,False,0.9532710280373832,10401.070679999999,9663.322736667596
S-B_minervini,DHX,2011-04-15,2011-04-18,16.952275,568,2011-05-16,15.726201710625,stop_7pct,-714.9710031366358,-0.07417849650349662,28,19,False,0.9514043691484618,9628.8922,8932.482571635
S-B_minervini,LBTYA,2011-01-21,2011-01-24,9.99170546363986,510,2011-05-18,11.380692216249239,close_below_sma20_volume,697.4833210140396,0.1367382287032466,114,80,True,0.8511878081577767,5095.769786456329,5804.1530302871115
S-B_minervini,LNG,2011-05-20,2011-05-23,9.185326970663265,571,2011-05-23,10.44509456468973,half_at_2R,708.1183254924254,0.1348779720279718,0,0,True,0.9968539325842697,5244.8217002487245,5964.148996437836
S-B_minervini,MDCO,2011-05-20,2011-05-23,16.882099999999998,310,2011-05-31,19.197480014999996,half_at_2R,706.5831348453494,0.13487797202797203,8,5,True,0.9680898876404495,5233.450999999999,5951.218804649999
S-B_minervini,CTXS,2011-04-01,2011-04-04,58.252401075984615,89,2011-06-08,62.54266033022039,close_below_sma20_volume,371.08231316183173,0.07150432972715426,65,45,True,0.8308856252781487,5184.463695762631,5566.296769389615
S-B_minervini,DDS,2011-04-08,2011-04-11,29.50756004918032,145,2011-06-08,35.45574506980423,close_below_sma20_volume,853.067148748215,0.19918096790578455,58,40,True,0.8521816562778273,4278.596207131146,5141.083035121614
S-B_minervini,LNG,2011-05-20,2011-05-23,9.185326970663265,571,2011-06-08,9.162363653236607,breakeven_stop,-23.588585596868143,-0.0044930069930069205,16,11,True,0.9968539325842697,5244.8217002487245,5231.709645998103
S-B_minervini,VRTU,2011-04-01,2011-04-04,18.756775,554,2011-06-09,17.400191248125,stop_7pct,-771.5783578402134,-0.07417849650349673,66,46,False,0.8793947485536271,10391.25335,9639.70595146125
S-B_minervini,TMUS,2011-05-06,2011-05-09,22.18681157175399,469,2011-06-13,20.61310102696948,stop_7pct,-758.1434045127371,-0.0727862837162837,35,24,False,0.9653932584269663,10405.614627152621,9667.544381648686
S-B_minervini,MDCO,2011-05-20,2011-05-23,16.882099999999998,311,2011-06-13,17.396400000000003,close_below_sma20_volume,149.28668650000236,0.028405349929331303,21,14,True,0.9680898876404495,5250.333099999999,5410.2804000000015
S-B_minervini,SGI,2011-04-08,2011-04-11,13.737460522728888,373,2011-06-24,15.64504429091502,half_at_2R,700.5690712379383,0.13658455544455528,74,52,True,0.9113980409617097,5124.072774977875,5835.601520511303
S-B_minervini,FOSL,2011-05-13,2011-05-16,104.86475999999999,50,2011-07-01,119.42628057359998,half_at_2R,716.8614766513192,0.13658455544455528,46,33,True,0.9842767295597484,5243.237999999999,5971.314028679999
S-B_minervini,ICLK1,2011-06-17,2011-06-20,7.468624999999999,689,2011-07-01,8.492946918749999,half_at_2R,694.7602789667317,0.13487797202797203,11,9,True,0.9231452687694358,5145.882624999999,5851.6404270187495
S-B_minervini,HLF,2011-05-06,2011-05-09,24.679159365815057,211,2011-07-05,28.106107435352133,half_at_2R,711.9483513772766,0.13658455544455528,57,39,True,0.9613483146067415,5207.302626186977,5930.3886688593
S-B_minervini,FTNT,2011-06-24,2011-06-27,5.191185999999999,2033,2011-07-20,4.465529999999999,stop_7pct,-1494.8907516279996,-0.14150487727893735,23,16,False,0.9835336003560302,10553.681137999998,9078.422489999999
S-B_minervini,CPX,2011-07-01,2011-07-05,34.39436,161,2011-07-22,39.1703608296,half_at_2R,757.0922135120345,0.1365845554445555,17,13,True,0.941929974380871,5537.491959999999,6306.4280935656
S-B_minervini,ICLK1,2011-06-17,2011-06-20,7.468624999999999,690,2011-07-26,7.4499534375,breakeven_stop,-23.17719724687504,-0.0044930069930070315,36,25,True,0.9231452687694358,5153.35125,5140.467871875
S-B_minervini,SGI,2011-04-08,2011-04-11,13.737460522728888,373,2011-07-27,16.862246013289038,close_below_sma20_volume,1154.1312974410012,0.22501208896800984,107,74,True,0.9113980409617097,5124.072774977875,6289.617762956811
S-B_minervini,HLF,2011-05-06,2011-05-09,24.679159365815057,211,2011-07-28,26.82999626523742,close_below_sma20_volume,442.958153939966,0.08497981970095214,80,56,True,0.9613483146067415,5207.302626186977,5661.129211965095
S-B_minervini,FOSL,2011-05-13,2011-05-16,104.86475999999999,51,2011-07-28,125.31456,close_below_sma20_volume,1031.2006546800003,0.1926235396785465,73,51,True,0.9842767295597484,5348.10276,6391.04256
S-B_minervini,IMBIQ,2011-06-17,2011-06-20,76.69125,134,2011-08-01,71.14455534375,stop_7pct,-763.06708185356,-0.07417849650349628,42,29,False,0.9977787649933363,10276.627499999999,9533.3704160625
S-B_minervini,SYNT,2011-06-24,2011-06-27,16.78612338472394,628,2011-08-02,15.595483653045472,stop_7pct,-768.0574007137984,-0.07278628371628382,36,25,False,0.8607031597685804,10541.685485606635,9793.963734112556
S-B_minervini,SHPG,2011-07-29,2011-08-01,100.75584840495463,106,2011-08-02,93.6092360775912,stop_7pct,-778.143605655674,-0.0727862837162837,1,1,False,0.7773403324584427,10680.119930925192,9922.579024224668
S-B_minervini,CPX,2011-07-01,2011-07-05,34.39436,161,2011-08-03,37.372589999999995,close_below_sma20_volume,467.94055105000007,0.08441964003718905,29,21,True,0.941929974380871,5537.491959999999,6016.986989999999
S-B_minervini,DPZ,2011-07-29,2011-08-01,21.313489628528973,505,2011-08-03,19.771991491145616,stop_7pct,-799.2047273440312,-0.0741784965034965,2,2,False,0.941819772528434,10763.312262407131,9984.855703028536
S-B_minervini,ATLS1,2011-07-22,2011-07-25,17.38709622615262,633,2011-08-04,16.129574491596134,stop_7pct,-817.2273105385902,-0.0741784965034964,10,8,False,0.9982509838216004,11006.031911154609,10210.020653180352
S-B_minervini,GRM,2011-06-17,2011-06-20,25.262999999999998,407,2011-09-09,25.446225000000002,delisted,53.933920425000906,0.005240208669136548,81,57,False,0.9458018658374056,10282.041,10356.613575000001
S-B_minervini,PAA,2010-07-16,2010-07-19,10.000046362612613,447,2011-10-24,11.388652800525,half_at_2R,611.1463292209146,0.1365845554445555,462,321,True,0.7126334519572953,4470.020724087838,5090.727801834675
S-B_minervini,HLF,2011-10-28,2011-10-31,29.050435140474665,340,2011-11-01,26.05309917766672,stop_7pct,-1037.8294290228714,-0.10496882722319345,1,1,False,0.9702922855773838,9877.147947761387,8858.053720406684
S-B_minervini,LULU,2011-10-28,2011-10-31,57.767709999999994,181,2011-11-01,53.6702463297,stop_7pct,-761.8111944199754,-0.0727862837162837,1,1,False,0.9928126497364638,10455.95551,9714.3145856757
S-B_minervini,DECK,2011-10-28,2011-10-31,19.381361999999996,542,2011-11-09,18.006641993339997,stop_7pct,-765.3625417741114,-0.07278628371628382,9,7,False,0.97747963584092,10504.698203999998,9759.599960390278
S-B_minervini,PAA,2010-07-16,2010-07-19,10.000046362612613,447,2011-11-10,11.196649330215154,close_below_sma20_volume,525.4066035436417,0.11742265958485643,479,334,True,0.7126334519572953,4470.020724087838,5004.902250606174
S-B_minervini,UAA,2011-10-28,2011-10-31,10.604593999999999,924,2011-11-17,9.85241014758,stop_7pct,-713.9201514684428,-0.0727862837162836,17,13,False,0.9607091518926689,9798.644855999999,9103.626976363921
S-B_minervini,CONNQ,2011-11-11,2011-11-14,11.057574999999998,947,2011-11-17,10.257835888125,stop_7pct,-777.538633056678,-0.0741784965034964,3,3,False,0.996244131455399,10471.523524999999,9714.170586054375
S-B_minervini,HURN,2011-10-14,2011-10-17,34.486,301,2011-11-23,31.99180005,stop_7pct,-770.7640027650486,-0.0741784965034964,37,27,False,0.9573141486810551,10380.285999999998,9629.531815049999
S-B_minervini,MYE,2011-10-21,2011-10-24,7.874289455980066,1324,2011-11-23,7.304781471076309,stop_7pct,-774.1256619199994,-0.07417849650349662,30,22,False,0.8187919463087249,10425.559239717608,9671.530667705032
S-B_minervini,SMP,2011-11-04,2011-11-07,13.150094893442622,793,2011-11-23,12.199014280274385,stop_7pct,-774.3087698171694,-0.0741784965034964,16,12,False,0.8771106941838649,10428.025250499999,9673.818324257587
S-B_minervini,BTH,2011-12-02,2011-12-05,34.610352148508134,287,2011-12-05,32.10715842936729,stop_7pct,-737.5645229292732,-0.0741784965034964,0,0,False,0.9757949691504508,9933.171066621835,9214.754469228412
S-B_minervini,HITK,2011-12-02,2011-12-05,40.91556244397626,196,2011-12-05,37.95634439021568,stop_7pct,-595.4656322765759,-0.0741784965034965,0,0,False,0.9710488846701472,8019.4502390193475,7439.4435004822735
S-B_minervini,PCYC,2011-12-02,2011-12-05,15.849525,628,2011-12-07,14.703208104375001,stop_7pct,-739.0741268420461,-0.0741784965034964,2,2,False,0.9957285239677266,9953.5017,9233.614689547501
S-B_minervini,VHI,2011-12-02,2011-12-05,181.5908533289197,54,2011-12-12,168.71061410229942,stop_7pct,-714.4491974787816,-0.07278628371628382,7,5,False,0.9952539155196962,9805.906079761664,9110.373161524169
S-B_minervini,VPHM,2011-11-11,2011-11-14,21.83445,213,2011-12-14,24.829044817499998,half_at_2R,627.9093717313717,0.1348779720279718,30,21,True,0.8309859154929577,4650.73785,5288.5865461275
S-B_minervini,AFSI,2011-10-28,2011-10-31,8.834319623855833,1109,2011-12-16,8.195377457060461,stop_7pct,-727.4727970388012,-0.07417849650349617,46,33,False,0.9468136080498323,9797.260462856118,9088.673599880052
S-B_minervini,RGR,2011-12-09,2011-12-12,18.54392380215932,529,2011-12-19,17.20273451316815,stop_7pct,-728.3991161251379,-0.0741784965034964,7,5,False,0.99002849002849,9809.735691342281,9100.24655746595
S-B_minervini,QCOR,2011-10-28,2011-10-31,40.4398177882295,259,2012-01-03,37.57142151251038,stop_7pct,-763.1195463901422,-0.0727862837162836,64,43,False,0.9971250598945856,10473.91280715144,9730.99817174019
S-B_minervini,AEA,2011-12-02,2011-12-05,8.959170109529024,1111,2012-01-04,8.311198131357338,stop_7pct,-739.0842468643677,-0.0741784965034964,30,20,False,0.981015662078785,9953.637991686746,9233.741123938004
S-B_minervini,VPHM,2011-11-11,2011-11-14,21.83445,214,2012-01-12,27.63075,close_below_sma20_volume,1229.8226471999997,0.2629374088330003,59,40,True,0.8309859154929577,4672.5723,5912.9805
S-B_minervini,MDVN,2012-01-13,2012-01-17,13.764325,692,2012-01-20,12.768820194375,stop_7pct,-707.2502619670086,-0.07417849650349662,3,3,False,0.999043062200957,9524.9129,8836.023574507499
S-B_minervini,STMP,2012-01-20,2012-01-23,30.465975,308,2012-02-21,28.262523358125,stop_7pct,-696.7514831918033,-0.07417849650349662,29,20,False,0.9971264367816092,9383.5203,8704.8571943025
S-B_minervini,ALXN,2012-01-06,2012-01-09,75.3753,58,2012-02-23,85.84191415799998,half_at_2R,597.7130227428352,0.13658455544455528,45,31,True,0.9818268770923003,4371.7674,4978.831021163999
S-B_minervini,CRI,2011-12-09,2011-12-12,29.538047588075877,105,2012-02-29,33.63970087615609,half_at_2R,424.0399316596786,0.1365845554445555,79,53,True,0.8366571699905033,3101.494996747967,3532.1685919963898
S-B_minervini,JAZZ,2012-01-06,2012-01-09,46.02597999999999,103,2012-02-29,52.41714758279998,half_at_2R,648.15061888737,0.13658455544455506,51,35,True,0.9937828790052606,4740.675939999999,5398.966201028397
S-B_minervini,MIND,2012-02-24,2012-02-27,228.8559752912621,42,2012-02-29,212.3039668783216,stop_7pct,-713.7130709146222,-0.07417849650349628,2,2,False,0.9904030710172744,9611.950962233008,8916.766608889508
S-B_minervini,FCN,2011-11-04,2011-11-07,42.576175,245,2012-03-01,39.496853143125,stop_7pct,-774.54174682944,-0.0741784965034964,115,78,False,0.7795497185741088,10431.162875,9676.729020065626
S-B_minervini,JAZZ,2012-01-06,2012-01-09,46.02597999999999,104,2012-03-07,48.831120000000006,close_below_sma20_volume,281.86942160000126,0.05882710861724916,58,40,True,0.9937828790052606,4786.701919999999,5078.43648
S-B_minervini,SWBI,2012-03-09,2012-03-12,4.424617043768546,1090,2012-03-22,5.031453271321401,half_at_2R,651.1443713891631,0.13487797202797158,10,8,True,0.9664022398506766,4822.832577707715,5484.284065740327
S-B_minervini,ARQ,2012-03-02,2012-03-05,9.116967090032155,1001,2012-04-04,8.457582445245581,stop_7pct,-677.6361535161741,-0.0741784965034964,30,22,False,0.9645977011494253,9126.084057122187,8466.040027690828
S-B_minervini,CRI,2011-12-09,2011-12-12,29.538047588075877,106,2012-04-11,35.59192091779141,close_below_sma20_volume,634.8067962882246,0.2025442129433166,121,82,True,0.8366571699905033,3131.033044336043,3772.7436172858897
S-B_minervini,SWBI,2012-03-09,2012-03-12,4.424617043768546,1091,2012-04-11,4.880410433121019,close_below_sma20_volume,487.11880280626156,0.10080924860699869,30,21,True,0.9664022398506766,4827.257194751483,5324.527782535032
S-B_minervini,PIRRQ,2012-04-05,2012-04-09,309.6709426766917,31,2012-04-24,287.2739917476,stop_7pct,-712.8107717689945,-0.07417849650349628,15,11,False,0.9675925925925926,9599.799222977443,8905.493744175601
S-B_minervini,ALXN,2012-01-06,2012-01-09,75.3753,58,2012-04-25,89.28063,close_below_sma20_volume,796.9590960599999,0.1821146598803205,107,74,True,0.9818268770923003,4371.7674,5178.27654
S-B_minervini,HKRSQ,2012-04-27,2012-04-30,1839.6376249999998,5,2012-05-04,1706.585833771875,stop_7pct,-682.9900734344828,-0.0741784965034964,4,4,False,0.9634089856415007,9198.188124999999,8532.929168859375
S-B_minervini,ULTA,2012-03-02,2012-03-05,85.24354764792288,112,2012-05-08,79.19722281325572,stop_7pct,-695.6057477743743,-0.0727862837162836,64,45,False,0.9820689655172414,9547.277336567362,8870.08895508464
S-B_minervini,OUTR,2012-04-13,2012-04-16,63.310198119216274,151,2012-05-08,58.73128804024397,stop_7pct,-709.8436863348961,-0.07417849650349628,22,16,False,0.8776645041705282,9559.839916001658,8868.424494076839
S-B_minervini,TRGP,2012-05-04,2012-05-07,26.16696293849658,326,2012-05-15,24.27443734396982,stop_7pct,-633.407240307808,-0.07417849650349628,8,6,False,0.9356203007518797,8530.429917949885,7913.4665741341605
S-B_minervini,MCD,2011-12-09,2011-12-12,65.89489334128756,149,2012-05-17,61.22096855659004,stop_7pct,-715.3550563427125,-0.07278628371628348,157,108,False,0.8485280151946819,9818.339107851845,9121.924314931915
S-B_minervini,HPY,2012-04-27,2012-04-30,29.94794011650804,264,2012-05-18,27.781955347581597,stop_7pct,-587.0606713991001,-0.0741784965034964,18,14,False,0.9434923575729505,7906.256190758122,7334.436211761542
S-B_minervini,CVLT,2012-04-13,2012-04-16,52.982929999999996,181,2012-05-25,49.224850775099995,stop_7pct,-698.7119480271922,-0.0727862837162836,39,29,False,0.8860055607043559,9589.910329999999,8909.6979902931
S-B_minervini,MSGN,2012-05-11,2012-05-14,10.702748364963503,784,2012-06-05,9.94360242343664,stop_7pct,-611.3571571751663,-0.07278628371628393,22,15,False,0.9265882352941176,8390.954718131386,7795.784299974326
S-B_minervini,OKS,2011-12-16,2011-12-19,39.162122999999994,244,2012-06-25,36.384353615609996,stop_7pct,-696.2090700853678,-0.0727862837162836,189,129,False,0.9586894586894587,9555.558011999998,8877.782282208838
S-B_minervini,CV1,2011-09-16,2011-09-19,34.56665495438996,300,2012-06-28,35.17185,delisted,160.6369621966951,0.015475076189536807,283,196,False,0.941712204007286,10369.996486316988,10551.555
S-B_minervini,MDVN,2012-05-11,2012-05-14,20.857836999999996,223,2012-07-03,23.754156245819996,half_at_2R,635.9307173240422,0.1365845554445555,50,35,True,0.9981176470588236,4651.297650999999,5297.176842817859
S-B_minervini,OZK,2011-12-16,2011-12-19,9.875364965681099,468,2012-07-13,11.229771270724262,half_at_2R,623.9849470015624,0.13487797202797203,207,142,True,0.9069325735992403,4621.670803938754,5255.532954698954
S-B_minervini,CPHD,2012-06-22,2012-06-25,42.42238,210,2012-07-20,37.162800000000004,stop_7pct,-1121.2246877999978,-0.12573154426157462,25,18,False,0.8732327992459944,8908.699799999999,7804.188000000001
S-B_minervini,MDSO,2012-06-29,2012-07-02,16.496137499999996,544,2012-07-23,15.303054355312499,stop_7pct,-666.3359910792879,-0.07417849650349628,21,14,False,0.9072067828544512,8973.898799999997,8324.86156929
S-B_minervini,MDVN,2012-05-11,2012-05-14,20.857836999999996,224,2012-08-13,24.335639999999998,close_below_sma20_volume,768.9045331520001,0.1644072845452451,91,63,True,0.9981176470588236,4672.155487999999,5451.183359999999
S-B_minervini,CBST,2011-12-23,2011-12-27,39.48945,122,2012-08-24,44.97295502699999,half_at_2R,658.6831998807056,0.1365845554445555,241,167,True,0.9809885931558935,4817.7128999999995,5486.7005132939985
S-B_minervini,CXW,2012-06-29,2012-07-02,13.984649816312771,321,2012-08-29,15.92655828980596,half_at_2R,613.7511221892491,0.13658455544455528,58,41,True,0.9086198775317946,4489.0725910364,5112.425211027713
S-B_minervini,ACAT,2012-07-27,2012-07-30,43.21062608872818,212,2012-09-18,40.08541755686092,stop_7pct,-680.202970008726,-0.07417849650349662,50,35,False,0.9923664122137404,9160.652730810374,8498.108522054514
S-B_minervini,SEMG1,2012-07-13,2012-07-16,20.86806337833691,218,2012-09-19,23.730118270675817,half_at_2R,614.2055629303977,0.13487797202797225,65,46,True,0.8860873480414228,4549.237816477446,5173.165783007328
S-B_minervini,CXW,2012-06-29,2012-07-02,13.984649816312771,321,2012-09-24,15.678076386281587,close_below_sma20_volume,534.068193848957,0.11885186714403062,84,58,True,0.9086198775317946,4489.0725910364,5032.662519996389
S-B_minervini,CBST,2011-12-23,2011-12-27,39.48945,122,2012-10-05,47.872080000000004,close_below_sma20_volume,1012.022753340002,0.2098530490678272,283,196,True,0.9809885931558935,4817.7128999999995,5840.393760000001
S-B_minervini,OZK,2011-12-16,2011-12-19,9.875364965681099,468,2012-10-09,11.714355509080082,close_below_sma20_volume,850.5435851285365,0.18384993810315509,295,203,True,0.9069325735992403,4621.670803938754,5482.318378249479
S-B_minervini,AFFY,2012-09-21,2012-09-24,21.543725,220,2012-10-10,24.498446883749995,half_at_2R,639.9095366105739,0.1348779720279718,16,12,True,0.9980334316617503,4739.6195,5389.658314424999
S-B_minervini,ABT,2012-06-29,2012-07-02,23.320560453659294,192,2012-10-16,26.558853478254424,half_at_2R,612.1754132473379,0.1365845554445555,106,74,True,0.8431464908148846,4477.547607102584,5099.29986782485
S-B_minervini,ABT,2012-06-29,2012-07-02,23.320560453659294,193,2012-10-18,24.312419546218486,close_below_sma20_volume,182.23563972394732,0.040448548893325054,108,76,True,0.8431464908148846,4500.868167556244,4692.296972420168
S-B_minervini,SIX,2012-10-19,2012-10-22,21.207611304966733,452,2012-10-24,19.703355435105443,stop_7pct,-698.4154101438144,-0.0727862837162836,2,2,False,0.9671361502347418,9585.840309844963,8905.916656667661
S-B_minervini,VAL1,2012-10-05,2012-10-08,55.73322729884062,171,2012-10-25,51.780069486533854,stop_7pct,-694.3747596547564,-0.07278628371628382,17,13,False,0.9081106422878574,9530.381868101746,8854.39188219729
S-B_minervini,AFFY,2012-09-21,2012-09-24,21.543725,220,2012-10-26,24.309075000000004,close_below_sma20_volume,598.2893840000015,0.12610541675501463,32,24,True,0.9980334316617503,4739.6195,5347.996500000001
S-B_minervini,AVD,2012-09-21,2012-09-24,32.986615697001184,287,2012-11-01,30.600858716715578,stop_7pct,-702.9618584987056,-0.0741784965034964,38,26,False,0.9891838741396264,9467.15870503934,8782.446451697371
S-B_minervini,SEMG1,2012-07-13,2012-07-16,20.86806337833691,219,2012-11-09,23.56455096696213,close_below_sma50,580.8000393673028,0.1269598199256743,116,81,True,0.8860873480414228,4570.105879855783,5160.636661764706
S-B_minervini,PZZA,2012-07-20,2012-07-23,19.60490759473474,462,2012-11-13,18.186982652945552,stop_7pct,-672.5411764010332,-0.0741784965034964,113,78,False,0.9608460846084609,9057.467308767451,8402.385985660845
S-B_minervini,FUN,2012-10-19,2012-10-22,21.00747546818054,456,2012-11-14,19.488109804944386,stop_7pct,-711.296729320231,-0.07417849650349628,23,15,False,0.9478873239436619,9579.408813490327,8886.57807105464
S-B_minervini,ATLS1,2012-08-10,2012-08-13,26.805226932785438,343,2012-11-15,24.86653889487173,stop_7pct,-682.6934126832894,-0.07417849650349662,94,65,False,0.9501466275659824,9194.192837945406,8529.222840941004
S-B_minervini,MED,2012-11-09,2012-11-12,22.524532470706394,410,2012-11-15,20.895445659762558,stop_7pct,-685.7277835204659,-0.0741784965034964,3,3,False,0.9634387351778656,9235.058312989622,8567.132720502648
S-B_minervini,RDEN,2012-11-02,2012-11-05,46.6764,200,2012-12-24,43.30052937000001,stop_7pct,-693.169511873999,-0.0741784965034964,49,34,False,0.8098765432098766,9335.28,8660.105874
S-B_minervini,AGP,2012-11-30,2012-12-03,91.94184999999999,100,2012-12-24,91.47075000000001,delisted,-65.45125999999982,-0.00711165526100177,21,15,False,0.8749412317818523,9194.185,9147.075
S-B_minervini,BF.B,2012-11-30,2012-12-03,20.775993333333332,443,2012-12-31,19.3023521262,stop_7pct,-670.5777617986387,-0.0727862837162836,28,19,False,0.7334273624823695,9203.765046666666,8550.9419919066
S-B_minervini,CSGP,2012-06-29,2012-07-02,8.147139,551,2013-01-02,9.278450721539999,half_at_2R,613.7512586319708,0.13658455544455528,184,125,True,0.9081488459726802,4489.073589,5112.426347568539
S-B_minervini,ANDV,2012-12-14,2012-12-17,39.00967556052807,234,2013-01-07,36.242719273019816,stop_7pct,-665.0768316679823,-0.0727862837162837,21,13,False,0.958614051973051,9128.264081163568,8480.796309886637
S-B_minervini,CSGP,2012-06-29,2012-07-02,8.147139,552,2013-01-17,8.975016,close_below_sma20_volume,447.53667444000075,0.099414641151931,199,136,True,0.9081488459726802,4497.220727999999,4954.208832
S-B_minervini,HEES,2013-01-04,2013-01-07,11.322435034802785,407,2013-01-22,12.875306999825987,half_at_2R,622.1704087563494,0.13487797202797203,15,10,True,0.94232602478551,4608.231059164734,5240.249948929177
S-B_minervini,VMI,2012-07-06,2012-07-09,111.09652168690371,40,2013-01-23,126.52338468834715,half_at_2R,607.569723802726,0.13658455544455506,198,135,True,0.8221521837010356,4443.860867476149,5060.935387533886
S-B_minervini,PHM,2013-01-18,2013-01-22,17.423872646228705,376,2013-01-31,16.187997359431705,stop_7pct,-477.32717095780026,-0.0727862837162836,9,7,False,0.9861641221374046,6551.376114981993,6086.687007146321
S-B_minervini,ALJ,2013-01-04,2013-01-07,14.639045615183246,315,2013-02-01,16.646790721305624,half_at_2R,622.5846699825543,0.13487797202797158,25,18,True,0.9504289799809342,4611.299368782723,5243.739077211271
S-B_minervini,ECYT,2013-02-01,2013-02-04,9.944799999999999,957,2013-02-07,9.22554234,stop_7pct,-706.675598239377,-0.07417849650349617,3,3,False,0.9929278642149929,9517.173599999998,8828.84401938
S-B_minervini,SHAW,2012-11-30,2012-12-03,45.02497999999999,204,2013-02-13,47.490975,delisted,484.1897251800019,0.05266205419886805,72,49,False,0.918664786083686,9185.095919999998,9688.1589
S-B_minervini,AEGR,2012-12-21,2012-12-24,25.513624999999998,179,2013-02-14,29.012818668749997,half_at_2R,616.5954332895426,0.1348779720279718,52,35,True,0.876204238921002,4566.938875,5193.294541706249
S-B_minervini,ALGT,2012-10-26,2012-10-31,59.459053680918345,80,2013-02-15,67.61386289325628,half_at_2R,642.2189036611007,0.1348779720279718,107,73,True,0.8314553990610328,4756.724294473468,5409.109031460503
S-B_minervini,AMWD,2013-02-08,2013-02-11,31.378249999999998,150,2013-02-19,35.681776987499994,half_at_2R,635.4700440768747,0.13487797202797203,8,5,True,0.9816211121583411,4706.737499999999,5352.266548124999
S-B_minervini,ALJ,2013-01-04,2013-01-07,14.639045615183246,315,2013-02-21,16.341611761363637,close_below_sma20_volume,526.5494289732105,0.1140727078204209,45,31,True,0.9504289799809342,4611.299368782723,5147.607704829546
S-B_minervini,AMWD,2013-02-08,2013-02-11,31.378249999999998,151,2013-02-21,31.299804375,breakeven_stop,-21.309675585624973,-0.0044930069930070315,10,7,True,0.9816211121583411,4738.11575,4726.270460625
S-B_minervini,HEES,2013-01-04,2013-01-07,11.322435034802785,407,2013-02-22,12.565332643516147,close_below_sma20_volume,496.1370053012615,0.10755566671328376,46,32,True,0.94232602478551,4608.231059164734,5114.090385911071
S-B_minervini,TGNA,2012-12-21,2012-12-24,6.984756766467065,656,2013-03-06,7.954660091058681,half_at_2R,626.4563234735633,0.13658455544455528,72,48,True,0.8299614643545279,4582.0004388023945,5218.257019734495
S-B_minervini,YONG,2012-12-28,2012-12-31,5.724275,1564,2013-03-15,5.310266810625,stop_7pct,-664.766831574314,-0.07417849650349617,74,51,False,0.8784370477568741,8952.766099999999,8305.257291817501
S-B_minervini,ONIT,2013-01-11,2013-01-14,574.1736,16,2013-03-21,533.447466552,stop_7pct,-669.3400722328315,-0.0727862837162837,66,46,False,0.9875954198473282,9186.7776,8535.159464832
S-B_minervini,PCYC,2013-02-15,2013-02-19,87.11702999999999,110,2013-03-21,80.93781906209999,stop_7pct,-698.1992365658298,-0.0727862837162836,30,22,False,0.9971698113207547,9582.8733,8903.160096831
S-B_minervini,VMI,2012-07-06,2012-07-09,111.09652168690371,41,2013-03-27,139.44131844739013,close_below_sma20_volume,1151.8646157344374,0.2526289059411029,261,179,True,0.8221521837010356,4554.9573891630525,5717.094056342996
S-B_minervini,TGNA,2012-12-21,2012-12-24,6.984756766467065,657,2013-04-02,8.122142539981185,close_below_sma20_volume,737.3372203544404,0.1605149261422698,99,66,True,0.8299614643545279,4588.985195568862,5336.247648767639
S-B_minervini,LFCR,2013-03-28,2013-04-01,14.536249999999999,677,2013-04-02,13.48491571875,stop_7pct,-730.7236375978428,-0.0741784965034964,1,1,False,0.9661176470588235,9841.04125,9129.287941593751
S-B_minervini,AB,2013-02-22,2013-02-25,7.307110022593764,1318,2013-04-03,6.788816708691189,stop_7pct,-701.6890191554266,-0.0727862837162836,37,26,False,0.9551463644948064,9630.77100977858,8947.660422054987
S-B_minervini,ALGT,2012-10-26,2012-10-31,59.459053680918345,80,2013-04-04,70.75209121779035,close_below_sma20_volume,893.0261113578636,0.18755217291382564,155,105,True,0.8314553990610328,4756.724294473468,5660.167297423228
S-B_minervini,S2,2013-03-22,2013-03-25,6.156149999999999,791,2013-04-15,7.2127799999999995,half_at_2R,825.2195063700001,0.1692971826789229,21,14,True,0.9797551789077212,4869.514649999999,5705.30898
S-B_minervini,AEGR,2012-12-21,2012-12-24,25.513624999999998,180,2013-04-17,38.373825000000004,close_below_sma20_volume,2303.3362590000015,0.5010471471999385,114,77,True,0.876204238921002,4592.452499999999,6907.288500000001
S-B_minervini,CAB,2013-03-15,2013-03-18,60.56049999999999,164,2013-04-17,56.264943734999996,stop_7pct,-723.6306002325382,-0.0727862837162836,30,21,False,0.9217719132893497,9931.921999999999,9227.45077254
S-B_minervini,ALKS,2013-04-12,2013-04-15,23.843434968558594,202,2013-04-17,27.154334348292636,half_at_2R,658.5001253042728,0.13658455544455528,2,2,True,0.7372764786795049,4816.373863648836,5485.175538355113
S-B_minervini,SIX,2013-02-22,2013-02-25,23.062789486697728,208,2013-04-23,26.265288434820572,half_at_2R,655.8595410018761,0.1365845554445555,57,40,True,0.8980169971671388,4797.060213233128,5463.179994442679
S-B_minervini,SIX,2013-02-22,2013-02-25,23.062789486697728,209,2013-05-01,24.64803449501385,close_below_sma20_volume,321.34464452589145,0.06660071137683499,65,46,True,0.8980169971671388,4820.123002719825,5151.439209457894
S-B_minervini,REGN,2013-04-12,2013-04-15,213.23734864864858,22,2013-05-01,242.84748688199988,half_at_2R,641.3891747520538,0.13658455544455506,16,12,True,0.9275561668959194,4691.221670270269,5342.6447114039975
S-B_minervini,AX,2013-04-26,2013-04-29,10.1052,991,2013-05-01,9.37434141,stop_7pct,-743.5850882273116,-0.07417849650349662,2,2,False,0.9720439963336389,10014.2532,9289.972337309999
S-B_minervini,AOL,2013-05-03,2013-05-06,40.83078999999999,246,2013-05-08,37.934662065299996,stop_7pct,-731.8237731442623,-0.0727862837162836,2,2,False,0.9262820512820513,10044.374339999998,9331.9268680638
S-B_minervini,DDD,2013-05-03,2013-05-06,41.53149,121,2013-05-13,47.29855270139999,half_at_2R,687.0661517025301,0.13658455544455528,7,5,True,0.9418498168498168,5025.310289999999,5723.124876869399
S-B_minervini,EGHT,2013-04-12,2013-04-15,7.2581,666,2013-05-31,8.253548415000001,half_at_2R,652.6378865456109,0.13487797202797225,46,33,True,0.9243466299862448,4833.8946,5496.863244390001
S-B_minervini,ALKS,2013-04-12,2013-04-15,23.843434968558594,203,2013-06-03,29.85182875221667,close_below_sma20_volume,1208.8037995472723,0.24949214649699258,49,34,True,0.7372764786795049,4840.217298617395,6059.921236699984
S-B_minervini,DDD,2013-05-03,2013-05-06,41.53149,121,2013-06-04,46.39356,close_below_sma20_volume,577.6715389500005,0.1148375744387109,29,20,True,0.9418498168498168,5025.310289999999,5613.62076
S-B_minervini,REGN,2013-04-12,2013-04-15,213.23734864864858,23,2013-06-07,249.49424063673786,close_below_sma20_volume,823.26568917249,0.16769295915288396,53,38,True,0.9275561668959194,4904.4590189189175,5738.367534644971
S-B_minervini,ZQKSQ,2013-05-10,2013-05-13,7.3784,1373,2013-06-07,6.7730250000000005,stop_7pct,-850.6097815250014,-0.08388099282805461,25,18,False,0.9697663765460376,10130.5432,9299.363325
S-B_minervini,PENN,2013-04-19,2013-04-22,13.388695517241379,738,2013-06-18,12.439035344203448,stop_7pct,-719.9100730777391,-0.0727862837162837,57,40,False,0.782668500687758,9880.857291724138,9180.008084022145
S-B_minervini,AJRD,2013-06-07,2013-06-10,13.080696070460702,388,2013-06-18,14.874713536524387,half_at_2R,685.2320779051997,0.13487797202797203,8,6,True,0.9583144540099683,5075.3100753387525,5771.3888521714625
S-B_minervini,S2,2013-03-22,2013-03-25,6.156149999999999,792,2013-06-20,7.00299,close_below_sma50,660.275241119999,0.13528715381984036,87,61,True,0.9797551789077212,4875.6708,5546.368079999999
S-B_minervini,PAA,2013-03-22,2013-03-25,21.203051512499997,459,2013-06-24,19.699119068718375,stop_7pct,-709.0790879925426,-0.07278628371628348,91,63,False,0.8408662900188324,9732.200644237499,9041.895652541734
S-B_minervini,XRM,2013-06-21,2013-06-24,10.315724999999999,993,2013-06-24,9.569640189375,stop_7pct,-760.6083845836729,-0.0741784965034964,0,0,False,0.9932003626473255,10243.514925,9502.652708049376
S-B_minervini,LIN2,2013-06-14,2013-06-17,14.024975,364,2013-06-26,15.948500321249998,half_at_2R,689.2528719180646,0.13487797202797203,9,7,True,0.9981859410430839,5105.0909,5805.254116935
S-B_minervini,PRLB,2013-06-21,2013-06-24,58.696374999999996,87,2013-06-27,66.74658283125,half_at_2R,689.454543987431,0.13487797202797203,3,3,True,0.8635539437896645,5106.5846249999995,5806.95270631875
S-B_minervini,SAM,2013-02-22,2013-02-25,154.03387999999998,30,2013-07-02,175.42302457679997,half_at_2R,631.7906301666953,0.13658455544455528,127,89,True,0.8862134088762984,4621.0163999999995,5262.690737303999
S-B_minervini,DNKN,2013-04-05,2013-04-08,33.25094175661914,144,2013-07-02,38.07144458598726,half_at_2R,683.8819837956744,0.14268576336109473,85,60,True,0.7262723521320495,4788.135612953156,5482.288020382165
S-B_minervini,PRLB,2013-06-21,2013-06-24,58.696374999999996,87,2013-07-17,62.982150000000004,close_below_sma20_volume,362.27639332500075,0.07087212010045851,23,16,True,0.8635539437896645,5106.5846249999995,5479.447050000001
S-B_minervini,QDEL,2013-06-07,2013-06-10,25.764249999999997,197,2013-07-18,29.297816887499998,half_at_2R,685.265449660662,0.13487797202797203,38,27,True,0.7829632985953784,5075.55725,5771.6699268375
S-B_minervini,DNKN,2013-04-05,2013-04-08,33.25094175661914,145,2013-07-25,37.298393371940875,close_below_sma50,576.6508306280102,0.11948321283415853,108,76,True,0.7262723521320495,4821.386554709776,5408.267038931427
S-B_minervini,LIN2,2013-06-14,2013-06-17,14.024975,364,2013-07-25,15.491175,close_below_sma20_volume,522.9529214000004,0.10233519855818662,38,27,True,0.9981859410430839,5105.0909,5638.7877
S-B_minervini,AWAY1,2013-06-28,2013-07-01,32.5325,320,2013-07-29,30.224969774999998,stop_7pct,-758.4920623280013,-0.07278628371628382,28,19,False,0.7747502270663034,10410.4,9671.990328
S-B_minervini,QDEL,2013-06-07,2013-06-10,25.764249999999997,197,2013-07-31,27.431250000000002,close_below_sma20_volume,317.91948649999995,0.06257478124503169,51,36,True,0.7829632985953784,5075.55725,5403.95625
S-B_minervini,MTG,2013-07-19,2013-07-22,5.74790408095952,933,2013-07-31,6.546058041641558,half_at_2R,733.2073786559549,0.13658455544455528,9,7,True,0.9796800691742326,5362.794507535233,6107.472152851574
S-B_minervini,SAM,2013-02-22,2013-02-25,154.03387999999998,31,2013-08-01,192.52728,close_below_sma20_volume,1182.5520040399997,0.2474048573592389,157,110,True,0.8862134088762984,4775.0502799999995,5968.345679999999
S-B_minervini,PGTI,2013-08-02,2013-08-05,11.5087,943,2013-08-06,10.6763332725,stop_7pct,-805.8423104084668,-0.0741784965034964,1,1,False,0.9889331562638336,10852.704099999999,10067.7822759675
S-B_minervini,MINI,2013-07-26,2013-07-29,29.437320175528786,368,2013-08-09,25.12826684259547,stop_7pct,-1605.811762542131,-0.14808615846475726,11,9,False,0.9702072538860104,10832.933824594593,9247.202198075132
S-B_minervini,AJRD,2013-06-07,2013-06-10,13.080696070460702,388,2013-08-13,14.57426195076923,close_below_sma50,568.7734378474715,0.11195478191092234,64,45,True,0.9583144540099683,5075.3100753387525,5654.8136368984615
S-B_minervini,MTG,2013-07-19,2013-07-22,5.74790408095952,934,2013-08-14,6.159527899721449,close_below_sma20_volume,373.33510525368456,0.06947176989858117,23,17,True,0.9796800691742326,5368.542411616192,5752.999058339833
S-B_minervini,EGHT,2013-04-12,2013-04-15,7.2581,667,2013-08-16,9.037350000000002,close_below_sma20_volume,1175.890684850002,0.24265212061605101,123,87,True,0.9243466299862448,4841.1527,6027.912450000002
S-B_minervini,NPSP,2013-08-09,2013-08-12,22.69267,237,2013-08-26,25.8437741562,half_at_2R,735.30854775438,0.13658455544455528,14,10,True,0.9796370075254538,5378.16279,6124.9744750193995
S-B_minervini,AXON,2013-08-16,2013-08-19,10.205449999999999,431,2013-08-26,11.605127467499997,half_at_2R,593.860629604007,0.13487797202797203,7,5,True,0.899070385126162,4398.548949999999,5001.809938492499
S-B_minervini,APO,2013-08-16,2013-08-19,13.90906620986359,759,2013-08-27,12.922496143597968,stop_7pct,-769.1718361218846,-0.0727862837162836,8,6,False,0.9654714475431607,10556.981253286465,9808.174572990858
S-B_minervini,LXK,2013-07-26,2013-07-29,32.64344448565965,327,2013-09-03,30.328044968291813,stop_7pct,-777.7273192307239,-0.0727862837162836,36,25,False,0.9399827288428325,10674.406346810705,9917.270704631423
S-B_minervini,CQB,2013-07-05,2013-07-08,11.779375,452,2013-09-05,13.39491628125,half_at_2R,718.8458794658745,0.13487797202797203,59,42,True,0.9624352331606217,5324.2775,6054.502159125
S-B_minervini,RRGB,2013-08-16,2013-08-19,61.81414999999999,85,2013-09-12,70.29196067249998,half_at_2R,709.3848877553364,0.1348779720279718,24,17,True,0.9216467463479415,5254.2027499999995,5974.816657162499
S-B_minervini,CSII,2013-05-31,2013-06-03,20.801875,491,2013-09-23,19.297379390625,stop_7pct,-758.3960781089227,-0.07417849650349662,112,78,False,0.9514777238641376,10213.720625,9475.013280796875
S-B_minervini,INSM,2013-08-30,2013-09-03,15.3182,694,2013-09-23,14.210311185000002,stop_7pct,-789.3676243723894,-0.0741784965034964,20,14,False,0.9977817213842058,10630.8308,9861.95596239
S-B_minervini,LNG,2013-09-06,2013-09-09,28.76223542253521,188,2013-09-30,32.75615943330844,half_at_2R,739.2922557924685,0.13658455544455506,21,15,True,0.9334524341223761,5407.300259436619,6158.157973461986
S-B_minervini,CQB,2013-07-05,2013-07-08,11.779375,452,2013-10-04,12.4488,close_below_sma50,291.6289649,0.05471871578307619,88,63,True,0.9624352331606217,5324.2775,5626.8576
S-B_minervini,LIN2,2013-09-27,2013-09-30,20.110149999999997,263,2013-10-04,22.868257072499997,half_at_2R,714.0788390074313,0.1348779720279718,4,4,True,0.9959767545820295,5288.96945,6014.351610067499
S-B_minervini,AXON,2013-08-16,2013-08-19,10.205449999999999,432,2013-10-07,14.114625000000002,close_below_sma20_volume,1678.2573276000012,0.38028445105791064,49,34,True,0.899070385126162,4408.7544,6097.518000000001
S-B_minervini,CALX,2013-08-09,2013-08-12,12.791899999999998,841,2013-10-08,11.8667258325,stop_7pct,-798.8093791926312,-0.0741784965034964,57,40,False,0.9774236387782205,10757.987899999998,9979.9164251325
S-B_minervini,ACAD,2013-09-27,2013-09-30,26.966939999999997,409,2013-10-08,25.054174945799996,stop_7pct,-803.597543180631,-0.0727862837162836,8,6,False,1.0,11029.478459999998,10247.1575528322
S-B_minervini,EVC,2013-10-04,2013-10-07,3.280464446366782,3466,2013-10-08,3.043204855283305,stop_7pct,-844.2595804948523,-0.0741784965034965,1,1,False,0.9956653662765497,11370.089771107267,10547.748028411934
S-B_minervini,NFLX,2013-10-04,2013-10-07,4.633628999999999,2454,2013-10-08,4.30496569503,stop_7pct,-828.475061777981,-0.07278628371628348,1,1,False,0.9982661465106198,11370.925565999998,10564.38581560362
S-B_minervini,NPSP,2013-08-09,2013-08-12,22.69267,237,2013-10-10,31.57839,close_below_sma20_volume,2093.053398779999,0.38878749453838224,59,42,True,0.9796370075254538,5378.16279,7484.07843
S-B_minervini,SAVEQ,2013-10-11,2013-10-14,31.75104398389095,173,2013-10-22,36.15999395149404,half_at_2R,750.9997348325132,0.13658455544455528,8,6,True,0.9409722222222222,5492.930609213134,6255.678953608469
S-B_minervini,ANIK,2013-10-18,2013-10-21,29.232899999999997,385,2013-10-22,27.1186305075,stop_7pct,-835.6890938578872,-0.0741784965034965,1,1,False,0.9315127871694842,11254.6665,10440.672745387501
S-B_minervini,BSX,2013-10-18,2013-10-21,12.262249999999998,917,2013-10-24,11.392488607499999,stop_7pct,-819.2625922255756,-0.0727862837162836,3,3,False,0.929778933680104,11244.483249999997,10446.9120530775
S-B_minervini,WDR,2013-10-11,2013-10-14,34.63875636140667,158,2013-10-29,39.4486940697516,half_at_2R,748.2643407503756,0.13658455544455528,15,11,True,0.8771701388888888,5472.923505102254,6232.893663020754
S-B_minervini,NUVA,2013-10-11,2013-10-14,25.944699999999997,211,2013-10-30,29.503015604999995,half_at_2R,739.1051246623438,0.1348779720279718,16,12,True,0.8723958333333334,5474.3317,6225.136292654999
S-B_minervini,TSN,2013-08-02,2013-08-05,22.184083781071063,489,2013-10-31,20.610566718479692,stop_7pct,-790.3764277014616,-0.07278628371628382,87,62,False,0.8742806551571491,10848.01696894375,10078.567125336569
S-B_minervini,ZVOI,2013-10-25,2013-10-28,19.999875,557,2013-11-04,18.553384040625,stop_7pct,-827.1696296575028,-0.0741784965034965,7,5,False,0.8998265394622723,11139.930375,10334.234910628125
S-B_minervini,GME,2013-08-02,2013-08-05,8.953632884187082,606,2013-11-06,10.1969343464853,half_at_2R,741.835442410933,0.1365845554445555,93,66,True,0.9822930500221337,5425.901527817371,6179.3422139700915
S-B_minervini,GME,2013-08-02,2013-08-05,8.953632884187082,606,2013-11-08,9.623000748017303,close_below_sma20_volume,394.3794854999978,0.07261198862163698,95,68,True,0.9822930500221337,5425.901527817371,5831.538453298485
S-B_minervini,LNG,2013-09-06,2013-09-09,28.76223542253521,189,2013-11-08,35.16801005441824,close_below_sma20_volume,1198.6085890307477,0.22027178292841154,60,44,True,0.9334524341223761,5436.062494859155,6646.753900285047
S-B_minervini,LIN2,2013-09-27,2013-09-30,20.110149999999997,263,2013-11-08,24.03975,close_below_sma20_volume,1021.8733763000009,0.19301539428937797,39,29,True,0.9959767545820295,5288.96945,6322.454250000001
S-B_minervini,SAVEQ,2013-10-11,2013-10-14,31.75104398389095,173,2013-11-08,33.66498261200924,close_below_sma20_volume,319.794410063374,0.05816110886097836,25,19,True,0.9409722222222222,5492.930609213134,5824.041991877599
S-B_minervini,RRD,2013-10-25,2013-10-28,18.308671386592174,609,2013-11-12,16.969028478260867,stop_7pct,-837.326650391462,-0.07502166771865837,15,11,False,0.8690372940156115,11149.980874434634,10334.138343260867
S-B_minervini,TBHC,2013-11-15,2013-11-18,19.375057904330536,292,2013-11-18,22.03234709590947,half_at_2R,763.8374816809783,0.13487797202797203,0,0,True,0.9044919319668556,5657.516908064516,6433.445352005565
S-B_minervini,RRGB,2013-08-16,2013-08-19,61.81414999999999,85,2013-11-21,77.30625,close_below_sma20_volume,1305.0032660000015,0.24812509689192486,94,67,True,0.9216467463479415,5254.2027499999995,6571.031250000001
S-B_minervini,UVE,2013-11-01,2013-11-04,4.953352499999999,1149,2013-11-21,5.632704795374999,half_at_2R,768.4124075534883,0.1348779720279718,17,13,True,0.9151805132666376,5691.4020224999995,6471.977809885874
S-B_minervini,WDR,2013-10-11,2013-10-14,34.63875636140667,159,2013-12-06,40.63079220253164,close_below_sma20_volume,940.7658405172033,0.17064283069093023,53,38,True,0.8771701388888888,5507.56226146366,6460.29596020253
S-B_minervini,NUVA,2013-10-11,2013-10-14,25.944699999999997,212,2013-12-12,31.361400000000003,close_below_sma20_volume,1136.1915068000008,0.20636352935820668,59,42,True,0.8723958333333334,5500.2764,6648.616800000001
S-B_minervini,ICPT,2013-12-13,2013-12-16,63.09734999999999,187,2013-12-16,58.53383416125,stop_7pct,-876.1224932844052,-0.07417849650349662,0,0,False,0.8332617103566824,11799.20445,10945.826988153749
S-B_minervini,TBHC,2013-11-15,2013-11-18,19.375057904330536,292,2013-12-19,22.813880008295314,close_below_sma20_volume,991.816884487228,0.17513444052043825,31,22,True,0.9044919319668556,5657.516908064516,6661.652962422231
S-B_minervini,UVE,2013-11-01,2013-11-04,4.953352499999999,1150,2014-01-09,8.346725333333334,close_below_sma20_volume,3887.083668825001,0.6816991238642032,66,45,True,0.9151805132666376,5696.355374999999,9598.734133333333
S-B_minervini,MRVL,2013-11-08,2013-11-11,11.744704039317508,479,2014-01-09,13.375573642217136,half_at_2R,769.1539267794678,0.1365845554445555,59,40,True,0.7864923747276689,5625.713234833086,6406.899774622008
S-B_minervini,GRPN,2013-12-20,2013-12-23,234.83459999999997,50,2014-01-13,218.177781822,stop_7pct,-855.4915279910983,-0.0727862837162836,21,13,False,0.9465977605512489,11741.729999999998,10908.8890911
S-B_minervini,KERX,2014-01-10,2014-01-13,14.155299999999999,851,2014-01-13,13.131517927500001,stop_7pct,-894.4596257538014,-0.0741784965034964,0,0,False,0.994052676295667,12046.1603,11174.921756302501
S-B_minervini,DAL,2013-11-15,2013-11-18,24.391659610953056,232,2014-01-15,27.813733028571427,half_at_2R,781.809381795093,0.13801855130610585,58,39,True,0.9672917575228958,5658.865029741109,6452.786062628571
S-B_minervini,NUS,2013-12-20,2013-12-23,91.5567465447858,130,2014-01-15,84.22421451783389,stop_7pct,-976.0806884418889,-0.08192528086578088,23,15,False,0.9806201550387597,11902.377050822153,10949.147887318406
S-B_minervini,KERX,2014-01-17,2014-01-21,15.227974999999999,769,2014-01-22,14.126611708125,stop_7pct,-869.5220486304206,-0.07417849650349628,1,1,False,0.996600084997875,11710.312774999999,10863.364403548127
S-B_minervini,AKRXQ,2013-11-15,2013-11-18,23.46344,482,2014-01-24,21.7991782008,stop_7pct,-823.9907691871867,-0.07278628371628382,67,45,False,0.8006977758395115,11309.378079999999,10507.2038927856
S-B_minervini,RAMP,2013-12-06,2013-12-09,36.30627,329,2014-01-24,33.7310662689,stop_7pct,-870.2843111643688,-0.07278628371628382,46,31,False,0.9003864319450408,11944.76283,11097.5208024681
S-B_minervini,SPWRQ,2014-01-17,2014-01-21,27.988897056226076,418,2014-01-24,26.003644588027964,stop_7pct,-852.4044141141094,-0.0727862837162836,3,3,False,0.9927751806204845,11699.3589695025,10869.52343779569
S-B_minervini,SCTY1,2014-01-17,2014-01-21,72.947875,160,2014-01-27,67.77368222624999,stop_7pct,-850.3862929562019,-0.07278628371628393,6,4,False,0.9949001274968126,11671.66,10843.789156199999
S-B_minervini,DAL,2013-11-15,2013-11-18,24.391659610953056,232,2014-01-30,26.22069713701766,close_below_sma20_volume,412.5946392814594,0.07283836151919876,73,49,True,0.9672917575228958,5658.865029741109,6083.201735788097
S-B_minervini,LZB,2013-11-22,2013-11-25,22.711708004723583,516,2014-01-31,21.069083723281953,stop_7pct,-870.1850177555316,-0.07417849650349628,67,45,False,0.7939764295067656,11719.24133043737,10871.647201213487
S-B_minervini,GTATQ,2014-01-31,2014-02-03,10.3859,1087,2014-02-03,9.6347397825,stop_7pct,-838.2735918660765,-0.0741784965034964,0,0,False,0.9797854785478548,11289.4733,10472.9621435775
S-B_minervini,LIOX,2014-02-07,2014-02-10,6.466125,872,2014-02-19,7.35295404375,half_at_2R,761.2646892238499,0.13487797202797203,9,6,True,0.8259762308998302,5638.461,6411.77592615
S-B_minervini,EPAM,2014-01-31,2014-02-03,40.97217499999999,275,2014-03-03,38.008862443125,stop_7pct,-836.630738437485,-0.07417849650349662,28,19,False,0.9117161716171617,11267.348124999999,10452.437171859374
S-B_minervini,EVC,2014-02-21,2014-02-24,3.5982570806451615,1602,2014-03-06,4.091758039255645,half_at_2R,778.269131471915,0.13487797202797225,10,8,True,0.9779193205944798,5764.407843193549,6554.996378887544
S-B_minervini,RMTI,2014-03-07,2014-03-10,1598.9875,7,2014-03-11,1483.3407290625003,stop_7pct,-831.1036941659368,-0.0741784965034964,1,1,False,0.9776936026936027,11192.9125,10383.385103437502
S-B_minervini,LIOX,2014-02-07,2014-02-10,6.466125,873,2014-03-12,6.84285,close_below_sma20_volume,317.26218982499995,0.056146915196964464,30,21,True,0.8259762308998302,5644.927125,5973.808050000001
S-B_minervini,LEAP2,2013-11-22,2013-11-25,16.471075,712,2014-03-14,17.476200000000002,delisted,691.4785401999998,0.0589037156034149,109,74,False,0.956787429070275,11727.4054,12443.0544
S-B_minervini,FGPRQ,2013-11-15,2013-11-18,15.404011661807578,684,2014-03-21,14.289916518367347,stop_7pct,-782.3517249883589,-0.0741784965034965,123,84,False,0.7217618839947667,10536.343976676384,9774.302898563265
S-B_minervini,EVC,2014-02-21,2014-02-24,3.5982570806451615,1602,2014-03-24,3.8581182665094342,close_below_sma20_volume,404.3525064484238,0.07007633201517915,28,20,True,0.9779193205944798,5764.407843193549,6180.705462948114
S-B_minervini,MRVL,2013-11-08,2013-11-11,11.744704039317508,479,2014-03-27,13.573413,close_below_sma50,863.8242141050814,0.15339588365595613,136,93,True,0.7864923747276689,5625.713234833086,6501.6648270000005
S-B_minervini,OTEX,2014-01-24,2014-01-27,18.98507923909667,598,2014-03-27,17.638467568667547,stop_7pct,-827.1746599076596,-0.0727862837162836,59,42,False,0.8342541436464088,11353.07738497981,10547.803606063193
S-B_minervini,RADCQ,2014-02-21,2014-02-24,131.7316,87,2014-04-07,122.387877612,stop_7pct,-835.012242308243,-0.0727862837162836,42,30,False,0.9898089171974522,11460.649199999998,10647.745352244
S-B_minervini,STZ,2014-04-04,2014-04-07,70.47654475247523,157,2014-04-09,65.47764343318217,stop_7pct,-806.1723146741606,-0.07278628371628382,2,2,False,0.8794032324906755,11064.817526138611,10279.9900190096
S-B_minervini,CAL,2014-03-14,2014-03-17,22.289649050610194,509,2014-04-11,20.603988146135265,stop_7pct,-879.8342617108829,-0.0774721804743016,25,19,False,0.7255892255892256,11345.43136676059,10487.42996638285
S-B_minervini,PBI,2014-04-04,2014-04-07,15.52642469361047,716,2014-04-11,14.42513539009268,stop_7pct,-809.9684583386697,-0.0727862837162837,4,4,False,0.9092416079569001,11116.920080625097,10328.39693930636
S-B_minervini,CRRTQ,2014-04-04,2014-04-07,133.6867322712929,75,2014-04-24,124.2043323512901,stop_7pct,-730.5218238469024,-0.0727862837162836,17,12,False,0.7994198093659345,10026.504920346968,9315.324926346759
S-B_minervini,TEL,2014-01-24,2014-01-27,40.090211112666196,141,2014-05-15,45.95101005259443,half_at_2R,814.2408383455795,0.1439001833594804,108,76,True,0.7263068423289418,5652.7197668859335,6479.092417415814
S-B_minervini,TRGP,2014-04-04,2014-04-07,59.24868733162663,93,2014-06-04,67.4759600544963,half_at_2R,753.3509710199696,0.13658455544455528,58,40,True,0.8031496062992126,5510.1279218412765,6275.264285068156
S-B_minervini,HWM,2014-03-28,2014-03-31,21.19816844444444,262,2014-06-06,24.141746114639993,half_at_2R,759.3382919767537,0.13658455544455506,67,47,True,0.7695542472666106,5553.920132444444,6325.137482035678
S-B_minervini,SEM,2014-04-11,2014-04-14,6.5537382619738755,819,2014-06-06,7.463790357031567,half_at_2R,733.8523099132844,0.1365845554445555,53,37,True,0.8632974316487159,5367.511636556604,6112.844302408854
S-B_minervini,NFX1,2014-05-02,2014-05-05,33.66363,111,2014-06-09,38.338161661799994,half_at_2R,510.8808155853394,0.13658455544455528,35,24,True,0.799660441426146,3736.66293,4255.535944459799
S-B_minervini,VLO,2014-05-02,2014-05-05,36.29083748712667,301,2014-06-10,33.71672838416478,stop_7pct,-795.8791173187892,-0.0727862837162837,36,25,False,0.8370118845500849,10923.542083625129,10148.735243633599
S-B_minervini,TEL,2014-01-24,2014-01-27,40.090211112666196,142,2014-06-26,48.94996017783589,close_below_sma20_volume,1245.440662930845,0.2185557696942131,150,105,True,0.7263068423289418,5692.8099779986,6950.894345252696
S-B_minervini,ITMN,2014-06-13,2014-06-16,44.85481,261,2014-07-08,41.6732583267,stop_7pct,-852.968812564568,-0.0727862837162837,22,15,False,0.9979026845637584,11707.10541,10876.7204232687
S-B_minervini,NFX1,2014-05-02,2014-05-05,33.66363,112,2014-07-14,42.1578,close_below_sma20_volume,942.8550398400007,0.24982269087940434,70,48,True,0.799660441426146,3770.3265599999995,4721.6736
S-B_minervini,CRRTQ,2014-06-27,2014-06-30,146.10426339203215,81,2014-07-15,135.74108798963533,stop_7pct,-862.2466810560582,-0.0727862837162836,15,10,False,0.9660804020100503,11834.445334754604,10995.028127160462
S-B_minervini,GRBK,2014-07-18,2014-07-21,5.470642499999999,2163,2014-07-22,5.0749782811875,stop_7pct,-878.6318830411456,-0.0741784965034965,1,1,False,0.982933766761479,11832.999727499999,10977.178022208562
S-B_minervini,WFTIQ,2014-04-25,2014-04-28,20.660639999999997,263,2014-07-23,23.529576470399995,half_at_2R,742.9082647834848,0.1365845554445555,86,60,True,0.8498759305210918,5433.74832,6188.278611715199
S-B_minervini,AMID1,2014-04-25,2014-04-28,14.815777446296295,367,2014-07-28,16.84776132305583,half_at_2R,734.1175640423971,0.1348779720279718,91,63,True,0.8544251447477254,5437.39032279074,6183.12840556149
S-B_minervini,TRGP,2014-04-04,2014-04-07,59.24868733162663,94,2014-08-01,73.98323453576394,close_below_sma50,1372.523636533373,0.24619496584070122,116,81,True,0.8031496062992126,5569.376609172903,6954.424046361811
S-B_minervini,WFTIQ,2014-04-25,2014-04-28,20.660639999999997,264,2014-08-01,22.48749,close_below_sma50,470.897293680001,0.08624708382944357,95,67,True,0.8498759305210918,5454.408959999999,5936.69736
S-B_minervini,CENX,2014-07-11,2014-07-14,17.533724999999997,335,2014-08-04,19.950000000000003,half_at_2R,796.895077125002,0.13553394159768484,21,15,True,0.914262494920764,5873.797874999999,6683.250000000001
S-B_minervini,HWM,2014-03-28,2014-03-31,21.19816844444444,262,2014-08-06,27.570713731751823,close_below_sma20_volume,1656.8294181443698,0.29801909361847057,128,89,True,0.7695542472666106,5553.920132444444,7223.526997718977
S-B_minervini,SEM,2014-04-11,2014-04-14,6.5537382619738755,820,2014-08-06,7.4484983314285715,close_below_sma20_volume,722.2214229462616,0.1342558887362988,114,79,True,0.8632974316487159,5374.065374818578,6107.768631771429
S-B_minervini,GPRE,2014-07-11,2014-07-14,33.13065190135243,177,2014-08-11,37.67452080962291,half_at_2R,791.732281194033,0.13487797202797203,28,20,True,0.9861844778545307,5864.12538653938,6668.390183303255
S-B_minervini,AMID1,2014-04-25,2014-04-28,14.815777446296295,368,2014-08-19,16.664870931405517,close_below_sma20_volume,668.881523917199,0.12255833662956017,113,79,True,0.8544251447477254,5452.2061002370365,6132.67250275723
S-B_minervini,VC,2014-04-04,2014-04-07,51.47977757588092,107,2014-08-25,58.62825949006774,half_at_2R,753.1060048519339,0.1365845554445555,140,97,True,0.8176543721508496,5508.336200619258,6273.223765437248
S-B_minervini,TQNT,2014-07-25,2014-07-28,18.17816,325,2014-08-29,20.702379297599993,half_at_2R,807.7350964482785,0.13658455544455528,32,24,True,0.9764419171405362,5907.901999999999,6728.273271719998
S-B_minervini,TSLA,2014-08-01,2014-08-04,15.640624999999998,380,2014-08-29,17.895087,half_at_2R,843.951989440001,0.14185542971713616,25,19,True,0.9393548387096774,5943.437499999999,6800.13306
S-B_minervini,BKNG,2014-08-08,2014-08-11,50.13845482881746,241,2014-09-05,46.58213422780944,stop_7pct,-880.3829268055797,-0.0727862837162837,25,18,False,0.8175182481751825,12083.367613745007,11226.294348902074
S-B_minervini,GPRE,2014-07-11,2014-07-14,33.13065190135243,178,2014-09-12,37.96803386109763,close_below_sma20_volume,848.3984227689298,0.14371953097717793,60,43,True,0.9861844778545307,5897.2560384407325,6758.310027275378
S-B_minervini,SCTY1,2014-09-12,2014-09-15,73.63355999999999,171,2014-09-15,68.41073158919998,stop_7pct,-917.393232108554,-0.07278628371628382,0,0,False,0.9641943734015346,12591.338759999999,11698.235101753196
S-B_minervini,TSLA,2014-08-01,2014-08-04,15.640624999999998,380,2014-09-16,16.992990000000002,close_below_sma20_volume,501.4979263000014,0.08429413607371683,43,30,True,0.9393548387096774,5943.437499999999,6457.336200000001
S-B_minervini,TQNT,2014-07-25,2014-07-28,18.17816,325,2014-09-22,19.45053,close_below_sma20_volume,401.2909257500014,0.06785658186515064,56,39,True,0.9764419171405362,5907.901999999999,6321.4222500000005
S-B_minervini,CENX,2014-07-11,2014-07-14,17.533724999999997,336,2014-09-23,24.98499,close_below_sma20_volume,2489.3387517600013,0.4221205100490595,71,50,True,0.914262494920764,5891.331599999999,8394.95664
S-B_minervini,VC,2014-04-04,2014-04-07,51.47977757588092,108,2014-09-24,59.35487063940628,close_below_sma20_volume,838.5399088534887,0.15067085132533142,170,118,True,0.8176543721508496,5559.815978195139,6410.326029055878
S-B_minervini,CBKCQ,2014-09-05,2014-09-08,11.037524999999999,1171,2014-09-24,10.239236004375,stop_7pct,-959.7115010129983,-0.0741784965034965,16,12,False,0.9569663400085215,12924.941775,11990.145361123125
S-B_minervini,TROX,2014-08-08,2014-08-11,18.003027295774647,671,2014-09-25,16.72607256968535,stop_7pct,-880.1398472156434,-0.07278628371628393,45,32,False,0.7758694718763418,12080.031315464788,11223.19469425887
S-B_minervini,XCRA,2014-08-22,2014-08-25,10.235525,1220,2014-09-25,9.495240654375001,stop_7pct,-927.2184357608367,-0.0741784965034964,31,22,False,0.9578856897292651,12487.3405,11584.1935983375
S-B_minervini,X,2014-09-19,2014-09-22,41.04346494823261,302,2014-09-25,38.13225197945447,stop_7pct,-903.0973830831608,-0.07278628371628382,3,3,False,0.9744463373083475,12395.126414366248,11515.94009779525
S-B_minervini,TGTX,2014-09-19,2014-09-22,11.147799999999998,1113,2014-10-01,10.341535364999999,stop_7pct,-921.2901690162435,-0.0741784965034964,9,7,False,0.9416524701873935,12407.501399999997,11510.128861244999
S-B_minervini,ADM,2014-09-19,2014-09-22,36.4319843956471,340,2014-10-08,33.84786374246385,stop_7pct,-902.4961704492616,-0.0727862837162837,16,12,False,0.8458262350936968,12386.874694520013,11508.27367243771
S-B_minervini,FOE,2014-09-26,2014-09-29,14.736749999999999,762,2014-10-08,13.67091455625,stop_7pct,-833.8132485293609,-0.0741784965034964,9,7,False,0.9201359388275276,11229.403499999999,10417.2368918625
S-B_minervini,FTRCQ,2014-08-01,2014-08-04,65.86467502293578,180,2014-10-09,61.19289362355895,stop_7pct,-863.7910142441997,-0.0727862837162837,66,47,False,0.9191397849462366,11855.641504128442,11014.72085224061
S-B_minervini,SPB1,2014-09-26,2014-09-29,85.2628629442231,131,2014-10-13,79.21516807558936,stop_7pct,-813.7946498546153,-0.0727862837162837,14,10,False,0.8398470688190315,11169.435045693226,10377.187017902206
S-B_minervini,SHPG,2014-09-26,2014-09-29,254.67213298745534,46,2014-10-15,185.45660867288402,stop_7pct,-3204.1600405866557,-0.27323785360006425,16,12,False,0.9800339847068819,11714.918117422945,8531.003998952665
S-B_minervini,THS,2014-10-03,2014-10-06,83.96387999999999,141,2014-10-15,78.0083219916,stop_7pct,-862.5717596652157,-0.0727862837162837,9,7,False,0.7167508417508418,11838.907079999999,10999.1734008156
S-B_minervini,NVDA,2014-02-14,2014-02-18,0.4223637762863534,13525,2014-11-04,0.4810132102614764,half_at_2R,781.0154207704782,0.13658455544455528,259,181,True,0.7023354564755838,5712.47007427293,6505.703668786468
S-B_minervini,HAWK1,2014-09-26,2014-09-29,31.889524999999995,176,2014-11-10,36.478575,half_at_2R,795.6400143999999,0.14161909700021358,42,30,True,0.7230246389124894,5612.5563999999995,6420.2292
S-B_minervini,VNCE,2014-11-28,2014-12-01,377.5415,30,2014-12-02,340.84575,stop_7pct,-1122.4241174999988,-0.09900040257696296,1,1,False,0.7535505430242272,11326.244999999999,10225.3725
S-B_minervini,NKTR,2014-11-28,2014-12-01,249.99874899999998,45,2014-12-03,232.26633773343,stop_7pct,-819.6604358986533,-0.0727862837162836,2,2,False,0.8375104427736006,11249.943705,10451.98519800435
S-B_minervini,NVDA,2014-02-14,2014-02-18,0.4223637762863534,13525,2014-12-15,0.4752379877300613,close_below_sma20_volume,702.9836459178268,0.12293830084399326,300,209,True,0.7023354564755838,5712.47007427293,6427.59378404908
S-B_minervini,MACK,2014-12-12,2014-12-15,51.76308297064777,216,2014-12-15,48.01931799479568,stop_7pct,-830.206233392586,-0.07417849650349617,0,0,False,0.983502538071066,11180.825921659918,10372.172686875867
S-B_minervini,PTCT,2014-12-12,2014-12-15,56.260299999999994,198,2014-12-15,52.1912738025,stop_7pct,-827.140598717895,-0.0741784965034965,0,0,False,0.9936548223350253,11139.5394,10333.872212895
S-B_minervini,MGAM1,2014-11-28,2014-12-01,36.360675,314,2014-12-22,36.3489,delisted,-26.52815655000086,-0.0023211938399156917,21,15,False,0.7564745196324144,11417.25195,11413.5546
S-B_minervini,CMRX,2014-12-19,2014-12-22,41.333074999999994,267,2014-12-23,38.343660350624994,stop_7pct,-819.447399721741,-0.0741784965034964,1,1,False,0.9915361828184511,11035.931024999998,10237.757313616874
S-B_minervini,MACK,2014-12-19,2014-12-22,53.359442095656185,207,2014-12-23,49.50022044608786,stop_7pct,-820.1508316067848,-0.0741784965034964,1,1,False,0.9822259839187474,11045.40451380083,10246.545632340187
S-B_minervini,MDXG,2014-12-19,2014-12-22,11.88965,919,2014-12-23,11.02973106375,stop_7pct,-811.3284136113343,-0.07417849650349628,1,1,False,0.9145154464663563,10926.58835,10136.32284758625
S-B_minervini,HNH,2014-12-26,2014-12-29,47.147574999999996,231,2014-12-29,43.737626638125,stop_7pct,-808.6925531715315,-0.0741784965034965,0,0,False,0.9771089444679949,10891.089825,10103.391753406875
S-B_minervini,HAWK1,2014-09-26,2014-09-29,31.889524999999995,176,2015-01-05,36.658125000000005,close_below_sma20_volume,827.209213600001,0.1472382229903706,98,67,True,0.7230246389124894,5612.5563999999995,6451.830000000001
S-B_minervini,AVNR,2014-12-05,2014-12-08,16.986969999999996,662,2015-01-13,16.9176,delisted,-68.3677653399991,-0.006073561005959127,36,24,False,0.9970451667370198,11245.374139999998,11199.4512
S-B_minervini,IRF,2015-01-09,2015-01-12,40.03999999999999,269,2015-01-14,39.88005,delisted,-64.52504344999761,-0.00598477571379652,2,2,False,0.9217644610903037,10770.759999999998,10727.73345
S-B_minervini,ISRG,2014-12-19,2014-12-22,59.24018099999999,184,2015-01-29,55.03827496167,stop_7pct,-794.177946949665,-0.07278628371628348,38,25,False,0.8954718578078713,10900.193303999999,10127.04259294728
S-B_minervini,EXC,2014-12-19,2014-12-22,17.65716397730343,595,2015-02-09,16.404741336393297,stop_7pct,-765.4583050031797,-0.07278628371628382,49,32,False,0.8713499788404571,10506.012566495541,9760.821095154011
S-B_minervini,LCINQ,2015-01-30,2015-02-02,190.39479999999998,28,2015-02-09,216.50744681999996,half_at_2R,719.7608480490399,0.13487797202797203,7,5,True,0.8256880733944955,5331.054399999999,6062.208510959998
S-B_minervini,SAM,2015-01-23,2015-01-26,320.93061,33,2015-02-17,298.1670018327,stop_7pct,-771.6292907113784,-0.0727862837162837,22,15,False,0.9128803668195081,10590.71013,9839.5110604791
S-B_minervini,FTNT,2014-12-19,2014-12-22,6.042035999999999,914,2015-02-25,6.881033118959998,half_at_2R,755.0316815547103,0.1365845554445555,65,43,True,0.9458315700380872,5522.420903999999,6289.264270729438
S-B_minervini,UVE,2015-01-16,2015-01-20,14.41802819137168,374,2015-02-26,16.395460757818306,half_at_2R,728.0355349840411,0.13487797202797203,37,26,True,0.9704043351396415,5392.342543573009,6131.902323424047
S-B_minervini,CAPL,2014-12-19,2014-12-22,10.95465618243243,997,2015-02-27,10.162360674038005,stop_7pct,-810.9722876751439,-0.0741784965034965,67,45,False,0.898011002962336,10921.792213885134,10131.87359201589
S-B_minervini,TLGT,2015-02-27,2015-03-02,117.29249999999999,95,2015-03-03,108.8093199375,stop_7pct,-827.381778831561,-0.0741784965034964,1,1,False,0.9948652118100129,11142.787499999999,10336.885394062501
S-B_minervini,ALNT,2015-02-20,2015-02-23,17.408478013842164,640,2015-03-06,16.149409841491032,stop_7pct,-827.2806785321391,-0.0741784965034965,11,9,False,0.9897435897435898,11141.425928858986,10335.62229855426
S-B_minervini,TA,2014-12-26,2014-12-29,62.556,87,2015-03-13,72.31875000000001,half_at_2R,837.6251467500006,0.1537543479923109,74,51,True,0.8062738448495125,5442.371999999999,6291.731250000001
S-B_minervini,ANAC1,2015-03-06,2015-03-09,47.507459999999995,115,2015-03-13,54.10434589559999,half_at_2R,746.9565203160055,0.13658455544455528,4,4,True,0.989406779661017,5463.357899999999,6221.999777993999
S-B_minervini,LJPC,2015-03-06,2015-03-09,24.070025,457,2015-03-16,22.329160441875004,stop_7pct,-816.7795308100613,-0.0741784965034964,7,5,False,0.9932203389830508,11000.001425,10204.426321936877
S-B_minervini,FOLD,2015-03-20,2015-03-23,11.56885,975,2015-03-25,10.732132923750001,stop_7pct,-837.5426076944059,-0.0741784965034965,2,2,False,0.9995755517826825,11279.62875,10463.82960065625
S-B_minervini,LCINQ,2015-01-30,2015-02-02,190.39479999999998,28,2015-03-26,251.748,close_below_sma20_volume,1705.5096016000007,0.3196001518581759,52,37,True,0.8256880733944955,5331.054399999999,7048.9439999999995
S-B_minervini,ANIP,2015-02-13,2015-02-17,64.029675,171,2015-03-26,59.398728755625,stop_7pct,-812.9980648303354,-0.0741784965034964,37,27,False,0.9948805460750854,10949.074424999999,10157.182617211874
S-B_minervini,UVE,2015-01-16,2015-01-20,14.41802819137168,375,2015-03-27,16.302494654504688,close_below_sma20_volume,695.1547276076744,0.12844294806894174,66,47,True,0.9704043351396415,5406.76057176438,6113.435495439258
S-B_minervini,ZBRA,2015-01-23,2015-01-26,84.25416999999999,64,2015-04-10,95.95370404619997,half_at_2R,737.236875017843,0.1365845554445555,74,52,True,0.944560233430596,5392.266879999999,6141.037058956798
S-B_minervini,FTNT,2014-12-19,2014-12-22,6.042035999999999,915,2015-04-14,6.845148,close_below_sma20_volume,723.0557066400006,0.13065717923881648,113,76,True,0.9458315700380872,5528.4629399999985,6263.31042
S-B_minervini,BX,2015-01-30,2015-02-02,21.144279582506037,217,2015-04-20,24.30931341176471,half_at_2R,676.9489112693745,0.14739039749882754,77,53,True,0.7364470391993327,4588.30866940381,5275.121010352942
S-B_minervini,JBSS,2015-03-27,2015-03-30,25.037140206896552,219,2015-04-20,28.47098398627241,half_at_2R,740.2935084850087,0.1348779720279718,21,14,True,0.9698897370653096,5483.133705310345,6235.145492993658
S-B_minervini,CRDF,2015-04-17,2015-04-20,642.4009974999999,17,2015-04-23,595.9393453558125,stop_7pct,-810.8998722797332,-0.07417849650349628,3,3,False,0.9313322368421053,10920.8169575,10130.968871048814
S-B_minervini,TA,2014-12-26,2014-12-29,62.556,87,2015-04-28,84.08925,close_below_sma20_volume,1860.6346132500003,0.34153781428623176,120,82,True,0.8062738448495125,5442.371999999999,7315.76475
S-B_minervini,ANAC1,2015-03-06,2015-03-09,47.507459999999995,116,2015-04-28,59.02092,close_below_sma20_volume,1323.20406792,0.2398683508635504,50,35,True,0.989406779661017,5510.86536,6846.4267199999995
S-B_minervini,RAVE,2015-04-24,2015-04-27,15.69915,720,2015-04-28,14.56370897625,stop_7pct,-839.3067955628994,-0.0741784965034965,1,1,False,0.9852156057494866,11303.387999999999,10485.8704629
S-B_minervini,TGNA,2015-04-02,2015-04-06,14.798479727554179,748,2015-04-30,13.748823560478762,stop_7pct,-806.49619583186,-0.0727862837162836,24,18,False,0.8385631709331132,11069.262836210526,10284.120023238114
S-B_minervini,CNK,2015-03-27,2015-03-30,36.96437674412357,297,2015-05-05,34.34249350166289,stop_7pct,-799.877463473822,-0.0727862837162837,36,25,False,0.9168787107718406,10978.4198930047,10199.720569993877
S-B_minervini,ELX,2015-05-01,2015-05-04,8.030025,1387,2015-05-05,7.970025000000001,delisted,-105.412069349999,-0.009455029825451988,1,1,False,0.9259110933119744,11137.644675,11054.424675
S-B_minervini,ZBRA,2015-01-23,2015-01-26,84.25416999999999,65,2015-05-06,90.6093,close_below_sma50,401.7173244500009,0.07327936928893197,100,70,True,0.944560233430596,5476.521049999999,5889.6045
S-B_minervini,TRW,2015-05-08,2015-05-11,105.52542,104,2015-05-15,105.19635,delisted,-56.138344080000024,-0.0051101669861396415,4,4,False,0.7419488026424442,10974.64368,10940.420399999999
S-B_minervini,BGC,2015-05-01,2015-05-04,4.135013530591775,2693,2015-05-19,3.8417170208669007,stop_7pct,-811.3288360641636,-0.0727862837162836,15,11,False,0.8786543852623148,11135.59143788365,10345.743937194564
S-B_minervini,AMBA,2015-05-15,2015-05-18,79.93986,69,2015-05-28,91.04030895959998,half_at_2R,754.1333465541866,0.13658455544455528,10,7,True,0.9913294797687862,5515.85034,6281.781318212399
S-B_minervini,BX,2015-01-30,2015-02-02,21.144279582506037,217,2015-06-05,25.000163490566038,close_below_sma20_volume,826.7134639021633,0.1799982598888994,123,86,True,0.7364470391993327,4588.30866940381,5425.0354774528305
S-B_minervini,ISLE1,2015-06-05,2015-06-08,15.528725,367,2015-06-09,17.658489633749998,half_at_2R,769.4439128156628,0.1348779720279718,1,1,True,0.972753151687678,5699.042075,6480.665695586249
S-B_minervini,AMN,2015-05-08,2015-05-11,25.142699999999998,219,2015-06-10,28.591021304999998,half_at_2R,743.4146808292044,0.1348779720279718,30,21,True,0.9760528488852188,5506.2513,6261.433665795
S-B_minervini,OPK,2015-05-15,2015-05-18,16.906889999999997,655,2015-06-11,15.707684292299998,stop_7pct,-806.8422847049569,-0.0727862837162837,24,17,False,0.9644921552436003,11074.012949999998,10288.533211456499
S-B_minervini,CORT,2015-06-12,2015-06-15,6.6766499999999995,875,2015-06-22,7.592352547499999,half_at_2R,788.7543518334369,0.13487797202797203,7,5,True,0.985353946297803,5842.068749999999,6643.308479062499
S-B_minervini,AMBA,2015-05-15,2015-05-18,79.93986,69,2015-06-23,98.19171,close_below_sma20_volume,1247.086571670001,0.2258655790394526,36,25,True,0.9913294797687862,5515.85034,6775.22799
S-B_minervini,CORT,2015-06-12,2015-06-15,6.6766499999999995,875,2015-06-24,6.6599583749999995,breakeven_stop,-26.27470420312511,-0.0044930069930070315,9,7,True,0.985353946297803,5842.068749999999,5827.463578125
S-B_minervini,ET,2015-05-01,2015-05-04,13.527609067039103,823,2015-06-25,12.56809575591402,stop_7pct,-811.1562201252327,-0.0727862837162836,52,37,False,0.8774529435322387,11133.222262173182,10343.54280711724
S-B_minervini,JBSS,2015-03-27,2015-03-30,25.037140206896552,220,2015-07-01,30.313243848368526,close_below_sma20_volume,1148.565716631676,0.2083120386992272,93,65,True,0.9698897370653096,5508.170845517241,6668.9136466410755
S-B_minervini,ISLE1,2015-06-05,2015-06-08,15.528725,368,2015-07-07,18.324075,close_below_sma20_volume,1016.2309696000011,0.17765389377031693,29,20,True,0.972753151687678,5714.5707999999995,6743.2596
S-B_minervini,WWE,2015-06-26,2015-06-29,15.629651870437952,743,2015-07-07,14.499237298908529,stop_7pct,-862.2837912991836,-0.07417849650349617,8,5,False,0.9021431459765467,11612.831339735398,10772.933313089037
S-B_minervini,AMN,2015-05-08,2015-05-11,25.142699999999998,220,2015-07-09,30.054675,close_below_sma20_volume,1068.4910775000017,0.19297552368284654,59,41,True,0.9760528488852188,5531.393999999999,6612.0285
S-B_minervini,NVAX,2015-06-26,2015-06-29,212.41219999999996,27,2015-07-09,241.90775809199994,half_at_2R,784.113429615516,0.1365845554445555,10,7,True,0.98099474322685,5735.129399999999,6531.509468483999
S-B_minervini,TVTX,2015-05-29,2015-06-01,31.719099999999997,178,2015-07-14,36.069374565,half_at_2R,762.2825240974298,0.13487797202797203,43,30,True,0.981420313790256,5645.9998,6420.3486725699995
S-B_minervini,ANDV,2015-07-02,2015-07-06,84.11960009299528,68,2015-07-16,95.8004477619086,half_at_2R,782.0630782319713,0.13658455544455528,10,8,True,0.9081954294720253,5720.13280632368,6514.430447809785
S-B_minervini,CF,2015-01-09,2015-01-12,43.04066428848868,125,2015-07-17,49.01729093158821,half_at_2R,735.5710859849314,0.13658455544455528,186,129,True,0.7765293383270911,5380.083036061084,6127.161366448526
S-B_minervini,SCMP,2015-07-17,2015-07-20,24.270525,498,2015-07-20,22.515159279375002,stop_7pct,-897.4713996423761,-0.07417849650349628,0,0,False,0.9917127071823204,12086.72145,11212.54932112875
S-B_minervini,CF,2015-01-09,2015-01-12,43.04066428848868,125,2015-07-23,45.925267849486524,close_below_sma50,349.4547036074837,0.06488851485553737,192,133,True,0.7765293383270911,5380.083036061084,5740.658481185816
S-B_minervini,TVTX,2015-05-29,2015-06-01,31.719099999999997,179,2015-07-27,31.63980225,breakeven_stop,-25.53554075275042,-0.0044930069930070315,56,39,True,0.981420313790256,5677.7189,5663.52460275
S-B_minervini,NVAX,2015-06-26,2015-06-29,212.41219999999996,27,2015-07-28,233.766,close_below_sma20_volume,564.5057886000013,0.09833114606851723,29,20,True,0.98099474322685,5735.129399999999,6311.682
S-B_minervini,ANDV,2015-07-02,2015-07-06,84.11960009299528,68,2015-07-31,89.3355883418944,close_below_sma20_volume,342.8922481115669,0.059884920509968076,25,19,True,0.9081954294720253,5720.13280632368,6074.820007248819
S-B_minervini,ABMD,2015-07-24,2015-07-27,72.79271999999999,81,2015-08-04,85.64427,half_at_2R,1028.1421538100012,0.17419918609199647,8,6,True,0.9862041781631848,5896.210319999999,6937.18587
S-B_minervini,CBRE,2015-04-02,2015-04-06,38.83879999999999,285,2015-08-21,35.964,stop_7pct,-840.6367979999959,-0.07586887709857493,137,97,False,0.8534269199009084,11069.057999999997,10249.74
S-B_minervini,CRM,2015-05-01,2015-05-04,71.0914357784916,156,2015-08-24,64.55918223968084,stop_7pct,-1040.1930484653149,-0.09369965370611288,112,78,False,0.8370044052863436,11090.26398144469,10071.232429390211
S-B_minervini,MKTX,2015-06-26,2015-06-29,85.01405878737003,136,2015-08-24,78.98401159758188,stop_7pct,-842.3901553835422,-0.0727862837162837,56,39,False,0.9393449251920744,11561.911995082324,10741.825577271136
S-B_minervini,BYD,2015-07-10,2015-07-13,15.127432832422588,781,2015-08-24,14.033341252817626,stop_7pct,-877.2600882320457,-0.07417849650349617,42,30,False,0.8266877220686932,11814.52504212204,10960.039518450567
S-B_minervini,FNF,2015-07-10,2015-07-13,18.988731479444883,622,2015-08-24,17.64186075560786,stop_7pct,-860.537818596833,-0.0727862837162837,42,30,False,0.8499802605606,11810.990980214718,10973.237389988088
S-B_minervini,NUVA,2015-07-31,2015-08-03,54.93488,216,2015-08-24,49.320629999999994,stop_7pct,-1235.197190160001,-0.10399208512483726,21,15,False,0.837407838571983,11865.934079999999,10653.25608
S-B_minervini,RCL,2015-07-31,2015-08-03,78.85651755657355,150,2015-08-24,70.3278834185022,stop_7pct,-1301.672780856965,-0.10993573718795435,21,15,False,0.8649592549476135,11828.477633486033,10549.182512775329
S-B_minervini,SABR,2015-08-07,2015-08-10,24.66464,487,2015-08-24,22.9151770848,stop_7pct,-875.1598106226975,-0.0727862837162837,14,10,False,0.8741749174917491,12011.67968,11159.6912402976
S-B_minervini,HRTX,2015-08-21,2015-08-24,32.841899999999995,177,2015-08-24,37.34616658499999,half_at_2R,784.8318977594545,0.13487797202797203,0,0,True,0.9975206611570248,5813.016299999999,6610.2714855449985
S-B_minervini,HRTX,2015-08-21,2015-08-24,32.841899999999995,178,2015-08-25,32.759795249999996,breakeven_stop,-26.29174725450048,-0.0044930069930070315,1,1,True,0.9975206611570248,5845.858199999999,5831.243554499999
S-B_minervini,LOXO,2015-09-11,2015-09-14,22.937199999999997,493,2015-09-15,21.27826701,stop_7pct,-839.6521893059289,-0.0741784965034964,1,1,False,0.9325980392156863,11308.039599999998,10490.18563593
S-B_minervini,ABMD,2015-07-24,2015-07-27,72.79271999999999,81,2015-09-25,99.06084,close_below_sma20_volume,2113.7975816400003,0.3581429055509431,60,43,True,0.9862041781631848,5896.210319999999,8023.92804
S-B_minervini,SSNI,2015-09-18,2015-09-21,13.764325,821,2015-09-28,12.768820194375,stop_7pct,-839.0931576227067,-0.0741784965034965,7,5,False,0.866067782768477,11300.510825,10483.201379581875
S-B_minervini,THOR1,2015-07-24,2015-07-27,62.91284999999999,187,2015-10-08,63.29137500000001,delisted,47.18398492500273,0.004006633085192002,73,52,False,0.9503350413874655,11764.702949999999,11835.487125000001
S-B_minervini,NHTC,2015-10-09,2015-10-12,10.814215484194682,517,2015-10-13,12.29738513785198,half_at_2R,754.8500134192254,0.1348779720279718,1,1,True,0.994960100797984,5590.949405328651,6357.748116269474
S-B_minervini,MCHB,2015-09-25,2015-09-28,18.2580822650498,612,2015-10-19,16.937566465230077,stop_7pct,-829.695406512601,-0.07417849650349628,21,15,False,0.8097759674134419,11173.946346210478,10365.790676720808
S-B_minervini,PAYC,2015-10-16,2015-10-19,41.062962440009784,274,2015-10-20,38.15036651413989,stop_7pct,-819.7557358217873,-0.0727862837162837,1,1,False,0.9861460957178841,11251.25170856268,10453.20042487433
S-B_minervini,DMRC,2015-10-16,2015-10-19,38.385724999999994,293,2015-10-22,35.609477439375,stop_7pct,-835.1211295778594,-0.07417849650349628,3,3,False,0.8883291351805206,11247.017424999998,10433.576889736874
S-B_minervini,HCKT,2015-10-23,2015-10-26,13.424518005050505,825,2015-10-26,12.453589740335229,stop_7pct,-822.3652572800474,-0.0741784965034965,0,0,False,0.9924464960134285,11075.227354166667,10274.211535776563
S-B_minervini,SPSC,2015-10-09,2015-10-12,38.851887500000004,288,2015-10-27,36.04192473656251,stop_7pct,-830.8386937941268,-0.07417849650349617,15,11,False,0.8903821923561529,11189.3436,10380.074324130002
S-B_minervini,WWE,2015-10-23,2015-10-26,18.908304247957712,586,2015-10-29,17.135100888441634,stop_7pct,-1060.2186040863526,-0.0955897103000325,3,3,False,0.9295006294586655,11080.26628930322,10041.169120626797
S-B_minervini,TCX,2015-10-23,2015-10-26,28.33065,391,2015-10-30,26.28163573875,stop_7pct,-822.5179798726003,-0.0741784965034964,4,4,False,0.9668485102811583,11077.28415,10276.11957385125
S-B_minervini,PEGA,2015-10-09,2015-10-12,12.76824253934741,438,2015-11-04,14.541240698361191,half_at_2R,764.6116399899201,0.1365845554445555,23,17,True,0.8257034859302814,5592.490232234166,6369.063425882202
S-B_minervini,CSGS,2015-10-30,2015-11-02,26.981265110305003,204,2015-11-05,30.68174562018333,half_at_2R,743.1347698261588,0.1348779720279718,3,3,True,0.8227635447291054,5504.178082502221,6259.076106517399
S-B_minervini,BKNG,2015-10-30,2015-11-02,57.18591509697042,192,2015-11-09,53.12971813914231,stop_7pct,-799.97041748433,-0.0727862837162836,7,5,False,0.7879042419151617,10979.695698618321,10200.905882715324
S-B_minervini,PFSW,2015-10-30,2015-11-02,9.262549313358301,1190,2015-11-11,8.592635434269663,stop_7pct,-818.4451859651563,-0.0741784965034964,9,7,False,0.8597228055438891,11022.433682896379,10225.2361667809
S-B_minervini,CTSH,2015-10-23,2015-10-26,60.13103312432432,180,2015-11-17,55.865938944816,stop_7pct,-788.5964072839415,-0.07278628371628348,22,16,False,0.9143936214855225,10823.585962378378,10055.869010066881
S-B_minervini,NHTC,2015-10-09,2015-10-12,10.814215484194682,517,2015-11-18,13.765584434516814,close_below_sma20_volume,1513.1499907585685,0.27037238987808454,37,27,True,0.994960100797984,5590.949405328651,7116.807152645193
S-B_minervini,CSGS,2015-10-30,2015-11-02,26.981265110305003,204,2015-12-02,28.586537076663856,close_below_sma20_volume,316.1396494910641,0.05737892577811077,30,21,True,0.8227635447291054,5504.178082502221,5831.6535636394265
S-B_minervini,MXIM,2015-10-16,2015-10-19,33.75174730002523,334,2015-12-04,31.21252451480996,stop_7pct,-869.7984770480543,-0.07708002339649533,46,33,False,0.9105793450881612,11273.083598208426,10424.983187946527
S-B_minervini,DMC,2015-10-30,2015-11-02,36.68798797029702,300,2015-12-08,34.085708983563855,stop_7pct,-801.9158051061095,-0.07278628371628382,36,25,False,0.8979420411591769,11006.396391089107,10225.712695069156
S-B_minervini,CYT1,2015-12-04,2015-12-07,75.21513999999999,145,2015-12-09,74.98207500000001,delisted,-55.57302117499785,-0.005090455667094651,2,2,False,0.9212730318257957,10906.1953,10872.400875000001
S-B_minervini,PEGA,2015-10-09,2015-10-12,12.76824253934741,438,2015-12-14,13.229157379955948,close_below_sma50,190.49383902188492,0.03402840730762868,63,44,True,0.8257034859302814,5592.490232234166,5794.370932420706
S-B_minervini,CHDN,2015-10-30,2015-11-02,23.186468030088854,475,2015-12-14,21.54185185271465,stop_7pct,-802.4386361970774,-0.0727862837162837,42,29,False,0.8975220495590088,11013.572314292205,10232.379630039459
S-B_minervini,NFLX,2015-11-20,2015-11-23,12.442429999999998,875,2015-12-14,11.559888440099998,stop_7pct,-793.2258935475857,-0.0727862837162836,21,14,False,0.9907172995780591,10887.126249999998,10114.902385087498
S-B_minervini,CVT1,2015-11-27,2015-11-30,36.089999999999996,304,2015-12-14,33.47979075,stop_7pct,-814.6528283879979,-0.07417849650349628,14,10,False,0.8255912162162162,10971.359999999999,10177.856388
S-B_minervini,WDFC,2015-09-25,2015-09-28,76.28555919776119,73,2015-12-17,86.74812364173413,half_at_2R,751.8657455627417,0.13487797202797203,80,57,True,0.8289205702647657,5568.845821436566,6332.613025846591
S-B_minervini,ALK,2015-12-04,2015-12-07,79.72516144318314,136,2015-12-18,74.07025574201816,stop_7pct,-789.9833520956254,-0.07278628371628382,11,9,False,0.9095477386934674,10842.621956272907,10073.55478091447
S-B_minervini,WDFC,2015-09-25,2015-09-28,76.28555919776119,73,2015-12-21,84.31538405821746,close_below_sma20_volume,574.4533459556224,0.10305177857143333,84,59,True,0.8289205702647657,5568.845821436566,6155.023036249875
S-B_minervini,FPRX,2015-12-18,2015-12-21,45.102475,231,2015-12-23,41.840438495625,stop_7pct,-773.6142455281133,-0.0741784965034964,2,2,False,0.9739823751573646,10418.671725,9665.141292489376
S-B_minervini,PACB,2015-12-24,2015-12-28,13.393399999999998,775,2016-01-04,12.424722345,stop_7pct,-770.7342274423754,-0.0741784965034965,7,4,False,0.9685138539042821,10379.884999999998,9629.159817374999
S-B_minervini,CYNO,2015-12-31,2016-01-04,44.641325,232,2016-01-04,41.412641169375,stop_7pct,-769.0191688562973,-0.07417849650349673,0,0,False,0.9579076420106253,10356.787400000001,9607.732751295
S-B_minervini,HSKA,2015-12-24,2015-12-28,37.984725,273,2016-01-05,35.237479764375,stop_7pct,-769.9876112263009,-0.07417849650349662,8,5,False,0.9844668345927792,10369.829925,9619.831975674375
S-B_minervini,NUAN,2015-11-20,2015-11-23,17.277951483505657,590,2016-01-07,16.0524263847806,stop_7pct,-742.7247311900719,-0.0727862837162837,45,30,False,0.8265822784810126,10193.991375268337,9470.931567020554
S-B_minervini,ALKS,2015-12-18,2015-12-21,73.0709060134228,142,2016-01-07,67.88798664989073,stop_7pct,-755.9907123797439,-0.07278628371628348,17,11,False,0.882920688208141,10376.068653906037,9640.094104284484
S-B_minervini,DYAX,2016-01-15,2016-01-19,38.208169999999996,261,2016-01-22,38.313975,delisted,7.642825155000537,0.000765637333549396,3,3,False,0.9978929624947324,9972.332369999998,9999.947474999999
S-B_minervini,CHUY,2016-01-08,2016-01-11,33.9647,293,2016-02-02,31.508203072500002,stop_7pct,-738.937160357742,-0.0741784965034964,22,15,False,0.9755789473684211,9951.6571,9231.9035002425
S-B_minervini,HOFT,2016-03-18,2016-03-21,23.424145836391865,423,2016-03-23,21.729994488774828,stop_7pct,-735.7262213995509,-0.07417849650349617,2,2,False,0.9934497816593887,9908.413688793758,9191.787668751753
S-B_minervini,SNX,2016-03-18,2016-03-21,43.27625983134224,229,2016-03-24,39.823579417256454,stop_7pct,-809.6936780135729,-0.08162091685129569,3,3,False,0.9187772925764193,9910.263501377372,9119.599686551728
S-B_minervini,FIVN,2016-03-24,2016-03-28,9.08265,1071,2016-04-05,8.42574733875,stop_7pct,-722.2942437485526,-0.07417849650349662,8,6,False,0.9864391951006124,9727.51815,9023.97539980125
S-B_minervini,MG,2016-04-01,2016-04-04,26.175275,373,2016-04-07,24.282148235625,stop_7pct,-724.9569019787632,-0.0741784965034965,3,3,False,0.9313599313599313,9763.377575,9057.241291888125
S-B_minervini,UFPI,2016-04-01,2016-04-04,25.734215903216132,379,2016-04-08,23.87298873801603,stop_7pct,-724.2062261698647,-0.07417849650349628,4,4,False,0.9785499785499786,9753.267827318914,9047.862731708075
S-B_minervini,MKC,2016-04-01,2016-04-04,40.976398674411676,238,2016-04-20,38.06994271643566,stop_7pct,-710.549547249313,-0.0727862837162836,16,12,False,0.9253539253539254,9752.38288450998,9060.646366511688
S-B_minervini,HPY,2016-04-08,2016-04-11,101.55144999999999,94,2016-04-25,102.83227500000001,delisted,101.1854798500026,0.01058937030530771,14,10,False,0.9952749140893471,9545.836299999999,9666.23385
S-B_minervini,ABCW,2016-04-22,2016-04-25,47.095445,202,2016-05-02,47.74035,delisted,111.11397940999996,0.011668213036625685,7,5,False,0.9437526835551739,9513.27989,9643.5507
S-B_minervini,NTLS,2016-03-18,2016-03-21,9.24305,1072,2016-05-09,9.23685,delisted,-26.45685279999998,-0.002667436047110505,49,34,False,0.9965065502183406,9908.5496,9901.9032
S-B_minervini,ROCK,2016-05-06,2016-05-09,29.984775,321,2016-05-09,27.816126148125,stop_7pct,-714.6903707204219,-0.0741784965034964,0,0,False,0.9817391304347826,9625.112775,8928.976493548125
S-B_minervini,MITK,2016-04-29,2016-05-02,7.4586,643,2016-05-10,8.48154699,half_at_2R,647.5054000554301,0.13487797202797203,8,6,True,0.9978531558608845,4795.8798,5453.63471457
S-B_minervini,EW,2016-04-08,2016-04-11,35.098062999999996,252,2016-05-19,32.608557391409995,stop_7pct,-644.4174817033163,-0.07278628371628382,38,28,False,0.970360824742268,8844.711876,8217.356462635318
S-B_minervini,CNSL,2016-05-13,2016-05-16,19.204072485414237,502,2016-05-19,17.815137942906656,stop_7pct,-715.8287839738205,-0.07417849650349606,3,3,False,0.9482158398607484,9640.444387677946,8943.199247339142
S-B_minervini,CSC,2016-05-20,2016-05-23,34.662829343999995,139,2016-05-25,46.88569126554788,half_at_2R,1687.6425627304288,0.34991904718306355,2,2,True,0.8568320278503047,4818.133278815999,6517.111085911155
S-B_minervini,MITK,2016-04-29,2016-05-02,7.4586,643,2016-06-02,7.4399535,breakeven_stop,-21.569469400499656,-0.0044930069930069205,31,22,True,0.9978531558608845,4795.8798,4783.8901005
S-B_minervini,AMWD,2016-05-27,2016-05-31,82.205,123,2016-06-02,75.81,stop_7pct,-806.0208449999991,-0.0796358923601791,2,2,False,0.9777874564459931,10111.215,9324.630000000001
S-B_minervini,CRVL,2016-06-03,2016-06-06,16.711675,597,2016-06-10,15.503003105625002,stop_7pct,-740.8092837709337,-0.07417849650349662,4,4,False,0.9819432502149613,9976.869975,9255.292854058125
S-B_minervini,EBS,2016-04-08,2016-04-11,36.89529903670918,236,2016-06-22,34.2268465338792,stop_7pct,-646.5396170225358,-0.0741784965034964,72,51,False,0.936426116838488,8707.290572663367,8077.535781995491
S-B_minervini,INGR,2016-04-01,2016-04-04,84.38407245846264,57,2016-06-23,96.10164476004475,half_at_2R,657.6139353087246,0.13658455544455506,80,57,True,0.9532389532389532,4809.892130132371,5477.793751322551
S-B_minervini,WBMD,2016-04-01,2016-04-04,62.102039999999995,157,2016-06-27,57.532410000000006,stop_7pct,-736.2145186499984,-0.07543359075047873,84,59,False,0.9519519519519519,9750.020279999999,9032.588370000001
S-B_minervini,CSC,2016-05-20,2016-05-23,34.662829343999995,140,2016-06-27,48.242568965222965,close_below_sma20_volume,1889.556791207924,0.3889858712406469,35,24,True,0.8568320278503047,4852.79610816,6753.959655131215
S-B_minervini,GAS,2015-11-27,2015-11-30,61.73390365222949,177,2016-07-01,65.805075,delisted,698.0229293339344,0.06381732635337012,214,148,False,0.7694256756756757,10926.90094644462,11647.498275
S-B_minervini,CPXX,2016-06-03,2016-06-06,30.315599999999996,329,2016-07-12,30.1644,delisted,-69.64271999999983,-0.006975568072824956,36,25,False,1.0,9973.8324,9924.0876
S-B_minervini,ZEUS,2016-07-15,2016-07-18,27.809313276028277,355,2016-07-20,25.762501405063297,stop_7pct,-745.6362084043576,-0.07545261472006792,2,2,False,0.9905814905814906,9872.306212990039,9145.68799879747
S-B_minervini,SIX,2016-04-01,2016-04-04,45.72384054818135,175,2016-08-08,42.48064853809885,stop_7pct,-582.9943873545371,-0.0727862837162837,126,88,False,0.8931788931788932,8001.672095931736,7434.113494167298
S-B_minervini,INGR,2016-04-01,2016-04-04,84.38407245846264,58,2016-09-12,104.19523063302073,close_below_sma20_volume,1138.109574545063,0.23230658730319553,161,112,True,0.9532389532389532,4894.276202590833,6043.323376715202
S-B_minervini,NVDA,2016-07-29,2016-08-01,1.4050969231311705,3445,2016-09-22,1.6002086818771646,half_at_2R,661.8067310706956,0.13658455544455528,52,37,True,0.9959033183121672,4840.558900186882,5512.718909066832
S-B_minervini,ELLI,2016-07-01,2016-07-05,91.19109999999998,53,2016-09-29,103.85389614599997,half_at_2R,660.7908109422615,0.13658455544455528,86,61,True,0.8998390989541432,4833.1282999999985,5504.256495737998
S-B_minervini,MO,2016-06-24,2016-06-27,33.33528976932135,288,2016-10-04,30.97081766598339,stop_7pct,-699.4881247026988,-0.07278628371628348,99,69,False,0.9532188841201716,9600.563453564548,8919.595487803217
S-B_minervini,BEAT1,2016-10-07,2016-10-10,20.6515,470,2016-10-13,19.102125,stop_7pct,-746.8904537500002,-0.07687291886381542,3,3,False,0.9516061743846475,9706.205,8977.99875
S-B_minervini,ITC,2016-07-01,2016-07-05,46.54568078688524,209,2016-10-14,45.386250000000004,delisted,-261.5348079934738,-0.026857757453174647,101,72,False,0.9404666130329847,9728.047284459015,9485.726250000002
S-B_minervini,FSB,2016-09-09,2016-09-12,36.896812265562914,196,2016-10-19,34.20452584191176,stop_7pct,-541.62400130469,-0.07482020708874593,37,27,False,0.9526026237833263,7231.775204050331,6704.087065014705
S-B_minervini,MKC,2016-06-24,2016-06-27,41.489451545105744,232,2016-10-20,38.5466047470114,stop_7pct,-701.3088222176593,-0.0727862837162836,115,81,False,0.9025751072961373,9625.552758464533,8942.812301306645
S-B_minervini,S2,2016-10-14,2016-10-17,7.017009999999999,1369,2016-10-21,6.519293480699999,stop_7pct,-699.9051143867782,-0.0727862837162837,4,4,False,0.9553608677513559,9606.286689999999,8924.9127750783
S-B_minervini,TFX,2016-06-10,2016-06-13,164.05251018702373,60,2016-10-25,152.41626563945815,stop_7pct,-717.1627994035225,-0.07278628371628348,134,94,False,0.9174548581255374,9843.150611221423,9144.975938367488
S-B_minervini,ELLI,2016-07-01,2016-07-05,91.19109999999998,54,2016-10-28,102.897,close_below_sma50,621.6378426000019,0.12611221477108647,115,82,True,0.8998390989541432,4924.3193999999985,5556.438
S-B_minervini,KMG,2016-10-14,2016-10-17,28.775721694492248,333,2016-10-31,26.6945176229381,stop_7pct,-711.512545520236,-0.0741784965034964,14,10,False,0.9023779724655819,9582.31532426592,8889.274368438388
S-B_minervini,PAYC,2016-10-28,2016-10-31,50.307667036535854,187,2016-11-02,41.30132095194508,stop_7pct,-1701.31759857232,-0.18066562696640465,2,2,False,0.8581560283687943,9407.533735832205,7723.34701801373
S-B_minervini,HTGC,2016-10-28,2016-10-31,4.801656920131291,1959,2016-11-04,4.454377083382796,stop_7pct,-698.4537708031858,-0.0741784965034964,4,4,False,0.8773466833541927,9406.445906537198,8726.124706346896
S-B_minervini,KRNY,2016-03-18,2016-03-21,8.381690556672027,591,2016-11-09,9.531239416519595,half_at_2R,668.7968345557565,0.13487797202797203,233,163,True,0.8991266375545851,4953.579118993168,5632.96249516308
S-B_minervini,NTRI,2016-10-21,2016-10-24,31.1099307970451,309,2016-11-09,28.859905052148815,stop_7pct,-713.7886344503513,-0.07417849650349628,16,12,False,0.8611342785654712,9612.968616286935,8917.710661113984
S-B_minervini,SXCP,2016-10-21,2016-10-24,12.096613880597014,397,2016-11-09,13.755664474320893,half_at_2R,648.3797312014776,0.13487797202797203,16,12,True,0.9649708090075062,4802.355710597014,5460.9987963053945
S-B_minervini,SWBI,2016-11-04,2016-11-07,18.03736732136445,509,2016-11-09,16.08743765547264,stop_7pct,-1009.8837256721399,-0.10988701195448292,2,2,False,0.9469334493257938,9181.019966574504,8188.505766635574
S-B_minervini,PF,2016-10-21,2016-10-24,49.214028223485585,202,2016-11-10,45.72327720159375,stop_7pct,-724.3090421180168,-0.07278628371628382,17,13,False,0.7147623019182652,9941.233701144089,9236.101994721937
S-B_minervini,NVDA,2016-07-29,2016-08-01,1.4050969231311705,3445,2016-11-11,1.9489831268758528,close_below_sma20_volume,1862.1331661281565,0.38430952532425566,102,73,True,0.9959033183121672,4840.558900186882,6714.246872087313
S-B_minervini,KRO,2016-11-11,2016-11-14,6.616718886462882,696,2016-11-21,7.524201881741266,half_at_2R,621.7660838590855,0.13487797202797203,7,5,True,0.9590235396687009,4605.236344978166,5236.844509691921
S-B_minervini,SWC,2016-11-11,2016-11-14,14.826975,310,2016-12-09,17.47251,half_at_2R,810.1030096499999,0.17607265744427902,25,18,True,0.9367916303400174,4596.36225,5416.4781
S-B_minervini,CNP,2016-05-13,2016-05-16,15.977806268884892,302,2016-12-12,18.196484447382247,half_at_2R,659.7201741098879,0.13658455544455528,210,146,True,0.8172323759791122,4825.2974932032375,5495.338303109438
S-B_minervini,KRO,2016-11-11,2016-11-14,6.616718886462882,696,2016-12-13,7.455550403225807,close_below_sma20_volume,574.0324362413721,0.12452324578073903,29,20,True,0.9590235396687009,4605.236344978166,5189.063080645162
S-B_minervini,ABM,2016-11-11,2016-11-14,34.54369576939202,266,2016-12-14,32.09351142846905,stop_7pct,-669.4745318001442,-0.07278628371628382,30,21,False,0.8814298169136879,9188.623074658279,8536.874039972767
S-B_minervini,KRNY,2016-03-18,2016-03-21,8.381690556672027,591,2016-12-15,10.32662359223301,close_below_sma20_volume,1138.398810354539,0.22958380627155206,269,188,True,0.8991266375545851,4953.579118993168,6103.0345430097095
S-B_minervini,RMP,2016-08-12,2016-08-15,19.86836912940057,246,2016-12-23,22.62729086670913,half_at_2R,668.2408150188621,0.13658455544455506,130,92,True,0.8805272108843537,4887.618805832541,5566.313553210446
S-B_minervini,RBA,2016-11-11,2016-11-14,30.911488008849556,298,2016-12-27,28.71893616438186,stop_7pct,-671.1503160549983,-0.07278628371628382,43,29,False,0.8461203138622494,9211.623426637168,8558.242976985794
S-B_minervini,EPM,2016-12-16,2016-12-19,5.14842271573604,1863,2017-01-09,4.776063042820431,stop_7pct,-712.1953876099706,-0.0741784965034965,21,13,False,0.9504541701073493,9591.511519416243,8897.805448774463
S-B_minervini,SXCP,2016-10-21,2016-10-24,12.096613880597014,397,2017-01-10,14.17029193548387,close_below_sma50,812.8222261810979,0.16908581223446828,78,53,True,0.9649708090075062,4802.355710597014,5625.605898387096
S-B_minervini,TVTY,2017-01-06,2017-01-09,24.310624999999998,395,2017-01-18,22.552359046875,stop_7pct,-713.0259301828883,-0.07417849650349628,9,6,False,0.9093507554103716,9602.696875,8908.181823515626
S-B_minervini,RMP,2016-08-12,2016-08-15,19.86836912940057,246,2017-01-19,21.67017756676558,close_below_sma20_volume,433.0263931045347,0.08850808880369354,157,108,True,0.8805272108843537,4887.618805832541,5330.863681424333
S-B_minervini,COHR,2017-01-20,2017-01-23,31.027375,153,2017-01-24,35.3358362925,half_at_2R,649.0410064247471,0.13658455544455528,1,1,True,0.8650306748466258,4747.188375,5406.3829527524995
S-B_minervini,VATE,2017-01-06,2017-01-09,23.757032303412462,404,2017-01-26,22.03880494206816,stop_7pct,-712.6653722302708,-0.07417849650349617,17,12,False,0.9432421396488363,9597.841050578634,8903.677196595538
S-B_minervini,ARRY1,2017-01-13,2017-01-17,10.927249999999999,875,2017-01-30,10.13693664375,stop_7pct,-709.9553500320308,-0.0741784965034965,13,9,False,0.9812091503267973,9561.34375,8869.81956328125
S-B_minervini,CARB,2017-02-03,2017-02-06,21.0525,452,2017-02-10,19.201875,stop_7pct,-854.6774774999976,-0.08972760406675595,4,4,False,0.9614107883817428,9515.73,8679.247500000001
S-B_minervini,TPL,2017-01-06,2017-01-09,31.58223486082503,304,2017-02-16,29.34210694214671,stop_7pct,-699.5198871863122,-0.0727862837162837,38,27,False,0.9738668844426297,9600.999397690808,8920.0005104126
S-B_minervini,ARIA1,2017-01-13,2017-01-17,23.693669999999997,403,2017-02-16,23.930025,delisted,76.05871591500181,0.007957516173634938,30,22,False,0.9938725490196079,9548.549009999999,9643.800075000001
S-B_minervini,UPLMQ,2017-02-10,2017-02-13,8.230525,1158,2017-02-16,7.635252279375001,stop_7pct,-707.6983805732652,-0.0741784965034964,3,3,False,0.9987546699875467,9530.94795,8841.62213951625
S-B_minervini,COHR,2017-01-20,2017-01-23,31.027375,153,2017-02-24,36.7632,close_below_sma20_volume,867.2092670249995,0.18249600724995418,32,23,True,0.8650306748466258,4747.188375,5624.7696
S-B_minervini,HEI,2016-11-11,2016-11-14,37.62925007270447,122,2017-03-01,44.29345961296175,half_at_2R,803.0389933297365,0.17474999121021684,107,72,True,0.8761987794245859,4590.768508869945,5403.802072781333
S-B_minervini,NRP,2017-02-17,2017-02-21,21.86229064575646,433,2017-03-06,20.281100474802127,stop_7pct,-702.903432378429,-0.0741784965034965,13,9,False,0.9937629937629938,9466.371849612548,8781.71650558932
S-B_minervini,TROX,2017-02-17,2017-02-21,13.433062169491524,705,2017-03-08,12.46151594808305,stop_7pct,-703.1957636658644,-0.0741784965034965,15,11,False,0.9912681912681913,9470.308829491525,8785.36874339855
S-B_minervini,NVEE,2017-01-20,2017-01-23,9.6991875,981,2017-03-09,8.997693764062502,stop_7pct,-706.5069954747323,-0.0741784965034964,45,32,False,0.9349693251533743,9514.902937500001,8826.737582545315
S-B_minervini,TWI,2017-01-27,2017-01-30,12.970703198334594,740,2017-03-09,12.032597089515045,stop_7pct,-712.7009627394746,-0.0741784965034964,38,27,False,0.9934479934479934,9598.320366767599,8904.121846241133
S-B_minervini,SWC,2016-11-11,2016-11-14,14.826975,311,2017-03-10,17.012970000000003,close_below_sma20_volume,669.9422221050008,0.1451410724000044,116,79,True,0.9367916303400174,4611.189225,5291.033670000001
S-B_minervini,AVXS,2017-03-10,2017-03-13,72.390525,63,2017-03-17,82.4426733015,half_at_2R,623.5308515015058,0.1365845554445555,4,4,True,0.9912826899128269,4560.603075,5193.8884179945
S-B_minervini,IBTX,2017-02-17,2017-02-21,55.87804894984326,174,2017-03-21,51.83666905954585,stop_7pct,-721.942461845385,-0.07417849650349662,28,20,False,0.9501039501039501,9722.780517272728,9019.580416360977
S-B_minervini,KEM1,2017-02-24,2017-02-27,10.868830935251799,427,2017-03-21,12.359491098021584,half_at_2R,626.5933959944896,0.1348779720279718,22,16,True,0.9970845481049563,4640.990809352518,5277.502698855216
S-B_minervini,CLVSQ,2017-03-17,2017-03-20,71.52145,130,2017-03-21,66.4484335515,stop_7pct,-677.4282231666948,-0.0727862837162837,1,1,False,0.9937655860349127,9297.7885,8638.296361695
S-B_minervini,AVXS,2017-03-10,2017-03-13,72.390525,63,2017-03-22,72.318134475,breakeven_stop,-13.677248621925173,-0.002996003996004082,9,7,True,0.9912826899128269,4560.603075,4556.0424719249995
S-B_minervini,KEM1,2017-02-24,2017-02-27,10.868830935251799,427,2017-04-03,10.84165885791367,breakeven_stop,-20.87285616506324,-0.0044930069930070315,35,25,True,0.9970845481049563,4640.990809352518,4629.388332329137
S-B_minervini,BRSS,2017-03-10,2017-03-13,35.654473339160845,256,2017-04-04,33.07576355490604,stop_7pct,-677.7446454141118,-0.0741784965034965,22,16,False,0.709838107098381,9127.545174825176,8467.395470055946
S-B_minervini,HEI,2016-11-11,2016-11-14,37.62925007270447,122,2017-04-05,43.8341439284326,close_below_sma20_volume,747.0585163306941,0.16256803249490748,142,97,True,0.8761987794245859,4590.768508869945,5347.765559268778
S-B_minervini,HSTOQ,2017-03-31,2017-04-03,1144.855,7,2017-04-05,1062.0533621250001,stop_7pct,-595.0598236598735,-0.07417849650349628,2,2,False,0.96271050521251,8013.985000000001,7434.3735348750015
S-B_minervini,JOY,2016-11-11,2016-11-14,28.098069999999996,327,2017-04-06,28.229250000000004,delisted,24.476826360001724,0.0026613180940151526,143,98,False,0.9612031386224935,9188.068889999999,9230.964750000001
S-B_minervini,CC,2017-03-31,2017-04-03,28.0027296003143,326,2017-04-12,26.01649598976401,stop_7pct,-665.1224245817612,-0.0727862837162837,9,7,False,0.9963913392141138,9128.889849702462,8481.377692663067
S-B_minervini,GBX,2017-04-07,2017-04-10,36.644851732984286,231,2017-04-13,33.9945128313962,stop_7pct,-628.5459794812195,-0.0741784965034964,3,3,False,0.8494224422442245,8464.96075031937,7852.732464052522
S-B_minervini,STRP,2017-04-13,2017-04-17,105.553225,41,2017-04-25,120.02984980874999,half_at_2R,584.2927110915916,0.13487797202797203,8,6,True,0.9921520033044197,4327.682225,4921.22384215875
S-B_minervini,MB2,2017-03-17,2017-03-20,27.669,338,2017-05-05,25.186875,stop_7pct,-856.8235357499998,-0.09152656137097204,46,33,False,0.9314214463840399,9352.122,8513.16375
S-B_minervini,CNP,2016-05-13,2016-05-16,15.977806268884892,302,2017-05-08,20.97127898815931,close_below_sma20_volume,1496.8701374732473,0.30990312303373524,357,246,True,0.8172323759791122,4825.2974932032375,6333.3262544241115
S-B_minervini,TCX,2017-04-07,2017-04-10,54.786624999999994,81,2017-05-08,62.593125,half_at_2R,622.8187402500016,0.14020646117896174,28,19,True,0.974009900990099,4437.716624999999,5070.043125
S-B_minervini,TCX,2017-04-07,2017-04-10,54.786624999999994,82,2017-05-10,54.649658437499994,breakeven_stop,-20.205033366873977,-0.0044930069930068095,30,21,True,0.974009900990099,4492.50325,4481.271991875
S-B_minervini,EGRX,2017-04-07,2017-04-10,87.39795000000001,97,2017-05-15,81.07689326625001,stop_7pct,-629.4845629705751,-0.0741784965034964,35,24,False,0.9583333333333334,8477.60115,7864.458646826251
S-B_minervini,LJPC,2017-05-19,2017-05-22,30.405824999999997,305,2017-05-30,28.206723706875,stop_7pct,-688.6027217587198,-0.07417849650349628,8,5,False,0.9639865996649917,9273.776624999999,8603.050730596875
S-B_minervini,NVDA,2017-05-12,2017-05-15,3.1901005527099455,1482,2017-06-05,3.633077915459248,half_at_2R,646.3805011046397,0.13658455544455528,21,14,True,0.9932998324958124,4727.729019116139,5384.221470710606
S-B_minervini,CTRL,2017-05-05,2017-05-08,18.034974999999996,260,2017-06-08,20.508471821249994,half_at_2R,633.0878773514742,0.1348779720279718,31,22,True,0.9782517774989544,4689.093499999999,5332.202673524998
S-B_minervini,EMKR,2017-05-05,2017-05-08,98.74624999999999,47,2017-06-09,112.2892981875,half_at_2R,626.6045940476879,0.13487797202797203,32,23,True,0.9640317858636553,4641.07375,5277.5970148125
S-B_minervini,TTC,2017-03-31,2017-04-03,54.810032165492956,83,2017-06-14,62.4209532319933,half_at_2R,621.9762767315378,0.1365845554445555,72,50,True,0.7353648757016841,4549.232669735915,5180.939118255444
S-B_minervini,NVDA,2017-05-12,2017-05-15,3.1901005527099455,1482,2017-06-28,3.6732395305745915,close_below_sma20_volume,705.8404951919783,0.14914885285958568,44,31,True,0.9932998324958124,4727.729019116139,5443.740984311545
S-B_minervini,EMKR,2017-05-05,2017-05-08,98.74624999999999,48,2017-06-30,107.73,close_below_sma20_volume,421.3091400000003,0.08879836190999923,53,38,True,0.9640317858636553,4739.82,5171.04
S-B_minervini,TTC,2017-03-31,2017-04-03,54.810032165492956,84,2017-07-03,61.181510152819634,close_below_sma20_volume,525.4608613807022,0.11401630250702399,91,63,True,0.7353648757016841,4604.042701901409,5139.246852836849
S-B_minervini,MU,2017-06-02,2017-06-05,30.547264585068884,316,2017-07-03,28.38054710804995,stop_7pct,-703.303911233008,-0.0727862837162836,28,20,False,0.9746085484553534,9652.935608881768,8968.252886143784
S-B_minervini,STRP,2017-04-13,2017-04-17,105.553225,42,2017-07-14,179.4204,close_below_sma50,3090.4524577499997,0.6964135172782988,88,62,True,0.9921520033044197,4433.23545,7535.6568
S-B_minervini,CRUS,2017-04-07,2017-04-10,65.39532999999999,130,2017-07-18,60.75683924309999,stop_7pct,-619.4035803986035,-0.07278628371628382,99,68,False,0.905940594059406,8501.392899999999,7898.389101602998
S-B_minervini,MAN,2017-07-07,2017-07-10,86.36815049184288,111,2017-07-24,80.24205757745648,stop_7pct,-698.4900465925839,-0.0727862837162837,14,10,False,0.9300161812297735,9586.86470459456,8906.868391097669
S-B_minervini,CHGG,2017-07-21,2017-07-24,13.974849999999998,345,2017-08-03,15.891500677499996,half_at_2R,650.9405927537618,0.1348779720279718,10,8,True,0.9753236245954693,4821.3232499999995,5482.567733737499
S-B_minervini,CTRL,2017-05-05,2017-05-08,18.034974999999996,260,2017-08-07,22.234275,close_below_sma20_volume,1081.347995000001,0.23037879864684463,91,63,True,0.9782517774989544,4689.093499999999,5780.9115
S-B_minervini,MTN,2017-03-10,2017-03-13,141.11004172702482,32,2017-08-09,160.7045821212395,half_at_2R,617.3672246517253,0.1365845554445555,149,104,True,0.7480282274802823,4515.521335264794,5142.546627879664
S-B_minervini,ESNT,2017-07-07,2017-07-10,34.51249411581408,279,2017-08-11,32.06452290817939,stop_7pct,-701.558954679771,-0.07278628371628348,32,24,False,0.9008899676375405,9628.985858312128,8946.00189138205
S-B_minervini,CHGG,2017-07-21,2017-07-24,13.974849999999998,345,2017-08-18,14.423850000000002,close_below_sma20_volume,145.10744850000083,0.030066950191316666,25,19,True,0.9753236245954693,4821.3232499999995,4976.22825
S-B_minervini,STMP,2017-08-04,2017-08-07,209.30909999999997,46,2017-08-24,194.46280553699998,stop_7pct,-701.5030529527012,-0.0727862837162836,17,13,False,0.9820742637644047,9628.218599999998,8945.289054702
S-B_minervini,IMMU,2017-08-25,2017-08-28,10.52625,450,2017-08-29,11.969925187499998,half_at_2R,639.5305555406239,0.1348779720279718,1,1,True,0.9944444444444445,4736.8125,5386.466334374999
S-B_minervini,WMAR,2017-06-30,2017-07-03,12.882124999999998,748,2017-09-14,12.9325875,delisted,18.436545050002678,0.0019114210066792925,73,51,False,0.7885304659498208,9635.829499999998,9673.57545
S-B_minervini,IMMU,2017-08-25,2017-08-28,10.52625,451,2017-09-21,11.321625000000001,close_below_sma20_volume,348.86073337499965,0.07341212403556541,24,17,True,0.9944444444444445,4747.33875,5106.052875
S-B_minervini,MTN,2017-03-10,2017-03-13,141.11004172702482,32,2017-09-27,169.5501440196457,close_below_sma20_volume,900.1421474199751,0.19914486894185557,198,138,True,0.7480282274802823,4515.521335264794,5425.604608628662
S-B_minervini,ASMB,2017-09-15,2017-09-18,364.3887,13,2017-09-29,414.36461020499996,half_at_2R,639.5630396323359,0.13487797202797225,11,9,True,0.9965797349294571,4737.053099999999,5386.739932664999
S-B_minervini,BLD,2017-08-11,2017-08-14,58.438379999999995,82,2017-10-03,66.55313344679999,half_at_2R,655.1604785349618,0.13658455544455528,50,35,True,0.9248184536522853,4791.94716,5457.356942637599
S-B_minervini,EXTR,2017-08-18,2017-08-21,10.676625,445,2017-10-03,12.418875,half_at_2R,765.0237525000002,0.1608595471824723,43,30,True,0.9880392994446817,4751.0981249999995,5526.399375
S-B_minervini,CBAY,2017-09-22,2017-09-25,7.438549999999999,683,2017-10-06,8.4587471325,half_at_2R,685.9367875560029,0.13487797202797203,11,9,True,0.9957283212302435,5080.5296499999995,5777.3242914975
S-B_minervini,ONC,2017-09-29,2017-10-02,104.37426999999998,99,2017-10-12,96.97100302889999,stop_7pct,-752.85661216876,-0.0727862837162836,10,8,False,0.9923044035912784,10333.052729999998,9600.129299861099
S-B_minervini,FTAI,2017-07-14,2017-07-17,8.341506348623854,586,2017-10-13,9.485543944337614,half_at_2R,659.9593796165873,0.13487797202797158,88,63,True,0.9218623481781376,4888.122720293579,5558.528751381842
S-B_minervini,BLD,2017-08-11,2017-08-14,58.438379999999995,82,2017-10-16,63.186749999999996,close_below_sma20_volume,379.39307933999953,0.07909395755414073,63,44,True,0.9248184536522853,4791.94716,5181.313499999999
S-B_minervini,ASMB,2017-09-15,2017-09-18,364.3887,14,2017-10-16,403.389,close_below_sma20_volume,535.2553121999999,0.10481754228939577,28,20,True,0.9965797349294571,5101.4418,5647.446
S-B_minervini,EXTR,2017-08-18,2017-08-21,10.676625,446,2017-10-17,11.820375,close_below_sma20_volume,500.07883800000036,0.10491450876403996,57,40,True,0.9880392994446817,4761.77475,5271.88725
S-B_minervini,CAI1,2017-10-20,2017-10-23,38.40995984262126,273,2017-10-25,35.63195949700368,stop_7pct,-778.6075383333173,-0.0741784965034965,2,2,False,0.9966791199667911,10485.919037035605,9727.524942682005
S-B_minervini,CHGG,2017-10-27,2017-10-30,16.541249999999998,630,2017-10-31,15.191925000000001,stop_7pct,-870.0666502499971,-0.0834083576817648,1,1,False,0.9680497925311203,10420.9875,9570.912750000001
S-B_minervini,AVTA,2017-07-28,2017-07-31,22.95725,415,2017-11-01,21.29686689375,stop_7pct,-707.424447604657,-0.07417849650349662,93,66,False,0.9664510913500404,9527.258749999999,8838.19976090625
S-B_minervini,KWR,2017-04-07,2017-04-10,127.27355154372377,33,2017-11-03,144.94675691108523,half_at_2R,574.2325069439203,0.1365845554445555,207,145,True,0.8754125412541254,4200.0272009428845,4783.242978065813
S-B_minervini,FSTR,2017-10-13,2017-10-16,25.814375,381,2017-11-07,23.947350328125,stop_7pct,-730.29561733439,-0.0741784965034965,22,16,False,0.9493565794935658,9835.276875,9123.940475015625
S-B_minervini,MYOK,2017-11-03,2017-11-06,42.355624999999996,238,2017-11-07,39.292254421875,stop_7pct,-748.5143928961552,-0.0741784965034964,1,1,False,0.9821504462388441,10080.638749999998,9351.55655240625
S-B_minervini,FTAI,2017-07-14,2017-07-17,8.341506348623854,587,2017-11-08,9.428583945419641,close_below_sma20_volume,627.6835063165236,0.12806311265479553,114,81,True,0.9218623481781376,4896.464226642202,5534.5787759613295
S-B_minervini,CLMT,2017-11-03,2017-11-06,9.52375,1061,2017-11-10,8.834944781250002,stop_7pct,-750.3009122566546,-0.0741784965034964,4,4,False,0.9749256268593285,10104.69875,9373.876412906251
S-B_minervini,CBAY,2017-09-22,2017-09-25,7.438549999999999,683,2017-11-14,8.369025,close_below_sma20_volume,624.7178512750006,0.12284029432196752,50,36,True,0.9957283212302435,5080.5296499999995,5716.044075000001
S-B_minervini,XOMA,2017-11-10,2017-11-13,31.067474999999998,318,2017-11-14,28.820519870625,stop_7pct,-733.5761135101075,-0.0741784965034964,1,1,False,0.9974511469838573,9879.457049999999,9164.92531885875
S-B_minervini,MED,2017-11-10,2017-11-13,55.464792209771396,178,2017-11-16,51.453301113199686,stop_7pct,-733.0768358012538,-0.0741784965034965,3,3,False,0.927357689039932,9872.733013339308,9158.687598149543
S-B_minervini,KRO,2017-10-13,2017-10-16,16.292324184782604,319,2017-11-21,18.554676321081512,half_at_2R,710.5741383179811,0.13658455544455528,36,26,True,0.991697799916978,5197.251414945651,5918.941746425003
S-B_minervini,MRVL,2017-11-10,2017-11-13,18.984230540983607,244,2017-11-21,21.620380793904587,half_at_2R,633.3131365470063,0.13658455544455528,8,6,True,0.8687340696686491,4632.152252,5275.372913712719
S-B_minervini,KWR,2017-04-07,2017-04-10,127.27355154372377,33,2017-12-04,148.00271677201812,close_below_sma20_volume,674.9783356792941,0.16054753919123876,238,165,True,0.8754125412541254,4200.0272009428845,4884.089653476598
S-B_minervini,CSX,2017-04-21,2017-04-24,15.116106391382404,298,2017-12-04,17.215128924889765,half_at_2R,615.8740068609441,0.1365845554445555,224,156,True,0.9491525423728814,4504.599704631956,5130.10841961715
S-B_minervini,MIME,2017-10-13,2017-10-16,30.455949999999998,323,2017-12-04,28.25322341625,stop_7pct,-730.443749564698,-0.0741784965034964,49,34,False,0.842258198422582,9837.27185,9125.79116344875
S-B_minervini,KRO,2017-10-13,2017-10-16,16.292324184782604,320,2017-12-05,17.208225759354367,close_below_sma20_volume,282.3683278808403,0.054106430434637476,50,35,True,0.991697799916978,5213.543739130433,5506.632242993397
S-B_minervini,LGIH,2017-11-10,2017-11-13,63.25775,78,2017-12-11,71.9335504125,half_at_2R,666.1675107428246,0.13487797202797203,28,19,True,0.9460492778249787,4934.1045,5610.816932175
S-B_minervini,RICK,2017-11-17,2017-11-20,29.728117606466878,328,2017-12-11,27.578031500579165,stop_7pct,-724.0246596382804,-0.07417849650349628,21,14,False,0.9749042960442365,9750.822574921136,9045.594332189967
S-B_minervini,CTSO,2017-12-01,2017-12-04,140.35,72,2017-12-12,130.19918625,stop_7pct,-750.3381314100006,-0.07417849650349662,8,6,False,0.7344262295081967,10105.199999999999,9374.341409999999
S-B_minervini,CSX,2017-04-21,2017-04-24,15.116106391382404,298,2017-12-18,15.322928933157925,close_below_sma20_volume,52.56228492239188,0.011656923720269718,238,166,True,0.9491525423728814,4504.599704631956,4566.232822081061
S-B_minervini,CBIO,2017-12-15,2017-12-18,1699.2375,5,2017-12-20,1576.3401478125002,stop_7pct,-630.864649176563,-0.0741784965034965,2,2,False,0.9790794979079498,8496.1875,7881.7007390625
S-B_minervini,CVGW,2017-11-24,2017-11-27,64.22728444706675,78,2018-01-02,73.03605650898194,half_at_2R,676.3776802348139,0.13487797202797203,36,24,True,0.7345547507456327,5009.728186871206,5696.812407700591
S-B_minervini,PKG,2017-06-30,2017-07-03,85.42975168584425,56,2018-01-03,97.29252700494058,half_at_2R,654.0829702627107,0.1365845554445555,184,127,True,0.8781362007168458,4784.066094407278,5448.381512276673
S-B_minervini,HEES,2017-12-29,2018-01-02,32.396878501151484,310,2018-01-04,30.053774263555706,stop_7pct,-745.7220160117522,-0.07417849650349662,2,2,False,0.9228511530398323,10043.03233535696,9316.670021702268
S-B_minervini,FOLD,2018-01-05,2018-01-08,15.165149999999999,674,2018-01-08,14.0894859105,stop_7pct,-744.7152209266769,-0.0727862837162837,0,0,False,0.9757101687937423,10221.311099999999,9496.313503677
S-B_minervini,CDXS,2017-12-15,2017-12-18,7.869624999999999,629,2018-01-10,8.948944068749999,half_at_2R,668.3128142995065,0.13487797202797203,23,15,True,0.8811715481171548,4949.994124999999,5628.885819243749
S-B_minervini,TPL,2017-12-29,2018-01-02,43.944796845301596,107,2018-01-10,50.04697133524017,half_at_2R,642.8755512281105,0.1365845554445555,8,6,True,0.8318658280922432,4702.093262447271,5355.025932870699
S-B_minervini,LGIH,2017-11-10,2017-11-13,63.25775,78,2018-01-11,73.4559,close_below_sma20_volume,784.792035299999,0.15889570787824336,59,40,True,0.9460492778249787,4934.1045,5729.5602
S-B_minervini,MSB,2017-12-15,2017-12-18,10.505360332681017,471,2018-01-16,11.946170502308217,half_at_2R,668.0469188711322,0.13487797202797203,29,18,True,0.9740585774058578,4948.024716692758,5626.64630658717
S-B_minervini,NVCR,2018-01-12,2018-01-16,21.904625,479,2018-01-17,20.320372996875005,stop_7pct,-779.0824835373769,-0.0741784965034964,1,1,False,0.9818706221672847,10492.315375,9733.458665503127
S-B_minervini,FSLR,2018-01-12,2018-01-16,74.16409,141,2018-01-22,68.9036310963,stop_7pct,-761.8972540962768,-0.0727862837162836,6,4,False,0.9484960857025134,10457.13669,9715.4119845783
S-B_minervini,CBAY,2017-12-22,2017-12-26,9.32325,533,2018-01-23,10.6019337375,half_at_2R,670.9183091554123,0.13487797202797203,28,18,True,0.9974874371859297,4969.2922499999995,5650.8306820875
S-B_minervini,PKG,2017-06-30,2017-07-03,85.42975168584425,56,2018-01-26,97.40386922736941,close_below_sma20_volume,660.3118995542691,0.13788527045604915,207,143,True,0.8781362007168458,4784.066094407278,5454.616676732687
S-B_minervini,MSB,2017-12-15,2017-12-18,10.505360332681017,471,2018-01-31,11.007440655241934,close_below_sma20_volume,226.3473026608808,0.04569928293133918,44,29,True,0.9740585774058578,4948.024716692758,5184.504548618951
S-B_minervini,IMGN,2018-01-26,2018-01-29,8.330775000000001,631,2018-01-31,9.473340791250001,half_at_2R,709.7246172144714,0.13487797202797203,2,2,True,0.985172981878089,5256.719025,5977.6780392787505
S-B_minervini,MRVL,2017-11-10,2017-11-13,18.984230540983607,244,2018-02-01,21.941739394247783,close_below_sma20_volume,711.6462235322624,0.15347839396623053,80,54,True,0.8687340696686491,4632.152252,5353.784412196459
S-B_minervini,MYGN,2018-01-19,2018-01-22,38.76872999999999,268,2018-02-02,36.01886398109999,stop_7pct,-757.0071682521339,-0.0727862837162836,11,9,False,0.9678615574783683,10390.019639999997,9653.055546934798
S-B_minervini,IMGN,2018-01-26,2018-01-29,8.330775000000001,632,2018-02-05,8.309948062500002,breakeven_stop,-23.679561475500122,-0.0044930069930070315,7,5,True,0.985172981878089,5265.049800000001,5251.887175500001
S-B_minervini,KURA,2018-01-26,2018-01-29,19.999875,525,2018-02-05,18.553384040625,stop_7pct,-779.648214668201,-0.07417849650349628,7,5,False,0.9822899505766063,10499.934374999999,9740.526621328127
S-B_minervini,TPL,2017-12-29,2018-01-02,43.944796845301596,107,2018-02-06,48.41912659413445,close_below_sma20_volume,468.8703433170949,0.09961562122056522,35,24,True,0.8318658280922432,4702.093262447271,5180.846545572385
S-B_minervini,CDXS,2017-12-15,2017-12-18,7.869624999999999,629,2018-02-07,8.329125,close_below_sma20_volume,278.83648625000114,0.05627439574419291,51,34,True,0.8811715481171548,4949.994124999999,5239.019625
S-B_minervini,MTOR,2018-02-02,2018-02-05,27.957929999999998,365,2018-02-08,25.9748740251,stop_7pct,-743.5009043076607,-0.0727862837162836,3,3,False,0.9267169179229481,10204.64445,9480.8290191615
S-B_minervini,TEAM,2018-01-05,2018-01-08,51.941889999999994,191,2018-02-09,48.25765174229999,stop_7pct,-722.8276196934803,-0.07278628371628382,32,23,False,0.9468917249897078,9920.900989999998,9217.211482779298
S-B_minervini,WK,2018-02-09,2018-02-12,23.659,422,2018-02-23,20.797875,stop_7pct,-1226.15555125,-0.12268816077620337,11,8,False,0.9253355704697986,9984.098,8776.70325
S-B_minervini,HLF,2018-02-02,2018-02-05,40.6406,125,2018-02-28,46.28395371599999,half_at_2R,694.5536452854985,0.13658455544455506,23,16,True,0.7889447236180904,5080.075,5785.494214499999
S-B_minervini,FOR,2018-02-02,2018-02-05,25.56375,408,2018-03-01,23.71485178125,stop_7pct,-774.4561427767512,-0.07417849650349662,24,17,False,0.9367671691792295,10430.01,9675.65952675
S-B_minervini,CVGW,2017-11-24,2017-11-27,64.22728444706675,78,2018-03-02,71.48308312054633,close_below_sma50,555.3668878611334,0.11074694176808264,95,65,True,0.7345547507456327,5009.728186871206,5575.680483402613
S-B_minervini,NTLA,2018-03-09,2018-03-12,35.839375,284,2018-03-12,33.247292203125,stop_7pct,-755.7721277981873,-0.0741784965034965,0,0,False,0.9713684210526315,10178.3825,9442.2309856875
S-B_minervini,RGNX,2018-03-09,2018-03-12,34.736625,293,2018-03-12,32.224298596875,stop_7pct,-755.7311867295084,-0.0741784965034964,0,0,False,0.9027368421052632,10177.831124999999,9441.719488884375
S-B_minervini,CBAY,2017-12-22,2017-12-26,9.32325,533,2018-03-16,12.867750000000001,close_below_sma20_volume,1877.3906970000007,0.3774209862215656,80,55,True,0.9974874371859297,4969.2922499999995,6858.51075
S-B_minervini,HLF,2018-02-02,2018-02-05,40.6406,126,2018-04-03,48.99096,close_below_sma20_volume,1040.85178344,0.20305989488432652,57,39,True,0.7889447236180904,5120.7155999999995,6172.86096
S-B_minervini,AA,2018-04-13,2018-04-16,52.874279753770665,175,2018-04-23,49.123907090835715,stop_7pct,-674.164898711424,-0.07278628371628382,7,5,False,0.8982558139534884,9252.998956909867,8596.68374089625
S-B_minervini,USAK,2018-04-20,2018-04-23,28.220374999999997,353,2018-04-24,26.179336378125,stop_7pct,-739.6897316383511,-0.07417849650349628,1,1,False,0.9925342181667358,9961.792374999999,9241.305741478125
S-B_minervini,VHI,2018-04-20,2018-04-23,87.15258704284997,114,2018-05-01,80.97085404390063,stop_7pct,-723.8836341641163,-0.07278628371628382,8,6,False,0.9784321858150146,9935.394922884898,9230.677361004671
S-B_minervini,AVTA,2018-04-20,2018-04-23,26.76675,205,2018-05-09,30.437809762499995,half_at_2R,740.8403165611871,0.13487797202797203,16,12,True,0.8498548320199087,5487.183749999999,6239.751001312499
S-B_minervini,ENVA,2018-04-27,2018-04-30,28.872,168,2018-05-10,32.8317948,half_at_2R,654.8792888735989,0.1348779720279718,10,8,True,0.9510576524263791,4850.496,5515.741526399999
S-B_minervini,REI,2018-04-20,2018-04-23,16.531225,652,2018-05-14,15.335604151875,stop_7pct,-800.3219655845205,-0.07417849650349628,21,15,False,0.7739527167150559,10778.358699999999,9998.8139070225
S-B_minervini,AVXS,2018-04-13,2018-04-16,211.71149999999997,46,2018-05-16,217.28542500000003,delisted,236.66669145000196,0.024277322142223445,30,22,False,0.9850498338870431,9738.729,9995.129550000001
S-B_minervini,BOOT,2018-04-27,2018-04-30,20.100125,241,2018-05-16,25.5759,half_at_2R,1308.6538529749996,0.26988261519265677,16,12,True,0.9390294483616757,4844.130125,6163.7919
S-B_minervini,DINO,2018-04-27,2018-04-30,46.49247667820069,104,2018-05-16,52.94842198973563,half_at_2R,661.0764589381679,0.13658455544455528,16,12,True,0.9664039817503111,4835.217574532871,5506.635886932505
S-B_minervini,ECYT,2018-05-18,2018-05-21,14.626475,725,2018-05-25,13.568615195625002,stop_7pct,-787.3897985637013,-0.07417849650349628,4,4,False,0.9957947855340622,10604.194375,9837.246016828127
S-B_minervini,ENVA,2018-04-27,2018-04-30,28.872,168,2018-05-29,31.42125,close_below_sma20_volume,418.1447340000004,0.08612047242034793,29,20,True,0.9510576524263791,4850.496,5278.77
S-B_minervini,LQ2,2018-04-06,2018-04-09,19.419399999999996,511,2018-05-31,21.56595,delisted,1075.9435361500018,0.10831751695784586,52,37,False,0.8127076411960132,9923.313399999997,11020.20045
S-B_minervini,MU,2018-05-25,2018-05-29,59.88435471223251,176,2018-06-01,55.63675743249386,stop_7pct,-767.9088369714755,-0.07278628371628382,3,3,False,0.9415475189234651,10539.64642935292,9792.069308118918
S-B_minervini,LPSN,2018-05-04,2018-05-07,273.6825,16,2018-06-04,311.218054875,half_at_2R,591.2104691220002,0.13487797202797203,28,19,True,0.9684476230542701,4378.92,4979.488878
S-B_minervini,MRTX,2018-05-25,2018-05-29,44.160124999999994,239,2018-06-04,40.966243959375,stop_7pct,-783.682770890664,-0.0741784965034964,6,4,False,1.0,10554.269874999998,9790.932306290624
S-B_minervini,MDGL,2018-06-01,2018-06-04,274.27399999999994,19,2018-06-06,312.3596876399999,half_at_2R,712.4820250948387,0.13658455544455528,2,2,True,1.0,5211.205999999999,5934.834065159998
S-B_minervini,MDGL,2018-06-01,2018-06-04,274.27399999999994,20,2018-06-07,273.99972599999995,breakeven_stop,-16.45095451999987,-0.002996003996003971,3,3,True,1.0,5485.479999999999,5479.994519999999
S-B_minervini,CDXS,2018-06-01,2018-06-04,15.137749999999999,706,2018-06-11,14.04291223125,stop_7pct,-793.5570122727604,-0.07417849650349628,7,5,False,0.9880510918829831,10687.251499999998,9914.2960352625
S-B_minervini,SSTI,2018-06-08,2018-06-11,37.11255,289,2018-06-11,34.42838482125,stop_7pct,-796.3990668220922,-0.07417849650349662,0,0,False,0.971947194719472,10725.52695,9949.803213341249
S-B_minervini,AVTA,2018-04-20,2018-04-23,26.76675,205,2018-06-12,36.708,close_below_sma20_volume,2024.94392625,0.36866288745018894,50,35,True,0.8498548320199087,5487.183749999999,7525.139999999999
S-B_minervini,DINO,2018-04-27,2018-04-30,46.49247667820069,105,2018-06-13,55.96928010184806,close_below_sma20_volume,984.3058750210685,0.2014299379015052,44,31,True,0.9664039817503111,4881.710051211072,5876.774410694046
S-B_minervini,BOOT,2018-04-27,2018-04-30,20.100125,242,2018-06-14,22.703100000000003,close_below_sma20_volume,619.561569550001,0.12724369429738203,45,32,True,0.9390294483616757,4864.23025,5494.150200000001
S-B_minervini,TWTR,2018-06-08,2018-06-11,41.46142,129,2018-06-15,47.21875278119999,half_at_2R,731.2561864860254,0.1365845554445555,4,4,True,0.9542079207920792,5348.523179999999,6091.219108774799
S-B_minervini,BXC,2018-06-15,2018-06-18,44.721525,239,2018-06-18,41.487040704375005,stop_7pct,-793.6455938577201,-0.0741784965034965,0,0,False,0.9901030927835052,10688.444475,9915.402728345625
S-B_minervini,GIC,2018-06-15,2018-06-18,20.54267314039096,484,2018-06-19,19.056924305512187,stop_7pct,-738.268641245144,-0.0741784965034964,1,1,False,0.9381443298969072,9942.653799949225,9223.551363867899
S-B_minervini,ONCT,2018-05-18,2018-05-21,2663.8460075,3,2018-06-22,2471.1833450075624,stop_7pct,-593.3930755348356,-0.07417849650349662,32,23,False,0.9915895710681245,7991.538022499999,7413.550035022687
S-B_minervini,COLL,2018-06-15,2018-06-18,26.516125,375,2018-06-25,24.598346259375,stop_7pct,-738.3349544566408,-0.0741784965034965,7,5,False,0.9616494845360825,9943.546875,9224.379847265625
S-B_minervini,LPSN,2018-05-04,2018-05-07,273.6825,17,2018-06-26,320.1975,close_below_sma20_volume,780.6590399999995,0.16762213424404093,50,35,True,0.9684476230542701,4652.6025,5443.3575
S-B_minervini,ETSY,2018-06-15,2018-06-18,42.79275,249,2018-06-28,39.7574602425,stop_7pct,-776.3421519678814,-0.0727862837162836,10,8,False,0.9756701030927835,10655.39475,9899.6076003825
S-B_minervini,SRI,2018-06-22,2018-06-25,37.293,281,2018-06-28,34.595783775,stop_7pct,-778.1185074657733,-0.0741784965034964,3,3,False,0.9628252788104089,10479.333,9721.415240775
S-B_minervini,TOWR,2018-06-22,2018-06-25,33.41792862537764,314,2018-06-28,31.000976937547208,stop_7pct,-779.1503663255153,-0.0741784965034964,3,3,False,0.8471705906650144,10493.22958836858,9734.306758389823
S-B_minervini,VMW,2018-04-20,2018-04-23,95.11809313375795,56,2018-07-02,109.33253308974199,half_at_2R,784.5594024665897,0.14714333388435907,70,49,True,0.8133554541683948,5326.613215490445,6122.621853025551
S-B_minervini,TWTR,2018-06-08,2018-06-11,41.46142,130,2018-07-10,44.1558,close_below_sma20_volume,339.13916139999947,0.06285738943279373,29,20,True,0.9542079207920792,5389.9846,5740.254
S-B_minervini,NFLX,2018-06-15,2018-06-18,38.81077199999999,275,2018-07-17,34.660305,stop_7pct,-1161.5829711749957,-0.10872544247873617,29,20,False,0.962061855670103,10672.962299999997,9531.583875
S-B_minervini,NGVC,2018-07-13,2018-07-16,11.31286124526515,861,2018-07-20,10.494658555701351,stop_7pct,-723.2487902630637,-0.07417849650349628,4,4,False,0.9281460897181422,9740.373532173295,9035.901016458864
S-B_minervini,WRLD,2018-07-20,2018-07-23,123.54809999999999,79,2018-07-24,114.6124836675,stop_7pct,-724.728376377232,-0.0741784965034965,1,1,False,0.8617401668653158,9760.2999,9054.3862097325
S-B_minervini,UVE,2018-07-20,2018-07-23,27.402929122864652,179,2018-07-26,31.16124085206554,half_at_2R,662.2548131014464,0.13487797202797203,3,3,True,0.8561779896702424,4905.1243129927725,5577.862112519731
S-B_minervini,TPL,2018-07-13,2018-07-16,78.48846332396838,128,2018-07-27,72.92127662039931,stop_7pct,-731.9803447697195,-0.0727862837162836,11,9,False,0.9670504168320763,10046.523305467952,9333.923407411112
S-B_minervini,NBIX,2018-07-27,2018-07-30,107.10699999999999,91,2018-07-30,99.50990048999999,stop_7pct,-710.138193354589,-0.0727862837162836,0,0,False,0.9531187922129519,9746.737,9055.40094459
S-B_minervini,PGTI,2018-07-27,2018-07-30,24.962249999999997,392,2018-07-30,23.15685526875,stop_7pct,-726.577423915347,-0.07417849650349617,0,0,False,0.9153754469606674,9785.202,9077.48726535
S-B_minervini,VMW,2018-04-20,2018-04-23,95.11809313375795,57,2018-07-31,99.92836471844527,close_below_sma50,263.06783222960075,0.04847252883675024,99,69,True,0.8133554541683948,5421.731308624203,5695.91678895138
S-B_minervini,TBCH,2018-08-03,2018-08-06,32.430875,301,2018-08-07,30.085311965625003,stop_7pct,-724.8318456235284,-0.0741784965034965,1,1,False,0.9987468671679198,9761.693375,9055.678901653126
S-B_minervini,HES,2018-06-29,2018-07-02,59.26099359331176,168,2018-08-15,55.057611317738164,stop_7pct,-725.3737479214215,-0.0727862837162837,44,31,False,0.8530747007841519,9955.846923676376,9249.678701380011
S-B_minervini,VRS,2018-08-10,2018-08-13,19.977752890184277,243,2018-08-29,22.71770169907305,half_at_2R,655.4325650947831,0.13487797202797225,16,12,True,0.9941496030087756,4854.593952314779,5520.4015128747515
S-B_minervini,ANF,2018-08-17,2018-08-20,25.47751018564356,382,2018-08-30,22.574563609756098,stop_7pct,-1127.2814841788531,-0.11571187991301402,10,8,False,0.9757423672103722,9732.40889091584,8623.483298926829
S-B_minervini,UVE,2018-07-20,2018-07-23,27.402929122864652,180,2018-09-04,32.226922225305216,close_below_sma20_volume,857.5853851966303,0.17368959449935573,43,30,True,0.8561779896702424,4932.527242115638,5800.846000554939
S-B_minervini,IEP,2018-07-20,2018-07-23,18.152844803990607,520,2018-09-05,16.865263522043556,stop_7pct,-687.7516829420038,-0.07278628371628348,44,31,False,0.8470401271354787,9439.479298075115,8769.937031462649
S-B_minervini,HLF,2018-08-03,2018-08-06,59.42936999999999,164,2018-09-05,55.21404478589999,stop_7pct,-710.114855137288,-0.07278628371628382,30,21,False,0.8939014202172096,9746.416679999998,9055.103344887599
S-B_minervini,VKTX,2018-08-31,2018-09-04,13.263074999999999,714,2018-09-05,12.303823100625001,stop_7pct,-703.1606213975956,-0.0741784965034964,1,1,False,0.999187982135607,9469.83555,8784.92969384625
S-B_minervini,ECYT,2018-08-31,2018-09-04,19.8495,492,2018-09-06,18.413884912500002,stop_7pct,-725.1482084269483,-0.07417849650349628,2,2,False,1.0,9765.954,9059.631376950001
S-B_minervini,CWST,2018-08-03,2018-08-06,27.0675,180,2018-09-07,30.779807625,half_at_2R,657.8028571275008,0.13487797202797225,32,23,True,0.8947368421052632,4872.15,5540.3653725
S-B_minervini,VRA,2018-09-07,2018-09-10,17.42345,538,2018-09-11,16.163298978750003,stop_7pct,-696.0309203830675,-0.0741784965034965,1,1,False,0.9078455790784558,9373.8161,8695.8548505675
S-B_minervini,AVAV,2018-09-07,2018-09-10,100.60049999999998,46,2018-09-14,114.56988542999997,half_at_2R,632.6938920502189,0.13658455544455528,4,4,True,0.9244499792444998,4627.623,5270.214729779998
S-B_minervini,VRS,2018-08-10,2018-08-13,19.977752890184277,243,2018-09-18,21.38574629032258,close_below_sma20_volume,332.09106593274464,0.06833924935533031,36,25,True,0.9941496030087756,4854.593952314779,5196.736348548387
S-B_minervini,ASXC,2018-09-21,2018-09-24,86.0145,109,2018-09-27,79.7935012875,stop_7pct,-696.161931802837,-0.0741784965034964,3,3,False,0.9950166112956811,9375.5805,8697.491640337501
S-B_minervini,SRPT,2018-09-14,2018-09-17,152.18203,63,2018-10-02,141.38775861210001,stop_7pct,-698.5339941202601,-0.07278628371628348,15,11,False,0.9862956810631229,9587.46789,8907.428792562301
S-B_minervini,AVAV,2018-09-07,2018-09-10,100.60049999999998,47,2018-10-05,107.45244,close_below_sma20_volume,312.26269182000124,0.0659763103581974,25,19,True,0.9244499792444998,4728.223499999999,5050.26468
S-B_minervini,HUBS,2018-09-07,2018-09-10,152.35219999999998,61,2018-10-05,141.54585845399998,stop_7pct,-677.1146158716929,-0.0727862837162836,25,19,False,0.9356579493565795,9293.484199999999,8634.297365694
S-B_minervini,TROW,2018-04-27,2018-04-30,82.1741236605166,81,2018-10-10,76.34551306927617,stop_7pct,-484.95754846558884,-0.0727862837162837,163,114,False,0.8996267109083368,6656.104016501845,6183.986558611369
S-B_minervini,SSNC,2018-06-22,2018-06-25,49.63455865789473,211,2018-10-11,46.113979412290256,stop_7pct,-763.0451623553527,-0.0727862837162837,108,76,False,0.74514663362247,10472.891876815787,9730.049655993244
S-B_minervini,CWST,2018-08-03,2018-08-06,27.0675,181,2018-10-11,28.518525,close_below_sma50,252.5744544750005,0.05150253736288657,66,47,True,0.8947368421052632,4899.2175,5161.853025
S-B_minervini,OLLI,2018-09-07,2018-09-10,93.14304999999999,100,2018-10-11,86.4135,stop_7pct,-690.9106549999979,-0.07410326745424722,31,23,False,0.9290161892901619,9314.304999999998,8641.35
S-B_minervini,OFG,2018-07-20,2018-07-23,13.508098338461538,729,2018-10-12,12.53112512613231,stop_7pct,-731.1960656936953,-0.07417849650349617,81,58,False,0.8645212554628526,9847.403688738461,9135.190216950454
S-B_minervini,WSC,2018-10-05,2018-10-08,17.44028748169014,528,2018-10-12,16.178918689576903,stop_7pct,-683.7536630942195,-0.0741784965034965,4,4,False,0.9217785096747633,9208.471790332394,8542.469068096605
S-B_minervini,INTEQ,2018-09-28,2018-10-01,30.530499999999996,156,2018-10-16,34.76996522999999,half_at_2R,651.1697033041191,0.13658455544455528,15,11,True,0.9979244499792445,4762.758,5424.1145758799985
S-B_minervini,MUR,2018-10-12,2018-10-15,27.26795443700787,325,2018-10-22,25.3338384287909,stop_7pct,-645.683285351899,-0.0727862837162837,7,5,False,0.8493207081103334,8862.085192027558,8233.497489357043
S-B_minervini,ISRG,2018-07-13,2018-07-16,174.95177699999996,55,2018-10-23,162.54244745738998,stop_7pct,-701.0753071887048,-0.0727862837162836,99,70,False,0.868995633187773,9622.347734999998,8939.83461015645
S-B_minervini,INTEQ,2018-09-28,2018-10-01,30.530499999999996,156,2018-10-26,30.82914,close_below_sma20_volume,37.015736160000415,0.007764147874529392,25,19,True,0.9979244499792445,4762.758,4809.34584
S-B_minervini,AD,2018-10-12,2018-10-15,21.607654587424275,205,2018-11-02,24.608093503434006,half_at_2R,605.6157494233694,0.13658455544455528,18,14,True,0.76904075751338,4429.569190421977,5044.659168203972
S-B_minervini,AD,2018-10-12,2018-10-15,21.607654587424275,205,2018-12-06,24.32160187192118,close_below_sma20_volume,546.9436957477001,0.12335224374206,52,36,True,0.76904075751338,4429.569190421977,4985.9283837438425
S-B_minervini,BBDC,2018-11-09,2018-11-12,4.790324510816125,1853,2018-12-17,4.44386429057135,stop_7pct,-659.1017399625416,-0.0741784965034965,35,23,False,0.7753807106598984,8876.47131854228,8234.480530428711
S-B_minervini,ABCD,2018-10-19,2018-10-22,14.436,616,2018-12-18,14.443800000000001,delisted,-12.98515679999764,-0.0014587656732292231,57,39,False,0.9756901524515863,8892.576,8897.3808
S-B_minervini,FN,2019-01-11,2019-01-14,56.7014,155,2019-01-23,52.60047124500001,stop_7pct,-652.5857470679739,-0.0741784965034964,9,6,False,0.9732807709154621,8788.717,8153.073042975001
S-B_minervini,GLUU,2019-01-11,2019-01-14,9.32325,944,2019-02-05,8.64894594375,stop_7pct,-653.5087820708995,-0.0741784965034965,22,15,False,0.9903635567236093,8801.148,8164.6049709
S-B_minervini,TNDM,2019-01-11,2019-01-14,41.71167,105,2019-02-12,47.50375249619999,half_at_2R,598.801042738899,0.1365845554445555,29,20,True,0.9995619798510732,4379.72535,4987.894012100999
S-B_minervini,TWLO,2019-02-01,2019-02-04,113.25313999999999,78,2019-02-14,105.2200947798,stop_7pct,-643.618439488424,-0.0727862837162837,10,8,False,0.9969012837538734,8833.74492,8207.1673928244
S-B_minervini,KEYS,2019-01-25,2019-01-28,71.20112999999999,61,2019-02-19,81.24867,half_at_2R,603.6005022000018,0.138834945386471,22,15,True,0.9386234107847435,4343.268929999999,4956.16887
S-B_minervini,XLNX,2019-01-25,2019-01-28,104.13225262088513,42,2019-02-22,118.59205721982123,half_at_2R,597.9573721420065,0.13658455544455528,25,18,True,0.9368697939500219,4373.554610077175,4980.866403232491
S-B_minervini,SSP,2019-01-11,2019-01-14,17.675150399125208,249,2019-02-28,20.09929727636523,half_at_2R,594.206734961569,0.13487797202797225,45,31,True,0.7958826106000876,4401.112449382177,5004.725021814943
S-B_minervini,TPIC,2019-02-15,2019-02-19,32.460950000000004,282,2019-02-28,30.11321179125001,stop_7pct,-679.7080884926308,-0.07417849650349628,9,7,False,0.9379982285208148,9153.987900000002,8491.925725132503
S-B_minervini,GKOS,2019-03-01,2019-03-04,72.99292,132,2019-03-04,67.81553218440001,stop_7pct,-702.0019073475378,-0.07278628371628337,0,0,False,0.9801980198019802,9635.06544,8951.650248340802
S-B_minervini,XLNX,2019-01-25,2019-01-28,104.13225262088513,42,2019-03-11,116.88085355092669,close_below_sma20_volume,526.1586886025298,0.120184404314025,42,29,True,0.9368697939500219,4373.554610077175,4908.995849138921
S-B_minervini,ACIW,2019-02-01,2019-02-04,29.499469999999995,150,2019-03-14,33.59576640419999,half_at_2R,604.9801751693694,0.13658455544455528,38,27,True,0.8397521027003099,4424.920499999999,5039.364960629999
S-B_minervini,UPBD,2019-03-08,2019-03-11,14.341542274321796,650,2019-03-20,13.304290229331473,stop_7pct,-692.1836203710827,-0.07417849650349628,9,7,False,0.9890206411945542,9322.002478309167,8647.788649065458
S-B_minervini,AXSM,2019-03-22,2019-03-25,14.13525,327,2019-03-25,16.0738995375,half_at_2R,624.0600068637386,0.13487797202797225,0,0,True,0.9978012313104662,4622.22675,5256.1651487625
S-B_minervini,AXSM,2019-03-22,2019-03-25,14.13525,327,2019-03-26,14.099911875,breakeven_stop,-20.788464808124445,-0.0044930069930069205,1,1,True,0.9978012313104662,4622.22675,4610.671183125
S-B_minervini,SSP,2019-01-11,2019-01-14,17.675150399125208,249,2019-03-28,20.74614635946328,close_below_sma20_volume,755.1110912312915,0.17140137707744563,73,51,True,0.7958826106000876,4401.112449382177,5165.7904435063565
S-B_minervini,TNDM,2019-01-11,2019-01-14,41.71167,106,2019-03-28,63.42651,close_below_sma20_volume,2290.628392920001,0.5175557273610412,73,51,True,0.9995619798510732,4421.437019999999,6723.21006
S-B_minervini,OMCL,2019-02-08,2019-02-11,77.39731999999998,96,2019-04-17,71.90752809239999,stop_7pct,-541.3532885464692,-0.0727862837162836,65,46,False,0.9565987599645704,7430.142719999998,6903.122696870399
S-B_minervini,KEYS,2019-01-25,2019-01-28,71.20112999999999,62,2019-04-18,88.40151,close_below_sma20_volume,1056.5281963200005,0.2390938684034034,80,57,True,0.9386234107847435,4414.47006,5480.89362
S-B_minervini,IPAR,2019-03-08,2019-03-11,67.34487508337608,138,2019-04-25,62.56810309371222,stop_7pct,-677.1225255620502,-0.0727862837162836,45,32,False,0.9626701800614844,9293.592761505899,8634.398226932286
S-B_minervini,RNG,2019-02-08,2019-02-11,101.44935140783016,43,2019-04-29,115.53660834432145,half_at_2R,596.4216519997835,0.1365845554445555,77,53,True,0.9627989371124889,4362.322110536697,4968.074158805823
S-B_minervini,THS,2019-03-29,2019-04-01,64.77470999999998,144,2019-05-02,59.94,stop_7pct,-714.1571582399974,-0.07648772552992089,31,22,False,0.9375824175824176,9327.558239999998,8631.36
S-B_minervini,NSSC,2019-04-18,2019-04-22,11.144263355817873,415,2019-05-06,12.672699075068294,half_at_2R,624.4167840801065,0.1348779720279718,14,10,True,0.9786689419795221,4624.869292664417,5259.170116153342
S-B_minervini,DAR,2019-01-18,2019-01-22,21.36134,414,2019-05-09,19.77021,stop_7pct,-675.7562816999989,-0.07633560998892941,107,75,False,0.759421560035057,8843.59476,8184.86694
S-B_minervini,ACIW,2019-02-01,2019-02-04,29.499469999999995,151,2019-05-09,33.15681,close_below_sma20_volume,542.7972417200008,0.12173414055820775,94,66,True,0.8397521027003099,4454.419969999999,5006.67831
S-B_minervini,JYNT,2019-05-10,2019-05-13,18.997374999999998,499,2019-05-13,17.623389853124998,stop_7pct,-703.8923499523335,-0.0741784965034964,0,0,False,0.9874892148403797,9479.690125,8794.071536709374
S-B_minervini,TLRA,2019-05-10,2019-05-13,8.300699999999999,1142,2019-05-13,7.700351872500001,stop_7pct,-703.8707628433931,-0.07417849650349628,0,0,False,0.9710957722174288,9479.399399999998,8793.801838395
S-B_minervini,IPHI,2019-04-18,2019-04-22,46.99695,196,2019-05-16,43.6634563365,stop_7pct,-671.1341976879539,-0.0727862837162837,24,18,False,0.9099829351535836,9211.4022,8558.037441954
S-B_minervini,FNSR,2019-02-01,2019-02-04,22.75273,390,2019-05-20,20.979,stop_7pct,-708.810074699999,-0.07979904318805175,105,73,False,0.8401947764497565,8873.564699999999,8181.8099999999995
S-B_minervini,MRCY,2019-04-26,2019-04-29,72.57249999999999,128,2019-05-21,67.424932575,stop_7pct,-676.808301769599,-0.0727862837162836,22,16,False,0.9701492537313433,9289.279999999999,8630.3913696
S-B_minervini,GLDD,2019-05-03,2019-05-06,11.127749999999999,855,2019-05-23,10.322935481250001,stop_7pct,-706.4567496177169,-0.07417849650349628,17,13,False,0.9801210025929127,9514.22625,8826.109836468751
S-B_minervini,COUP,2019-05-24,2019-05-28,113.11299999999999,78,2019-06-03,105.08989491,stop_7pct,-642.8220228229784,-0.0727862837162836,6,4,False,0.9827437446074202,8822.813999999998,8197.01180298
S-B_minervini,RNG,2019-02-08,2019-02-11,101.44935140783016,44,2019-06-24,115.0287696460605,close_below_sma50,587.9693651557636,0.1315887222677643,133,92,True,0.9627989371124889,4463.771461944527,5061.265864426662
S-B_minervini,NSSC,2019-04-18,2019-04-22,11.144263355817873,415,2019-06-26,13.42044010669674,close_below_sma20_volume,934.4189996777859,0.20184040998612418,65,46,True,0.9786689419795221,4624.869292664417,5569.482644279147
S-B_minervini,EHTH,2019-06-21,2019-06-24,83.30774999999998,107,2019-06-26,77.28251698125,stop_7pct,-661.8830915732433,-0.0741784965034965,2,2,False,0.9982661465106198,8913.92925,8269.22931699375
S-B_minervini,COO,2019-05-31,2019-06-03,74.67020066869036,58,2019-07-01,85.03890473354468,half_at_2R,592.1217076482226,0.1365845554445555,28,20,True,0.8631799163179916,4330.87163878404,4932.256474545592
S-B_minervini,LION1,2019-06-14,2019-06-17,30.317017636544186,294,2019-07-01,30.892575,delisted,151.21824462086443,0.01694869670369581,14,10,False,0.7918473547267997,8913.203185143992,9082.41705
S-B_minervini,HCC,2019-03-29,2019-04-01,23.565833301158303,407,2019-07-03,21.86143440765203,stop_7pct,-712.1792476145383,-0.0741784965034964,93,65,False,0.8791208791208791,9591.294153571429,8897.603803914377
S-B_minervini,ATRI,2019-03-29,2019-04-01,824.3256583107183,11,2019-07-05,764.7063050733957,stop_7pct,-673.2922372077719,-0.07417849650349617,95,66,False,0.8681318681318682,9067.5822414179,8411.769355807353
S-B_minervini,NVCR,2019-06-21,2019-06-24,59.6596,75,2019-07-11,67.94393205599998,half_at_2R,611.7546392957975,0.13658455544455483,17,12,True,0.977026441265713,4474.47,5095.794904199998
S-B_minervini,NEWT,2019-06-14,2019-06-17,11.8966675,750,2019-07-22,11.036241023062502,stop_7pct,-662.5195390954177,-0.07417849650349606,35,24,False,0.826539462272333,8922.500624999999,8277.180767296877
S-B_minervini,EHTH,2019-06-28,2019-07-01,87.90781999999999,100,2019-07-23,81.5498869185,stop_7pct,-652.7390788418497,-0.0741784965034965,22,15,False,0.9982706441850411,8790.782,8154.98869185
S-B_minervini,CHGG,2019-07-12,2019-07-15,44.394349999999996,186,2019-07-29,41.24545875449999,stop_7pct,-601.622776091338,-0.07278628371628382,14,10,False,0.9312629399585921,8257.3491,7671.6553283369985
S-B_minervini,TTD,2019-07-26,2019-07-29,27.927899999999994,317,2019-07-29,25.946974052999995,stop_7pct,-645.0318602738007,-0.0727862837162837,0,0,False,0.9946258784621744,8853.144299999998,8225.190774800998
S-B_minervini,LSCC,2019-07-12,2019-07-15,16.79678,262,2019-07-31,19.129180870799996,half_at_2R,601.67642640145,0.13658455544455528,16,12,True,0.9888198757763975,4400.756359999999,5011.845388149599
S-B_minervini,CWST,2019-06-21,2019-06-24,40.631325,103,2019-08-02,46.27339078949999,half_at_2R,572.1815905921803,0.13658455544455528,39,28,True,0.9466840052015605,4185.026475,4766.159251318499
S-B_minervini,TEAM,2019-07-26,2019-07-29,144.14399999999998,61,2019-08-05,133.91986607999996,stop_7pct,-640.6340649508793,-0.0727862837162837,7,5,False,0.9813972715998347,8792.783999999998,8169.111830879998
S-B_minervini,GKOS,2019-08-02,2019-08-05,80.04996999999999,111,2019-08-05,74.37202562789999,stop_7pct,-647.3926668177974,-0.07278628371628382,0,0,False,0.9639130434782609,8885.546669999998,8255.294844696899
S-B_minervini,TLRA,2019-08-02,2019-08-05,9.00245,991,2019-08-06,8.35134780375,stop_7pct,-662.4398901072636,-0.07417849650349617,1,1,False,0.9869565217391304,8921.42795,8276.185673516251
S-B_minervini,COO,2019-05-31,2019-06-03,74.67020066869036,59,2019-08-07,81.38030924102594,close_below_sma20_volume,386.6894256831265,0.08768572326362323,65,46,True,0.8631799163179916,4405.541839452731,4801.438245220531
S-B_minervini,FHI,2019-07-12,2019-07-15,24.88906204280156,312,2019-08-27,23.123680872105645,stop_7pct,-565.7789010465767,-0.0727862837162837,43,31,False,0.9200828157349896,7765.387357354086,7214.588432096961
S-B_minervini,SAFM,2019-08-16,2019-08-19,141.11563819098401,62,2019-08-29,131.10630597409752,stop_7pct,-637.4563579851983,-0.07278628371628382,10,8,False,0.9078661451542808,8749.169567841009,8128.590970394046
S-B_minervini,PCMI,2019-06-28,2019-07-01,35.127599999999994,249,2019-08-30,34.922475,delisted,-68.51859367499674,-0.007825760223447165,60,43,False,0.9844357976653697,8746.772399999998,8695.696275
S-B_minervini,NVCR,2019-06-21,2019-06-24,59.6596,75,2019-09-04,87.55236000000001,close_below_sma20_volume,2080.9161030000005,0.4645996655993372,72,50,True,0.977026441265713,4474.47,6566.427000000001
S-B_minervini,LSCC,2019-07-12,2019-07-15,16.79678,263,2019-09-04,18.79119,close_below_sma20_volume,515.1701938900005,0.1165023989618943,51,36,True,0.9888198757763975,4417.55314,4942.08297
S-B_minervini,CWST,2019-06-21,2019-06-24,40.631325,103,2019-09-06,44.36559,close_below_sma20_volume,375.87461275499936,0.0897244296743327,74,52,True,0.9466840052015605,4185.026475,4569.655769999999
S-B_minervini,PODD,2019-08-09,2019-08-12,152.18203,57,2019-09-10,141.38775861210001,stop_7pct,-632.0069470611888,-0.0727862837162836,29,20,False,0.9660869565217391,8674.37571,8059.102240889701
S-B_minervini,CLCT,2019-08-30,2019-09-03,24.970796904527557,175,2019-09-20,28.395541699983507,half_at_2R,589.9912299490024,0.13487797202797203,17,13,True,0.9839130434782609,4369.889458292322,4969.219797497114
S-B_minervini,CRAY,2019-08-23,2019-08-26,35.037375000000004,249,2019-09-25,34.922475,delisted,-46.03010265000012,-0.005270805099559461,30,21,False,0.9595652173913043,8724.306375000002,8695.696275
S-B_minervini,VRRM,2019-09-13,2019-09-16,14.804789999999997,580,2019-09-27,13.754686245299999,stop_7pct,-625.624673948274,-0.0727862837162837,11,9,False,0.9285714285714286,8586.778199999999,7977.718022273999
S-B_minervini,KBH,2019-09-13,2019-09-16,27.210208734344096,157,2019-10-09,30.988618319195115,half_at_2R,584.0730889742044,0.1365845554445555,23,17,True,0.7932098765432098,4272.002771292023,4865.213076113633
S-B_minervini,MDC,2019-09-13,2019-09-16,32.52797862344984,264,2019-10-31,30.220769099688543,stop_7pct,-625.6689836718897,-0.0727862837162836,45,33,False,0.9453262786596119,8587.386356590758,7978.283042317776
S-B_minervini,CLCT,2019-08-30,2019-09-03,24.970796904527557,175,2019-11-01,24.908369912266238,breakeven_stop,-19.653577838668753,-0.0044930069930068095,59,43,True,0.9839130434782609,4369.889458292322,4358.964734646592
S-B_minervini,KBH,2019-09-13,2019-09-16,27.210208734344096,158,2019-11-05,30.975809740917217,close_below_sma20_volume,585.7715681194613,0.1361147690185227,50,36,True,0.7932098765432098,4299.212980026367,4894.17793906492
S-B_minervini,EIDX,2019-11-01,2019-11-04,47.107475,189,2019-11-05,43.70042687062501,stop_7pct,-661.0947899054227,-0.0741784965034964,1,1,False,0.9977817213842058,8903.312775,8259.380678548127
S-B_minervini,CELG,2019-06-21,2019-06-24,95.72562999999998,42,2019-11-08,109.01809098179997,half_at_2R,549.684124954364,0.13658455544455528,137,97,True,0.7997399219765929,4020.4764599999994,4578.759821235599
S-B_minervini,AMD,2019-11-08,2019-11-11,35.99596,121,2019-11-19,40.994359005599996,half_at_2R,595.4904510779215,0.13658455544455528,8,6,True,0.9462938304482912,4355.51116,4960.317439677599
S-B_minervini,GAIN,2019-09-13,2019-09-16,6.073144999999999,707,2019-11-20,6.906076836749999,half_at_2R,579.7064987436679,0.13487797202797203,65,47,True,0.7486772486772487,4293.7135149999995,4882.596323582249
S-B_minervini,CELG,2019-06-21,2019-06-24,95.72562999999998,43,2019-11-21,107.96940000000001,delisted,517.7232237100015,0.12565126939438231,150,106,True,0.7997399219765929,4116.202089999999,4642.684200000001
S-B_minervini,DCPH,2019-11-01,2019-11-04,45.51546999999999,98,2019-12-04,51.83574816419999,half_at_2R,609.8468407115079,0.13658455544455528,30,21,True,0.9849157054125999,4460.516059999999,5079.903320091599
S-B_minervini,TDG,2019-08-09,2019-08-12,403.61658642143726,10,2019-12-20,463.62929077589683,half_at_2R,591.4545847726231,0.14639232898982502,130,92,True,0.9352173913043478,4036.1658642143725,4636.292907758969
S-B_minervini,GAIN,2019-09-13,2019-09-16,6.073144999999999,707,2019-12-24,7.005721683673469,close_below_sma20_volume,650.0849566117868,0.15125264385290405,99,70,True,0.7486772486772487,4293.7135149999995,4953.045230357143
S-B_minervini,DCPH,2019-11-01,2019-11-04,45.51546999999999,98,2020-01-03,56.22372,close_below_sma20_volume,1039.4380593800006,0.23279809908817595,60,41,True,0.9849157054125999,4460.516059999999,5509.92456
S-B_minervini,PODD,2019-11-08,2019-11-11,168.63846999999998,26,2020-01-16,192.05560794419998,half_at_2R,599.4675405226508,0.1365845554445555,66,45,True,0.9707057256990679,4384.600219999999,4993.445806549199
S-B_minervini,PHM,2019-10-18,2019-10-21,35.71051380204242,124,2020-01-23,40.669275748594025,half_at_2R,605.4153874681206,0.1365845554445555,94,64,True,0.9654725938713854,4428.10371145326,5042.9901928256595
S-B_minervini,AMD,2019-11-08,2019-11-11,35.99596,121,2020-01-30,46.44351,close_below_sma20_volume,1254.1783741300005,0.2876643871763882,80,54,True,0.9462938304482912,4355.51116,5619.66471
S-B_minervini,DE,2019-10-11,2019-10-14,155.99908956135675,56,2020-01-31,144.93407413876972,stop_7pct,-636.4931208320795,-0.0727862837162836,109,75,False,0.7055771725032426,8735.949015435977,8116.308151771104
S-B_minervini,CPRT,2019-11-22,2019-11-25,22.527504999999998,201,2020-01-31,25.655674344299992,half_at_2R,619.0772191560945,0.13658455544455528,67,45,True,0.9431868619618287,4528.028504999999,5156.790543204298
S-B_minervini,TDG,2019-08-09,2019-08-12,403.61658642143726,11,2020-02-06,520.2908882590174,close_below_sma20_volume,1273.2543379918952,0.2864965501753587,178,123,True,0.9352173913043478,4439.78245063581,5723.199770849191
S-B_minervini,FLGT,2020-02-07,2020-02-10,16.551275,295,2020-02-18,18.82128236625,half_at_2R,659.2172686207068,0.13487797202797225,8,5,True,0.9939130434782608,4882.626125,5552.27829804375
S-B_minervini,CPRT,2019-11-22,2019-11-25,22.527504999999998,202,2020-02-21,24.237738,close_below_sma20_volume,336.0204869140007,0.07376786515190892,88,59,True,0.9431868619618287,4550.556009999999,4896.023076
S-B_minervini,SUM,2019-09-13,2019-09-16,21.985164132789745,390,2020-02-26,20.425756440850968,stop_7pct,-624.7092588798423,-0.0727862837162837,163,112,False,0.7808641975308642,8574.214011788,7966.0450119318775
S-B_minervini,PODD,2019-11-08,2019-11-11,168.63846999999998,26,2020-02-26,187.812,close_below_sma20_volume,489.2440677800005,0.1114708953938639,107,72,True,0.9707057256990679,4384.600219999999,4883.112
S-B_minervini,PHM,2019-10-18,2019-10-21,35.71051380204242,125,2020-02-27,38.63772872184955,close_below_sma50,356.6083346604046,0.07980889539762415,129,88,True,0.9654725938713854,4463.8142252553025,4829.716090231193
S-B_minervini,FLGT,2020-02-07,2020-02-10,16.551275,296,2020-02-27,16.509896812500003,breakeven_stop,-22.034050356499392,-0.0044930069930069205,17,12,True,0.9939130434782608,4899.1774000000005,4886.929456500001
S-B_minervini,MTEM,2020-02-21,2020-02-24,260.4495,38,2020-02-27,241.61248991250002,stop_7pct,-734.8847389416733,-0.07417849650349628,3,3,False,0.9908735332464146,9897.081,9181.274616675
S-B_minervini,NG,2019-12-27,2019-12-30,8.778769999999998,1076,2020-02-28,8.00199,stop_7pct,-853.8713777599987,-0.09030513295233744,60,41,False,0.9493449781659389,9445.956519999998,8610.141239999999
S-B_minervini,COUP,2020-01-03,2020-01-06,157.68752999999998,59,2020-02-28,146.50275349709997,stop_7pct,-677.8490403974283,-0.0727862837162837,53,37,False,0.9765758091993185,9303.564269999999,8643.662456328899
S-B_minervini,AON,2020-01-31,2020-02-03,210.71564107336798,45,2020-02-28,195.769580652034,stop_7pct,-690.8645539376721,-0.0727862837162837,25,18,False,0.8223711772098868,9482.203848301559,8809.63112934153
S-B_minervini,BRO,2020-01-31,2020-02-03,43.08720662683621,224,2020-02-28,40.031031060794724,stop_7pct,-703.2018120353205,-0.07278628371628337,25,18,False,0.915793883535819,9651.534284411311,8966.950957618019
S-B_minervini,ZYXIQ,2020-02-28,2020-03-02,11.630965937475498,394,2020-03-05,13.226152915800261,half_at_2R,618.7099646317674,0.13487797202797225,3,3,True,0.985670864090317,4582.600579365346,5211.104248825303
S-B_minervini,ZYXIQ,2020-02-28,2020-03-02,11.630965937475498,395,2020-03-09,10.774866974827159,breakeven_stop,-347.00939424645367,-0.07545608620213529,7,5,True,0.985670864090317,4594.231545302821,4256.072455056727
S-B_minervini,WBC,2019-09-13,2019-09-16,134.35422,63,2020-03-16,124.8244751754,stop_7pct,-616.7021817458508,-0.07278628371628382,182,125,False,0.7208994708994709,8464.31586,7863.9419360502
S-B_minervini,CVM,2020-05-01,2020-05-04,534.4337525,17,2020-05-04,495.7808313504375,stop_7pct,-674.6133074680183,-0.07417849650349628,0,0,False,0.985897435897436,9085.373792499999,8428.274132957438
S-B_minervini,ACMR,2020-05-08,2020-05-11,15.649024999999998,291,2020-05-11,17.79528877875,half_at_2R,614.8304643066349,0.13487797202797225,0,0,True,0.9823087129588678,4553.866274999999,5178.42903461625
S-B_minervini,NVAX,2020-05-15,2020-05-18,49.234185,93,2020-05-18,56.070843929099986,half_at_2R,626.0159127158931,0.13658455544455528,0,0,True,0.9986749116607774,4578.779205,5214.588485406299
S-B_minervini,CPB,2020-05-15,2020-05-18,42.553443795053,272,2020-05-19,39.535128026669895,stop_7pct,-843.3099805357124,-0.0727862837162836,1,1,False,0.898851590106007,11574.536712254416,10753.554823254211
S-B_minervini,NVAX,2020-05-15,2020-05-18,49.234185,94,2020-05-20,49.18495081499999,breakeven_stop,-13.87941215661067,-0.002996003996004193,2,2,True,0.9986749116607774,4628.01339,4623.385376609999
S-B_minervini,TEAM,2020-05-15,2020-05-18,187.95776999999998,63,2020-05-26,174.6259253739,stop_7pct,-862.7489842528539,-0.0727862837162836,8,5,False,0.9032685512367491,11841.339509999998,11001.4332985557
S-B_minervini,STMP,2020-05-08,2020-05-11,198.21802,45,2020-05-27,184.1584158414,stop_7pct,-649.8891267498657,-0.07278628371628404,16,11,False,0.9969040247678018,8919.8109,8287.128712863
S-B_minervini,NVDA,2020-05-15,2020-05-18,8.716641304799998,1451,2020-05-27,8.098369937050533,stop_7pct,-921.5103359163986,-0.07278628371628382,9,6,False,0.9743816254416962,12647.846533264797,11750.734778660324
S-B_minervini,RGEN,2020-05-15,2020-05-18,141.96182,83,2020-05-27,131.8924681074,stop_7pct,-858.486112998713,-0.0727862837162836,9,6,False,0.9690812720848057,11782.831059999999,10947.0748529142
S-B_minervini,GEN,2020-05-29,2020-06-01,19.59378194610778,460,2020-06-02,18.203994992670353,stop_7pct,-656.688975973053,-0.0727862837162837,1,1,False,0.9642699602999559,9013.139695209578,8373.837696628363
S-B_minervini,SPWH,2020-05-29,2020-06-01,12.220474999999999,738,2020-06-02,11.336629145625,stop_7pct,-669.6633833882206,-0.0741784965034964,1,1,False,0.9850022055580062,9018.71055,8366.43230947125
S-B_minervini,DOCU,2020-05-29,2020-06-01,142.49235,63,2020-06-05,132.3853676145,stop_7pct,-654.057186496213,-0.0727862837162837,4,4,False,0.9788266431407145,8977.018049999999,8340.2781597135
S-B_minervini,ACMR,2020-05-08,2020-05-11,15.649024999999998,291,2020-06-09,18.7061175,close_below_sma20_volume,879.6165710325013,0.19296522562013574,29,20,True,0.9823087129588678,4553.866274999999,5443.4801925
S-B_minervini,SPTN,2020-05-29,2020-06-01,17.581435845021034,512,2020-06-10,16.309858497529888,stop_7pct,-668.3999446188518,-0.0741784965034964,9,7,False,0.948831054256727,9001.69515265077,8350.647550735303
S-B_minervini,LSCC,2020-06-05,2020-06-08,28.59857,264,2020-06-11,26.5700734299,stop_7pct,-550.0876163718931,-0.0727862837162837,3,3,False,0.9531453362255965,7550.02248,7014.4993854936
S-B_minervini,MTSI,2020-06-05,2020-06-08,34.034,258,2020-06-11,31.61996838,stop_7pct,-639.7588818020395,-0.0727862837162837,3,3,False,0.9648590021691974,8780.771999999999,8157.95184204
S-B_minervini,REGI,2020-06-05,2020-06-08,32.160199999999996,273,2020-06-11,28.937475000000003,stop_7pct,-896.4835902750001,-0.10200627274914753,3,3,False,0.9657266811279827,8779.7346,7899.9306750000005
S-B_minervini,LGTY,2020-05-29,2020-06-01,17.04453178049395,518,2020-06-12,15.811786019469729,stop_7pct,-655.5818768309291,-0.0741784965034964,11,9,False,0.9113365681517424,8829.067462295867,8190.50515808532
S-B_minervini,TYL,2020-05-15,2020-05-18,356.48612999999995,33,2020-06-19,331.2005687991,stop_7pct,-857.1171806900675,-0.07278628371628348,32,23,False,0.9355123674911661,11764.042289999998,10929.6187703703
S-B_minervini,SNPS,2020-05-22,2020-05-26,172.25208,26,2020-06-23,196.17100382879997,half_at_2R,612.3130193692496,0.13658455544455506,28,20,True,0.88668430335097,4478.55408,5100.446099548799
S-B_minervini,ODTC,2020-06-19,2020-06-22,41.533575,177,2020-06-24,38.529659188125,stop_7pct,-545.8642911531715,-0.07417849650349628,2,2,False,0.9035049762007789,7351.4427749999995,6819.749676298125
S-B_minervini,IMMU,2020-06-19,2020-06-22,36.32628999999999,217,2020-06-29,33.749666250299995,stop_7pct,-574.3338361912147,-0.0727862837162837,7,5,False,0.9792297706620511,7882.804929999998,7323.677576315099
S-B_minervini,TDOC,2020-06-19,2020-06-22,205.16495999999998,40,2020-06-29,190.6126093872,stop_7pct,-597.9251272874872,-0.0727862837162836,7,5,False,0.9861531804413673,8206.598399999999,7624.504375488
S-B_minervini,AXSM,2020-06-26,2020-06-29,86.37629,94,2020-06-29,80.2496197503,stop_7pct,-591.5698389883273,-0.0727862837162836,0,0,False,0.9870242214532872,8119.37126,7543.4642565282
S-B_minervini,MNTA,2020-06-19,2020-06-22,38.21818,217,2020-06-30,35.074889999999996,stop_7pct,-697.9985261899992,-0.0840796108108679,8,6,False,0.9826914755517092,8293.34506,7611.25113
S-B_minervini,CLW,2020-06-12,2020-06-15,33.323100000000004,123,2020-07-06,37.893363165000004,half_at_2R,553.3827443257051,0.13487797202797203,21,14,True,0.9466377440347071,4098.741300000001,4660.883669295001
S-B_minervini,AMGN,2020-07-02,2020-07-06,215.01327762060484,37,2020-07-14,199.76238583897535,stop_7pct,-579.6296954682948,-0.0727862837162836,8,6,False,0.8531958762886598,7955.491271962379,7391.208276042088
S-B_minervini,CALX,2020-07-17,2020-07-20,16.009925,255,2020-07-22,18.324075,half_at_2R,581.3530799999994,0.14225790948667516,2,2,True,0.9555738379267791,4082.530875,4672.639125
S-B_minervini,SNPS,2020-05-22,2020-05-26,172.25208,26,2020-07-27,194.41539,close_below_sma20_volume,566.7127057799999,0.1264127995571238,62,43,True,0.88668430335097,4478.55408,5054.80014
S-B_minervini,AKAM,2020-07-02,2020-07-06,116.11599999999999,69,2020-07-29,107.87989212,stop_7pct,-583.7471602762798,-0.0727862837162837,23,17,False,0.8465979381443299,8012.003999999999,7443.712556279999
S-B_minervini,XYZ,2020-07-02,2020-07-06,118.90879,34,2020-08-03,135.42046457939998,half_at_2R,552.7497410438991,0.13658455544455506,28,20,True,0.8878350515463918,4042.89886,4604.295795699599
S-B_minervini,ACH,2020-07-24,2020-07-27,15.160026632390744,274,2020-08-03,17.239224285023134,half_at_2R,560.8227620699026,0.1348779720279718,7,5,True,0.9938448912597456,4153.847297275064,4723.547454096339
S-B_minervini,CODX,2020-07-31,2020-08-03,791.87475,5,2020-08-03,900.4803719624999,half_at_2R,534.5663342026874,0.13487797202797203,0,0,True,0.9995990376904571,3959.3737499999997,4502.401859812499
S-B_minervini,ACH,2020-07-24,2020-07-27,15.160026632390744,274,2020-08-05,15.122126565809769,breakeven_stop,-18.681928219494694,-0.0044930069930070315,9,7,True,0.9938448912597456,4153.847297275064,4143.462679031876
S-B_minervini,ATVI,2020-06-19,2020-06-22,75.11534955780346,49,2020-08-06,85.60321827844311,half_at_2R,506.0303574873669,0.13734653942527175,45,32,True,0.9273041973171787,3680.652128332369,4194.557695643713
S-B_minervini,CODX,2020-07-31,2020-08-03,791.87475,5,2020-08-06,789.895063125,breakeven_stop,-17.807283440624815,-0.0044930069930069205,3,3,True,0.9995990376904571,3959.3737499999997,3949.475315625
S-B_minervini,ALNY,2020-06-19,2020-06-22,150.10996,49,2020-08-10,139.4626605372,stop_7pct,-535.9067320835229,-0.0727862837162837,49,34,False,0.9588922544353093,7355.38804,6833.6703663228
S-B_minervini,PCRX,2020-07-02,2020-07-06,54.124069999999996,74,2020-08-10,61.63973836019999,half_at_2R,547.5929368361453,0.1365845554445555,35,25,True,0.7711340206185567,4005.1811799999996,4561.3406386547995
S-B_minervini,CODX,2020-08-07,2020-08-10,791.87475,11,2020-08-10,734.60240870625,stop_7pct,-646.7870029770202,-0.07417849650349662,0,0,False,0.9991511035653651,8710.62225,8080.62649576875
S-B_minervini,APPS,2020-08-07,2020-08-10,22.702679999999997,386,2020-08-11,21.092378907599997,stop_7pct,-638.4811144047344,-0.07278628371628382,1,1,False,0.9817487266553481,8763.23448,8141.6582583335985
S-B_minervini,ATVI,2020-06-19,2020-06-22,75.11534955780346,49,2020-08-12,77.81039149014808,close_below_sma20_volume,124.56369337353681,0.03380902345036296,51,36,True,0.9273041973171787,3680.652128332369,3812.709183017256
S-B_minervini,CLW,2020-06-12,2020-06-15,33.323100000000004,124,2020-08-19,36.518475,close_below_sma50,387.5661447000002,0.09370109665625392,65,46,True,0.9466377440347071,4132.0644,4528.2909
S-B_minervini,TRIL1,2020-08-21,2020-08-24,10.606449999999999,815,2020-08-25,9.83933850375,stop_7pct,-641.8591870743048,-0.0741784965034964,1,1,False,1.0,8644.256749999999,8019.06088055625
S-B_minervini,CALX,2020-07-17,2020-07-20,16.009925,255,2020-09-01,19.501125000000002,close_below_sma20_volume,881.2006822500011,0.21563103595342992,43,31,True,0.9555738379267791,4082.530875,4972.786875000001
S-B_minervini,REPL,2020-08-28,2020-08-31,25.894574999999996,329,2020-09-02,24.021749863125,stop_7pct,-632.5819409118421,-0.0741784965034964,2,2,False,0.9532710280373832,8519.315174999998,7903.155704968125
S-B_minervini,CIEN,2020-05-22,2020-05-26,54.79474,166,2020-09-03,46.5534,stop_7pct,-1384.8862312399997,-0.15210134743250514,100,71,False,0.8941798941798942,9095.92684,7727.8644
S-B_minervini,MODVQ,2020-08-14,2020-08-17,95.708675,82,2020-09-04,88.786545080625,stop_7pct,-582.7432614353611,-0.0741784965034965,18,14,False,0.8578701739499364,7848.11135,7280.496696611251
S-B_minervini,XYZ,2020-07-02,2020-07-06,118.90879,34,2020-09-08,136.87299,close_below_sma20_volume,602.0862194799993,0.14877560769483456,64,45,True,0.8878350515463918,4042.89886,4653.681659999999
S-B_minervini,TTCFQ,2020-09-04,2020-09-08,20.28659,187,2020-09-08,23.0688958185,half_at_2R,512.1837122114398,0.1348779720279718,0,0,True,0.9389121338912134,3793.59233,4313.8835180595
S-B_minervini,VLDR,2020-09-04,2020-09-08,25.894574999999996,156,2020-09-08,29.446015961249994,half_at_2R,545.3916577650448,0.13487797202797203,0,0,True,0.9585774058577405,4039.5536999999995,4593.578489954999
S-B_minervini,PCRX,2020-07-02,2020-07-06,54.124069999999996,75,2020-09-10,60.19974,close_below_sma20_volume,447.10096424999983,0.11003220561943694,66,47,True,0.7711340206185567,4059.30525,4514.9805
S-B_minervini,PENN,2020-08-14,2020-08-17,52.861808999999994,81,2020-09-10,61.238699999999994,half_at_2R,669.2860297709994,0.1561531115033341,24,17,True,0.9677556215528214,4281.8065289999995,4960.334699999999
S-B_minervini,VLDR,2020-09-04,2020-09-08,25.894574999999996,156,2020-09-14,25.829838562499997,breakeven_stop,-18.16789276574991,-0.0044930069930069205,6,4,True,0.9585774058577405,4039.5536999999995,4029.4548157499994
S-B_minervini,MYOK,2020-09-04,2020-09-08,111.57145999999999,36,2020-09-15,127.06427293559997,half_at_2R,549.1503792959184,0.1365845554445555,7,5,True,0.9447698744769875,4016.5725599999996,4574.313825681599
S-B_minervini,ODFL,2020-08-14,2020-08-17,93.23662192828685,85,2020-09-21,86.62334833491347,stop_7pct,-577.4163529091093,-0.0727862837162836,35,24,False,0.8935086974968179,7925.112863904383,7362.984608467646
S-B_minervini,MRSN,2020-09-18,2020-09-21,540.598125,16,2020-09-21,501.49936560937505,stop_7pct,-642.2537100997488,-0.0741784965034964,0,0,False,0.9983333333333333,8649.57,8023.989849750001
S-B_minervini,TTCFQ,2020-09-04,2020-09-08,20.28659,187,2020-09-24,18.054750000000002,breakeven_stop,-424.52391057999967,-0.11179372317247127,16,12,True,0.9389121338912134,3793.59233,3376.2382500000003
S-B_minervini,ONC,2020-09-18,2020-09-21,268.43817,16,2020-10-05,305.7134942862,half_at_2R,587.2187619506203,0.13658455544455528,14,10,True,0.93125,4295.01072,4891.4159085792
S-B_minervini,SGEN,2020-09-18,2020-09-21,178.91873999999999,24,2020-10-05,203.76339623639998,half_at_2R,587.0873784039259,0.13658455544455528,14,10,True,0.9516666666666667,4294.04976,4890.321509673599
S-B_minervini,WMS,2020-08-14,2020-08-17,55.56430908108107,71,2020-10-06,63.51188852261306,half_at_2R,555.8237303189098,0.14075010903050678,50,35,True,0.8960543063215952,3945.065944756756,4509.3440851055275
S-B_minervini,DG,2020-05-29,2020-06-01,174.33496539989554,24,2020-10-08,198.543118695325,half_at_2R,572.0466050720215,0.13658455544455528,129,91,True,0.890163211292457,4184.039169597493,4765.0348486878
S-B_minervini,XLRN,2020-09-18,2020-09-21,105.87576999999999,41,2020-10-12,120.57767942219998,half_at_2R,593.4936948838904,0.13658455544455572,21,15,True,0.9504166666666667,4340.906569999999,4943.684856310199
S-B_minervini,QTRX,2020-10-09,2020-10-12,46.265375,194,2020-10-14,42.919231753125004,stop_7pct,-666.4536036038553,-0.0741784965034964,2,2,False,0.909509844993716,8975.48275,8326.33096010625
S-B_minervini,BCLI,2020-10-09,2020-10-12,266.614875,34,2020-10-15,247.331954165625,stop_7pct,-673.0935005603806,-0.0741784965034964,3,3,False,0.9790532048596565,9064.90575,8409.28644163125
S-B_minervini,PENN,2020-08-14,2020-08-17,52.861808999999994,81,2020-10-20,64.68525,close_below_sma20_volume,948.1774092210007,0.22122208759936224,64,45,True,0.9677556215528214,4281.8065289999995,5239.50525
S-B_minervini,XLRN,2020-09-18,2020-09-21,105.87576999999999,41,2020-10-21,112.30758,close_below_sma20_volume,254.75869265000074,0.0586292711804528,30,22,True,0.9504166666666667,4340.906569999999,4604.61078
S-B_minervini,NET,2020-10-16,2020-10-19,58.618559999999995,156,2020-10-22,54.4607455392,stop_7pct,-666.2594275489155,-0.0727862837162837,3,3,False,0.9710934227063259,9144.495359999999,8495.8763041152
S-B_minervini,AXON,2020-10-16,2020-10-19,109.88977999999999,83,2020-10-23,102.09529790459999,stop_7pct,-664.5367753842802,-0.0727862837162836,4,4,False,0.9069962295768748,9120.851739999998,8473.9097260818
S-B_minervini,PINS,2020-10-23,2020-10-26,53.503449999999994,166,2020-10-26,49.70845029149999,stop_7pct,-647.1031270593885,-0.0727862837162837,0,0,False,0.9086336965632859,8881.572699999999,8251.602748389
S-B_minervini,IPGP,2020-10-23,2020-10-26,197.76756999999998,51,2020-10-29,183.73991625989999,stop_7pct,-734.8672225443552,-0.0727862837162837,3,3,False,0.7720033528918693,10086.146069999999,9370.735729254899
S-B_minervini,WMS,2020-08-14,2020-08-17,55.56430908108107,71,2020-10-30,63.40483533816806,close_below_sma20_volume,548.2305549994098,0.13882730473876825,74,53,True,0.8960543063215952,3945.065944756756,4501.743309009932
S-B_minervini,SGEN,2020-09-18,2020-09-21,178.91873999999999,24,2020-10-30,178.73982125999999,breakeven_stop,-12.87785523024013,-0.002996003996003971,39,29,True,0.9516666666666667,4294.04976,4289.75571024
S-B_minervini,PBI,2020-10-23,2020-10-26,5.943934184350133,1496,2020-10-30,5.51403914446701,stop_7pct,-660.2641077650605,-0.07417849650349628,4,4,False,0.80720871751886,8892.1255397878,8249.002560122648
S-B_minervini,DG,2020-05-29,2020-06-01,174.33496539989554,25,2020-11-02,191.46650335051544,close_below_sma20_volume,419.14341204673656,0.0960735986378618,154,108,True,0.890163211292457,4358.374134997389,4786.662583762886
S-B_minervini,ONC,2020-09-18,2020-09-21,268.43817,16,2020-11-02,297.66204,close_below_sma20_volume,458.5243166399996,0.10665078162822605,42,30,True,0.93125,4295.01072,4762.59264
S-B_minervini,RGEN,2020-10-09,2020-10-12,173.20302999999998,26,2020-11-05,197.25400274579997,half_at_2R,615.6934085394078,0.13658455544455506,24,18,True,0.9132802681189778,4503.27878,5128.604071390799
S-B_minervini,STAA,2020-10-23,2020-10-26,73.02295,121,2020-11-05,67.8434321565,stop_7pct,-643.7664913044355,-0.0727862837162836,10,8,False,0.9463537300922046,8835.77695,8209.0552909365
S-B_minervini,RMD,2020-10-30,2020-11-02,185.26578069999997,23,2020-11-09,210.99178700800195,half_at_2R,582.584221026762,0.1365845554445555,7,5,True,0.753034742570113,4261.112956099999,4852.811101184045
S-B_minervini,HUBS,2020-11-06,2020-11-09,376.94656999999995,23,2020-11-09,350.2097497899,stop_7pct,-631.6714601874683,-0.07278628371628382,0,0,False,0.9417350021579629,8669.77111,8054.8242451677
S-B_minervini,UPWK,2020-11-06,2020-11-09,27.117089999999997,306,2020-11-09,25.1936748063,stop_7pct,-604.5721433029275,-0.0727862837162837,0,0,False,0.9218817436340095,8297.829539999999,7709.2644907278
S-B_minervini,WK,2020-11-06,2020-11-09,71.92184999999999,115,2020-11-10,66.8204331795,stop_7pct,-602.6182969231413,-0.0727862837162836,1,1,False,0.8839015968925334,8271.01275,7684.3498156425
S-B_minervini,MTSI,2020-11-06,2020-11-09,44.17413,176,2020-11-12,41.0408589591,stop_7pct,-566.4535412552004,-0.0727862837162836,3,3,False,0.8834700043159258,7774.646879999999,7223.1911768016
S-B_minervini,CYRX,2020-11-13,2020-11-16,52.430749999999996,164,2020-11-16,48.63869600625,stop_7pct,-638.4722441200238,-0.0741784965034964,0,0,False,0.9779887785930081,8598.643,7976.746145025
S-B_minervini,MYOK,2020-09-04,2020-09-08,111.57145999999999,36,2020-11-17,224.347725,delisted,4047.852449340001,1.0067809258497005,70,50,True,0.9447698744769875,4016.5725599999996,8076.5181
S-B_minervini,RGEN,2020-10-09,2020-10-12,173.20302999999998,27,2020-11-19,185.94387,close_below_sma20_volume,334.3057137000005,0.07141516967817352,38,28,True,0.9132802681189778,4676.481809999999,5020.48449
S-B_minervini,BLNK,2020-11-20,2020-11-23,26.476025,153,2020-11-23,30.10721182875,half_at_2R,546.9143495639505,0.1348779720279718,0,0,True,0.9982721382289417,4050.831825,4606.40340979875
S-B_minervini,FLGT,2020-11-13,2020-11-16,43.107499999999995,199,2020-11-24,39.9897500625,stop_7pct,-636.9685903249347,-0.07417849650349617,8,6,False,0.9766940008631851,8578.392499999998,7957.9602624375
S-B_minervini,BLNK,2020-11-20,2020-11-23,26.476025,154,2020-11-24,26.4098349375,breakeven_stop,-18.3376920553751,-0.0044930069930070315,1,1,True,0.9982721382289417,4077.30785,4067.114580375
S-B_minervini,TRIL1,2020-11-20,2020-11-23,18.175324999999997,468,2020-11-24,16.860794619375,stop_7pct,-631.5971221143654,-0.07417849650349628,1,1,False,1.0,8506.052099999999,7890.8518818675
S-B_minervini,RMD,2020-10-30,2020-11-02,185.26578069999997,23,2020-11-25,195.72409789210306,close_below_sma20_volume,231.77852821075248,0.05433955485691877,23,17,True,0.753034742570113,4261.112956099999,4501.65425151837
S-B_minervini,GNOG,2020-11-27,2020-11-30,21.242975,407,2020-11-30,19.706576833125002,stop_7pct,-641.9805215142078,-0.07417849650349662,0,0,False,0.9006479481641468,8645.890825,8020.576771081875
S-B_minervini,XONE1,2020-11-27,2020-11-30,12.771849999999999,677,2020-11-30,11.84812594875,stop_7pct,-642.0289064135532,-0.0741784965034964,0,0,False,0.8755939524838013,8646.542449999999,8021.18126730375
S-B_minervini,TBHC,2020-11-20,2020-11-23,13.7893875,295,2020-12-01,15.680601995624999,half_at_2R,549.2146293081651,0.1348779720279718,8,5,True,0.9969762419006479,4067.8693125,4625.777588709375
S-B_minervini,EVH,2020-11-13,2020-11-16,13.45355,300,2020-12-03,15.298704382499999,half_at_2R,544.9206384352501,0.13487797202797203,17,12,True,0.7747086750107898,4036.065,4589.61131475
S-B_minervini,CTRN,2020-12-04,2020-12-07,37.323074999999996,101,2020-12-09,42.44193473624999,half_at_2R,508.94856737788723,0.13487797202797158,2,2,True,0.8554021121039805,3769.6305749999997,4286.635408361249
S-B_minervini,TPB,2020-10-30,2020-11-02,36.36722169028341,117,2020-12-10,41.35498614510578,half_at_2R,574.4749428974765,0.13487797202797203,38,27,True,0.8974466303892842,4254.964937763159,4838.533378977376
S-B_minervini,UTZ,2020-11-13,2020-11-16,17.299047093023255,233,2020-12-16,19.70119277236046,half_at_2R,551.0788873969345,0.13658455544455528,30,21,True,0.879154078549849,4030.6779726744185,4590.377915959987
S-B_minervini,DAY,2020-11-06,2020-11-09,95.34525,39,2020-12-23,108.58489141499999,half_at_2R,508.392739669815,0.1365845554445555,44,31,True,0.8821752265861027,3718.4647499999996,4234.810765185
S-B_minervini,SSTK,2020-10-30,2020-11-02,54.198507550339706,79,2021-01-04,61.72451230877987,half_at_2R,585.3964573479025,0.13658455544455528,63,42,True,0.8601925491837589,4281.682096476837,4876.23647239361
S-B_minervini,SSTK,2020-10-30,2020-11-02,54.198507550339706,79,2021-01-05,56.87995402335516,close_below_sma20_volume,203.0590729038995,0.04737769225186783,64,43,True,0.8601925491837589,4281.682096476837,4493.516367845058
S-B_minervini,TBHC,2020-11-20,2020-11-23,13.7893875,295,2021-01-05,16.368975000000002,close_below_sma20_volume,752.0815955625003,0.18469872249545216,43,28,True,0.9969762419006479,4067.8693125,4828.847625
S-B_minervini,TER,2020-12-04,2020-12-07,114.19301201604642,36,2021-01-08,130.04985366459462,half_at_2R,562.0535561832321,0.13658455544455528,32,22,True,0.8619008935824533,4110.948432577671,4681.794731925406
S-B_minervini,LRCX,2020-12-04,2020-12-07,47.15265823806715,87,2021-01-14,53.700276361005145,half_at_2R,560.8685713854866,0.13658455544455528,38,26,True,0.8708367181153533,4102.281266711841,4671.924043407447
S-B_minervini,AMD,2020-12-04,2020-12-07,95.04494999999999,91,2021-01-15,88.30341169649999,stop_7pct,-630.1646865328803,-0.0727862837162836,39,27,False,0.9163281884646629,8649.090449999998,8035.6104643815
S-B_minervini,RUN,2021-01-08,2021-01-11,91.64154999999998,101,2021-01-15,85.14141485849999,stop_7pct,-674.3687287422072,-0.0727862837162836,4,4,False,0.9847834568864612,9255.796549999997,8599.282900708498
S-B_minervini,TPB,2020-10-30,2020-11-02,36.36722169028341,118,2021-01-19,42.98019377992022,close_below_sma20_volume,770.9677115516606,0.17947748750721693,78,52,True,0.8974466303892842,4291.332159453442,5071.662866030586
S-B_minervini,ZDGE,2021-01-15,2021-01-19,6.976906967213114,665,2021-01-21,7.933789757766392,half_at_2R,626.411442395819,0.13487797202797203,2,2,True,0.9757907067551738,4639.643133196721,5275.970188914651
S-B_minervini,CYH,2021-01-15,2021-01-19,9.222999999999999,503,2021-01-25,10.48793445,half_at_2R,626.3474283216501,0.13487797202797203,6,4,True,0.9367434595860992,4639.169,5275.43102835
S-B_minervini,HOME,2021-01-15,2021-01-19,23.15775,200,2021-01-25,26.3338354125,half_at_2R,625.3187654174999,0.13487797202797203,6,4,True,0.9621241702459976,4631.55,5266.7670825000005
S-B_minervini,ENPH,2021-01-08,2021-01-11,200.60039999999998,46,2021-01-26,186.37181362799998,stop_7pct,-672.3156949388886,-0.07278628371628382,15,10,False,0.9855637924307452,9227.6184,8573.103426888
S-B_minervini,DAY,2020-11-06,2020-11-09,95.34525,40,2021-01-27,95.56434,close_below_sma50,1.1272164000006342,0.00029526649457922716,79,53,True,0.8821752265861027,3813.8099999999995,3822.5736
S-B_minervini,ZDGE,2021-01-15,2021-01-19,6.976906967213114,666,2021-01-27,6.959464699795081,breakeven_stop,-20.898173630636848,-0.0044930069930069205,8,6,True,0.9757907067551738,4646.6200401639335,4635.003490063524
S-B_minervini,EVH,2020-11-13,2020-11-16,13.45355,301,2021-01-28,17.266725,close_below_sma20_volume,1138.518872225001,0.2808683246392998,73,49,True,0.7747086750107898,4049.51855,5197.284225
S-B_minervini,LRCX,2020-12-04,2020-12-07,47.15265823806715,87,2021-01-28,49.72272061815315,close_below_sma20_volume,215.16726910699072,0.05239823961717138,52,35,True,0.8708367181153533,4102.281266711841,4325.876693779323
S-B_minervini,TER,2020-12-04,2020-12-07,114.19301201604642,36,2021-01-28,120.96598038294148,close_below_sma20_volume,235.36113748185835,0.05719507683606673,52,35,True,0.8619008935824533,4110.948432577671,4354.775293785893
S-B_minervini,CYH,2021-01-15,2021-01-19,9.222999999999999,503,2021-01-29,9.199942499999999,breakeven_stop,-20.864662577499985,-0.0044930069930070315,10,8,True,0.9367434595860992,4639.169,4627.5710775
S-B_minervini,HOME,2021-01-15,2021-01-19,23.15775,201,2021-02-01,23.099855625,breakeven_stop,-20.934548105625254,-0.0044930069930070315,13,9,True,0.9621241702459976,4654.70775,4643.070980625
S-B_minervini,HOV,2021-01-29,2021-02-01,52.3305,179,2021-02-01,48.545696587500004,stop_7pct,-695.5366500266628,-0.0741784965034965,0,0,False,0.8018757327080891,9367.1595,8689.6796891625
S-B_minervini,EBIXQ,2021-01-29,2021-02-01,52.933713329598504,176,2021-02-02,49.1052825130353,stop_7pct,-691.7626869834276,-0.0741784965034964,1,1,False,0.7213755373192653,9316.333546009337,8642.529722294212
S-B_minervini,PRTS,2021-01-29,2021-02-01,162.60549999999998,28,2021-02-04,184.90684432499995,half_at_2R,614.7072954588994,0.1348779720279718,3,3,True,0.9835873388042204,4552.954,5177.391641099999
S-B_minervini,CHUY,2021-01-29,2021-02-01,35.097525,133,2021-02-05,39.91115055375,half_at_2R,630.2360448001009,0.13487797202797203,4,4,True,0.7010550996483002,4667.970824999999,5308.183023648749
S-B_minervini,LOCO,2021-01-29,2021-02-01,17.684834033898305,529,2021-02-16,16.40577841239661,stop_7pct,-694.6543577584853,-0.0741784965034964,15,10,False,0.7198124267291911,9355.277203932203,8678.656780157808
S-B_minervini,ORMP,2021-02-05,2021-02-08,9.512601488734418,499,2021-02-16,10.909385454545458,half_at_2R,686.8046274550125,0.14454373953373878,8,5,True,0.8231499051233396,4746.788142878475,5443.7833418181835
S-B_minervini,BFXXQ,2021-02-12,2021-02-16,30.064974999999997,324,2021-02-17,27.890525683125002,stop_7pct,-723.2991608888315,-0.0741784965034964,1,1,False,0.9867122247532271,9741.051899999999,9036.5303213325
S-B_minervini,ARWR,2021-02-05,2021-02-08,89.72963999999999,105,2021-02-18,83.36511663479999,stop_7pct,-686.449902792654,-0.0727862837162837,10,7,False,0.861100569259962,9421.6122,8753.337246653999
S-B_minervini,ORMP,2021-02-05,2021-02-08,9.512601488734418,499,2021-02-22,9.488819985012583,breakeven_stop,-21.34867967259561,-0.0044930069930069205,14,9,True,0.8231499051233396,4746.788142878475,4734.921172521279
S-B_minervini,DOCU,2021-02-19,2021-02-22,258.47822,37,2021-02-22,240.14435985540004,stop_7pct,-696.8018608048496,-0.0727862837162837,0,0,False,0.9165085388994307,9563.694140000001,8885.341314649802
S-B_minervini,THO,2021-01-29,2021-02-01,109.8546285252749,85,2021-02-23,101.16329115363322,stop_7pct,-756.7001997622501,-0.08095664196292762,22,15,False,0.7405236420476748,9337.643424648368,8598.879748058824
S-B_minervini,AXTI,2021-02-19,2021-02-22,14.9172,644,2021-02-23,13.645800000000001,stop_7pct,-837.1761719999977,-0.08705818355082273,1,1,False,0.9506641366223909,9606.6768,8787.8952
S-B_minervini,CLDX,2021-02-19,2021-02-22,27.799325,345,2021-02-23,25.788738819375002,stop_7pct,-712.1401143333096,-0.0741784965034965,1,1,False,0.993168880455408,9590.767125,8897.114892684376
S-B_minervini,CHUY,2021-01-29,2021-02-01,35.097525,133,2021-02-26,39.321450000000006,close_below_sma20_volume,551.8843013250007,0.11810977168149805,25,18,True,0.7010550996483002,4667.970824999999,5229.752850000001
S-B_minervini,UTZ,2020-11-13,2020-11-16,17.299047093023255,234,2021-03-04,22.04857937150237,close_below_sma20_volume,1102.1832085714136,0.2720079983330108,108,73,True,0.879154078549849,4047.9770197674416,5159.367572931555
S-B_minervini,PRTS,2021-01-29,2021-02-01,162.60549999999998,29,2021-03-04,162.19898625,breakeven_stop,-21.20822885125017,-0.0044930069930070315,31,22,True,0.9835873388042204,4715.559499999999,4703.770601249999
S-B_minervini,SLCA,2021-02-26,2021-03-01,13.7543,670,2021-03-04,12.759520252500002,stop_7pct,-684.2666903941736,-0.07417849650349628,3,3,False,0.8994307400379506,9215.381000000001,8548.878569175002
S-B_minervini,CIVI,2021-02-26,2021-03-01,22.526071828890267,204,2021-03-05,25.6881503164557,half_at_2R,635.2283101456987,0.1380956935384785,4,4,True,0.8375711574952561,4595.318653093615,5240.382664556963
S-B_minervini,PDCE,2021-02-26,2021-03-01,34.214027432754136,134,2021-03-05,38.964987282066375,half_at_2R,626.8226318360548,0.13658455544455572,4,4,True,0.7973434535104365,4584.679675989054,5221.3082957968945
S-B_minervini,CIVI,2021-02-26,2021-03-01,22.526071828890267,205,2021-03-15,22.469756649318043,breakeven_stop,-20.76875665033822,-0.0044930069930068095,14,10,True,0.8375711574952561,4617.844724922505,4606.300113110199
S-B_minervini,SLCA,2021-03-05,2021-03-08,14.536249999999999,643,2021-03-15,13.48491571875,stop_7pct,-694.0255524009062,-0.0741784965034965,7,5,False,0.950594353640416,9346.80875,8670.80080715625
S-B_minervini,DXPE,2021-03-12,2021-03-15,34.50605,275,2021-03-16,32.01039993375001,stop_7pct,-704.595791950529,-0.07417849650349628,1,1,False,0.7243684992570579,9489.16375,8802.859981781252
S-B_minervini,PDCE,2021-02-26,2021-03-01,34.214027432754136,135,2021-03-18,34.17981340532138,breakeven_stop,-13.852062216562445,-0.002996003996004082,17,13,True,0.7973434535104365,4618.893703421809,4614.274809718387
S-B_minervini,RRGB,2021-03-19,2021-03-22,40.641349999999996,231,2021-03-22,37.70196436125,stop_7pct,-697.0953881686983,-0.0741784965034965,0,0,False,0.9338781575037147,9388.151849999998,8709.15376744875
S-B_minervini,PTGX,2021-03-05,2021-03-08,29.272999999999996,316,2021-03-24,27.155830275,stop_7pct,-686.8571434668975,-0.07417849650349628,16,12,False,0.9409361069836553,9250.267999999998,8581.2423669
S-B_minervini,CRIS,2021-03-19,2021-03-22,4844.08,1,2021-03-24,4493.731914000001,stop_7pct,-359.6858979139988,-0.07417849650349628,2,2,False,0.9892273402674592,4844.08,4493.731914000001
S-B_minervini,CTRN,2020-12-04,2020-12-07,37.323074999999996,101,2021-03-25,77.7252,close_below_sma20_volume,4068.9947492250003,1.078336388282715,108,74,True,0.8554021121039805,3769.6305749999997,7850.2452
S-B_minervini,MSB,2021-03-12,2021-03-15,17.0482894375,557,2021-03-30,15.815271903932814,stop_7pct,-705.0957698640996,-0.07417849650349628,15,11,False,0.7028231797919762,9495.8972166875,8809.106450490577
S-B_minervini,PLAY,2021-03-26,2021-03-29,49.20915999999999,182,2021-04-01,45.71875428119999,stop_7pct,-652.5307212207772,-0.0727862837162836,3,3,False,0.8075780089153046,8956.067119999998,8320.8132791784
S-B_minervini,MARA,2021-04-01,2021-04-05,48.938889999999994,90,2021-04-05,55.73454426539999,half_at_2R,602.1882748021135,0.13658455544455528,0,0,True,1.0,4404.500099999999,5016.108983885999
S-B_minervini,MARA,2021-04-01,2021-04-05,48.938889999999994,91,2021-04-07,48.88995110999999,breakeven_stop,-13.355863531010073,-0.002996003996003971,2,2,True,1.0,4453.43899,4448.98555101
S-B_minervini,BBW,2021-04-09,2021-04-12,7.491082907253269,1190,2021-04-13,6.949290335986177,stop_7pct,-661.9172039672958,-0.0741784965034965,1,1,False,0.9593908629441624,8914.388659631391,8269.655499823552
S-B_minervini,IVZ,2021-03-05,2021-03-08,19.07421760531782,242,2021-04-28,21.72286346199225,half_at_2R,631.0994036969232,0.13658455544455528,51,36,True,0.7563150074294205,4615.960660486912,5256.932957802124
S-B_minervini,CLFD,2021-04-23,2021-04-26,36.841874999999995,240,2021-05-04,34.177286390625,stop_7pct,-656.5458649837492,-0.0741784965034964,8,6,False,0.8117732558139535,8842.05,8202.54873375
S-B_minervini,AIRG,2021-04-30,2021-05-03,24.049974999999996,366,2021-05-04,22.310560558124997,stop_7pct,-653.5936417405246,-0.07417849650349662,1,1,False,0.8599429793300071,8802.29085,8165.665164273749
S-B_minervini,EXTR,2021-04-30,2021-05-03,11.60895,756,2021-05-04,10.769332691250002,stop_7pct,-651.6686671295838,-0.0741784965034964,1,1,False,0.9030648610121169,8776.3662,8141.615514585002
S-B_minervini,IRIX,2021-04-30,2021-05-03,8.60145,1021,2021-05-04,7.97935012875,stop_7pct,-652.0929654777037,-0.0741784965034965,1,1,False,0.9579472558802566,8782.08045,8146.91648145375
S-B_minervini,BGFV,2021-05-07,2021-05-10,22.29192196806132,194,2021-05-10,25.349259065980927,half_at_2R,583.8810078757997,0.1348779720279718,0,0,True,0.9984819734345352,4324.632861803896,4917.7562588003
S-B_minervini,RVLV,2021-05-07,2021-05-10,57.907849999999996,149,2021-05-10,53.8004461995,stop_7pct,-628.6477024082251,-0.0727862837162837,0,0,False,0.9715370018975332,8628.26965,8016.266483725501
S-B_minervini,BGFV,2021-05-07,2021-05-10,22.29192196806132,194,2021-05-11,22.146989524682304,breakeven_stop,-36.738042845122436,-0.008486579711256659,1,1,True,0.9984819734345352,4324.632861803896,4296.515967788367
S-B_minervini,KNTK,2021-05-07,2021-05-10,22.14465989118936,390,2021-05-12,20.543047364559094,stop_7pct,-641.2770912155456,-0.07417849650349628,2,2,False,0.9635673624288426,8636.41735756385,8011.7884721780465
S-B_minervini,LQDT,2021-05-07,2021-05-10,24.691574999999997,175,2021-05-12,28.078024511249993,half_at_2R,583.3939845542809,0.13487797202797203,2,2,True,0.9624288425047438,4321.025624999999,4913.654289468749
S-B_minervini,YETI,2021-04-16,2021-04-19,85.78569999999999,103,2021-05-13,79.70092029899999,stop_7pct,-643.7774310937984,-0.07278628371628393,24,18,False,0.867513611615245,8835.927099999999,8209.194790796999
S-B_minervini,DDS,2021-05-14,2021-05-17,98.57398930640827,41,2021-05-17,112.26197346149611,half_at_2R,552.563075885118,0.1365845554445555,0,0,True,0.9681214421252372,4041.5335615627387,4602.740911921341
S-B_minervini,LQDT,2021-05-07,2021-05-10,24.691574999999997,175,2021-05-19,24.629846062499997,breakeven_stop,-19.43381274843796,-0.004493006993007143,9,7,True,0.9624288425047438,4321.025624999999,4310.223060937499
S-B_minervini,RICK,2021-05-14,2021-05-17,74.22456216381181,116,2021-05-19,68.85627070531413,stop_7pct,-639.3191857985485,-0.07417849650349628,2,2,False,0.9886148007590133,8610.04921100217,7987.327401816439
S-B_minervini,IVZ,2021-03-05,2021-03-08,19.07421760531782,243,2021-05-20,21.680729624999998,close_below_sma20_volume,623.478968605802,0.13438002709262786,73,52,True,0.7563150074294205,4635.03487809223,5268.417298875
S-B_minervini,DDS,2021-05-14,2021-05-17,98.57398930640827,41,2021-05-20,98.47541531710186,breakeven_stop,-12.12055915112569,-0.0029960039960037488,3,3,True,0.9681214421252372,4041.5335615627387,4037.4920280011765
S-B_minervini,XPEL,2021-05-14,2021-05-17,75.80573,53,2021-05-26,86.33211366779999,half_at_2R,549.3050286790058,0.13658455544455528,9,7,True,0.9738140417457305,4017.70369,4575.602024393399
S-B_minervini,BBW,2021-05-21,2021-05-24,8.366200575048733,508,2021-05-26,9.513624983916667,half_at_2R,573.8086483209554,0.1348779720279718,2,2,True,0.9654779969650986,4250.029892124757,4832.921491829667
S-B_minervini,OMP,2021-05-21,2021-05-24,22.979809315124335,182,2021-05-27,26.131490162693638,half_at_2R,564.6676577526505,0.13487797202797203,3,3,True,0.8933990895295902,4182.325295352629,4755.931209610242
S-B_minervini,MTUS,2021-05-14,2021-05-17,14.546275,523,2021-06-17,13.494215660625002,stop_7pct,-564.8922111086304,-0.07417849650349628,31,22,False,0.9616698292220114,7607.701825,7057.474790506876
S-B_minervini,XPEL,2021-05-14,2021-05-17,75.80573,54,2021-06-21,85.30461,close_below_sma20_volume,504.23956164000083,0.12305720449867352,35,24,True,0.9738140417457305,4093.50942,4606.44894
S-B_minervini,ZDGE,2021-06-18,2021-06-21,16.853275119904076,547,2021-06-21,15.634361996857017,stop_7pct,-684.51621580961,-0.0741784965034964,0,0,False,0.9951201201201201,9218.74149058753,8551.996012280788
S-B_minervini,OMP,2021-05-21,2021-05-24,22.979809315124335,182,2021-06-25,23.235977450148496,close_below_sma20_volume,38.21132738311735,0.00912725613937937,32,23,True,0.8933990895295902,4182.325295352629,4228.947895927026
S-B_minervini,AVTR,2021-04-09,2021-04-12,31.781749999999995,140,2021-06-29,36.19496380499999,half_at_2R,608.3331927672989,0.13658455544455528,78,55,True,0.7189992748368383,4449.445,5067.294932699999
S-B_minervini,BBW,2021-05-21,2021-05-24,8.366200575048733,509,2021-06-29,14.495945482851985,close_below_sma20_volume,3108.4033257283845,0.7292177524359738,36,25,True,0.9654779969650986,4258.396092699805,7378.4362507716605
S-B_minervini,VCEL,2021-06-18,2021-06-21,62.07200999999999,140,2021-06-29,57.35259,stop_7pct,-677.4382439999999,-0.07787746182877897,8,6,False,0.9628378378378378,8690.0814,8029.3625999999995
S-B_minervini,WOW,2021-05-21,2021-05-24,16.74175,248,2021-06-30,19.65075,half_at_2R,712.4066599999996,0.1714120544290627,37,26,True,0.8596358118361154,4151.954,4873.3859999999995
S-B_minervini,BBQ,2021-06-25,2021-06-28,17.222949999999997,273,2021-07-01,19.585077592499996,half_at_2R,634.8122412197472,0.13487797202797203,3,3,True,0.96996996996997,4701.865349999999,5346.726182752499
S-B_minervini,ATEC,2021-06-25,2021-06-28,15.799399999999999,595,2021-07-07,14.656708395,stop_7pct,-698.0228894700249,-0.0741784965034965,9,6,False,0.9271771771771772,9400.643,8720.741495025
S-B_minervini,BBQ,2021-06-25,2021-06-28,17.222949999999997,273,2021-07-08,17.179892624999997,breakeven_stop,-21.146639411625074,-0.0044930069930070315,10,7,True,0.96996996996997,4701.865349999999,4690.110686624999
S-B_minervini,CNR2,2021-05-21,2021-05-24,17.377359999999996,482,2021-07-16,16.144783855199996,stop_7pct,-610.2593751318063,-0.0727862837162837,53,37,False,0.911608497723824,8375.887519999998,7781.785818206398
S-B_minervini,HOUS,2021-04-30,2021-05-03,17.48747,502,2021-07-19,16.222688732250003,stop_7pct,-651.8426960940869,-0.07417849650349617,77,53,False,0.9319315751960086,8778.709939999999,8143.789743589501
S-B_minervini,MRNA,2021-07-16,2021-07-19,284.82454,15,2021-07-20,324.37527562439993,half_at_2R,584.1230371316324,0.13658455544455506,1,1,True,0.9532513181019332,4272.368100000001,4865.629134365999
S-B_minervini,MGI,2021-07-23,2021-07-26,12.03,774,2021-07-27,11.159930250000002,stop_7pct,-691.3829925134978,-0.07417849650349628,1,1,False,0.9634446397188049,9311.22,8637.786013500001
S-B_minervini,ALB,2021-07-09,2021-07-12,166.0436839291162,27,2021-07-29,189.10050987951328,half_at_2R,612.9454074278883,0.1365845554445555,17,13,True,0.8170946183608864,4483.179466086138,5105.713766746859
S-B_minervini,CARR,2021-07-02,2021-07-06,45.34028876582934,102,2021-07-30,51.636241263852405,half_at_2R,632.2955487353247,0.1365845554445555,24,18,True,0.7837552742616034,4624.7094541145925,5266.896608912945
S-B_minervini,AVNW,2021-07-30,2021-08-02,38.59625,243,2021-08-03,35.80477621875,stop_7pct,-696.4075782149066,-0.0741784965034965,1,1,False,0.9547209547209548,9378.88875,8700.56062115625
S-B_minervini,WBT,2021-07-09,2021-07-12,24.8248,368,2021-08-04,23.063976936000003,stop_7pct,-665.6059574644478,-0.0727862837162837,23,17,False,0.9627154414351038,9135.5264,8487.543512448001
S-B_minervini,WOW,2021-05-21,2021-05-24,16.74175,249,2021-08-10,20.897625,close_below_sma20_volume,1025.440670625001,0.24574023047151639,78,54,True,0.8596358118361154,4168.69575,5203.508625
S-B_minervini,TGLS,2021-08-06,2021-08-09,21.72527931640625,221,2021-08-10,24.704901374651367,half_at_2R,648.235404939448,0.13487797202797225,1,1,True,0.9681870448447681,4801.286728925781,5459.783203797952
S-B_minervini,TGLS,2021-08-06,2021-08-09,21.72527931640625,221,2021-08-12,21.670966118115235,breakeven_stop,-21.59378706334337,-0.0044930069930069205,3,3,True,0.9681870448447681,4801.286728925781,4789.283512103467
S-B_minervini,OPRX,2021-08-06,2021-08-09,64.70135,148,2021-08-16,60.02182486125001,stop_7pct,-711.0287504144653,-0.0741784965034965,7,5,False,0.9624377155998467,9575.7998,8883.230079465002
S-B_minervini,MRNA,2021-07-16,2021-07-19,284.82454,16,2021-08-17,360.639,close_below_sma20_volume,1202.7039433600003,0.26364969309681885,29,21,True,0.9532513181019332,4557.19264,5770.224
S-B_minervini,VRTV,2021-08-13,2021-08-16,82.26737811552456,115,2021-08-17,76.31738999331925,stop_7pct,-702.4858823861268,-0.0741784965034964,1,1,False,0.9800766283524904,9460.748483285324,8776.499849231714
S-B_minervini,MVBF,2021-04-30,2021-05-03,35.01171396353283,251,2021-08-19,32.47949175112032,stop_7pct,-652.5280679499174,-0.0741784965034964,108,76,False,0.868496079828938,8787.94020484674,8152.352429531201
S-B_minervini,ALB,2021-07-09,2021-07-12,166.0436839291162,28,2021-08-20,200.51249454898033,close_below_sma20_volume,954.8631243588088,0.20517604433345715,39,29,True,0.8170946183608864,4649.223150015254,5614.349847371449
S-B_minervini,HAIN,2021-01-29,2021-02-01,41.67163,224,2021-08-26,38.71586128410001,stop_7pct,-680.0989904092366,-0.07278628371628348,206,144,False,0.7944509574052364,9334.44512,8672.352927638402
S-B_minervini,NUE,2021-08-13,2021-08-16,115.29922435251045,82,2021-09-01,107.12105036918689,stop_7pct,-688.8487291597103,-0.0727862837162836,16,12,False,0.9318007662835249,9454.536396905856,8783.926130273325
S-B_minervini,PHR,2021-08-27,2021-08-30,72.19212,125,2021-09-02,64.890045,stop_7pct,-929.8946456250023,-0.10294372072132607,3,3,False,0.871264367816092,9024.015000000001,8111.255625
S-B_minervini,TLYS,2021-08-27,2021-08-30,15.290023607075174,593,2021-09-03,14.184172649693464,stop_7pct,-673.2478161076178,-0.0741784965034964,4,4,False,0.9272030651340997,9066.983998995578,8411.214381268224
S-B_minervini,CARR,2021-07-02,2021-07-06,45.34028876582934,102,2021-09-08,52.20329827603248,close_below_sma20_volume,690.0775241624497,0.14906625872747026,64,45,True,0.7837552742616034,4624.7094541145925,5324.736424155312
S-B_minervini,BBW,2021-08-27,2021-08-30,14.997617290640394,608,2021-09-08,13.912914620094828,stop_7pct,-677.0768270934313,-0.0741784965034965,9,6,False,0.9934865900383142,9118.55131270936,8459.052089017656
S-B_minervini,COTY,2021-08-27,2021-08-30,9.59959,945,2021-09-08,8.35164,stop_7pct,-1196.2766623500002,-0.1317386048161009,9,6,False,0.9122605363984674,9071.61255,7892.2998
S-B_minervini,OPY,2021-08-27,2021-08-30,43.36144618548387,209,2021-09-08,40.225329590118754,stop_7pct,-672.9180045684097,-0.0741784965034964,9,6,False,0.7938697318007663,9062.542252766129,8407.09388433482
S-B_minervini,MDB,2021-09-03,2021-09-07,515.3147999999999,17,2021-09-08,478.7635212359999,stop_7pct,-638.271070449011,-0.0727862837162836,1,1,False,0.8662105663245914,8760.351599999998,8138.979861011999
S-B_minervini,PDSB,2021-09-03,2021-09-07,15.348275,578,2021-09-14,14.238211010625001,stop_7pct,-658.7179747728896,-0.07417849650349628,7,5,False,0.9912580767768909,8871.30295,8229.68596414125
S-B_minervini,CNR,2021-09-10,2021-09-13,25.92894973351648,329,2021-09-14,24.0536384440399,stop_7pct,-633.4216857482088,-0.07417849650349628,1,1,False,0.9825095057034221,8530.624462326921,7913.647048089128
S-B_minervini,IDYA,2021-09-10,2021-09-13,26.9071,317,2021-09-14,24.961043992500002,stop_7pct,-633.3419560231214,-0.0741784965034964,1,1,False,0.8372623574144487,8529.5507,7912.6509456225
S-B_minervini,INVE,2021-09-10,2021-09-13,20.350749999999998,419,2021-09-14,18.878882006250002,stop_7pct,-633.1499051918681,-0.0741784965034964,1,1,False,0.9536121673003802,8526.964249999999,7910.251560618751
S-B_minervini,RM,2021-09-17,2021-09-20,49.59666033345221,170,2021-09-20,46.009581874835284,stop_7pct,-626.056399140286,-0.0741784965034964,0,0,False,0.9556313993174061,8431.432256686876,7821.628918721998
S-B_minervini,LXU,2021-09-17,2021-09-20,7.071635,597,2021-09-23,8.04150974025,half_at_2R,569.9926725193209,0.13487797202797203,3,3,True,0.9764884338263178,4221.766095,4800.78131492925
S-B_minervini,MTDR,2021-09-17,2021-09-20,27.161144162436543,155,2021-09-23,30.932740640832478,half_at_2R,575.5929020068643,0.1365845554445555,3,3,True,0.9537353052711415,4209.977345177664,4794.574799329034
S-B_minervini,SM,2021-09-17,2021-09-20,18.99098313253012,222,2021-09-23,21.62807105031325,half_at_2R,576.4160877192644,0.1365845554445555,3,3,True,0.9977246871444824,4215.998255421686,4801.431773169541
S-B_minervini,ENLC,2021-09-10,2021-09-13,5.328190262090482,801,2021-09-27,6.068062761884366,half_at_2R,583.509473662697,0.13658455544455528,14,10,True,0.9167300380228137,4267.880399934476,4860.518272269377
S-B_minervini,AVTR,2021-04-09,2021-04-12,31.781749999999995,140,2021-09-28,41.4585,close_below_sma20_volume,1344.4913650000008,0.3018687087452969,169,118,True,0.7189992748368383,4449.445,5804.1900000000005
S-B_minervini,SNAP,2021-09-24,2021-09-27,82.082,106,2021-09-28,76.25992373999999,stop_7pct,-633.9243274764403,-0.0727862837162837,1,1,False,0.9425765017000378,8700.692,8083.551916439999
S-B_minervini,DKS,2021-08-27,2021-08-30,118.69283078776141,76,2021-09-30,110.27394829998549,stop_7pct,-657.2365442816372,-0.0727862837162836,31,22,False,0.9099616858237548,9020.655139869867,8380.820070798898
S-B_minervini,AMPY,2021-10-01,2021-10-04,2.8871999999999995,1525,2021-10-04,3.2831794799999994,half_at_2R,594.4588782929995,0.13487797202797203,0,0,True,0.99056945955749,4402.98,5006.848706999999
S-B_minervini,AMPY,2021-10-01,2021-10-04,2.8871999999999995,1526,2021-10-05,3.4413750000000003,close_below_sma50,836.0136445500011,0.18956051741276214,1,1,True,0.99056945955749,4405.8672,5251.5382500000005
S-B_minervini,BNED,2021-09-03,2021-09-07,1003.1080801677851,4,2021-10-07,1140.6843533627969,half_at_2R,541.7299230459248,0.13487797202797203,30,22,True,0.9711136450019004,4012.4323206711406,4562.737413451187
S-B_minervini,MIDD,2021-07-16,2021-07-19,143.7652540238533,62,2021-10-11,133.5679845559414,stop_7pct,-649.4253678024852,-0.0727862837162836,84,59,False,0.8509666080843585,8913.445749478904,8281.215042468366
S-B_minervini,UAN,2021-10-01,2021-10-04,33.661414665446934,130,2021-10-11,38.27807768681298,half_at_2R,590.8140587717926,0.13487797202797203,7,5,True,0.9956474428726877,4375.983906508101,4976.150099285687
S-B_minervini,STKS,2021-10-08,2021-10-11,11.819474999999999,394,2021-10-14,13.440515996249998,half_at_2R,628.7377160699771,0.13487797202797203,3,3,True,0.9803193464537691,4656.873149999999,5295.563302522499
S-B_minervini,BNED,2021-09-03,2021-09-07,1003.1080801677851,4,2021-10-22,1041.7156497670342,close_below_sma20_volume,146.25098347725725,0.036413044986692844,45,33,True,0.9711136450019004,4012.4323206711406,4166.862599068137
S-B_minervini,STKS,2021-10-08,2021-10-11,11.819474999999999,395,2021-10-22,11.789926312499999,breakeven_stop,-20.997445080937723,-0.0044930069930070315,11,9,True,0.9803193464537691,4668.692625,4657.0208934375
S-B_minervini,USAC,2021-10-15,2021-10-18,10.997292241086587,859,2021-10-27,10.201913079750002,stop_7pct,-701.4408169587241,-0.07417849650349617,9,7,False,0.7719688542825361,9446.674035093378,8763.443335505252
S-B_minervini,MTDR,2021-09-17,2021-09-20,27.161144162436543,156,2021-10-29,38.969071490322584,close_below_sma20_volume,1831.7203495083913,0.43186940045812183,39,29,True,0.9537353052711415,4237.138489340101,6079.175152490323
S-B_minervini,UAN,2021-10-01,2021-10-04,33.661414665446934,131,2021-11-02,36.568811607029964,close_below_sma20_volume,371.66883970568324,0.08420122597631186,29,21,True,0.9956474428726877,4409.645321173548,4790.514320520925
S-B_minervini,CLF,2021-10-22,2021-10-25,24.434409999999996,384,2021-11-02,22.7012772987,stop_7pct,-683.6230612218988,-0.07278628371628348,8,6,False,0.9356508875739645,9382.813439999998,8717.290482700799
S-B_minervini,LXU,2021-09-17,2021-09-20,7.071635,597,2021-11-03,8.67825,close_below_sma20_volume,949.746473655,0.2247395176873297,44,32,True,0.9764884338263178,4221.766095,5180.91525
S-B_minervini,ENLC,2021-09-10,2021-09-13,5.328190262090482,802,2021-11-04,6.637117108695652,close_below_sma20_volume,1040.1631544659767,0.2431718481563152,52,38,True,0.9167300380228137,4273.208590196567,5322.967921173913
S-B_minervini,RYZ,2021-10-22,2021-10-25,22.40822035493827,209,2021-11-04,25.481507776618052,half_at_2R,632.3081179515793,0.13487797202797203,10,8,True,0.9548816568047337,4683.318054182098,5325.6351253131725
S-B_minervini,KFY,2021-09-10,2021-09-13,66.92340416341028,63,2021-11-05,76.21638806554142,half_at_2R,576.4401789238382,0.13658455544455528,53,39,True,0.9041825095057034,4216.174462294848,4801.632448129109
S-B_minervini,EVC,2021-11-05,2021-11-08,6.791855863192181,1341,2021-11-10,6.300634887886807,stop_7pct,-676.2843579817036,-0.0741784965034964,2,2,False,0.9737957610789981,9107.878712540714,8449.151384656208
S-B_minervini,HMHC,2021-11-05,2021-11-08,17.597579999999997,517,2021-11-11,16.3493836506,stop_7pct,-662.8680928471586,-0.0727862837162836,3,3,False,0.989980732177264,9097.948859999999,8452.6313473602
S-B_minervini,RYZ,2021-10-22,2021-10-25,22.40822035493827,210,2021-11-18,23.401401953125003,close_below_sma20_volume,198.94811493452107,0.042235640998584456,24,18,True,0.9548816568047337,4705.726274537036,4914.294410156251
S-B_minervini,SM,2021-09-17,2021-09-20,18.99098313253012,222,2021-11-22,27.310104991776317,close_below_sma20_volume,1836.5662111890606,0.4351831686243999,63,45,True,0.9977246871444824,4215.998255421686,6062.843308174342
S-B_minervini,BVH,2021-11-05,2021-11-08,27.899268551718436,156,2021-11-22,31.96020934337913,half_at_2R,624.1686849474336,0.14326842376266757,14,10,True,0.9552986512524084,4352.285894068076,4985.7926575671445
S-B_minervini,ORMP,2021-11-05,2021-11-08,25.346097983193275,382,2021-11-22,23.512941446558823,stop_7pct,-718.9299500565248,-0.07417849650349628,14,10,False,0.994990366088632,9682.20942957983,8981.943632585471
S-B_minervini,FC,2021-11-12,2021-11-15,50.56609999999999,189,2021-11-22,46.9089068175,stop_7pct,-709.6322877810071,-0.0741784965034965,7,5,False,0.8563174114021571,9556.9929,8865.7833885075
S-B_minervini,LNAI,2021-11-19,2021-11-22,885.408,10,2021-11-23,821.3708664000002,stop_7pct,-657.4391246639971,-0.07417849650349617,1,1,False,0.9672320740169622,8854.08,8213.708664000002
S-B_minervini,BVH,2021-11-05,2021-11-08,27.899268551718436,156,2021-11-26,27.82952038033914,breakeven_stop,-19.57440580857019,-0.0044930069930068095,18,13,True,0.9552986512524084,4352.285894068076,4341.405179332906
S-B_minervini,BBW,2021-11-12,2021-11-15,15.460763761135855,620,2021-11-26,14.26194834396752,stop_7pct,-761.6936401495313,-0.07938228909105427,11,8,False,0.974191063174114,9585.67353190423,8842.407973259862
S-B_minervini,KFY,2021-09-10,2021-09-13,66.92340416341028,64,2021-11-29,69.1887104288939,close_below_sma50,136.26842565704465,0.031783605606997334,77,54,True,0.9041825095057034,4283.097866458258,4428.0774674492095
S-B_minervini,SHOE,2021-11-19,2021-11-22,38.441376052690835,243,2021-11-30,35.66110352967998,stop_7pct,-693.613125630156,-0.0741784965034965,8,5,False,0.9136468774094063,9341.254380803874,8665.648157712234
S-B_minervini,ALB,2021-10-29,2021-11-01,240.95395042795167,39,2021-12-15,215.4105872233204,stop_7pct,-1013.9893819490208,-0.10779551006390653,44,31,False,0.9068736141906873,9397.204066690116,8401.012901709495
S-B_minervini,CUBI,2021-10-29,2021-11-01,54.064825,86,2021-12-16,61.71822,half_at_2R,648.2346281299997,0.13927876161860997,45,32,True,0.9693274205469328,4649.57495,5307.76692
S-B_minervini,CUBI,2021-10-29,2021-11-01,54.064825,87,2021-12-20,55.052025,close_below_sma20_volume,76.3932340500005,0.01622507691564623,49,34,True,0.9693274205469328,4703.639775,4789.526175
S-B_minervini,PBT,2021-12-31,2022-01-03,8.52356571637427,517,2022-01-06,9.692572754375002,half_at_2R,594.9588950570005,0.13487797202797203,3,3,True,0.9801980198019802,4406.6834753654975,5011.060114011876
S-B_minervini,TRGP,2021-10-01,2021-10-04,46.11774326752448,95,2022-01-18,52.52165309765293,half_at_2R,599.0006912075114,0.1365845554445555,106,73,True,0.9579252811026479,4381.1856104148255,4989.557044277029
S-B_minervini,RRC,2022-01-14,2022-01-18,21.448152934114205,426,2022-01-18,19.926835446497485,stop_7pct,-665.7069947748623,-0.0727862837162836,0,0,False,0.9605313092979127,9136.91314993265,8488.831900207928
S-B_minervini,THRM,2022-01-14,2022-01-18,98.76866999999999,92,2022-01-20,91.76300823689999,stop_7pct,-662.0497966029943,-0.0727862837162837,2,2,False,0.8053130929791271,9086.717639999999,8442.1967577948
S-B_minervini,WNS,2022-01-14,2022-01-18,90.59049999999999,100,2022-01-20,84.16491583499999,stop_7pct,-660.0339580835007,-0.07278628371628382,2,2,False,0.7066413662239089,9059.05,8416.4915835
S-B_minervini,TSC,2022-01-07,2022-01-10,32.631375,276,2022-01-21,30.214275,stop_7pct,-684.4649993999992,-0.07592288654150126,11,8,False,0.8880852683669586,9006.2595,8339.1399
S-B_minervini,MOS,2022-01-14,2022-01-18,37.93962380417336,241,2022-01-21,35.248566287743344,stop_7pct,-666.1832152717852,-0.0727862837162837,3,3,False,0.8478178368121442,9143.44933680578,8494.904475346146
S-B_minervini,ARLP,2022-01-07,2022-01-10,8.369162061179896,1077,2022-01-24,7.763862415105061,stop_7pct,-669.2829861835562,-0.0741784965034964,14,9,False,0.9824895317853064,9013.587539890748,8361.67982106815
S-B_minervini,NOC,2022-01-14,2022-01-18,373.9135891864029,24,2022-01-27,347.39189830541136,stop_7pct,-653.8319128435996,-0.0727862837162836,9,7,False,0.7483870967741936,8973.926140473668,8337.405559329873
S-B_minervini,PBT,2021-12-31,2022-01-03,8.52356571637427,517,2022-02-02,10.531689893617022,close_below_sma20_volume,1028.3486324841379,0.23312800134521972,30,21,True,0.9801980198019802,4406.6834753654975,5444.883675000001
S-B_minervini,USAK,2022-02-11,2022-02-14,24.864005,174,2022-02-16,28.274103285749998,half_at_2R,584.1110708787792,0.13487797202797203,2,2,True,0.950832672482157,4326.33687,4919.6939717205
S-B_minervini,USAK,2022-02-11,2022-02-14,24.864005,174,2022-02-22,24.8018449875,breakeven_stop,-19.457700072824082,-0.0044930069930068095,8,5,True,0.950832672482157,4326.33687,4315.521027825001
S-B_minervini,TRGP,2021-10-01,2021-10-04,46.11774326752448,96,2022-02-23,55.452715034838086,close_below_sma20_volume,886.4065256650792,0.20001362769142506,142,98,True,0.9579252811026479,4427.3033536823505,5323.460643344456
S-B_minervini,LNTH,2022-02-25,2022-02-28,45.87582999999999,94,2022-03-02,52.24614775379999,half_at_2R,589.5864029483428,0.1365845554445555,2,2,True,0.9897029702970297,4312.328019999999,4911.137888857199
S-B_minervini,KR,2022-03-04,2022-03-07,53.003714513317185,166,2022-03-14,49.2441610428876,stop_7pct,-641.0590234336414,-0.0727862837162837,7,5,False,0.9525329078579976,8798.616609210652,8174.530733119341
S-B_minervini,RELL,2022-03-18,2022-03-21,11.758666767422334,754,2022-03-21,10.908221193468513,stop_7pct,-658.3267962836908,-0.0741784965034964,0,0,False,0.9676775738228253,8866.034742636439,8224.798779875258
S-B_minervini,LNTH,2022-02-25,2022-02-28,45.87582999999999,95,2022-03-25,51.06888,close_below_sma20_volume,484.13000255000134,0.110973780217694,25,19,True,0.9897029702970297,4358.203849999999,4851.5436
S-B_minervini,VRS,2022-03-11,2022-03-14,26.9873,325,2022-03-31,26.922525,delisted,-38.572568124998725,-0.004393409445971108,17,13,False,0.9688622754491018,8770.8725,8749.820625
S-B_minervini,SGLY,2022-03-25,2022-03-28,1618.2355,2,2022-03-31,1883.8785,half_at_2R,524.2817719999998,0.1618299728271979,3,3,True,0.9546178343949044,3236.471,3767.757
S-B_minervini,PFE,2022-03-18,2022-03-21,42.31824718361322,209,2022-04-04,39.31661391087953,stop_7pct,-644.4030399700878,-0.0727862837162836,14,10,False,0.9301675977653632,8844.513661375162,8217.172307373823
S-B_minervini,LLY,2022-03-04,2022-03-07,250.4782058099679,17,2022-04-06,285.25960946874,half_at_2R,582.1763193393872,0.13658455544455506,30,22,True,0.8093338651775029,4258.129498769455,4849.41336096858
S-B_minervini,AQUA,2022-04-01,2022-04-04,47.18713999999999,187,2022-04-06,43.506449999999994,stop_7pct,-705.2487313299998,-0.07984412647229677,2,2,False,0.9395688991531947,8823.995179999998,8135.706149999999
S-B_minervini,SGLY,2022-03-25,2022-03-28,1618.2355,3,2022-04-11,1536.15,breakeven_stop,-255.71965649999947,-0.052621964336606486,14,10,True,0.9546178343949044,4854.7065,4608.450000000001
S-B_minervini,NVEE,2022-04-01,2022-04-04,34.95692199999999,253,2022-04-14,32.428662616349996,stop_7pct,-656.6981769713875,-0.07417849650349662,10,8,False,0.8918398768283294,8844.101265999998,8204.451641936548
S-B_minervini,ITCI,2022-03-18,2022-03-21,60.64057999999999,146,2022-04-21,56.339343660599994,stop_7pct,-645.0595744068469,-0.0727862837162836,31,22,False,0.9465283320031923,8853.524679999999,8225.5441744476
S-B_minervini,COST,2022-04-08,2022-04-11,570.0052377414952,15,2022-04-25,529.574766228491,stop_7pct,-622.9507727546134,-0.0727862837162837,14,9,False,0.9325106054762823,8550.078566122427,7943.621493427364
S-B_minervini,LLY,2022-03-04,2022-03-07,250.4782058099679,18,2022-05-02,280.1546637062785,close_below_sma20_volume,524.624850482297,0.11624447813462058,56,39,True,0.8093338651775029,4508.607704579423,5042.7839467130125
S-B_minervini,EXC,2022-04-08,2022-04-11,42.46325520418739,207,2022-05-02,39.45133651255438,stop_7pct,-640.4234896533981,-0.0727862837162836,21,14,False,0.9247975318164289,8789.89382726679,8166.426658098756
S-B_minervini,HBP,2022-03-25,2022-03-28,10.68665,819,2022-05-03,10.67325,delisted,-28.46835810000084,-0.0032493975965504074,36,25,False,0.9924363057324841,8752.36635,8741.391749999999
S-B_minervini,CBZ,2022-04-01,2022-04-04,42.232189999999996,194,2022-05-03,39.236660763299994,stop_7pct,-596.9376289678812,-0.07278628371628382,29,20,False,0.8029253271747498,8193.04486,7611.912188080199
S-B_minervini,BECN,2022-05-06,2022-05-09,63.40333999999999,132,2022-05-10,58.906141093799995,stop_7pct,-609.7751071227813,-0.0727862837162837,1,1,False,0.7250996015936255,8369.24088,7775.610624381599
S-B_minervini,SUN,2022-05-06,2022-05-09,31.684964118260865,265,2022-05-10,29.437549613352623,stop_7pct,-611.7623099395605,-0.0727862837162836,1,1,False,0.8972111553784861,8396.515491339129,7800.950647538445
S-B_minervini,CPSS,2022-05-06,2022-05-09,14.045024999999999,599,2022-05-12,13.029218566875,stop_7pct,-624.685525338432,-0.0741784965034964,3,3,False,0.9936254980079682,8412.969975,7804.501921558125
S-B_minervini,MGPI,2022-04-01,2022-04-04,86.17395577963048,51,2022-05-16,98.14007127918995,half_at_2R,600.8718750975331,0.13658455544455528,42,29,True,0.8933795227097767,4394.871744761154,5005.143635238687
S-B_minervini,MGPI,2022-04-01,2022-04-04,86.17395577963048,51,2022-05-20,86.08778182385085,breakeven_stop,-13.18022036253842,-0.002996003996003971,46,33,True,0.8933795227097767,4394.871744761154,4390.476873016393
S-B_minervini,SD,2022-05-27,2022-05-31,17.89874133220195,460,2022-05-31,16.604214865350446,stop_7pct,-611.3535346025674,-0.0741784965034965,0,0,False,0.998805256869773,8233.421012812898,7637.938838061205
S-B_minervini,EGY,2022-06-03,2022-06-06,7.022857622950821,1160,2022-06-06,6.514929445370904,stop_7pct,-604.9005189919571,-0.0741784965034964,0,0,False,0.9932512901945216,8146.5148426229525,7557.318156630249
S-B_minervini,EPM,2022-06-03,2022-06-06,5.358446041666667,1520,2022-06-06,4.9708964317031255,stop_7pct,-604.7760077041066,-0.07417849650349662,0,0,False,0.9670504168320763,8144.837983333335,7555.76257618875
S-B_minervini,CERN,2022-02-25,2022-02-28,93.09494446262734,93,2022-06-08,94.68270000000001,delisted,130.19794404063396,0.015023149985957662,100,70,False,0.8328712871287128,8657.829835024342,8805.491100000001
S-B_minervini,AROC,2022-06-03,2022-06-06,8.568543359762138,943,2022-06-10,7.9488234612673425,stop_7pct,-599.9717411928223,-0.07417849650349628,4,4,False,0.8249305279872965,8080.136388255696,7495.740523975104
S-B_minervini,NEX,2022-06-03,2022-06-06,12.202189999999998,667,2022-06-10,11.336688663299999,stop_7pct,-592.98982364732,-0.0727862837162836,4,4,False,0.9868995633187773,8138.8607299999985,7561.571338421099
S-B_minervini,OSBC,2022-06-03,2022-06-06,14.725419822115384,535,2022-06-10,13.66040383348089,stop_7pct,-584.9699695751979,-0.0741784965034964,4,4,False,0.7888050813815006,7878.09960483173,7308.316050912276
S-B_minervini,OFS,2022-05-27,2022-05-31,6.870067033831628,1200,2022-06-13,6.373189435609756,stop_7pct,-612.1450256295766,-0.0741784965034965,13,9,False,0.9279171644763042,8244.080440597954,7647.827322731708
S-B_minervini,SLB,2022-05-27,2022-05-31,44.11614975391644,186,2022-06-13,40.980123259927794,stop_7pct,-599.1288346624624,-0.07294165243544792,13,9,False,0.9438470728793309,8205.603854228457,7622.30292634657
S-B_minervini,BPT,2022-06-10,2022-06-13,20.334178924289517,389,2022-06-13,18.86350943359028,stop_7pct,-587.3383326532185,-0.0741784965034964,0,0,False,0.9992076069730587,7909.995601548622,7337.905169666619
S-B_minervini,WTI,2022-06-03,2022-06-06,7.518305566750628,1075,2022-06-14,6.974544116635389,stop_7pct,-600.1233722835223,-0.0741784965034965,8,6,False,0.9610956728860659,8082.178484256926,7497.634925383043
S-B_minervini,PBF,2022-06-03,2022-06-06,35.265156725806456,231,2022-06-15,32.763799159245,stop_7pct,-593.5282866851421,-0.0727862837162837,9,7,False,0.982532751091703,8146.251203661292,7568.437605785596
S-B_minervini,HRMY,2022-07-08,2022-07-11,54.774719999999995,138,2022-07-19,50.8895491104,stop_7pct,-550.7352519020342,-0.0727862837162836,8,6,False,0.9843687374749499,7558.911359999999,7022.7577772352
S-B_minervini,VERU,2022-07-15,2022-07-18,169.42249999999999,44,2022-07-21,157.1690176875,stop_7pct,-553.5232485282495,-0.0741784965034964,3,3,False,0.9931918301962355,7454.589999999999,6915.43677825
S-B_minervini,NPTN,2022-07-29,2022-08-01,16.04,454,2022-08-03,15.969975000000002,delisted,-46.32387864999964,-0.0063549278028703915,2,2,False,0.9609561752988047,7282.16,7250.36865
S-B_minervini,SMCI,2022-07-22,2022-07-25,5.1111059999999995,731,2022-08-04,5.8208341791599985,half_at_2R,510.8200506949938,0.1365845554445555,10,8,True,0.9408236705317873,3736.2184859999998,4255.029784965959
S-B_minervini,LNTH,2022-07-29,2022-08-01,76.67659999999998,98,2022-08-04,71.23792876199998,stop_7pct,-547.4854051426755,-0.0727862837162837,3,3,False,0.9952191235059761,7514.306799999998,6981.317018675998
S-B_minervini,AVD,2022-07-29,2022-08-01,23.04764385103682,316,2022-08-09,21.380723009510586,stop_7pct,-540.7863498502229,-0.07417849650349628,8,6,False,0.9167330677290837,7283.0554569276355,6756.308471005345
S-B_minervini,KDNY,2022-08-05,2022-08-08,20.270549999999997,370,2022-08-09,18.804482471249997,stop_7pct,-556.9027476518613,-0.0741784965034964,1,1,False,0.951129363449692,7500.103499999998,6957.658514362499
S-B_minervini,ULH,2022-08-05,2022-08-08,33.25240387191854,112,2022-08-10,37.812971062952165,half_at_2R,502.8242034030609,0.13487797202797203,2,2,True,0.9568788501026694,3724.269233654876,4235.052759050643
S-B_minervini,SAIL1,2022-08-12,2022-08-15,65.20514,118,2022-08-16,65.0769,delisted,-30.505600720000984,-0.0039607886161088235,1,1,False,0.9104722792607803,7694.20652,7679.074199999999
S-B_minervini,JKHY,2022-07-29,2022-08-01,195.87763632021006,38,2022-08-17,181.98403557601756,stop_7pct,-542.3155718113712,-0.0727862837162837,16,12,False,0.8414342629482072,7443.350180167982,6915.393351888667
S-B_minervini,BTU,2022-08-19,2022-08-22,25.045394823788545,307,2022-08-30,23.268924968937224,stop_7pct,-560.2087416157219,-0.0727862837162836,8,6,False,0.9732730263157895,7688.9362109030835,7143.559965463728
S-B_minervini,SMCI,2022-07-22,2022-07-25,5.1111059999999995,732,2022-08-31,6.4865070000000005,close_below_sma20_volume,998.3040792840011,0.26656479948839795,37,27,True,0.9408236705317873,3741.3295919999996,4748.123124000001
S-B_minervini,ULH,2022-08-05,2022-08-08,33.25240387191854,113,2022-09-01,33.16927286223874,breakeven_stop,-16.89945356477665,-0.0044930069930069205,24,18,True,0.9568788501026694,3757.5216375267946,3748.1278334329777
S-B_minervini,NFE,2022-08-12,2022-08-15,2594.058334944612,2,2022-09-01,2410.0617772469905,stop_7pct,-378.00135561962634,-0.07278628371628382,17,13,False,0.9786447638603696,5188.116669889224,4820.123554493981
S-B_minervini,MERC,2022-07-22,2022-07-25,13.707962978099935,545,2022-09-08,12.716534555708858,stop_7pct,-554.7298413590624,-0.0741784965034964,45,32,False,0.9200319872051179,7470.839823064465,6930.511332861328
S-B_minervini,OXY,2022-08-19,2022-08-22,64.18818026365346,119,2022-09-16,59.63531263755253,stop_7pct,-556.5262431612546,-0.0727862837162836,25,18,False,0.9925986842105263,7638.393451374763,7096.6022038687515
S-B_minervini,QLYS,2022-09-09,2022-09-12,161.01084999999998,45,2022-09-16,149.5903504095,stop_7pct,-527.8995355909265,-0.0727862837162836,4,4,False,0.9052037111738604,7245.4882499999985,6731.565768427499
S-B_minervini,CSL,2022-07-29,2022-08-01,281.72029690629677,25,2022-09-23,261.73787624673315,stop_7pct,-513.1469708179166,-0.0727862837162837,53,38,False,0.9326693227091634,7043.007422657419,6543.4469061683285
S-B_minervini,NFG,2022-07-29,2022-08-01,63.484919839507874,114,2022-09-23,58.43375809821845,stop_7pct,-589.7311677918951,-0.0814037809260072,53,38,False,0.9219123505976096,7237.280861703897,6661.448423196903
S-B_minervini,IONS,2022-09-09,2022-09-12,47.16711999999999,155,2022-09-23,43.4565,stop_7pct,-589.1927610999983,-0.08051045248949196,11,9,False,0.8769665187575635,7310.903599999999,6735.7575
S-B_minervini,BHVN1,2022-09-09,2022-09-12,150.66051,45,2022-10-04,151.42050000000003,delisted,20.60590455000147,0.003036306849496073,22,16,False,0.7910447761194029,6779.722949999999,6813.9225000000015
S-B_minervini,CHNG,2022-09-09,2022-09-12,25.635609999999996,286,2022-10-04,27.421275,delisted,495.52592089000154,0.06751847284937806,22,16,False,0.8104074223477209,7331.784459999999,7842.48465
S-B_minervini,RELL,2022-10-07,2022-10-10,18.12518965961836,391,2022-10-14,16.814285317486465,stop_7pct,-526.2249324896193,-0.0741784965034964,4,4,False,0.9759967453213995,7086.949156910779,6574.385559137208
S-B_minervini,LRN,2022-09-23,2022-09-26,41.292975,85,2022-10-20,46.95630652124999,half_at_2R,473.8819903769431,0.1348779720279718,24,18,True,0.8690237042989152,3509.9028749999998,3991.2860543062493
S-B_minervini,GPC,2022-07-29,2022-08-01,134.36859949950954,28,2022-10-26,153.02702322601144,half_at_2R,514.3887869057385,0.1365845554445555,86,61,True,0.851792828685259,3762.3207859862673,4284.756650328321
S-B_minervini,LRN,2022-09-23,2022-09-26,41.292975,86,2022-10-26,38.548387500000004,breakeven_stop,-242.90088217499988,-0.06833141122054665,30,22,True,0.8690237042989152,3551.19585,3315.1613250000005
S-B_minervini,VRNA,2022-10-28,2022-10-31,12.962325,559,2022-10-31,12.024824844375,stop_7pct,-538.0304037573796,-0.0741784965034964,0,0,False,0.9951179820992677,7245.939675,6721.877088005625
S-B_minervini,JKHY,2022-10-28,2022-10-31,190.30159143574795,36,2022-11-03,176.80349955521035,stop_7pct,-499.14709097502873,-0.07278628371628382,3,3,False,0.8657445077298617,6850.857291686926,6364.925983987572
S-B_minervini,MOD,2022-10-28,2022-10-31,17.6841,204,2022-11-04,20.109474315,half_at_2R,487.0664710997403,0.13487797202797203,4,4,True,0.9597233523189586,3607.5564000000004,4102.33276026
S-B_minervini,HNRG,2022-11-04,2022-11-07,8.20045,883,2022-11-08,7.607352453750001,stop_7pct,-537.6634229054098,-0.07417849650349628,1,1,False,0.9954564229657167,7240.99735,6717.292216661251
S-B_minervini,BBSI,2022-10-28,2022-10-31,20.8486030858748,168,2022-11-10,23.707988999102525,half_at_2R,472.8913259519818,0.1348779720279718,10,8,True,0.7408462164361269,3502.5653184269663,3982.9421518492245
S-B_minervini,STKL,2022-10-28,2022-10-31,11.08765,653,2022-11-10,10.285735713750002,stop_7pct,-537.6068497923279,-0.0741784965034964,10,8,False,0.9324654190398698,7240.23545,6716.585421078751
S-B_minervini,TH,2022-11-11,2022-11-14,13.654049999999998,525,2022-11-16,12.666520833749999,stop_7pct,-532.2711119689684,-0.0741784965034965,2,2,False,0.9975267930750206,7168.376249999999,6649.9234377187495
S-B_minervini,PLPC,2022-10-28,2022-10-31,78.43189035844777,44,2022-11-30,89.18882412110888,half_at_2R,465.929774119988,0.1348779720279718,30,21,True,0.8197721724979659,3451.003175771702,3924.3082613287906
S-B_minervini,MOD,2022-10-28,2022-10-31,17.6841,205,2022-12-07,20.388900000000003,close_below_sma20_volume,546.6790350000001,0.15064735762990122,37,26,True,0.9597233523189586,3625.2405000000003,4179.7245
S-B_minervini,MNRL,2022-11-11,2022-11-14,34.87084450708215,205,2022-12-09,32.348810678107434,stop_7pct,-530.7969642527796,-0.0741784965034964,25,18,False,0.964550700741962,7148.52312395184,6631.506189012024
S-B_minervini,BBSI,2022-10-28,2022-10-31,20.8486030858748,168,2022-12-12,22.428603125534828,close_below_sma20_volume,258.1694360193678,0.07363503633693935,42,29,True,0.7408462164361269,3502.5653184269663,3768.005325089851
S-B_minervini,GPC,2022-07-29,2022-08-01,134.36859949950954,28,2022-12-13,164.8275197034541,close_below_sma20_volume,844.4722743727648,0.2242309185514828,134,94,True,0.851792828685259,3762.3207859862673,4615.170551696715
S-B_minervini,PLPC,2022-10-28,2022-10-31,78.43189035844777,45,2022-12-13,87.4136231153068,close_below_sma20_volume,396.7149259523376,0.11228953073771564,43,30,True,0.8197721724979659,3529.4350661301496,3933.6130401888063
S-B_minervini,CALM,2022-12-16,2022-12-19,47.821156978880154,150,2022-12-29,44.42920231436818,stop_7pct,-522.6307535707829,-0.0727862837162837,10,7,False,0.9629629629629629,7173.173546832023,6664.380347155227
S-B_minervini,IMVT,2022-12-16,2022-12-19,15.825809999999999,227,2023-01-03,18.17181,half_at_2R,524.82454026,0.14594467438397696,15,9,True,0.9853479853479854,3592.45887,4125.00087
S-B_minervini,EPM,2022-12-30,2023-01-03,5.522385595408896,1206,2023-01-03,5.122979057220949,stop_7pct,-494.5225948257357,-0.07417849650349628,0,0,False,0.9555646147574399,6659.997028063129,6178.312743008464
S-B_minervini,ELF,2023-01-06,2023-01-09,58.007949999999994,125,2023-01-10,53.893446106499994,stop_7pct,-528.300661200813,-0.07278628371628382,1,1,False,0.9780755176613886,7250.99375,6736.680763312499
S-B_minervini,IMVT,2022-12-16,2022-12-19,15.825809999999999,227,2023-01-11,15.809984189999998,breakeven_stop,-10.773784151130258,-0.002996003996004082,23,15,True,0.9853479853479854,3592.45887,3588.8664111299995
S-B_minervini,MOD,2023-01-13,2023-01-17,23.408375,263,2023-01-19,21.715364278125,stop_7pct,-457.12936328327123,-0.0741784965034964,2,2,False,0.9861956963053187,6156.402625,5711.140805146875
S-B_minervini,VIVO1,2022-12-16,2022-12-19,32.82185,218,2023-01-31,33.885075,delisted,217.24094035000144,0.030331092014848515,43,28,False,0.973951973951974,7155.163299999999,7386.94635
S-B_minervini,GFF,2022-11-18,2022-11-21,32.592321099206345,110,2023-02-01,37.11809080704214,half_at_2R,490.16652255225017,0.1365845554445555,72,48,True,0.9509480626545754,3585.155320912698,4082.989988774635
S-B_minervini,GFF,2022-11-18,2022-11-21,32.592321099206345,111,2023-02-10,34.980031682242995,close_below_sma20_volume,257.535343558327,0.07111553677905413,81,55,True,0.9509480626545754,3617.747642011904,3882.7835167289722
S-B_minervini,GNW,2022-12-02,2022-12-05,5.105099999999999,723,2023-02-10,5.813994185999999,half_at_2R,504.6359913815213,0.13658455544455528,67,46,True,0.8542345276872965,3690.9872999999993,4203.517796477999
S-B_minervini,CECO,2023-01-13,2023-01-17,14.37585,499,2023-02-10,13.336116648750002,stop_7pct,-532.6552136314749,-0.07417849650349628,24,18,False,0.9890377588306942,7173.54915,6654.722207726251
S-B_minervini,DNOW,2023-02-03,2023-02-06,13.924725,522,2023-02-17,12.917619264375002,stop_7pct,-539.7208977022528,-0.0741784965034964,11,9,False,0.9263754045307443,7268.706450000001,6742.997256003751
S-B_minervini,ATNM,2023-02-17,2023-02-21,14.536249999999999,495,2023-02-21,13.48491571875,stop_7pct,-534.2809462495306,-0.0741784965034964,0,0,False,0.9898908208653457,7195.443749999999,6675.03328078125
S-B_minervini,UTHR,2022-11-04,2022-11-07,263.37311,27,2023-02-22,239.32044,stop_7pct,-662.9948158500001,-0.09314099194592307,107,72,False,0.909541511771995,7111.0739699999995,6461.651879999999
S-B_minervini,PCG,2022-12-16,2022-12-19,15.820698833333331,380,2023-02-23,14.698536665085,stop_7pct,-438.0189334237648,-0.0727862837162836,66,44,False,0.8958078958078958,6011.865556666666,5585.4439327323
S-B_minervini,BDC,2023-02-10,2023-02-13,89.18311395348836,81,2023-02-23,82.85735568076744,stop_7pct,-526.3216981307696,-0.0727862837162837,10,7,False,0.933683784876668,7223.832230232557,6711.445810142162
S-B_minervini,FHN,2022-09-09,2022-09-12,20.175757585597236,364,2023-03-01,18.169474487804877,stop_7pct,-744.2447120711377,-0.10123960577221502,170,117,False,0.9378781766841469,7343.975761157394,6613.688713560975
S-B_minervini,HTO,2022-12-09,2022-12-12,71.61324655233513,100,2023-03-02,66.533718974378,stop_7pct,-521.7674543483836,-0.0727862837162836,80,54,False,0.8268839103869654,7161.324655233513,6653.371897437801
S-B_minervini,GNW,2022-12-02,2022-12-05,5.105099999999999,724,2023-03-08,6.04395,close_below_sma20_volume,671.6554878000011,0.18153888774444726,93,63,True,0.8542345276872965,3696.0923999999995,4375.8198
S-B_minervini,ASUR,2023-03-03,2023-03-06,14.546275,473,2023-03-09,13.494215660625002,stop_7pct,-510.8872196068496,-0.0741784965034964,3,3,False,0.9766521567075583,6880.388075,6382.764007475626
S-B_minervini,VTYX,2023-03-03,2023-03-06,46.47642999999999,148,2023-03-09,43.17985682009999,stop_7pct,-501.16196107457563,-0.07278628371628382,3,3,False,0.997229916897507,6878.511639999999,6390.618809374799
S-B_minervini,CGBD,2023-02-24,2023-02-27,10.45467960230917,630,2023-03-10,9.69854490007216,stop_7pct,-489.0613938458155,-0.07417849650349628,11,9,False,0.8111831442463533,6586.448149454777,6110.0832870454615
S-B_minervini,FTAI,2023-02-24,2023-02-27,24.396729222653214,287,2023-03-10,22.666269218890424,stop_7pct,-510.1491016326436,-0.0727862837162836,11,9,False,0.8221231766612642,7001.861286901472,6505.219265821552
S-B_minervini,AGYS,2023-03-03,2023-03-06,86.67658999999999,79,2023-03-10,80.52861947129999,stop_7pct,-498.89888331553266,-0.0727862837162837,4,4,False,0.9774436090225563,6847.450609999999,6361.760938232699
S-B_minervini,DKS,2023-03-10,2023-03-13,131.4634521834723,49,2023-03-27,122.13874952009861,stop_7pct,-469.3369383887848,-0.0727862837162836,14,10,False,0.9135902636916836,6441.709156990142,5984.7987264848325
S-B_minervini,RMBS,2023-01-20,2023-01-23,42.167125,67,2023-03-30,48.0224519775,half_at_2R,386.26420583500794,0.13658455544455572,66,47,True,0.9471974004874086,2825.1973749999997,3217.5042824925
S-B_minervini,HSY,2022-07-29,2022-08-01,203.5415904935155,18,2023-04-03,231.80537574944506,half_at_2R,500.9118892143588,0.1365845554445555,245,169,True,0.8864541832669323,3663.7486288832793,4172.496763490011
S-B_minervini,NSIT,2023-02-10,2023-02-13,126.80667999999999,28,2023-04-05,144.41505558479997,half_at_2R,485.4403077780248,0.13658455544455528,51,36,True,0.8673675697533361,3550.5870399999994,4043.621556374399
S-B_minervini,NSIT,2023-02-10,2023-02-13,126.80667999999999,28,2023-04-13,137.2626,close_below_sma20_volume,285.37182015999997,0.08029284459579777,59,41,True,0.8673675697533361,3550.5870399999994,3843.3527999999997
S-B_minervini,RMBS,2023-01-20,2023-01-23,42.167125,68,2023-04-26,45.004949999999994,close_below_sma50,187.04439890000003,0.0651669996467632,93,65,True,0.9471974004874086,2867.3644999999997,3060.3365999999996
S-B_minervini,GILD,2023-04-21,2023-04-24,77.39290890357555,87,2023-04-28,71.90342987504494,stop_7pct,-490.57345695590266,-0.0727862837162836,4,4,False,0.9202751922298664,6733.183074611073,6255.5983991289095
S-B_minervini,ISEE,2023-04-21,2023-04-24,29.939909999999998,113,2023-05-01,37.492470000000004,half_at_2R,845.8194210600004,0.24975525878434413,7,5,True,0.9635774989882638,3383.20983,4236.64911
S-B_minervini,CABA,2023-04-28,2023-05-01,10.255575,336,2023-05-01,11.662127111250001,half_at_2R,465.2371614706208,0.13487797202797225,0,0,True,0.9987849331713244,3445.8732,3918.4747093800006
S-B_minervini,MASI,2023-04-14,2023-04-17,192.64244999999997,35,2023-05-02,178.97832102149997,stop_7pct,-491.2512412332526,-0.0727862837162837,15,11,False,0.9118479579458147,6742.485749999999,6264.241235752499
S-B_minervini,MYRG,2023-02-24,2023-02-27,120.249875,29,2023-05-05,136.94777264249998,half_at_2R,476.7802998508673,0.1365845554445555,67,48,True,0.8816855753646677,3487.246375,3971.4854066324997
S-B_minervini,SGU,2023-03-10,2023-03-13,10.367721118262267,312,2023-05-05,11.789654069631936,half_at_2R,436.7299797687133,0.1348779720279718,53,38,True,0.893711967545639,3234.7289888978275,3678.3720697251642
S-B_minervini,HSY,2022-07-29,2022-08-01,203.5415904935155,19,2023-05-18,241.28798360335784,close_below_sma20_volume,708.7297071791636,0.1830795325228438,290,201,True,0.8864541832669323,3867.290219376795,4584.471688463799
S-B_minervini,CABA,2023-04-28,2023-05-01,10.255575,336,2023-05-24,10.67325,close_below_sma20_volume,133.3067148,0.03864725529039825,23,17,True,0.9987849331713244,3445.8732,3586.212
S-B_minervini,SGU,2023-03-10,2023-03-13,10.367721118262267,312,2023-05-30,10.912719281179983,close_below_sma20_volume,163.39992942570098,0.05046379257527467,78,54,True,0.893711967545639,3234.7289888978275,3404.7684157281547
S-B_minervini,ORLY,2023-05-05,2023-05-08,62.714651999999994,114,2023-05-31,58.26630173364,stop_7pct,-520.9037590906737,-0.0727862837162836,23,16,False,0.9262767710049423,7149.470327999999,6642.35839763496
S-B_minervini,MYRG,2023-02-24,2023-02-27,120.249875,29,2023-06-02,128.34153,close_below_sma20_volume,227.44884425500004,0.06515789198644373,95,67,True,0.8816855753646677,3487.246375,3721.90437
S-B_minervini,MHO,2023-04-21,2023-04-24,65.21262499999999,51,2023-06-06,74.26805010749997,half_at_2R,454.7131660520163,0.13658455544455506,43,30,True,0.9295831647106435,3325.8438749999996,3787.6705554824985
S-B_minervini,WING,2023-04-28,2023-05-01,197.26569228986307,34,2023-06-12,183.2736367357431,stop_7pct,-488.6682260269499,-0.0727862837162837,42,29,False,0.9744835965978129,6707.033537855345,6231.303649015265
S-B_minervini,ARRY,2023-05-19,2023-05-22,23.383359999999996,306,2023-06-12,21.724778275199995,stop_7pct,-521.3290981010114,-0.0727862837162837,21,14,False,0.9831136738056013,7155.308159999999,6647.782152211198
S-B_minervini,AEHR,2023-06-02,2023-06-05,41.4634,170,2023-06-20,38.464559595000004,stop_7pct,-523.3906219811506,-0.07417849650349662,15,10,False,0.9938296997120527,7048.778,6538.97513115
S-B_minervini,PTGX,2023-06-02,2023-06-05,28.130149999999997,251,2023-07-03,26.09563690125,stop_7pct,-524.2734602984629,-0.0741784965034964,28,19,False,0.9864253393665159,7060.667649999999,6550.00486221375
S-B_minervini,NEU,2023-03-31,2023-04-03,344.5978387255599,9,2023-07-05,392.4486946109911,half_at_2R,424.02428416885186,0.13658455544455528,93,63,True,0.8017174082747853,3101.380548530039,3532.0382514989196
S-B_minervini,ISEE,2023-04-21,2023-04-24,29.939909999999998,113,2023-07-11,39.850125000000006,delisted,1111.9680210450015,0.32834415235815295,78,53,True,0.9635774989882638,3383.20983,4503.064125000001
S-B_minervini,RIOT,2023-07-07,2023-07-10,15.765749999999999,221,2023-07-12,18.02196,half_at_2R,491.1553260900005,0.140824387543383,2,2,True,0.9893992932862191,3484.2307499999997,3982.85316
S-B_minervini,ALGM,2023-06-30,2023-07-03,45.79575,77,2023-07-13,52.154947844999995,half_at_2R,482.1160303309348,0.13658455544455528,10,7,True,0.9525462962962963,3526.27275,4015.930984065
S-B_minervini,NFLX,2023-05-26,2023-05-30,39.78774799999999,88,2023-07-14,45.31267468727999,half_at_2R,478.7047112841583,0.13658455544455506,45,31,True,0.9592088998763906,3501.3218239999997,3987.5153724806387
S-B_minervini,XPO,2023-06-30,2023-07-03,58.81875999999999,60,2023-07-18,66.98633301359997,half_at_2R,482.5060752351833,0.13658455544455528,15,10,True,0.9359567901234568,3529.1255999999994,4019.1799808159985
S-B_minervini,NFLX,2023-05-26,2023-05-30,39.78774799999999,89,2023-07-21,43.693263,close_below_sma20_volume,340.16102502100057,0.09596461134786471,52,36,True,0.9592088998763906,3541.1095719999994,3888.7004070000003
S-B_minervini,LASR,2023-06-16,2023-06-20,15.077599999999999,466,2023-08-01,13.98711258,stop_7pct,-521.7112937822785,-0.07417849650349628,42,29,False,0.7662819455894476,7026.161599999999,6517.99446228
S-B_minervini,ALGM,2023-06-30,2023-07-03,45.79575,77,2023-08-01,45.749954249999995,breakeven_stop,-10.575291977250345,-0.002996003996004082,29,20,True,0.9525462962962963,3526.27275,3522.7464772499998
S-B_minervini,RIOT,2023-07-07,2023-07-10,15.765749999999999,221,2023-08-07,15.749984249999999,breakeven_stop,-10.449208019249454,-0.00299600399600386,28,20,True,0.9893992932862191,3484.2307499999997,3480.74651925
S-B_minervini,ATKR,2023-07-21,2023-07-24,151.48314010270167,48,2023-08-07,140.73844097521706,stop_7pct,-529.7721940110005,-0.07278628371628348,14,10,False,0.9186959937156324,7271.19072492968,6755.445166810419
S-B_minervini,DKNG,2023-07-14,2023-07-17,30.58055,239,2023-08-09,28.4114715885,stop_7pct,-532.5088335081518,-0.07278628371628382,23,17,False,0.9756480754124116,7308.75145,6790.3417096514995
S-B_minervini,ELF,2023-08-04,2023-08-07,129.61948999999998,56,2023-08-17,120.42557957429999,stop_7pct,-528.8615077353597,-0.0727862837162836,10,8,False,0.9946546052631579,7258.691439999999,6743.8324561608
S-B_minervini,MHO,2023-04-21,2023-04-24,65.21262499999999,52,2023-08-18,92.77713,close_below_sma20_volume,1425.13879274,0.41984410394292704,116,81,True,0.9295831647106435,3391.0564999999992,4824.41076
S-B_minervini,VRT,2023-08-04,2023-08-07,34.90160806270997,198,2023-08-18,32.42603700282196,stop_7pct,-503.4939435808019,-0.0727862837162836,11,9,False,0.9864309210526315,6910.5183964165735,6420.355326558747
S-B_minervini,XPO,2023-06-30,2023-07-03,58.81875999999999,60,2023-08-21,69.56036999999999,close_below_sma20_volume,636.7938522000004,0.180259295533572,49,34,True,0.9359567901234568,3529.1255999999994,4173.6222
S-B_minervini,AVPT,2023-08-18,2023-08-21,6.666625,1013,2023-08-22,6.1844613468750005,stop_7pct,-501.44993108500876,-0.0741784965034964,1,1,False,0.8434925864909391,6753.291125,6264.859344384376
S-B_minervini,ANF,2023-08-18,2023-08-21,42.92288,82,2023-08-23,49.67028,half_at_2R,545.6941608799998,0.1548861278953948,2,2,True,0.9724052718286655,3519.67616,4072.96296
S-B_minervini,NEU,2023-03-31,2023-04-03,344.5978387255599,10,2023-08-24,431.0717405387255,close_below_sma20_volume,856.9823223390126,0.24844212584417713,143,99,True,0.8017174082747853,3445.978387255599,4310.717405387255
S-B_minervini,AMR,2023-08-18,2023-08-21,192.39578362315336,17,2023-09-07,219.11186213706443,half_at_2R,447.17770475856423,0.13658455544455528,17,12,True,0.8834431630971994,3270.7283215936072,3724.901656330095
S-B_minervini,IOT,2023-09-01,2023-09-05,30.990959999999998,238,2023-09-13,28.792771207199998,stop_7pct,-537.3974607137134,-0.0727862837162837,8,6,False,0.9612661391087047,7375.84848,6852.6795473136
S-B_minervini,JBL,2023-09-01,2023-09-05,113.82259927704857,64,2023-09-14,105.74916231032752,stop_7pct,-530.752558611739,-0.0727862837162836,9,7,False,0.9504373177842566,7284.646353731108,6767.946387860961
S-B_minervini,MIRM,2023-09-15,2023-09-18,33.022349999999996,220,2023-09-21,30.634008536249997,stop_7pct,-539.4395209029753,-0.0741784965034965,3,3,False,0.8566069195498124,7264.9169999999995,6739.481877974999
S-B_minervini,ANIP,2023-08-11,2023-08-14,62.73645,115,2023-09-25,58.19903625375,stop_7pct,-535.7101617379312,-0.0741784965034965,42,29,False,0.9563606422396048,7214.69175,6692.8891691812505
S-B_minervini,MMP,2023-09-15,2023-09-18,67.94423548321167,107,2023-09-25,68.8275,delisted,79.87472759964749,0.010975869092751944,7,5,False,0.8382659441433931,7270.033196703649,7364.5425000000005
S-B_minervini,PRIM,2023-08-11,2023-08-14,33.9301873799435,202,2023-10-02,31.476186577689088,stop_7pct,-508.92024959483297,-0.0741784965034965,49,34,False,0.92260189378345,6853.897850748586,6358.189688693195
S-B_minervini,CRS,2023-09-01,2023-09-05,62.586612683956176,58,2023-10-10,71.27738972125033,half_at_2R,496.3009560235587,0.13658455544455528,35,25,True,0.95085381091212,3630.0235356694584,4134.088603832519
S-B_minervini,NATI,2023-04-14,2023-04-17,57.62704308543922,117,2023-10-11,59.83005,delisted,244.0093291126159,0.03615431650781087,177,123,False,0.9389405580266882,6742.364040996388,7000.11585
S-B_minervini,LLY,2023-08-11,2023-08-14,520.9951479818586,6,2023-10-11,593.3405342306195,half_at_2R,427.3863033992902,0.13658455544455528,58,41,True,0.9526554137505147,3125.9708878911515,3560.0432053837167
S-B_minervini,AMR,2023-08-18,2023-08-21,192.39578362315336,18,2023-10-13,223.7965020410573,close_below_sma20_volume,557.7214703803147,0.16088487999461032,53,38,True,0.8834431630971994,3463.1241052167607,4028.337036739031
S-B_minervini,CRS,2023-09-01,2023-09-05,62.586612683956176,59,2023-10-13,66.10651983084112,close_below_sma20_volume,200.0816268478393,0.05413020521320577,38,28,True,0.95085381091212,3692.6101483534144,3900.2846700196264
S-B_minervini,ATVI,2023-09-22,2023-09-25,94.01391999999998,75,2023-10-13,94.18395000000001,delisted,-1.3625902499989024,-0.00019305354228082994,18,14,False,0.7094622759483118,7051.043999999999,7063.79625
S-B_minervini,PLTR,2023-10-13,2023-10-16,17.22721,425,2023-10-20,16.0052839947,stop_7pct,-533.4423622002469,-0.0727862837162836,4,4,False,0.9643765903307888,7321.564249999999,6802.2456977475
S-B_minervini,LLY,2023-08-11,2023-08-14,520.9951479818586,7,2023-10-27,551.0079006901451,close_below_sma50,202.58524761730132,0.05549348767217199,74,53,True,0.9526554137505147,3646.9660358730102,3857.0553048310157
S-B_minervini,ANF,2023-08-18,2023-08-21,42.92288,82,2023-10-30,58.87107,close_below_sma20_volume,1299.4044761000005,0.36881414957513314,70,49,True,0.9724052718286655,3519.67616,4827.42774
S-B_minervini,MSTR,2023-10-27,2023-10-30,42.342299999999994,84,2023-11-09,49.779171,half_at_2R,616.9589604360008,0.17328799136757156,10,8,True,0.9057324840764331,3556.7531999999997,4181.450364
S-B_minervini,CDNS,2023-05-26,2023-05-30,232.21197999999995,15,2023-11-13,264.4569355427999,half_at_2R,476.2242994088574,0.13658455544455528,167,116,True,0.907292954264524,3483.1796999999992,3966.8540331419986
S-B_minervini,BZH,2023-11-03,2023-11-06,28.430899999999998,254,2023-11-21,26.3746351575,stop_7pct,-536.2118759250052,-0.0741784965034965,15,11,False,0.9868247694334651,7221.4486,6699.1573300049995
S-B_minervini,HCI,2023-11-10,2023-11-13,73.70766305033906,50,2023-11-24,83.81666903769306,half_at_2R,497.5740827632985,0.13487797202797203,11,8,True,0.9647887323943662,3685.383152516953,4190.833451884653
S-B_minervini,KTOS,2023-10-13,2023-10-16,17.165148,213,2023-11-28,19.57041,half_at_2R,504.49613214600095,0.13784677427297964,43,30,True,0.9368108566581849,3656.1765239999995,4168.49733
S-B_minervini,AAOI,2023-11-17,2023-11-20,12.942274999999999,294,2023-11-28,14.717308016249998,half_at_2R,513.7277893707223,0.13487797202797203,8,5,True,0.9991181657848325,3805.0288499999997,4326.8885567775
S-B_minervini,VRTV,2023-11-03,2023-11-06,169.85968999999997,42,2023-11-30,169.56502500000002,delisted,-26.631768029997147,-0.0037292912682296286,24,17,False,0.8928414580588494,7134.106979999999,7121.731050000001
S-B_minervini,AAOI,2023-11-17,2023-11-20,12.942274999999999,294,2023-11-30,12.9099193125,breakeven_stop,-17.113117252874417,-0.0044930069930068095,10,7,True,0.9991181657848325,3805.0288499999997,3795.516277875
S-B_minervini,MHO,2023-11-03,2023-11-06,94.73463999999998,38,2023-12-01,107.88949211039998,half_at_2R,492.1846631750045,0.1365845554445555,25,18,True,0.9776021080368906,3599.9163199999994,4099.800700195199
S-B_minervini,CDNS,2023-05-26,2023-05-30,232.21197999999995,15,2023-12-05,260.45928000000004,close_below_sma20_volume,416.3194311000011,0.11940340820556261,189,131,True,0.907292954264524,3483.1796999999992,3906.8892000000005
S-B_minervini,LMB,2023-11-10,2023-11-13,36.50102499999999,101,2023-12-06,41.50714057874998,half_at_2R,497.7388487302951,0.1348779720279718,23,16,True,0.9973591549295775,3686.603524999999,4192.221198453748
S-B_minervini,CXM,2023-11-24,2023-11-27,15.165149999999999,509,2023-12-07,11.97801,stop_7pct,-1636.0701284399993,-0.21174021278471278,10,8,False,0.9439788266431407,7719.061349999999,6096.807089999999
S-B_minervini,TOL,2023-12-01,2023-12-04,85.80209615273476,43,2023-12-14,97.7165752245035,half_at_2R,504.4312972168341,0.13658455544455528,10,8,True,0.9443500424808836,3689.490134567595,4201.81273465365
S-B_minervini,HCI,2023-11-10,2023-11-13,73.70766305033906,50,2023-12-18,83.22946115796208,close_below_sma20_volume,468.24304917073505,0.1269271754220096,35,24,True,0.9647887323943662,3685.383152516953,4161.473057898103
S-B_minervini,NUVL,2023-12-15,2023-12-18,79.72964999999999,99,2023-12-19,74.0744259255,stop_7pct,-575.0937868921246,-0.0727862837162837,1,1,False,0.9685615848406546,7893.235349999999,7333.368166624499
S-B_minervini,IMVT,2023-12-01,2023-12-04,39.949909999999996,196,2023-12-20,36.7632,stop_7pct,-639.6309295599995,-0.08160626512182245,16,12,False,0.9868309260832625,7830.182359999999,7205.5872
S-B_minervini,BHVN,2023-12-15,2023-12-18,39.14910999999999,202,2023-12-20,36.37226362769999,stop_7pct,-576.1782846773949,-0.0727862837162837,2,2,False,0.9689922480620154,7908.120219999999,7347.1972527953985
S-B_minervini,TREX,2023-12-22,2023-12-26,83.74365999999999,93,2024-01-03,77.8037221962,stop_7pct,-567.4381222976463,-0.0727862837162837,8,5,False,0.9272492466637968,7788.160379999999,7235.7461642466
S-B_minervini,KTOS,2023-10-13,2023-10-16,17.165148,214,2024-01-04,18.6813,close_below_sma50,316.7853881280007,0.08615286773377817,80,55,True,0.9368108566581849,3673.3416719999996,3997.7982
S-B_minervini,LMB,2023-11-10,2023-11-13,36.50102499999999,102,2024-01-04,41.466075000000004,close_below_sma20_volume,498.4824558000014,0.1337551671302577,52,35,True,0.9973591549295775,3723.104549999999,4229.539650000001
S-B_minervini,MSTR,2023-10-27,2023-10-30,42.342299999999994,84,2024-01-09,59.94,close_below_sma20_volume,1469.6150868000004,0.4127772879659293,71,48,True,0.9057324840764331,3556.7531999999997,5034.96
S-B_minervini,TOL,2023-12-01,2023-12-04,85.80209615273476,43,2024-01-16,98.03191045950001,close_below_sma20_volume,517.9771529065788,0.14025235854818496,43,28,True,0.9443500424808836,3689.490134567595,4215.3721497585
S-B_minervini,SMCI,2024-01-12,2024-01-16,34.089054999999995,225,2024-01-17,31.67111832885,stop_7pct,-558.83179000774,-0.0727862837162836,1,1,False,0.994669946699467,7670.037374999999,7126.00162399125
S-B_minervini,COST,2023-12-08,2023-12-11,599.5988000759787,6,2024-01-19,682.859089454529,half_at_2R,491.8669889341186,0.13658455544455528,39,26,True,0.7237521514629949,3597.5928004558723,4097.154536727174
S-B_minervini,MRTX,2023-12-22,2023-12-26,59.05899999999999,132,2024-01-23,58.553250000000006,delisted,-82.28381699999863,-0.01054436259485425,28,18,False,0.753336203185536,7795.787999999999,7729.029
S-B_minervini,MHO,2023-11-03,2023-11-06,94.73463999999998,38,2024-01-24,132.64722,close_below_sma20_volume,1432.0375293200009,0.3974000491204761,79,53,True,0.9776021080368906,3599.9163199999994,5040.59436
S-B_minervini,NVDA,2024-01-12,2024-01-16,54.913802258557695,64,2024-01-24,62.53913284018101,half_at_2R,480.5041693775729,0.13658455544455528,8,6,True,0.989749897498975,3514.4833445476925,4002.5045017715847
S-B_minervini,MUSA,2024-01-05,2024-01-08,372.11816885818166,19,2024-01-29,345.7238271410709,stop_7pct,-515.1314905490899,-0.07278628371628348,21,14,False,0.7740877408774087,7070.245208305451,6568.752715680347
S-B_minervini,APP,2024-01-26,2024-01-29,44.59454999999999,173,2024-01-31,41.43145856849999,stop_7pct,-562.0973171318501,-0.0727862837162837,2,2,False,0.9938423645320197,7714.857149999998,7167.642332350499
S-B_minervini,NRP,2024-01-05,2024-01-08,88.13763738006809,86,2024-02-06,81.76308275655467,stop_7pct,-562.8231595539037,-0.0741784965034965,29,20,False,0.956539565395654,7579.836814685856,7031.6251170637015
S-B_minervini,DKNG,2024-01-19,2024-01-22,38.09305499999999,100,2024-02-08,43.382656617299986,half_at_2R,520.81259056827,0.1365845554445555,17,13,True,0.981139811398114,3809.3054999999995,4338.265661729999
S-B_minervini,ALPN,2024-01-26,2024-01-29,25.1828,153,2024-02-09,28.636621019999996,half_at_2R,520.2002446439392,0.1348779720279718,11,9,True,0.9876847290640394,3852.9684,4381.40301606
S-B_minervini,ETRN,2024-01-12,2024-01-16,10.555686373459714,612,2024-02-14,9.806971538990219,stop_7pct,-470.6754253377503,-0.07278628371628348,29,21,False,0.8884788847888478,6460.080060557345,6001.866581862014
S-B_minervini,APP,2024-02-02,2024-02-05,45.645599999999995,85,2024-02-15,54.630315,half_at_2R,755.1773222250008,0.19444510580381302,10,8,True,0.9915218312844426,3879.8759999999997,4643.576775
S-B_minervini,DKNG,2024-01-19,2024-01-22,38.09305499999999,101,2024-02-21,41.00895,close_below_sma20_volume,286.516092495001,0.0743956880319534,30,21,True,0.981139811398114,3847.3985549999993,4141.90395
S-B_minervini,NVDA,2024-01-12,2024-01-16,54.913802258557695,64,2024-02-22,74.7333455426036,close_below_sma20_volume,1260.1533527196639,0.3582018563879181,37,26,True,0.989749897498975,3514.4833445476925,4782.9341147266305
S-B_minervini,TARS,2024-02-02,2024-02-05,28.611349999999998,136,2024-02-26,32.5353966525,half_at_2R,525.3543871952602,0.13487797202797203,21,14,True,0.9309029249682068,3891.1436,4424.81394474
S-B_minervini,URBN,2024-02-23,2024-02-26,44.96492,184,2024-02-28,41.7755582244,stop_7pct,-602.8028147036903,-0.07278628371628382,2,2,False,0.8948261238337574,8273.54528,7686.7027132896
S-B_minervini,ANF,2024-02-16,2024-02-20,120.64051999999998,31,2024-03-04,137.39266260719998,half_at_2R,511.3173921623775,0.13658455544455572,13,9,True,0.9923696481559983,3739.8561199999995,4259.1725408232
S-B_minervini,IRON,2024-03-01,2024-03-04,76.621075,111,2024-03-05,71.07945575062502,stop_7pct,-631.5144955939431,-0.0741784965034964,1,1,False,0.9750511247443763,8504.939325000001,7889.819588319377
S-B_minervini,ANF,2024-02-16,2024-02-20,120.64051999999998,32,2024-03-08,120.51987947999999,breakeven_stop,-11.577629423359667,-0.00299600399600386,17,13,True,0.9923696481559983,3860.4966399999994,3856.6361433599996
S-B_minervini,COST,2023-12-08,2023-12-11,599.5988000759787,6,2024-03-11,709.1368410223504,close_below_sma20_volume,649.3758318316404,0.18032254919031132,91,61,True,0.7237521514629949,3597.5928004558723,4254.821046134102
S-B_minervini,TARS,2024-02-02,2024-02-05,28.611349999999998,136,2024-03-11,32.917500000000004,close_below_sma20_volume,577.268476400001,0.14820624574620833,35,24,True,0.9309029249682068,3891.1436,4476.780000000001
S-B_minervini,JBL,2024-03-08,2024-03-11,149.36102697815497,55,2024-03-15,128.01856997028014,stop_7pct,-1189.0910132652798,-0.1446042438474643,4,4,False,0.9034941763727121,8214.856483798523,7041.021348365408
S-B_minervini,SAIC,2024-03-08,2024-03-11,136.7921739580047,59,2024-03-18,114.60227568644859,stop_7pct,-1324.0362705508323,-0.16389003258502066,7,5,False,0.7329450915141431,8070.738263522277,6761.534265500467
S-B_minervini,DRCT,2024-03-15,2024-03-18,7498.7,1,2024-03-18,6956.3565225,stop_7pct,-556.7985340224996,-0.0741784965034964,0,0,False,0.9975031210986267,7498.7,6956.3565225
S-B_minervini,GATO,2024-03-08,2024-03-11,7.67915,529,2024-03-21,8.7323454225,half_at_2R,548.4586974239978,0.13487797202797203,10,8,True,0.889351081530782,4062.27035,4619.4107285025
S-B_minervini,CBAY,2024-02-16,2024-02-20,32.17214,255,2024-03-22,32.3988,delisted,41.332710299999235,0.005033147713118469,31,23,False,0.993217465027554,8203.8957,8261.694
S-B_minervini,USAP,2024-03-22,2024-03-25,23.31815,354,2024-03-28,21.631664801250004,stop_7pct,-612.9279947971409,-0.07417849650349628,3,3,False,0.96040016673614,8254.6251,7657.609339642501
S-B_minervini,ALPN,2024-01-26,2024-01-29,25.1828,153,2024-04-05,35.10486,close_below_sma20_volume,1508.85116802,0.3912162436099409,67,47,True,0.9876847290640394,3852.9684,5371.0435800000005
S-B_minervini,APPF,2024-03-28,2024-04-01,245.66541999999995,33,2024-04-09,228.24037175939998,stop_7pct,-590.6654830678599,-0.0727862837162837,8,6,False,0.9124270225187656,8106.958859999999,7531.932268060199
S-B_minervini,MAR,2023-12-29,2024-01-02,220.01215397358453,17,2024-04-11,250.56304167435647,half_at_2R,511.36531258710784,0.13658455544455528,100,69,True,0.8006029285099052,3740.206617550937,4259.57170846406
S-B_minervini,FLXS,2024-04-05,2024-04-08,38.71111624903624,211,2024-04-12,35.91133476632469,stop_7pct,-606.4992300163776,-0.0741784965034965,4,4,False,0.9247532894736842,8168.045528546646,7577.29163569451
S-B_minervini,MAR,2023-12-29,2024-01-02,220.01215397358453,18,2024-04-15,248.89615802584436,close_below_sma20_volume,511.47172332468745,0.12902336765739486,104,71,True,0.8006029285099052,3960.218771524522,4480.130844465199
S-B_minervini,APAM,2024-03-08,2024-03-11,36.300342855835744,223,2024-04-24,33.72555953707131,stop_7pct,-589.7924563180859,-0.0727862837162837,44,31,False,0.8161397670549085,8094.976456851371,7520.799776766903
S-B_minervini,AZZ,2024-03-22,2024-03-25,77.20888879912951,107,2024-04-25,71.62475591673248,stop_7pct,-613.4274184010792,-0.07417849650349628,31,22,False,0.9145477282200917,8261.351101506858,7663.848883090375
S-B_minervini,APP,2024-02-02,2024-02-05,45.645599999999995,86,2024-04-26,70.01991000000001,close_below_sma20_volume,2086.2434261400017,0.5309254359657909,81,57,True,0.9915218312844426,3925.5215999999996,6021.712260000001
S-B_minervini,SFM,2024-02-23,2024-02-26,59.49943999999999,69,2024-04-26,67.76153223839998,half_at_2R,561.3033573651492,0.13658455544455528,60,43,True,0.926208651399491,4105.461359999999,4675.545724449598
S-B_minervini,GATO,2024-03-08,2024-03-11,7.67915,529,2024-05-01,9.585975,close_below_sma20_volume,999.5771738750004,0.24581785780941945,51,36,True,0.889351081530782,4062.27035,5070.980775
S-B_minervini,SFM,2024-02-23,2024-02-26,59.49943999999999,70,2024-05-02,71.32860000000001,close_below_sma20_volume,818.8832372000006,0.1964160555912009,66,47,True,0.926208651399491,4164.9608,4993.002
S-B_minervini,EVER,2024-05-03,2024-05-06,21.784325,185,2024-05-07,24.772045173749998,half_at_2R,544.115303661606,0.13487797202797203,1,1,True,0.9813638288860652,4030.100125,4582.82835714375
S-B_minervini,CVNA,2024-05-03,2024-05-06,24.884859999999996,324,2024-05-08,22.959018,stop_7pct,-639.4742244719982,-0.07923348428868637,2,2,False,1.0,8062.694639999999,7438.721832
S-B_minervini,QNST,2024-05-03,2024-05-06,18.82695,428,2024-05-09,17.465290841250003,stop_7pct,-598.3231990250542,-0.0741784965034964,3,3,False,0.9063955950868277,8057.9346,7475.144480055001
S-B_minervini,LPG,2024-04-05,2024-04-08,31.391509589785212,130,2024-05-10,35.696855130024254,half_at_2R,550.9734328174995,0.1348779720279718,32,24,True,0.9399671052631579,4080.8962466720777,4640.591166903153
S-B_minervini,AMSC,2024-05-10,2024-05-13,13.824474999999998,295,2024-05-22,15.720501746249997,half_at_2R,550.6121220036066,0.13487797202797225,9,7,True,0.9805167301990682,4078.2201249999994,4637.54801514375
S-B_minervini,ASPN,2024-05-03,2024-05-06,25.834425,156,2024-05-24,29.4217932555,half_at_2R,551.0094778101425,0.1365845554445555,18,14,True,0.9881406183820415,4030.1702999999998,4589.799747858
S-B_minervini,EVER,2024-05-03,2024-05-06,21.784325,185,2024-06-04,21.954975,close_below_sma20_volume,23.47847950000005,0.005819960732495355,29,20,True,0.9813638288860652,4030.100125,4061.670375
S-B_minervini,APEI,2024-05-10,2024-05-13,17.874574999999997,984,2024-06-06,16.581796363124997,stop_7pct,-1305.9992481063127,-0.0741784965034964,24,17,False,0.9783989834815756,17588.581799999996,16316.487621314998
S-B_minervini,LPG,2024-04-05,2024-04-08,31.391509589785212,130,2024-06-07,35.59130179184549,close_below_sma20_volume,537.2652207882243,0.1315222097924258,60,43,True,0.9399671052631579,4080.8962466720777,4626.869232939914
S-B_minervini,FCNCA,2024-04-26,2024-04-29,1751.4069122096244,4,2024-06-11,1627.179619926596,stop_7pct,-510.42351526065886,-0.0727862837162836,43,30,False,0.872069107363225,7005.627648838497,6508.718479706384
S-B_minervini,JILL,2024-06-07,2024-06-10,36.6473494820793,228,2024-06-13,32.03000679375,stop_7pct,-1068.4125701699713,-0.12774017144646244,3,3,False,0.885286783042394,8355.595681914081,7302.841548975
S-B_minervini,NGNE,2024-06-14,2024-06-17,43.358125,191,2024-06-17,40.222248609375,stop_7pct,-614.9162419687646,-0.0741784965034964,0,0,False,0.9808731808731809,8281.401875,7682.449484390625
S-B_minervini,LQDA,2024-06-07,2024-06-10,13.704175,610,2024-06-18,12.713020543125001,stop_7pct,-620.7187079750547,-0.07417849650349628,8,6,False,0.8740648379052369,8359.54675,7754.942531306251
S-B_minervini,ASPN,2024-05-03,2024-05-06,25.834425,156,2024-06-21,27.181875,close_below_sma20_volume,201.93165720000025,0.050054938688999684,46,32,True,0.9881406183820415,4030.1702999999998,4240.3725
S-B_minervini,CMG,2024-06-14,2024-06-17,66.59853199999999,124,2024-06-27,61.874698125239995,stop_7pct,-601.6860810057688,-0.0727862837162836,10,7,False,0.8698544698544699,8258.217967999999,7672.462567529759
S-B_minervini,AMSC,2024-05-10,2024-05-13,13.824474999999998,296,2024-07-02,23.12205,close_below_sma20_volume,2741.146028600001,0.669202779700647,50,34,True,0.9805167301990682,4092.0445999999993,6844.1268
S-B_minervini,FULT,2024-06-28,2024-07-01,15.540702279069764,259,2024-07-17,17.69868419754139,half_at_2R,550.3083157867081,0.13658455544455528,16,11,True,0.8101582014987511,4025.041890279069,4583.95920716322
S-B_minervini,COOP,2024-04-26,2024-04-29,78.38622664664311,51,2024-07-18,89.27093807879596,half_at_2R,546.5697676387986,0.1365845554445555,80,55,True,0.8576717400246812,3997.6975589787985,4552.817842018594
S-B_minervini,JLL,2024-06-21,2024-06-24,209.14893999999998,19,2024-07-23,238.19136180839996,half_at_2R,543.3065486252394,0.13658455544455528,29,20,True,0.7945091514143094,3973.82986,4525.635874359599
S-B_minervini,PINS,2024-05-03,2024-05-06,40.62058,198,2024-07-25,37.7393622606,stop_7pct,-585.9963809687988,-0.0727862837162837,80,55,False,0.9034307496823379,8042.8748399999995,7472.393727598799
S-B_minervini,SIGA,2024-07-26,2024-07-29,8.457961609792285,1018,2024-07-30,7.84623953636406,stop_7pct,-639.3307475167203,-0.07417849650349628,1,1,False,0.9596873714520774,8610.204918768546,7987.471848018613
S-B_minervini,R,2024-06-28,2024-07-01,119.21214382916293,33,2024-07-31,135.76594212128046,half_at_2R,537.861066803514,0.13658455544455528,30,21,True,0.8372189841798501,3934.0007463623765,4480.276090002255
S-B_minervini,COOP,2024-04-26,2024-04-29,78.38622664664311,52,2024-08-05,80.6244747022019,close_below_sma20_volume,108.12034241891706,0.026499045596103832,98,67,True,0.8576717400246812,4076.0837856254416,4192.472684514499
S-B_minervini,FULT,2024-06-28,2024-07-01,15.540702279069764,259,2024-08-05,15.525161576790694,breakeven_stop,-12.071100628947079,-0.002996003996004082,35,24,True,0.8101582014987511,4025.041890279069,4021.0168483887896
S-B_minervini,R,2024-06-28,2024-07-01,119.21214382916293,34,2024-08-05,119.09293168533377,breakeven_stop,-12.155585457684083,-0.00299600399600386,35,24,True,0.8372189841798501,4053.2128901915394,4049.159677301348
S-B_minervini,JLL,2024-06-21,2024-06-24,209.14893999999998,19,2024-08-06,227.85192,close_below_sma20_volume,347.05360366000014,0.08724754430307624,43,30,True,0.7945091514143094,3973.82986,4329.18648
S-B_minervini,LTH,2024-08-02,2024-08-05,21.020999999999997,197,2024-08-06,23.939976059999992,half_at_2R,566.1809715361787,0.13658455544455506,1,1,True,0.706368899917287,4141.137,4716.175283819998
S-B_minervini,BV,2024-08-02,2024-08-05,13.633999999999999,304,2024-08-21,15.503903099999999,half_at_2R,559.5926198575999,0.13487797202797203,16,12,True,0.9334160463192721,4144.736,4713.1865424
S-B_minervini,UFPT,2024-07-05,2024-07-08,295.15486,13,2024-08-23,336.1400638596,half_at_2R,524.600816164625,0.1365845554445555,46,34,True,0.8476386036960986,3837.01318,4369.8208301748
S-B_minervini,CRDO,2024-08-23,2024-08-26,36.5365,238,2024-08-26,33.944966054999995,stop_7pct,-633.5596678310903,-0.0727862837162837,0,0,False,0.9606950765411667,8695.687,8078.901921089999
S-B_minervini,CAVA,2024-08-23,2024-08-26,123.53340999999999,70,2024-08-27,114.77118522869999,stop_7pct,-630.0370556570088,-0.0727862837162837,1,1,False,0.9797269342159702,8647.338699999998,8033.982966008999
S-B_minervini,UTHR,2024-06-21,2024-06-24,316.35604,12,2024-08-28,360.2852397144,half_at_2R,519.030701216227,0.1365845554445555,65,46,True,0.7961730449251248,3796.27248,4323.4228765728
S-B_minervini,LTH,2024-08-02,2024-08-05,21.020999999999997,198,2024-09-04,23.23674,close_below_sma20_volume,429.95348748000106,0.1031974191072238,30,21,True,0.706368899917287,4162.157999999999,4600.87452
S-B_minervini,SMTC,2024-08-30,2024-09-03,42.84279999999999,202,2024-09-06,39.80396019599999,stop_7pct,-630.5402859675924,-0.07278628371628382,3,3,False,0.8895781637717122,8654.245599999998,8040.399959591999
S-B_minervini,BV,2024-08-02,2024-08-05,13.633999999999999,305,2024-09-09,14.763000000000002,close_below_sma20_volume,335.6839150000005,0.08064423474427884,35,24,True,0.9334160463192721,4158.37,4502.715
S-B_minervini,UFPT,2024-07-05,2024-07-08,295.15486,13,2024-09-10,294.85970513999996,breakeven_stop,-11.507202526820492,-0.002996003996004082,64,45,True,0.8476386036960986,3837.01318,3833.1761668199997
S-B_minervini,SILK,2024-09-13,2024-09-16,27.558724999999995,306,2024-09-17,27.421275,delisted,-58.88357999999971,-0.006975568072824845,1,1,False,0.8008333333333333,8432.96985,8390.91015
S-B_minervini,DTM,2024-06-28,2024-07-01,66.9970210907149,60,2024-10-02,76.30022743937155,half_at_2R,549.5945460075941,0.13658455544455528,93,65,True,0.8455453788509575,4019.8212654428935,4578.013646362293
S-B_minervini,CVNA,2024-09-20,2024-09-23,34.1341,124,2024-10-11,38.873961126,half_at_2R,578.6897800443758,0.1365845554445555,18,14,True,0.988328470195915,4232.6284,4820.3711796239995
S-B_minervini,PRMB,2024-09-06,2024-09-09,21.98086097922848,191,2024-10-15,25.033123334804145,half_at_2R,574.0024389109713,0.13658455544455528,36,26,True,0.8570237598999583,4198.34444703264,4781.326556947592
S-B_minervini,UTHR,2024-06-21,2024-06-24,316.35604,13,2024-10-24,352.83681,close_below_sma20_volume,465.55050295,0.1130871449416655,122,86,True,0.7961730449251248,4112.62852,4586.87853
S-B_minervini,AAON,2024-09-20,2024-09-23,103.8129104626229,39,2024-10-28,118.2283712094627,half_at_2R,553.5433591415403,0.13658455544455528,35,25,True,0.8457690704460191,4048.703508042293,4610.906477169045
S-B_minervini,VKTX,2024-10-25,2024-10-28,79.10902999999999,112,2024-10-29,73.4978265021,stop_7pct,-645.5467596930357,-0.07278628371628382,1,1,False,0.9954564229657167,8860.21136,8231.7565682352
S-B_minervini,PRMB,2024-09-06,2024-09-09,21.98086097922848,191,2024-11-01,24.643857670561623,close_below_sma20_volume,499.7270467825192,0.11891063852952954,53,39,True,0.8570237598999583,4198.34444703264,4706.97681507727
S-B_minervini,SRCL,2024-09-06,2024-09-09,61.72165999999999,126,2024-11-04,61.82505,delisted,-2.5397454599988123,-0.000326248085786518,56,40,False,0.7273864110045852,7776.929159999999,7789.9563
S-B_minervini,CR,2024-04-26,2024-04-29,142.7182400436681,28,2024-11-05,162.53609485613183,half_at_2R,546.352813371791,0.1365845554445555,190,132,True,0.9259563965446318,3996.1107212227066,4551.010655971691
S-B_minervini,TARS,2024-11-01,2024-11-04,47.3581,189,2024-11-05,43.9329254175,stop_7pct,-664.6119998964077,-0.0741784965034965,1,1,False,0.9666666666666667,8950.6809,8303.3229039075
S-B_minervini,EAT,2024-11-01,2024-11-04,105.02492,41,2024-11-12,119.60868039119998,half_at_2R,588.7241984231605,0.13658455544455528,8,6,True,0.960337552742616,4306.02172,4903.9558960392
S-B_minervini,LUMN,2024-11-08,2024-11-11,9.859849999999998,943,2024-11-12,9.1604908395,stop_7pct,-677.4318697631461,-0.07278628371628348,1,1,False,0.9940903334740396,9297.838549999999,8638.3428616485
S-B_minervini,TSSI,2024-11-08,2024-11-11,9.072625,512,2024-11-13,10.31693551875,half_at_2R,627.1595306144,0.13487797202797203,2,2,True,0.9991557619248628,4645.184,5282.2709856
S-B_minervini,TSSI,2024-11-08,2024-11-11,9.072625,513,2024-11-15,7.7805,breakeven_stop,-671.5057781250002,-0.14413363878099839,4,4,True,0.9991557619248628,4654.256625,3991.3965
S-B_minervini,CME,2023-10-06,2023-10-09,186.39020362884682,19,2024-11-19,212.27234730474848,half_at_2R,484.1861413743932,0.13658455544455528,407,281,True,0.701271186440678,3541.4138689480897,4033.174598790221
S-B_minervini,RKLB,2024-11-15,2024-11-18,19.55954,235,2024-11-21,22.275577724399998,half_at_2R,628.4376125687659,0.1365845554445555,3,3,True,0.9860700717602364,4596.4919,5234.760765233999
S-B_minervini,ESOA,2024-11-15,2024-11-18,13.625612231276005,338,2024-11-26,15.494364948795507,half_at_2R,621.7958662347282,0.13487797202797203,8,6,True,0.9674968341072182,4605.4569341712895,5237.0953526928815
S-B_minervini,ESOA,2024-11-15,2024-11-18,13.625612231276005,338,2024-12-02,13.591548200697815,breakeven_stop,-20.71304256143503,-0.0044930069930069205,14,9,True,0.9674968341072182,4605.4569341712895,4593.943291835862
S-B_minervini,DTM,2024-06-28,2024-07-01,66.9970210907149,60,2024-12-05,97.13829147022155,close_below_sma20_volume,1798.6281040167437,0.44699282731567647,157,110,True,0.8455453788509575,4019.8212654428935,5828.297488213293
S-B_minervini,WAB,2024-09-20,2024-09-23,177.70538258370507,23,2024-12-06,202.38155200927835,half_at_2R,558.8098972925459,0.13658455544455528,74,53,True,0.8345143809920801,4087.223799425217,4654.775696213402
S-B_minervini,CR,2024-04-26,2024-04-29,142.7182400436681,28,2024-12-10,168.88243850115148,close_below_sma20_volume,723.8727378102803,0.18096335128592056,225,156,True,0.9259563965446318,3996.1107212227066,4728.708278032242
S-B_minervini,AAON,2024-09-20,2024-09-23,103.8129104626229,40,2024-12-10,128.90106860842306,close_below_sma20_volume,994.2177666691641,0.23918618062553998,78,55,True,0.8457690704460191,4152.516418504916,5156.042744336923
S-B_minervini,CVNA,2024-09-20,2024-09-23,34.1341,125,2024-12-11,47.752199999999995,close_below_sma20_volume,1692.0267124999991,0.3961636899461536,79,56,True,0.988328470195915,4266.7625,5969.025
S-B_minervini,VSXY,2024-12-06,2024-12-09,48.047999999999995,184,2024-12-17,44.639955359999995,stop_7pct,-644.1347975462395,-0.0727862837162837,8,6,False,0.8496362166531932,8840.831999999999,8213.751786239998
S-B_minervini,REVG,2024-12-13,2024-12-16,35.07001125987708,274,2024-12-17,32.53357269550647,stop_7pct,-713.5075486413207,-0.0741784965034964,1,1,False,0.9349232012934519,9609.18308520632,8914.198918568773
S-B_minervini,WAB,2024-09-20,2024-09-23,177.70538258370507,23,2024-12-18,196.5171936973774,close_below_sma20_volume,424.0645363599983,0.10365003637043557,86,61,True,0.8345143809920801,4087.223799425217,4519.89545503968
S-B_minervini,EAT,2024-11-01,2024-11-04,105.02492,41,2024-12-19,131.43842999999998,close_below_sma20_volume,1073.2589126499997,0.24899705473944422,45,32,True,0.960337552742616,4306.02172,5388.975629999999
S-B_minervini,CME,2023-10-06,2023-10-09,186.39020362884682,19,2025-01-07,214.82141361821064,close_below_sma50,532.5699690702186,0.15023319804671997,456,313,True,0.701271186440678,3541.4138689480897,4081.606858746002
S-B_minervini,CRMD,2025-01-10,2025-01-13,11.358324999999999,420,2025-01-17,12.916119273749999,half_at_2R,644.0783283800247,0.13487797202797203,4,4,True,0.9777237748076144,4770.496499999999,5424.770094975
S-B_minervini,MRVL,2024-12-06,2024-12-09,111.31660238848919,43,2025-01-23,126.77402579615477,half_at_2R,654.4313095176813,0.1365845554445555,45,29,True,0.9211802748585287,4786.613902705035,5451.283109234655
S-B_minervini,ALK,2024-12-13,2024-12-16,62.522459999999995,76,2025-01-23,71.20432879559999,half_at_2R,649.6587925171343,0.1365845554445555,38,24,True,0.8205335489086499,4751.7069599999995,5411.5289884655995
S-B_minervini,MRVL,2024-12-06,2024-12-09,111.31660238848919,43,2025-01-27,107.48094530449517,breakeven_stop,-174.341549162541,-0.03638634435970156,49,31,True,0.9211802748585287,4786.613902705035,4621.680648093292
S-B_minervini,MNPR,2025-01-24,2025-01-27,40.651374999999994,246,2025-01-27,37.711264303125,stop_7pct,-742.5444406998195,-0.07417849650349662,0,0,False,0.9991886409736308,10000.238249999999,9276.971018568749
S-B_minervini,CRMD,2025-01-10,2025-01-13,11.358324999999999,421,2025-01-29,11.3299291875,breakeven_stop,-21.50639207543645,-0.0044930069930068095,16,11,True,0.9777237748076144,4781.854824999999,4769.9001879375
S-B_minervini,ROOT,2025-01-31,2025-02-03,94.235,51,2025-02-03,107.15933025,half_at_2R,648.8697319072498,0.13487797202797203,0,0,True,0.9968216130313866,4805.985,5465.12584275
S-B_minervini,BSX,2025-01-10,2025-01-13,93.91381999999999,50,2025-02-05,106.95469304519997,half_at_2R,642.000226607739,0.13658455544455528,23,16,True,0.8481166464155528,4695.690999999999,5347.734652259998
S-B_minervini,IP,2025-01-17,2025-01-21,53.21447612329001,182,2025-02-05,49.28634731625835,stop_7pct,-733.574592745761,-0.07566743714839419,15,11,False,0.8175922172679367,9685.034654438783,8970.11521155902
S-B_minervini,RKLB,2024-11-15,2024-11-18,19.55954,236,2025-02-12,27.981990000000003,close_below_sma20_volume,1976.4783989200014,0.4277473768847291,86,57,True,0.9860700717602364,4616.051439999999,6603.749640000001
S-B_minervini,HIMS,2025-02-07,2025-02-10,43.27322999999999,116,2025-02-13,49.28215071779998,half_at_2R,686.298379101534,0.13658455544455528,3,3,True,0.9876492383696994,5019.694679999999,5716.729483264798
S-B_minervini,CORT,2025-01-31,2025-02-03,65.16509999999998,74,2025-02-14,74.21392578599996,half_at_2R,659.2990602558348,0.13658455544455528,11,9,True,0.9709972189114024,4822.217399999999,5491.830508163997
S-B_minervini,CAVA,2025-01-31,2025-02-03,130.88074999999998,67,2025-02-19,121.59737840249998,stop_7pct,-638.9019316354679,-0.07278628371628382,16,11,False,0.966626936829559,8769.01025,8147.024352967499
S-B_minervini,CORT,2025-01-31,2025-02-03,65.16509999999998,75,2025-02-20,65.09993489999998,breakeven_stop,-14.6572601175003,-0.002996003996004082,17,12,True,0.9709972189114024,4887.382499999999,4882.495117499999
S-B_minervini,APP,2025-02-14,2025-02-18,514.6141,20,2025-02-20,478.112521887,stop_7pct,-749.8860946977402,-0.0727862837162837,2,2,False,0.9971169686985173,10292.282,9562.25043774
S-B_minervini,ALK,2024-12-13,2024-12-16,62.522459999999995,77,2025-02-24,71.15877,close_below_sma20_volume,654.7024152900012,0.13585733247483622,70,45,True,0.8205335489086499,4814.22942,5479.22529
S-B_minervini,ROOT,2025-01-31,2025-02-03,94.235,52,2025-02-24,100.21882500000001,close_below_sma20_volume,301.04730109999946,0.061374092294928406,21,14,True,0.9968216130313866,4900.22,5211.378900000001
S-B_minervini,INOD,2025-02-21,2025-02-24,62.40562499999999,159,2025-02-24,57.892138171875004,stop_7pct,-736.7717500161998,-0.07417849650349617,0,0,False,0.9958796868562011,9922.494374999998,9204.849969328126
S-B_minervini,HIMS,2025-02-07,2025-02-10,43.27322999999999,116,2025-02-25,39.840120000000006,breakeven_stop,-407.8819085999976,-0.08117514313954888,15,10,True,0.9876492383696994,5019.694679999999,4621.453920000001
S-B_minervini,BSX,2025-01-10,2025-01-13,93.91381999999999,51,2025-02-26,100.32957,close_below_sma20_volume,317.2968371100005,0.06618079552808442,44,30,True,0.8481166464155528,4789.60482,5116.80807
S-B_minervini,INFN,2024-09-13,2024-09-16,6.616499999999999,1276,2025-02-28,6.6234,delisted,-8.08971240000028,-0.0009572381823572673,165,113,False,0.8054166666666667,8442.653999999999,8451.4584
S-B_minervini,ECHO,2025-01-17,2025-01-21,27.37735,177,2025-02-28,31.178968820999998,half_at_2R,662.5220628856823,0.13658455544455528,38,27,True,0.7859748682610458,4845.79095,5518.677481317
S-B_minervini,CRAI,2025-02-21,2025-02-24,198.33695669324365,50,2025-02-28,183.9922363004048,stop_7pct,-736.3524792916251,-0.0741784965034965,4,4,False,0.915533580552122,9916.847834662183,9199.61181502024
S-B_minervini,WFC,2025-01-17,2025-01-21,74.87874768169556,129,2025-03-04,69.5675981086329,stop_7pct,-703.7718735320359,-0.0727862837162837,42,29,False,0.8467774625050669,9659.358450938727,8974.220156013644
S-B_minervini,ECHO,2025-01-17,2025-01-21,27.37735,177,2025-03-07,28.2717,close_below_sma20_volume,148.45006815000033,0.03060424354121527,45,32,True,0.7859748682610458,4845.79095,5004.0909
S-B_minervini,CWAN,2025-02-21,2025-02-24,31.171139999999998,318,2025-03-07,28.960171039800002,stop_7pct,-722.2098862542553,-0.0727862837162836,11,9,False,0.8442521631644005,9912.42252,9209.3343906564
S-B_minervini,QBTS,2025-03-14,2025-03-17,10.92091,872,2025-03-18,10.06992,stop_7pct,-760.3672837599988,-0.07976530529779291,1,1,False,0.9941275167785235,9523.033519999999,8780.97024
S-B_minervini,ODC,2025-03-07,2025-03-10,46.2282937665271,205,2025-04-04,42.32399417475729,stop_7pct,-818.5346353407749,-0.08628618302115776,25,19,False,0.7878406708595388,9476.800222138056,8676.418805825244
S-B_minervini,IBEX,2025-05-02,2025-05-05,25.303099999999997,185,2025-05-09,28.773420164999994,half_at_2R,632.0050742944741,0.1348779720279718,4,4,True,0.9434204886412345,4681.0734999999995,5323.082730524999
S-B_minervini,LINC,2025-05-09,2025-05-12,21.99485,399,2025-05-12,20.404072473750002,stop_7pct,-651.6374030407751,-0.0741784965034964,0,0,False,0.9292149292149292,8775.94515,8141.224917026251
S-B_minervini,ETON,2025-04-25,2025-04-28,16.420949999999998,284,2025-05-14,18.9525,half_at_2R,708.9141402000005,0.15185984167376843,16,12,True,0.9940400170285227,4663.5498,5382.51
S-B_minervini,NAGE,2025-05-09,2025-05-12,9.1428,520,2025-05-15,10.396735019999998,half_at_2R,641.8856521895996,0.13487797202797203,3,3,True,0.96996996996997,4754.255999999999,5406.302210399999
S-B_minervini,PRCH,2025-05-09,2025-05-12,10.476124999999998,909,2025-05-20,9.718439259374998,stop_7pct,-707.0931971398968,-0.0741784965034965,8,6,False,0.9841269841269841,9522.797624999997,8834.061286771874
S-B_minervini,RBLX,2025-05-02,2025-05-05,72.05198,65,2025-05-21,82.05711794279999,half_at_2R,640.3168749157176,0.13658455544455528,16,12,True,0.9485640805829404,4683.3787,5333.712666281999
S-B_minervini,PRVA,2025-05-09,2025-05-12,25.515489999999996,344,2025-05-22,23.646330000000003,stop_7pct,-659.9027060799972,-0.07510752937080212,10,8,False,0.7837837837837838,8777.328559999998,8134.337520000001
S-B_minervini,DAVE,2025-05-09,2025-05-12,176.91673999999998,26,2025-05-27,204.78501,half_at_2R,714.6507744999999,0.15520921955072842,15,10,True,0.9845559845559846,4599.835239999999,5324.41026
S-B_minervini,LTBR,2025-05-23,2025-05-27,15.57885,628,2025-05-29,14.45210967375,stop_7pct,-726.452367560114,-0.0741784965034964,2,2,False,0.9918454935622317,9783.5178,9075.924875115
S-B_minervini,ETON,2025-04-25,2025-04-28,16.420949999999998,285,2025-06-04,17.157,close_below_sma20_volume,200.2045342499996,0.04273627772572719,37,26,True,0.9940400170285227,4679.9707499999995,4889.745
S-B_minervini,AGX,2025-06-06,2025-06-09,242.15583161279073,41,2025-06-09,224.9797184764955,stop_7pct,-723.3731961417652,-0.0727862837162837,0,0,False,0.982433590402742,9928.38909612442,9224.168457536316
S-B_minervini,IBEX,2025-05-02,2025-05-05,25.303099999999997,186,2025-06-16,28.1295,close_below_sma20_volume,515.7719364000004,0.10948054597251744,42,29,True,0.9434204886412345,4706.3766,5232.087
S-B_minervini,DAVE,2025-05-09,2025-05-12,176.91673999999998,27,2025-06-16,210.41937,close_below_sma20_volume,894.1129350300007,0.18699311143943587,35,24,True,0.9845559845559846,4776.751979999999,5681.32299
S-B_minervini,PLTR,2025-05-16,2025-05-19,124.83971499999998,39,2025-06-16,142.17495782489996,half_at_2R,665.6608979309276,0.13658455544455528,28,19,True,0.9948542024013722,4868.748884999999,5544.823355171098
S-B_minervini,CRMD,2025-06-13,2025-06-16,14.796899999999999,677,2025-06-18,13.7267142075,stop_7pct,-743.8262683409775,-0.0741784965034965,2,2,False,0.9764655541292255,10017.5013,9292.9855184775
S-B_minervini,IMAX,2025-06-13,2025-06-16,28.972249999999995,340,2025-06-25,26.876832018749997,stop_7pct,-731.4308015113766,-0.07417849650349662,9,6,False,0.9306803594351734,9850.564999999999,9138.122886374998
S-B_minervini,PBI,2025-05-09,2025-05-12,9.290126170718816,490,2025-06-26,10.5642669750329,half_at_2R,614.6003414724819,0.13487797202797158,45,31,True,0.9377949377949378,4552.16182365222,5176.490817766121
S-B_minervini,PSIX,2025-06-20,2025-06-23,59.037225,84,2025-06-26,67.13418040875,half_at_2R,669.5458562806643,0.1348779720279718,3,3,True,0.9965753424657534,4959.1269,5639.271154335
S-B_minervini,RBLX,2025-05-02,2025-05-05,72.05198,65,2025-06-30,105.0948,end_of_test,2136.2687593,0.4556826943495569,56,39,True,0.9485640805829404,4683.3787,6831.162
S-B_minervini,NAGE,2025-05-09,2025-05-12,9.1428,521,2025-06-30,14.373975000000002,end_of_test,2713.189935225001,0.5690221561480915,49,34,True,0.96996996996997,4763.3988,7488.840975000001
S-B_minervini,PBI,2025-05-09,2025-05-12,9.290126170718816,491,2025-06-30,10.48572,end_of_test,577.3266297072387,0.12643997704498422,49,34,True,0.9377949377949378,4561.451949822938,5148.48852
S-B_minervini,TPB,2025-05-09,2025-05-12,74.1421674460483,128,2025-06-30,75.329205,end_of_test,132.80847123272179,0.01398029876329221,49,34,False,0.9652509652509652,9490.197433094183,9642.13824
S-B_minervini,PLTR,2025-05-16,2025-05-19,124.83971499999998,39,2025-06-30,137.70216,close_below_sma20_volume,491.39622187500026,0.1008278159653826,42,28,True,0.9948542024013722,4868.748884999999,5370.384239999999
S-B_minervini,TXNM,2025-05-23,2025-05-27,55.045464991212654,177,2025-06-30,54.280665,end_of_test,-154.72032345308435,-0.01586421094771273,34,24,False,0.886695278969957,9743.04730344464,9607.677705
S-B_minervini,REVG,2025-06-06,2025-06-09,45.025660697431434,224,2025-06-30,47.446506,end_of_test,521.555582435134,0.05166047655387418,21,15,False,0.9138817480719794,10085.747996224642,10628.017344
S-B_minervini,TIPT,2025-06-13,2025-06-16,22.986283991677336,428,2025-06-30,23.1370125,end_of_test,44.771030663661804,0.004546220309368021,14,10,False,0.8155755241762944,9838.1295484379,9902.64135
S-B_minervini,PSIX,2025-06-20,2025-06-23,59.037225,84,2025-06-30,64.51830000000001,end_of_test,450.03163589999986,0.09065750139327022,7,6,True,0.9965753424657534,4959.1269,5419.537200000001
S-B_minervini,CRS,2025-06-27,2025-06-30,276.6737216603951,37,2025-06-30,275.25446999999997,end_of_test,-72.93365452605394,-0.007117447329642701,0,1,False,0.9683219178082192,10236.927701434617,10184.415389999998
S-B_minervini,HWM,2025-06-27,2025-06-30,182.7199512643851,52,2025-06-30,185.438376,end_of_test,122.21385323422874,0.012849820031220371,0,1,False,0.9559075342465754,9501.437465748024,9642.795552
