flag,lag,bucket_type,bucket,rows_all,n_nn,n_true,k_nn,k_true,threshold,coverage,true_share,base,rate,lift,ci_low,ci_high,events,sufficient,passes
h1_eps_accel,0,all,ALL,393429,251913,25537,905,65,launch_300,0.6403010454236978,0.10137229916677583,0.003592510112618245,0.0025453263891608256,0.7085091786438354,0.5560705980488164,0.9026007796759478,65,False,False
h1_eps_accel,0,drawdown,0-10,304121,193385,19332,373,20,launch_300,0.6358817707425662,0.09996638829278383,0.0019287948910205032,0.0010345541071798054,0.5363733137184092,0.3472851715899632,0.8282506667767161,20,False,False
h1_eps_accel,0,drawdown,10-20,38904,24907,2924,41,3,launch_300,0.6402169442730825,0.11739671578271169,0.0016461235797165456,0.0010259917920656635,0.6232775015848654,0.21200703056576953,1.8299635940596655,3,False,False
h1_eps_accel,0,drawdown,20-30,28427,17195,2142,43,10,launch_300,0.6048826819572941,0.12457109624890957,0.0025007269555103228,0.004668534080298786,1.8668707793194796,1.0148442272471192,3.428080132518071,10,False,False
h1_eps_accel,0,drawdown,>30,21977,16426,1139,448,32,launch_300,0.747417754925604,0.06934128820163156,0.02727383416534762,0.028094820017559263,1.0301015928759563,0.7322143682573988,1.4443073050671145,32,False,False
h1_eps_accel,0,mst,0-12,297665,191940,18559,813,54,launch_300,0.6448188399711084,0.09669167448160884,0.004235698655829947,0.00290963952799181,0.6869326088594686,0.5266826845573825,0.8957552074604408,54,False,False
h1_eps_accel,0,mst,13-24,33927,18435,2497,15,2,launch_300,0.5433725351489964,0.13544887442365067,0.0008136696501220504,0.0008009611533840609,0.9843812575090108,0.26998662593763856,3.5835775137994643,2,False,False
h1_eps_accel,0,mst,>24,61837,41538,4481,77,9,launch_300,0.6717337516373693,0.10787712456064327,0.0018537243006403776,0.002008480249944209,1.083483800288085,0.570228979703773,2.056948453634687,9,False,False
h1_eps_accel,3,all,ALL,393429,249364,25664,885,89,launch_300,0.6338221127573209,0.10291782294156333,0.0035490287290867967,0.0034678927680798005,0.977138544880736,0.7943594018704738,1.2017946007227427,89,False,False
h1_eps_accel,3,drawdown,0-10,304121,190828,19460,368,42,launch_300,0.6274739330726915,0.10197664912905863,0.0019284381746913451,0.002158273381294964,1.1191820456678134,0.8282409564621432,1.5120252504174794,42,False,False
h1_eps_accel,3,drawdown,10-20,38904,24419,2924,40,9,launch_300,0.6276732469668929,0.11974282321143372,0.0016380687169826773,0.0030779753761969904,1.8790270177838577,0.9890901713277283,3.5650036202308693,9,False,False
h1_eps_accel,3,drawdown,20-30,28427,17750,1981,39,2,launch_300,0.6244063742216907,0.1116056338028169,0.002197183098591549,0.0010095911155981827,0.4594933923555832,0.12602953808883322,1.672033017618952,2,False,False
h1_eps_accel,3,drawdown,>30,21977,16367,1299,438,36,launch_300,0.7447331300905492,0.07936701900164966,0.026761165760371478,0.02771362586605081,1.0355911291087982,0.7505127202978624,1.4247418018992164,36,False,False
h1_eps_accel,3,mst,0-12,297665,190693,18449,795,72,launch_300,0.6406295667948869,0.09674712758202976,0.004169004630479357,0.0039026505501653205,0.9361108696385856,0.7436841175762418,1.1780823513935834,72,False,False
h1_eps_accel,3,mst,13-24,33927,18565,2638,15,1,launch_300,0.5472042915671884,0.1420953406948559,0.0008079719903043361,0.0003790750568612585,0.46916856204195095,0.08282365000726985,2.6538201095109524,1,False,False
h1_eps_accel,3,mst,>24,61837,40106,4577,75,16,launch_300,0.6485760952180734,0.11412257517578417,0.0018700443823866752,0.0034957395674022284,1.869335081203117,1.151284550127383,3.03268488808235,16,False,False
h1_eps_accel,6,all,ALL,393429,247299,25665,863,118,launch_300,0.6285733893536064,0.10378125265367025,0.003489702748494737,0.004597701149425287,1.3175050944979423,1.1006488285214782,1.5768516312779761,118,True,False
h1_eps_accel,6,drawdown,0-10,304121,188501,19715,374,55,launch_300,0.6198223733316673,0.10458830457132853,0.0019840743550432094,0.002789753994420492,1.4060733093643238,1.080650963842048,1.8291354625287546,55,False,False
h1_eps_accel,6,drawdown,10-20,38904,23921,2583,33,11,launch_300,0.6148725066831174,0.10798043560051837,0.001379540989089085,0.004258614014711576,3.0869789650277455,1.7249429099388316,5.516291502236617,11,False,False
h1_eps_accel,6,drawdown,20-30,28427,18683,1816,35,1,launch_300,0.6572272839202167,0.09720066370497243,0.0018733608092918695,0.0005506607929515419,0.29394273127753306,0.05189163999116084,1.6615382500788376,1,False,False
h1_eps_accel,6,drawdown,>30,21977,16194,1551,421,51,launch_300,0.7368612640487783,0.09577621341237495,0.025997282944300357,0.03288201160541586,1.2648249309693693,0.9653853644316434,1.6530493143989304,51,False,False
h1_eps_accel,6,mst,0-12,297665,189677,18679,780,106,launch_300,0.6372163337980615,0.09847793881176949,0.004112253989677188,0.005674821992612024,1.3799784757598343,1.141600273017331,1.6677895748217768,106,True,False
h1_eps_accel,6,mst,13-24,33927,19400,2548,16,1,launch_300,0.5718159577917293,0.13134020618556702,0.0008247422680412372,0.0003924646781789639,0.47586342229199374,0.08400565157018146,2.6915464380476513,1,False,False
h1_eps_accel,6,mst,>24,61837,38222,4438,67,11,launch_300,0.6181088992027427,0.11611114018104757,0.0017529171681230705,0.0024785939612438036,1.41398236398001,0.7898824626757439,2.529005410320969,11,False,False
h1_eps_accel,12,all,ALL,393429,242913,25231,818,116,launch_300,0.6174252533493972,0.1038684631946417,0.003367460778138675,0.004597518925131782,1.3652776462842746,1.138803015347639,1.636542295039213,116,True,False
h1_eps_accel,12,drawdown,0-10,304121,184151,19738,357,47,launch_300,0.6055188559816652,0.10718377852957627,0.0019386264532910492,0.002381193636639984,1.228289045884845,0.9239941032326919,1.6324783960266762,47,False,False
h1_eps_accel,12,drawdown,10-20,38904,24012,2371,25,2,launch_300,0.6172115977791487,0.09874229551890722,0.0010411460936198568,0.0008435259384226065,0.8101897933361449,0.2222125440566364,2.9491841814557413,2,False,False
h1_eps_accel,12,drawdown,20-30,28427,19139,1539,31,1,launch_300,0.6732683716185317,0.08041172475050944,0.0016197293484508071,0.000649772579597141,0.4011612064809575,0.07082048870457588,2.266711549269159,1,False,False
h1_eps_accel,12,drawdown,>30,21977,15611,1583,405,66,launch_300,0.7103335305091687,0.10140285695983602,0.025943245147652297,0.041692987997473153,1.607084532416181,1.2683568298205572,2.031343490776422,66,False,False
h1_eps_accel,12,mst,0-12,297665,186192,18846,766,113,launch_300,0.6255085414811953,0.10121809744779582,0.00411403282632981,0.00599596731401889,1.4574427495193278,1.212912243780418,1.750915200217582,113,True,False
h1_eps_accel,12,mst,13-24,33927,21707,1965,13,0,launch_300,0.639814896689952,0.09052379416777998,0.000598885152255033,0.0,0.0,0.0,3.257931110866546,0,False,False
h1_eps_accel,12,mst,>24,61837,35014,4420,39,3,launch_300,0.5662305739282306,0.12623522019763522,0.0011138401782144285,0.0006787330316742081,0.6093630351548903,0.20726198334136503,1.7900092563115142,3,False,False
h4_op_leverage,0,all,ALL,393429,363906,25063,2085,115,launch_300,0.9249597767322694,0.06887218127758267,0.005729501574582447,0.004588437138411203,0.8008440313144688,0.6674739880857314,0.9607159046751469,115,True,False
h4_op_leverage,0,drawdown,0-10,304121,280526,16945,1255,73,launch_300,0.9224157489946436,0.06040438319442761,0.004473738619593192,0.00430805547359103,0.9629653942506752,0.7662527144078612,1.2099039387366217,73,False,False
h4_op_leverage,0,drawdown,10-20,38904,36144,3555,135,3,launch_300,0.9290561381863047,0.09835657370517928,0.0037350597609561755,0.0008438818565400844,0.2259353023909986,0.07684925388803983,0.6635283722567841,3,False,False
h4_op_leverage,0,drawdown,20-30,28427,26811,3912,122,15,launch_300,0.9431526365779013,0.1459102607138861,0.004550371116332849,0.003834355828220859,0.8426468369707331,0.5109686483139037,1.3882595892869887,15,False,False
h4_op_leverage,0,drawdown,>30,21977,20425,651,573,24,launch_300,0.9293807162033034,0.031872705018359856,0.028053855569155448,0.03686635944700461,1.3141280832549198,0.8874831805851765,1.934461464744796,24,False,False
h4_op_leverage,0,mst,0-12,297665,274272,15577,1801,103,launch_300,0.9214116540406161,0.05679398553260996,0.006566474157041186,0.006612313025614688,1.006980743010212,0.8308212842682157,1.2201904688923502,103,True,False
h4_op_leverage,0,mst,13-24,33927,32029,5690,88,8,launch_300,0.9440563562943968,0.17765150332511162,0.002747510068999969,0.00140597539543058,0.5117271129573414,0.25936537190218595,1.008954912667112,8,False,False
h4_op_leverage,0,mst,>24,61837,57605,3796,196,4,launch_300,0.931562009799958,0.06589705754708793,0.0034024824234007464,0.001053740779768177,0.30969764091094815,0.12045708741022124,0.7954340233734974,4,False,False
h4_op_leverage,3,all,ALL,393429,359233,24922,2005,132,launch_300,0.9130821571363575,0.06937558631862886,0.005581335790420145,0.005296525158494503,0.9489708839209257,0.8006080687646293,1.1246538544748672,132,True,False
h4_op_leverage,3,drawdown,0-10,304121,276889,17329,1215,77,launch_300,0.9104566932240786,0.06258464583280665,0.00438803997269664,0.004443418546944428,1.0126203440698731,0.8106163476403753,1.2646829858853135,77,False,False
h4_op_leverage,3,drawdown,10-20,38904,35761,3903,130,6,launch_300,0.9192113921447667,0.109141243253824,0.0036352450994099716,0.0015372790161414297,0.42288180689410515,0.19386127548662097,0.9215516915756067,6,False,False
h4_op_leverage,3,drawdown,20-30,28427,26567,2788,116,14,launch_300,0.9345692475463467,0.10494222155305453,0.0043663191177024125,0.005021520803443328,1.1500581309058526,0.6856145568802754,1.9264669947506976,14,False,False
h4_op_leverage,3,drawdown,>30,21977,20016,902,544,35,launch_300,0.9107703508213132,0.04506394884092726,0.02717825739408473,0.038802660753880266,1.4277096647971828,1.031370019702744,1.9679752836842759,35,False,False
h4_op_leverage,3,mst,0-12,297665,270478,15318,1735,120,launch_300,0.9086657820032586,0.05663307182099838,0.006414569761681171,0.007833920877399139,1.221269885347069,1.0220339502521147,1.4589791139592283,120,True,False
h4_op_leverage,3,mst,13-24,33927,31811,5461,83,9,launch_300,0.9376307955315825,0.17167017698280468,0.002609160353336896,0.0016480498077275224,0.6316399088387978,0.3324075072855111,1.1993968674390365,9,False,False
h4_op_leverage,3,mst,>24,61837,56944,4143,187,3,launch_300,0.9208726167181461,0.07275568980050576,0.003283928069682495,0.000724112961622013,0.2205020774684701,0.0749997008904087,0.6476842573405389,3,False,False
h4_op_leverage,6,all,ALL,393429,354626,24877,1940,135,launch_300,0.9013722933489905,0.07014996080377638,0.00547055207457998,0.005426699360855409,0.9919838595580981,0.8384922337813949,1.173391963699624,135,True,False
h4_op_leverage,6,drawdown,0-10,304121,273424,18390,1183,73,launch_300,0.8990632018176976,0.06725817777517701,0.004326613611094856,0.003969548667754215,0.9174724217515033,0.7300305038534508,1.1528009362747915,73,False,False
h4_op_leverage,6,drawdown,10-20,38904,35377,3877,125,15,launch_300,0.9093409418054699,0.10959097718856885,0.0035333691381406,0.003868970853752902,1.0949806551457313,0.6639835892914706,1.8039539516329044,15,False,False
h4_op_leverage,6,drawdown,20-30,28427,26210,1516,111,9,launch_300,0.9220107644141133,0.057840518885921406,0.004235024799694773,0.005936675461741424,1.4018041788490339,0.7382332456566352,2.6551069244290266,9,False,False
h4_op_leverage,6,drawdown,>30,21977,19615,1094,521,38,launch_300,0.8925240023661101,0.055773642620443535,0.026561305123629874,0.03473491773308958,1.307726317340791,0.9566494954595359,1.7813882169060082,38,False,False
h4_op_leverage,6,mst,0-12,297665,266771,15312,1684,120,launch_300,0.8962121848386609,0.05739754321121861,0.006312530222550427,0.007836990595611285,1.2414975167350464,1.0389619182939107,1.4831433858280636,120,True,False
h4_op_leverage,6,mst,13-24,33927,31537,4633,79,9,launch_300,0.9295546320040086,0.14690680787646257,0.0025049941338744965,0.0019425857975393912,0.775485168316453,0.40812732972721205,1.4722832380193929,9,False,False
h4_op_leverage,6,mst,>24,61837,56318,4932,177,6,launch_300,0.9107492278085936,0.08757413260414078,0.003142867289321354,0.0012165450121654502,0.38708125420979556,0.17743956784853956,0.8437536691726208,6,False,False
h4_op_leverage,12,all,ALL,393429,345948,24513,1841,114,launch_300,0.8793149462800149,0.07085746990877241,0.005321609027946397,0.004650593562599437,0.8739074099913906,0.727794034576777,1.0491903769972404,114,True,False
h4_op_leverage,12,drawdown,0-10,304121,266958,19204,1133,70,launch_300,0.877801927522269,0.07193640947265113,0.004244113306212962,0.0036450739429285564,0.8588540597143174,0.6800776002488605,1.0844097405360253,70,False,False
h4_op_leverage,12,drawdown,10-20,38904,34559,2893,116,18,launch_300,0.8883148262389472,0.08371191296044446,0.0033565786047049973,0.006221914967162115,1.8536479254323754,1.1736134839297185,2.923836710510061,18,False,False
h4_op_leverage,12,drawdown,20-30,28427,25368,1313,93,9,launch_300,0.8923910366904704,0.051758120466729736,0.0036660359508041626,0.006854531607006854,1.8697393312532244,0.9848105482579252,3.539489846511788,9,False,False
h4_op_leverage,12,drawdown,>30,21977,19063,1103,499,17,launch_300,0.8674068344178004,0.05786077742223155,0.026176362587210827,0.015412511332728921,0.5887949970657543,0.36845497346900985,0.9376351798858881,17,False,False
h4_op_leverage,12,mst,0-12,297665,259990,15833,1608,87,launch_300,0.8734315421698889,0.060898496096003694,0.006184853263587061,0.005494852523211015,0.8884370071577312,0.7206722804178206,1.094989880802872,87,False,False
h4_op_leverage,12,mst,13-24,33927,30782,1598,76,13,launch_300,0.9073009697291243,0.051913455915794944,0.002468975375219284,0.008135168961201502,3.294957512680324,1.9280844629010214,5.617341510101003,13,False,False
h4_op_leverage,12,mst,>24,61837,55176,7082,157,14,launch_300,0.8922813202451607,0.12835290706104102,0.002845440046396984,0.001976842699802316,0.6947405911101439,0.41398337795761303,1.1652709913692143,14,False,False
h5_peg_lt_1,0,all,ALL,393429,171246,107386,492,382,launch_300,0.43526532106174176,0.6270861801151559,0.0028730598086962617,0.0035572607229992738,1.2381436377453934,1.1202321987216555,1.3684170409196224,382,True,False
h5_peg_lt_1,0,drawdown,0-10,304121,136153,82993,240,171,launch_300,0.4476935167252508,0.6095568955513283,0.001762722819181362,0.002060414733772728,1.1688818635306593,1.006458776587603,1.357454080585871,171,True,False
h5_peg_lt_1,0,drawdown,10-20,38904,17402,12088,28,24,launch_300,0.44730618959490026,0.6946328008274911,0.0016090104585679806,0.001985440105890139,1.2339510258107214,0.829467289214256,1.8350951601272125,24,False,False
h5_peg_lt_1,0,drawdown,20-30,28427,9354,6361,15,12,launch_300,0.329053364758856,0.6800299337181954,0.001603592046183451,0.0018864958339883666,1.1764188020751454,0.673183886176239,2.0546034233018156,12,False,False
h5_peg_lt_1,0,drawdown,>30,21977,8337,5944,209,175,launch_300,0.379351139828002,0.7129662948302746,0.025068969653352525,0.029441453566621804,1.174418174090555,1.014747884357229,1.3583346804924954,175,True,False
h5_peg_lt_1,0,mst,0-12,297665,126123,77310,435,334,launch_300,0.4237078595064922,0.6129730501177422,0.003449014057705573,0.004320269046695123,1.2526098689111012,1.1255189304481967,1.393982350248483,334,True,False
h5_peg_lt_1,0,mst,13-24,33927,13223,8562,6,4,launch_300,0.38974857782886785,0.6475081297738788,0.00045375482114497467,0.000467180565288484,1.0295881024682705,0.4004187157153215,2.6461706851238103,4,False,False
h5_peg_lt_1,0,mst,>24,61837,31900,21514,51,44,launch_300,0.5158723741449294,0.6744200626959248,0.0015987460815047021,0.0020451798828669703,1.2792399659501246,0.9532078389980537,1.7164805790324056,44,False,False
h5_peg_lt_1,3,all,ALL,393429,171353,107301,529,440,launch_300,0.43553728881195847,0.6261985491937696,0.003087194271474675,0.004100614160166261,1.3282656676502256,1.210029715182604,1.4580026432793205,440,True,False
h5_peg_lt_1,3,drawdown,0-10,304121,136276,83352,236,188,launch_300,0.4480979610089405,0.6116410813349379,0.0017317796237048342,0.0022554947691717057,1.3024144286595059,1.1292296044828765,1.5020905969243064,188,True,False
h5_peg_lt_1,3,drawdown,10-20,38904,16848,11410,27,20,launch_300,0.4330660086366441,0.6772317188983855,0.0016025641025641025,0.0017528483786152498,1.0937773882559159,0.708257665736891,1.688575200786038,20,False,False
h5_peg_lt_1,3,drawdown,20-30,28427,8868,5923,15,7,launch_300,0.31195694234354665,0.6679070816418584,0.0016914749661705007,0.0011818335303055885,0.6986999831166639,0.33852397439194065,1.4411542174072254,7,False,False
h5_peg_lt_1,3,drawdown,>30,21977,9361,6616,251,225,launch_300,0.4259453064567502,0.7067620980664459,0.026813374639461596,0.03400846432889964,1.268339580011273,1.115275601355947,1.441573523825321,225,True,False
h5_peg_lt_1,3,mst,0-12,297665,128251,78585,482,398,launch_300,0.43085683570456723,0.6127437602825709,0.003758255296255,0.005064579754406057,1.3475880043201893,1.2218147232011416,1.4862357019500787,398,True,False
h5_peg_lt_1,3,mst,13-24,33927,11810,7559,2,2,launch_300,0.3481003330680579,0.6400508044030483,0.00016934801016088062,0.00026458526260087314,1.562375975658156,0.42847755077364014,5.694064478674401,2,False,False
h5_peg_lt_1,3,mst,>24,61837,31292,21157,45,40,launch_300,0.506040073095396,0.6761153010354084,0.0014380672376326218,0.0018906272155787684,1.3147001517753514,0.9657509287578633,1.7894082871840506,40,False,False
h5_peg_lt_1,6,all,ALL,393429,170276,106518,541,431,launch_300,0.43279981902706716,0.625560854142686,0.0031771946721792853,0.004046264481120562,1.2735336983129109,1.1590447266471495,1.3992812821496907,431,True,False
h5_peg_lt_1,6,drawdown,0-10,304121,135322,82843,243,190,launch_300,0.44496105168666417,0.6121916613706566,0.0017957168826946098,0.002293494924133602,1.277202963471635,1.1082059850968107,1.4719030521683432,190,True,False
h5_peg_lt_1,6,drawdown,10-20,38904,16121,10896,27,19,launch_300,0.4143789841661526,0.6758885925190745,0.001674834067365548,0.0017437591776798826,1.0411533964213848,0.6667313072077637,1.6252699492969638,19,False,False
h5_peg_lt_1,6,drawdown,20-30,28427,8705,5776,13,8,launch_300,0.306222957047877,0.6635267087880529,0.0014933946008041355,0.0013850415512465374,0.9274451310462392,0.4700675597657521,1.8286366892433428,8,False,False
h5_peg_lt_1,6,drawdown,>30,21977,10128,7003,258,214,launch_300,0.46084542931246303,0.6914494470774092,0.0254739336492891,0.030558332143367128,1.1995922013489235,1.0511694499841098,1.3682213792118083,214,True,False
h5_peg_lt_1,6,mst,0-12,297665,129543,79472,490,396,launch_300,0.43519728553911274,0.6134796940012197,0.0037825278092988427,0.004982887054560097,1.317343138181385,1.194093374863762,1.4532440260987152,396,True,False
h5_peg_lt_1,6,mst,13-24,33927,10449,6564,1,1,launch_300,0.30798479087452474,0.6281940855584266,9.570293808019906e-05,0.00015234613040828764,1.5918647166361974,0.28100849701202,9.012365015852653,1,False,False
h5_peg_lt_1,6,mst,>24,61837,30284,20482,50,34,launch_300,0.48973915293432735,0.6763307357020208,0.0016510368511425174,0.0016599941411971487,1.005425251440289,0.71967118535775,1.404377997711518,34,False,False
h5_peg_lt_1,12,all,ALL,393429,167617,104140,523,383,launch_300,0.4260412933464488,0.6212973624393707,0.0031202085707296994,0.003677741501824467,1.1786845072874028,1.0665806676796628,1.302523066543398,383,True,False
h5_peg_lt_1,12,drawdown,0-10,304121,131755,80606,247,185,launch_300,0.4332321674596624,0.6117870289552578,0.0018746916625555006,0.002295114507604893,1.2242623965566102,1.0602517841775094,1.4135764842418834,185,True,False
h5_peg_lt_1,12,drawdown,10-20,38904,15060,9719,11,6,launch_300,0.38710672424429365,0.6453519256308101,0.0007304116865869854,0.0006173474637308365,0.8452048003442179,0.3874056595000794,1.8432588466365092,6,False,False
h5_peg_lt_1,12,drawdown,20-30,28427,10200,7127,19,16,launch_300,0.3588138037780983,0.6987254901960784,0.0018627450980392157,0.002244983864178476,1.2052018639273925,0.7421225137766763,1.9561851617604624,16,False,False
h5_peg_lt_1,12,drawdown,>30,21977,10602,6688,246,176,launch_300,0.4824134322245984,0.6308243727598566,0.02320316921335597,0.02631578947368421,1.1341463414634145,0.980160977777101,1.3115697911031219,176,True,False
h5_peg_lt_1,12,mst,0-12,297665,130959,79931,484,357,launch_300,0.4399543110543732,0.6103513313327071,0.0036958131934422224,0.004466352228797338,1.2084897139071706,1.0896912265447707,1.3401752420986512,357,True,False
h5_peg_lt_1,12,mst,13-24,33927,9581,5831,9,7,launch_300,0.2824004480207504,0.6086003548690115,0.0009393591483143722,0.0012004801920768306,1.2779778578097905,0.619189226215141,2.6359504901159343,7,False,False
h5_peg_lt_1,12,mst,>24,61837,27077,18378,30,19,launch_300,0.43787699920759415,0.6787310263323115,0.001107951397865347,0.0010338448144520623,0.9331138680306164,0.5974855941179071,1.4569715806672385,19,False,False
h5_peg_lt_05,0,all,ALL,393429,171246,72282,492,317,launch_300,0.43526532106174176,0.42209453067516906,0.0028730598086962617,0.00438560084114994,1.5264565074056151,1.3677105014097815,1.703537145183082,317,True,False
h5_peg_lt_05,0,drawdown,0-10,304121,136153,55429,240,141,launch_300,0.4476935167252508,0.40710817976834884,0.001762722819181362,0.0025437947644734705,1.443105369030652,1.2239739553241538,1.7013505700246585,141,True,False
h5_peg_lt_05,0,drawdown,10-20,38904,17402,8294,28,20,launch_300,0.44730618959490026,0.47661188369152974,0.0016090104585679806,0.0024113817217265494,1.4986737400530505,0.9705303534504662,2.3131509303805387,20,False,False
h5_peg_lt_05,0,drawdown,20-30,28427,9354,4448,15,10,launch_300,0.329053364758856,0.4755184947615993,0.001603592046183451,0.0022482014388489208,1.4019784172661869,0.7618282614215867,2.5778085822750554,10,False,False
h5_peg_lt_05,0,drawdown,>30,21977,8337,4111,209,146,launch_300,0.379351139828002,0.49310303466474753,0.025068969653352525,0.035514473364144976,1.4166706432386442,1.2077335231454354,1.66020240041492,146,True,False
h5_peg_lt_05,0,mst,0-12,297665,126123,51604,435,275,launch_300,0.4237078595064922,0.4091561412272147,0.003449014057705573,0.0053290442601348735,1.545092067174691,1.3733344181245317,1.7382013905781992,275,True,False
h5_peg_lt_05,0,mst,13-24,33927,13223,6054,6,2,launch_300,0.38974857782886785,0.45783861453527946,0.00045375482114497467,0.0003303600925008259,0.7280585838564034,0.19967022608516127,2.6530403609882374,2,False,False
h5_peg_lt_05,0,mst,>24,61837,31900,14624,51,40,launch_300,0.5158723741449294,0.45843260188087775,0.0015987460815047021,0.002735229759299781,1.7108593984639808,1.2568806732406754,2.328201288617983,40,False,False
h5_peg_lt_05,3,all,ALL,393429,171353,71951,529,365,launch_300,0.43553728881195847,0.4198992722625224,0.003087194271474675,0.005072896832566608,1.6432062210789906,1.4834047379148954,1.8201253266241801,365,True,False
h5_peg_lt_05,3,drawdown,0-10,304121,136276,55652,236,160,launch_300,0.4480979610089405,0.40837711702720947,0.0017317796237048342,0.002875008984403076,1.6601471371123457,1.4223386412461048,1.93758237815134,160,True,False
h5_peg_lt_05,3,drawdown,10-20,38904,16848,7803,27,20,launch_300,0.4330660086366441,0.46314102564102566,0.0016025641025641025,0.002563116749967961,1.5993848519800076,1.0357719579769238,2.4684711454623653,20,False,False
h5_peg_lt_05,3,drawdown,20-30,28427,8868,4000,15,6,launch_300,0.31195694234354665,0.4510599909788002,0.0016914749661705007,0.0015,0.8868,0.40653223728856497,1.9325889758772978,6,False,False
h5_peg_lt_05,3,drawdown,>30,21977,9361,4496,251,179,launch_300,0.4259453064567502,0.48029056724708896,0.026813374639461596,0.039813167259786474,1.4848249351349052,1.2859194495121398,1.7130333936749564,179,True,False
h5_peg_lt_05,3,mst,0-12,297665,128251,52343,482,327,launch_300,0.43085683570456723,0.40812937131094496,0.003758255296255,0.006247253691993198,1.662274965252738,1.4920600132111375,1.8517722223174062,327,True,False
h5_peg_lt_05,3,mst,13-24,33927,11810,5210,2,1,launch_300,0.3481003330680579,0.441151566469094,0.00016934801016088062,0.00019193857965451057,1.1333973128598849,0.20007719888870745,6.41573859951764,1,False,False
h5_peg_lt_05,3,mst,>24,61837,31292,14398,45,37,launch_300,0.506040073095396,0.4601176019429886,0.0014380672376326218,0.0025698013613001808,1.7869827599512278,1.2969134154607858,2.461579611309453,37,False,False
h5_peg_lt_05,6,all,ALL,393429,170276,71055,541,348,launch_300,0.43279981902706716,0.41729310061312225,0.0031771946721792853,0.004897614523960312,1.5414902230718415,1.3881395783824477,1.7116892906767336,348,True,False
h5_peg_lt_05,6,drawdown,0-10,304121,135322,55180,243,167,launch_300,0.44496105168666417,0.4077681382184715,0.0017957168826946098,0.0030264588619064877,1.6853764037485996,1.4486964992564697,1.9605872529276285,167,True,False
h5_peg_lt_05,6,drawdown,10-20,38904,16121,7345,27,18,launch_300,0.4143789841661526,0.45561689721481297,0.001674834067365548,0.002450646698434309,1.4632176083503516,0.9259189244156029,2.3110950055231396,18,False,False
h5_peg_lt_05,6,drawdown,20-30,28427,8705,3866,13,8,launch_300,0.306222957047877,0.4441125789775991,0.0014933946008041355,0.0020693222969477496,1.3856500457638585,0.7023845786088097,2.7308687629816117,8,False,False
h5_peg_lt_05,6,drawdown,>30,21977,10128,4664,258,155,launch_300,0.46084542931246303,0.46050552922590837,0.0254739336492891,0.03323327615780446,1.3045993059156729,1.11726033778844,1.5220970673981935,155,True,False
h5_peg_lt_05,6,mst,0-12,297665,129543,52837,490,314,launch_300,0.43519728553911274,0.40787228951004684,0.0037825278092988427,0.005942805231182694,1.571120036863469,1.4071018918054774,1.7541293447836404,314,True,False
h5_peg_lt_05,6,mst,13-24,33927,10449,4357,1,1,launch_300,0.30798479087452474,0.4169777012154273,9.570293808019906e-05,0.00022951572182694515,2.39820977736975,0.42335491453534085,13.573348342436551,1,False,False
h5_peg_lt_05,6,mst,>24,61837,30284,13861,50,33,launch_300,0.48973915293432735,0.4577004358737287,0.0016510368511425174,0.0023807806074597794,1.4419911983262392,1.0271190597399311,2.023876866948186,33,False,False
h5_peg_lt_05,12,all,ALL,393429,167617,68691,523,293,launch_300,0.4260412933464488,0.40980926755639346,0.0031202085707296994,0.004265478738117075,1.3670492345066343,1.2194895976813613,1.5323780599053227,293,True,False
h5_peg_lt_05,12,drawdown,0-10,304121,131755,53133,247,159,launch_300,0.4332321674596624,0.4032712231034875,0.0018746916625555006,0.0029924905426006437,1.5962574552240802,1.3669490432114066,1.8638980501332776,159,True,False
h5_peg_lt_05,12,drawdown,10-20,38904,15060,6570,11,4,launch_300,0.38710672424429365,0.4362549800796813,0.0007304116865869854,0.0006088280060882801,0.833540888335409,0.32418154736734384,2.1419615450940075,4,False,False
h5_peg_lt_05,12,drawdown,20-30,28427,10200,4902,19,12,launch_300,0.3588138037780983,0.48058823529411765,0.0018627450980392157,0.0024479804161566705,1.3141789602525284,0.7520804315166696,2.2945870005044435,12,False,False
h5_peg_lt_05,12,drawdown,>30,21977,10602,4086,246,118,launch_300,0.4824134322245984,0.3853989813242784,0.02320316921335597,0.02887909936368086,1.2446187457469289,1.0416738241636285,1.4857057827327338,118,True,False
h5_peg_lt_05,12,mst,0-12,297665,130959,52662,484,271,launch_300,0.4399543110543732,0.40212585618399654,0.0036958131934422224,0.005146025597204815,1.392393318562697,1.2365272340530797,1.5677921898042817,271,True,False
h5_peg_lt_05,12,mst,13-24,33927,9581,3740,9,7,launch_300,0.2824004480207504,0.39035591274397247,0.0009393591483143722,0.0018716577540106951,1.9924836601307188,0.9654814191732765,4.107709948544272,7,False,False
h5_peg_lt_05,12,mst,>24,61837,27077,12289,30,15,launch_300,0.43787699920759415,0.4538538242789083,0.001107951397865347,0.001220603792009114,1.1016762958743591,0.6677803703097185,1.8169317965067606,15,False,False
h6_compressed_multiple,0,all,ALL,393429,247975,56070,684,160,launch_300,0.6302916155138538,0.22611150317572337,0.002758342574856336,0.0028535758872837527,1.0345255565046618,0.8863332360126993,1.207412476793397,160,True,False
h6_compressed_multiple,0,drawdown,0-10,304121,193005,40563,341,75,launch_300,0.6346322680775086,0.21016553975285615,0.0017667936063832544,0.001848975667480216,1.0465148055777684,0.8350985441620087,1.3113297072733074,75,False,False
h6_compressed_multiple,0,drawdown,10-20,38904,24844,7417,25,11,launch_300,0.6385975735142916,0.29854290774432457,0.0010062791820962809,0.001483079412161251,1.4738249966293648,0.8231820693393239,2.637369988021035,11,False,False
h6_compressed_multiple,0,drawdown,20-30,28427,16161,4751,20,7,launch_300,0.5685088120448869,0.2939793329620692,0.0012375471814862942,0.0014733740265207324,1.1905598821300778,0.576861112210701,2.45516234718413,7,False,False
h6_compressed_multiple,0,drawdown,>30,21977,13965,3339,298,67,launch_300,0.6354370478227238,0.23909774436090225,0.0213390619405657,0.02006588799041629,0.9403359925710184,0.7419245480230408,1.1904386473005257,67,False,False
h6_compressed_multiple,0,mst,0-12,297665,186163,39355,614,142,launch_300,0.6254111165236087,0.21140076169808178,0.0032981849239644826,0.0036081819336805997,1.0939901845599047,0.9284778304450249,1.288881300643428,142,True,False
h6_compressed_multiple,0,mst,13-24,33927,19883,5289,9,1,launch_300,0.5860524066377811,0.2660061358949857,0.0004526479907458633,0.00018907165815844205,0.4177013087960337,0.07373625937065859,2.3644778588893898,1,False,False
h6_compressed_multiple,0,mst,>24,61837,41929,11426,61,17,launch_300,0.6780568268188948,0.272508287819886,0.0014548403253118367,0.0014878347628216348,1.0226790782024315,0.6386780051192986,1.6370079774284276,17,False,False
h6_compressed_multiple,3,all,ALL,393429,246041,56038,708,222,launch_300,0.6253758619725541,0.22775878816945144,0.0028775691856235343,0.0039615974874192515,1.3767166771216386,1.207413126163569,1.5696523823673676,222,True,False
h6_compressed_multiple,3,drawdown,0-10,304121,191726,41429,337,97,launch_300,0.6304267051601172,0.21608441212981025,0.0017577167415999916,0.0023413550894301094,1.3320434595729294,1.092236153983694,1.6243513486085124,97,False,False
h6_compressed_multiple,3,drawdown,10-20,38904,24306,7079,29,14,launch_300,0.6247686613201727,0.29124496009215833,0.0011931210400724101,0.00197768046334228,1.6575690117930155,0.9877155795324304,2.7801979934058756,14,False,False
h6_compressed_multiple,3,drawdown,20-30,28427,15578,3753,17,3,launch_300,0.5480001407112955,0.24091667736551547,0.0010912825779946077,0.0007993605115907274,0.7324963558564913,0.24914822040737425,2.1513389681119732,3,False,False
h6_compressed_multiple,3,drawdown,>30,21977,14431,3777,325,108,launch_300,0.656641033808072,0.2617282239623034,0.02252096181830781,0.028594122319301033,1.2696670128917944,1.0540897856328564,1.5277791754835361,108,True,False
h6_compressed_multiple,3,mst,0-12,297665,185874,39618,638,194,launch_300,0.6244402264290394,0.21314438813389716,0.003432432723242627,0.004896764097127569,1.426616190892617,1.23986558921679,1.6413363284454088,194,True,False
h6_compressed_multiple,3,mst,13-24,33927,18817,5025,9,2,launch_300,0.5546320040086067,0.2670457564967848,0.00047829090715842057,0.0003980099502487562,0.8321503593145384,0.2282198302413605,3.0319243020453253,2,False,False
h6_compressed_multiple,3,mst,>24,61837,41350,11395,61,26,launch_300,0.6686935006549477,0.2755743651753325,0.001475211608222491,0.0022817025010969725,1.5466950560714723,1.0558665413760264,2.2649258205537497,26,False,False
h6_compressed_multiple,6,all,ALL,393429,243598,55509,707,209,launch_300,0.619166355301719,0.22787132899284887,0.0029023226791681377,0.0037651552000576485,1.297290348548293,1.1331829305458714,1.4850610108821147,209,True,False
h6_compressed_multiple,6,drawdown,0-10,304121,189758,42065,332,111,launch_300,0.6239555966210817,0.22167708344312229,0.0017495968549415572,0.002638773326993938,1.5082179186256497,1.2527830892412184,1.8155685501541485,111,True,False
h6_compressed_multiple,6,drawdown,10-20,38904,23495,5925,29,12,launch_300,0.6039224758379601,0.25218131517344117,0.0012343051713130453,0.0020253164556962027,1.6408555216062854,0.9389695257226872,2.865548119388563,12,False,False
h6_compressed_multiple,6,drawdown,20-30,28427,15517,3421,17,3,launch_300,0.545854293453407,0.2204678739447058,0.0010955725977959657,0.0008769365682548962,0.8004367488006603,0.27226071783221517,2.3506158237796217,3,False,False
h6_compressed_multiple,6,drawdown,>30,21977,14828,4098,329,83,launch_300,0.6747053737998817,0.2763690315619099,0.02218775289991907,0.02025378233284529,0.9128361228918844,0.7377411760694699,1.1284301865859225,83,False,False
h6_compressed_multiple,6,mst,0-12,297665,185450,40206,639,175,launch_300,0.623015806359498,0.21680237260717175,0.00344567268805608,0.0043525841914142166,1.2632030333298379,1.0897017820532824,1.464189088938864,175,True,False
h6_compressed_multiple,6,mst,13-24,33927,17938,4407,10,4,launch_300,0.5287234356117546,0.24567956293901216,0.0005574757498048835,0.0009076469253460404,1.628137054685727,0.633249066938986,4.182432734205617,4,False,False
h6_compressed_multiple,6,mst,>24,61837,40210,10896,58,30,launch_300,0.6502579361870725,0.2709773688137279,0.0014424272569012683,0.0027533039647577094,1.9087991797053017,1.3375742225826868,2.7230116683806753,30,False,False
h6_compressed_multiple,12,all,ALL,393429,239336,54034,701,180,launch_300,0.6083333968772002,0.22576628672661028,0.0029289367249389978,0.003331235888514639,1.1373533132860767,0.9831007499455171,1.3157152015457847,180,True,False
h6_compressed_multiple,12,drawdown,0-10,304121,185280,40859,338,108,launch_300,0.6092311941628497,0.2205256908462867,0.00182426597582038,0.002643236496243178,1.4489315326151953,1.2004697014551375,1.7486532327683366,108,True,False
h6_compressed_multiple,12,drawdown,10-20,38904,22666,5400,22,7,launch_300,0.5826136129960929,0.23824230124415424,0.0009706167828465543,0.0012962962962962963,1.3355387205387206,0.6470883073071354,2.754486043092554,7,False,False
h6_compressed_multiple,12,drawdown,20-30,28427,16611,4072,17,7,launch_300,0.584338832799803,0.24513876346998978,0.00102341821684426,0.001719056974459725,1.6797209060441465,0.8139076231970019,3.4632961145002983,7,False,False
h6_compressed_multiple,12,drawdown,>30,21977,14779,3703,324,58,launch_300,0.6724757701233107,0.2505582245077475,0.021922998849719197,0.015662975965433434,0.714454079608459,0.5535884453173315,0.921109633474559,58,False,False
h6_compressed_multiple,12,mst,0-12,297665,184343,40664,642,152,launch_300,0.6192968605647288,0.2205887937160619,0.003482638342654725,0.0037379500295101316,1.0733098478037169,0.9159376425210229,1.2576022201534702,152,True,False
h6_compressed_multiple,12,mst,13-24,33927,17773,3399,5,2,launch_300,0.5238600524655879,0.19124514713329208,0.0002813256062566815,0.0005884083553986466,2.091556340100029,0.5736329100735017,7.6175361691401555,2,False,False
h6_compressed_multiple,12,mst,>24,61837,37220,9971,54,26,launch_300,0.6019050083283471,0.2678936055883933,0.0014508328855454057,0.002607561929595828,1.797286204065865,1.2269866203060105,2.631645393359612,26,False,False
h7_neglect,0,all,ALL,393429,392193,213992,2603,2083,launch_300,0.9968583912217961,0.5456293202581383,0.0066370383969117245,0.00973400874799058,1.4666193211297232,1.4052565187964965,1.5306341525846534,2083,True,False
h7_neglect,0,drawdown,0-10,304121,303125,159194,1644,1259,launch_300,0.9967249877515857,0.5251760824742268,0.005423505154639175,0.007908589519705517,1.4582063249152888,1.3801380676658022,1.5406533784081695,1259,True,False
h7_neglect,0,drawdown,10-20,38904,38770,22910,168,136,launch_300,0.9965556241003496,0.5909208150631932,0.00433324735620325,0.0059362723701440415,1.3699361892290742,1.1587209760303432,1.619380827845444,136,True,False
h7_neglect,0,drawdown,20-30,28427,28355,17400,137,130,launch_300,0.9974671966792135,0.6136483865279492,0.004831599365191324,0.007471264367816092,1.5463335850323014,1.303088800622563,1.8345793238076566,130,True,False
h7_neglect,0,drawdown,>30,21977,21943,14488,654,558,launch_300,0.9984529280611548,0.660256118124231,0.029804493460329033,0.03851463279955825,1.2922424885637718,1.1911459535253832,1.4015478070727418,558,True,False
h7_neglect,0,mst,0-12,297665,296747,158085,2240,1777,launch_300,0.9969159961701913,0.5327265313549926,0.007548517760920919,0.01124078818357213,1.4891384692457494,1.4218477356538382,1.5595759238656834,1777,True,False
h7_neglect,0,mst,13-24,33927,33824,19072,125,109,launch_300,0.9969640699148171,0.5638599810785241,0.003695600756859035,0.00571518456375839,1.5464832214765103,1.2827049421299341,1.86412997841611,109,True,False
h7_neglect,0,mst,>24,61837,61622,36835,238,197,launch_300,0.9965231172275498,0.5977572944727533,0.0038622569861413132,0.005348174290756074,1.3847277148948354,1.2047831119537635,1.5913826119293342,197,True,False
h7_neglect,3,all,ALL,393429,393334,216828,2597,2043,launch_300,0.9997585333058824,0.5512566927852665,0.006602531182150539,0.009422214843101444,1.427061013899293,1.3667751825840444,1.4899795401844003,2043,True,False
h7_neglect,3,drawdown,0-10,304121,304041,162019,1638,1260,launch_300,0.9997369468073563,0.5328853674339974,0.00538743130038383,0.007776865676247848,1.4435201569426568,1.366263272723173,1.525109457816484,1260,True,False
h7_neglect,3,drawdown,10-20,38904,38898,23026,168,132,launch_300,0.9998457742134484,0.5919584554475809,0.004318988122782663,0.005732650047772084,1.3273132235609435,1.1198351991572197,1.5729694216706427,132,True,False
h7_neglect,3,drawdown,20-30,28427,28421,17540,137,127,launch_300,0.9997889330566011,0.6171492910172056,0.004820379296998698,0.0072405929304446975,1.5020795012859034,1.2632384132282242,1.7856873017782793,127,True,False
h7_neglect,3,drawdown,>30,21977,21974,14243,654,524,launch_300,0.9998634936524549,0.6481751160462365,0.02976244652771457,0.036790002106297834,1.236121569241267,1.1363739774054504,1.3442621546314428,524,True,False
h7_neglect,3,mst,0-12,297665,297591,159758,2236,1736,launch_300,0.9997513983840896,0.5368374715633202,0.00751366808808062,0.01086643548366905,1.4462224517086568,1.38010987111363,1.5154656395467536,1736,True,False
h7_neglect,3,mst,13-24,33927,33921,19738,125,111,launch_300,0.9998231497037757,0.5818814303823591,0.003685032870493205,0.0056236700780220895,1.5260841017326985,1.2679151679977514,1.836463171852032,111,True,False
h7_neglect,3,mst,>24,61837,61822,37332,236,196,launch_300,0.9997574267833175,0.6038627025977807,0.0038174112775387404,0.005250187506696668,1.3753266611822093,1.1961728184994747,1.58115012995815,196,True,False
h7_neglect,6,all,ALL,393429,393143,218696,2593,1976,launch_300,0.9992730581629722,0.5562759606555375,0.006595564463821053,0.009035373303581227,1.369916608827549,1.3110822864856375,1.431365956800199,1976,True,False
h7_neglect,6,drawdown,0-10,304121,303893,164089,1634,1254,launch_300,0.9992502984009654,0.5399564978462814,0.005376892524671512,0.007642194175112286,1.4213031300228876,1.3450537457944023,1.5018398354472748,1254,True,False
h7_neglect,6,drawdown,10-20,38904,38882,22869,168,134,launch_300,0.9994345054493111,0.5881641890849236,0.004320765392726711,0.00585946040491495,1.3561163063327566,1.1456011520468532,1.605046020710583,134,True,False
h7_neglect,6,drawdown,20-30,28427,28399,18042,137,128,launch_300,0.9990150209308052,0.6353040600021127,0.004824113525124124,0.00709455714444075,1.4706447324450571,1.2376257448159556,1.7471643094766285,128,True,False
h7_neglect,6,drawdown,>30,21977,21969,13696,654,460,launch_300,0.9996359830732129,0.6234239155173199,0.02976922026491875,0.03358644859813084,1.1282273535968448,1.0311841209041785,1.2340570545365936,460,True,False
h7_neglect,6,mst,0-12,297665,297433,160889,2233,1668,launch_300,0.9992206003393076,0.540925183150491,0.0075075731341176,0.010367396155113152,1.3809250965534126,1.3165385748819551,1.4484259166093003,1668,True,False
h7_neglect,6,mst,13-24,33927,33907,20180,125,114,launch_300,0.9994104990125858,0.5951573421417407,0.0036865543987967086,0.005649157581764123,1.5323678889990089,1.276260148284589,1.8395187235630526,114,True,False
h7_neglect,6,mst,>24,61837,61803,37627,235,194,launch_300,0.9994501673755195,0.6088215782405385,0.003802404414025209,0.0051558721131102665,1.3559504859853353,1.1784690215492273,1.5600020003506303,194,True,False
h7_neglect,12,all,ALL,393429,390402,220470,2534,1895,launch_300,0.9923061085990103,0.5647255905451304,0.006490745436754934,0.008595273733387762,1.3242352233867598,1.2661747073409515,1.3849339768033833,1895,True,False
h7_neglect,12,drawdown,0-10,304121,301587,165921,1587,1212,launch_300,0.9916677901230102,0.5501596554228133,0.005262163156899999,0.0073046811434357315,1.3881517782012298,1.3124253110494377,1.4682136426218746,1212,True,False
h7_neglect,12,drawdown,10-20,38904,38621,23497,161,139,launch_300,0.9927256837343204,0.6083995753605551,0.0041687165013852565,0.005915648806230582,1.4190575934498841,1.202445735712366,1.6744167569145374,139,True,False
h7_neglect,12,drawdown,20-30,28427,28285,18701,137,133,launch_300,0.9950047490062265,0.6611631606858759,0.004843556655471098,0.007111919148708625,1.4683257892060104,1.2397198831575071,1.7387297514030768,133,True,False
h7_neglect,12,drawdown,>30,21977,21909,12351,649,411,launch_300,0.9969058561223096,0.563740928385595,0.02962252955406454,0.03327665776050522,1.1233563865561,1.0213780736235187,1.235132450264048,411,True,False
h7_neglect,12,mst,0-12,297665,295242,160835,2184,1582,launch_300,0.991859976819579,0.5447565048333232,0.007397321519296035,0.009836167500854913,1.329693115974087,1.2660569614933805,1.3964944767147673,1582,True,False
h7_neglect,12,mst,13-24,33927,33781,21090,125,120,launch_300,0.9956966427918766,0.624315443592552,0.0037003049051241824,0.005689900426742532,1.5376842105263158,1.2866225778291438,1.83740140368263,120,True,False
h7_neglect,12,mst,>24,61837,61379,38545,225,193,launch_300,0.9925934311172923,0.6279835122761857,0.0036657488717639583,0.005007134518095732,1.3659240426053243,1.186696071809461,1.572064330044589,193,True,False
h8_fcf_divergence,0,all,ALL,393429,385058,45818,2454,149,launch_300,0.9787229716162256,0.1189898664616759,0.006373065875790141,0.0032519970317342528,0.5102719939060831,0.43475004934192857,0.5988629086919676,149,True,False
h8_fcf_divergence,0,drawdown,0-10,304121,297159,36733,1523,111,launch_300,0.9771077959101805,0.12361395751096214,0.0051252023327578835,0.0030218060054991425,0.5895974069521469,0.48975645251935396,0.7097175553389653,111,True,False
h8_fcf_divergence,0,drawdown,10-20,38904,38142,4409,157,9,launch_300,0.9804133251079581,0.11559435792564626,0.00411619736773111,0.0020412792016330232,0.4959138299916355,0.2609969381655366,0.9414533423273599,9,False,False
h8_fcf_divergence,0,drawdown,20-30,28427,28084,2768,137,11,launch_300,0.987934006402364,0.09856145848169777,0.004878222475430851,0.003973988439306358,0.8146386228429179,0.45518342900968617,1.4559325296267784,11,False,False
h8_fcf_divergence,0,drawdown,>30,21977,21673,1908,637,18,launch_300,0.9861673567820903,0.08803580491856226,0.029391408665159414,0.009433962264150943,0.3209768667989692,0.2033158033352691,0.5057114947114724,18,False,False
h8_fcf_divergence,0,mst,0-12,297665,291090,35382,2115,124,launch_300,0.9779114104782222,0.12155003607131815,0.007265794084303823,0.00350460686224634,0.4823432678634927,0.40469368427827196,0.574829260364654,124,True,False
h8_fcf_divergence,0,mst,13-24,33927,33453,2933,120,3,launch_300,0.9860288265982845,0.08767524586733626,0.003587122231190028,0.0010228435049437436,0.2851431980906921,0.09699103636501032,0.8371937802298796,3,False,False
h8_fcf_divergence,0,mst,>24,61837,60515,7503,219,22,launch_300,0.9786212138363762,0.12398578864744278,0.00361893745352392,0.002932160469145675,0.8102268985860754,0.5352997974008645,1.2257275225857107,22,False,False
h8_fcf_divergence,3,all,ALL,393429,379889,45400,2366,153,launch_300,0.9655846417015522,0.11950859329962173,0.0062281350605045156,0.0033700440528634363,0.5411000275563136,0.4619899659931786,0.6337030877438711,153,True,False
h8_fcf_divergence,3,drawdown,0-10,304121,292910,36774,1468,85,launch_300,0.963136383215891,0.12554709637772696,0.005011778361954184,0.002311415674117583,0.46119670647532784,0.3730948716842389,0.5700431749719552,85,False,False
h8_fcf_divergence,3,drawdown,10-20,38904,37690,4079,152,16,launch_300,0.9687949825210775,0.10822499336694083,0.004032899973467763,0.003922530031870556,0.9726326111921135,0.5990617070764598,1.5776740534561096,16,False,False
h8_fcf_divergence,3,drawdown,20-30,28427,27907,2578,136,7,launch_300,0.981707531572097,0.09237825635145304,0.004873329272225607,0.0027152831652443757,0.5571721124446676,0.27002268642604016,1.1479734157005115,7,False,False
h8_fcf_divergence,3,drawdown,>30,21977,21382,1969,610,45,launch_300,0.9729262410702098,0.09208680198297634,0.028528668973903284,0.0228542407313357,0.8010973365859343,0.600236582825919,1.0670914615372835,45,False,False
h8_fcf_divergence,3,mst,0-12,297665,286984,35476,2039,133,launch_300,0.9641173802764853,0.12361664761798567,0.0071049257101441195,0.003749013417521705,0.5276639855880574,0.4454037983686047,0.6250488584180937,133,True,False
h8_fcf_divergence,3,mst,13-24,33927,33240,3090,116,3,launch_300,0.9797506410823238,0.09296028880866426,0.0034897713598074608,0.000970873786407767,0.27820555741546704,0.09463038409809625,0.8168859453416288,3,False,False
h8_fcf_divergence,3,mst,>24,61837,59665,6834,211,17,launch_300,0.9648753982243641,0.11453951227687924,0.0035364116316098215,0.0024875621890547263,0.7034142085779632,0.43935592670225054,1.1255420669433127,17,False,False
h8_fcf_divergence,6,all,ALL,393429,374772,45018,2263,166,launch_300,0.9525784830299749,0.12012103358842176,0.006038337976156169,0.003687413923319561,0.6106670308750856,0.524694361758866,0.7106659249932258,166,True,False
h8_fcf_divergence,6,drawdown,0-10,304121,288867,35803,1393,89,launch_300,0.9498423324926591,0.12394285259306186,0.004822288458010087,0.002485825210177918,0.5154866266966724,0.41902739986310955,0.634082531371526,89,False,False
h8_fcf_divergence,6,drawdown,10-20,38904,37190,3877,148,15,launch_300,0.9559428336417849,0.10424845388545308,0.003979564399031998,0.003868970853752902,0.9722096354802054,0.5895366646673637,1.6016916878834593,15,False,False
h8_fcf_divergence,6,drawdown,20-30,28427,27710,2974,135,8,launch_300,0.9747775002638337,0.1073258751353302,0.004871887405268856,0.0026899798251513113,0.5521432663329099,0.279909712861758,1.0877397099949788,8,False,False
h8_fcf_divergence,6,drawdown,>30,21977,21005,2364,587,54,launch_300,0.9557719433953679,0.11254463223042133,0.027945727207807664,0.02284263959390863,0.8173929210733403,0.6279855743324025,1.0622015449249362,54,False,False
h8_fcf_divergence,6,mst,0-12,297665,282816,35377,1949,146,launch_300,0.950115062234391,0.1250883966960851,0.006891406426793392,0.004126975153348221,0.5988581862336226,0.5094228383790471,0.7039185564341492,146,True,False
h8_fcf_divergence,6,mst,13-24,33927,33060,3211,111,7,launch_300,0.9744451321955965,0.09712643678160919,0.0033575317604355717,0.0021800062285892243,0.6492883415960339,0.31463665461746126,1.3382789261486931,7,False,False
h8_fcf_divergence,6,mst,>24,61837,58896,6430,203,13,launch_300,0.9524394779824377,0.10917549578918773,0.0034467535995653356,0.002021772939346812,0.5865730986983736,0.34291786893144627,1.0027548818941894,13,False,False
h8_fcf_divergence,12,all,ALL,393429,365015,43287,2109,143,launch_300,0.9277785826667582,0.11858964700080818,0.005777844746106324,0.0033035322383163537,0.5717585680270478,0.4855239343169654,0.6732497174529068,143,True,False
h8_fcf_divergence,12,drawdown,0-10,304121,281218,33619,1289,63,launch_300,0.9246911591110117,0.1195478241079874,0.004583632626645521,0.0018739403313602428,0.4088330117179711,0.31963420413300025,0.5228643643680491,63,False,False
h8_fcf_divergence,12,drawdown,10-20,38904,36432,4679,143,9,launch_300,0.9364589759407773,0.1284310496267018,0.00392512077294686,0.0019234879247702502,0.49004553898762065,0.2579035173139274,0.9303775139629462,9,False,False
h8_fcf_divergence,12,drawdown,20-30,28427,27038,2434,125,3,launch_300,0.951138002603159,0.09002145129077595,0.004623123012057105,0.0012325390304026294,0.26660312243221035,0.09068784381123479,0.7825219025012727,3,False,False
h8_fcf_divergence,12,drawdown,>30,21977,20327,2555,552,68,launch_300,0.9249215088501616,0.12569488857185024,0.027155999409652187,0.026614481409001956,0.9800589920304036,0.7750949013210825,1.2373628736770512,68,False,False
h8_fcf_divergence,12,mst,0-12,297665,274859,33975,1811,129,launch_300,0.9233836695614197,0.12360883216485544,0.006588832819736665,0.0037969094922737307,0.5762643545758506,0.4851653281970647,0.6843915751394752,129,True,False
h8_fcf_divergence,12,mst,13-24,33927,32675,3587,107,10,launch_300,0.963097238187874,0.10977811782708492,0.003274674827850038,0.0027878449958182324,0.8513349087697266,0.46265145897064763,1.5648837962261628,10,False,False
h8_fcf_divergence,12,mst,>24,61837,57481,5725,191,4,launch_300,0.9295567378753821,0.09959812807710373,0.00332283711139333,0.0006986899563318777,0.21026909622990922,0.08177932296963512,0.5402764935822887,4,False,False
h9_rs6_top_decile,0,all,ALL,393429,393051,39379,2590,482,launch_300,0.9990392167328793,0.10018801631340463,0.0065894756660077195,0.01224002641001549,1.857511436479922,1.6997721841580467,2.0296909296669194,482,True,False
h9_rs6_top_decile,0,drawdown,0-10,304121,303819,30441,1631,345,launch_300,0.99900697419777,0.10019452371313183,0.005368327853096745,0.0113333990341973,2.1111600007178355,1.9008564814988982,2.3444348474524404,345,True,True
h9_rs6_top_decile,0,drawdown,10-20,38904,38871,3895,168,40,launch_300,0.9991517581739667,0.10020323634586195,0.004321988114532685,0.010269576379974325,2.3761232349165593,1.7471013706499872,3.228432452216975,40,False,False
h9_rs6_top_decile,0,drawdown,20-30,28427,28392,2843,137,41,launch_300,0.9987687761635066,0.1001338405184559,0.004825302902225979,0.014421385860007034,2.988700637498684,2.206796005307285,4.042185325444293,41,False,False
h9_rs6_top_decile,0,drawdown,>30,21977,21969,2200,654,56,launch_300,0.9996359830732129,0.10014110792480313,0.02976922026491875,0.025454545454545455,0.8550625521267723,0.6602187490282347,1.105478376606569,56,False,False
h9_rs6_top_decile,0,mst,0-12,297665,297362,29793,2230,399,launch_300,0.9989820771672854,0.10019101297408546,0.007499276975538233,0.013392407612526433,1.7858265078368094,1.619952529429633,1.9684312374539341,399,True,False
h9_rs6_top_decile,0,mst,13-24,33927,33898,3395,125,37,launch_300,0.9991452235682495,0.10015340138061242,0.00368753318779869,0.010898379970544918,2.9554662739322533,2.1470183121733,4.063732745398349,37,False,False
h9_rs6_top_decile,0,mst,>24,61837,61791,6191,235,46,launch_300,0.9992561088021734,0.10019258468061693,0.0038031428525189754,0.007430140526570829,1.95368431181846,1.4659898813252437,2.602006716992606,46,False,False
h9_rs6_top_decile,3,all,ALL,393429,362119,34290,2235,428,launch_300,0.9204176611281832,0.09469262866626717,0.006172004230653459,0.012481773111694372,2.022320893706333,1.840581991645367,2.2217557787118043,428,True,True
h9_rs6_top_decile,3,drawdown,0-10,304121,278398,26429,1395,315,launch_300,0.9154185340703207,0.09493243485944583,0.0050108118592805985,0.011918725642286881,2.378601707069092,2.13129065446473,2.6542244880311863,315,True,True
h9_rs6_top_decile,3,drawdown,10-20,38904,36564,3451,155,48,launch_300,0.9398519432449105,0.09438245268570178,0.004239142325784925,0.013909011880614315,3.281091034856657,2.478590472386222,4.33859010194379,48,False,False
h9_rs6_top_decile,3,drawdown,20-30,28427,26790,2467,123,30,launch_300,0.9424139022760052,0.09208659947741694,0.004591265397536394,0.012160518848804215,2.6486203248736984,1.8581625543288454,3.7694673027452548,30,False,False
h9_rs6_top_decile,3,drawdown,>30,21977,20367,1943,562,35,launch_300,0.926741593484097,0.09539942063141356,0.027593656404968823,0.018013381369016986,0.6528087870867775,0.47041483039967125,0.9041348148782905,35,False,False
h9_rs6_top_decile,3,mst,0-12,297665,279698,26533,1935,363,launch_300,0.939640199553189,0.09486303084040644,0.006918176032721006,0.013681076395432104,1.9775554034364695,1.785452327302583,2.1900104524598083,363,True,False
h9_rs6_top_decile,3,mst,13-24,33927,31662,2961,110,33,launch_300,0.9332390131753471,0.09351904491188175,0.003474196197334344,0.011144883485309016,3.20790273556231,2.287373214323483,4.493060692262589,33,False,False
h9_rs6_top_decile,3,mst,>24,61837,50759,4796,190,32,launch_300,0.8208515937060336,0.09448570696822238,0.0037431785496168167,0.006672226855713094,1.7825029629954787,1.2637216421184598,2.5122414653207934,32,False,False
h9_rs6_top_decile,6,all,ALL,393429,345162,31894,2071,432,launch_300,0.877317127105526,0.09240298758264236,0.006000081121328536,0.013544867373173638,2.2574473743405887,2.0555705901238706,2.4788518344046864,432,True,True
h9_rs6_top_decile,6,drawdown,0-10,304121,263487,24336,1255,285,launch_300,0.8663887071264398,0.09236129296701545,0.0047630433380014955,0.01171104536489152,2.4587316414814118,2.1906948133397375,2.7591278954322487,285,True,True
h9_rs6_top_decile,6,drawdown,10-20,38904,35969,3295,146,45,launch_300,0.9245578860785524,0.09160666129166782,0.004059050849342489,0.013657056145675266,3.3645935102999562,2.518450730821931,4.4897868301648,45,False,False
h9_rs6_top_decile,6,drawdown,20-30,28427,25700,2417,104,31,launch_300,0.9040700742252085,0.09404669260700389,0.004046692607003891,0.012825817128671908,3.1694567327583467,2.236485069485424,4.484499229341103,31,False,False
h9_rs6_top_decile,6,drawdown,>30,21977,20006,1846,566,71,launch_300,0.9103153296628294,0.09227231830450865,0.02829151254623613,0.038461538461538464,1.3594726827942376,1.0817461337443215,1.7049545528566794,71,False,False
h9_rs6_top_decile,6,mst,0-12,297665,271774,25175,1832,370,launch_300,0.9130196697629885,0.09263211344720246,0.006740895008352528,0.014697120158887786,2.180292103745398,1.9705000115042346,2.4120519545524264,370,True,True
h9_rs6_top_decile,6,mst,13-24,33927,30989,2835,91,32,launch_300,0.9134023049488608,0.09148407499435283,0.0029365258640162636,0.011287477954144622,3.843820377153711,2.7266408841990875,5.411406403959586,32,False,False
h9_rs6_top_decile,6,mst,>24,61837,42399,3884,148,30,launch_300,0.6856574542749486,0.09160593410221939,0.003490648364348216,0.007723995880535531,2.2127682522893646,1.5515321102933717,3.152693635354181,30,False,False
h9_rs6_top_decile,12,all,ALL,393429,317257,28710,1848,401,launch_300,0.8063894629018197,0.0904944571750978,0.005824930576787904,0.013967258794845002,2.397841246469773,2.175706396937743,2.6423020311504857,401,True,True
h9_rs6_top_decile,12,drawdown,0-10,304121,239038,21535,1084,260,launch_300,0.7859963632896118,0.09009027853312025,0.004534843832361382,0.012073368934293012,2.662356054719126,2.3593476846904213,3.0037436348265545,260,True,True
h9_rs6_top_decile,12,drawdown,10-20,38904,33830,3103,119,25,launch_300,0.8695763931729386,0.09172332249482708,0.0035175879396984926,0.008056719303899453,2.290410202108559,1.5531073787543703,3.3735545699907137,25,False,False
h9_rs6_top_decile,12,drawdown,20-30,28427,24312,2157,91,13,launch_300,0.8552432546522672,0.08872161895360316,0.0037430075682790393,0.00602688919796013,1.6101728591297435,0.9419064452620556,2.7476693958212577,13,False,False
h9_rs6_top_decile,12,drawdown,>30,21977,20077,1915,554,103,launch_300,0.9135459798880647,0.09538277631120187,0.02759376400856702,0.05378590078328982,1.9492049278449632,1.6143462952672956,2.3488105281732548,103,True,False
h9_rs6_top_decile,12,mst,0-12,297665,260388,23565,1660,364,launch_300,0.874768615725732,0.09049956219180608,0.006375101771202974,0.015446636961595586,2.422963195877079,2.188079948702257,2.6826230846961634,364,True,True
h9_rs6_top_decile,12,mst,13-24,33927,29399,2735,72,15,launch_300,0.8665369764494355,0.09303037518282935,0.00244906289329569,0.005484460694698354,2.239411943936624,1.3582805832393925,3.6869642390893995,15,False,False
h9_rs6_top_decile,12,mst,>24,61837,27470,2410,116,22,launch_300,0.44423241748467746,0.08773207135056425,0.004222788496541682,0.009128630705394191,2.16175418514809,1.4294256108539816,3.2640692054895593,22,False,False
h9_rs12_top_decile,0,all,ALL,393429,389343,39007,2516,478,launch_300,0.9896143903982675,0.10018672481590782,0.0064621683194509725,0.012254210782680032,1.8963001545154974,1.7346252283360832,2.0728397800338323,478,True,False
h9_rs12_top_decile,0,drawdown,0-10,304121,300669,30122,1571,337,launch_300,0.9886492547374236,0.10018325800132372,0.005225014883476514,0.011187836133058893,2.1412065577916515,1.9255117137478317,2.380759810379501,337,True,True
h9_rs12_top_decile,0,drawdown,10-20,38904,38548,3861,161,57,launch_300,0.9908492699979436,0.10016083843519767,0.004176610978520286,0.014763014763014764,3.534687534687535,2.732503395976585,4.5678250793793875,57,False,False
h9_rs12_top_decile,0,drawdown,20-30,28427,28261,2833,137,41,launch_300,0.9941604812326309,0.10024415271929514,0.004847669933831075,0.01447229085774797,2.9854117659183603,2.204380193603827,4.037694806319343,41,False,False
h9_rs12_top_decile,0,drawdown,>30,21977,21865,2191,647,43,launch_300,0.9949037630249806,0.10020580836954036,0.02959067002058084,0.019625741670470105,0.6632408680445577,0.4934958942021002,0.889811955779519,43,False,False
h9_rs12_top_decile,0,mst,0-12,297665,294396,29496,2167,396,launch_300,0.9890178556430888,0.10019157868992785,0.007360833706979714,0.013425549227013833,1.8239169313502375,1.653897881056052,2.0111518446161845,396,True,False
h9_rs12_top_decile,0,mst,13-24,33927,33730,3381,125,47,launch_300,0.9941934152739705,0.10023717758671806,0.0037058997924696115,0.013901212658976633,3.7511032238982547,2.8252877267417276,4.974646061960662,47,False,False
h9_rs12_top_decile,0,mst,>24,61837,61217,6130,224,35,launch_300,0.9899736403771205,0.10013558325301795,0.003659114298315827,0.005709624796084829,1.5603843800978794,1.122778665037458,2.167189883860232,35,False,False
h9_rs12_top_decile,3,all,ALL,393429,358858,34670,2158,439,launch_300,0.9121289991332616,0.09661203038527774,0.0060135206683423524,0.012662244014998558,2.1056290837508587,1.9186945021362776,2.310520321937341,439,True,True
h9_rs12_top_decile,3,drawdown,0-10,304121,275744,26738,1331,318,launch_300,0.9066917444043654,0.09696675176975746,0.004826940930718347,0.011893185728177127,2.4639178102407766,2.208879194805244,2.748008541126497,318,True,True
h9_rs12_top_decile,3,drawdown,10-20,38904,36221,3486,149,45,launch_300,0.9310353691137158,0.09624251125037961,0.004113635736175147,0.012908777969018933,3.138045951784126,2.348684942145554,4.1880853080857525,45,False,False
h9_rs12_top_decile,3,drawdown,20-30,28427,26656,2471,122,29,launch_300,0.9377000738734302,0.09269957983193278,0.004576830732292917,0.011736139214892756,2.56425022059165,1.7881073462363866,3.6715764730523857,29,False,False
h9_rs12_top_decile,3,drawdown,>30,21977,20237,1975,556,47,launch_300,0.9208263184238067,0.09759351682561644,0.027474428027869743,0.02379746835443038,0.8661679264183589,0.6530829979557415,1.1465471461927215,47,False,False
h9_rs12_top_decile,3,mst,0-12,297665,277066,26782,1873,374,launch_300,0.9307980447818857,0.09666288898673962,0.006760122136963756,0.013964603091628705,2.065732365288414,1.8679132632862425,2.2841736318069366,374,True,True
h9_rs12_top_decile,3,mst,13-24,33927,31447,2987,103,37,launch_300,0.9269018775606449,0.09498521321588704,0.003275352179858174,0.012387010378305993,3.7818865569571707,2.7478522323002434,5.198349209584368,37,False,False
h9_rs12_top_decile,3,mst,>24,61837,50345,4901,182,28,launch_300,0.8141565729255947,0.09734829675240839,0.0036150561128215314,0.005713119771475209,1.5803682137083483,1.094246409929094,2.2806632792814443,28,False,False
h9_rs12_top_decile,6,all,ALL,393429,342121,32542,1994,447,launch_300,0.8695876511390873,0.09511839378465514,0.0058283472806404755,0.01373609489275398,2.356773581145378,2.1494360159916472,2.583806205579977,447,True,True
h9_rs12_top_decile,6,drawdown,0-10,304121,261023,24875,1198,298,launch_300,0.8582866687930133,0.09529811549173828,0.004589633863682511,0.011979899497487437,2.610208102281021,2.331615413016991,2.9216372038964655,298,True,True
h9_rs12_top_decile,6,drawdown,10-20,38904,35720,3353,143,39,launch_300,0.9181575159366646,0.09386898096304591,0.004003359462486002,0.011631374888159856,2.9054035734620283,2.1283023590489956,3.961706786127813,39,False,False
h9_rs12_top_decile,6,drawdown,20-30,28427,25558,2386,102,19,launch_300,0.899074823231435,0.09335628765944128,0.0039909226074027705,0.00796311818943839,1.9953075949575134,1.2788700969595785,3.108097449975811,19,False,False
h9_rs12_top_decile,6,drawdown,>30,21977,19820,1928,551,91,launch_300,0.9018519361150293,0.09727547931382442,0.027800201816347125,0.04719917012448133,1.6977995496682756,1.3884895847321967,2.0718854909758355,91,False,False
h9_rs12_top_decile,6,mst,0-12,297665,269235,25674,1760,393,launch_300,0.9044899467522215,0.09535907292885397,0.006537040132226494,0.015307314793175975,2.341627783148144,2.122738418375429,2.58270181858108,393,True,True
h9_rs12_top_decile,6,mst,13-24,33927,30829,2890,89,27,launch_300,0.9086862970495475,0.0937429044081871,0.002886892211878426,0.009342560553633217,3.236199992224252,2.226874450037545,4.696756888704489,27,False,False
h9_rs12_top_decile,6,mst,>24,61837,42057,3978,145,27,launch_300,0.6801267849345861,0.09458591910977958,0.0034477019283353544,0.006787330316742082,1.9686534560773912,1.354214941648413,2.8591158991480796,27,False,False
h9_rs12_top_decile,12,all,ALL,393429,314533,29466,1795,413,launch_300,0.7994657231673313,0.09368174404593477,0.005706873364639004,0.014016154211633748,2.456012831558662,2.231666133301567,2.7025605014987684,413,True,True
h9_rs12_top_decile,12,drawdown,0-10,304121,236870,22217,1048,259,launch_300,0.778867621768967,0.09379406425465445,0.004424367796681724,0.011657739568798668,2.6348938660890653,2.3344147072844392,2.973535696508453,259,True,True
h9_rs12_top_decile,12,drawdown,10-20,38904,33636,3080,117,34,launch_300,0.8645897594077729,0.0915685574979189,0.0034784159828754905,0.01103896103896104,3.1735597735597736,2.2741337810264732,4.423194424529301,34,False,False
h9_rs12_top_decile,12,drawdown,20-30,28427,24186,2181,89,16,launch_300,0.8508108488408908,0.09017613495410567,0.0036798147688745556,0.007336084364970197,1.9936015331592043,1.2285108688878732,3.229486341689892,16,False,False
h9_rs12_top_decile,12,drawdown,>30,21977,19841,1988,541,104,launch_300,0.9028074805478454,0.10019656267325236,0.02726677082808326,0.052313883299798795,1.918594747784303,1.5902501900035388,2.3102695749627746,104,True,False
h9_rs12_top_decile,12,mst,0-12,297665,257873,24293,1609,369,launch_300,0.866319520266071,0.09420528709868811,0.006239505493014003,0.015189560778825176,2.434417406288368,2.199921777232466,2.693482639302204,369,True,True
h9_rs12_top_decile,12,mst,13-24,33927,29311,2689,72,12,launch_300,0.8639431721048133,0.0917403022755962,0.0024564156801200913,0.004462625511342506,1.8167224494855583,1.0400037464494576,3.1690002912031896,12,False,False
h9_rs12_top_decile,12,mst,>24,61837,27349,2484,114,32,launch_300,0.44227566020343806,0.09082598998135215,0.004168342535376065,0.01288244766505636,3.0905443964177755,2.192725273028957,4.349252700578752,32,False,False
h10_sponsorship,0,all,ALL,393429,170201,8103,1181,122,launch_300,0.432609187426448,0.04760841593175128,0.006938854648327566,0.015056152042453412,2.169832458744804,1.8194867826263479,2.586411705549454,122,True,True
h10_sponsorship,0,drawdown,0-10,304121,167888,8005,1138,118,launch_300,0.5520434300821054,0.04768059658820166,0.006778328409415801,0.014740787008119925,2.1746935406144448,1.8181382845208955,2.5999252203505367,118,True,True
h10_sponsorship,0,drawdown,10-20,38904,2313,98,43,4,launch_300,0.05945404071560765,0.04236921746649373,0.018590575010808474,0.04081632653061224,2.1955386805885144,0.8598576998910932,5.394572879803157,4,False,False
h10_sponsorship,0,drawdown,20-30,28427,0,0,0,0,launch_300,0.0,,,,,,,0,False,False
h10_sponsorship,0,drawdown,>30,21977,0,0,0,0,launch_300,0.0,,,,,,,0,False,False
h10_sponsorship,0,mst,0-12,297665,163092,7755,1151,119,launch_300,0.5479045235415652,0.04754984916488853,0.007057366394427685,0.015344938749194069,2.174315161149921,1.8192738923568212,2.5973580710987894,119,True,True
h10_sponsorship,0,mst,13-24,33927,7109,348,30,3,launch_300,0.209538125976361,0.048952032634688426,0.004220002813335209,0.008620689655172414,2.0428160919540232,0.6957479343206707,5.932515015852513,3,False,False
h10_sponsorship,0,mst,>24,61837,0,0,0,0,launch_300,0.0,,,,,,,0,False,False
h10_sponsorship,3,all,ALL,393429,162716,8160,1152,124,launch_300,0.4135841536846547,0.05014872538656309,0.007079820054573613,0.015196078431372549,2.1463933142701523,1.8024154057566837,2.554814189726851,124,True,True
h10_sponsorship,3,drawdown,0-10,304121,160411,8051,1110,121,launch_300,0.527457821064642,0.0501898248873207,0.006919724956517944,0.015029188920630978,2.171934435988591,1.819925575553496,2.5907924566236535,121,True,True
h10_sponsorship,3,drawdown,10-20,38904,2305,109,42,3,launch_300,0.05924840633353897,0.0472885032537961,0.01822125813449024,0.027522935779816515,1.5104849279161205,0.516092561728121,4.2703453448543875,3,False,False
h10_sponsorship,3,drawdown,20-30,28427,0,0,0,0,launch_300,0.0,,,,,,,0,False,False
h10_sponsorship,3,drawdown,>30,21977,0,0,0,0,launch_300,0.0,,,,,,,0,False,False
h10_sponsorship,3,mst,0-12,297665,155595,7819,1122,122,launch_300,0.5227184922647943,0.0502522574632861,0.007211028632025451,0.015603018288783733,2.1637715068122145,1.8144785448327665,2.579037412732403,122,True,True
h10_sponsorship,3,mst,13-24,33927,7121,341,30,2,launch_300,0.2098918265688095,0.047886532790338436,0.004212891447830361,0.005865102639296188,1.392179863147605,0.3821363546027517,5.015419271380353,2,False,False
h10_sponsorship,3,mst,>24,61837,0,0,0,0,launch_300,0.0,,,,,,,0,False,False
h10_sponsorship,6,all,ALL,393429,154609,8018,1122,139,launch_300,0.3929781485350597,0.051859852919299655,0.007257016085738864,0.017335994013469695,2.388859802520977,2.025846006856428,2.815573525599492,139,True,True
h10_sponsorship,6,drawdown,0-10,304121,152309,7913,1081,133,launch_300,0.5008171089796496,0.05195359433782639,0.007097413810083449,0.016807784658157462,2.368156219703335,2.0008494968659374,2.801531380377204,133,True,True
h10_sponsorship,6,drawdown,10-20,38904,2300,105,41,6,launch_300,0.05911988484474604,0.04565217391304348,0.017826086956521738,0.05714285714285714,3.205574912891986,1.4837599719489796,6.681025897976834,6,False,False
h10_sponsorship,6,drawdown,20-30,28427,0,0,0,0,launch_300,0.0,,,,,,,0,False,False
h10_sponsorship,6,drawdown,>30,21977,0,0,0,0,launch_300,0.0,,,,,,,0,False,False
h10_sponsorship,6,mst,0-12,297665,147538,7611,1092,134,launch_300,0.4956511514622142,0.05158670986457726,0.00740148300776749,0.017606096439364078,2.378725509588734,2.011160186346579,2.8120488005979825,134,True,True
h10_sponsorship,6,mst,13-24,33927,7071,407,30,5,launch_300,0.20841807410027413,0.05755904398246359,0.004242681374628765,0.012285012285012284,2.8955773955773956,1.2394350078626473,6.701418544758191,5,False,False
h10_sponsorship,6,mst,>24,61837,0,0,0,0,launch_300,0.0,,,,,,,0,False,False
h10_sponsorship,12,all,ALL,393429,137584,7360,1010,120,launch_300,0.34970477519450777,0.053494592394464476,0.00734096988021863,0.016304347826086956,2.2210073181231165,1.859857704804484,2.6509018333011847,120,True,True
h10_sponsorship,12,drawdown,0-10,304121,135315,7235,973,117,launch_300,0.44493803453230785,0.05346783431253002,0.007190629272438385,0.016171389080856944,2.248953251260182,1.8789937880497019,2.6903264527588573,117,True,True
h10_sponsorship,12,drawdown,10-20,38904,2269,125,37,3,launch_300,0.0583230516142299,0.05509034817100044,0.01630674305861613,0.024,1.4717837837837837,0.5025685652472398,4.181644276654315,3,False,False
h10_sponsorship,12,drawdown,20-30,28427,0,0,0,0,launch_300,0.0,,,,,,,0,False,False
h10_sponsorship,12,drawdown,>30,21977,0,0,0,0,launch_300,0.0,,,,,,,0,False,False
h10_sponsorship,12,mst,0-12,297665,130695,6977,987,114,launch_300,0.439067407992206,0.05338383258732163,0.007551933891885688,0.016339400888634083,2.163604862350589,1.8034729156744846,2.5942224964405205,114,True,True
h10_sponsorship,12,mst,13-24,33927,6889,383,23,6,launch_300,0.20305361511480532,0.055595877485847,0.0033386558281318043,0.015665796344647518,4.692246566012033,2.1562688587381564,10.109379523962808,6,False,False
h10_sponsorship,12,mst,>24,61837,0,0,0,0,launch_300,0.0,,,,,,,0,False,False
h11_insider_cluster,0,all,ALL,393429,324130,13058,2502,196,launch_300,0.8238589427825606,0.04028630487767254,0.007719125042421251,0.0150099555827845,1.944515149099896,1.6922253731257044,2.2337610583004963,196,True,False
h11_insider_cluster,0,drawdown,0-10,304121,242153,8685,1553,87,launch_300,0.7962389969781765,0.03586575429583776,0.006413300681800349,0.01001727115716753,1.5619525193313517,1.2674946991810625,1.923966270224419,87,False,False
h11_insider_cluster,0,drawdown,10-20,38904,31573,1598,158,21,launch_300,0.8115617931318116,0.050612865422988,0.00500427580527666,0.013141426783479349,2.626039669840465,1.7207790376573247,3.9979255560124622,21,False,False
h11_insider_cluster,0,drawdown,20-30,28427,28427,1151,137,6,launch_300,1.0,0.040489675308685406,0.004819361874274457,0.005212858384013901,1.0816490896522861,0.4961702913853743,2.350146730788167,6,False,False
h11_insider_cluster,0,drawdown,>30,21977,21977,1624,654,82,launch_300,1.0,0.07389543613778041,0.029758383764845065,0.050492610837438424,1.6967524592880494,1.3731915294735895,2.091605516493093,82,False,False
h11_insider_cluster,0,mst,0-12,297665,261673,10663,2225,167,launch_300,0.8790855491912049,0.04074933218176885,0.008502978908790742,0.015661633686579763,1.8418996277161288,1.584546340965037,2.1402797589403053,167,True,False
h11_insider_cluster,0,mst,13-24,33927,33927,1047,125,6,launch_300,1.0,0.030860376691130956,0.003684381171338462,0.0057306590257879654,1.5553925501432664,0.7135473406720649,3.378055029397276,6,False,False
h11_insider_cluster,0,mst,>24,61837,28530,1348,152,23,launch_300,0.46137425813024563,0.04724851033999299,0.005327725201542236,0.017062314540059347,3.2025515383414023,2.1390191212359717,4.781252933467171,23,False,False
h11_insider_cluster,3,all,ALL,393429,316750,12826,2488,181,launch_300,0.8051007932816341,0.04049250197316496,0.007854775059194949,0.014111960081085296,1.7966090657892957,1.5546282612835192,2.0756329726329015,181,True,False
h11_insider_cluster,3,drawdown,0-10,304121,237276,8642,1543,79,launch_300,0.7802026167216338,0.03642171985367252,0.00650297543788668,0.009141402453135848,1.4057261234415175,1.128953656863907,1.7495739798826655,79,False,False
h11_insider_cluster,3,drawdown,10-20,38904,29079,1429,154,10,launch_300,0.7474552745219001,0.04914199250318099,0.00529591801643798,0.006997900629811057,1.3213763143784139,0.7185796194325988,2.423328164309351,10,False,False
h11_insider_cluster,3,drawdown,20-30,28427,28421,917,137,4,launch_300,0.9997889330566011,0.032264874564582526,0.004820379296998698,0.004362050163576881,0.9049184503577996,0.35216819843758596,2.315544981865447,4,False,False
h11_insider_cluster,3,drawdown,>30,21977,21974,1838,654,88,launch_300,0.9998634936524549,0.0836443069081642,0.02976244652771457,0.04787812840043525,1.608675830995664,1.3112123767235921,1.9695059470487615,88,False,False
h11_insider_cluster,3,mst,0-12,297665,254302,10408,2211,162,launch_300,0.8543228125577411,0.040927715865388396,0.008694386988698477,0.015564950038431976,1.7902297262204105,1.5365434872633856,2.0850304856209307,162,True,False
h11_insider_cluster,3,mst,13-24,33927,33921,1140,125,1,launch_300,0.9998231497037757,0.03360749977889803,0.003685032870493205,0.0008771929824561404,0.2380421052631579,0.04202483139248088,1.3438184613046393,1,False,False
h11_insider_cluster,3,mst,>24,61837,28527,1278,152,18,launch_300,0.46132574348690913,0.044799663476706275,0.005328285483927507,0.014084507042253521,2.643346923647146,1.6754875764932904,4.157800611905121,18,False,False
h11_insider_cluster,6,all,ALL,393429,309486,12812,2471,118,launch_300,0.7866374873229985,0.04139767226950492,0.007984206070710792,0.009210115516703091,1.1535418093089327,0.964008168620044,1.3799259108805846,118,True,False
h11_insider_cluster,6,drawdown,0-10,304121,237177,9045,1540,68,launch_300,0.7798770883957372,0.03813607558911699,0.006493041062160328,0.007517965726920951,1.157849712476578,0.9140604479188988,1.4660374320143879,68,False,False
h11_insider_cluster,6,drawdown,10-20,38904,24318,752,148,3,launch_300,0.6250771128932757,0.03092359569043507,0.006086026811415413,0.003989361702127659,0.655495255894192,0.22307669156933183,1.9163376913627346,3,False,False
h11_insider_cluster,6,drawdown,20-30,28427,26022,1269,129,3,launch_300,0.9153973335209484,0.048766428406732766,0.004957343786027208,0.002364066193853428,0.47688163175545656,0.162247053839576,1.397435203937699,3,False,False
h11_insider_cluster,6,drawdown,>30,21977,21969,1746,654,44,launch_300,0.9996359830732129,0.07947562474395739,0.02976922026491875,0.025200458190148912,0.8465273180112867,0.6323834658773615,1.1306989429778376,44,False,False
h11_insider_cluster,6,mst,0-12,297665,247056,10548,2194,108,launch_300,0.8299800110862883,0.042694773654556054,0.008880577682792564,0.010238907849829351,1.1529551584992892,0.9558136860751346,1.3902517566780568,108,True,False
h11_insider_cluster,6,mst,13-24,33927,33907,1142,125,2,launch_300,0.9994104990125858,0.03368036098740673,0.0036865543987967086,0.0017513134851138354,0.4750542907180385,0.13031267749482017,1.7260023945584244,2,False,False
h11_insider_cluster,6,mst,>24,61837,28523,1122,152,8,launch_300,0.46126105729579375,0.039336675665252605,0.005329032710444203,0.0071301247771836,1.3379772961816305,0.6787905603870957,2.628314393766577,8,False,False
h11_insider_cluster,12,all,ALL,393429,296069,13412,1975,98,launch_300,0.7525347648495663,0.04530025095501387,0.006670742293181657,0.007306889352818371,1.0953637588858645,0.8994373777003984,1.3335872402246534,98,False,False
h11_insider_cluster,12,drawdown,0-10,304121,235512,9715,1497,69,launch_300,0.7744022938238398,0.04125055198885832,0.006356364006929583,0.007102418939783839,1.1173713355687185,0.8835829378087298,1.412459611860485,69,False,False
h11_insider_cluster,12,drawdown,10-20,38904,24220,1174,141,8,launch_300,0.6225580917129344,0.04847233691164327,0.005821635012386458,0.0068143100511073255,1.170514818707939,0.5938012608612743,2.299820691188987,8,False,False
h11_insider_cluster,12,drawdown,20-30,28427,25929,1871,129,8,launch_300,0.9121257958982657,0.07215858691040919,0.004975124378109453,0.00427578834847675,0.8594334580438268,0.4358057354332186,1.6913785212666443,8,False,False
h11_insider_cluster,12,drawdown,>30,21977,10408,652,208,13,launch_300,0.47358602175001135,0.06264411990776327,0.019984627209838585,0.019938650306748466,0.9976993865030674,0.5848824859025432,1.691918823716367,13,False,False
h11_insider_cluster,12,mst,0-12,297665,233914,10800,1704,80,launch_300,0.7858297078931014,0.04617081491488325,0.007284728575459357,0.007407407407407408,1.0168405494696575,0.8176306699550325,1.2641368532628126,80,False,False
h11_insider_cluster,12,mst,13-24,33927,33783,1603,125,9,launch_300,0.9957555928906181,0.047449900837699434,0.0037000858419915343,0.0056144728633811605,1.517389893948846,0.7990620307406202,2.874579827619382,9,False,False
h11_insider_cluster,12,mst,>24,61837,28372,1009,146,9,launch_300,0.45881915358118924,0.0355632313548569,0.005145918511208233,0.008919722497522299,1.733358676025361,0.9132870626454045,3.2773231650049195,9,False,False
h13_stage2,0,all,ALL,393429,392969,9730,2587,30,launch_300,0.9988307928495358,0.02476022281655805,0.006583216487814561,0.003083247687564234,0.46834973348837633,0.3282053366032415,0.6680723357710834,30,False,False
h13_stage2,0,drawdown,0-10,304121,303755,8180,1629,23,launch_300,0.998796531643655,0.026929597866701783,0.005362874685190367,0.0028117359413202935,0.5242964093650987,0.34951407024477593,0.7861134004457118,23,False,False
h13_stage2,0,drawdown,10-20,38904,38858,633,167,5,launch_300,0.9988176023031051,0.01629008183643008,0.004297699315456277,0.007898894154818325,1.8379355034007812,0.7861226082223205,4.271128417287133,5,False,False
h13_stage2,0,drawdown,20-30,28427,28388,752,137,2,launch_300,0.9986280648679072,0.026490066225165563,0.004825982809637875,0.0026595744680851063,0.5510948905109488,0.1511929311886205,1.998519604680011,2,False,False
h13_stage2,0,drawdown,>30,21977,21968,165,654,0,launch_300,0.9995904809573645,0.007510924981791697,0.029770575382374362,0.0,0.0,0.0,0.7642401754186356,0,False,False
h13_stage2,0,mst,0-12,297665,297307,7434,2228,17,launch_300,0.9987973056960006,0.025004456672732225,0.007493937243320877,0.0022867904223836427,0.30515206468025746,0.19059392668543723,0.4883140359926315,17,False,False
h13_stage2,0,mst,13-24,33927,33892,719,125,4,launch_300,0.9989683732720253,0.02121444588693497,0.003688186002596483,0.005563282336578581,1.5084061196105703,0.5871492358425043,3.8545519917102458,4,False,False
h13_stage2,0,mst,>24,61837,61770,1577,234,9,launch_300,0.9989165062988179,0.025530192650153796,0.003788246721709568,0.0057070386810399495,1.5065118774693917,0.7933456739127827,2.853816459179948,9,False,False
h13_stage2,3,all,ALL,393429,391838,9509,2563,29,launch_300,0.9959560683121986,0.024267682052276706,0.00654096846145601,0.0030497423493532445,0.466252416186452,0.32477445586820847,0.6690905799246382,29,False,False
h13_stage2,3,drawdown,0-10,304121,302812,7825,1611,23,launch_300,0.9956957921353672,0.02584111593992312,0.005320132623541999,0.002939297124600639,0.5524856864646609,0.36831229370216123,0.8283477458502269,23,False,False
h13_stage2,3,drawdown,10-20,38904,38741,849,164,3,launch_300,0.9958101994653507,0.02191476730079244,0.004233241268939883,0.0035335689045936395,0.8347194691028182,0.28404815056016036,2.441903549974241,3,False,False
h13_stage2,3,drawdown,20-30,28427,28339,600,137,1,launch_300,0.9969043514968164,0.021172236141007092,0.00483432725219662,0.0016666666666666668,0.3447566909975669,0.06087055804221407,1.9401997608904744,1,False,False
h13_stage2,3,drawdown,>30,21977,21946,235,651,2,launch_300,0.9985894344087,0.010708101704182994,0.029663720040098422,0.00851063829787234,0.28690394483119264,0.07878429049098795,1.027996315671447,2,False,False
h13_stage2,3,mst,0-12,297665,296419,7023,2209,20,launch_300,0.9958140863050745,0.023692813213727865,0.007452288820892048,0.002847785846504343,0.3821357323834182,0.24748334650405884,0.5897281133032688,20,False,False
h13_stage2,3,mst,13-24,33927,33842,842,125,4,launch_300,0.9974946208034898,0.0248803262218545,0.003693635127947521,0.004750593824228029,1.2861567695961995,0.500568538329167,3.28963254252902,4,False,False
h13_stage2,3,mst,>24,61837,61577,1644,229,5,launch_300,0.9957953975775021,0.026698280202023483,0.0037189210257076505,0.0030413625304136255,0.8178077752632307,0.34950096386789103,1.9091518851447729,5,False,False
h13_stage2,6,all,ALL,393429,388531,9309,2503,29,launch_300,0.9875504856022307,0.023959478136879684,0.006442214392159184,0.003115264797507788,0.4835704942231316,0.3368403550064796,0.6939310045538845,29,False,False
h13_stage2,6,drawdown,0-10,304121,299985,7447,1562,21,launch_300,0.9864001499403198,0.024824574562061438,0.005206927013017317,0.0028199274875788907,0.5415723094502903,0.3543758333520984,0.8272272561407386,21,False,False
h13_stage2,6,drawdown,10-20,38904,38470,1051,160,0,launch_300,0.988844334772774,0.027319989602287497,0.004159085001299714,0.0,0.0,0.0,0.8756109858927583,0,False,False
h13_stage2,6,drawdown,20-30,28427,28239,524,137,3,launch_300,0.9933865691068351,0.018555897871737666,0.004851446580969581,0.0057251908396946565,1.1800997381177913,0.4017260026214558,3.4414009407853268,3,False,False
h13_stage2,6,drawdown,>30,21977,21837,287,644,5,launch_300,0.9936297037812258,0.013142830974950772,0.029491230480377342,0.017421602787456445,0.590738416257277,0.2530869017117924,1.3606497361235586,5,False,False
h13_stage2,6,mst,0-12,297665,293748,6801,2156,18,launch_300,0.9868409117632237,0.023152498059561256,0.007339624439996187,0.002646669607410675,0.3606001409265635,0.22819287119391063,0.5695140922954343,18,False,False
h13_stage2,6,mst,13-24,33927,33694,874,125,3,launch_300,0.9931323134966251,0.025939336380364456,0.0037098593221345046,0.003432494279176201,0.9252356979405034,0.3148447369875478,2.7070960673938687,3,False,False
h13_stage2,6,mst,>24,61837,61089,1634,222,8,launch_300,0.9879036822614292,0.026747859680138812,0.0036340421352452977,0.004895960832313341,1.3472493301134671,0.6832402893324708,2.6503466243734866,8,False,False
h13_stage2,12,all,ALL,393429,379718,9471,2331,44,launch_300,0.9651500016521405,0.02494219394392681,0.006138766136975334,0.004645760743321719,0.7567906383237394,0.5640720142056722,1.0149410866089532,44,False,False
h13_stage2,12,drawdown,0-10,304121,292590,7865,1434,31,launch_300,0.9620841704453161,0.02688061792952596,0.004901056085307085,0.003941513032422123,0.8042170837910662,0.5668665637705859,1.1403907329312821,31,False,False
h13_stage2,12,drawdown,10-20,38904,37768,847,150,4,launch_300,0.9707999177462472,0.022426392713408176,0.003971616183012074,0.004722550177095631,1.1890751672569853,0.4627824294410265,3.0414208849015547,4,False,False
h13_stage2,12,drawdown,20-30,28427,27958,378,135,1,launch_300,0.9835016005909875,0.013520280420630946,0.004828671578796766,0.0026455026455026454,0.5478737997256515,0.09674481036136018,3.0714404957281607,1,False,False
h13_stage2,12,drawdown,>30,21977,21402,381,612,8,launch_300,0.9738362833871775,0.017802074572469864,0.028595458368376788,0.02099737532808399,0.7342905666203489,0.3733900848842858,1.4296055968760428,8,False,False
h13_stage2,12,mst,0-12,297665,286668,7120,2009,40,launch_300,0.9630557841869215,0.02483709378095916,0.007008106939037493,0.0056179775280898875,0.8016398118578755,0.5891150946576277,1.0902451219663216,40,False,False
h13_stage2,12,mst,13-24,33927,33300,754,112,1,launch_300,0.9815191440445663,0.02264264264264264,0.0033633633633633636,0.001326259946949602,0.3943255020841227,0.06961954305025134,2.222140665070306,1,False,False
h13_stage2,12,mst,>24,61837,59750,1597,210,3,launch_300,0.9662499797855653,0.026728033472803347,0.003514644351464435,0.001878522229179712,0.5344843009213704,0.18183011867718807,1.5673308345474117,3,False,False
h14_vol_contraction,0,all,ALL,393429,393336,38409,2597,261,launch_300,0.9997636168152322,0.09764933797059003,0.006602497610185693,0.006795282355697883,1.0291987603622574,0.9120151250447566,1.1613230191242672,261,True,False
h14_vol_contraction,0,drawdown,0-10,304121,304043,27585,1638,164,launch_300,0.9997435231371724,0.0907272984413389,0.005387395861769552,0.005945260105129599,1.1035498889767514,0.9474544875599696,1.285183409194465,164,True,False
h14_vol_contraction,0,drawdown,10-20,38904,38898,4154,168,10,launch_300,0.9998457742134484,0.10679212298832845,0.004318988122782663,0.002407318247472316,0.5573801499415365,0.30288542612194724,1.0247624090072935,10,False,False
h14_vol_contraction,0,drawdown,20-30,28427,28421,3580,137,17,launch_300,0.9997889330566011,0.12596319622814117,0.004820379296998698,0.0047486033519553075,0.985109896831546,0.615505769914567,1.5749670538010396,17,False,False
h14_vol_contraction,0,drawdown,>30,21977,21974,3090,654,70,launch_300,0.9998634936524549,0.14062073359424776,0.02976244652771457,0.022653721682847898,0.7611511930564215,0.6037764503140399,0.9583543525137357,70,False,False
h14_vol_contraction,0,mst,0-12,297665,297593,26919,2236,224,launch_300,0.9997581173466816,0.09045575668782532,0.0075136175918116355,0.008321260076525875,1.1074904964014152,0.972108887729396,1.2615461170484015,224,True,False
h14_vol_contraction,0,mst,13-24,33927,33921,4734,125,12,launch_300,0.9998231497037757,0.13955956487131865,0.003685032870493205,0.0025348542458808617,0.6878783269961977,0.3936654399574929,1.2010018952140586,12,False,False
h14_vol_contraction,0,mst,>24,61837,61822,6756,236,25,launch_300,0.9997574267833175,0.10928148555530394,0.0038174112775387404,0.003700414446417999,0.9693517877392098,0.6569347722433232,1.4295314407504476,25,False,False
h14_vol_contraction,3,all,ALL,393429,393150,37879,2594,206,launch_300,0.9992908504456967,0.09634745008266565,0.006597990588833778,0.005438369545130548,0.8242463325628662,0.7193455582996638,0.9443488141139088,206,True,False
h14_vol_contraction,3,drawdown,0-10,304121,303899,27404,1635,135,launch_300,0.9992700273904137,0.09017469619840802,0.005380076933454865,0.004926288133119253,0.9156538454842861,0.7739453294991507,1.0831571951079366,135,True,False
h14_vol_contraction,3,drawdown,10-20,38904,38883,5181,168,14,launch_300,0.9994602097470697,0.133245891520716,0.004320654270503819,0.0027021810461300907,0.6254101524802161,0.3727114808465542,1.0486611873487912,14,False,False
h14_vol_contraction,3,drawdown,20-30,28427,28399,3334,137,12,launch_300,0.9990150209308052,0.11739849994718124,0.004824113525124124,0.003599280143971206,0.7461018745156078,0.4270570720343629,1.3019977535554064,12,False,False
h14_vol_contraction,3,drawdown,>30,21977,21969,1960,654,45,launch_300,0.9996359830732129,0.08921662342391552,0.02976922026491875,0.02295918367346939,0.7712390001872309,0.577871330581403,1.0272980513061618,45,False,False
h14_vol_contraction,3,mst,0-12,297665,297439,26925,2234,181,launch_300,0.9992407572270842,0.09052276265049304,0.007510783723721503,0.006722376973073352,0.895030028869277,0.7741191741171584,1.0346785142387893,181,True,False
h14_vol_contraction,3,mst,13-24,33927,33908,5145,125,8,launch_300,0.9994399740619565,0.15173410404624277,0.0036864456765365104,0.001554907677356657,0.4217904761904762,0.21378689209059046,0.831549917162282,8,False,False
h14_vol_contraction,3,mst,>24,61837,61803,5809,235,17,launch_300,0.9994501673755195,0.09399220102584017,0.003802404414025209,0.002926493372353245,0.7696428506023302,0.4807531747453502,1.2313151314710977,17,False,False
h14_vol_contraction,6,all,ALL,393429,392680,37743,2581,209,launch_300,0.9980962257484832,0.09611643068147092,0.006572781908933483,0.005537450653101237,0.8424820311738836,0.7359851685200388,0.9642908172677352,209,True,False
h14_vol_contraction,6,drawdown,0-10,304121,303519,28851,1626,142,launch_300,0.9980205247253561,0.09505500479376909,0.005357160507249958,0.004921839797580673,0.9187404019199805,0.7798134112670478,1.0822737088490366,142,True,False
h14_vol_contraction,6,drawdown,10-20,38904,38824,3314,166,16,launch_300,0.9979436561793131,0.08535957139913455,0.004275705749021224,0.004828002414001207,1.129170877838451,0.6955689058319121,1.830948178860767,16,False,False
h14_vol_contraction,6,drawdown,20-30,28427,28374,3661,137,13,launch_300,0.9981355753333099,0.12902657362374004,0.004828363995206879,0.0035509423654739142,0.7354338589631887,0.4300446706408344,1.256371882650143,13,False,False
h14_vol_contraction,6,drawdown,>30,21977,21963,1917,652,38,launch_300,0.9993629703781226,0.08728315803851933,0.029686290579611165,0.0198226395409494,0.6677371660090056,0.48762757714407967,0.9125431987139331,38,False,False
h14_vol_contraction,6,mst,0-12,297665,297077,27784,2223,174,launch_300,0.9980246249979003,0.09352457443693049,0.007482908471541048,0.006262597178232076,0.8369201897965138,0.721751753836252,0.9703316555455611,174,True,False
h14_vol_contraction,6,mst,13-24,33927,33881,4257,125,14,launch_300,0.9986441477289475,0.1256456421002922,0.003689383430241138,0.003288700963119568,0.8913958186516326,0.5312720313320914,1.4942818012020846,14,False,False
h14_vol_contraction,6,mst,>24,61837,61722,5702,233,21,launch_300,0.9981402720054336,0.092381970772172,0.0037749910890768285,0.0036829182742897227,0.9756097928142071,0.6384621651442597,1.4897886053168259,21,False,False
h14_vol_contraction,12,all,ALL,393429,386767,36220,2465,193,launch_300,0.9830668303556678,0.09364811372221518,0.006373346226539493,0.005328547763666483,0.8360675184219044,0.7263783010270233,0.9622186758783927,193,True,False
h14_vol_contraction,12,drawdown,0-10,304121,298509,26690,1531,127,launch_300,0.9815468185360432,0.0894110395331464,0.005128823586558529,0.0047583364556013485,0.9277637211137184,0.7801013330549015,1.1032177712453513,127,True,False
h14_vol_contraction,12,drawdown,10-20,38904,38316,3973,155,10,launch_300,0.9848858729179519,0.10369036433865748,0.0040453074433656954,0.0025169896803423106,0.6221998489806192,0.338115009605675,1.1438672862423147,10,False,False
h14_vol_contraction,12,drawdown,20-30,28427,28172,4025,137,21,launch_300,0.9910296549055475,0.1428723555303138,0.004862984523640494,0.0052173913043478265,1.0728784512853065,0.7022648695088495,1.6375169676048826,21,False,False
h14_vol_contraction,12,drawdown,>30,21977,21770,1532,642,35,launch_300,0.9905810620193839,0.07037207165824529,0.02949012402388608,0.022845953002610966,0.7746984374872908,0.5585697490719843,1.071766866897409,35,False,False
h14_vol_contraction,12,mst,0-12,297665,292337,24789,2127,150,launch_300,0.9821006836544438,0.08479597177230389,0.007275849447726425,0.0060510710395740045,0.8316652348358936,0.7090896174028103,0.9752785506998597,150,True,False
h14_vol_contraction,12,mst,13-24,33927,33592,4742,120,15,launch_300,0.9901258584608129,0.14116456299118837,0.00357227911407478,0.0031632222690847742,0.8854913538591311,0.5368952474415519,1.4592423124796372,15,False,False
h14_vol_contraction,12,mst,>24,61837,60838,6689,218,28,launch_300,0.9838446237689409,0.10994773003714783,0.0035832867615634965,0.004185976977126625,1.1681948042863746,0.808701589725804,1.6865254620669874,28,False,False
h15_near_high,0,all,ALL,393429,390561,202715,2536,533,launch_300,0.9927102475923228,0.5190354387662874,0.00649322384979555,0.0026293071553659076,0.4049309274080695,0.37202052181569106,0.4407443654150676,533,True,False
h15_near_high,0,drawdown,0-10,304121,301710,171849,1588,428,launch_300,0.9920722344067,0.5695833747638461,0.005263332339001028,0.002490558571769402,0.47319044501797625,0.4304805599349934,0.5201261404364709,428,True,False
h15_near_high,0,drawdown,10-20,38904,38645,16036,161,33,launch_300,0.9933425868805265,0.4149566567473153,0.004166127571484021,0.002057869792965827,0.49395265931158006,0.35182499556011265,0.6933299184639883,33,False,False
h15_near_high,0,drawdown,20-30,28427,28292,12427,137,33,launch_300,0.9952509937735252,0.4392407747773222,0.004842358263820161,0.0026555081676993644,0.5483915115368644,0.39062785762081237,0.7696335771502829,33,False,False
h15_near_high,0,drawdown,>30,21977,21914,2403,650,39,launch_300,0.9971333667015516,0.1096559277174409,0.02966140366888747,0.016229712858926344,0.5471660424469413,0.40102772661091934,0.7453669989531051,39,False,False
h15_near_high,0,mst,0-12,297665,295379,148627,2186,427,launch_300,0.9923202257571431,0.5031738884619421,0.007400661522992494,0.0028729638625552556,0.3882036563392996,0.35313138519807685,0.4267482022855063,427,True,False
h15_near_high,0,mst,13-24,33927,33786,20346,125,37,launch_300,0.9958440180387302,0.6022020955425325,0.0036997572959213874,0.0018185392706183032,0.49152934237687995,0.3566993899496635,0.6771962441082324,37,False,False
h15_near_high,0,mst,>24,61837,61396,33742,225,69,launch_300,0.9928683474295324,0.5495797771841814,0.003664733858883315,0.0020449291683954716,0.5580020943235927,0.44104379111732794,0.7058956483309634,69,False,False
h15_near_high,3,all,ALL,393429,386687,200751,2464,524,launch_300,0.9828634899816739,0.519156320227988,0.006372078709654061,0.0026101987038669797,0.40963064375089725,0.3760654314372086,0.44618313585839253,524,True,False
h15_near_high,3,drawdown,0-10,304121,298437,168891,1530,408,launch_300,0.9813100706626638,0.5659184350465928,0.005126710159933252,0.002415759276693252,0.471210425659153,0.4276976075599464,0.5191383143452386,408,True,False
h15_near_high,3,drawdown,10-20,38904,38310,16497,155,46,launch_300,0.9847316471314004,0.43061863743148004,0.004045941007569825,0.0027883857671091713,0.6891810241158217,0.5168839964305456,0.9186972557455276,46,False,False
h15_near_high,3,drawdown,20-30,28427,28170,12926,137,44,launch_300,0.990959299257748,0.45885694000709976,0.004863329783457579,0.0034039919542008354,0.6999303164221718,0.5216206159323307,0.9389139975634425,44,False,False
h15_near_high,3,drawdown,>30,21977,21770,2437,642,26,launch_300,0.9905810620193839,0.11194304088194763,0.02949012402388608,0.010668855149774312,0.3617772221348704,0.2472387774977736,0.5285448065086203,26,False,False
h15_near_high,3,mst,0-12,297665,292274,147545,2126,417,launch_300,0.9818890363327902,0.5048173973736972,0.00727399631852303,0.002826256396353655,0.38854245625017314,0.353040427354579,0.4276034646646829,417,True,False
h15_near_high,3,mst,13-24,33927,33585,19067,120,48,launch_300,0.989919533115218,0.5677236861694209,0.003573023671281822,0.0025174385063198197,0.7045681019562596,0.5315991143017583,0.9336287501661519,48,False,False
h15_near_high,3,mst,>24,61837,60828,34139,218,59,launch_300,0.9836829082911526,0.5612382455448149,0.0035838758466495693,0.0017282287120302293,0.48222337658428804,0.3739412668221967,0.6217907522446081,59,False,False
h15_near_high,6,all,ALL,393429,382241,199763,2386,583,launch_300,0.9715628486969695,0.5226100810745054,0.006242135197427801,0.002918458373172209,0.4675416793879792,0.4311459080595702,0.5070000998629657,583,True,False
h15_near_high,6,drawdown,0-10,304121,294712,166530,1474,397,launch_300,0.9690616563801908,0.5650601264963762,0.005001492982979994,0.0023839548429712364,0.47664864293198034,0.4320570661174617,0.5258302800994505,397,True,False
h15_near_high,6,drawdown,10-20,38904,37945,18845,152,65,launch_300,0.9753495784495168,0.49663987350112004,0.0040057978653314005,0.00344919076678164,0.8610496292469035,0.6758492983030656,1.0967761077707752,65,False,False
h15_near_high,6,drawdown,20-30,28427,28029,10726,136,47,launch_300,0.9859992260878742,0.3826750865175354,0.004852117449784152,0.004381875815774753,0.9030852738261069,0.6795009022362409,1.1998086010043068,47,False,False
h15_near_high,6,drawdown,>30,21977,21555,3662,624,74,launch_300,0.9807981071119807,0.16989097657156113,0.02894919972164231,0.020207536865101038,0.6980343864218796,0.5571029892296683,0.8737009485189189,74,False,False
h15_near_high,6,mst,0-12,297665,288716,145686,2056,468,launch_300,0.9699360018813096,0.5045996758059823,0.0071211848321533966,0.0032123882871380916,0.45110306260182936,0.4120976443265432,0.49378735910786237,468,True,False
h15_near_high,6,mst,13-24,33927,33383,18025,116,43,launch_300,0.983965573142335,0.5399454812329629,0.0034748225144534644,0.0023855755894590844,0.6865316370940743,0.5098538519386306,0.9242359554070919,43,False,False
h15_near_high,6,mst,>24,61837,60142,36052,214,72,launch_300,0.9725892265148698,0.5994479731302584,0.0035582454856838814,0.001997115277931876,0.5612640516139201,0.44581318973361717,0.7065375819585905,72,False,False
h15_near_high,12,all,ALL,393429,373183,197832,2220,645,launch_300,0.9485396348515234,0.5301206110674923,0.005948824035392823,0.0032603421084556592,0.5480649770539677,0.5074285749016447,0.5919441699233551,645,True,False
h15_near_high,12,drawdown,0-10,304121,287248,166470,1353,437,launch_300,0.9445187935065319,0.5795340611596947,0.004710215562858575,0.0026250976151859194,0.5573200589555987,0.5075159858123955,0.6119974334440769,437,True,False
h15_near_high,12,drawdown,10-20,38904,37282,19080,147,42,launch_300,0.9583076290355748,0.5117751193605493,0.003942921517085993,0.00220125786163522,0.5582809224318658,0.41315291689973827,0.7542361117160963,42,False,False
h15_near_high,12,drawdown,20-30,28427,27660,5617,134,21,launch_300,0.973018609068843,0.20307302964569776,0.004844540853217643,0.0037386505251913835,0.7717244293044303,0.5050386111448263,1.1784278632925058,21,False,False
h15_near_high,12,drawdown,>30,21977,20993,6665,586,145,launch_300,0.9552259180051872,0.3174867813080551,0.027914066593626448,0.02175543885971493,0.7793718907542585,0.6634214972330306,0.9150602650274845,145,True,False
h15_near_high,12,mst,0-12,297665,281249,149055,1903,547,launch_300,0.9448507550434213,0.5299752176896629,0.006766246279986773,0.003669786320485727,0.5423666488966318,0.4988503574508333,0.5896638069482735,547,True,False
h15_near_high,12,mst,13-24,33927,33131,13715,111,25,launch_300,0.9765378607009166,0.4139627539162718,0.0033503365428148866,0.0018228217280349982,0.5440712312750228,0.3686295780599688,0.802785871179214,25,False,False
h15_near_high,12,mst,>24,61837,58803,35062,206,73,launch_300,0.9509355240390057,0.5962620954713195,0.0035032226246960187,0.0020820261251497346,0.5943173895008731,0.4728158154068585,0.7469599228579239,73,False,False
h20_leverage_ok,0,all,ALL,393429,392069,240388,2592,1640,launch_300,0.9965432136421057,0.6131267710530545,0.0066110812127457156,0.0068223039419604975,1.0319498010109993,0.9833545061599314,1.0829292668312103,1640,True,False
h20_leverage_ok,0,drawdown,0-10,304121,302968,182467,1633,1050,launch_300,0.9962087458610224,0.6022649256687175,0.005390008185682977,0.0057544651909660375,1.0676171524657676,1.0051297248255437,1.1339654577583862,1050,True,False
h20_leverage_ok,0,drawdown,10-20,38904,38802,25700,168,112,launch_300,0.9973781616286244,0.6623369929385083,0.004329673728158343,0.004357976653696498,1.0065369649805447,0.8368709149008521,1.21041994980516,112,True,False
h20_leverage_ok,0,drawdown,20-30,28427,28360,18448,137,84,launch_300,0.9976430857987125,0.6504936530324401,0.004830747531734837,0.004553339115351257,0.9425744329296472,0.7617072286078306,1.1661456843340672,84,False,False
h20_leverage_ok,0,drawdown,>30,21977,21939,13773,654,394,launch_300,0.9982709195977613,0.6277861342814166,0.029809927526322985,0.0286066942568794,0.9596364912869683,0.8705639188407561,1.0575276509508413,394,True,False
h20_leverage_ok,0,mst,0-12,297665,296629,175883,2229,1385,launch_300,0.9965195773772529,0.5929393282517893,0.007514437226299519,0.007874552969872018,1.047923182099671,0.9943642334211652,1.104342829988141,1385,True,False
h20_leverage_ok,0,mst,13-24,33927,33856,22086,125,95,launch_300,0.9979072714946797,0.652351134215501,0.00369210775047259,0.004301367382051979,1.1650167526940143,0.9534551939041049,1.4232740167970805,95,False,False
h20_leverage_ok,0,mst,>24,61837,61584,42419,238,160,launch_300,0.995908598411954,0.6887990387113536,0.0038646401662769552,0.0037718946698413447,0.9760015182668461,0.8362434747916772,1.139013618355969,160,True,False
h20_leverage_ok,3,all,ALL,393429,389894,241355,2575,1690,launch_300,0.9910148972241497,0.6190272227836283,0.006604359133508082,0.0070021337863313375,1.0602291069855807,1.011032808822948,1.1118015741728993,1690,True,False
h20_leverage_ok,3,drawdown,0-10,304121,301170,183826,1623,1072,launch_300,0.9902966253563549,0.6103728791048245,0.005388982966430919,0.005831601623274184,1.0821339869879765,1.0194330063043888,1.1486674338443321,1072,True,False
h20_leverage_ok,3,drawdown,10-20,38904,38593,25508,167,109,launch_300,0.99200596339708,0.660948876739305,0.004327209597595419,0.0042731692018190374,0.9875114910527073,0.8189833103225649,1.1905396539729736,109,True,False
h20_leverage_ok,3,drawdown,20-30,28427,28293,17975,137,82,launch_300,0.9952861715974249,0.6353161559396318,0.0048421871134202805,0.004561891515994437,0.9421138442483985,0.7593786801878716,1.1685722469398314,82,False,False
h20_leverage_ok,3,drawdown,>30,21977,21838,14046,648,427,launch_300,0.9936752058970743,0.6431907683853832,0.02967304698232439,0.030400113911433862,1.0245026043177357,0.9330600008994898,1.124599281639228,427,True,False
h20_leverage_ok,3,mst,0-12,297665,294995,177471,2220,1444,launch_300,0.9910301849394454,0.6016068068950321,0.007525551280530178,0.008136540617903771,1.0811886484587943,1.027047722888584,1.1381589823614109,1444,True,False
h20_leverage_ok,3,mst,13-24,33927,33734,21519,125,91,launch_300,0.9943113154714535,0.6379024129957906,0.0037054603663959212,0.004228821041869975,1.141240392211534,0.9299428074690528,1.4002981268903623,91,False,False
h20_leverage_ok,3,mst,>24,61837,61165,42365,230,155,launch_300,0.989132719892621,0.6926346766941879,0.003760320444698766,0.003658680514575711,0.9729704072783625,0.8315847873912484,1.1382911230037076,155,True,False
h20_leverage_ok,6,all,ALL,393429,387402,242213,2549,1748,launch_300,0.9846808445742434,0.6252239275997543,0.006579728550704436,0.007216788529104548,1.0968216201460026,1.0467641336237434,1.1492546872930118,1748,True,False
h20_leverage_ok,6,drawdown,0-10,304121,299196,185002,1608,1106,launch_300,0.9838057878278711,0.6183304589633551,0.005374403401114988,0.0059783137479594815,1.1123678856557742,1.048888621444125,1.1796644516552868,1106,True,False
h20_leverage_ok,6,drawdown,10-20,38904,38311,25297,165,108,launch_300,0.984757351429159,0.6603064394038266,0.004306857038448487,0.004269280942404237,0.9912752859663561,0.8213961165865057,1.1961068226037936,108,True,False
h20_leverage_ok,6,drawdown,20-30,28427,28211,17560,137,87,launch_300,0.9924015900376403,0.6224522349438163,0.0048562617418737375,0.004954441913439636,1.0202172322631062,0.8275302695055108,1.2574954564472363,87,False,False
h20_leverage_ok,6,drawdown,>30,21977,21684,14354,639,447,launch_300,0.9866678800564226,0.6619627375023058,0.029468732706142777,0.03114114532534485,1.0567521052187445,0.9645011311363264,1.1575167665806319,447,True,False
h20_leverage_ok,6,mst,0-12,297665,293036,179095,2205,1502,launch_300,0.9844489610804091,0.6111706411498928,0.007524672736455589,0.008386610458136743,1.1145482005490062,1.0598041728389864,1.1720948823171058,1502,True,False
h20_leverage_ok,6,mst,13-24,33927,33628,20910,125,94,launch_300,0.9911869602381584,0.6218032591887712,0.003717140478172951,0.004495456719273075,1.2093857484457198,0.9887342703790303,1.479007332021089,94,False,False
h20_leverage_ok,6,mst,>24,61837,60738,42208,219,152,launch_300,0.9822274689910572,0.6949191609865323,0.0036056504988639733,0.003601213040181956,0.9987693042674504,0.8523185826459354,1.1702775969222232,152,True,False
h20_leverage_ok,12,all,ALL,393429,380722,241312,2457,1716,launch_300,0.9677019233457625,0.633827307063947,0.006453527770919463,0.007111125845378597,1.1018974579178797,1.051149996135426,1.1550765199748505,1716,True,False
h20_leverage_ok,12,drawdown,0-10,304121,293835,184682,1540,1086,launch_300,0.966177935755834,0.6285228104208144,0.005241036636207395,0.005880378163545987,1.1219876088867111,1.0573868773228787,1.1905103395256285,1086,True,False
h20_leverage_ok,12,drawdown,10-20,38904,37739,24510,158,111,launch_300,0.9700544931112483,0.6494607700257029,0.004186650414690373,0.004528763769889841,1.0817152905814729,0.8986447002802739,1.3018767115802685,111,True,False
h20_leverage_ok,12,drawdown,20-30,28427,27841,17528,137,91,launch_300,0.9793857951947093,0.6295750871017564,0.004920800258611401,0.005191693290734824,1.0550506051631257,0.8597799256424715,1.2943869056886035,91,False,False
h20_leverage_ok,12,drawdown,>30,21977,21307,14592,622,428,launch_300,0.9695135823815807,0.6848453559862956,0.02919228422584127,0.029331140350877194,1.0047566036272353,0.915133708119682,1.1028663082442496,428,True,False
h20_leverage_ok,12,mst,0-12,297665,287594,180667,2124,1470,launch_300,0.9661666638670989,0.6282015619241014,0.007385411378540581,0.008136516353290862,1.1017011695425292,1.04701074898947,1.1592236863361085,1470,True,False
h20_leverage_ok,12,mst,13-24,33927,33356,19601,125,100,launch_300,0.9831697468093259,0.5876304113203022,0.003747451732821681,0.0051017805214019695,1.3613999285750729,1.1198998308128407,1.6546538799958963,100,True,False
h20_leverage_ok,12,mst,>24,61837,59772,41044,208,146,launch_300,0.9666057538366997,0.6866760356019541,0.0034798902496152046,0.003557158171718156,1.0222041261535462,0.8695108402400329,1.2015991522734948,146,True,False
h21_no_dilution,0,all,ALL,393429,371223,208987,2250,728,launch_300,0.9435577956886757,0.5629688893198966,0.006061046864014353,0.003483470263700613,0.5747307918674367,0.534533442573788,0.6179396559437633,728,True,False
h21_no_dilution,0,drawdown,0-10,304121,286373,160620,1395,385,launch_300,0.9416416492119912,0.5608768983109441,0.004871269288655006,0.0023969617731291245,0.4920610278539833,0.44535133648376557,0.5436567597101243,385,True,False
h21_no_dilution,0,drawdown,10-20,38904,36871,20011,149,25,launch_300,0.9477431626567963,0.5427300588538417,0.004041116324482656,0.0012493128779171455,0.3091504370582756,0.20944586984495267,0.4562307637680505,25,False,False
h21_no_dilution,0,drawdown,20-30,28427,27423,15469,131,31,launch_300,0.9646814648045872,0.5640885388177806,0.004777011997228604,0.002004008016032064,0.4195107772797503,0.2956294667409984,0.595155825107174,31,False,False
h21_no_dilution,0,drawdown,>30,21977,20556,12887,575,287,launch_300,0.9353414933794422,0.6269215800739444,0.027972368165012647,0.022270505160239002,0.7961608766502138,0.7100429475937697,0.8924576327975241,287,True,False
h21_no_dilution,0,mst,0-12,297665,279763,163674,1937,652,launch_300,0.9398585658374347,0.585045198971987,0.006923717575233322,0.003983528232950866,0.5753452808647564,0.5329207377169305,0.6211325621555727,652,True,False
h21_no_dilution,0,mst,13-24,33927,33043,17929,111,16,launch_300,0.9739440563562944,0.5425960112580577,0.003359259147171867,0.0008924089463996877,0.2656564758187827,0.16354982814265942,0.4314174228745301,16,False,False
h21_no_dilution,0,mst,>24,61837,58417,27384,202,60,launch_300,0.9446933065963743,0.46876765325162195,0.003457897529828646,0.0021910604732690623,0.6336395033017762,0.4924209404080821,0.8152429605641609,60,False,False
h21_no_dilution,3,all,ALL,393429,366246,205182,2172,668,launch_300,0.9309074826715875,0.560230009337986,0.005930440195933881,0.0032556462067822715,0.5489720997463995,0.5089485560337856,0.5921319954951996,668,True,False
h21_no_dilution,3,drawdown,0-10,304121,282559,157664,1344,350,launch_300,0.929100588252702,0.5579861197130511,0.004756528724974253,0.0022199106961639944,0.4667081446409242,0.4203518573849926,0.5181639655251263,350,True,False
h21_no_dilution,3,drawdown,10-20,38904,36476,19412,146,20,launch_300,0.9375899650421551,0.5321855466608181,0.004002631867529334,0.0010302905419328251,0.2574032726543954,0.1666605787009644,0.39747453377211256,20,False,False
h21_no_dilution,3,drawdown,20-30,28427,27083,15646,126,28,launch_300,0.9527210046786506,0.5777055717608832,0.004652364952184027,0.0017895947846094848,0.38466345675856095,0.2662089103769554,0.5556900952954443,28,False,False
h21_no_dilution,3,drawdown,>30,21977,20128,12460,556,270,launch_300,0.9158665877963326,0.6190381558028617,0.027623211446740858,0.021669341894060994,0.784461355474208,0.6971079657854149,0.8824887726800186,270,True,False
h21_no_dilution,3,mst,0-12,297665,275701,160480,1870,605,launch_300,0.9262123528127257,0.5820798618793548,0.006782710254950109,0.003769940179461615,0.5558161911324849,0.5133272609094635,0.6018075933928105,605,True,False
h21_no_dilution,3,mst,13-24,33927,32791,18344,110,15,launch_300,0.9665163439148761,0.5594217925650331,0.0033545790003354577,0.0008177060619276058,0.2437581770606193,0.14774500543496152,0.40208200910091796,15,False,False
h21_no_dilution,3,mst,>24,61837,57754,26358,192,48,launch_300,0.9339715704190048,0.45638397340443954,0.0033244450600824187,0.001821078989301161,0.5477843538963503,0.41327478092005265,0.725967289152227,48,False,False
h21_no_dilution,6,all,ALL,393429,361409,201372,2102,658,launch_300,0.9186130153089884,0.557185902952057,0.005816125221009992,0.0032675843712134753,0.561814652719263,0.5205567376701487,0.6063309915747987,658,True,False
h21_no_dilution,6,drawdown,0-10,304121,278945,154665,1301,347,launch_300,0.9172171602750221,0.5544641416766746,0.004664001864166771,0.002243558659037274,0.4810372560685261,0.4330628988812352,0.5343129028066124,347,True,False
h21_no_dilution,6,drawdown,10-20,38904,36037,19009,141,19,launch_300,0.9263057783261361,0.5274856397591364,0.0039126453367372424,0.0009995265400599715,0.2554605526534836,0.16357410306293763,0.398882874688384,19,False,False
h21_no_dilution,6,drawdown,20-30,28427,26679,15759,121,28,launch_300,0.9385091638231259,0.5906893061958844,0.004535402376400915,0.0017767624849292468,0.3917541019456808,0.2711155998375714,0.5659352505105141,28,False,False
h21_no_dilution,6,drawdown,>30,21977,19748,11939,539,264,launch_300,0.8985757837739455,0.6045675511444197,0.027293903180068867,0.022112404724013737,0.8101591252130302,0.719001609297696,0.9125802776766457,264,True,False
h21_no_dilution,6,mst,0-12,297665,271825,157094,1808,598,launch_300,0.9131910033090891,0.5779232962383887,0.006651338177136025,0.003806638063834392,0.5723116104545263,0.528317272898744,0.6199543097050149,598,True,False
h21_no_dilution,6,mst,13-24,33927,32408,18580,108,16,launch_300,0.955227400005895,0.5733152308072081,0.0033325104912367317,0.000861141011840689,0.258406091775306,0.15908544334067962,0.41964810919557444,16,False,False
h21_no_dilution,6,mst,>24,61837,57176,25698,186,44,launch_300,0.9246244158028365,0.4494543164964321,0.0032531131943472785,0.001712195501595455,0.5263252150495792,0.3921696672322211,0.7062678512141903,44,False,False
h21_no_dilution,12,all,ALL,393429,352344,194431,1958,655,launch_300,0.8955720091808179,0.551821515337284,0.005557069227800105,0.0033688043573298497,0.6062196131149278,0.5616047986278092,0.6543657736960424,655,True,False
h21_no_dilution,12,drawdown,0-10,304121,272285,149137,1210,368,launch_300,0.8953179819874326,0.5477238922452577,0.004443873147621059,0.0024675298550996734,0.5552655922279459,0.5014151940916401,0.6148835138445754,368,True,False
h21_no_dilution,12,drawdown,10-20,38904,35216,19052,135,23,launch_300,0.9052025498663376,0.5410040890504316,0.0038334847796456157,0.0012072223388620617,0.31491512507678787,0.2098882948782482,0.4724014939106947,23,False,False
h21_no_dilution,12,drawdown,20-30,28427,25660,15259,107,28,launch_300,0.9026629612692159,0.5946609508963367,0.004169914263445051,0.0018349826332000787,0.4400528445599441,0.3045432490896878,0.6356987661835173,28,False,False
h21_no_dilution,12,drawdown,>30,21977,19183,10983,506,236,launch_300,0.8728670883196069,0.5725381848511704,0.02637752176406193,0.021487753801329328,0.8146236782033607,0.7179796994914274,0.9239532972392284,236,True,False
h21_no_dilution,12,mst,0-12,297665,264626,149805,1677,592,launch_300,0.8890060974585524,0.5661008366524831,0.006337245773280025,0.003951804011882113,0.6235838333025141,0.5754186367469976,0.6757633505430198,592,True,False
h21_no_dilution,12,mst,13-24,33927,31442,19024,103,17,launch_300,0.9267545023137914,0.6050505693022072,0.003275873036066408,0.0008936080740117746,0.27278470935027394,0.17034340489332805,0.4367440878989624,17,False,False
h21_no_dilution,12,mst,>24,61837,56276,25602,178,46,launch_300,0.9100700228018823,0.4549363849598408,0.0031629824436704814,0.001796734630107023,0.5680507755275439,0.4259912627426499,0.7573706369118085,46,False,False
ctl_pe_lt_15,0,all,ALL,393429,314852,95637,1156,509,launch_300,0.8002765429086316,0.3037522391472819,0.0036715663232248803,0.005322207932076497,1.4495742316869804,1.3292772233794266,1.580694393848711,509,True,False
ctl_pe_lt_15,0,drawdown,0-10,304121,243132,64989,597,179,launch_300,0.799458110423154,0.26729924485464684,0.0024554562953457383,0.002754312268230008,1.1217109721931295,0.9691510575362187,1.2982095270309928,179,True,False
ctl_pe_lt_15,0,drawdown,10-20,38904,32326,12334,56,15,launch_300,0.8309171293440263,0.3815504547423127,0.0017323516673884798,0.0012161504783525215,0.702022863628993,0.42553042032552324,1.157808302605303,15,False,False
ctl_pe_lt_15,0,drawdown,20-30,28427,21816,8164,49,14,launch_300,0.7674394061983326,0.37422075540887423,0.002246057939127246,0.0017148456638902498,0.7634912857842794,0.45493266542651434,1.2807275278021155,14,False,False
ctl_pe_lt_15,0,drawdown,>30,21977,17578,10150,454,301,launch_300,0.7998361923829458,0.5774263283650017,0.025827739219478896,0.029655172413793104,1.148190794470606,1.0271451064208044,1.283015739070856,301,True,False
ctl_pe_lt_15,0,mst,0-12,297665,235022,71890,1012,469,launch_300,0.7895520131691667,0.30588625745674874,0.004305979865714699,0.006523855890944498,1.5150688332031204,1.3843889906404216,1.6579956460131193,469,True,False
ctl_pe_lt_15,0,mst,13-24,33927,27103,7902,32,5,launch_300,0.7988622630942906,0.2915544404678449,0.001180681105412685,0.0006327512022272843,0.5359204948114402,0.22893804115704405,1.2539253817741005,5,False,False
ctl_pe_lt_15,0,mst,>24,61837,52727,15845,112,35,launch_300,0.8526771997347866,0.30051017505262956,0.0021241489180116447,0.002208898706216472,1.0398982328810351,0.7479530064738219,1.445446729070248,35,False,False
ctl_pe_lt_15,3,all,ALL,393429,315065,95211,1208,567,launch_300,0.8008179366543899,0.3021947852030533,0.0038341294653484203,0.005955194252764912,1.5532063553372326,1.430837270048888,1.6859727531943731,567,True,False
ctl_pe_lt_15,3,drawdown,0-10,304121,243634,65737,605,198,launch_300,0.8011087692069933,0.2698186624198593,0.0024832330462907478,0.0030120023730927786,1.2129358449026215,1.0555371069788964,1.3937239971658535,198,True,False
ctl_pe_lt_15,3,drawdown,10-20,38904,31888,11393,58,14,launch_300,0.819658646925766,0.35728173607626695,0.001818866031108881,0.0012288247169314492,0.6755993547156905,0.4025319675870017,1.1335264710452393,14,False,False
ctl_pe_lt_15,3,drawdown,20-30,28427,21236,7725,49,13,launch_300,0.7470362683364407,0.3637690713882087,0.002307402524015822,0.0016828478964401295,0.7293256720163794,0.4263506081640144,1.2469820565490612,13,False,False
ctl_pe_lt_15,3,drawdown,>30,21977,18307,10356,496,342,launch_300,0.8330072348364199,0.565685257005517,0.02709346151745234,0.03302433371958285,1.218904188315329,1.0981263240251955,1.35246417084919,342,True,False
ctl_pe_lt_15,3,mst,0-12,297665,236535,71822,1055,520,launch_300,0.7946349083701476,0.30364216712114483,0.004460227873253429,0.007240121411266742,1.6232626711032976,1.4900359788632085,1.7683068128171437,520,True,False
ctl_pe_lt_15,3,mst,13-24,33927,26040,7861,33,8,launch_300,0.7675302856132284,0.3018817204301075,0.0012672811059907835,0.001017682228724081,0.8030437950295474,0.40699099436238756,1.5837312481885484,8,False,False
ctl_pe_lt_15,3,mst,>24,61837,52490,15528,120,39,launch_300,0.848844542911202,0.2958277767193751,0.002286149742808154,0.002511591962905719,1.09861218444101,0.8039335731020697,1.500932738710775,39,False,False
ctl_pe_lt_15,6,all,ALL,393429,314193,94243,1240,478,launch_300,0.7986015265778578,0.2999525769192821,0.003946618797999956,0.005071994737009645,1.285149389036509,1.1752327642269953,1.4052889636623922,478,True,False
ctl_pe_lt_15,6,drawdown,0-10,304121,242980,65648,611,189,launch_300,0.7989583093571309,0.2701786155239114,0.0025146102559881474,0.0028789909822081404,1.144905448211021,0.9930778532356559,1.3198681073001173,189,True,False
ctl_pe_lt_15,6,drawdown,10-20,38904,31509,10210,58,11,launch_300,0.8099167180752622,0.3240344028690216,0.0018407439144371449,0.0010773751224289912,0.5852933229761221,0.32688549649458365,1.0475822162634063,11,False,False
ctl_pe_lt_15,6,drawdown,20-30,28427,20739,8553,46,18,launch_300,0.7295528898582334,0.41241139881382904,0.0022180433000626837,0.002104524728165556,0.9488203986396841,0.6003805637082651,1.4988093314278241,18,False,False
ctl_pe_lt_15,6,drawdown,>30,21977,18965,9832,525,260,launch_300,0.8629476270646586,0.518428684418666,0.027682573161086212,0.02644426362896664,0.9552675423301948,0.8472074309355602,1.0766898950238504,260,True,False
ctl_pe_lt_15,6,mst,0-12,297665,237325,71897,1094,428,launch_300,0.797288898594057,0.30294743495206994,0.004609712419677657,0.005952960485138462,1.291395198478506,1.1750101385394922,1.4192323992558418,428,True,False
ctl_pe_lt_15,6,mst,13-24,33927,24857,7554,26,12,launch_300,0.7326613022076812,0.303898298266082,0.0010459830228909362,0.0015885623510722795,1.5187267061770635,0.8690228860096226,2.652816737204763,12,False,False
ctl_pe_lt_15,6,mst,>24,61837,52011,14792,120,38,launch_300,0.8410983715251387,0.2844013766318663,0.002307204245255811,0.002568956192536506,1.1134498377501352,0.8115034357141149,1.5273486269952816,38,False,False
ctl_pe_lt_15,12,all,ALL,393429,311332,91489,1252,418,launch_300,0.7913295664529051,0.2938631428828389,0.004021430498631686,0.004568855272218518,1.1361268766855717,1.032513068098372,1.2500859547135872,418,True,False
ctl_pe_lt_15,12,drawdown,0-10,304121,239909,63388,602,202,launch_300,0.7888603549245202,0.2642168488885369,0.002509284770475472,0.003186723039061021,1.2699726537842035,1.1067114734251209,1.457229679786208,202,True,False
ctl_pe_lt_15,12,drawdown,10-20,38904,30342,9827,49,6,launch_300,0.7799198025909932,0.32387449739634827,0.001614923208753543,0.0006105627353210542,0.37807539826758013,0.1732933600343289,0.8245275624597057,6,False,False
ctl_pe_lt_15,12,drawdown,20-30,28427,21864,11191,50,23,launch_300,0.7691279417455236,0.5118459568240029,0.0022868642517380167,0.002055222947010991,0.8987078902689662,0.5990491230047483,1.347800523742377,23,False,False
ctl_pe_lt_15,12,drawdown,>30,21977,19217,7083,551,187,launch_300,0.874414160258452,0.36857990321069883,0.0286725295311443,0.026401242411407597,0.9207852548457709,0.7992470429636216,1.0602302679667908,187,True,False
ctl_pe_lt_15,12,mst,0-12,297665,237498,68932,1122,375,launch_300,0.7978700888582803,0.2902424441468981,0.00472425030947629,0.005440143909940231,1.1515359165088994,1.0409945363461122,1.2737445080069496,375,True,False
ctl_pe_lt_15,12,mst,13-24,33927,23431,8731,23,12,launch_300,0.690629881805052,0.37262600827962955,0.00098160556527677,0.0013744130111098384,1.400168315796288,0.8011564503455149,2.4459755948421518,12,False,False
ctl_pe_lt_15,12,mst,>24,61837,50403,13826,107,31,launch_300,0.8150945226967673,0.2743090689046287,0.002122889510545007,0.002242152466367713,1.056179539834877,0.7443119556595271,1.4983037149341756,31,False,False
ctl_pb_lt_15,0,all,ALL,393429,380221,91250,2393,682,launch_300,0.9664285042536265,0.2399920046499273,0.006293708132901654,0.007473972602739726,1.1875308554058928,1.1019743895534773,1.2796759891267642,682,True,False
ctl_pb_lt_15,0,drawdown,0-10,304121,293344,61545,1495,281,launch_300,0.9645634467859832,0.20980487073197338,0.005096405585251445,0.004565764887480705,0.8958794215071171,0.7972657430509033,1.0066277800861312,281,True,False
ctl_pb_lt_15,0,drawdown,10-20,38904,37837,10981,154,21,launch_300,0.9725735142915896,0.2902185691254592,0.004070090123424162,0.0019123941353246516,0.4698653045342782,0.3074164007471064,0.7179063908330579,21,False,False
ctl_pb_lt_15,0,drawdown,20-30,28427,27595,9310,116,27,launch_300,0.9707320505153552,0.3373799601377061,0.004203660083348433,0.002900107411385607,0.6899005518722915,0.47433934037949105,1.0030086520717703,27,False,False
ctl_pb_lt_15,0,drawdown,>30,21977,21445,9414,628,353,launch_300,0.9757928743686581,0.4389834460247144,0.029284215434833293,0.037497344380709584,1.2804626596247086,1.155725715629075,1.4180837439668095,353,True,False
ctl_pb_lt_15,0,mst,0-12,297665,287174,70270,2060,628,launch_300,0.964755681722742,0.2446948539909602,0.007173351347963256,0.008936957449836346,1.245855251795778,1.152524568987685,1.3466701734265827,628,True,False
ctl_pb_lt_15,0,mst,13-24,33927,32796,8782,111,15,launch_300,0.9666637191617296,0.26777655811684353,0.003384559092572265,0.0017080391710316556,0.5046563302085961,0.3059192934079837,0.8321366566319326,15,False,False
ctl_pb_lt_15,0,mst,>24,61837,60251,12198,222,39,launch_300,0.974351925222763,0.20245307131831836,0.003684586147947752,0.0031972454500737825,0.867735295551331,0.6350338071474576,1.1853345156404558,39,False,False
ctl_pb_lt_15,3,all,ALL,393429,381253,90873,2390,612,launch_300,0.9690515950781462,0.23835353426727135,0.006268803130729463,0.006734673665445182,1.0743157066828335,0.992750887103701,1.1625327817021305,612,True,False
ctl_pb_lt_15,3,drawdown,0-10,304121,294253,62392,1486,254,launch_300,0.9675523886873975,0.2120352213911158,0.005050075955045488,0.004071034748044621,0.8061333699302651,0.7130622286801938,0.9112963431353824,254,True,False
ctl_pb_lt_15,3,drawdown,10-20,38904,37886,10598,155,19,launch_300,0.9738330248817603,0.2797339386580795,0.004091221031515599,0.0017927910926589922,0.4382044086224425,0.28061821929727193,0.6840380029107465,19,False,False
ctl_pb_lt_15,3,drawdown,20-30,28427,27614,9009,114,24,launch_300,0.9714004291694516,0.3262475555877453,0.004128340696748027,0.002664002664002664,0.6452962242435926,0.4338098079183316,0.9594751618867794,24,False,False
ctl_pb_lt_15,3,drawdown,>30,21977,21500,8874,635,315,launch_300,0.9782954907403194,0.41274418604651164,0.029534883720930234,0.035496957403651115,1.2018654868952738,1.0781745140950467,1.3391668975578028,315,True,False
ctl_pb_lt_15,3,mst,0-12,297665,287988,69060,2063,565,launch_300,0.9674902994977576,0.23980165840243345,0.0071634929233162494,0.008181291630466261,1.1420813446799407,1.052039231677663,1.2397610357481545,565,True,False
ctl_pb_lt_15,3,mst,13-24,33927,32837,9610,109,16,launch_300,0.9678721961859286,0.2926576727472059,0.0033194262569662273,0.0016649323621227888,0.5015723300461102,0.308824991290517,0.8142938108776246,16,False,False
ctl_pb_lt_15,3,mst,>24,61837,60428,12203,218,31,launch_300,0.9772142891796174,0.2019428079698153,0.003607599126232872,0.0025403589281324263,0.7041688500421388,0.49626071153822754,0.9988655439560966,31,False,False
ctl_pb_lt_15,6,all,ALL,393429,380798,90366,2389,484,launch_300,0.9678950967010566,0.23730691862877432,0.0062736674037153555,0.005355996724431755,0.8537265971829902,0.781151812637703,0.9330044543026333,484,True,False
ctl_pb_lt_15,6,drawdown,0-10,304121,293921,63184,1483,243,launch_300,0.966460717937926,0.21496932849303044,0.005045573470422325,0.003845910357052418,0.7622345367870558,0.6723763688087961,0.864049057133165,243,True,False
ctl_pb_lt_15,6,drawdown,10-20,38904,37808,9515,151,17,launch_300,0.9718280896565906,0.2516663140076174,0.003993863732543377,0.0017866526537046769,0.4473494273593803,0.2793883099286194,0.7159954130963215,17,False,False
ctl_pb_lt_15,6,drawdown,20-30,28427,27532,9804,114,27,launch_300,0.9685158476096669,0.35609472613685894,0.004140636350428592,0.0027539779681762548,0.6651098370160408,0.45728602203114316,0.9670049149315146,27,False,False
ctl_pb_lt_15,6,drawdown,>30,21977,21537,7863,641,197,launch_300,0.9799790690267097,0.3650926312856944,0.029762733899800345,0.02505405061681292,0.8417926491954756,0.7332845415567071,0.96588541042185,197,True,False
ctl_pb_lt_15,6,mst,0-12,297665,287684,68345,2067,429,launch_300,0.9664690171837468,0.23756969452593818,0.007184966838614591,0.006276977101470481,0.8736264540200454,0.7949908021548835,0.9599863081635448,429,True,False
ctl_pb_lt_15,6,mst,13-24,33927,32767,9947,108,19,launch_300,0.9658089427299791,0.30356761375774405,0.0032959990234076968,0.0019101236553734793,0.5795279797742852,0.3711254136576255,0.9046080198272308,19,False,False
ctl_pb_lt_15,6,mst,>24,61837,60347,12074,214,36,launch_300,0.9759043938095315,0.20007622582729878,0.0035461580525958207,0.002981613384131191,0.8408010415521728,0.6075758967831513,1.163182320071755,36,False,False
ctl_pb_lt_15,12,all,ALL,393429,377003,88914,2291,353,launch_300,0.9582491377097265,0.23584427710124323,0.006076874719829816,0.0039701284387160625,0.6533174734968449,0.5887364300237323,0.7249513697925459,353,True,False
ctl_pb_lt_15,12,drawdown,0-10,304121,290720,63302,1403,198,launch_300,0.9559353020672693,0.2177421574023115,0.004825949367088607,0.003127863258664813,0.6481342883528399,0.5640319677484943,0.7447318397183217,198,True,False
ctl_pb_lt_15,12,drawdown,10-20,38904,37367,9825,139,13,launch_300,0.9604924943450545,0.26293253405411193,0.0037198597693151713,0.0013231552162849872,0.3557002947260512,0.20792448931114296,0.6082652916025374,13,False,False
ctl_pb_lt_15,12,drawdown,20-30,28427,27446,11144,112,30,launch_300,0.9654905547542829,0.40603366610799385,0.004080740362894411,0.0026920315865039484,0.6596919546713158,0.4622698298512881,0.9411029721190972,30,False,False
ctl_pb_lt_15,12,drawdown,>30,21977,21470,4643,637,112,launch_300,0.9769304272648678,0.21625523986958547,0.02966930600838379,0.024122334697393926,0.8130400721397922,0.6770238122426081,0.9755752783096241,112,True,False
ctl_pb_lt_15,12,mst,0-12,297665,284808,64914,1996,304,launch_300,0.9568071489761981,0.22792196848403135,0.007008230105895902,0.004683119203869736,0.6682313698475609,0.5973583061055217,0.7474688739719514,304,True,False
ctl_pb_lt_15,12,mst,13-24,33927,32451,11226,100,17,launch_300,0.9564948271288355,0.3459369510954978,0.0030815691350035436,0.0015143417067521824,0.49141902725815073,0.30689952789754193,0.786609393535858,17,False,False
ctl_pb_lt_15,12,mst,>24,61837,59744,12774,195,32,launch_300,0.9661529504988923,0.21381226566684522,0.0032639260846277452,0.002505088460936277,0.7675077180009073,0.54385668251676,1.0828054926593818,32,False,False
ctl_divyield_gt_2,0,all,ALL,393429,393361,99117,2601,310,launch_300,0.9998271606821053,0.25197464924077373,0.006612246765693599,0.00312761685684595,0.4730036502982621,0.4232646659761252,0.528567112634079,310,True,False
ctl_divyield_gt_2,0,drawdown,0-10,304121,304063,75608,1642,97,launch_300,0.9998092864353333,0.24865899501090236,0.005400196669769094,0.0012829330229605332,0.2375715370039273,0.19478486542783613,0.28974205785874413,97,False,False
ctl_divyield_gt_2,0,drawdown,10-20,38904,38896,9377,168,3,launch_300,0.9997943656179313,0.24107877416700946,0.0043192102015631425,0.0003199317478937827,0.07407181705997959,0.02519245194319423,0.21769962351261496,3,False,False
ctl_divyield_gt_2,0,drawdown,20-30,28427,28425,6837,137,7,launch_300,0.9999296443522003,0.24052770448548813,0.0048197009674582235,0.0010238408658768466,0.21242829644196617,0.1029199370838953,0.438208981931735,7,False,False
ctl_divyield_gt_2,0,drawdown,>30,21977,21977,7295,654,203,launch_300,1.0,0.3319379351139828,0.029758383764845065,0.02782727895819054,0.9351072013213356,0.8163835282658963,1.0705326946897964,203,True,False
ctl_divyield_gt_2,0,mst,0-12,297665,297620,79036,2240,295,launch_300,0.999848823341676,0.26556011020764736,0.0075263759155970705,0.0037324763398957437,0.49591946798204073,0.4425492484250075,0.5556989797678082,295,True,False
ctl_divyield_gt_2,0,mst,13-24,33927,33917,7616,125,1,launch_300,0.9997052495062929,0.2245481616888286,0.003685467464693222,0.00013130252100840336,0.03562710084033613,0.006289160079999364,0.20172016604160112,1,False,False
ctl_divyield_gt_2,0,mst,>24,61837,61824,12465,236,14,launch_300,0.9997897698788751,0.2016207298136646,0.003817287784679089,0.0011231448054552747,0.2942258663240123,0.17530127229245765,0.4936769068687392,14,False,False
ctl_divyield_gt_2,3,all,ALL,393429,393196,97970,2595,289,launch_300,0.9994077711607431,0.24916326717464063,0.006599761950782815,0.0029498826171276923,0.44696803295727944,0.39838156370036226,0.5014604276221193,289,True,False
ctl_divyield_gt_2,3,drawdown,0-10,304121,303927,74870,1636,95,launch_300,0.999362096007839,0.24634204924208775,0.005382871544811748,0.0012688660344597302,0.2357228895203193,0.19286877070988498,0.2880841186506742,95,False,False
ctl_divyield_gt_2,3,drawdown,10-20,38904,38890,9026,168,2,launch_300,0.9996401398313798,0.2320905116996657,0.004319876574955001,0.00022158209616662973,0.05129361738047756,0.01406704675764139,0.1869557938520033,2,False,False
ctl_divyield_gt_2,3,drawdown,20-30,28427,28407,7117,137,9,launch_300,0.9992964435220038,0.25053683951138805,0.00482275495476467,0.0012645777715329493,0.2622106624520912,0.13798261700222966,0.4980144763923447,9,False,False
ctl_divyield_gt_2,3,drawdown,>30,21977,21972,6957,654,183,launch_300,0.999772489420758,0.3166302566903332,0.029765155652648825,0.02630444156964209,0.8837327066791681,0.7659011202030288,1.019129594179252,183,True,False
ctl_divyield_gt_2,3,mst,0-12,297665,297486,77926,2235,278,launch_300,0.9993986528480002,0.26194846144020223,0.007512958593009419,0.0035674871031491414,0.4748445048623828,0.4222892220098342,0.533914145592704,278,True,False
ctl_divyield_gt_2,3,mst,13-24,33927,33911,7819,125,0,launch_300,0.9995283992100686,0.23057414998083217,0.003686119548229188,0.0,0.0,0.0,0.13321779592067312,0,False,False
ctl_divyield_gt_2,3,mst,>24,61837,61799,12225,235,11,launch_300,0.9993854811844042,0.19781873493098595,0.003802650528325701,0.0008997955010224949,0.23662324326676237,0.13215003250607188,0.42355623997295944,11,False,False
ctl_divyield_gt_2,6,all,ALL,393429,392948,96512,2587,246,launch_300,0.9987774160013624,0.245610106171809,0.006583568309292832,0.0025489058355437667,0.38716175116554,0.3417574857792636,0.4385807533502325,246,True,False
ctl_divyield_gt_2,6,drawdown,0-10,304121,303735,73812,1629,92,launch_300,0.998730768345494,0.24301446985036299,0.005363227813719196,0.0012464097978648458,0.23239918965898032,0.18953493519569695,0.2849425758355376,92,False,False
ctl_divyield_gt_2,6,drawdown,10-20,38904,38852,8565,167,3,launch_300,0.9986633765165536,0.2204519715844744,0.00429836301863482,0.0003502626970227671,0.08148746290256614,0.027714716667477247,0.2394839481380334,3,False,False
ctl_divyield_gt_2,6,drawdown,20-30,28427,28392,7869,137,9,launch_300,0.9987687761635066,0.27715553677092136,0.004825302902225979,0.001143728555089592,0.23702730756280072,0.12472796384209128,0.4502160501337515,9,False,False
ctl_divyield_gt_2,6,drawdown,>30,21977,21969,6266,654,142,launch_300,0.9996359830732129,0.28522008284400746,0.02976922026491875,0.022661985317586977,0.7612555893609607,0.6469465645672317,0.8952130592808166,142,True,False
ctl_divyield_gt_2,6,mst,0-12,297665,297298,76629,2227,236,launch_300,0.9987670703643358,0.257751481678316,0.007490800476289783,0.0030797739759099037,0.4111408367714695,0.3619883934455467,0.4669440159640461,236,True,False
ctl_divyield_gt_2,6,mst,13-24,33927,33891,8078,125,1,launch_300,0.9989388982226545,0.23835236493464343,0.003688294827535334,0.00012379301807378064,0.033563753404308,0.0059249171895696656,0.19004317642201327,1,False,False
ctl_divyield_gt_2,6,mst,>24,61837,61759,11805,235,9,launch_300,0.9987386192732507,0.19114622969931508,0.003805113424764002,0.0007623888182973316,0.2003590256562762,0.10542589307367937,0.38065297896213723,9,False,False
ctl_divyield_gt_2,12,all,ALL,393429,388321,93269,2496,206,launch_300,0.987016717120497,0.24018531060643128,0.006427671951813062,0.002208665258553217,0.34361822991452073,0.2998286990391036,0.39378693710767343,206,True,False
ctl_divyield_gt_2,12,drawdown,0-10,304121,299826,71210,1558,90,launch_300,0.9858773317199404,0.23750441922981996,0.00519634721471787,0.0012638674343491082,0.2432222832934247,0.1979172077703093,0.2988819854067277,90,False,False
ctl_divyield_gt_2,12,drawdown,10-20,38904,38427,8870,159,5,launch_300,0.9877390499691548,0.23082728290004423,0.004137715668670466,0.0005636978579481398,0.13623407287656078,0.058196677846253035,0.31877572486661626,5,False,False
ctl_divyield_gt_2,12,drawdown,20-30,28427,28240,8169,137,10,launch_300,0.9934217469307348,0.2892705382436261,0.004851274787535411,0.0012241400416207614,0.25233368449175403,0.13709429823522734,0.46422324948962845,10,False,False
ctl_divyield_gt_2,12,drawdown,>30,21977,21828,5020,642,101,launch_300,0.9932201847385903,0.22997984240425143,0.029411764705882353,0.0201195219123506,0.6840637450199204,0.563942160661073,0.8291371511057651,101,True,False
ctl_divyield_gt_2,12,mst,0-12,297665,293612,72210,2152,192,launch_300,0.9863840223069558,0.2459368145716115,0.007329400705693228,0.002658911508101371,0.36277338555606864,0.31501201216079705,0.4177540011340065,192,True,False
ctl_divyield_gt_2,12,mst,13-24,33927,33675,9728,123,6,launch_300,0.9925722875585816,0.28887899034892356,0.0036525612472160358,0.0006167763157894736,0.1688613206033376,0.07739878533898924,0.3682601743128973,6,False,False
ctl_divyield_gt_2,12,mst,>24,61837,61034,11331,221,8,launch_300,0.9870142471335932,0.18565062096536356,0.0036209325949470785,0.0007060277115876799,0.1949850468282464,0.09881534937730235,0.3846192292781821,8,False,False
h1_eps_accel,0,all,ALL,393429,251913,25537,3083,269,launch_200,0.6403010454236978,0.10137229916677583,0.012238352129505027,0.010533735364373263,0.8607151725090373,0.7642482666779467,0.9692127757246355,269,True,False
h1_eps_accel,0,drawdown,0-10,304121,193385,19332,1389,125,launch_200,0.6358817707425662,0.09996638829278383,0.007182563280502624,0.006465963169873784,0.9002305886292598,0.7560026795006313,1.0717608934459297,125,True,False
h1_eps_accel,0,drawdown,10-20,38904,24907,2924,198,24,launch_200,0.6402169442730825,0.11739671578271169,0.00794957240936283,0.008207934336525308,1.0325001036355343,0.6946224097139784,1.5327143716938854,24,False,False
h1_eps_accel,0,drawdown,20-30,28427,17195,2142,222,37,launch_200,0.6048826819572941,0.12457109624890957,0.012910729863332363,0.01727357609710551,1.337924058512294,0.9726653891542364,1.8370513615054336,37,False,False
h1_eps_accel,0,drawdown,>30,21977,16426,1139,1274,83,launch_200,0.747417754925604,0.06934128820163156,0.07755996590770729,0.07287093942054433,0.9395432110846634,0.7628780756353478,1.1532305027216663,83,False,False
h1_eps_accel,0,mst,0-12,297665,191940,18559,2667,219,launch_200,0.6448188399711084,0.09669167448160884,0.013894967177242888,0.011800204752411229,0.8492430821814065,0.7444794785373271,0.9685486073550912,219,True,False
h1_eps_accel,0,mst,13-24,33927,18435,2497,134,21,launch_200,0.5433725351489964,0.13544887442365067,0.007268782207756984,0.00841009211053264,1.1570152840124568,0.7576698016467138,1.7641300422320239,21,False,False
h1_eps_accel,0,mst,>24,61837,41538,4481,282,29,launch_200,0.6717337516373693,0.10787712456064327,0.006788964321825798,0.006471769694264673,0.9532779062424326,0.6643028353744902,1.3667868696147691,29,False,False
h1_eps_accel,3,all,ALL,393429,249364,25664,2984,315,launch_200,0.6338221127573209,0.10291782294156333,0.011966442630050849,0.012274002493765587,1.0257018625520649,0.9190724904387442,1.1445308933108287,315,True,False
h1_eps_accel,3,drawdown,0-10,304121,190828,19460,1329,142,launch_200,0.6274739330726915,0.10197664912905863,0.006964386777621733,0.007297019527235354,1.0477619581213455,0.8894724413521875,1.2339769090107966,142,True,False
h1_eps_accel,3,drawdown,10-20,38904,24419,2924,187,34,launch_200,0.6276732469668929,0.11974282321143372,0.007657971251894017,0.011627906976744186,1.5184056709364506,1.0881473076039172,2.116010188315744,34,False,False
h1_eps_accel,3,drawdown,20-30,28427,17750,1981,222,25,launch_200,0.6244063742216907,0.1116056338028169,0.012507042253521127,0.012619888944977285,1.0090226521321928,0.6846190331992986,1.4842652372801282,25,False,False
h1_eps_accel,3,drawdown,>30,21977,16367,1299,1246,114,launch_200,0.7447331300905492,0.07936701900164966,0.07612879574754078,0.08775981524249422,1.152780815468622,0.9663004909735787,1.371193864789545,114,True,False
h1_eps_accel,3,mst,0-12,297665,190693,18449,2587,267,launch_200,0.6406295667948869,0.09674712758202976,0.01356630814974855,0.01447232912352973,1.066784637631718,0.9470008108718722,1.2014694584842283,267,True,False
h1_eps_accel,3,mst,13-24,33927,18565,2638,136,16,launch_200,0.5472042915671884,0.1420953406948559,0.0073256127120926474,0.006065200909780136,0.8279445212505017,0.5101063118209213,1.3418680604442292,16,False,False
h1_eps_accel,3,mst,>24,61837,40106,4577,261,32,launch_200,0.6485760952180734,0.11412257517578417,0.00650775445070563,0.006991479134804457,1.0743305064385729,0.761685881803726,1.514033767676811,32,False,False
h1_eps_accel,6,all,ALL,393429,247299,25665,2909,331,launch_200,0.6285733893536064,0.10378125265367025,0.011763088407150858,0.01289694135982856,1.096390753298124,0.9850837613483544,1.2200919712935179,331,True,False
h1_eps_accel,6,drawdown,0-10,304121,188501,19715,1307,145,launch_200,0.6198223733316673,0.10458830457132853,0.006933650219362232,0.007354805985290388,1.0607408439427877,0.9020265562852909,1.2471383838868801,145,True,False
h1_eps_accel,6,drawdown,10-20,38904,23921,2583,179,34,launch_200,0.6148725066831174,0.10798043560051837,0.007482964758998369,0.01316298877274487,1.7590606392895534,1.2608411086449176,2.450506479562599,34,False,False
h1_eps_accel,6,drawdown,20-30,28427,18683,1816,222,20,launch_200,0.6572272839202167,0.09720066370497243,0.011882459990365572,0.011013215859030838,0.9268464499742034,0.600937955008926,1.4264883736628442,20,False,False
h1_eps_accel,6,drawdown,>30,21977,16194,1551,1201,132,launch_200,0.7368612640487783,0.09577621341237495,0.07416327034704212,0.0851063829787234,1.147554343012029,0.9738482604806605,1.3489036024577652,132,True,False
h1_eps_accel,6,mst,0-12,297665,189677,18679,2526,286,launch_200,0.6372163337980615,0.09847793881176949,0.013317376381954587,0.01531131216874565,1.1497243698460682,1.0247863293029942,1.28962915905892,286,True,False
h1_eps_accel,6,mst,13-24,33927,19400,2548,142,17,launch_200,0.5718159577917293,0.13134020618556702,0.007319587628865979,0.0066718995290423865,0.9115130342494528,0.5696805010733251,1.456264110338079,17,False,False
h1_eps_accel,6,mst,>24,61837,38222,4438,241,28,launch_200,0.6181088992027427,0.11611114018104757,0.006305269216681493,0.006309148264984227,1.000615207403432,0.6928778499785576,1.4437824706441091,28,False,False
h1_eps_accel,12,all,ALL,393429,242913,25231,2746,385,launch_200,0.6174252533493972,0.1038684631946417,0.01130445879800587,0.015259006777377036,1.3498219640615399,1.2224009039284345,1.4902982857488536,385,True,False
h1_eps_accel,12,drawdown,0-10,304121,184151,19738,1240,178,launch_200,0.6055188559816652,0.10718377852957627,0.006733604487621571,0.00901813760259398,1.339273433592971,1.1571098805339977,1.5498133260549913,178,True,False
h1_eps_accel,12,drawdown,10-20,38904,24012,2371,159,19,launch_200,0.6172115977791487,0.09874229551890722,0.006621689155422289,0.008013496415014762,1.2101891567127954,0.7756627257196013,1.8850832069965173,19,False,False
h1_eps_accel,12,drawdown,20-30,28427,19139,1539,206,23,launch_200,0.6732683716185317,0.08041172475050944,0.01076336276712472,0.014944769330734242,1.388485146703508,0.9271198241168118,2.0742635141020687,23,False,False
h1_eps_accel,12,drawdown,>30,21977,15611,1583,1141,165,launch_200,0.7103335305091687,0.10140285695983602,0.07308948818141055,0.10423246999368288,1.4260938554525708,1.2330890753527266,1.6453153271789045,165,True,False
h1_eps_accel,12,mst,0-12,297665,186192,18846,2422,346,launch_200,0.6255085414811953,0.10121809744779582,0.013008077683251696,0.018359333545579965,1.411379451494065,1.271403839005777,1.566446428512617,346,True,False
h1_eps_accel,12,mst,13-24,33927,21707,1965,123,15,launch_200,0.639814896689952,0.09052379416777998,0.0056663749021053115,0.007633587786259542,1.347173090051511,0.8173691096206457,2.216054242512613,15,False,False
h1_eps_accel,12,mst,>24,61837,35014,4420,201,24,launch_200,0.5662305739282306,0.12623522019763522,0.005740560918489747,0.005429864253393665,0.945876950091173,0.6361120468256488,1.405265483883665,24,False,False
h4_op_leverage,0,all,ALL,393429,363906,25063,6271,374,launch_200,0.9249597767322694,0.06887218127758267,0.017232472121921596,0.014922395563180785,0.8659463051849572,0.7830559428916136,0.957464271612313,374,True,False
h4_op_leverage,0,drawdown,0-10,304121,280526,16945,3710,227,launch_200,0.9224157489946436,0.06040438319442761,0.013225155600550395,0.013396282089111833,1.0129394688221527,0.8901431480217906,1.1524144359569777,227,True,False
h4_op_leverage,0,drawdown,10-20,38904,36144,3555,484,42,launch_200,0.9290561381863047,0.09835657370517928,0.013390880920761399,0.01181434599156118,0.8822680196673292,0.6536155211097208,1.1896239026058832,42,False,False
h4_op_leverage,0,drawdown,20-30,28427,26811,3912,451,45,launch_200,0.9431526365779013,0.1459102607138861,0.016821453880869794,0.011503067484662576,0.683833131554963,0.5117397586567938,0.912903480502333,45,False,False
h4_op_leverage,0,drawdown,>30,21977,20425,651,1626,60,launch_200,0.9293807162033034,0.031872705018359856,0.07960832313341493,0.09216589861751152,1.1577419921664656,0.9078789461896584,1.4677106576791015,60,False,False
h4_op_leverage,0,mst,0-12,297665,274272,15577,5278,302,launch_200,0.9214116540406161,0.05679398553260996,0.019243670516859178,0.01938755857995763,1.007477163100064,0.9009605743584745,1.1263089774598076,302,True,False
h4_op_leverage,0,mst,13-24,33927,32029,5690,338,39,launch_200,0.9440563562943968,0.17765150332511162,0.010552936401386244,0.006854130052724078,0.6494997972150872,0.4755205227529805,0.8865345600477608,39,False,False
h4_op_leverage,0,mst,>24,61837,57605,3796,655,33,launch_200,0.931562009799958,0.06589705754708793,0.011370540751670861,0.00869336143308746,0.7645512753480964,0.5449971003987816,1.0714693921295568,33,False,False
h4_op_leverage,3,all,ALL,393429,359233,24922,6070,372,launch_200,0.9130821571363575,0.06937558631862886,0.01689711134556124,0.01492657090121178,0.8833800402891286,0.7986053222185261,0.9770032934231524,372,True,False
h4_op_leverage,3,drawdown,0-10,304121,276889,17329,3602,203,launch_200,0.9104566932240786,0.06258464583280665,0.013008823030167323,0.011714467078308038,0.900501686520165,0.7854059135242595,1.0322351205256433,203,True,False
h4_op_leverage,3,drawdown,10-20,38904,35761,3903,476,43,launch_200,0.9192113921447667,0.109141243253824,0.01331058974860882,0.011017166282346913,0.8276993349222856,0.6152771507378018,1.1123646753605354,43,False,False
h4_op_leverage,3,drawdown,20-30,28427,26567,2788,437,38,launch_200,0.9345692475463467,0.10494222155305453,0.016448978055482365,0.013629842180774749,0.8286133117085647,0.6046775122383374,1.1339189454032663,38,False,False
h4_op_leverage,3,drawdown,>30,21977,20016,902,1555,88,launch_200,0.9107703508213132,0.04506394884092726,0.07768784972022381,0.0975609756097561,1.2558073876558702,1.028084180518422,1.5274666415048928,88,False,False
h4_op_leverage,3,mst,0-12,297665,270478,15318,5097,307,launch_200,0.9086657820032586,0.05663307182099838,0.018844416181722726,0.02004178091134613,1.0635394972217145,0.9519964671092127,1.187853852616531,307,True,False
h4_op_leverage,3,mst,13-24,33927,31811,5461,331,43,launch_200,0.9376307955315825,0.17167017698280468,0.01040520574643991,0.007874015748031496,0.7567381116635346,0.5623324370608899,1.0176365281356783,43,False,False
h4_op_leverage,3,mst,>24,61837,56944,4143,642,22,launch_200,0.9208726167181461,0.07275568980050576,0.011274234335487496,0.005310161718561429,0.4709997646444891,0.3112798125311764,0.7120130038637906,22,False,False
h4_op_leverage,6,all,ALL,393429,354626,24877,5881,377,launch_200,0.9013722933489905,0.07014996080377638,0.016583668428146837,0.01515456043735177,0.9138243750478335,0.8266913306218993,1.0099852589794147,377,True,False
h4_op_leverage,6,drawdown,0-10,304121,273424,18390,3497,215,launch_200,0.8990632018176976,0.06725817777517701,0.012789660015214465,0.011691136487221317,0.9141084652221909,0.8003622938683729,1.0438020169563833,215,True,False
h4_op_leverage,6,drawdown,10-20,38904,35377,3877,461,50,launch_200,0.9093409418054699,0.10959097718856885,0.013031065381462531,0.012896569512509672,0.98967882786129,0.7517679026150116,1.3015914277299685,50,False,False
h4_op_leverage,6,drawdown,20-30,28427,26210,1516,423,23,launch_200,0.9220107644141133,0.057840518885921406,0.016138878290728728,0.015171503957783642,0.9400593823487217,0.6277159691650206,1.404262548374327,23,False,False
h4_op_leverage,6,drawdown,>30,21977,19615,1094,1500,89,launch_200,0.8925240023661101,0.055773642620443535,0.07647208768799388,0.08135283363802559,1.063823887873248,0.8706500829480677,1.2953094230758244,89,False,False
h4_op_leverage,6,mst,0-12,297665,266771,15312,4940,310,launch_200,0.8962121848386609,0.05739754321121861,0.01851775492838427,0.020245559038662486,1.0933052692921112,0.979176538560065,1.2204301882849724,310,True,False
h4_op_leverage,6,mst,13-24,33927,31537,4633,318,25,launch_200,0.9295546320040086,0.14690680787646257,0.010083394108507468,0.005396071659831643,0.5351443771575802,0.3627504941247279,0.7888128445416612,25,False,False
h4_op_leverage,6,mst,>24,61837,56318,4932,623,42,launch_200,0.9107492278085936,0.08757413260414078,0.011062182605916404,0.00851581508515815,0.7698132808442002,0.5700957162199334,1.03868745722449,42,False,False
h4_op_leverage,12,all,ALL,393429,345948,24513,5598,446,launch_200,0.8793149462800149,0.07085746990877241,0.016181622671615388,0.018194427446660954,1.12438831481198,1.0255591026553688,1.232548166563616,446,True,False
h4_op_leverage,12,drawdown,0-10,304121,266958,19204,3341,262,launch_200,0.877801927522269,0.07193640947265113,0.012515077278073704,0.013642991043532598,1.0901243947917916,0.9665830704407501,1.2292099509960337,262,True,False
h4_op_leverage,12,drawdown,10-20,38904,34559,2893,437,56,launch_200,0.8883148262389472,0.08371191296044446,0.012645041812552446,0.01935706878672658,1.5308030668203294,1.1812475061439316,1.9811686581972907,56,False,False
h4_op_leverage,12,drawdown,20-30,28427,25368,1313,386,37,launch_200,0.8923910366904704,0.051758120466729736,0.0152160201829076,0.02817974105102818,1.8519784222344116,1.348100109797615,2.536769079367827,37,False,False
h4_op_leverage,12,drawdown,>30,21977,19063,1103,1434,91,launch_200,0.8674068344178004,0.05786077742223155,0.07522425641294654,0.08250226654578423,1.0967508418147036,0.8996857380648184,1.3323404432805717,91,False,False
h4_op_leverage,12,mst,0-12,297665,259990,15833,4721,339,launch_200,0.8734315421698889,0.060898496096003694,0.0181583907073349,0.02141097707320154,1.1791230521630307,1.06119935116149,1.3098329972979057,339,True,False
h4_op_leverage,12,mst,13-24,33927,30782,1598,290,18,launch_200,0.9073009697291243,0.051913455915794944,0.009421090247547267,0.011264080100125156,1.1956238401450088,0.7575404923072326,1.8825240161314274,18,False,False
h4_op_leverage,12,mst,>24,61837,55176,7082,587,89,launch_200,0.8922813202451607,0.12835290706104102,0.010638683485573439,0.012567071448743293,1.1812618982212264,0.9610377980192832,1.45116372694962,89,False,False
h5_peg_lt_1,0,all,ALL,393429,171246,107386,1805,1336,launch_200,0.43526532106174176,0.6270861801151559,0.010540392184342991,0.01244110032965191,1.1803261313305102,1.119063357451725,1.244898183583785,1336,True,False
h5_peg_lt_1,0,drawdown,0-10,304121,136153,82993,957,677,launch_200,0.4476935167252508,0.6095568955513283,0.007028857241485682,0.008157314472304894,1.1605463295169574,1.076663059827697,1.2509070797001927,677,True,False
h5_peg_lt_1,0,drawdown,10-20,38904,17402,12088,151,107,launch_200,0.44730618959490026,0.6946328008274911,0.008677163544420182,0.00885175380542687,1.0201206604108501,0.8448628757509404,1.2313424919293394,107,True,False
h5_peg_lt_1,0,drawdown,20-30,28427,9354,6361,121,93,launch_200,0.329053364758856,0.6800299337181954,0.012935642505879837,0.014620342713409841,1.130237072241617,0.9238076390311238,1.3819596173425086,93,False,False
h5_peg_lt_1,0,drawdown,>30,21977,8337,5944,576,459,launch_200,0.379351139828002,0.7129662948302746,0.06908960057574667,0.0772207267833109,1.1176895819313595,1.0233712898024723,1.2199122539886667,459,True,False
h5_peg_lt_1,0,mst,0-12,297665,126123,77310,1504,1121,launch_200,0.4237078595064922,0.6129730501177422,0.01192486699491766,0.014500064674686328,1.215951899578101,1.1472849453420026,1.2886646552552008,1121,True,False
h5_peg_lt_1,0,mst,13-24,33927,13223,8562,82,53,launch_200,0.38974857782886785,0.6475081297738788,0.006201315888981321,0.006190142490072413,0.9981982212954575,0.763695523339755,1.3041229267947907,53,False,False
h5_peg_lt_1,0,mst,>24,61837,31900,21514,219,162,launch_200,0.5158723741449294,0.6744200626959248,0.006865203761755486,0.007529980477828391,1.096832772797834,0.940904006307961,1.2783741498521894,162,True,False
h5_peg_lt_1,3,all,ALL,393429,171353,107301,1937,1468,launch_200,0.43553728881195847,0.6261985491937696,0.011304149912753206,0.013681139970736526,1.2102758788877728,1.1503115675164108,1.2733204693745557,1468,True,False
h5_peg_lt_1,3,drawdown,0-10,304121,136276,83352,955,692,launch_200,0.4480979610089405,0.6116410813349379,0.007007837036602189,0.008302140320568193,1.1846936903934566,1.09996938068541,1.2758850240383273,692,True,False
h5_peg_lt_1,3,drawdown,10-20,38904,16848,11410,142,100,launch_200,0.4330660086366441,0.6772317188983855,0.008428300094966762,0.008764241893076249,1.0398587846094975,0.855649483501595,1.2633004364201754,100,True,False
h5_peg_lt_1,3,drawdown,20-30,28427,8868,5923,118,84,launch_200,0.31195694234354665,0.6679070816418584,0.013306269733874606,0.01418200236366706,1.0658135335677923,0.8620148715890932,1.316940413378484,84,False,False
h5_peg_lt_1,3,drawdown,>30,21977,9361,6616,722,592,launch_200,0.4259453064567502,0.7067620980664459,0.0771285119111206,0.08948004836759371,1.1601422891538016,1.0740282995452588,1.2524335676606018,592,True,False
h5_peg_lt_1,3,mst,0-12,297665,128251,78585,1664,1263,launch_200,0.43085683570456723,0.6127437602825709,0.012974557703253776,0.016071769421645354,1.2387142428458162,1.1727504973401057,1.3083242992383257,1263,True,False
h5_peg_lt_1,3,mst,13-24,33927,11810,7559,64,47,launch_200,0.3481003330680579,0.6400508044030483,0.00541913632514818,0.006217753671120519,1.1473698571239581,0.8634751331028899,1.5238295337147376,47,False,False
h5_peg_lt_1,3,mst,>24,61837,31292,21157,209,158,launch_200,0.506040073095396,0.6761153010354084,0.006679023392560399,0.0074679775015361344,1.1181241721438695,0.957318997473365,1.3057034392549953,158,True,False
h5_peg_lt_1,6,all,ALL,393429,170276,106518,1966,1474,launch_200,0.43279981902706716,0.625560854142686,0.01154596067560901,0.013838036763739462,1.1985175727276198,1.1392581578123453,1.2608139430996406,1474,True,False
h5_peg_lt_1,6,drawdown,0-10,304121,135322,82843,965,721,launch_200,0.44496105168666417,0.6121916613706566,0.007131139060906578,0.008703209685791195,1.2204515451820064,1.134894849605657,1.3123972755095634,721,True,False
h5_peg_lt_1,6,drawdown,10-20,38904,16121,10896,136,98,launch_200,0.4143789841661526,0.6758885925190745,0.00843620122821165,0.008994126284875184,1.0661346311652413,0.8755564115430741,1.2977375835352472,98,False,False
h5_peg_lt_1,6,drawdown,20-30,28427,8705,5776,109,80,launch_200,0.306222957047877,0.6635267087880529,0.012521539345203905,0.013850415512465374,1.106127220513863,0.8899299377920836,1.3739331480445245,80,False,False
h5_peg_lt_1,6,drawdown,>30,21977,10128,7003,756,575,launch_200,0.46084542931246303,0.6914494470774092,0.07464454976303317,0.08210766814222475,1.0999820938418683,1.016882161096698,1.1892206387116184,575,True,False
h5_peg_lt_1,6,mst,0-12,297665,129543,79472,1708,1280,launch_200,0.43519728553911274,0.6134796940012197,0.013184811220984537,0.016106301590497283,1.2215799923523358,1.1569515451216799,1.2897563046988423,1280,True,False
h5_peg_lt_1,6,mst,13-24,33927,10449,6564,59,44,launch_200,0.30798479087452474,0.6281940855584266,0.005646473346731745,0.006703229737964655,1.187153347999876,0.8850407013128477,1.5914621395668747,44,False,False
h5_peg_lt_1,6,mst,>24,61837,30284,20482,199,150,launch_200,0.48973915293432735,0.6763307357020208,0.00657112666754722,0.007323503564105068,1.1144973966600897,0.950318851541544,1.3067945863826702,150,True,False
h5_peg_lt_1,12,all,ALL,393429,167617,104140,1901,1366,launch_200,0.4260412933464488,0.6212973624393707,0.011341331726495523,0.013116957941232956,1.1565624088562043,1.0971973912896489,1.2190944637826433,1366,True,False
h5_peg_lt_1,12,drawdown,0-10,304121,131755,80606,937,690,launch_200,0.4332321674596624,0.6117870289552578,0.007111684566050624,0.008560156812147978,1.2036749848287693,1.1174831636523552,1.2964530224011788,690,True,False
h5_peg_lt_1,12,drawdown,10-20,38904,15060,9719,96,60,launch_200,0.38710672424429365,0.6453519256308101,0.006374501992031873,0.006173474637308365,0.9684638337277497,0.7529164023110021,1.2452267273660953,60,False,False
h5_peg_lt_1,12,drawdown,20-30,28427,10200,7127,113,89,launch_200,0.3588138037780983,0.6987254901960784,0.011078431372549019,0.012487722744492774,1.1272103716267814,0.9170570085834169,1.3847762164957476,89,False,False
h5_peg_lt_1,12,drawdown,>30,21977,10602,6688,755,527,launch_200,0.4824134322245984,0.6308243727598566,0.07121297868326731,0.07879784688995216,1.1065096327513546,1.0191949523837684,1.2006149728955788,527,True,False
h5_peg_lt_1,12,mst,0-12,297665,130959,79931,1700,1225,launch_200,0.4399543110543732,0.6103513313327071,0.012981162043082186,0.015325718432147728,1.1806122118562554,1.1167790623785068,1.2480339730496366,1225,True,False
h5_peg_lt_1,12,mst,13-24,33927,9581,5831,69,52,launch_200,0.2824004480207504,0.6086003548690115,0.0072017534704101865,0.008917852855427885,1.2382891044616604,0.9452371719196291,1.6211279458108925,52,False,False
h5_peg_lt_1,12,mst,>24,61837,27077,18378,132,89,launch_200,0.43787699920759415,0.6787310263323115,0.004874986150607527,0.004842746762433344,0.9933867733818762,0.8076617715794528,1.2215646326341763,89,False,False
h5_peg_lt_05,0,all,ALL,393429,171246,72282,1805,1061,launch_200,0.43526532106174176,0.42209453067516906,0.010540392184342991,0.01467861985003182,1.3926066120989191,1.3118418620183125,1.478265155201283,1061,True,False
h5_peg_lt_05,0,drawdown,0-10,304121,136153,55429,957,540,launch_200,0.4476935167252508,0.40710817976834884,0.007028857241485682,0.009742192715004781,1.3860279673208422,1.274433694870881,1.5072893982751838,540,True,False
h5_peg_lt_05,0,drawdown,10-20,38904,17402,8294,151,85,launch_200,0.44730618959490026,0.47661188369152974,0.008677163544420182,0.010248372317337835,1.1810740070616754,0.956105806278492,1.4583009746165079,85,False,False
h5_peg_lt_05,0,drawdown,20-30,28427,9354,4448,121,69,launch_200,0.329053364758856,0.4755184947615993,0.012935642505879837,0.015512589928057555,1.1992129436946313,0.9490444196945422,1.5140184371536665,69,False,False
h5_peg_lt_05,0,drawdown,>30,21977,8337,4111,576,367,launch_200,0.379351139828002,0.49310303466474753,0.06908960057574667,0.08927268304548772,1.2921290947052622,1.1714577070124468,1.4239002525034945,367,True,False
h5_peg_lt_05,0,mst,0-12,297665,126123,51604,1504,882,launch_200,0.4237078595064922,0.4091561412272147,0.01192486699491766,0.01709169831795985,1.4332820923909906,1.3424732653493863,1.5301195908978202,882,True,False
h5_peg_lt_05,0,mst,13-24,33927,13223,6054,82,39,launch_200,0.38974857782886785,0.45783861453527946,0.006201315888981321,0.006442021803766105,1.038815296478039,0.7605157312715183,1.4180546997103478,39,False,False
h5_peg_lt_05,0,mst,>24,61837,31900,14624,219,140,launch_200,0.5158723741449294,0.45843260188087775,0.006865203761755486,0.009573304157549234,1.394467591898724,1.1826123082257196,1.6438432022158849,140,True,False
h5_peg_lt_05,3,all,ALL,393429,171353,71951,1937,1152,launch_200,0.43553728881195847,0.4198992722625224,0.011304149912753206,0.016010896304429402,1.4163733167025767,1.337496588739336,1.4998215985153456,1152,True,False
h5_peg_lt_05,3,drawdown,0-10,304121,136276,55652,955,561,launch_200,0.4480979610089405,0.40837711702720947,0.007007837036602189,0.010080500251563287,1.438460997153967,1.3247613328107801,1.5618113025540652,561,True,False
h5_peg_lt_05,3,drawdown,10-20,38904,16848,7803,142,82,launch_200,0.4330660086366441,0.46314102564102566,0.008428300094966762,0.01050877867486864,1.2468443881280764,1.005523321410146,1.5453206539058288,82,False,False
h5_peg_lt_05,3,drawdown,20-30,28427,8868,4000,118,65,launch_200,0.31195694234354665,0.4510599909788002,0.013306269733874606,0.01625,1.2212288135593221,0.9597279681659628,1.5524908629551086,65,False,False
h5_peg_lt_05,3,drawdown,>30,21977,9361,4496,722,444,launch_200,0.4259453064567502,0.48029056724708896,0.0771285119111206,0.09875444839857651,1.2803883538214331,1.1717276936549625,1.3979312897061233,444,True,False
h5_peg_lt_05,3,mst,0-12,297665,128251,52343,1664,979,launch_200,0.43085683570456723,0.40812937131094496,0.012974557703253776,0.018703551573276272,1.441556005303038,1.3547884542738526,1.5337680286952133,979,True,False
h5_peg_lt_05,3,mst,13-24,33927,11810,5210,64,33,launch_200,0.3481003330680579,0.441151566469094,0.00541913632514818,0.006333973128598848,1.1688159788867563,0.8329337345040867,1.6389350038971842,33,False,False
h5_peg_lt_05,3,mst,>24,61837,31292,14398,209,140,launch_200,0.506040073095396,0.4601176019429886,0.006679023392560399,0.009723572718433115,1.4558375000249235,1.2346716081882654,1.7161628079144635,140,True,False
h5_peg_lt_05,6,all,ALL,393429,170276,71055,1966,1139,launch_200,0.43279981902706716,0.41729310061312225,0.01154596067560901,0.01602983604250229,1.3883501332518413,1.3106071908279808,1.4706251453396348,1139,True,False
h5_peg_lt_05,6,drawdown,0-10,304121,135322,55180,965,586,launch_200,0.44496105168666417,0.4077681382184715,0.007131139060906578,0.010619789778905401,1.4892136709440795,1.3739671360172703,1.614014569210953,586,True,False
h5_peg_lt_05,6,drawdown,10-20,38904,16121,7345,136,81,launch_200,0.4143789841661526,0.45561689721481297,0.00843620122821165,0.011027910142954392,1.307212789812998,1.0528651320152371,1.622156515939188,81,False,False
h5_peg_lt_05,6,drawdown,20-30,28427,8705,3866,109,67,launch_200,0.306222957047877,0.4441125789775991,0.012521539345203905,0.0173305742369374,1.3840609975462392,1.0917406120970028,1.752910213878455,67,False,False
h5_peg_lt_05,6,drawdown,>30,21977,10128,4664,756,405,launch_200,0.46084542931246303,0.46050552922590837,0.07464454976303317,0.08683533447684391,1.1633178142612106,1.059555371467443,1.2761906090619357,405,True,False
h5_peg_lt_05,6,mst,0-12,297665,129543,52837,1708,975,launch_200,0.43519728553911274,0.40787228951004684,0.013184811220984537,0.01845297802676155,1.3995633094383908,1.3151461528834545,1.4892907927506116,975,True,False
h5_peg_lt_05,6,mst,13-24,33927,10449,4357,59,35,launch_200,0.30798479087452474,0.4169777012154273,0.005646473346731745,0.00803305026394308,1.42266681708375,1.0239643301307906,1.974871478554487,35,False,False
h5_peg_lt_05,6,mst,>24,61837,30284,13861,199,129,launch_200,0.48973915293432735,0.4577004358737287,0.00657112666754722,0.009306687829160954,1.4163001719513082,1.1928809126817717,1.6810985823056415,129,True,False
h5_peg_lt_05,12,all,ALL,393429,167617,68691,1901,1023,launch_200,0.4260412933464488,0.40980926755639346,0.011341331726495523,0.014892780713630607,1.3131421488041144,1.2356341486286078,1.3954339790381487,1023,True,False
h5_peg_lt_05,12,drawdown,0-10,304121,131755,53133,937,569,launch_200,0.4332321674596624,0.4032712231034875,0.007111684566050624,0.010708975589558278,1.505828259127269,1.387642559001194,1.6339617172725318,569,True,False
h5_peg_lt_05,12,drawdown,10-20,38904,15060,6570,96,46,launch_200,0.38710672424429365,0.4362549800796813,0.006374501992031873,0.007001522070015221,1.0983637747336377,0.8241433129595291,1.4629712997135176,46,False,False
h5_peg_lt_05,12,drawdown,20-30,28427,10200,4902,113,71,launch_200,0.3588138037780983,0.48058823529411765,0.011078431372549019,0.014483884128926969,1.3073948505757087,1.0379889171837906,1.645434585397765,71,False,False
h5_peg_lt_05,12,drawdown,>30,21977,10602,4086,755,337,launch_200,0.4824134322245984,0.3853989813242784,0.07121297868326731,0.08247674987763093,1.1581702015929047,1.045160506330389,1.2821937992712882,337,True,False
h5_peg_lt_05,12,mst,0-12,297665,130959,52662,1700,911,launch_200,0.4399543110543732,0.40212585618399654,0.012981162043082186,0.017299001177319508,1.3326234677532856,1.2495118393905729,1.4211596219690903,911,True,False
h5_peg_lt_05,12,mst,13-24,33927,9581,3740,69,41,launch_200,0.2824004480207504,0.39035591274397247,0.0072017534704101865,0.010962566844919787,1.522208013640239,1.1235307417520897,2.060237087166505,41,False,False
h5_peg_lt_05,12,mst,>24,61837,27077,12289,132,71,launch_200,0.43787699920759415,0.4538538242789083,0.004874986150607527,0.0057775246155098055,1.1851366213193864,0.9401690666114196,1.4934653199429198,71,False,False
h6_compressed_multiple,0,all,ALL,393429,247975,56070,2568,612,launch_200,0.6302916155138538,0.22611150317572337,0.010355882649460631,0.010914927768860353,1.0539833385837796,0.9741118090240135,1.1403257454048397,612,True,False
h6_compressed_multiple,0,drawdown,0-10,304121,193005,40563,1331,322,launch_200,0.6346322680775086,0.21016553975285615,0.0068961943991088315,0.00793826886571506,1.1511086269176072,1.03245984871715,1.2832708191923723,322,True,False
h6_compressed_multiple,0,drawdown,10-20,38904,24844,7417,192,68,launch_200,0.6385975735142916,0.29854290774432457,0.0077282241184994365,0.009168127275178644,1.1863174688778033,0.9366788142762236,1.5017107142910935,68,False,False
h6_compressed_multiple,0,drawdown,20-30,28427,16161,4751,154,44,launch_200,0.5685088120448869,0.2939793329620692,0.009529113297444465,0.009261208166701748,0.9718856180653698,0.7247581592290633,1.3022254758503504,44,False,False
h6_compressed_multiple,0,drawdown,>30,21977,13965,3339,891,178,launch_200,0.6354370478227238,0.23909774436090225,0.06380236305048335,0.053309374064091045,0.8355391793546929,0.7239536614501182,0.9632156025792409,178,True,False
h6_compressed_multiple,0,mst,0-12,297665,186163,39355,2161,502,launch_200,0.6254111165236087,0.21140076169808178,0.011608106874083465,0.01275568542751874,1.0988600954387648,1.0073632145413225,1.1985504726096867,502,True,False
h6_compressed_multiple,0,mst,13-24,33927,19883,5289,101,21,launch_200,0.5860524066377811,0.2660061358949857,0.005079716340592466,0.003970504821327283,0.7816390827965382,0.5115433063718172,1.1934790730242992,21,False,False
h6_compressed_multiple,0,mst,>24,61837,41929,11426,306,89,launch_200,0.6780568268188948,0.272508287819886,0.007298051467957738,0.0077892525818309116,1.0673057892274127,0.8679762995200705,1.3119699165590686,89,False,False
h6_compressed_multiple,3,all,ALL,393429,246041,56038,2616,683,launch_200,0.6253758619725541,0.22775878816945144,0.010632374279083567,0.012188158035618688,1.1463251495572087,1.0639708949886912,1.2349691901343869,683,True,False
h6_compressed_multiple,3,drawdown,0-10,304121,191726,41429,1322,331,launch_200,0.6304267051601172,0.21608441212981025,0.006895256772686021,0.007989572521663569,1.1587055834254685,1.04082417852616,1.2898183740405271,331,True,False
h6_compressed_multiple,3,drawdown,10-20,38904,24306,7079,184,56,launch_200,0.6247686613201727,0.29124496009215833,0.007570147288735292,0.00791072185336912,1.0449891596086403,0.8054381478172603,1.3550513926866876,56,False,False
h6_compressed_multiple,3,drawdown,20-30,28427,15578,3753,138,37,launch_200,0.5480001407112955,0.24091667736551547,0.008858646809603287,0.009858779642952304,1.1128990527384854,0.8083753867434007,1.530573395918604,37,False,False
h6_compressed_multiple,3,drawdown,>30,21977,14431,3777,972,259,launch_200,0.656641033808072,0.2617282239623034,0.06735499965352366,0.0685729414879534,1.0180824265562298,0.90481245373484,1.1443683310387225,259,True,False
h6_compressed_multiple,3,mst,0-12,297665,185874,39618,2233,578,launch_200,0.6244402264290394,0.21314438813389716,0.012013514531349193,0.014589328083194507,1.2144096588158064,1.1199754141251221,1.3166787550333823,578,True,False
h6_compressed_multiple,3,mst,13-24,33927,18817,5025,87,15,launch_200,0.5546320040086067,0.2670457564967848,0.004623478769198066,0.0029850746268656717,0.6456338994681763,0.39145337003927205,1.0640468153131626,15,False,False
h6_compressed_multiple,3,mst,>24,61837,41350,11395,296,90,launch_200,0.6686935006549477,0.2755743651753325,0.007158403869407497,0.007898200965335674,1.1033466551237503,0.8983254458039909,1.3547023373393183,90,False,False
h6_compressed_multiple,6,all,ALL,393429,243598,55509,2581,716,launch_200,0.619166355301719,0.22787132899284887,0.010595325084770811,0.01289880920211137,1.217405704771765,1.1319382876438746,1.3092357660112206,716,True,False
h6_compressed_multiple,6,drawdown,0-10,304121,189758,42065,1298,385,launch_200,0.6239555966210817,0.22167708344312229,0.006840291318416088,0.00915250208011411,1.338028112263708,1.2113841565452657,1.4777770858046069,385,True,False
h6_compressed_multiple,6,drawdown,10-20,38904,23495,5925,175,47,launch_200,0.6039224758379601,0.25218131517344117,0.007448393275164928,0.007932489451476793,1.0649933694996985,0.8016280256831496,1.413967519159775,47,False,False
h6_compressed_multiple,6,drawdown,20-30,28427,15517,3421,133,36,launch_200,0.545854293453407,0.2204678739447058,0.008571244441580202,0.010523238819058756,1.227737569588983,0.887964865327407,1.6956175830561877,36,False,False
h6_compressed_multiple,6,drawdown,>30,21977,14828,4098,975,248,launch_200,0.6747053737998817,0.2763690315619099,0.06575397895872673,0.06051732552464617,0.920359900389183,0.8154690652124335,1.037769660479633,248,True,False
h6_compressed_multiple,6,mst,0-12,297665,185450,40206,2207,590,launch_200,0.623015806359498,0.21680237260717175,0.01190078188190887,0.014674426702482217,1.2330640833599127,1.1381242457741743,1.335795966888625,590,True,False
h6_compressed_multiple,6,mst,13-24,33927,17938,4407,88,30,launch_200,0.5287234356117546,0.24567956293901216,0.004905786598282975,0.0068073519400953025,1.3876168079707902,0.9728481456778995,1.977496167843138,30,False,False
h6_compressed_multiple,6,mst,>24,61837,40210,10896,286,96,launch_200,0.6502579361870725,0.2709773688137279,0.007112658542651082,0.00881057268722467,1.2387172299066573,1.015204775846279,1.5109065998124827,96,False,False
h6_compressed_multiple,12,all,ALL,393429,239336,54034,2504,641,launch_200,0.6083333968772002,0.22576628672661028,0.010462278971822041,0.011862901136321576,1.1338735249052159,1.0498749693237976,1.2245055954225799,641,True,False
h6_compressed_multiple,12,drawdown,0-10,304121,185280,40859,1255,351,launch_200,0.6092311941628497,0.2205256908462867,0.00677353195164076,0.008590518612790327,1.2682480387074038,1.1427916598005528,1.4073447819251774,351,True,False
h6_compressed_multiple,12,drawdown,10-20,38904,22666,5400,157,36,launch_200,0.5826136129960929,0.23824230124415424,0.006926674313950411,0.006666666666666667,0.9624628450106157,0.6957899720673703,1.3303960339454466,36,False,False
h6_compressed_multiple,12,drawdown,20-30,28427,16611,4072,134,44,launch_200,0.584338832799803,0.24513876346998978,0.00806694359159593,0.010805500982318271,1.3394789314723046,0.9990501947759297,1.7942169369387646,44,False,False
h6_compressed_multiple,12,drawdown,>30,21977,14779,3703,958,210,launch_200,0.6724757701233107,0.2505582245077475,0.06482170647540429,0.05671077504725898,0.8748732196486853,0.7668785553642569,0.9970417683826255,210,True,False
h6_compressed_multiple,12,mst,0-12,297665,184343,40664,2175,540,launch_200,0.6192968605647288,0.2205887937160619,0.011798657936563905,0.013279559315364942,1.1255143921252044,1.0350377056333624,1.2237843901628258,540,True,False
h6_compressed_multiple,12,mst,13-24,33927,17773,3399,72,30,launch_200,0.5238600524655879,0.19124514713329208,0.004051088730096213,0.0088261253309797,2.1787045209375306,1.5278563476262896,3.103298814284495,30,False,False
h6_compressed_multiple,12,mst,>24,61837,37220,9971,257,71,launch_200,0.6019050083283471,0.2678936055883933,0.006904889844169801,0.00712064988466553,1.031247426876463,0.8181897782140531,1.2992849889428157,71,False,False
h7_neglect,0,all,ALL,393429,392193,213992,7408,5624,launch_200,0.9968583912217961,0.5456293202581383,0.018888659410035365,0.02628135631238551,1.3913828261640673,1.355947522792577,1.4277185392919347,5624,True,False
h7_neglect,0,drawdown,0-10,304121,303125,159194,4573,3321,launch_200,0.9967249877515857,0.5251760824742268,0.015086185567010309,0.020861338995188262,1.3828107113309518,1.3370343252856536,1.4301198454502593,3321,True,False
h7_neglect,0,drawdown,10-20,38904,38770,22910,543,421,launch_200,0.9965556241003496,0.5909208150631932,0.014005674490585504,0.018376254910519425,1.312057832193072,1.1935249756994954,1.4421207639589309,421,True,False
h7_neglect,0,drawdown,20-30,28427,28355,17400,491,433,launch_200,0.9974671966792135,0.6136483865279492,0.017316169987656498,0.024885057471264366,1.43709939836599,1.3093678202868957,1.576943312590083,433,True,False
h7_neglect,0,drawdown,>30,21977,21943,14488,1801,1449,launch_200,0.9984529280611548,0.660256118124231,0.08207628856582964,0.10001380452788515,1.2185468699363597,1.160311027628654,1.2793663397746429,1449,True,False
h7_neglect,0,mst,0-12,297665,296747,158085,6276,4693,launch_200,0.9969159961701913,0.5327265313549926,0.021149329226580218,0.029686561027295444,1.4036644240227598,1.3646428662193035,1.443766708221445,4693,True,False
h7_neglect,0,mst,13-24,33927,33824,19072,393,329,launch_200,0.9969640699148171,0.5638599810785241,0.011618968779564805,0.01725041946308725,1.4846773229502879,1.3338013137463058,1.6522872179449004,329,True,False
h7_neglect,0,mst,>24,61837,61622,36835,739,602,launch_200,0.9965231172275498,0.5977572944727533,0.011992470221674078,0.016343151893579475,1.3627844465306553,1.2589447731163335,1.4750351447447585,602,True,False
h7_neglect,3,all,ALL,393429,393334,216828,7402,5558,launch_200,0.9997585333058824,0.5512566927852665,0.018818612171843777,0.025633220801741474,1.362120679658495,1.3272166875005822,1.3979178329193385,5558,True,False
h7_neglect,3,drawdown,0-10,304121,304041,162019,4567,3334,launch_200,0.9997369468073563,0.5328853674339974,0.015021000457175183,0.020577833463976448,1.3699376098578637,1.3246681911507863,1.4167204824449722,3334,True,False
h7_neglect,3,drawdown,10-20,38904,38898,23026,543,412,launch_200,0.9998457742134484,0.5919584554475809,0.01395958661113682,0.017892816815773472,1.2817583581951317,1.1647391315128166,1.4102990121051282,412,True,False
h7_neglect,3,drawdown,20-30,28427,28421,17540,491,423,launch_200,0.9997889330566011,0.6171492910172056,0.01727595791844059,0.02411630558722919,1.395946071475847,1.2704384747630868,1.5335168028941963,423,True,False
h7_neglect,3,drawdown,>30,21977,21974,14243,1801,1389,launch_200,0.9998634936524549,0.6481751160462365,0.08196049877127515,0.09752158955276276,1.18986085998468,1.1317337282698294,1.250636160042699,1389,True,False
h7_neglect,3,mst,0-12,297665,297591,159758,6272,4630,launch_200,0.9997513983840896,0.5368374715633202,0.021075906193399666,0.028981334268080472,1.3750931514943137,1.336596848151,1.4146641987351516,4630,True,False
h7_neglect,3,mst,13-24,33927,33921,19738,393,330,launch_200,0.9998231497037757,0.5818814303823591,0.011585743344830635,0.016719019150876483,1.4430683170913008,1.2965977200851182,1.6057724948356562,330,True,False
h7_neglect,3,mst,>24,61837,61822,37332,737,598,launch_200,0.9997574267833175,0.6038627025977807,0.011921322506551067,0.016018429229615345,1.3436788763002439,1.2409514938271333,1.4547604541647206,598,True,False
h7_neglect,6,all,ALL,393429,393143,218696,7398,5405,launch_200,0.9992730581629722,0.5562759606555375,0.01881758037151876,0.02471467242199217,1.3133820573126882,1.2792445816915645,1.348406828567158,5405,True,False
h7_neglect,6,drawdown,0-10,304121,303893,164089,4563,3321,launch_200,0.9992502984009654,0.5399564978462814,0.015015153359899702,0.020239016631218423,1.3479060883433838,1.303271707575538,1.394036469487868,3321,True,False
h7_neglect,6,drawdown,10-20,38904,38882,22869,543,408,launch_200,0.9994345054493111,0.5881641890849236,0.013965331001491693,0.017840745113472386,1.2775024889540207,1.160325775496639,1.4062761939021724,408,True,False
h7_neglect,6,drawdown,20-30,28427,28399,18042,491,429,launch_200,0.9990150209308052,0.6353040600021127,0.017289341173985,0.0237778516794147,1.375289633082888,1.2524487989129138,1.5098572854551473,429,True,False
h7_neglect,6,drawdown,>30,21977,21969,13696,1801,1247,launch_200,0.9996359830732129,0.6234239155173199,0.08197915244207747,0.09104848130841121,1.110629697870342,1.0532502305544031,1.1708067228343098,1247,True,False
h7_neglect,6,mst,0-12,297665,297433,160889,6269,4478,launch_200,0.9992206003393076,0.540925183150491,0.0210770156640319,0.027832853706592744,1.3205310538384112,1.2829275038370707,1.3592043386044574,4478,True,False
h7_neglect,6,mst,13-24,33927,33907,20180,393,338,launch_200,0.9994104990125858,0.5951573421417407,0.011590527029816852,0.016749256689791873,1.4450815434625268,1.3000637552241676,1.6059698717355677,338,True,False
h7_neglect,6,mst,>24,61837,61803,37627,736,589,launch_200,0.9994501673755195,0.6088215782405385,0.011908807015840656,0.0156536529619688,1.3144602092507578,1.213215367991491,1.4240087194523556,589,True,False
h7_neglect,12,all,ALL,393429,390402,220470,7272,5237,launch_200,0.9923061085990103,0.5647255905451304,0.01862695375535986,0.02375379870277135,1.2752379704564551,1.2415554430565798,1.30981145908109,5237,True,False
h7_neglect,12,drawdown,0-10,304121,301587,165921,4455,3266,launch_200,0.9916677901230102,0.5501596554228133,0.014771856877120034,0.019684066513581764,1.3325383990194353,1.2880371038414244,1.378545284038645,3266,True,False
h7_neglect,12,drawdown,10-20,38904,38621,23497,536,425,launch_200,0.9927256837343204,0.6083995753605551,0.013878459905232905,0.018087415414733795,1.3032725200231974,1.1860480471389852,1.4318489244734578,425,True,False
h7_neglect,12,drawdown,20-30,28427,28285,18701,489,441,launch_200,0.9950047490062265,0.6611631606858759,0.017288315361499027,0.023581626650981232,1.364021083482626,1.2437699470361754,1.4955912178190869,441,True,False
h7_neglect,12,drawdown,>30,21977,21909,12351,1792,1105,launch_200,0.9969058561223096,0.563740928385595,0.08179287050983614,0.08946643996437535,1.093817094408203,1.0338271726504034,1.1569282206571143,1105,True,False
h7_neglect,12,mst,0-12,297665,295242,160835,6159,4292,launch_200,0.991859976819579,0.5447565048333232,0.020860853130652144,0.02668573382659247,1.2792254304969661,1.2420073851987559,1.3175272848564883,4292,True,False
h7_neglect,12,mst,13-24,33927,33781,21090,393,353,launch_200,0.9956966427918766,0.624315443592552,0.011633758621710429,0.016737790422000947,1.4387259497343867,1.2972880658513353,1.5952936373225526,353,True,False
h7_neglect,12,mst,>24,61837,61379,38545,720,592,launch_200,0.9925934311172923,0.6279835122761857,0.011730396389644666,0.015358671682449086,1.3093054294403368,1.2086900518933437,1.4181550297633634,592,True,False
h8_fcf_divergence,0,all,ALL,393429,385058,45818,7058,431,launch_200,0.9787229716162256,0.1189898664616759,0.018329706174134805,0.00940678336025143,0.513198808037928,0.46717075128050545,0.563714522067611,431,True,False
h8_fcf_divergence,0,drawdown,0-10,304121,297159,36733,4279,305,launch_200,0.9771077959101805,0.12361395751096214,0.01439969847791923,0.008303160645740887,0.5766204520513475,0.5156522657898062,0.6447297921496616,305,True,False
h8_fcf_divergence,0,drawdown,10-20,38904,38142,4409,528,31,launch_200,0.9804133251079581,0.11559435792564626,0.013843007708038382,0.007031072805624858,0.5079151116517866,0.3581484665958456,0.7196825069608231,31,False,False
h8_fcf_divergence,0,drawdown,20-30,28427,28084,2768,487,27,launch_200,0.987934006402364,0.09856145848169777,0.01734083463894032,0.009754335260115607,0.5625066764786175,0.38708912833901826,0.8162855121747127,27,False,False
h8_fcf_divergence,0,drawdown,>30,21977,21673,1908,1764,68,launch_200,0.9861673567820903,0.08803580491856226,0.0813915932265953,0.03563941299790356,0.4378758491516802,0.3465974523259816,0.5520813980227646,68,False,False
h8_fcf_divergence,0,mst,0-12,297665,291090,35382,5970,348,launch_200,0.9779114104782222,0.12155003607131815,0.020509120890446254,0.009835509581142954,0.4795675852554276,0.4319603440636405,0.5323639194925505,348,True,False
h8_fcf_divergence,0,mst,13-24,33927,33453,2933,385,12,launch_200,0.9860288265982845,0.08767524586733626,0.011508683825068006,0.004091374019774974,0.35550320800917456,0.2035001204965018,0.6202316697563115,12,False,False
h8_fcf_divergence,0,mst,>24,61837,60515,7503,703,71,launch_200,0.9786212138363762,0.12398578864744278,0.011616954474097331,0.009462881514061043,0.814575070872552,0.646421681794537,1.025944854212589,71,False,False
h8_fcf_divergence,3,all,ALL,393429,379889,45400,6855,489,launch_200,0.9655846417015522,0.11950859329962173,0.018044744649094866,0.01077092511013216,0.5969009437145144,0.5465278282450392,0.6518617601755498,489,True,False
h8_fcf_divergence,3,drawdown,0-10,304121,292910,36774,4141,311,launch_200,0.963136383215891,0.12554709637772696,0.014137448362978389,0.008457062054712569,0.5982028607693453,0.5355362404566463,0.6681327207917989,311,True,False
h8_fcf_divergence,3,drawdown,10-20,38904,37690,4079,518,48,launch_200,0.9687949825210775,0.10822499336694083,0.013743698593791457,0.01176759009561167,0.856217124910432,0.6466531502537903,1.132628827625141,48,False,False
h8_fcf_divergence,3,drawdown,20-30,28427,27907,2578,481,23,launch_200,0.981707531572097,0.09237825635145304,0.01723581897015086,0.008921644685802949,0.5176223248372201,0.34534730314804296,0.7746816551125703,23,False,False
h8_fcf_divergence,3,drawdown,>30,21977,21382,1969,1715,107,launch_200,0.9729262410702098,0.09208680198297634,0.08020765129548219,0.05434230573895378,0.677520222338373,0.5631548779417861,0.8135236908934531,107,True,False
h8_fcf_divergence,3,mst,0-12,297665,286984,35476,5793,418,launch_200,0.9641173802764853,0.12361664761798567,0.02018579432999749,0.011782613597925358,0.5837081962345954,0.530641744216023,0.6420120020366772,418,True,False
h8_fcf_divergence,3,mst,13-24,33927,33240,3090,375,16,launch_200,0.9797506410823238,0.09296028880866426,0.01128158844765343,0.005177993527508091,0.45897734627831716,0.2827444408754398,0.744130063672329,16,False,False
h8_fcf_divergence,3,mst,>24,61837,59665,6834,687,55,launch_200,0.9648753982243641,0.11453951227687924,0.011514288108606385,0.008047995317529998,0.6989572643674342,0.5374755361952483,0.908444691790143,55,False,False
h8_fcf_divergence,6,all,ALL,393429,374772,45018,6631,506,launch_200,0.9525784830299749,0.12012103358842176,0.01769342426862199,0.011239948465058422,0.6352613431076573,0.5825312056721217,0.6927054497434849,506,True,False
h8_fcf_divergence,6,drawdown,0-10,304121,288867,35803,3985,309,launch_200,0.9498423324926591,0.12394285259306186,0.01379527602668356,0.008630561684775018,0.6256171799738783,0.5598834463480474,0.6989934570725761,309,True,False
h8_fcf_divergence,6,drawdown,10-20,38904,37190,3877,504,34,launch_200,0.9559428336417849,0.10424845388545308,0.01355203011562248,0.008769667268506576,0.6471109637217451,0.4635861814294881,0.9023955264567747,34,False,False
h8_fcf_divergence,6,drawdown,20-30,28427,27710,2974,476,35,launch_200,0.9747775002638337,0.1073258751353302,0.01717791411042945,0.011768661735036988,0.6851042367182246,0.49332153295522896,0.9502166285727985,35,False,False
h8_fcf_divergence,6,drawdown,>30,21977,21005,2364,1666,128,launch_200,0.9557719433953679,0.11254463223042133,0.0793144489407284,0.05414551607445008,0.68266900668897,0.5765029380774761,0.807074636734511,128,True,False
h8_fcf_divergence,6,mst,0-12,297665,282816,35377,5592,434,launch_200,0.950115062234391,0.1250883966960851,0.01977257298031229,0.012267857647624163,0.620448216822331,0.565054388979318,0.6811984843274621,434,True,False
h8_fcf_divergence,6,mst,13-24,33927,33060,3211,365,21,launch_200,0.9744451321955965,0.09712643678160919,0.011040532365396248,0.006540018685767673,0.5923644321958337,0.38780932785779654,0.9037336270311808,21,False,False
h8_fcf_divergence,6,mst,>24,61837,58896,6430,674,51,launch_200,0.9524394779824377,0.10917549578918773,0.011443901113827764,0.007931570762052876,0.6930827768573683,0.527619749534961,0.9098918773197765,51,False,False
h8_fcf_divergence,12,all,ALL,393429,365015,43287,6221,505,launch_200,0.9277785826667582,0.11858964700080818,0.017043135213621358,0.011666320142306005,0.6845172555447399,0.6276555468229593,0.7464640390675776,505,True,False
h8_fcf_divergence,12,drawdown,0-10,304121,281218,33619,3716,259,launch_200,0.9246911591110117,0.1195478241079874,0.013213947898071959,0.007703976917814331,0.5830185632061116,0.5164215578552646,0.6581286249268816,259,True,False
h8_fcf_divergence,12,drawdown,10-20,38904,36432,4679,488,38,launch_200,0.9364589759407773,0.1284310496267018,0.01339481774264383,0.008121393460141057,0.6063086199587274,0.44217092976153555,0.8306936471323385,38,False,False
h8_fcf_divergence,12,drawdown,20-30,28427,27038,2434,447,31,launch_200,0.951138002603159,0.09002145129077595,0.01653228789111621,0.012736236647493838,0.770385607326484,0.5436063833043466,1.0900511779788726,31,False,False
h8_fcf_divergence,12,drawdown,>30,21977,20327,2555,1570,177,launch_200,0.9249215088501616,0.12569488857185024,0.07723717223397451,0.06927592954990215,0.8969247260897204,0.7776417024808001,1.032951609660484,177,True,False
h8_fcf_divergence,12,mst,0-12,297665,274859,33975,5221,440,launch_200,0.9233836695614197,0.12360883216485544,0.01899519389941752,0.012950699043414275,0.6817881992671527,0.6213334038002195,0.748040575542799,440,True,False
h8_fcf_divergence,12,mst,13-24,33927,32675,3587,357,29,launch_200,0.963097238187874,0.10977811782708492,0.010925784238714613,0.008084750487872874,0.7399698100595131,0.5157607595669427,1.0605102046389328,29,False,False
h8_fcf_divergence,12,mst,>24,61837,57481,5725,643,36,launch_200,0.9295567378753821,0.09959812807710373,0.011186305039926236,0.0062882096069868994,0.5621346445088864,0.406364097179925,0.7770949031426764,36,False,False
h9_rs6_top_decile,0,all,ALL,393429,393051,39379,7394,1219,launch_200,0.9990392167328793,0.10018801631340463,0.01881180813685756,0.03095558546433378,1.6455401436762045,1.5570100540896488,1.7389343340521088,1219,True,False
h9_rs6_top_decile,0,drawdown,0-10,304121,303819,30441,4559,906,launch_200,0.99900697419777,0.10019452371313183,0.015005644808257548,0.029762491376761603,1.983419690194414,1.860105551841594,2.1146419817331354,906,True,False
h9_rs6_top_decile,0,drawdown,10-20,38904,38871,3895,543,102,launch_200,0.9991517581739667,0.10020323634586195,0.013969283013043142,0.02618741976893453,1.8746430825750537,1.5476779808524184,2.2684461280392205,102,True,False
h9_rs6_top_decile,0,drawdown,20-30,28427,28392,2843,491,99,launch_200,0.9987687761635066,0.1001338405184559,0.01729360383206537,0.03482237073513894,2.01359826866001,1.658791031996096,2.4409987515970237,99,False,False
h9_rs6_top_decile,0,drawdown,>30,21977,21969,2200,1801,112,launch_200,0.9996359830732129,0.10014110792480313,0.08197915244207747,0.05090909090909091,0.6210004542930695,0.5181973454554862,0.7429010700284507,112,True,False
h9_rs6_top_decile,0,mst,0-12,297665,297362,29793,6265,1008,launch_200,0.9989820771672854,0.10019101297408546,0.021068596525447097,0.033833450810593094,1.6058711252896383,1.5112443307617096,1.706202996085801,1008,True,False
h9_rs6_top_decile,0,mst,13-24,33927,33898,3395,393,85,launch_200,0.9991452235682495,0.10015340138061242,0.011593604342439083,0.025036818851251842,2.1595371130273153,1.750428105831694,2.6612516130086044,85,False,False
h9_rs6_top_decile,0,mst,>24,61837,61791,6191,736,126,launch_200,0.9992561088021734,0.10019258468061693,0.011911119742357302,0.020352124051041837,1.7086658929863126,1.4373799678434824,2.029893817326058,126,True,False
h9_rs6_top_decile,3,all,ALL,393429,362119,34290,6544,1125,launch_200,0.9204176611281832,0.09469262866626717,0.018071407465501673,0.03280839895013123,1.8154866472222755,1.7140153344304194,1.9227497538870972,1125,True,False
h9_rs6_top_decile,3,drawdown,0-10,304121,278398,26429,4003,826,launch_200,0.9154185340703207,0.09493243485944583,0.01437869524924748,0.03125354723977449,2.173601060319445,2.0323766267917365,2.32430096575847,826,True,True
h9_rs6_top_decile,3,drawdown,10-20,38904,36564,3451,494,106,launch_200,0.9398519432449105,0.09438245268570178,0.01351055683185647,0.030715734569689946,2.273461778959804,1.8844757272323223,2.7396911283518324,106,True,True
h9_rs6_top_decile,3,drawdown,20-30,28427,26790,2467,443,86,launch_200,0.9424139022760052,0.09208659947741694,0.016536020903322134,0.03486015403323875,2.1081343714457477,1.7123104307042232,2.5914232188039015,86,False,False
h9_rs6_top_decile,3,drawdown,>30,21977,20367,1943,1604,107,launch_200,0.926741593484097,0.09539942063141356,0.07875484852948397,0.055069480185280496,0.6992519344972618,0.5812523514621694,0.8395466724733552,107,True,False
h9_rs6_top_decile,3,mst,0-12,297665,279698,26533,5589,947,launch_200,0.939640199553189,0.09486303084040644,0.019982266587533697,0.035691403158331136,1.7861538880978534,1.677762934303481,1.9012721130139114,947,True,False
h9_rs6_top_decile,3,mst,13-24,33927,31662,2961,351,80,launch_200,0.9332390131753471,0.09351904491188175,0.011085844229675953,0.02701789935832489,2.4371530754509476,1.963089383065109,3.0217774331454064,80,False,False
h9_rs6_top_decile,3,mst,>24,61837,50759,4796,604,98,launch_200,0.8208515937060336,0.09448570696822238,0.011899367599834513,0.02043369474562135,1.717208462902308,1.411562740123691,2.0873637445900473,98,False,False
h9_rs6_top_decile,6,all,ALL,393429,345162,31894,6194,1090,launch_200,0.877317127105526,0.09240298758264236,0.0179451967481936,0.03417570702953534,1.9044487229138647,1.7964275732136272,2.018722158078403,1090,True,False
h9_rs6_top_decile,6,drawdown,0-10,304121,263487,24336,3675,728,launch_200,0.8663887071264398,0.09236129296701545,0.013947557184984458,0.029914529914529916,2.144786324786325,1.9965739856481166,2.3036373285057263,728,True,True
h9_rs6_top_decile,6,drawdown,10-20,38904,35969,3295,484,108,launch_200,0.9245578860785524,0.09160666129166782,0.013456031582751814,0.03277693474962064,2.435854475225423,2.022939628498819,2.929636449517587,108,True,True
h9_rs6_top_decile,6,drawdown,20-30,28427,25700,2417,410,78,launch_200,0.9040700742252085,0.09404669260700389,0.015953307392996108,0.032271410839884156,2.022866484353714,1.625678816748588,2.5131012898883194,78,False,False
h9_rs6_top_decile,6,drawdown,>30,21977,20006,1846,1625,176,launch_200,0.9103153296628294,0.09227231830450865,0.08122563231030691,0.09534127843986999,1.1737831485957162,1.0190371689571074,1.349220414066566,176,True,False
h9_rs6_top_decile,6,mst,0-12,297665,271774,25175,5361,930,launch_200,0.9130196697629885,0.09263211344720246,0.019725948766254314,0.036941410129096325,1.87273172848816,1.7581519479043657,1.9944744024300964,930,True,False
h9_rs6_top_decile,6,mst,13-24,33927,30989,2835,322,76,launch_200,0.9134023049488608,0.09148407499435283,0.010390783826519088,0.026807760141093474,2.579955524883061,2.0664485672968786,3.216708912844384,76,False,False
h9_rs6_top_decile,6,mst,>24,61837,42399,3884,511,84,launch_200,0.6856574542749486,0.09160593410221939,0.012052171041769854,0.021627188465499485,1.7944641169250737,1.4522752259928604,2.2150896222834975,84,False,False
h9_rs6_top_decile,12,all,ALL,393429,317257,28710,5667,1092,launch_200,0.8063894629018197,0.0904944571750978,0.017862490031740827,0.03803552769070011,2.12935193375127,2.0089025511200815,2.256721242603485,1092,True,True
h9_rs6_top_decile,12,drawdown,0-10,304121,239038,21535,3289,715,launch_200,0.7859963632896118,0.09009027853312025,0.01375931860206327,0.033201764569305785,2.4130384308658304,2.245088337786998,2.5930899380802583,715,True,True
h9_rs6_top_decile,12,drawdown,10-20,38904,33830,3103,415,78,launch_200,0.8695763931729386,0.09172332249482708,0.01226721844516701,0.02513696422816629,2.049116867081604,1.6457192564478007,2.5482403556984665,78,False,False
h9_rs6_top_decile,12,drawdown,20-30,28427,24312,2157,367,58,launch_200,0.8552432546522672,0.08872161895360316,0.015095426127015466,0.02688919796012981,1.7812811466121958,1.3817602794732617,2.292236795674383,58,False,False
h9_rs6_top_decile,12,drawdown,>30,21977,20077,1915,1596,241,launch_200,0.9135459798880647,0.09538277631120187,0.07949394829904867,0.12584856396866842,1.5831213150369396,1.4056201810178017,1.7794676355491539,241,True,False
h9_rs6_top_decile,12,mst,0-12,297665,260388,23565,4958,963,launch_200,0.874768615725732,0.09049956219180608,0.019040816013026714,0.04086569064290261,2.146215299540969,2.0173440253004,2.2829469284091966,963,True,True
h9_rs6_top_decile,12,mst,13-24,33927,29399,2735,292,62,launch_200,0.8665369764494355,0.09303037518282935,0.0099323106228103,0.0226691042047532,2.2823595702586963,1.7844874781305426,2.915043659842307,62,False,False
h9_rs6_top_decile,12,mst,>24,61837,27470,2410,417,67,launch_200,0.44423241748467746,0.08773207135056425,0.015180196578085184,0.02780082987551867,1.8313880016318893,1.446025722896582,2.3157571356163604,67,False,False
h9_rs12_top_decile,0,all,ALL,393429,389343,39007,7218,1237,launch_200,0.9896143903982675,0.10018672481590782,0.018538923263035422,0.0317122567744251,1.7105770558776658,1.6192349248719589,1.806893912712165,1237,True,False
h9_rs12_top_decile,0,drawdown,0-10,304121,300669,30122,4407,920,launch_200,0.9886492547374236,0.10018325800132372,0.014657314189357732,0.030542460659982736,2.0837692544080664,1.9552219305243583,2.2204848263663446,920,True,True
h9_rs12_top_decile,0,drawdown,10-20,38904,38548,3861,535,134,launch_200,0.9908492699979436,0.10016083843519767,0.013878800456573623,0.03470603470603471,2.5006508894359363,2.1168613241997973,2.951085825607074,134,True,True
h9_rs12_top_decile,0,drawdown,20-30,28427,28261,2833,488,93,launch_200,0.9941604812326309,0.10024415271929514,0.01726761261101872,0.032827391457818565,1.9010961270274802,1.5562444006539438,2.3192195408465675,93,False,False
h9_rs12_top_decile,0,drawdown,>30,21977,21865,2191,1788,90,launch_200,0.9949037630249806,0.10020580836954036,0.08177452549737023,0.041077133728890915,0.5023218842182325,0.41013415233370587,0.6141542841269779,90,False,False
h9_rs12_top_decile,0,mst,0-12,297665,294396,29496,6111,1019,launch_200,0.9890178556430888,0.10019157868992785,0.02075775486079974,0.034547057228098726,1.664296426071568,1.566774999820353,1.7676577051741222,1019,True,False
h9_rs12_top_decile,0,mst,13-24,33927,33730,3381,392,102,launch_200,0.9941934152739705,0.10023717758671806,0.011621701749184702,0.030168589174800354,2.595883961392898,2.143814154133464,3.1397151991618593,102,True,True
h9_rs12_top_decile,0,mst,>24,61837,61217,6130,715,116,launch_200,0.9899736403771205,0.10013558325301795,0.011679762157570609,0.01892332789559543,1.6201809283701616,1.352896032448009,1.9390568232175451,116,True,False
h9_rs12_top_decile,3,all,ALL,393429,358858,34670,6370,1156,launch_200,0.9121289991332616,0.09661203038527774,0.017750753780046705,0.033342947793481396,1.8783961631512003,1.7748132874891407,1.9878041639423032,1156,True,False
h9_rs12_top_decile,3,drawdown,0-10,304121,275744,26738,3858,862,launch_200,0.9066917444043654,0.09696675176975746,0.013991238249970988,0.03223876131348642,2.3042107308517368,2.1576264193422814,2.4604001658701993,862,True,True
h9_rs12_top_decile,3,drawdown,10-20,38904,36221,3486,486,106,launch_200,0.9310353691137158,0.09624251125037961,0.013417630656249136,0.030407343660355707,2.266223034406881,1.8784293169834765,2.7310655644852426,106,True,True
h9_rs12_top_decile,3,drawdown,20-30,28427,26656,2471,439,79,launch_200,0.9377000738734302,0.09269957983193278,0.01646908763505402,0.03197086199919061,1.9412649144656604,1.5622220222304384,2.4085308739836164,79,False,False
h9_rs12_top_decile,3,drawdown,>30,21977,20237,1975,1587,109,launch_200,0.9208263184238067,0.09759351682561644,0.07842071453278648,0.05518987341772152,0.7037665207022246,0.5860097397493989,0.8435454180962548,109,True,False
h9_rs12_top_decile,3,mst,0-12,297665,277066,26782,5441,970,launch_200,0.9307980447818857,0.09666288898673962,0.019637920206737745,0.03621835561197819,1.8443070972226336,1.7337096382516313,1.9616784589157317,970,True,False
h9_rs12_top_decile,3,mst,13-24,33927,31447,2987,338,83,launch_200,0.9269018775606449,0.09498521321588704,0.010748243075651096,0.02778707733511885,2.5852669259097114,2.090753814607197,3.1926382531469413,83,False,False
h9_rs12_top_decile,3,mst,>24,61837,50345,4901,591,103,launch_200,0.8141565729255947,0.09734829675240839,0.011739000893832556,0.021016119159355234,1.7902817581687633,1.4787937738388215,2.1656830029710537,103,True,False
h9_rs12_top_decile,6,all,ALL,393429,342121,32542,6015,1161,launch_200,0.8695876511390873,0.09511839378465514,0.017581498943356297,0.03567697129862946,2.0292337651967434,1.9176914112941397,2.147010524001667,1161,True,True
h9_rs12_top_decile,6,drawdown,0-10,304121,261023,24875,3548,804,launch_200,0.8582866687930133,0.09529811549173828,0.013592671910138188,0.032321608040201004,2.377870094553942,2.221421447963111,2.544943975122732,804,True,True
h9_rs12_top_decile,6,drawdown,10-20,38904,35720,3353,476,94,launch_200,0.9181575159366646,0.09386898096304591,0.013325867861142216,0.028034595884282733,2.103772615518024,1.723303332854261,2.565302536066965,94,False,False
h9_rs12_top_decile,6,drawdown,20-30,28427,25558,2386,404,60,launch_200,0.899074823231435,0.09335628765944128,0.015807183660693325,0.025146689019279127,1.5908393018681581,1.239083996596615,2.0391690174054746,60,False,False
h9_rs12_top_decile,6,drawdown,>30,21977,19820,1928,1587,203,launch_200,0.9018519361150293,0.09727547931382442,0.08007063572149344,0.10529045643153527,1.314969657512936,1.1535586606893926,1.4959853025184084,203,True,False
h9_rs12_top_decile,6,mst,0-12,297665,269235,25674,5196,1012,launch_200,0.9044899467522215,0.09535907292885397,0.01929912529945958,0.03941730934018852,2.0424402001935444,1.922636421534618,2.16938462739954,1012,True,True
h9_rs12_top_decile,6,mst,13-24,33927,30829,2890,315,65,launch_200,0.9086862970495475,0.0937429044081871,0.010217652210580946,0.02249134948096886,2.2012248036469493,1.7309124720626563,2.7956113621422305,65,False,False
h9_rs12_top_decile,6,mst,>24,61837,42057,3978,504,84,launch_200,0.6801267849345861,0.09458591910977958,0.011983736357800128,0.021116138763197588,1.7620663650075417,1.4259920685570127,2.1752452414228953,84,False,False
h9_rs12_top_decile,12,all,ALL,393429,314533,29466,5500,1116,launch_200,0.7994657231673313,0.09368174404593477,0.017486241507250432,0.037874160048869884,2.165940578663853,2.044700010740311,2.2940710346444866,1116,True,True
h9_rs12_top_decile,12,drawdown,0-10,304121,236870,22217,3175,723,launch_200,0.778867621768967,0.09379406425465445,0.013403976864947017,0.03254264752216771,2.4278352499451548,2.259708841124302,2.608019623496941,723,True,True
h9_rs12_top_decile,12,drawdown,10-20,38904,33636,3080,411,87,launch_200,0.8645897594077729,0.0915685574979189,0.012219051016767749,0.028246753246753246,2.311697791259835,1.8788307244421067,2.8407507909766516,87,False,False
h9_rs12_top_decile,12,drawdown,20-30,28427,24186,2181,361,47,launch_200,0.8508108488408908,0.09017613495410567,0.014925990242288927,0.021549747822099955,1.443773409488392,1.0883284997995952,1.9119380364420195,47,False,False
h9_rs12_top_decile,12,drawdown,>30,21977,19841,1988,1553,259,launch_200,0.9028074805478454,0.10019656267325236,0.07827226450279724,0.13028169014084506,1.6644681352765658,1.4844966053865516,1.8626590822223381,259,True,False
h9_rs12_top_decile,12,mst,0-12,297665,257873,24293,4799,996,launch_200,0.866319520266071,0.09420528709868811,0.018609935898678806,0.040999464866422426,2.2030954372783813,2.0729623060061257,2.3410276719708873,996,True,True
h9_rs12_top_decile,12,mst,13-24,33927,29311,2689,289,43,launch_200,0.8639431721048133,0.0917403022755962,0.009859779604926478,0.015991074748977315,1.6218491071531975,1.2062785753762257,2.177475588520382,43,False,False
h9_rs12_top_decile,12,mst,>24,61837,27349,2484,412,77,launch_200,0.44227566020343806,0.09082598998135215,0.01506453618048192,0.030998389694041867,2.0577062129668713,1.6511520987220327,2.560404297560644,77,False,False
h10_sponsorship,0,all,ALL,393429,170201,8103,3187,249,launch_200,0.432609187426448,0.04760841593175128,0.018724919360050763,0.030729359496482783,1.641094356969208,1.4519859680426093,1.8539535289366216,249,True,False
h10_sponsorship,0,drawdown,0-10,304121,167888,8005,3063,238,launch_200,0.5520434300821054,0.04768059658820166,0.018244305727627943,0.029731417863835104,1.62962725508441,1.437729265658961,1.8462524542114647,238,True,False
h10_sponsorship,0,drawdown,10-20,38904,2313,98,124,11,launch_200,0.05945404071560765,0.04236921746649373,0.05361003026372676,0.11224489795918367,2.093729427254773,1.190872283836781,3.542235165485873,11,False,False
h10_sponsorship,0,drawdown,20-30,28427,0,0,0,0,launch_200,0.0,,,,,,,0,False,False
h10_sponsorship,0,drawdown,>30,21977,0,0,0,0,launch_200,0.0,,,,,,,0,False,False
h10_sponsorship,0,mst,0-12,297665,163092,7755,3108,243,launch_200,0.5479045235415652,0.04754984916488853,0.019056728717533663,0.031334622823984526,1.6442813081110952,1.452670300886579,1.8602448307119566,243,True,False
h10_sponsorship,0,mst,13-24,33927,7109,348,79,6,launch_200,0.209538125976361,0.048952032634688426,0.01111267407511605,0.017241379310344827,1.5515058926233085,0.7131701708870182,3.3384580228262726,6,False,False
h10_sponsorship,0,mst,>24,61837,0,0,0,0,launch_200,0.0,,,,,,,0,False,False
h10_sponsorship,3,all,ALL,393429,162716,8160,3121,271,launch_200,0.4135841536846547,0.05014872538656309,0.019180658324934242,0.03321078431372549,1.7314725986517643,1.5399525043070539,1.9458955112750103,271,True,False
h10_sponsorship,3,drawdown,0-10,304121,160411,8051,2999,261,launch_200,0.527457821064642,0.0501898248873207,0.018695725355493076,0.03241833312631971,1.7339970774011577,1.538702141721682,1.9531472834497747,261,True,False
h10_sponsorship,3,drawdown,10-20,38904,2305,109,122,10,launch_200,0.05924840633353897,0.0472885032537961,0.052928416485900215,0.09174311926605505,1.733343359903745,0.9559597256912282,3.035899648398014,10,False,False
h10_sponsorship,3,drawdown,20-30,28427,0,0,0,0,launch_200,0.0,,,,,,,0,False,False
h10_sponsorship,3,drawdown,>30,21977,0,0,0,0,launch_200,0.0,,,,,,,0,False,False
h10_sponsorship,3,mst,0-12,297665,155595,7819,3041,266,launch_200,0.5227184922647943,0.0502522574632861,0.019544329830650086,0.03401969561324977,1.740642729017954,1.5464783589918192,1.9582228684911598,266,True,False
h10_sponsorship,3,mst,13-24,33927,7121,341,80,5,launch_200,0.2098918265688095,0.047886532790338436,0.011234377194214296,0.01466275659824047,1.3051686217008798,0.558899447283153,3.0139391048686366,5,False,False
h10_sponsorship,3,mst,>24,61837,0,0,0,0,launch_200,0.0,,,,,,,0,False,False
h10_sponsorship,6,all,ALL,393429,154609,8018,3011,294,launch_200,0.3929781485350597,0.051859852919299655,0.019474933542031836,0.03666749812920928,1.8828047885283685,1.6827053525414462,2.1056902664309125,294,True,False
h10_sponsorship,6,drawdown,0-10,304121,152309,7913,2889,282,launch_200,0.5008171089796496,0.05195359433782639,0.01896801896145336,0.035637558448123344,1.8788234301402624,1.6750847438653447,2.1063200873944496,282,True,False
h10_sponsorship,6,drawdown,10-20,38904,2300,105,122,12,launch_200,0.05911988484474604,0.04565217391304348,0.05304347826086957,0.11428571428571428,2.154566744730679,1.255517585516633,3.56690916170914,12,False,False
h10_sponsorship,6,drawdown,20-30,28427,0,0,0,0,launch_200,0.0,,,,,,,0,False,False
h10_sponsorship,6,drawdown,>30,21977,0,0,0,0,launch_200,0.0,,,,,,,0,False,False
h10_sponsorship,6,mst,0-12,297665,147538,7611,2932,285,launch_200,0.4956511514622142,0.05158670986457726,0.019872846317558868,0.037445802128498226,1.884269697965338,1.6811191922703748,2.1109039765393978,285,True,False
h10_sponsorship,6,mst,13-24,33927,7071,407,79,9,launch_200,0.20841807410027413,0.05755904398246359,0.011172394286522416,0.022113022113022112,1.9792554349516374,1.045119167311075,3.7132828018591315,9,False,False
h10_sponsorship,6,mst,>24,61837,0,0,0,0,launch_200,0.0,,,,,,,0,False,False
h10_sponsorship,12,all,ALL,393429,137584,7360,2746,269,launch_200,0.34970477519450777,0.053494592394464476,0.019958716129782533,0.03654891304347826,1.8312256562905727,1.6282564089456995,2.058421536536106,269,True,False
h10_sponsorship,12,drawdown,0-10,304121,135315,7235,2630,257,launch_200,0.44493803453230785,0.05346783431253002,0.019436130510290802,0.035521769177608846,1.8276152837521449,1.6205507702267066,2.060043501332301,257,True,False
h10_sponsorship,12,drawdown,10-20,38904,2269,125,116,12,launch_200,0.0583230516142299,0.05509034817100044,0.05112384310268841,0.096,1.877793103448276,1.0909044096303888,3.1359069052193735,12,False,False
h10_sponsorship,12,drawdown,20-30,28427,0,0,0,0,launch_200,0.0,,,,,,,0,False,False
h10_sponsorship,12,drawdown,>30,21977,0,0,0,0,launch_200,0.0,,,,,,,0,False,False
h10_sponsorship,12,mst,0-12,297665,130695,6977,2677,262,launch_200,0.439067407992206,0.05338383258732163,0.02048280347373656,0.037551956428264296,1.833340659466568,1.6276847662328209,2.0638445824309724,262,True,False
h10_sponsorship,12,mst,13-24,33927,6889,383,69,7,launch_200,0.20305361511480532,0.055595877485847,0.010015967484395413,0.018276762402088774,1.824762553449124,0.8866692840518169,3.718063628326912,7,False,False
h10_sponsorship,12,mst,>24,61837,0,0,0,0,launch_200,0.0,,,,,,,0,False,False
h11_insider_cluster,0,all,ALL,393429,324130,13058,7167,503,launch_200,0.8238589427825606,0.04028630487767254,0.022111498472834973,0.038520447235411245,1.7421002598596131,1.5988521081650906,1.8976243885029231,503,True,False
h11_insider_cluster,0,drawdown,0-10,304121,242153,8685,4351,212,launch_200,0.7962389969781765,0.03586575429583776,0.01796797892241682,0.024409902130109382,1.3585224156544191,1.1892596308739638,1.5511896205863247,212,True,False
h11_insider_cluster,0,drawdown,10-20,38904,31573,1598,524,55,launch_200,0.8115617931318116,0.050612865422988,0.016596458999778293,0.0344180225281602,2.073817223819851,1.5989911003367523,2.68319448610301,55,False,False
h11_insider_cluster,0,drawdown,20-30,28427,28427,1151,491,28,launch_200,1.0,0.040489675308685406,0.017272311534808456,0.02432667245873154,1.4084201995608177,0.977500665619161,2.022555209458602,28,False,False
h11_insider_cluster,0,drawdown,>30,21977,21977,1624,1801,208,launch_200,1.0,0.07389543613778041,0.0819493106429449,0.12807881773399016,1.5629029302275965,1.3752284044067884,1.7719974669961427,208,True,False
h11_insider_cluster,0,mst,0-12,297665,261673,10663,6234,422,launch_200,0.8790855491912049,0.04074933218176885,0.02382362719883213,0.03957610428584826,1.6612123735628443,1.512716923676046,1.8236278580579917,422,True,False
h11_insider_cluster,0,mst,13-24,33927,33927,1047,393,16,launch_200,1.0,0.030860376691130956,0.011583694402688124,0.015281757402101241,1.319247285956969,0.8139090550288174,2.1305219924138634,16,False,False
h11_insider_cluster,0,mst,>24,61837,28530,1348,540,65,launch_200,0.46137425813024563,0.04724851033999299,0.01892744479495268,0.04821958456973294,2.5476013847675567,2.0082727835553524,3.2225849952458097,65,False,False
h11_insider_cluster,3,all,ALL,393429,316750,12826,7134,493,launch_200,0.8051007932816341,0.04049250197316496,0.02252249408050513,0.03843754872914393,1.7066293187491364,1.564935565737337,1.8605951717331572,493,True,False
h11_insider_cluster,3,drawdown,0-10,304121,237276,8642,4329,214,launch_200,0.7802026167216338,0.03642171985367252,0.01824457593688363,0.02476278639203888,1.3572684000825634,1.188927486815673,1.5487563598726184,214,True,False
h11_insider_cluster,3,drawdown,10-20,38904,29079,1429,513,34,launch_200,0.7474552745219001,0.04914199250318099,0.017641597028783658,0.023792862141357594,1.3486796066443225,0.9679259221896913,1.8741724512929614,34,False,False
h11_insider_cluster,3,drawdown,20-30,28427,28421,917,491,18,launch_200,0.9997889330566011,0.032264874564582526,0.01727595791844059,0.019629225736095966,1.1362163434736934,0.720766368429146,1.7836597880262932,18,False,False
h11_insider_cluster,3,drawdown,>30,21977,21974,1838,1801,227,launch_200,0.9998634936524549,0.0836443069081642,0.08196049877127515,0.1235038084874864,1.5068698987806919,1.3328708931715723,1.7000304234208317,227,True,False
h11_insider_cluster,3,mst,0-12,297665,254302,10408,6201,426,launch_200,0.8543228125577411,0.040927715865388396,0.024384393359077,0.04093005380476557,1.6785348399708908,1.529256635000676,1.8417050695623896,426,True,False
h11_insider_cluster,3,mst,13-24,33927,33921,1140,393,7,launch_200,0.9998231497037757,0.03360749977889803,0.011585743344830635,0.0061403508771929825,0.5299919646444355,0.2569988137651965,1.089297405768917,7,False,False
h11_insider_cluster,3,mst,>24,61837,28527,1278,540,60,launch_200,0.46132574348690913,0.044799663476706275,0.018929435271847723,0.046948356807511735,2.4801773604590505,1.935979375033488,3.167825798475689,60,False,False
h11_insider_cluster,6,all,ALL,393429,309486,12812,7088,381,launch_200,0.7866374873229985,0.04139767226950492,0.022902489934924358,0.0297377458632532,1.2984503408909114,1.1760501104749608,1.4331599598019868,381,True,False
h11_insider_cluster,6,drawdown,0-10,304121,237177,9045,4326,188,launch_200,0.7798770883957372,0.03813607558911699,0.018239542620068556,0.020784964068546158,1.1395551139356386,0.989165517546759,1.3122521484900262,188,True,False
h11_insider_cluster,6,drawdown,10-20,38904,24318,752,490,25,launch_200,0.6250771128932757,0.03092359569043507,0.020149683362118594,0.03324468085106383,1.6498860182370823,1.122498233869905,2.4127334691697353,25,False,False
h11_insider_cluster,6,drawdown,20-30,28427,26022,1269,471,28,launch_200,0.9153973335209484,0.048766428406732766,0.018100069172238876,0.02206461780929866,1.2190349992220164,0.8458150947676989,1.7516374718309107,28,False,False
h11_insider_cluster,6,drawdown,>30,21977,21969,1746,1801,140,launch_200,0.9996359830732129,0.07947562474395739,0.08197915244207747,0.08018327605956473,0.9780934990297487,0.8337126662395445,1.144958860784929,140,True,False
h11_insider_cluster,6,mst,0-12,297665,247056,10548,6155,332,launch_200,0.8299800110862883,0.042694773654556054,0.024913379962437667,0.03147516116799393,1.26338382088057,1.1363369035561521,1.404123715736501,332,True,False
h11_insider_cluster,6,mst,13-24,33927,33907,1142,393,9,launch_200,0.9994104990125858,0.03368036098740673,0.011590527029816852,0.00788091068301226,0.6799441183941392,0.358193748674658,1.2863821727076181,9,False,False
h11_insider_cluster,6,mst,>24,61837,28523,1122,540,40,launch_200,0.46126105729579375,0.039336675665252605,0.018932089892367564,0.035650623885918005,1.8830791575889614,1.388592243471385,2.5449428698141867,40,False,False
h11_insider_cluster,12,all,ALL,393429,296069,13412,5798,295,launch_200,0.7525347648495663,0.04530025095501387,0.019583272818160632,0.021995228153892037,1.1231640573119457,1.00322797551131,1.2570784670541804,295,True,False
h11_insider_cluster,12,drawdown,0-10,304121,235512,9715,4225,216,launch_200,0.7744022938238398,0.04125055198885832,0.017939637895308943,0.022233659289758106,1.239359424059056,1.0861478983015695,1.4136239291450616,216,True,False
h11_insider_cluster,12,drawdown,10-20,38904,24220,1174,483,18,launch_200,0.6225580917129344,0.04847233691164327,0.019942196531791908,0.015332197614991482,0.7688319383749351,0.48741210855796685,1.2087814270625983,18,False,False
h11_insider_cluster,12,drawdown,20-30,28427,25929,1871,469,31,launch_200,0.9121257958982657,0.07215858691040919,0.01808785529715762,0.016568679850347406,0.9160113002977781,0.6466694073088743,1.294877205404689,31,False,False
h11_insider_cluster,12,drawdown,>30,21977,10408,652,621,30,launch_200,0.47358602175001135,0.06264411990776327,0.05966564181398924,0.046012269938650305,0.7711686079250762,0.5433254096861723,1.0881465696042487,30,False,False
h11_insider_cluster,12,mst,0-12,297665,233914,10800,4874,249,launch_200,0.7858297078931014,0.04617081491488325,0.020836717768068606,0.023055555555555555,1.1064869146947522,0.9785655435100439,1.2506857395219904,249,True,False
h11_insider_cluster,12,mst,13-24,33927,33783,1603,393,27,launch_200,0.9957555928906181,0.047449900837699434,0.011633069887221384,0.01684341859014348,1.4478911201801965,0.9972741736628025,2.0970931934717614,27,False,False
h11_insider_cluster,12,mst,>24,61837,28372,1009,531,19,launch_200,0.45881915358118924,0.0355632313548569,0.018715635133229946,0.018830525272547076,1.0061387251086735,0.6458665013010381,1.5614305270066042,19,False,False
h13_stage2,0,all,ALL,393429,392969,9730,7388,84,launch_200,0.9988307928495358,0.02476022281655805,0.018800465176642432,0.008633093525179856,0.4591957403216571,0.37121287271008374,0.567807657746953,84,False,False
h13_stage2,0,drawdown,0-10,304121,303755,8180,4554,63,launch_200,0.998796531643655,0.026929597866701783,0.014992345805007325,0.007701711491442543,0.5137095683098659,0.40185377938611727,0.6563921052339472,63,False,False
h13_stage2,0,drawdown,10-20,38904,38858,633,542,7,launch_200,0.9988176023031051,0.01629008183643008,0.013948221730403006,0.011058451816745656,0.7928216248987134,0.384767679990151,1.6237709654760462,7,False,False
h13_stage2,0,drawdown,20-30,28427,28388,752,491,11,launch_200,0.9986280648679072,0.026490066225165563,0.017296040580526983,0.014627659574468085,0.8457230142566192,0.473353887530061,1.5033409258275467,11,False,False
h13_stage2,0,drawdown,>30,21977,21968,165,1801,3,launch_200,0.9995904809573645,0.007510924981791697,0.081982884195193,0.01818181818181818,0.2217757811316945,0.07565494386061004,0.635324743791308,3,False,False
h13_stage2,0,mst,0-12,297665,297307,7434,6260,56,launch_200,0.9987973056960006,0.025004456672732225,0.02105567645565022,0.007532956685499058,0.35776369860953167,0.2757402720976046,0.4639465861374312,56,False,False
h13_stage2,0,mst,13-24,33927,33892,719,393,11,launch_200,0.9989683732720253,0.02121444588693497,0.011595656792163343,0.015299026425591099,1.3193755817204416,0.7385379363745157,2.3444982469408635,11,False,False
h13_stage2,0,mst,>24,61837,61770,1577,735,17,launch_200,0.9989165062988179,0.025530192650153796,0.011898980087421079,0.01077996195307546,0.9059568025054029,0.5665457038196434,1.4451848701124754,17,False,False
h13_stage2,3,all,ALL,393429,391838,9509,7337,98,launch_200,0.9959560683121986,0.024267682052276706,0.018724574951893384,0.010306025870228205,0.5504010583260842,0.4520616444562131,0.6698621647905899,98,False,False
h13_stage2,3,drawdown,0-10,304121,302812,7825,4511,73,launch_200,0.9956957921353672,0.02584111593992312,0.01489703182172437,0.009329073482428115,0.62623706481069,0.4985383256526695,0.7862593699329908,73,False,False
h13_stage2,3,drawdown,10-20,38904,38741,849,539,11,launch_200,0.9958101994653507,0.02191476730079244,0.01391290880462559,0.012956419316843345,0.9312516526045047,0.5210855382905136,1.656778608090311,11,False,False
h13_stage2,3,drawdown,20-30,28427,28339,600,490,6,launch_200,0.9969043514968164,0.021172236141007092,0.017290659515155793,0.01,0.5783469387755102,0.26551457720769345,1.2517477960499055,6,False,False
h13_stage2,3,drawdown,>30,21977,21946,235,1797,8,launch_200,0.9985894344087,0.010708101704182994,0.08188280324432698,0.03404255319148936,0.41574728566523406,0.21187527218056584,0.8026694216934765,8,False,False
h13_stage2,3,mst,0-12,297665,296419,7023,6218,71,launch_200,0.9958140863050745,0.023692813213727865,0.02097706287383737,0.010109639755090417,0.48193781064074404,0.3824737875924539,0.6069359153761557,71,False,False
h13_stage2,3,mst,13-24,33927,33842,842,393,8,launch_200,0.9974946208034898,0.0248803262218545,0.011612788842267005,0.009501187648456057,0.8181658839670481,0.41524089433276246,1.604743916592872,8,False,False
h13_stage2,3,mst,>24,61837,61577,1644,726,19,launch_200,0.9957953975775021,0.026698280202023483,0.011790116439579713,0.011557177615571776,0.980242873325156,0.6285948162027877,1.5250461271908542,19,False,False
h13_stage2,6,all,ALL,393429,388531,9309,7175,130,launch_200,0.9875504856022307,0.023959478136879684,0.018466994911602936,0.01396498012675905,0.7562129189727972,0.6375578114812779,0.896580800248085,130,True,False
h13_stage2,6,drawdown,0-10,304121,299985,7447,4371,98,launch_200,0.9864001499403198,0.024824574562061438,0.014570728536426821,0.01315966160870149,0.9031574211133188,0.7419638200134223,1.0988039513341146,98,False,False
h13_stage2,6,drawdown,10-20,38904,38470,1051,533,11,launch_200,0.988844334772774,0.027319989602287497,0.013854951910579673,0.010466222645099905,0.7554138558292558,0.42252706845348836,1.3456461762136713,11,False,False
h13_stage2,6,drawdown,20-30,28427,28239,524,487,10,launch_200,0.9933865691068351,0.018555897871737666,0.01724565317468749,0.019083969465648856,1.106595921438312,0.6029596998706355,2.016125825679187,10,False,False
h13_stage2,6,drawdown,>30,21977,21837,287,1784,11,launch_200,0.9936297037812258,0.013142830974950772,0.0816962036909832,0.03832752613240418,0.4691469664536491,0.26358613634183325,0.8239879166380862,11,False,False
h13_stage2,6,mst,0-12,297665,293748,6801,6074,93,launch_200,0.9868409117632237,0.023152498059561256,0.020677587592085732,0.013674459638288486,0.6613179403733893,0.5404905701179004,0.8086996427036476,93,False,False
h13_stage2,6,mst,13-24,33927,33694,874,390,12,launch_200,0.9931323134966251,0.025939336380364456,0.011574761085059655,0.013729977116704805,1.1861996127442351,0.6800399089998556,2.060044016515698,12,False,False
h13_stage2,6,mst,>24,61837,61089,1634,711,25,launch_200,0.9879036822614292,0.026747859680138812,0.011638756568285617,0.015299877600979192,1.314562901218309,0.8922414037018639,1.932237751365228,25,False,False
h13_stage2,12,all,ALL,393429,379718,9471,6773,135,launch_200,0.9651500016521405,0.02494219394392681,0.017836921083540944,0.014254038644282548,0.7991311155957006,0.6759059236533015,0.9444385686253847,135,True,False
h13_stage2,12,drawdown,0-10,304121,292590,7865,4071,97,launch_200,0.9620841704453161,0.02688061792952596,0.013913667589459654,0.012333121424030515,0.8864033400778895,0.7274167100612005,1.0796113112640455,97,False,False
h13_stage2,12,drawdown,10-20,38904,37768,847,512,8,launch_200,0.9707999177462472,0.022426392713408176,0.013556449904681212,0.009445100354191263,0.6967237308146399,0.35360247009375567,1.3665976917730565,8,False,False
h13_stage2,12,drawdown,20-30,28427,27958,378,477,8,launch_200,0.9835016005909875,0.013520280420630946,0.017061306245081908,0.021164021164021163,1.2404689805109093,0.6308017720972077,2.414835945400199,8,False,False
h13_stage2,12,drawdown,>30,21977,21402,381,1713,22,launch_200,0.9738362833871775,0.017802074572469864,0.08003924866834876,0.05774278215223097,0.7214308369072079,0.48024398226768766,1.072928040521742,22,False,False
h13_stage2,12,mst,0-12,297665,286668,7120,5723,116,launch_200,0.9630557841869215,0.02483709378095916,0.01996386063320636,0.016292134831460674,0.8160813747798652,0.6813137489876011,0.9769796713706542,116,True,False
h13_stage2,12,mst,13-24,33927,33300,754,368,4,launch_200,0.9815191440445663,0.02264264264264264,0.011051051051051052,0.005305039787798408,0.48004843731980157,0.18685125702229058,1.2270636254248384,4,False,False
h13_stage2,12,mst,>24,61837,59750,1597,682,15,launch_200,0.9662499797855653,0.026728033472803347,0.011414225941422594,0.00939261114589856,0.8228863870490306,0.4994003800792315,1.3526563640308917,15,False,False
h14_vol_contraction,0,all,ALL,393429,393336,38409,7402,774,launch_200,0.9997636168152322,0.09764933797059003,0.018818516484634003,0.02015152698586269,1.0708350470833945,0.9986694838948058,1.1481005904020578,774,True,False
h14_vol_contraction,0,drawdown,0-10,304121,304043,27585,4567,457,launch_200,0.9997435231371724,0.0907272984413389,0.015020901648779943,0.016566974805147724,1.102928119264622,1.007037394810041,1.2077814234873394,457,True,False
h14_vol_contraction,0,drawdown,10-20,38904,38898,4154,543,46,launch_200,0.9998457742134484,0.10679212298832845,0.01395958661113682,0.011073663938372653,0.7932658929554686,0.5954783449090099,1.0557720437992613,46,False,False
h14_vol_contraction,0,drawdown,20-30,28427,28421,3580,491,53,launch_200,0.9997889330566011,0.12596319622814117,0.01727595791844059,0.014804469273743017,0.8569405727679232,0.6562029227935291,1.1178859244969312,53,False,False
h14_vol_contraction,0,drawdown,>30,21977,21974,3090,1801,218,launch_200,0.9998634936524549,0.14062073359424776,0.08196049877127515,0.07055016181229773,0.8607824850990728,0.7570041228002761,0.9775726054883423,218,True,False
h14_vol_contraction,0,mst,0-12,297665,297593,26919,6272,655,launch_200,0.9997581173466816,0.09045575668782532,0.021075764550913496,0.024332256027341282,1.154513563128918,1.070347917815521,1.2451197984603672,655,True,False
h14_vol_contraction,0,mst,13-24,33927,33921,4734,393,46,launch_200,0.9998231497037757,0.13955956487131865,0.011585743344830635,0.009716941275876637,0.8386981298193675,0.6294906638626235,1.1165284288767126,46,False,False
h14_vol_contraction,0,mst,>24,61837,61822,6756,737,73,launch_200,0.9997574267833175,0.10928148555530394,0.011921322506551067,0.010805210183540557,0.9063768032114576,0.7216506627735879,1.137741710613205,73,False,False
h14_vol_contraction,3,all,ALL,393429,393150,37879,7399,653,launch_200,0.9992908504456967,0.09634745008266565,0.018819788884649625,0.01723910346102062,0.916009396634715,0.8489164756091291,0.9883046845377308,653,True,False
h14_vol_contraction,3,drawdown,0-10,304121,303899,27404,4564,421,launch_200,0.9992700273904137,0.09017469619840802,0.015018147476628748,0.01536272077069041,1.0229437948054438,0.9304071278852274,1.1245263621796369,421,True,False
h14_vol_contraction,3,drawdown,10-20,38904,38883,5181,543,46,launch_200,0.9994602097470697,0.133245891520716,0.013964971838592702,0.008878594865856012,0.6357760666097224,0.4771429787212893,0.8465213657875492,46,False,False
h14_vol_contraction,3,drawdown,20-30,28427,28399,3334,491,53,launch_200,0.9990150209308052,0.11739849994718124,0.017289341173985,0.015896820635872826,0.9194578599555038,0.7041547617380597,1.1992105201944399,53,False,False
h14_vol_contraction,3,drawdown,>30,21977,21969,1960,1801,133,launch_200,0.9996359830732129,0.08921662342391552,0.08197915244207747,0.06785714285714285,0.8277365749186959,0.7019720670840354,0.974123694963807,133,True,False
h14_vol_contraction,3,mst,0-12,297665,297439,26925,6270,564,launch_200,0.9992407572270842,0.09052276265049304,0.021079952528081387,0.02094707520891365,0.9936965076657205,0.9157337280487072,1.0781429793811037,564,True,False
h14_vol_contraction,3,mst,13-24,33927,33908,5145,393,35,launch_200,0.9994399740619565,0.15173410404624277,0.01159018520703079,0.006802721088435374,0.5869380831212891,0.4223872923429999,0.8149849607137795,35,False,False
h14_vol_contraction,3,mst,>24,61837,61803,5809,736,54,launch_200,0.9994501673755195,0.09399220102584017,0.011908807015840656,0.009295920123945601,0.7805920535600679,0.5988817401897925,1.0167638066361278,54,False,False
h14_vol_contraction,6,all,ALL,393429,392680,37743,7375,645,launch_200,0.9980962257484832,0.09611643068147092,0.018781195884689825,0.017089261584929655,0.9099133883620578,0.8428658928940361,0.9821943471908179,645,True,False
h14_vol_contraction,6,drawdown,0-10,304121,303519,28851,4544,413,launch_200,0.9980205247253561,0.09505500479376909,0.01497105617770222,0.014314928425357873,0.956173582908494,0.8688424903485925,1.0521426079870553,413,True,False
h14_vol_contraction,6,drawdown,10-20,38904,38824,3314,541,61,launch_200,0.9979436561793131,0.08535957139913455,0.013934679579641458,0.018406759203379603,1.3209316438299625,1.0302869894897737,1.6916065071610218,61,False,False
h14_vol_contraction,6,drawdown,20-30,28427,28374,3661,491,62,launch_200,0.9981355753333099,0.12902657362374004,0.017304574610558964,0.016935263589183285,0.9786581854979358,0.7647468552861952,1.2510910091129652,62,False,False
h14_vol_contraction,6,drawdown,>30,21977,21963,1917,1799,109,launch_200,0.9993629703781226,0.08728315803851933,0.08191048581705596,0.056859676577986434,0.6941684695288027,0.5780949638845364,0.8318809375729281,109,True,False
h14_vol_contraction,6,mst,0-12,297665,297077,27784,6249,541,launch_200,0.9980246249979003,0.09352457443693049,0.021034950534709856,0.019471638353008927,0.9256802539601269,0.8515394108175223,1.0061371957257308,541,True,False
h14_vol_contraction,6,mst,13-24,33927,33881,4257,393,47,launch_200,0.9986441477289475,0.1256456421002922,0.011599421504678138,0.011040638947615691,0.9518266874915197,0.7166850408083941,1.262977723688155,47,False,False
h14_vol_contraction,6,mst,>24,61837,61722,5702,733,57,launch_200,0.9981402720054336,0.092381970772172,0.011875830336022812,0.00999649245878639,0.8417510334805096,0.6504083874596273,1.0886510507712297,57,False,False
h14_vol_contraction,12,all,ALL,393429,386767,36220,7088,562,launch_200,0.9830668303556678,0.09364811372221518,0.0183262791292949,0.015516289342904473,0.8466688318689524,0.7799654084103715,0.9189793328788515,562,True,False
h14_vol_contraction,12,drawdown,0-10,304121,298509,26690,4298,357,launch_200,0.9815468185360432,0.0894110395331464,0.014398225849136878,0.01337579617834395,0.9289891906471088,0.8380167905335898,1.029689059243994,357,True,False
h14_vol_contraction,12,drawdown,10-20,38904,38316,3973,526,54,launch_200,0.9848858729179519,0.10369036433865748,0.013727946549744232,0.013591744273848478,0.9900784669140271,0.7599357650964639,1.2886727152919855,54,False,False
h14_vol_contraction,12,drawdown,20-30,28427,28172,4025,486,64,launch_200,0.9910296549055475,0.1428723555303138,0.01725117137583416,0.015900621118012423,0.9217125476062674,0.7229700666290203,1.1739683543942863,64,False,False
h14_vol_contraction,12,drawdown,>30,21977,21770,1532,1778,87,launch_200,0.9905810620193839,0.07037207165824529,0.08167202572347267,0.05678851174934726,0.6953239037026377,0.5665270566226936,0.8512674780072386,87,False,False
h14_vol_contraction,12,mst,0-12,297665,292337,24789,6001,414,launch_200,0.9821006836544438,0.08479597177230389,0.020527678672217338,0.016700956069224254,0.8135823020177988,0.7394379293668999,0.8950225260114657,414,True,False
h14_vol_contraction,12,mst,13-24,33927,33592,4742,383,51,launch_200,0.9901258584608129,0.14116456299118837,0.011401524172422005,0.010754955714888232,0.9432910505862284,0.7183054450856138,1.2377433262111133,51,False,False
h14_vol_contraction,12,mst,>24,61837,60838,6689,704,97,launch_200,0.9838446237689409,0.10994773003714783,0.01157171504651698,0.014501420242188668,1.253178131668003,1.0285886617521154,1.5259297531687888,97,False,False
h15_near_high,0,all,ALL,393429,390561,202715,7276,1911,launch_200,0.9927102475923228,0.5190354387662874,0.018629612275675247,0.009427028093628987,0.5060238481687508,0.4839371328022639,0.5291085665880552,1911,True,False
h15_near_high,0,drawdown,0-10,304121,301710,171849,4458,1536,launch_200,0.9920722344067,0.5695833747638461,0.014775778065029332,0.008938079360368697,0.604914294261292,0.5755323997330117,0.6357819717250991,1536,True,False
h15_near_high,0,drawdown,10-20,38904,38645,16036,536,160,launch_200,0.9933425868805265,0.4149566567473153,0.013869840859102082,0.009977550511349464,0.7193702229684703,0.6166144838361364,0.8390486993755345,160,True,False
h15_near_high,0,drawdown,20-30,28427,28292,12427,489,139,launch_200,0.9952509937735252,0.4392407747773222,0.017284037890569773,0.011185322282127626,0.6471475214845701,0.548567547287555,0.7632068218041747,139,True,False
h15_near_high,0,drawdown,>30,21977,21914,2403,1793,76,launch_200,0.9971333667015516,0.1096559277174409,0.08181984119740805,0.03162713275072826,0.3865460050749911,0.3097445296505648,0.4816205622441999,76,False,False
h15_near_high,0,mst,0-12,297665,295379,148627,6163,1509,launch_200,0.9923202257571431,0.5031738884619421,0.020864719563679204,0.010152933181723375,0.486607699218606,0.46278046915166,0.511648500336438,1509,True,False
h15_near_high,0,mst,13-24,33927,33786,20346,393,150,launch_200,0.9958440180387302,0.6022020955425325,0.011632036938376842,0.007372456502506636,0.6338061460399217,0.5404408689397713,0.743160672368233,150,True,False
h15_near_high,0,mst,>24,61837,61396,33742,720,252,launch_200,0.9928683474295324,0.5495797771841814,0.011727148348426607,0.007468436962835635,0.6368502163475788,0.5631546323065825,0.7201077746524942,252,True,False
h15_near_high,3,all,ALL,393429,386687,200751,7085,1880,launch_200,0.9828634899816739,0.519156320227988,0.018322312361160317,0.009364835044408246,0.5111164387885804,0.4886276894835338,0.5346299867468928,1880,True,False
h15_near_high,3,drawdown,0-10,304121,298437,168891,4296,1442,launch_200,0.9813100706626638,0.5659184350465928,0.014394997939263562,0.008538051169097229,0.5931262515716643,0.563410734814089,0.6243948278160475,1442,True,False
h15_near_high,3,drawdown,10-20,38904,38310,16497,526,195,launch_200,0.9847316471314004,0.43061863743148004,0.013730096580527278,0.01182033096926714,0.8609066148909204,0.7487960530549558,0.9895720625343979,195,True,False
h15_near_high,3,drawdown,20-30,28427,28170,12926,486,174,launch_200,0.990959299257748,0.45885694000709976,0.017252396166134186,0.013461240909794213,0.7802534082899238,0.6731940380270017,0.9040699612901179,174,True,False
h15_near_high,3,drawdown,>30,21977,21770,2437,1777,69,launch_200,0.9905810620193839,0.11194304088194763,0.0816260909508498,0.028313500205170292,0.3468682608140446,0.27483766362053363,0.43708795173309617,69,False,False
h15_near_high,3,mst,0-12,297665,292274,147545,5998,1450,launch_200,0.9818890363327902,0.5048173973736972,0.020521839096190563,0.00982751025110983,0.4788805820494956,0.454967748885418,0.5040371364101714,1450,True,False
h15_near_high,3,mst,13-24,33927,33585,19067,383,173,launch_200,0.989919533115218,0.5677236861694209,0.011403900550841149,0.009073267949861016,0.7956284702247578,0.6859734588879899,0.9226262964462064,173,True,False
h15_near_high,3,mst,>24,61837,60828,34139,704,257,launch_200,0.9836829082911526,0.5612382455448149,0.011573617413033472,0.007528047101555406,0.6504489333713241,0.5758728902707008,0.7345999791253259,257,True,False
h15_near_high,6,all,ALL,393429,382241,199763,6895,1961,launch_200,0.9715628486969695,0.5226100810745054,0.01803835799927271,0.009816632709761066,0.5442087749980826,0.5207578202204839,0.5687048454242728,1961,True,False
h15_near_high,6,drawdown,0-10,304121,294712,166530,4160,1359,launch_200,0.9690616563801908,0.5650601264963762,0.014115475447216265,0.008160691767249144,0.5781379307955601,0.5483195704176386,0.6095637927536657,1359,True,False
h15_near_high,6,drawdown,10-20,38904,37945,18845,516,244,launch_200,0.9753495784495168,0.49663987350112004,0.013598629595467123,0.012947731493764924,0.9521350223467249,0.8405302355969473,1.0783387701184468,244,True,False
h15_near_high,6,drawdown,20-30,28427,28029,10726,481,162,launch_200,0.9859992260878742,0.3826750865175354,0.01716079774519248,0.015103486854372553,0.8801156612083333,0.7553748736427974,1.02508871205861,162,True,False
h15_near_high,6,drawdown,>30,21977,21555,3662,1738,196,launch_200,0.9807981071119807,0.16989097657156113,0.08063094409649733,0.05352266521026761,0.6637980716958103,0.5790530134517666,0.7601482644380282,196,True,False
h15_near_high,6,mst,0-12,297665,288716,145686,5833,1506,launch_200,0.9699360018813096,0.5045996758059823,0.020203244711065545,0.0103373007701495,0.5116653744478799,0.48658901387963877,0.5380198584922017,1506,True,False
h15_near_high,6,mst,13-24,33927,33383,18025,373,145,launch_200,0.983965573142335,0.5399454812329629,0.011173351705958122,0.008044382801664356,0.7199614773939979,0.6122658389239489,0.8464200528179139,145,True,False
h15_near_high,6,mst,>24,61837,60142,36052,689,310,launch_200,0.9725892265148698,0.5994479731302584,0.011456220278673806,0.008598690779984467,0.7505696094191956,0.6718263317730468,0.8384528724809153,310,True,False
h15_near_high,12,all,ALL,393429,373183,197832,6492,2074,launch_200,0.9485396348515234,0.5301206110674923,0.01739629082782442,0.010483642686724089,0.6026366649352674,0.5773780505314485,0.6289880568757273,2074,True,False
h15_near_high,12,drawdown,0-10,304121,287248,166470,3874,1444,launch_200,0.9445187935065319,0.5795340611596947,0.013486603910209992,0.008674235598005647,0.6431741938709155,0.6109750850224784,0.6770546100983112,1444,True,False
h15_near_high,12,drawdown,10-20,38904,37282,19080,499,172,launch_200,0.9583076290355748,0.5117751193605493,0.013384475081808915,0.009014675052410902,0.673517265138243,0.5804400573484699,0.7813626725060069,172,True,False
h15_near_high,12,drawdown,20-30,28427,27660,5617,470,80,launch_200,0.973018609068843,0.20307302964569776,0.016992046276211134,0.01424247819120527,0.838184993124974,0.6743814922383236,1.0410634682939184,80,False,False
h15_near_high,12,drawdown,>30,21977,20993,6665,1649,378,launch_200,0.9552259180051872,0.3174867813080551,0.07854999285476111,0.05671417854463616,0.7220137963538793,0.6545183349898345,0.7960107564527434,378,True,False
h15_near_high,12,mst,0-12,297665,281249,149055,5458,1711,launch_200,0.9448507550434213,0.5299752176896629,0.01940629122236879,0.011478984267552245,0.5915083998286556,0.564283811399394,0.6200304935868111,1711,True,False
h15_near_high,12,mst,13-24,33927,33131,13715,365,85,launch_200,0.9765378607009166,0.4139627539162718,0.011016872415562463,0.006197593875318994,0.5625547470772427,0.4552422058364206,0.6949690168861363,85,False,False
h15_near_high,12,mst,>24,61837,58803,35062,669,278,launch_200,0.9509355240390057,0.5962620954713195,0.011376970562726392,0.007928811819063374,0.6969176702487049,0.6199250516585199,0.7833866853062793,278,True,False
h20_leverage_ok,0,all,ALL,393429,392069,240388,7386,4703,launch_200,0.9965432136421057,0.6131267710530545,0.018838520770578647,0.01956420453600013,1.038521271083812,1.0095371632646042,1.0683204491114031,4703,True,False
h20_leverage_ok,0,drawdown,0-10,304121,302968,182467,4552,2917,launch_200,0.9962087458610224,0.6022649256687175,0.01502468907607404,0.015986452344807556,1.0640121911251441,1.0263822944812784,1.1029984782528497,2917,True,False
h20_leverage_ok,0,drawdown,10-20,38904,38802,25700,543,345,launch_200,0.9973781616286244,0.6623369929385083,0.01399412401422607,0.013424124513618676,0.9592686544704087,0.863797170322442,1.0651329490386579,345,True,False
h20_leverage_ok,0,drawdown,20-30,28427,28360,18448,490,318,launch_200,0.9976430857987125,0.6504936530324401,0.017277856135401976,0.017237640936686904,0.9976724427845726,0.8946409149612549,1.1123379962709368,318,True,False
h20_leverage_ok,0,drawdown,>30,21977,21939,13773,1801,1123,launch_200,0.9982709195977613,0.6277861342814166,0.08209125301973655,0.081536339214405,0.9932402809688123,0.938978410526612,1.0503448930392623,1123,True,False
h20_leverage_ok,0,mst,0-12,297665,296629,175883,6255,3969,launch_200,0.9965195773772529,0.5929393282517893,0.02108694699439367,0.022566137716550208,1.0701472205791482,1.03772329270682,1.1035601394676333,3969,True,False
h20_leverage_ok,0,mst,13-24,33927,33856,22086,393,277,launch_200,0.9979072714946797,0.652351134215501,0.011607986767485822,0.01254188173503577,1.080452793947509,0.9611190029425963,1.2143920028904653,277,True,False
h20_leverage_ok,0,mst,>24,61837,61584,42419,738,457,launch_200,0.995908598411954,0.6887990387113536,0.011983632112236945,0.010773474150734342,0.8990157616515226,0.8206534115349091,0.9847715757067447,457,True,False
h20_leverage_ok,3,all,ALL,393429,389894,241355,7335,4856,launch_200,0.9910148972241497,0.6190272227836283,0.018812805531759916,0.020119740631020695,1.0694705049204065,1.0400981179982602,1.0996548661560819,4856,True,False
h20_leverage_ok,3,drawdown,0-10,304121,301170,183826,4518,2998,launch_200,0.9902966253563549,0.6103728791048245,0.015001494172726367,0.016308900808373137,1.0871517610574895,1.0492232103478154,1.1264278582346812,2998,True,False
h20_leverage_ok,3,drawdown,10-20,38904,38593,25508,541,341,launch_200,0.99200596339708,0.660948876739305,0.014018086181431865,0.013368355025874235,0.953650509267217,0.8582097204515384,1.0595456231184928,341,True,False
h20_leverage_ok,3,drawdown,20-30,28427,28293,17975,489,318,launch_200,0.9952861715974249,0.6353161559396318,0.017283426996076767,0.017691237830319888,1.0235954845260544,0.9179075027285728,1.1412085043928981,318,True,False
h20_leverage_ok,3,drawdown,>30,21977,21838,14046,1787,1199,launch_200,0.9936752058970743,0.6431907683853832,0.08182983789724334,0.08536238074896768,1.0431693736966738,0.9880755110851278,1.1010340783741843,1199,True,False
h20_leverage_ok,3,mst,0-12,297665,294995,177471,6220,4129,launch_200,0.9910301849394454,0.6016068068950321,0.02108510313734131,0.02326577299953232,1.1034222999995236,1.0706458998382749,1.137177491214225,4129,True,False
h20_leverage_ok,3,mst,13-24,33927,33734,21519,393,275,launch_200,0.9943113154714535,0.6379024129957906,0.011649967391948776,0.012779404247409266,1.0969476409213847,0.9753900117113437,1.233434159739248,275,True,False
h20_leverage_ok,3,mst,>24,61837,61165,42365,722,452,launch_200,0.989132719892621,0.6926346766941879,0.011804136352489168,0.010669184468311105,0.9038513407261064,0.8246490336196356,0.9905707065835084,452,True,False
h20_leverage_ok,6,all,ALL,393429,387402,242213,7279,4988,launch_200,0.9846808445742434,0.6252239275997543,0.018789267995518867,0.020593444612799477,1.0960216554317548,1.0663225123817084,1.1265301104360386,4988,True,False
h20_leverage_ok,6,drawdown,0-10,304121,299196,185002,4484,3083,launch_200,0.9838057878278711,0.6183304589633551,0.014986831374751,0.016664684706111287,1.1119551751404264,1.0736970876123522,1.151552567547245,3083,True,False
h20_leverage_ok,6,drawdown,10-20,38904,38311,25297,537,338,launch_200,0.984757351429159,0.6603064394038266,0.014016861997859623,0.01336126813456141,0.9532282001921455,0.8574290417526363,1.0595699432014916,338,True,False
h20_leverage_ok,6,drawdown,20-30,28427,28211,17560,489,329,launch_200,0.9924015900376403,0.6224522349438163,0.017333664173549326,0.018735763097949887,1.080888778642667,0.9711171509126694,1.2028054726244628,329,True,False
h20_leverage_ok,6,drawdown,>30,21977,21684,14354,1769,1238,launch_200,0.9866678800564226,0.6619627375023058,0.08158088913484597,0.08624773582276718,1.0572051461734786,1.0022593665789066,1.1148647953926836,1238,True,False
h20_leverage_ok,6,mst,0-12,297665,293036,179095,6178,4254,launch_200,0.9844489610804091,0.6111706411498928,0.02108273386205108,0.023752756916720175,1.1266450106584676,1.0936748188224463,1.1605842363628422,4254,True,False
h20_leverage_ok,6,mst,13-24,33927,33628,20910,393,280,launch_200,0.9911869602381584,0.6218032591887712,0.011686689663375759,0.013390722142515544,1.1458096799198796,1.0199433813082772,1.286972097281711,280,True,False
h20_leverage_ok,6,mst,>24,61837,60738,42208,708,454,launch_200,0.9822274689910572,0.6949191609865323,0.01165662353057394,0.010756254738438211,0.9227590399763561,0.8420732120772467,1.0110840066199736,454,True,False
h20_leverage_ok,12,all,ALL,393429,380722,241312,7044,4943,launch_200,0.9677019233457625,0.633827307063947,0.018501688896360075,0.020483854926402333,1.1071343292574884,1.0769980399969705,1.138095767203416,4943,True,False
h20_leverage_ok,12,drawdown,0-10,304121,293835,184682,4304,3036,launch_200,0.966177935755834,0.6285228104208144,0.014647676417036772,0.016439068236211433,1.12229870241338,1.0833879285755381,1.1625828067042572,3036,True,False
h20_leverage_ok,12,drawdown,10-20,38904,37739,24510,527,348,launch_200,0.9700544931112483,0.6494607700257029,0.013964333978112827,0.01419828641370869,1.016753569197253,0.9160092190719586,1.1284011104934508,348,True,False
h20_leverage_ok,12,drawdown,20-30,28427,27841,17528,483,331,launch_200,0.9793857951947093,0.6295750871017564,0.0173485147803599,0.01888407120036513,1.0885122697502394,0.9782904352691228,1.210887176633753,331,True,False
h20_leverage_ok,12,drawdown,>30,21977,21307,14592,1730,1228,launch_200,0.9695135823815807,0.6848453559862956,0.08119397381142347,0.08415570175438597,1.0364771891795965,0.9823382333340409,1.0933120464053152,1228,True,False
h20_leverage_ok,12,mst,0-12,297665,287594,180667,5962,4211,launch_200,0.9661666638670989,0.6282015619241014,0.02073061329513133,0.023308075077352254,1.1243311881576725,1.0912563909322897,1.1583838162940054,4211,True,False
h20_leverage_ok,12,mst,13-24,33927,33356,19601,393,290,launch_200,0.9831697468093259,0.5876304113203022,0.011781988247991365,0.014795163512065711,1.255744208927389,1.120146541895272,1.4074806070766956,290,True,False
h20_leverage_ok,12,mst,>24,61837,59772,41044,689,442,launch_200,0.9666057538366997,0.6866760356019541,0.011527136451850365,0.01076893090342072,0.9342242931193951,0.851485479181988,1.0249069098784007,442,True,False
h21_no_dilution,0,all,ALL,393429,371223,208987,6542,2634,launch_200,0.9435577956886757,0.5629688893198966,0.01762283048194751,0.01260365477278491,0.7151890149369509,0.6885530584979377,0.7428417011334159,2634,True,False
h21_no_dilution,0,drawdown,0-10,304121,286373,160620,3954,1385,launch_200,0.9416416492119912,0.5608768983109441,0.01380716757515548,0.008622836508529448,0.6245188567165159,0.592611061642097,0.6581289143596313,1385,True,False
h21_no_dilution,0,drawdown,10-20,38904,36871,20011,500,182,launch_200,0.9477431626567963,0.5427300588538417,0.013560793035176696,0.00909499775123682,0.6706833241717056,0.5803977889342042,0.774864750444445,182,True,False
h21_no_dilution,0,drawdown,20-30,28427,27423,15469,467,183,launch_200,0.9646814648045872,0.5640885388177806,0.01702950078401342,0.011830111836576378,0.6946834194741628,0.6015080854984054,0.8020926950395668,183,True,False
h21_no_dilution,0,drawdown,>30,21977,20556,12887,1621,884,launch_200,0.9353414933794422,0.6269215800739444,0.07885775442693131,0.06859625979669434,0.8698733598894811,0.8161468492104438,0.9268603721681135,884,True,False
h21_no_dilution,0,mst,0-12,297665,279763,163674,5514,2272,launch_200,0.9398585658374347,0.585045198971987,0.019709539860524802,0.01388125175654044,0.7042910110926773,0.6761062487448436,0.7336334898288326,2272,True,False
h21_no_dilution,0,mst,13-24,33927,33043,17929,365,114,launch_200,0.9739440563562944,0.5425960112580577,0.011046212510970554,0.0063584137430977745,0.5756193570224103,0.4794408941281006,0.6909437038015034,114,True,False
h21_no_dilution,0,mst,>24,61837,58417,27384,663,248,launch_200,0.9446933065963743,0.46876765325162195,0.011349435951863327,0.009056383289512124,0.7979588878181444,0.7049855955934962,0.9030667871311537,248,True,False
h21_no_dilution,3,all,ALL,393429,366246,205182,6330,2466,launch_200,0.9309074826715875,0.560230009337986,0.01728346521190675,0.012018598122642337,0.69538127772911,0.6686247181297202,0.72319502294427,2466,True,False
h21_no_dilution,3,drawdown,0-10,304121,282559,157664,3817,1298,launch_200,0.929100588252702,0.5579861197130511,0.01350868314228179,0.0082326973817739,0.6094374481259238,0.5772953454387493,0.6433534531132032,1298,True,False
h21_no_dilution,3,drawdown,10-20,38904,36476,19412,494,160,launch_200,0.9375899650421551,0.5321855466608181,0.013543151661366378,0.008242324335462601,0.6085972114581656,0.5216042278924331,0.7099583622174894,160,True,False
h21_no_dilution,3,drawdown,20-30,28427,27083,15646,454,175,launch_200,0.9527210046786506,0.5777055717608832,0.016763283240409113,0.01118496740380928,0.6672301149721734,0.5758376035568903,0.7729379678780339,175,True,False
h21_no_dilution,3,drawdown,>30,21977,20128,12460,1565,833,launch_200,0.9158665877963326,0.6190381558028617,0.07775238473767886,0.06685393258426967,0.8598312811860573,0.8051263355240968,0.9179701844288222,833,True,False
h21_no_dilution,3,mst,0-12,297665,275701,160480,5317,2138,launch_200,0.9262123528127257,0.5820798618793548,0.019285385254315363,0.013322532402791624,0.6908097622685826,0.6623214724107663,0.7205061657832829,2138,True,False
h21_no_dilution,3,mst,13-24,33927,32791,18344,363,113,launch_200,0.9665163439148761,0.5594217925650331,0.01107011070110701,0.006160052333187963,0.5564580607646461,0.4631010595517176,0.6684950012423272,113,True,False
h21_no_dilution,3,mst,>24,61837,57754,26358,650,215,launch_200,0.9339715704190048,0.45638397340443954,0.011254631713820688,0.008156916306244783,0.7247608374628633,0.6344443765687727,0.8278136699461763,215,True,False
h21_no_dilution,6,all,ALL,393429,361409,201372,6137,2355,launch_200,0.9186130153089884,0.557185902952057,0.01698076140881937,0.011694773851379537,0.6887072711183359,0.6615982514795682,0.7169134079701693,2355,True,False
h21_no_dilution,6,drawdown,0-10,304121,278945,154665,3696,1234,launch_200,0.9172171602750221,0.5544641416766746,0.013249923820107907,0.007978534251446675,0.6021569904680175,0.5696042963959262,0.6365542497839277,1234,True,False
h21_no_dilution,6,drawdown,10-20,38904,36037,19009,480,153,launch_200,0.9263057783261361,0.5274856397591364,0.013319643699531038,0.008048818980482928,0.6042818533326318,0.5160977577298013,0.7073907502273545,153,True,False
h21_no_dilution,6,drawdown,20-30,28427,26679,15759,440,174,launch_200,0.9385091638231259,0.5906893061958844,0.016492372277821507,0.011041309727774605,0.6694797777893152,0.5775298848920457,0.7758800989009234,174,True,False
h21_no_dilution,6,drawdown,>30,21977,19748,11939,1521,794,launch_200,0.8985757837739455,0.6045675511444197,0.07702045776787522,0.06650473238964738,0.8634684123805105,0.8072315075243103,0.9233260525912765,794,True,False
h21_no_dilution,6,mst,0-12,297665,271825,157094,5150,2029,launch_200,0.9131910033090891,0.5779232962383887,0.01894601305987308,0.012915833831973214,0.6817177730827415,0.6528694970614806,0.7118233584575071,2029,True,False
h21_no_dilution,6,mst,13-24,33927,32408,18580,351,112,launch_200,0.955227400005895,0.5733152308072081,0.010830659096519379,0.0060279870828848225,0.556566966900659,0.46280913342164076,0.6691803045866487,112,True,False
h21_no_dilution,6,mst,>24,61837,57176,25698,636,214,launch_200,0.9246244158028365,0.4494543164964321,0.011123548341961663,0.008327496303214258,0.7486366802399032,0.6551481669743761,0.855337983099187,214,True,False
h21_no_dilution,12,all,ALL,393429,352344,194431,5780,2233,launch_200,0.8955720091808179,0.551821515337284,0.01640442295029857,0.011484794091477181,0.7001035102711828,0.6718154323602724,0.7295682975817745,2233,True,False
h21_no_dilution,12,drawdown,0-10,304121,272285,149137,3479,1191,launch_200,0.8953179819874326,0.5477238922452577,0.012777053455019557,0.007985945808216606,0.6250224933573609,0.590646220493382,0.661382468042995,1191,True,False
h21_no_dilution,12,drawdown,10-20,38904,35216,19052,460,161,launch_200,0.9052025498663376,0.5410040890504316,0.013062244434348023,0.008450556372034432,0.6469452026034013,0.5547441167698145,0.7543184499073312,161,True,False
h21_no_dilution,12,drawdown,20-30,28427,25660,15259,402,167,launch_200,0.9026629612692159,0.5946609508963367,0.015666406858924398,0.010944360705157611,0.6985878002346873,0.6007943548612648,0.8120949891738259,167,True,False
h21_no_dilution,12,drawdown,>30,21977,19183,10983,1439,714,launch_200,0.8728670883196069,0.5725381848511704,0.07501433560965438,0.06500956022944551,0.8666284877563956,0.8071672063284454,0.9301447497012896,714,True,False
h21_no_dilution,12,mst,0-12,297665,264626,149805,4839,1892,launch_200,0.8890060974585524,0.5661008366524831,0.01828618503094934,0.012629752010947565,0.6906717825271772,0.6604238028225772,0.7222866241468764,1892,True,False
h21_no_dilution,12,mst,13-24,33927,31442,19024,320,118,launch_200,0.9267545023137914,0.6050505693022072,0.010177469626614083,0.0062026913372582,0.6094531907064761,0.5092010513876487,0.7292958319887829,118,True,False
h21_no_dilution,12,mst,>24,61837,56276,25602,621,223,launch_200,0.9100700228018823,0.4549363849598408,0.011034899424266118,0.008710257011171002,0.7893372360075029,0.692660695160002,0.8993722385758097,223,True,False
ctl_pe_lt_15,0,all,ALL,393429,314852,95637,4047,1752,launch_200,0.8002765429086316,0.3037522391472819,0.012853658226722397,0.01831926973869946,1.4252183631749449,1.3605854864553446,1.4928615783098313,1752,True,False
ctl_pe_lt_15,0,drawdown,0-10,304121,243132,64989,2130,631,launch_200,0.799458110423154,0.26729924485464684,0.00876067321455012,0.00970933542599517,1.1082864510765529,1.0254801451572269,1.1977084722304139,631,True,False
ctl_pe_lt_15,0,drawdown,10-20,38904,32326,12334,315,107,launch_200,0.8309171293440263,0.3815504547423127,0.0097444781290602,0.00867520674558132,0.8902689944687675,0.7373096479941432,1.074625987346438,107,True,False
ctl_pe_lt_15,0,drawdown,20-30,28427,21816,8164,286,103,launch_200,0.7674394061983326,0.37422075540887423,0.01310964429776311,0.012616364527192553,0.9623727570812334,0.7943969836754359,1.1653187952282875,103,True,False
ctl_pe_lt_15,0,drawdown,>30,21977,17578,10150,1316,911,launch_200,0.7998361923829458,0.5774263283650017,0.0748663101604278,0.08975369458128078,1.1988529204785363,1.1266375918725928,1.2752144854453995,911,True,False
ctl_pe_lt_15,0,mst,0-12,297665,235022,71890,3375,1528,launch_200,0.7895520131691667,0.30588625745674874,0.014360357753742203,0.02125469467241619,1.480095067052029,1.4084373417072902,1.5553154473597588,1528,True,False
ctl_pe_lt_15,0,mst,13-24,33927,27103,7902,205,60,launch_200,0.7988622630942906,0.2915544404678449,0.007563738331550013,0.007593014426727411,1.0038705854028929,0.7805512918537049,1.2904552112009509,60,False,False
ctl_pe_lt_15,0,mst,>24,61837,52727,15845,467,164,launch_200,0.8526771997347866,0.30051017505262956,0.008856942363494984,0.010350268223414326,1.168605123374662,1.0035985432525583,1.3604114302439796,164,True,False
ctl_pe_lt_15,3,all,ALL,393429,315065,95211,4158,1826,launch_200,0.8008179366543899,0.3021947852030533,0.013197276752416168,0.019178456270809045,1.453213161366631,1.38865617157192,1.5207099738022911,1826,True,False
ctl_pe_lt_15,3,drawdown,0-10,304121,243634,65737,2153,656,launch_200,0.8011087692069933,0.2698186624198593,0.008837026030849553,0.00997915937751951,1.129244085361165,1.046444018825264,1.2185245150307604,656,True,False
ctl_pe_lt_15,3,drawdown,10-20,38904,31888,11393,301,109,launch_200,0.819658646925766,0.35728173607626695,0.009439287506271953,0.009567278153251996,1.0135593546541517,0.8409321031533841,1.2212119092526843,109,True,False
ctl_pe_lt_15,3,drawdown,20-30,28427,21236,7725,274,97,launch_200,0.7470362683364407,0.3637690713882087,0.012902618195517046,0.01255663430420712,0.9731849857085489,0.7986476645166883,1.1852764713317228,97,False,False
ctl_pe_lt_15,3,drawdown,>30,21977,18307,10356,1430,964,launch_200,0.8330072348364199,0.565685257005517,0.07811219752007428,0.09308613364233295,1.1916977962169157,1.1219761596417526,1.2652827174454102,964,True,False
ctl_pe_lt_15,3,mst,0-12,297665,236535,71822,3508,1590,launch_200,0.7946349083701476,0.30364216712114483,0.014830786141585811,0.022138063545988695,1.4927100515537162,1.421860399764603,1.5670062465567065,1590,True,False
ctl_pe_lt_15,3,mst,13-24,33927,26040,7861,198,66,launch_200,0.7675302856132284,0.3018817204301075,0.007603686635944701,0.008395878386973667,1.1041852181656278,0.8686860142024088,1.4028422982518431,66,False,False
ctl_pe_lt_15,3,mst,>24,61837,52490,15528,452,170,launch_200,0.848844542911202,0.2958277767193751,0.008611164031244047,0.010947964966512107,1.271368763478364,1.094854187104847,1.4759762314960665,170,True,False
ctl_pe_lt_15,6,all,ALL,393429,314193,94243,4217,1642,launch_200,0.7986015265778578,0.2999525769192821,0.013421686670295009,0.017423044682363678,1.298126316785841,1.2373369650020278,1.3618466891185628,1642,True,False
ctl_pe_lt_15,6,drawdown,0-10,304121,242980,65648,2168,673,launch_200,0.7989583093571309,0.2701786155239114,0.008922545065437484,0.01025164513770412,1.1489597488742376,1.0657552291819004,1.2385876469842103,673,True,False
ctl_pe_lt_15,6,drawdown,10-20,38904,31509,10210,298,85,launch_200,0.8099167180752622,0.3240344028690216,0.009457615284521883,0.00832517140058766,0.8802611599366328,0.7124732970254024,1.087154123078402,85,False,False
ctl_pe_lt_15,6,drawdown,20-30,28427,20739,8553,271,106,launch_200,0.7295528898582334,0.41241139881382904,0.013067168137325811,0.012393312288086052,0.9484313783860392,0.7850141362703893,1.1453529455439224,106,True,False
ctl_pe_lt_15,6,drawdown,>30,21977,18965,9832,1480,778,launch_200,0.8629476270646586,0.518428684418666,0.07803849195887161,0.07912937347436941,1.0139787621225782,0.9476927051480597,1.0844774597337146,778,True,False
ctl_pe_lt_15,6,mst,0-12,297665,237325,71897,3587,1421,launch_200,0.797288898594057,0.30294743495206994,0.015114294743495207,0.019764385162106903,1.3076617531633736,1.2420247439460148,1.3766939102128082,1421,True,False
ctl_pe_lt_15,6,mst,13-24,33927,24857,7554,191,68,launch_200,0.7326613022076812,0.303898298266082,0.0076839522066218776,0.009001853322742918,1.1715134452535116,0.9249756295081153,1.4830079089037609,68,False,False
ctl_pe_lt_15,6,mst,>24,61837,52011,14792,439,153,launch_200,0.8410983715251387,0.2844013766318663,0.00844052219722751,0.010343428880475933,1.2254489282515577,1.0467794078962216,1.4342421813691153,153,True,False
ctl_pe_lt_15,12,all,ALL,393429,311332,91489,4214,1397,launch_200,0.7913295664529051,0.2938631428828389,0.013535389873190034,0.015269595251888205,1.1281237847557806,1.0709057056669469,1.1883491071106147,1397,True,False
ctl_pe_lt_15,12,drawdown,0-10,304121,239909,63388,2132,619,launch_200,0.7888603549245202,0.2642168488885369,0.008886702874840044,0.009765255253360257,1.0988614552431546,1.016000177083843,1.188408577495141,619,True,False
ctl_pe_lt_15,12,drawdown,10-20,38904,30342,9827,277,79,launch_200,0.7799198025909932,0.32387449739634827,0.009129259771933294,0.008039076015060547,0.8805835539673903,0.7071371527948578,1.0961443471858854,79,False,False
ctl_pe_lt_15,12,drawdown,20-30,28427,21864,11191,289,142,launch_200,0.7691279417455236,0.5118459568240029,0.013218075375045737,0.012688767759806988,0.9599557726658131,0.8152388511747489,1.129974203806241,142,True,False
ctl_pe_lt_15,12,drawdown,>30,21977,19217,7083,1516,557,launch_200,0.874414160258452,0.36857990321069883,0.07888848415465473,0.07863899477622477,0.9968374423579891,0.9202394299685699,1.0792259298371591,557,True,False
ctl_pe_lt_15,12,mst,0-12,297665,237498,68932,3617,1196,launch_200,0.7978700888582803,0.2902424441468981,0.015229601933489966,0.01735043231010271,1.1392571116352705,1.076997070121154,1.2050491838750785,1196,True,False
ctl_pe_lt_15,12,mst,13-24,33927,23431,8731,173,78,launch_200,0.690629881805052,0.37262600827962955,0.007383380990994836,0.00893368457221395,1.2099720416852318,0.9703674190857724,1.5080766854929886,78,False,False
ctl_pe_lt_15,12,mst,>24,61837,50403,13826,424,123,launch_200,0.8150945226967673,0.2743090689046287,0.008412197686645636,0.008896282366555765,1.0575455663243165,0.8870214672571678,1.2605015909656927,123,True,False
ctl_pb_lt_15,0,all,ALL,393429,380221,91250,6896,2005,launch_200,0.9664285042536265,0.2399920046499273,0.018136820428119437,0.021972602739726028,1.2114914423290848,1.1601474259942222,1.2650545064969452,2005,True,False
ctl_pb_lt_15,0,drawdown,0-10,304121,293344,61545,4217,801,launch_200,0.9645634467859832,0.20980487073197338,0.014375613614050398,0.013014867170363148,0.9053434183597362,0.845136341309899,0.9697790857510153,801,True,False
ctl_pb_lt_15,0,drawdown,10-20,38904,37837,10981,500,100,launch_200,0.9725735142915896,0.2902185691254592,0.013214578322805719,0.0091066387396412,0.6891357799836081,0.5670721433843958,0.8371810374306633,100,True,False
ctl_pb_lt_15,0,drawdown,20-30,28427,27595,9310,448,138,launch_200,0.9707320505153552,0.3373799601377061,0.0162348251494836,0.014822771213748658,0.9130231509897193,0.7736800768563857,1.0770181103719143,138,True,False
ctl_pb_lt_15,0,drawdown,>30,21977,21445,9414,1731,966,launch_200,0.9757928743686581,0.4389834460247144,0.08071811611098158,0.10261312938177183,1.2712527785049665,1.1973079539277172,1.3492138213414726,966,True,False
ctl_pb_lt_15,0,mst,0-12,297665,287174,70270,5868,1775,launch_200,0.964755681722742,0.2446948539909602,0.020433604713518634,0.025259712537355913,1.2361848480236277,1.1806646573138364,1.2942450964834695,1775,True,False
ctl_pb_lt_15,0,mst,13-24,33927,32796,8782,360,72,launch_200,0.9666637191617296,0.26777655811684353,0.010976948408342482,0.008198588020951946,0.7468913687087223,0.5935936594307574,0.9393678636196475,72,False,False
ctl_pb_lt_15,0,mst,>24,61837,60251,12198,668,158,launch_200,0.974351925222763,0.20245307131831836,0.011086952913644586,0.01295294310542712,1.1683050524627088,1.000650141426245,1.363620431700182,158,True,False
ctl_pb_lt_15,3,all,ALL,393429,381253,90873,6915,1833,launch_200,0.9690515950781462,0.23835353426727135,0.018137562196231898,0.020171007890132382,1.1121124036350891,1.0628239666534791,1.163637400500813,1833,True,False
ctl_pb_lt_15,3,drawdown,0-10,304121,294253,62392,4233,756,launch_200,0.9675523886873975,0.2120352213911158,0.014385579756196198,0.012116938068983204,0.8422975142009248,0.7846740317815953,0.9040969814300517,756,True,False
ctl_pb_lt_15,3,drawdown,10-20,38904,37886,10598,501,113,launch_200,0.9738330248817603,0.2797339386580795,0.013223882172834293,0.010662389130024532,0.8062979532537115,0.6712571611792476,0.9681547767242904,113,True,False
ctl_pb_lt_15,3,drawdown,20-30,28427,27614,9009,442,125,launch_200,0.9714004291694516,0.3262475555877453,0.016006373578619542,0.013875013875013876,0.8668430614131971,0.7283619670425592,1.0312134045045365,125,True,False
ctl_pb_lt_15,3,drawdown,>30,21977,21500,8874,1739,839,launch_200,0.9782954907403194,0.41274418604651164,0.08088372093023256,0.09454586432274059,1.168910916008581,1.09580195435604,1.246357976193149,839,True,False
ctl_pb_lt_15,3,mst,0-12,297665,287988,69060,5892,1594,launch_200,0.9674902994977576,0.23980165840243345,0.020459185799408308,0.023081378511439328,1.1281670120082128,1.074709548246084,1.184217648149898,1594,True,False
ctl_pb_lt_15,3,mst,13-24,33927,32837,9610,360,81,launch_200,0.9678721961859286,0.2926576727472059,0.010963242683558182,0.008428720083246619,0.7688163371488034,0.6190848513418573,0.9543802893377158,81,False,False
ctl_pb_lt_15,3,mst,>24,61837,60428,12203,663,158,launch_200,0.9772142891796174,0.2019428079698153,0.01097173495730456,0.012947635827255593,1.180090102216291,1.0107436454667973,1.3773763548108984,158,True,False
ctl_pb_lt_15,6,all,ALL,393429,380798,90366,6909,1530,launch_200,0.9678950967010566,0.23730691862877432,0.01814347764431536,0.01693114667020782,0.9331808929977996,0.8879380546333965,0.9806872869631542,1530,True,False
ctl_pb_lt_15,6,drawdown,0-10,304121,293921,63184,4221,732,launch_200,0.966460717937926,0.21496932849303044,0.0143610017657806,0.01158521144593568,0.8067133222934995,0.7506452058693294,0.8669166407678454,732,True,False
ctl_pb_lt_15,6,drawdown,10-20,38904,37808,9515,492,92,launch_200,0.9718280896565906,0.2516663140076174,0.013013118916631402,0.009668943772990015,0.7430150938398505,0.6063961600159159,0.9100463856340923,92,False,False
ctl_pb_lt_15,6,drawdown,20-30,28427,27532,9804,443,132,launch_200,0.9685158476096669,0.35609472613685894,0.01609036757227953,0.01346389228886169,0.8367672291127314,0.706362007875332,0.9908590030416344,132,True,False
ctl_pb_lt_15,6,drawdown,>30,21977,21537,7863,1753,574,launch_200,0.9799790690267097,0.3650926312856944,0.08139480893346335,0.07300012717792191,0.8968646543245318,0.8287558171740916,0.9700968744915303,574,True,False
ctl_pb_lt_15,6,mst,0-12,297665,287684,68345,5901,1301,launch_200,0.9664690171837468,0.23756969452593818,0.020512089653925834,0.019035774379983904,0.9280270660449568,0.8793834061363353,0.9793064375995715,1301,True,False
ctl_pb_lt_15,6,mst,13-24,33927,32767,9947,352,86,launch_200,0.9658089427299791,0.30356761375774405,0.010742515335551012,0.00864582286116417,0.8048229479879726,0.6522337304894754,0.992726826984092,86,False,False
ctl_pb_lt_15,6,mst,>24,61837,60347,12074,656,143,launch_200,0.9759043938095315,0.20007622582729878,0.010870465806088124,0.01184363094252112,1.0895237751346372,0.9257483921127477,1.2818650419923816,143,True,False
ctl_pb_lt_15,12,all,ALL,393429,377003,88914,6702,1203,launch_200,0.9582491377097265,0.23584427710124323,0.01777704686700106,0.0135299277953978,0.7610897297296861,0.719540282118696,0.8050036472054981,1203,True,False
ctl_pb_lt_15,12,drawdown,0-10,304121,290720,63302,4027,624,launch_200,0.9559353020672693,0.2177421574023115,0.013851816180517337,0.009857508451549713,0.7116401432914161,0.6581871668094769,0.769387475662969,624,True,False
ctl_pb_lt_15,12,drawdown,10-20,38904,37367,9825,481,106,launch_200,0.9604924943450545,0.26293253405411193,0.012872320496694945,0.01078880407124682,0.8381397956970477,0.6936382923753942,1.0123486137910092,106,True,False
ctl_pb_lt_15,12,drawdown,20-30,28427,27446,11144,448,161,launch_200,0.9654905547542829,0.40603366610799385,0.016322961451577644,0.014447236180904523,0.8850867058506819,0.7592486183435886,1.0314256909583153,161,True,False
ctl_pb_lt_15,12,drawdown,>30,21977,21470,4643,1746,312,launch_200,0.9769304272648678,0.21625523986958547,0.08132277596646484,0.06719793237131165,0.8263113447949949,0.7420840877013968,0.9193378479212853,312,True,False
ctl_pb_lt_15,12,mst,0-12,297665,284808,64914,5729,962,launch_200,0.9568071489761981,0.22792196848403135,0.020115305749838486,0.014819607480666729,0.7367328970769297,0.6919302995412424,0.7843900515961125,962,True,False
ctl_pb_lt_15,12,mst,13-24,33927,32451,11226,339,86,launch_200,0.9564948271288355,0.3459369510954978,0.010446519367662013,0.007660787457687511,0.7333339639805824,0.594248540816868,0.9046631243191224,86,False,False
ctl_pb_lt_15,12,mst,>24,61837,59744,12774,634,155,launch_200,0.9661529504988923,0.21381226566684522,0.010611944295661488,0.01213402223266009,1.1434306376467578,0.9778328875865822,1.3366706930811785,155,True,False
ctl_divyield_gt_2,0,all,ALL,393429,393361,99117,7406,1004,launch_200,0.9998271606821053,0.25197464924077373,0.018827489252874585,0.010129442981526883,0.5380134783494999,0.5058968021408472,0.5721468955862212,1004,True,False
ctl_divyield_gt_2,0,drawdown,0-10,304121,304063,75608,4571,355,launch_200,0.9998092864353333,0.24865899501090236,0.015033068804820054,0.004695270341762777,0.31232946530899475,0.28154757670601605,0.3464591669731921,355,True,False
ctl_divyield_gt_2,0,drawdown,10-20,38904,38896,9377,543,43,launch_200,0.9997943656179313,0.24107877416700946,0.013960304401480873,0.0045856883864775514,0.32848054416285605,0.24400564571870964,0.4420196208749029,43,False,False
ctl_divyield_gt_2,0,drawdown,20-30,28427,28425,6837,491,55,launch_200,0.9999296443522003,0.24052770448548813,0.017273526824978014,0.008044463946175223,0.4657105655194108,0.3581162386842496,0.6052910072148597,55,False,False
ctl_divyield_gt_2,0,drawdown,>30,21977,21977,7295,1801,551,launch_200,1.0,0.3319379351139828,0.0819493106429449,0.07553118574366004,0.9216817707320469,0.8503826399945132,0.9984331135131829,551,True,False
ctl_divyield_gt_2,0,mst,0-12,297665,297620,79036,6276,907,launch_200,0.999848823341676,0.26556011020764736,0.021087292520663933,0.01147578318740827,0.5442037272524617,0.5100998026006613,0.5805595327076122,907,True,False
ctl_divyield_gt_2,0,mst,13-24,33927,33917,7616,393,28,launch_200,0.9997052495062929,0.2245481616888286,0.011587109708995489,0.003676470588235294,0.31728970214039814,0.21963475120375206,0.4581333394451572,28,False,False
ctl_divyield_gt_2,0,mst,>24,61837,61824,12465,737,69,launch_200,0.9997897698788751,0.2016207298136646,0.01192093685300207,0.005535499398315283,0.46435103772244785,0.36714107428405784,0.587118880275169,69,False,False
ctl_divyield_gt_2,3,all,ALL,393429,393196,97970,7400,931,launch_200,0.9994077711607431,0.24916326717464063,0.018820130418417277,0.009502909053791976,0.5049332200425392,0.47365954144063827,0.5382506584574949,931,True,False
ctl_divyield_gt_2,3,drawdown,0-10,304121,303927,74870,4565,331,launch_200,0.999362096007839,0.24634204924208775,0.015020054157741826,0.004420996393749165,0.2943395774289162,0.26434909610441093,0.3277156729617104,331,True,False
ctl_divyield_gt_2,3,drawdown,10-20,38904,38890,9026,543,37,launch_200,0.9996401398313798,0.2320905116996657,0.013962458215479558,0.0040992687790826505,0.29359219671919756,0.21311397897707993,0.4042893332486737,37,False,False
ctl_divyield_gt_2,3,drawdown,20-30,28427,28407,7117,491,57,launch_200,0.9992964435220038,0.25053683951138805,0.017284472137149294,0.008008992553042013,0.46336344491703557,0.35796290065475034,0.5994751273543528,57,False,False
ctl_divyield_gt_2,3,drawdown,>30,21977,21972,6957,1801,506,launch_200,0.999772489420758,0.3166302566903332,0.0819679592208265,0.0727324996406497,0.8873284187142451,0.8157209140197005,0.9646892652608081,506,True,False
ctl_divyield_gt_2,3,mst,0-12,297665,297486,77926,6271,844,launch_200,0.9993986528480002,0.26194846144020223,0.021079983595866696,0.010830788183661422,0.5137949056936217,0.4804458488073113,0.5494317266663732,844,True,False
ctl_divyield_gt_2,3,mst,13-24,33927,33911,7819,393,27,launch_200,0.9995283992100686,0.23057414998083217,0.011589159859632568,0.003453126998337383,0.2979618057013206,0.2048773284106885,0.43312572319079734,27,False,False
ctl_divyield_gt_2,3,mst,>24,61837,61799,12225,736,60,launch_200,0.9993854811844042,0.19781873493098595,0.011909577824883898,0.0049079754601227,0.41210322752734063,0.3203432623805444,0.5299806223226435,60,False,False
ctl_divyield_gt_2,6,all,ALL,393429,392948,96512,7390,800,launch_200,0.9987774160013624,0.245610106171809,0.01880655964656901,0.008289124668435014,0.4407570988108528,0.41136504133684876,0.4722304244497577,800,True,False
ctl_divyield_gt_2,6,drawdown,0-10,304121,303735,73812,4556,306,launch_200,0.998730768345494,0.24301446985036299,0.01499991769140863,0.004145667371159161,0.27637934130356184,0.2471503217130107,0.3090490215877761,306,True,False
ctl_divyield_gt_2,6,drawdown,10-20,38904,38852,8565,542,32,launch_200,0.9986633765165536,0.2204519715844744,0.013950375785030372,0.0037361354349095153,0.2678161142382002,0.18980305236314685,0.3777247796007997,32,False,False
ctl_divyield_gt_2,6,drawdown,20-30,28427,28392,7869,491,59,launch_200,0.9987687761635066,0.27715553677092136,0.01729360383206537,0.007497776083365103,0.433557756739108,0.33639430201693404,0.5585130558141065,59,False,False
ctl_divyield_gt_2,6,drawdown,>30,21977,21969,6266,1801,403,launch_200,0.9996359830732129,0.28522008284400746,0.08197915244207747,0.06431535269709543,0.7845330279858354,0.713648330839973,0.861930085996838,403,True,False
ctl_divyield_gt_2,6,mst,0-12,297665,297298,76629,6261,724,launch_200,0.9987670703643358,0.257751481678316,0.021059677495307738,0.00944812016338462,0.4486355579514328,0.417258537878147,0.4823478877271596,724,True,False
ctl_divyield_gt_2,6,mst,13-24,33927,33891,8078,393,30,launch_200,0.9989388982226545,0.23835236493464343,0.01159599893777109,0.0037137905422134194,0.32026482256019084,0.2244494031697887,0.4567657645127391,30,False,False
ctl_divyield_gt_2,6,mst,>24,61837,61759,11805,736,46,launch_200,0.9987386192732507,0.19114622969931508,0.011917291406920449,0.0038966539601863618,0.32697479881406183,0.24525945937914853,0.4357741809450005,46,False,False
ctl_divyield_gt_2,12,all,ALL,393429,388321,93269,7164,652,launch_200,0.987016717120497,0.24018531060643128,0.01844865459246345,0.006990532760081056,0.3789182959139358,0.3510153923417881,0.4090224097873609,652,True,False
ctl_divyield_gt_2,12,drawdown,0-10,304121,299826,71210,4363,263,launch_200,0.9858773317199404,0.23750441922981996,0.014551773361883225,0.0036933015025979498,0.25380422102175865,0.22497239148560674,0.28631561137772943,263,True,False
ctl_divyield_gt_2,12,drawdown,10-20,38904,38427,8870,533,26,launch_200,0.9877390499691548,0.23082728290004423,0.013870455669190934,0.002931228861330327,0.21132895207193336,0.14427787000564357,0.309407068710091,26,False,False
ctl_divyield_gt_2,12,drawdown,20-30,28427,28240,8169,488,62,launch_200,0.9934217469307348,0.2892705382436261,0.017280453257790367,0.00758966825804872,0.4392053926379014,0.3428944167697454,0.562303433863684,62,False,False
ctl_divyield_gt_2,12,drawdown,>30,21977,21828,5020,1780,301,launch_200,0.9932201847385903,0.22997984240425143,0.0815466373465274,0.0599601593625498,0.735286718295358,0.658801146388627,0.820024612866897,301,True,False
ctl_divyield_gt_2,12,mst,0-12,297665,293612,72210,6066,580,launch_200,0.9863840223069558,0.2459368145716115,0.020659918531940113,0.008032128514056224,0.3887783246404675,0.35850779086551665,0.421582317374803,580,True,False
ctl_divyield_gt_2,12,mst,13-24,33927,33675,9728,390,36,launch_200,0.9925722875585816,0.28887899034892356,0.011581291759465479,0.003700657894736842,0.3195375759109312,0.23092218978740894,0.4419841973696541,36,False,False
ctl_divyield_gt_2,12,mst,>24,61837,61034,11331,708,36,launch_200,0.9870142471335932,0.18565062096536356,0.011600091752138152,0.003177124702144559,0.2738878941676427,0.19792016203084084,0.37888588421035485,36,False,False
h1_eps_accel,0,all,ALL,393429,251913,25537,156,9,launch_500,0.6403010454236978,0.10137229916677583,0.0006192614116778412,0.00035242980772996047,0.5691131420171637,0.29943867732433055,1.0814937362602615,9,False,False
h1_eps_accel,0,drawdown,0-10,304121,193385,19332,64,4,launch_500,0.6358817707425662,0.09996638829278383,0.0003309460402823383,0.0002069108214359611,0.6252101438030209,0.24314062213831442,1.607341721290105,4,False,False
h1_eps_accel,0,drawdown,10-20,38904,24907,2924,9,0,launch_500,0.6402169442730825,0.11739671578271169,0.0003613442004255832,0.0,0.0,0.0,3.6310108279108846,0,False,False
h1_eps_accel,0,drawdown,20-30,28427,17195,2142,7,1,launch_500,0.6048826819572941,0.12457109624890957,0.00040709508578075024,0.00046685340802987864,1.1467920501533946,0.20244863222420698,6.4844976169741795,1,False,False
h1_eps_accel,0,drawdown,>30,21977,16426,1139,76,4,launch_500,0.747417754925604,0.06934128820163156,0.004626811153050043,0.003511852502194908,0.759022226329652,0.2953465230221028,1.9440832641682413,4,False,False
h1_eps_accel,0,mst,0-12,297665,191940,18559,129,4,launch_500,0.6448188399711084,0.09669167448160884,0.0006720850265708034,0.00021552885392531925,0.32068688544516105,0.12471346571410862,0.8244402144128099,4,False,False
h1_eps_accel,0,mst,13-24,33927,18435,2497,2,1,launch_500,0.5433725351489964,0.13544887442365067,0.00010848928668294005,0.00040048057669203043,3.6914297156587907,0.6516602267169864,20.878551953319334,1,False,False
h1_eps_accel,0,mst,>24,61837,41538,4481,25,4,launch_500,0.6717337516373693,0.10787712456064327,0.0006018585391689538,0.0008926578888640928,1.4831689355054674,0.5768635580704617,3.810096592212897,4,False,False
h1_eps_accel,3,all,ALL,393429,249364,25664,159,14,launch_500,0.6338221127573209,0.10291782294156333,0.0006376221106494923,0.0005455112219451371,0.8555400021957684,0.509690637190482,1.4358497061511908,14,False,False
h1_eps_accel,3,drawdown,0-10,304121,190828,19460,70,8,launch_500,0.6274739330726915,0.10197664912905863,0.00036682247888150584,0.00041109969167523125,1.1207047423285863,0.5679277077442862,2.21107584199088,8,False,False
h1_eps_accel,3,drawdown,10-20,38904,24419,2924,9,2,launch_500,0.6276732469668929,0.11974282321143372,0.0003685654613211024,0.0006839945280437756,1.855829153366773,0.5089896727598122,6.757667620734267,2,False,False
h1_eps_accel,3,drawdown,20-30,28427,17750,1981,6,0,launch_500,0.6244063742216907,0.1116056338028169,0.0003380281690140845,0.0,0.0,-3.207431426936284e-16,5.7255534472625,0,False,False
h1_eps_accel,3,drawdown,>30,21977,16367,1299,74,4,launch_500,0.7447331300905492,0.07936701900164966,0.004521292845359565,0.003079291762894534,0.6810644362607411,0.2649923681516783,1.7452619503632185,4,False,False
h1_eps_accel,3,mst,0-12,297665,190693,18449,133,9,launch_500,0.6406295667948869,0.09674712758202976,0.0006974561205707604,0.00048783131877066507,0.6994437418822138,0.3680202187849134,1.329056607144305,9,False,False
h1_eps_accel,3,mst,13-24,33927,18565,2638,2,0,launch_500,0.5472042915671884,0.1420953406948559,0.00010772959870724482,0.0,0.0,-1.0064106666096695e-15,13.4975329218771,0,False,False
h1_eps_accel,3,mst,>24,61837,40106,4577,24,5,launch_500,0.6485760952180734,0.11412257517578417,0.0005984142023637361,0.0010924186148131964,1.825522540237419,0.7799002181911754,4.269440924298639,5,False,False
h1_eps_accel,6,all,ALL,393429,247299,25665,164,24,launch_500,0.6285733893536064,0.10378125265367025,0.0006631648328541563,0.000935125657510228,1.4100953657111088,0.9477409433672932,2.097694930093651,24,False,False
h1_eps_accel,6,drawdown,0-10,304121,188501,19715,81,15,launch_500,0.6198223733316673,0.10458830457132853,0.00042970594320454534,0.000760841998478316,1.7706108340143338,1.0731812075301823,2.9207108333405083,15,False,False
h1_eps_accel,6,drawdown,10-20,38904,23921,2583,8,2,launch_500,0.6148725066831174,0.10798043560051837,0.0003344341791731115,0.0007742934572202865,2.3152342237708092,0.6349975345874953,8.428929501580795,2,False,False
h1_eps_accel,6,drawdown,20-30,28427,18683,1816,5,0,launch_500,0.6572272839202167,0.09720066370497243,0.00026762297275598136,0.0,0.0,-8.102459675418673e-16,7.887497664040698,0,False,False
h1_eps_accel,6,drawdown,>30,21977,16194,1551,70,7,launch_500,0.7368612640487783,0.09577621341237495,0.004322588613066568,0.004513217279174726,1.044100580270793,0.5061565800307952,2.1484510969252466,7,False,False
h1_eps_accel,6,mst,0-12,297665,189677,18679,141,19,launch_500,0.6372163337980615,0.09847793881176949,0.0007433689904416456,0.0010171850741474383,1.368344775241586,0.8761678558868804,2.1365568548137355,19,False,False
h1_eps_accel,6,mst,13-24,33927,19400,2548,2,0,launch_500,0.5718159577917293,0.13134020618556702,0.00010309278350515464,0.0,0.0,0.0,14.602063548613472,0,False,False
h1_eps_accel,6,mst,>24,61837,38222,4438,21,5,launch_500,0.6181088992027427,0.11611114018104757,0.0005494217989639474,0.0011266336187471834,2.0505804845597546,0.8760546747716293,4.795641091804162,5,False,False
h1_eps_accel,12,all,ALL,393429,242913,25231,141,31,launch_500,0.6174252533493972,0.1038684631946417,0.0005804547307060552,0.0012286472989576315,2.116697881785072,1.4914967387945695,3.0035116810626876,31,False,False
h1_eps_accel,12,drawdown,0-10,304121,184151,19738,68,15,launch_500,0.6055188559816652,0.10718377852957627,0.0003692621815792475,0.000759955415948931,2.058037497094288,1.247392613106896,3.394836660237374,15,False,False
h1_eps_accel,12,drawdown,10-20,38904,24012,2371,6,1,launch_500,0.6172115977791487,0.09874229551890722,0.0002498750624687656,0.00042176296921130323,1.6878954027836357,0.29797050961899246,9.545852266642843,1,False,False
h1_eps_accel,12,drawdown,20-30,28427,19139,1539,5,0,launch_500,0.6732683716185317,0.08041172475050944,0.0002612466691049689,0.0,0.0,0.0,9.530685230928942,0,False,False
h1_eps_accel,12,drawdown,>30,21977,15611,1583,62,15,launch_500,0.7103335305091687,0.10140285695983602,0.003971558516430722,0.009475679090334808,2.3858842948260754,1.44798400231778,3.9217722519259985,15,False,False
h1_eps_accel,12,mst,0-12,297665,186192,18846,131,31,launch_500,0.6255085414811953,0.10121809744779582,0.0007035748045028787,0.0016449113870317309,2.337933900566504,1.6474709248805317,3.3170970871777334,31,False,False
h1_eps_accel,12,mst,13-24,33927,21707,1965,2,0,launch_500,0.639814896689952,0.09052379416777998,9.213617727000507e-05,0.0,0.0,0.0,21.176552220632548,0,False,False
h1_eps_accel,12,mst,>24,61837,35014,4420,8,0,launch_500,0.5662305739282306,0.12623522019763522,0.00022848003655680585,0.0,0.0,0.0,3.800566841055823,0,False,False
h4_op_leverage,0,all,ALL,393429,363906,25063,463,26,launch_500,0.9249597767322694,0.06887218127758267,0.0012723065846674691,0.001037385787814707,0.8153583423336905,0.5565230710396256,1.194393152604404,26,False,False
h4_op_leverage,0,drawdown,0-10,304121,280526,16945,297,14,launch_500,0.9224157489946436,0.06040438319442761,0.0010587253944375923,0.0008262024195928002,0.7803746126555214,0.46493032551884345,1.3095435513057845,14,False,False
h4_op_leverage,0,drawdown,10-20,38904,36144,3555,36,1,launch_500,0.9290561381863047,0.09835657370517928,0.00099601593625498,0.00028129395218002813,0.28241912798874824,0.04985564310949988,1.5981033302201977,1,False,False
h4_op_leverage,0,drawdown,20-30,28427,26811,3912,25,4,launch_500,0.9431526365779013,0.1459102607138861,0.0009324530976091902,0.0010224948875255625,1.0965644171779143,0.42650712103616284,2.8165389256454856,4,False,False
h4_op_leverage,0,drawdown,>30,21977,20425,651,105,7,launch_500,0.9293807162033034,0.031872705018359856,0.005140758873929009,0.010752688172043012,2.091653865847414,1.015056982394094,4.2848343149301655,7,False,False
h4_op_leverage,0,mst,0-12,297665,274272,15577,396,24,launch_500,0.9214116540406161,0.05679398553260996,0.0014438221911095555,0.0015407331321820633,1.0671211051258558,0.7172813905903381,1.5871967537128855,24,False,False
h4_op_leverage,0,mst,13-24,33927,32029,5690,20,2,launch_500,0.9440563562943968,0.17765150332511162,0.000624434106590902,0.000351493848857645,0.5628998242530756,0.15437590977148472,2.051113023515177,2,False,False
h4_op_leverage,0,mst,>24,61837,57605,3796,47,0,launch_500,0.931562009799958,0.06589705754708793,0.0008159013974481382,0.0,0.0,0.0,1.2390619912874885,0,False,False
h4_op_leverage,3,all,ALL,393429,359233,24922,440,24,launch_500,0.9130821571363575,0.06937558631862886,0.0012248317944064159,0.0009630045742717278,0.7862341414303536,0.528438746080291,1.1696130555396673,24,False,False
h4_op_leverage,3,drawdown,0-10,304121,276889,17329,288,13,launch_500,0.9104566932240786,0.06258464583280665,0.0010401279935280925,0.0007501875468867217,0.7212454155205468,0.421566717660376,1.2336829198768038,13,False,False
h4_op_leverage,3,drawdown,10-20,38904,35761,3903,32,0,launch_500,0.9192113921447667,0.109141243253824,0.0008948295629316854,0.0,0.0,1.2116298090704414e-16,1.0988289109299008,0,False,False
h4_op_leverage,3,drawdown,20-30,28427,26567,2788,23,4,launch_500,0.9345692475463467,0.10494222155305453,0.0008657356871306508,0.0014347202295552368,1.6572266234171293,0.6446213631248401,4.254623419010574,4,False,False
h4_op_leverage,3,drawdown,>30,21977,20016,902,97,7,launch_500,0.9107703508213132,0.04506394884092726,0.004846123101518785,0.007760532150776054,1.6013898095869432,0.7767437831646178,3.287537223945,7,False,False
h4_op_leverage,3,mst,0-12,297665,270478,15318,380,22,launch_500,0.9086657820032586,0.05663307182099838,0.0014049201783509196,0.0014362188275231754,1.0222778842916143,0.6752607700206724,1.5472393864805414,22,False,False
h4_op_leverage,3,mst,13-24,33927,31811,5461,17,2,launch_500,0.9376307955315825,0.17167017698280468,0.0005344063374304486,0.0003662332906061161,0.6853086592630094,0.18794710319541227,2.497073995121519,2,False,False
h4_op_leverage,3,mst,>24,61837,56944,4143,43,0,launch_500,0.9208726167181461,0.07275568980050576,0.0007551278449002529,0.0,0.0,0.0,1.2267562298475048,0,False,False
h4_op_leverage,6,all,ALL,393429,354626,24877,420,20,launch_500,0.9013722933489905,0.07014996080377638,0.0011843463254245317,0.000803955460867468,0.6788178792037779,0.439499580641062,1.0482889848370112,20,False,False
h4_op_leverage,6,drawdown,0-10,304121,273424,18390,283,9,launch_500,0.8990632018176976,0.06725817777517701,0.0010350225291122944,0.0004893964110929853,0.4728364816490757,0.2487883149310192,0.8984652116529992,9,False,False
h4_op_leverage,6,drawdown,10-20,38904,35377,3877,30,4,launch_500,0.9093409418054699,0.10959097718856885,0.0008480085931537439,0.0010317255610007739,1.216645172384146,0.4732131024406838,3.1249351795933755,4,False,False
h4_op_leverage,6,drawdown,20-30,28427,26210,1516,22,1,launch_500,0.9220107644141133,0.057840518885921406,0.0008393742846241893,0.0006596306068601583,0.7858599184456704,0.13873487860429967,4.440230679824386,1,False,False
h4_op_leverage,6,drawdown,>30,21977,19615,1094,85,6,launch_500,0.8925240023661101,0.055773642620443535,0.004333418302319653,0.005484460694698354,1.265619959135391,0.5805876968098347,2.7492643231847262,6,False,False
h4_op_leverage,6,mst,0-12,297665,266771,15312,362,17,launch_500,0.8962121848386609,0.05739754321121861,0.001356969085845163,0.0011102403343782655,0.8181765863050394,0.5109353372475745,1.309842905906536,17,False,False
h4_op_leverage,6,mst,13-24,33927,31537,4633,17,3,launch_500,0.9295546320040086,0.14690680787646257,0.0005390493705805879,0.0006475285991797971,1.2012417313137211,0.4085749016136039,3.5288174387104,3,False,False
h4_op_leverage,6,mst,>24,61837,56318,4932,41,0,launch_500,0.9107492278085936,0.08757413260414078,0.000728008807130935,0.0,0.0,-7.446353408541297e-17,1.0690508276965118,0,False,False
h4_op_leverage,12,all,ALL,393429,345948,24513,387,30,launch_500,0.8793149462800149,0.07085746990877241,0.0011186652329251796,0.0012238404112103782,1.0940184562723718,0.766478982108551,1.5612807085225688,30,False,False
h4_op_leverage,12,drawdown,0-10,304121,266958,19204,265,18,launch_500,0.877801927522269,0.07193640947265113,0.0009926655129271272,0.0009373047281816288,0.94423017217325,0.5973766587004463,1.492178001960087,18,False,False
h4_op_leverage,12,drawdown,10-20,38904,34559,2893,27,7,launch_500,0.8883148262389472,0.08371191296044446,0.0007812726062675424,0.0024196335983408227,3.0970413898170555,1.5008464239901678,6.382362545997603,7,False,False
h4_op_leverage,12,drawdown,20-30,28427,25368,1313,17,3,launch_500,0.8923910366904704,0.051758120466729736,0.0006701356039104383,0.002284843869002285,3.4095246628735274,1.1599901233039829,9.992280477861291,3,False,False
h4_op_leverage,12,drawdown,>30,21977,19063,1103,78,2,launch_500,0.8674068344178004,0.05786077742223155,0.004091695955515921,0.001813236627379873,0.44315038240695537,0.12156225727466635,1.6098803345314718,2,False,False
h4_op_leverage,12,mst,0-12,297665,259990,15833,334,22,launch_500,0.8734315421698889,0.060898496096003694,0.0012846647947998,0.0013895029369039348,1.0816073909151318,0.7144460801275799,1.6370595491139182,22,False,False
h4_op_leverage,12,mst,13-24,33927,30782,1598,17,4,launch_500,0.9073009697291243,0.051913455915794944,0.0005522708076148398,0.0025031289111389237,4.532430243686962,1.7633292326548655,11.622139805571628,4,False,False
h4_op_leverage,12,mst,>24,61837,55176,7082,36,4,launch_500,0.8922813202451607,0.12835290706104102,0.0006524575902566333,0.0005648121999435188,0.8656688317800998,0.33667424238013316,2.2246319083972907,4,False,False
h5_peg_lt_1,0,all,ALL,393429,171246,107386,90,76,launch_500,0.43526532106174176,0.6270861801151559,0.0005255597211029746,0.0007077272642616356,1.3466162566194229,1.0760594197455289,1.6851397262861274,76,False,False
h5_peg_lt_1,0,drawdown,0-10,304121,136153,82993,46,37,launch_500,0.4476935167252508,0.6095568955513283,0.0003378552070097611,0.0004458207318689528,1.319561524046816,0.957444736695382,1.8185509373494735,37,False,False
h5_peg_lt_1,0,drawdown,10-20,38904,17402,12088,4,4,launch_500,0.44730618959490026,0.6946328008274911,0.00022985863693828295,0.00033090668431502316,1.4396095301125083,0.5598677309204115,3.700547610966183,4,False,False
h5_peg_lt_1,0,drawdown,20-30,28427,9354,6361,2,1,launch_500,0.329053364758856,0.6800299337181954,0.00021381227282446012,0.00015720798616569723,0.7352617512969659,0.1297942730960113,4.162614793857138,1,False,False
h5_peg_lt_1,0,drawdown,>30,21977,8337,5944,38,34,launch_500,0.379351139828002,0.7129662948302746,0.0045579944824277316,0.005720053835800807,1.254949706028193,0.8987114184362429,1.7512647240985655,34,False,False
h5_peg_lt_1,0,mst,0-12,297665,126123,77310,77,64,launch_500,0.4237078595064922,0.6129730501177422,0.0006105151320536301,0.0008278359849954727,1.3559630900725197,1.0620531208139514,1.731122963732287,64,False,False
h5_peg_lt_1,0,mst,13-24,33927,13223,8562,1,0,launch_500,0.38974857782886785,0.6475081297738788,7.562580352416244e-05,0.0,0.0,-3.5841013316939563e-16,5.930019955565573,0,False,False
h5_peg_lt_1,0,mst,>24,61837,31900,21514,12,12,launch_500,0.5158723741449294,0.6744200626959248,0.0003761755485893417,0.0005577763316909919,1.4827554150785536,0.8483036675168161,2.5912550044907237,12,False,False
h5_peg_lt_1,3,all,ALL,393429,171353,107301,106,95,launch_500,0.43553728881195847,0.6261985491937696,0.0006186060354939802,0.0008853598754904428,1.4312176485369232,1.1709873386860254,1.749216715422039,95,False,False
h5_peg_lt_1,3,drawdown,0-10,304121,136276,83352,52,45,launch_500,0.4480979610089405,0.6116410813349379,0.0003815785611553025,0.000539879067088972,1.4148569182041681,1.0575362858109374,1.8928219029927982,45,False,False
h5_peg_lt_1,3,drawdown,10-20,38904,16848,11410,5,5,launch_500,0.4330660086366441,0.6772317188983855,0.0002967711301044634,0.00043821209465381246,1.4765994741454864,0.6307624274012421,3.4555200055936126,5,False,False
h5_peg_lt_1,3,drawdown,20-30,28427,8868,5923,1,1,launch_500,0.31195694234354665,0.6679070816418584,0.00011276499774470004,0.00016883336147222692,1.4972142495357084,0.26430058953662533,8.47594625504671,1,False,False
h5_peg_lt_1,3,drawdown,>30,21977,9361,6616,48,44,launch_500,0.4259453064567502,0.7067620980664459,0.005127657301570345,0.006650544135429262,1.2969946594115276,0.9669234844796923,1.7387301111286586,44,False,False
h5_peg_lt_1,3,mst,0-12,297665,128251,78585,94,83,launch_500,0.43085683570456723,0.6127437602825709,0.0007329377548713071,0.0010561812050645797,1.4410244226674191,1.162675895139268,1.7859232247040129,83,False,False
h5_peg_lt_1,3,mst,13-24,33927,11810,7559,0,0,launch_500,0.3481003330680579,0.6400508044030483,0.0,0.0,,,,0,False,False
h5_peg_lt_1,3,mst,>24,61837,31292,21157,12,12,launch_500,0.506040073095396,0.6761153010354084,0.0003834845967020325,0.0005671881646736305,1.4790376707472703,0.8461779382317213,2.5847463195394718,12,False,False
h5_peg_lt_1,6,all,ALL,393429,170276,106518,98,84,launch_500,0.43279981902706716,0.625560854142686,0.0005755361883060443,0.0007885991100095758,1.3701990005713318,1.1069179472646409,1.6960404338649238,84,False,False
h5_peg_lt_1,6,drawdown,0-10,304121,135322,82843,51,42,launch_500,0.44496105168666417,0.6121916613706566,0.0003768788519235601,0.000506983088492691,1.3452150098236848,0.9953327128912989,1.8180046643356433,42,False,False
h5_peg_lt_1,6,drawdown,10-20,38904,16121,10896,4,4,launch_500,0.4143789841661526,0.6758885925190745,0.00024812356553563676,0.0003671071953010279,1.4795337738619676,0.5753979336168654,3.803018012741436,4,False,False
h5_peg_lt_1,6,drawdown,20-30,28427,8705,5776,0,0,launch_500,0.306222957047877,0.6635267087880529,0.0,0.0,,,,0,False,False
h5_peg_lt_1,6,drawdown,>30,21977,10128,7003,43,38,launch_500,0.46084542931246303,0.6914494470774092,0.00424565560821485,0.005426245894616593,1.2780701958296943,0.9317871291487146,1.7520824637445633,38,False,False
h5_peg_lt_1,6,mst,0-12,297665,129543,79472,85,72,launch_500,0.43519728553911274,0.6134796940012197,0.0006561527832457176,0.0009059794644654722,1.3807446795911842,1.0966192162989796,1.7384007990035364,72,False,False
h5_peg_lt_1,6,mst,13-24,33927,10449,6564,0,0,launch_500,0.30798479087452474,0.6281940855584266,0.0,0.0,,,,0,False,False
h5_peg_lt_1,6,mst,>24,61837,30284,20482,13,12,launch_500,0.48973915293432735,0.6763307357020208,0.00042926958129705457,0.0005858802851284055,1.3648306580637408,0.7808407980222506,2.3851384671937566,12,False,False
h5_peg_lt_1,12,all,ALL,393429,167617,104140,82,56,launch_500,0.4260412933464488,0.6212973624393707,0.0004892105216058037,0.0005377376608411753,1.0991947987465278,0.8465918063288276,1.4271159131364999,56,False,False
h5_peg_lt_1,12,drawdown,0-10,304121,131755,80606,41,26,launch_500,0.4332321674596624,0.6117870289552578,0.0003111836362946378,0.0003225566335012282,1.036547542608642,0.7074306576885129,1.5187065961204222,26,False,False
h5_peg_lt_1,12,drawdown,10-20,38904,15060,9719,3,3,launch_500,0.38710672424429365,0.6453519256308101,0.00019920318725099602,0.00030867373186541823,1.5495421339643995,0.527011401640673,4.554231956387952,3,False,False
h5_peg_lt_1,12,drawdown,20-30,28427,10200,7127,1,1,launch_500,0.3588138037780983,0.6987254901960784,9.80392156862745e-05,0.00014031149151115475,1.4311772134137786,0.25264229771802565,8.103016839116396,1,False,False
h5_peg_lt_1,12,drawdown,>30,21977,10602,6688,37,26,launch_500,0.4824134322245984,0.6308243727598566,0.003489907564610451,0.00388755980861244,1.113943488943489,0.7606020474112327,1.6304949190572242,26,False,False
h5_peg_lt_1,12,mst,0-12,297665,130959,79931,75,49,launch_500,0.4399543110543732,0.6103513313327071,0.0005726983254300965,0.0006130287372859091,1.0704217387496717,0.8097973981494876,1.4148571446794176,49,False,False
h5_peg_lt_1,12,mst,13-24,33927,9581,5831,0,0,launch_500,0.2824004480207504,0.6086003548690115,0.0,0.0,,,,0,False,False
h5_peg_lt_1,12,mst,>24,61837,27077,18378,7,7,launch_500,0.43787699920759415,0.6787310263323115,0.0002585219928352476,0.0003808901947981282,1.4733376863641312,0.7137439533441481,3.040684670527425,7,False,False
h5_peg_lt_05,0,all,ALL,393429,171246,72282,90,68,launch_500,0.43526532106174176,0.42209453067516906,0.0005255597211029746,0.0009407598018870535,1.7900150337105598,1.4122540044241763,2.2687020420895907,68,False,False
h5_peg_lt_05,0,drawdown,0-10,304121,136153,55429,46,34,launch_500,0.4476935167252508,0.40710817976834884,0.0003378552070097611,0.0006133973190928936,1.8155627214446683,1.299396321468762,2.5365929638802553,34,False,False
h5_peg_lt_05,0,drawdown,10-20,38904,17402,8294,4,4,launch_500,0.44730618959490026,0.47661188369152974,0.00022985863693828295,0.0004822763443453099,2.0981432360742707,0.8159942686495156,5.392399458605862,4,False,False
h5_peg_lt_05,0,drawdown,20-30,28427,9354,4448,2,1,launch_500,0.329053364758856,0.4755184947615993,0.00021381227282446012,0.0002248201438848921,1.0514838129496404,0.18561786616361342,5.9512815360641484,1,False,False
h5_peg_lt_05,0,drawdown,>30,21977,8337,4111,38,29,launch_500,0.379351139828002,0.49310303466474753,0.0045579944824277316,0.007054244709316468,1.5476641616203,1.07858647605363,2.2186707166651543,29,False,False
h5_peg_lt_05,0,mst,0-12,297665,126123,51604,77,56,launch_500,0.4237078595064922,0.4091561412272147,0.0006105151320536301,0.0010851871947911015,1.777494345047248,1.3690881490708136,2.3075584802044884,56,False,False
h5_peg_lt_05,0,mst,13-24,33927,13223,6054,1,0,launch_500,0.38974857782886785,0.45783861453527946,7.562580352416244e-05,0.0,0.0,0.0,8.385100721463491,0,False,False
h5_peg_lt_05,0,mst,>24,61837,31900,14624,12,12,launch_500,0.5158723741449294,0.45843260188087775,0.0003761755485893417,0.0008205689277899343,2.1813457330415753,1.2480273725989257,3.8116308415555773,12,False,False
h5_peg_lt_05,3,all,ALL,393429,171353,71951,106,83,launch_500,0.43553728881195847,0.4198992722625224,0.0006186060354939802,0.0011535628413781602,1.8647778637610557,1.504589698318899,2.3110691486284027,83,False,False
h5_peg_lt_05,3,drawdown,0-10,304121,136276,55652,52,41,launch_500,0.4480979610089405,0.40837711702720947,0.0003815785611553025,0.0007367210522532883,1.9307191945551752,1.4234198934904152,2.6186365209742197,41,False,False
h5_peg_lt_05,3,drawdown,10-20,38904,16848,7803,5,5,launch_500,0.4330660086366441,0.46314102564102566,0.0002967711301044634,0.0006407791874919902,2.15916955017301,0.9223695170898079,5.051900626869084,5,False,False
h5_peg_lt_05,3,drawdown,20-30,28427,8868,4000,1,1,launch_500,0.31195694234354665,0.4510599909788002,0.00011276499774470004,0.00025,2.217,0.391367023039197,12.546722032516671,1,False,False
h5_peg_lt_05,3,drawdown,>30,21977,9361,4496,48,36,launch_500,0.4259453064567502,0.48029056724708896,0.005127657301570345,0.00800711743772242,1.5615547153024911,1.1290664078778256,2.157863731194937,36,False,False
h5_peg_lt_05,3,mst,0-12,297665,128251,52343,94,71,launch_500,0.43085683570456723,0.40812937131094496,0.0007329377548713071,0.0013564373459679423,1.8506855963588782,1.467553513195556,2.3336701526343906,71,False,False
h5_peg_lt_05,3,mst,13-24,33927,11810,5210,0,0,launch_500,0.3481003330680579,0.441151566469094,0.0,0.0,,,,0,False,False
h5_peg_lt_05,3,mst,>24,61837,31292,14398,12,12,launch_500,0.506040073095396,0.4601176019429886,0.0003834845967020325,0.0008334490901514099,2.173357410751493,1.2434594576895088,3.7976489646889795,12,False,False
h5_peg_lt_05,6,all,ALL,393429,170276,71055,98,69,launch_500,0.43279981902706716,0.41729310061312225,0.0005755361883060443,0.0009710787418197171,1.6872592228785117,1.3334737661207687,2.1347924919308445,69,False,False
h5_peg_lt_05,6,drawdown,0-10,304121,135322,55180,51,36,launch_500,0.44496105168666417,0.4077681382184715,0.0003768788519235601,0.0006524102935846322,1.731087563695286,1.2505711784917943,2.3960695727356334,36,False,False
h5_peg_lt_05,6,drawdown,10-20,38904,16121,7345,4,4,launch_500,0.4143789841661526,0.45561689721481297,0.00024812356553563676,0.0005445881552076242,2.1948264125255275,0.8536046748004325,5.640485573760756,4,False,False
h5_peg_lt_05,6,drawdown,20-30,28427,8705,3866,0,0,launch_500,0.306222957047877,0.4441125789775991,0.0,0.0,,,,0,False,False
h5_peg_lt_05,6,drawdown,>30,21977,10128,4664,43,29,launch_500,0.46084542931246303,0.46050552922590837,0.00424565560821485,0.006217838765008576,1.4645179305117875,1.0205339814821175,2.0999277897772717,29,False,False
h5_peg_lt_05,6,mst,0-12,297665,129543,52837,85,57,launch_500,0.43519728553911274,0.40787228951004684,0.0006561527832457176,0.0010787894846414445,1.6441132495165487,1.2692527594355123,2.1295300284041203,57,False,False
h5_peg_lt_05,6,mst,13-24,33927,10449,4357,0,0,launch_500,0.30798479087452474,0.4169777012154273,0.0,0.0,,,,0,False,False
h5_peg_lt_05,6,mst,>24,61837,30284,13861,13,12,launch_500,0.48973915293432735,0.4577004358737287,0.00042926958129705457,0.000865738402712647,2.0167709067499846,1.1538762385919472,3.5239810222839187,12,False,False
h5_peg_lt_05,12,all,ALL,393429,167617,68691,82,39,launch_500,0.4260412933464488,0.40980926755639346,0.0004892105216058037,0.0005677599685548325,1.1605636908445776,0.849080571592996,1.586224918596557,39,False,False
h5_peg_lt_05,12,drawdown,0-10,304121,131755,53133,41,20,launch_500,0.4332321674596624,0.4032712231034875,0.0003111836362946378,0.00037641390472964074,1.2096198540891174,0.7831200797119524,1.8682631828758112,20,False,False
h5_peg_lt_05,12,drawdown,10-20,38904,15060,6570,3,1,launch_500,0.38710672424429365,0.4362549800796813,0.00019920318725099602,0.00015220700152207003,0.7640791476407915,0.134881266568547,4.325847481991227,1,False,False
h5_peg_lt_05,12,drawdown,20-30,28427,10200,4902,1,0,launch_500,0.3588138037780983,0.48058823529411765,9.80392156862745e-05,0.0,0.0,-5.529431079676073e-16,7.986984682981229,0,False,False
h5_peg_lt_05,12,drawdown,>30,21977,10602,4086,37,18,launch_500,0.4824134322245984,0.3853989813242784,0.003489907564610451,0.004405286343612335,1.26229313013454,0.7989974069507009,1.9923560669057097,18,False,False
h5_peg_lt_05,12,mst,0-12,297665,130959,52662,75,36,launch_500,0.4399543110543732,0.40212585618399654,0.0005726983254300965,0.0006836048763814515,1.1936561467471802,0.8623234490417726,1.652177117425044,36,False,False
h5_peg_lt_05,12,mst,13-24,33927,9581,3740,0,0,launch_500,0.2824004480207504,0.39035591274397247,0.0,0.0,,,,0,False,False
h5_peg_lt_05,12,mst,>24,61837,27077,12289,7,3,launch_500,0.43787699920759415,0.4538538242789083,0.0002585219928352476,0.00024412075840182277,0.9442939678923079,0.32115829303100424,2.775617094733139,3,False,False
h6_compressed_multiple,0,all,ALL,393429,247975,56070,105,29,launch_500,0.6302916155138538,0.22611150317572337,0.0004234297812279464,0.0005172106295701801,1.2214791035015753,0.8505689951730542,1.7540128964580204,29,False,False
h6_compressed_multiple,0,drawdown,0-10,304121,193005,40563,57,9,launch_500,0.6346322680775086,0.21016553975285615,0.0002953291365508666,0.00022187708009762592,0.7512874709516191,0.3952812035731318,1.4277921899395993,9,False,False
h6_compressed_multiple,0,drawdown,10-20,38904,24844,7417,2,0,launch_500,0.6385975735142916,0.29854290774432457,8.050233456770246e-05,0.0,0.0,0.0,6.430349238407334,0,False,False
h6_compressed_multiple,0,drawdown,20-30,28427,16161,4751,0,0,launch_500,0.5685088120448869,0.2939793329620692,0.0,0.0,,,,0,False,False
h6_compressed_multiple,0,drawdown,>30,21977,13965,3339,46,20,launch_500,0.6354370478227238,0.23909774436090225,0.003293949158610813,0.005989817310572028,1.8184304074377906,1.1781880750030047,2.803363319211126,20,False,False
h6_compressed_multiple,0,mst,0-12,297665,186163,39355,89,26,launch_500,0.6254111165236087,0.21140076169808178,0.00047807566487433056,0.0006606530301105323,1.3819005622973823,0.9431708340035757,2.024514236164001,26,False,False
h6_compressed_multiple,0,mst,13-24,33927,19883,5289,0,0,launch_500,0.5860524066377811,0.2660061358949857,0.0,0.0,,,,0,False,False
h6_compressed_multiple,0,mst,>24,61837,41929,11426,16,3,launch_500,0.6780568268188948,0.272508287819886,0.0003815974623768752,0.00026255907579205323,0.6880524680553125,0.23401021939628255,2.022377866334916,3,False,False
h6_compressed_multiple,3,all,ALL,393429,246041,56038,104,45,launch_500,0.6253758619725541,0.22775878816945144,0.0004226937786791632,0.0008030265177201185,1.8997831485228431,1.4200352925071131,2.5414358607289316,45,False,False
h6_compressed_multiple,3,drawdown,0-10,304121,191726,41429,55,20,launch_500,0.6304267051601172,0.21608441212981025,0.00028686771747180875,0.0004827536266866205,1.6828440332748908,1.089506239533476,2.599068615805143,20,False,False
h6_compressed_multiple,3,drawdown,10-20,38904,24306,7079,2,2,launch_500,0.6247686613201727,0.29124496009215833,8.228420966016621e-05,0.00028252578047746857,3.4335358101426756,0.9416409113689049,12.513022776591447,2,False,False
h6_compressed_multiple,3,drawdown,20-30,28427,15578,3753,0,0,launch_500,0.5480001407112955,0.24091667736551547,0.0,0.0,,,,0,False,False
h6_compressed_multiple,3,drawdown,>30,21977,14431,3777,47,23,launch_500,0.656641033808072,0.2617282239623034,0.0032568775552629754,0.006089489012443739,1.8697322540122467,1.246974677368327,2.800655712886084,23,False,False
h6_compressed_multiple,3,mst,0-12,297665,185874,39618,88,38,launch_500,0.6244402264290394,0.21314438813389716,0.0004734389963093278,0.0009591599777878742,2.0259420649016286,1.47627297120725,2.7800030158593323,38,False,False
h6_compressed_multiple,3,mst,13-24,33927,18817,5025,0,0,launch_500,0.5546320040086067,0.2670457564967848,0.0,0.0,,,,0,False,False
h6_compressed_multiple,3,mst,>24,61837,41350,11395,16,7,launch_500,0.6686935006549477,0.2755743651753325,0.0003869407496977025,0.000614304519526108,1.5875932426502855,0.7691241481725591,3.275937840159945,7,False,False
h6_compressed_multiple,6,all,ALL,393429,243598,55509,103,41,launch_500,0.619166355301719,0.22787132899284887,0.00042282777362704125,0.0007386189626907349,1.7468553599372587,1.2878668238972077,2.369260881253823,41,False,False
h6_compressed_multiple,6,drawdown,0-10,304121,189758,42065,52,25,launch_500,0.6239555966210817,0.22167708344312229,0.00027403324234024387,0.0005943183168905266,2.168781830317549,1.4691993253709947,3.201189275099437,25,False,False
h6_compressed_multiple,6,drawdown,10-20,38904,23495,5925,2,2,launch_500,0.6039224758379601,0.25218131517344117,8.512449457331348e-05,0.00033755274261603374,3.965400843881856,1.0875132719363105,14.449677062278877,2,False,False
h6_compressed_multiple,6,drawdown,20-30,28427,15517,3421,1,0,launch_500,0.545854293453407,0.2204678739447058,6.444544692917445e-05,0.0,0.0,0.0,17.404577168526977,0,False,False
h6_compressed_multiple,6,drawdown,>30,21977,14828,4098,48,14,launch_500,0.6747053737998817,0.2763690315619099,0.0032371189641219314,0.003416300634455832,1.0553522043273142,0.6290021987412386,1.7690323030837978,14,False,False
h6_compressed_multiple,6,mst,0-12,297665,185450,40206,87,28,launch_500,0.623015806359498,0.21680237260717175,0.0004691291453221893,0.0006964134706262747,1.484481357788996,1.0272036214936844,2.1451193569020637,28,False,False
h6_compressed_multiple,6,mst,13-24,33927,17938,4407,1,1,launch_500,0.5287234356117546,0.24567956293901216,5.574757498048835e-05,0.0002269117313365101,4.070342636714318,0.7185355596913301,23.03749611578485,1,False,False
h6_compressed_multiple,6,mst,>24,61837,40210,10896,15,12,launch_500,0.6502579361870725,0.2709773688137279,0.0003730415319572246,0.0011013215859030838,2.9522760646108663,1.6891785973793298,5.158046755026928,12,False,False
h6_compressed_multiple,12,all,ALL,393429,239336,54034,115,24,launch_500,0.6083333968772002,0.22576628672661028,0.00048049603904134775,0.00044416478513528517,0.9243880262185966,0.6212513569947835,1.3753410256832197,24,False,False
h6_compressed_multiple,12,drawdown,0-10,304121,185280,40859,68,18,launch_500,0.6092311941628497,0.2205256908462867,0.0003670120898100173,0.0004405394160405296,1.2003403382939606,0.7593535876213151,1.8972472139804535,18,False,False
h6_compressed_multiple,12,drawdown,10-20,38904,22666,5400,2,1,launch_500,0.5826136129960929,0.23824230124415424,8.823788934968675e-05,0.00018518518518518518,2.0987037037037037,0.3704812100542465,11.88029520621622,1,False,False
h6_compressed_multiple,12,drawdown,20-30,28427,16611,4072,1,1,launch_500,0.584338832799803,0.24513876346998978,6.0201071579074104e-05,0.0002455795677799607,4.0793222003929275,0.7201223786890235,23.08661163098969,1,False,False
h6_compressed_multiple,12,drawdown,>30,21977,14779,3703,44,4,launch_500,0.6724757701233107,0.2505582245077475,0.0029771973746532242,0.001080205238995409,0.36282620970711704,0.14112211627559598,0.9318626897669015,4,False,False
h6_compressed_multiple,12,mst,0-12,297665,184343,40664,102,18,launch_500,0.6192968605647288,0.2205887937160619,0.0005533163721974797,0.0004426519771788314,0.7999979747948756,0.5060910606970631,1.2644687007524966,18,False,False
h6_compressed_multiple,12,mst,13-24,33927,17773,3399,0,0,launch_500,0.5238600524655879,0.19124514713329208,0.0,0.0,,,,0,False,False
h6_compressed_multiple,12,mst,>24,61837,37220,9971,13,6,launch_500,0.6019050083283471,0.2678936055883933,0.0003492745835572273,0.0006017450606759602,1.7228423967968647,0.7896750245752967,3.7572960263307356,6,False,False
h7_neglect,0,all,ALL,393429,392193,213992,629,518,launch_500,0.9968583912217961,0.5456293202581383,0.001603802209626383,0.0024206512392986653,1.509320304442387,1.384952354204083,1.6448269003936715,518,True,False
h7_neglect,0,drawdown,0-10,304121,303125,159194,416,324,launch_500,0.9967249877515857,0.5251760824742268,0.0013723711340206187,0.0020352525848964156,1.483019086049822,1.3302222750677792,1.6533271020887534,324,True,False
h7_neglect,0,drawdown,10-20,38904,38770,22910,54,46,launch_500,0.9965556241003496,0.5909208150631932,0.0013928295073510446,0.002007856831078132,1.441566839646281,1.0810808152192795,1.9219345419650822,46,False,False
h7_neglect,0,drawdown,20-30,28427,28355,17400,36,35,launch_500,0.9974671966792135,0.6136483865279492,0.0012696173514371363,0.002011494252873563,1.584331098339719,1.1395131247663637,2.202301081287491,35,False,False
h7_neglect,0,drawdown,>30,21977,21943,14488,123,113,launch_500,0.9984529280611548,0.660256118124231,0.0056054322563004145,0.007799558255107675,1.3914285105026645,1.1581340358983392,1.6712746803655962,113,True,False
h7_neglect,0,mst,0-12,297665,296747,158085,515,419,launch_500,0.9969159961701913,0.5327265313549926,0.0017354851102117292,0.002650472846886169,1.5272230405726794,1.387984053844917,1.6803892905698325,419,True,False
h7_neglect,0,mst,13-24,33927,33824,19072,43,42,launch_500,0.9969640699148171,0.5638599810785241,0.0012712866603595081,0.002202181208053691,1.7322459809583266,1.2819398339828505,2.340259494413362,42,False,False
h7_neglect,0,mst,>24,61837,61622,36835,71,57,launch_500,0.9965231172275498,0.5977572944727533,0.0011521859076303916,0.0015474412922492195,1.3430482719856536,1.036879405683669,1.739441016606992,57,False,False
h7_neglect,3,all,ALL,393429,393334,216828,629,505,launch_500,0.9997585333058824,0.5512566927852665,0.0015991498319494373,0.0023290349954802887,1.4564207486681144,1.334938610539768,1.5889298588439162,505,True,False
h7_neglect,3,drawdown,0-10,304121,304041,162019,416,321,launch_500,0.9997369468073563,0.5328853674339974,0.0013682365207324013,0.0019812491127583804,1.4480311574331026,1.298178093635964,1.6151439694704188,321,True,False
h7_neglect,3,drawdown,10-20,38904,38898,23026,54,46,launch_500,0.9998457742134484,0.5919584554475809,0.0013882461823229986,0.001997741683314514,1.4390399258808881,1.079184623373629,1.9185692982396527,46,False,False
h7_neglect,3,drawdown,20-30,28427,28421,17540,36,34,launch_500,0.9997889330566011,0.6171492910172056,0.001266669012350023,0.0019384264538198405,1.5303338401114912,1.0954305946717358,2.1374324201722077,34,False,False
h7_neglect,3,drawdown,>30,21977,21974,14243,123,104,launch_500,0.9998634936524549,0.6481751160462365,0.0055975243469554925,0.007301832479112547,1.3044753406180416,1.0773269412446802,1.5790908235480403,104,True,False
h7_neglect,3,mst,0-12,297665,297591,159758,515,406,launch_500,0.9997513983840896,0.5368374715633202,0.0017305630882654382,0.0025413437824709875,1.4685068690666478,1.3325910024939522,1.618246384161293,406,True,False
h7_neglect,3,mst,13-24,33927,33921,19738,43,42,launch_500,0.9998231497037757,0.5818814303823591,0.0012676513074496624,0.0021278751646570068,1.6785965921007053,1.2422266522826821,2.267813394078746,42,False,False
h7_neglect,3,mst,>24,61837,61822,37332,71,57,launch_500,0.9997574267833175,0.6038627025977807,0.001148458477564621,0.001526840244294439,1.3294692617291664,1.026393840354333,1.7218601600361836,57,False,False
h7_neglect,6,all,ALL,393429,393143,218696,629,491,launch_500,0.9992730581629722,0.5562759606555375,0.0015999267442126657,0.0022451256538756994,1.4032677821011987,1.2846308170112457,1.5328340671410774,491,True,False
h7_neglect,6,drawdown,0-10,304121,303893,164089,416,320,launch_500,0.9992502984009654,0.5399564978462814,0.0013689028704182064,0.0019501611930111099,1.4246161909320316,1.2769667127321813,1.5893004565746345,320,True,False
h7_neglect,6,drawdown,10-20,38904,38882,22869,54,44,launch_500,0.9994345054493111,0.5881641890849236,0.0013888174476621572,0.001924001924001924,1.385352644611904,1.0322625875870615,1.858906489456924,44,False,False
h7_neglect,6,drawdown,20-30,28427,28399,18042,36,35,launch_500,0.9990150209308052,0.6353040600021127,0.0012676502693756823,0.0019399179691830175,1.5303258446341252,1.1006611573940561,2.1272656440184883,35,False,False
h7_neglect,6,drawdown,>30,21977,21969,13696,123,92,launch_500,0.9996359830732129,0.6234239155173199,0.005598798306704902,0.006717289719626168,1.1997734784590837,0.9789292553957594,1.470027344320831,92,False,False
h7_neglect,6,mst,0-12,297665,297433,160889,515,393,launch_500,0.9992206003393076,0.540925183150491,0.0017314823842680537,0.0024426778710788183,1.410743703356478,1.2781317714911808,1.557077543347169,393,True,False
h7_neglect,6,mst,13-24,33927,33907,20180,43,42,launch_500,0.9994104990125858,0.5951573421417407,0.0012681747131860679,0.0020812685827552033,1.6411528798948993,1.214510581917967,2.2172471786623986,42,False,False
h7_neglect,6,mst,>24,61837,61803,37627,71,56,launch_500,0.9994501673755195,0.6088215782405385,0.0011488115463650632,0.0014882929811039945,1.295506635368594,0.9978846577145611,1.681723533926375,56,False,False
h7_neglect,12,all,ALL,393429,390402,220470,603,471,launch_500,0.9923061085990103,0.5647255905451304,0.001544561759417216,0.0021363450809633966,1.3831399540601526,1.2638525462796453,1.5136598057909207,471,True,False
h7_neglect,12,drawdown,0-10,304121,301587,165921,394,302,launch_500,0.9916677901230102,0.5501596554228133,0.001306422359053938,0.0018201433212191344,1.3932273193312565,1.2448199527418546,1.5592917027907114,302,True,False
h7_neglect,12,drawdown,10-20,38904,38621,23497,50,45,launch_500,0.9927256837343204,0.6083995753605551,0.001294632453846353,0.0019151381027365196,1.4792909733157424,1.105862008219881,1.9784964729823973,45,False,False
h7_neglect,12,drawdown,20-30,28427,28285,18701,36,36,launch_500,0.9950047490062265,0.6611631606858759,0.0012727594131164929,0.001925030747018876,1.5124859633174694,1.092811201819045,2.0928994620531047,36,False,False
h7_neglect,12,drawdown,>30,21977,21909,12351,123,88,launch_500,0.9969058561223096,0.563740928385595,0.005614131178967548,0.0071249291555339645,1.269106283484501,1.0308259969560913,1.561980367473023,88,False,False
h7_neglect,12,mst,0-12,297665,295242,160835,492,372,launch_500,0.991859976819579,0.5447565048333232,0.0016664295730282276,0.00231292939969534,1.3879550850098608,1.2540293839410384,1.536146865668697,372,True,False
h7_neglect,12,mst,13-24,33927,33781,21090,43,43,launch_500,0.9956966427918766,0.624315443592552,0.0012729048873627187,0.002038880986249407,1.6017543859649122,1.1895002186862027,2.1564938290068016,43,False,False
h7_neglect,12,mst,>24,61837,61379,38545,68,56,launch_500,0.9925934311172923,0.6279835122761857,0.0011078707701331074,0.0014528473213127513,1.3113869961008142,1.010113175363005,1.702348331675946,56,False,False
h8_fcf_divergence,0,all,ALL,393429,385058,45818,581,28,launch_500,0.9787229716162256,0.1189898664616759,0.0015088635997693855,0.000611113536164826,0.40501575905087017,0.28025221009738005,0.5852728617944832,28,False,False
h8_fcf_divergence,0,drawdown,0-10,304121,297159,36733,375,19,launch_500,0.9771077959101805,0.12361395751096214,0.0012619506728720987,0.0005172460730133667,0.4098782021615441,0.2624315801977406,0.6401004529293602,19,False,False
h8_fcf_divergence,0,drawdown,10-20,38904,38142,4409,50,1,launch_500,0.9804133251079581,0.11559435792564626,0.0013108908814430287,0.00022680880018144704,0.17301882513041505,0.03054292669361033,0.9792596085956385,1,False,False
h8_fcf_divergence,0,drawdown,20-30,28427,28084,2768,36,4,launch_500,0.987934006402364,0.09856145848169777,0.00128186867967526,0.001445086705202312,1.1273281952472705,0.438504376975802,2.8941731163439774,4,False,False
h8_fcf_divergence,0,drawdown,>30,21977,21673,1908,120,4,launch_500,0.9861673567820903,0.08803580491856226,0.0055368430766391365,0.0020964360587002098,0.37863382250174704,0.14729615903104862,0.9713458407284387,4,False,False
h8_fcf_divergence,0,mst,0-12,297665,291090,35382,473,24,launch_500,0.9779114104782222,0.12155003607131815,0.0016249269985227936,0.0006783110055960658,0.4174409103994901,0.2805572248770448,0.6210426288582829,24,False,False
h8_fcf_divergence,0,mst,13-24,33927,33453,2933,42,0,launch_500,0.9860288265982845,0.08767524586733626,0.0012554927809165098,0.0,0.0,-8.635670303847042e-17,1.0418410533191589,0,False,False
h8_fcf_divergence,0,mst,>24,61837,60515,7503,66,4,launch_500,0.9786212138363762,0.12398578864744278,0.001090638684623647,0.0005331200852992136,0.488814575180029,0.19010778486518556,1.2562211327380448,4,False,False
h8_fcf_divergence,3,all,ALL,393429,379889,45400,554,32,launch_500,0.9655846417015522,0.11950859329962173,0.0014583207199997893,0.0007048458149779736,0.48332702492087987,0.3424113615304322,0.6821772720351419,32,False,False
h8_fcf_divergence,3,drawdown,0-10,304121,292910,36774,361,15,launch_500,0.963136383215891,0.12554709637772696,0.0012324604827421391,0.0004078968836678088,0.330961429903429,0.20058780722041988,0.5460153764181445,15,False,False
h8_fcf_divergence,3,drawdown,10-20,38904,37690,4079,48,5,launch_500,0.9687949825210775,0.10822499336694083,0.0012735473600424517,0.001225790634959549,0.9625010214921957,0.4112093483448564,2.250767357961604,5,False,False
h8_fcf_divergence,3,drawdown,20-30,28427,27907,2578,35,2,launch_500,0.981707531572097,0.09237825635145304,0.0012541656215286487,0.0007757951900698216,0.6185747534079574,0.16965606827596788,2.2519996871823476,2,False,False
h8_fcf_divergence,3,drawdown,>30,21977,21382,1969,110,10,launch_500,0.9729262410702098,0.09208680198297634,0.005144514077261248,0.005078720162519045,0.987210859227111,0.5366903440150332,1.8123813994799,10,False,False
h8_fcf_divergence,3,mst,0-12,297665,286984,35476,451,26,launch_500,0.9641173802764853,0.12361664761798567,0.0015715161820868062,0.0007328898410192806,0.4663584437584861,0.31830059898631496,0.6832115639984297,26,False,False
h8_fcf_divergence,3,mst,13-24,33927,33240,3090,42,2,launch_500,0.9797506410823238,0.09296028880866426,0.001263537906137184,0.0006472491909385113,0.5122515025427647,0.14049204218562106,1.865413781632511,2,False,False
h8_fcf_divergence,3,mst,>24,61837,59665,6834,61,4,launch_500,0.9648753982243641,0.11453951227687924,0.0010223749266739294,0.000585308750365818,0.5724991244356809,0.2226560297948669,1.471198048497789,4,False,False
h8_fcf_divergence,6,all,ALL,393429,374772,45018,528,38,launch_500,0.9525784830299749,0.12012103358842176,0.0014088565848035606,0.0008441068017237549,0.5991431710144225,0.43658070841034663,0.8221662189000289,38,False,False
h8_fcf_divergence,6,drawdown,0-10,304121,288867,35803,341,17,launch_500,0.9498423324926591,0.12394285259306186,0.0011804740589960085,0.0004748205457643214,0.40222869968710334,0.2511609316802763,0.6440912951902928,17,False,False
h8_fcf_divergence,6,drawdown,10-20,38904,37190,3877,46,3,launch_500,0.9559428336417849,0.10424845388545308,0.0012368916375369724,0.0007737941707505803,0.6255957654394365,0.21278659307288803,1.8374403087658495,3,False,False
h8_fcf_divergence,6,drawdown,20-30,28427,27710,2974,35,5,launch_500,0.9747775002638337,0.1073258751353302,0.0012630819198845183,0.0016812373907195697,1.3310596599096935,0.5687131162506892,3.1112949979374176,5,False,False
h8_fcf_divergence,6,drawdown,>30,21977,21005,2364,106,13,launch_500,0.9557719433953679,0.11254463223042133,0.0050464175196381815,0.005499153976311337,1.0897144270982984,0.6374009546049236,1.8599768705300925,13,False,False
h8_fcf_divergence,6,mst,0-12,297665,282816,35377,432,32,launch_500,0.950115062234391,0.1250883966960851,0.0015274949083503055,0.0009045424993639936,0.5921738229169611,0.41953363494298,0.8357655585269679,32,False,False
h8_fcf_divergence,6,mst,13-24,33927,33060,3211,39,5,launch_500,0.9744451321955965,0.09712643678160919,0.0011796733212341198,0.0015571473061351605,1.3199817933545743,0.563967938403783,3.085760476196469,5,False,False
h8_fcf_divergence,6,mst,>24,61837,58896,6430,57,1,launch_500,0.9524394779824377,0.10917549578918773,0.0009678076609616952,0.00015552099533437013,0.16069411475812392,0.02836700186220185,0.9097605987283243,1,False,False
h8_fcf_divergence,12,all,ALL,393429,365015,43287,479,28,launch_500,0.9277785826667582,0.11858964700080818,0.0013122748380203554,0.0006468454732367685,0.49291920754388113,0.3410788750706653,0.7122920907135456,28,False,False
h8_fcf_divergence,12,drawdown,0-10,304121,281218,33619,307,15,launch_500,0.9246911591110117,0.1195478241079874,0.0010916797644532,0.0004461762693714864,0.4087061828016634,0.24770845256094964,0.6742670970001452,15,False,False
h8_fcf_divergence,12,drawdown,10-20,38904,36432,4679,45,7,launch_500,0.9364589759407773,0.1284310496267018,0.0012351778656126482,0.0014960461637101945,1.2111989741397735,0.586863597130307,2.49768351750721,7,False,False
h8_fcf_divergence,12,drawdown,20-30,28427,27038,2434,34,1,launch_500,0.951138002603159,0.09002145129077595,0.0012574894592795325,0.0004108463434675431,0.3267195127845715,0.05767694386607873,1.8478342839539899,1,False,False
h8_fcf_divergence,12,drawdown,>30,21977,20327,2555,93,5,launch_500,0.9249215088501616,0.12569488857185024,0.00457519555271314,0.0019569471624266144,0.4277297308671591,0.18276192068079408,0.999541175454987,5,False,False
h8_fcf_divergence,12,mst,0-12,297665,274859,33975,387,20,launch_500,0.9233836695614197,0.12360883216485544,0.0014079946445268302,0.0005886681383370125,0.41808975668003334,0.27068348419639915,0.6456961471129545,20,False,False
h8_fcf_divergence,12,mst,13-24,33927,32675,3587,38,7,launch_500,0.963097238187874,0.10977811782708492,0.0011629686304514154,0.0019514914970727628,1.678025912285593,0.8131181493733812,3.45922504739781,7,False,False
h8_fcf_divergence,12,mst,>24,61837,57481,5725,54,1,launch_500,0.9295567378753821,0.09959812807710373,0.0009394408587185331,0.00017467248908296942,0.18593239527737343,0.03282234132928216,1.0525658079920788,1,False,False
h9_rs6_top_decile,0,all,ALL,393429,393051,39379,627,125,launch_500,0.9990392167328793,0.10018801631340463,0.0015952128349756138,0.0031742807079915693,1.9898791173154615,1.6706720139574496,2.369844374922404,125,True,False
h9_rs6_top_decile,0,drawdown,0-10,304121,303819,30441,414,85,launch_500,0.99900697419777,0.10019452371313183,0.00136265342193872,0.002792286718570349,2.04915400615779,1.6577749083857147,2.5326130198142236,85,False,False
h9_rs6_top_decile,0,drawdown,10-20,38904,38871,3895,54,17,launch_500,0.9991517581739667,0.10020323634586195,0.0013892104653855058,0.0043645699614890884,3.141762943945229,1.9628933827830917,5.023680390990075,17,False,False
h9_rs6_top_decile,0,drawdown,20-30,28427,28392,2843,36,12,launch_500,0.9987687761635066,0.1001338405184559,0.001267962806424345,0.004220893422441084,3.328877945831868,1.9055826962023488,5.807397070390386,12,False,False
h9_rs6_top_decile,0,drawdown,>30,21977,21969,2200,123,11,launch_500,0.9996359830732129,0.10014110792480313,0.005598798306704902,0.005,0.8930487804878049,0.4990767418811397,1.595237551641747,11,False,False
h9_rs6_top_decile,0,mst,0-12,297665,297362,29793,513,98,launch_500,0.9989820771672854,0.10019101297408546,0.001725169994821127,0.0032893632732521063,1.9066893599625592,1.5651321778934855,2.3224847566018423,98,False,False
h9_rs6_top_decile,0,mst,13-24,33927,33898,3395,43,13,launch_500,0.9991452235682495,0.10015340138061242,0.0012685114166027494,0.003829160530191458,3.018625201219303,1.7652153956770336,5.15619759368496,13,False,False
h9_rs6_top_decile,0,mst,>24,61837,61791,6191,71,14,launch_500,0.9992561088021734,0.10019258468061693,0.0011490346490589244,0.002261347116782426,1.9680408407479282,1.1727704375988337,3.300546160889334,14,False,False
h9_rs6_top_decile,3,all,ALL,393429,362119,34290,522,98,launch_500,0.9204176611281832,0.09469262866626717,0.0014415150820586602,0.002857976086322543,1.9826196214617493,1.627403720194366,2.4150984812959697,98,False,False
h9_rs6_top_decile,3,drawdown,0-10,304121,278398,26429,335,63,launch_500,0.9154185340703207,0.09493243485944583,0.0012033132421928319,0.0023837451284573763,1.980984705290378,1.5488510232954373,2.5333166514128567,63,False,False
h9_rs6_top_decile,3,drawdown,10-20,38904,36564,3451,50,21,launch_500,0.9398519432449105,0.09438245268570178,0.001367465266382234,0.006085192697768763,4.44997971602434,2.913132134877867,6.790045984782976,21,False,False
h9_rs6_top_decile,3,drawdown,20-30,28427,26790,2467,34,10,launch_500,0.9424139022760052,0.09208659947741694,0.001269130272489735,0.004053506282934738,3.1939245094065187,1.7360679146493843,5.866875241488593,10,False,False
h9_rs6_top_decile,3,drawdown,>30,21977,20367,1943,103,4,launch_500,0.926741593484097,0.09539942063141356,0.005057200373152649,0.002058672156459084,0.4070774350543899,0.1583602708748045,1.0443595376999077,4,False,False
h9_rs6_top_decile,3,mst,0-12,297665,279698,26533,421,72,launch_500,0.939640199553189,0.09486303084040644,0.0015051948887728909,0.0027136019296724835,1.8028243052863047,1.4320806650238362,2.269219228670398,72,False,False
h9_rs6_top_decile,3,mst,13-24,33927,31662,2961,41,13,launch_500,0.9332390131753471,0.09351904491188175,0.001294927673551892,0.004390408645727794,3.3904663058788636,1.9828296490131456,5.789891078408507,13,False,False
h9_rs6_top_decile,3,mst,>24,61837,50759,4796,60,13,launch_500,0.8208515937060336,0.09448570696822238,0.0011820563840895212,0.0027105921601334446,2.2931157909368918,1.3407255398246358,3.9189016941574546,13,False,False
h9_rs6_top_decile,6,all,ALL,393429,345162,31894,478,102,launch_500,0.877317127105526,0.09240298758264236,0.00138485696571465,0.0031980936853326643,2.3093314071481026,1.9030362568445929,2.8020324226479856,102,True,True
h9_rs6_top_decile,6,drawdown,0-10,304121,263487,24336,297,62,launch_500,0.8663887071264398,0.09236129296701545,0.0011271903357660908,0.0025476660092044706,2.260191494165853,1.7637067274088665,2.8959799622184934,62,False,False
h9_rs6_top_decile,6,drawdown,10-20,38904,35969,3295,46,15,launch_500,0.9245578860785524,0.09160666129166782,0.001278879034724346,0.004552352048558422,3.5596424094477803,2.1587458096948837,5.862801792195944,15,False,False
h9_rs6_top_decile,6,drawdown,20-30,28427,25700,2417,30,6,launch_500,0.9040700742252085,0.09404669260700389,0.0011673151750972762,0.0024824162184526274,2.126603227141084,0.9750536118088864,4.630786343215754,6,False,False
h9_rs6_top_decile,6,drawdown,>30,21977,20006,1846,105,19,launch_500,0.9103153296628294,0.09227231830450865,0.005248425472358292,0.010292524377031419,1.9610689779703865,1.2573388024337993,3.052323841306582,19,False,False
h9_rs6_top_decile,6,mst,0-12,297665,271774,25175,395,83,launch_500,0.9130196697629885,0.09263211344720246,0.0014534134979799392,0.0032969215491559086,2.2683988787349314,1.8305888962718102,2.8104881603689225,83,False,False
h9_rs6_top_decile,6,mst,13-24,33927,30989,2835,37,13,launch_500,0.9134023049488608,0.09148407499435283,0.0011939720546000193,0.004585537918871252,3.8405739072405742,2.246131221821602,6.557964379842659,13,False,False
h9_rs6_top_decile,6,mst,>24,61837,42399,3884,46,6,launch_500,0.6856574542749486,0.09160593410221939,0.0010849312483784995,0.001544799176107106,1.4238682666905476,0.6527433138969895,3.10290061061754,6,False,False
h9_rs6_top_decile,12,all,ALL,393429,317257,28710,406,94,launch_500,0.8063894629018197,0.0904944571750978,0.0012797195964155243,0.0032741205154998257,2.5584671241032715,2.0914663919664047,3.129325114503763,94,False,False
h9_rs6_top_decile,12,drawdown,0-10,304121,239038,21535,243,59,launch_500,0.7859963632896118,0.09009027853312025,0.0010165747705385756,0.0027397260273972603,2.6950560910987087,2.0900953762704972,3.474497862629612,59,False,False
h9_rs6_top_decile,12,drawdown,10-20,38904,33830,3103,36,8,launch_500,0.8695763931729386,0.09172332249482708,0.0010641442506650902,0.002578150177247825,2.422745013785942,1.2281907639370186,4.773229031322228,8,False,False
h9_rs6_top_decile,12,drawdown,20-30,28427,24312,2157,27,2,launch_500,0.8552432546522672,0.08872161895360316,0.0011105626850937808,0.0009272137227630969,0.8349044454746819,0.22899408091765144,3.038620975699239,2,False,False
h9_rs6_top_decile,12,drawdown,>30,21977,20077,1915,100,25,launch_500,0.9135459798880647,0.09538277631120187,0.0049808238282611945,0.013054830287206266,2.6210182767624017,1.7784551080387092,3.855022139164398,25,False,False
h9_rs6_top_decile,12,mst,0-12,297665,260388,23565,343,80,launch_500,0.874768615725732,0.09049956219180608,0.0013172650045316988,0.003394865266284744,2.5772075129951952,2.0715752390401008,3.205732462926523,80,False,False
h9_rs6_top_decile,12,mst,13-24,33927,29399,2735,27,3,launch_500,0.8665369764494355,0.09303037518282935,0.0009183985849858839,0.0010968921389396709,1.1943530367661994,0.40626245691986157,3.5063008983172117,3,False,False
h9_rs6_top_decile,12,mst,>24,61837,27470,2410,36,11,launch_500,0.44423241748467746,0.08773207135056425,0.0013105205678922462,0.004564315352697096,3.4828261871830337,1.9462289214287505,6.222687347070494,11,False,False
h9_rs12_top_decile,0,all,ALL,393429,389343,39007,596,105,launch_500,0.9896143903982675,0.10018672481590782,0.0015307839103309935,0.002691824544312559,1.7584614824769877,1.4530555671125607,2.127848626605314,105,True,False
h9_rs12_top_decile,0,drawdown,0-10,304121,300669,30122,387,70,launch_500,0.9886492547374236,0.10018325800132372,0.001287129700767289,0.0023238828763030342,1.8054768489280542,1.4294800229872837,2.2800815241187404,70,False,False
h9_rs12_top_decile,0,drawdown,10-20,38904,38548,3861,50,20,launch_500,0.9908492699979436,0.10016083843519767,0.0012970841548199648,0.00518000518000518,3.993576793576793,2.587206383721743,6.15830400751371,20,False,False
h9_rs12_top_decile,0,drawdown,20-30,28427,28261,2833,36,9,launch_500,0.9941604812326309,0.10024415271929514,0.001273840274583348,0.0031768443346276033,2.4939110483586306,1.312776666826159,4.731322792919492,9,False,False
h9_rs12_top_decile,0,drawdown,>30,21977,21865,2191,123,6,launch_500,0.9949037630249806,0.10020580836954036,0.005625428767436542,0.0027384755819260614,0.4868029967383198,0.22321029997659,1.05981845427147,6,False,False
h9_rs12_top_decile,0,mst,0-12,297665,294396,29496,486,80,launch_500,0.9890178556430888,0.10019157868992785,0.001650837647250642,0.0027122321670735015,1.642943006291709,1.3205286504234937,2.043810427099936,80,False,False
h9_rs12_top_decile,0,mst,13-24,33927,33730,3381,43,16,launch_500,0.9941934152739705,0.10023717758671806,0.0012748295286095464,0.004732327713694173,3.7121259019280104,2.2866362480107445,6.019426977065757,16,False,False
h9_rs12_top_decile,0,mst,>24,61837,61217,6130,67,9,launch_500,0.9899736403771205,0.10013558325301795,0.0010944672231569662,0.001468189233278956,1.3414647805020574,0.7059399553121353,2.547526525829779,9,False,False
h9_rs12_top_decile,3,all,ALL,393429,358858,34670,499,116,launch_500,0.9121289991332616,0.09661203038527774,0.0013905221563961232,0.003345832131525815,2.4061695932967755,2.006839759899106,2.88464021950236,116,True,True
h9_rs12_top_decile,3,drawdown,0-10,304121,275744,26738,317,80,launch_500,0.9066917444043654,0.09696675176975746,0.0011496170360914472,0.0029919964096043086,2.602602706529749,2.0919141546460582,3.2374979707147653,80,False,False
h9_rs12_top_decile,3,drawdown,10-20,38904,36221,3486,48,16,launch_500,0.9310353691137158,0.09624251125037961,0.0013251980895060875,0.004589787722317842,3.4634729393765538,2.133423581099318,5.61653140393541,16,False,False
h9_rs12_top_decile,3,drawdown,20-30,28427,26656,2471,33,8,launch_500,0.9377000738734302,0.09269957983193278,0.0012379951980792316,0.003237555645487657,2.6151600995793634,1.3258793070649828,5.150126930802881,8,False,False
h9_rs12_top_decile,3,drawdown,>30,21977,20237,1975,101,12,launch_500,0.9208263184238067,0.09759351682561644,0.004990858328803676,0.0060759493670886075,1.21741571625517,0.697099370741866,2.121969886951853,12,False,False
h9_rs12_top_decile,3,mst,0-12,297665,277066,26782,403,92,launch_500,0.9307980447818857,0.09666288898673962,0.0014545270801902795,0.003435143006496901,2.3616906507148148,1.926444785571024,2.894857339903405,92,False,False
h9_rs12_top_decile,3,mst,13-24,33927,31447,2987,40,14,launch_500,0.9269018775606449,0.09498521321588704,0.0012719814290711355,0.004686976899899564,3.68478406427854,2.196596486543953,6.173275096474122,14,False,False
h9_rs12_top_decile,3,mst,>24,61837,50345,4901,56,10,launch_500,0.8141565729255947,0.09734829675240839,0.0011123249577912405,0.0020403999183840034,1.8343559623400474,0.9967467702186961,3.3732002411799042,10,False,False
h9_rs12_top_decile,6,all,ALL,393429,342121,32542,455,115,launch_500,0.8695876511390873,0.09511839378465514,0.0013299388228141505,0.0035338946592096366,2.6571858784691433,2.214489023552178,3.1880056007536575,115,True,True
h9_rs12_top_decile,6,drawdown,0-10,304121,261023,24875,280,72,launch_500,0.8582866687930133,0.09529811549173828,0.0010727024055351443,0.0028944723618090453,2.6982994974874375,2.1434403303094065,3.396267144952325,72,False,False
h9_rs12_top_decile,6,drawdown,10-20,38904,35720,3353,46,15,launch_500,0.9181575159366646,0.09386898096304591,0.0012877939529675252,0.0044736057262153295,3.4738520987045995,2.1066935283141057,5.721685865561919,15,False,False
h9_rs12_top_decile,6,drawdown,20-30,28427,25558,2386,29,3,launch_500,0.899074823231435,0.09335628765944128,0.0011346740746537287,0.0012573344509639564,1.1081018585426483,0.3769340168981999,3.2523358194120164,3,False,False
h9_rs12_top_decile,6,drawdown,>30,21977,19820,1928,100,25,launch_500,0.9018519361150293,0.09727547931382442,0.005045408678102927,0.012966804979253113,2.570020746887967,1.7438312912473921,3.7801091445544777,25,False,False
h9_rs12_top_decile,6,mst,0-12,297665,269235,25674,374,95,launch_500,0.9044899467522215,0.09535907292885397,0.0013891210280981298,0.0037002414894445742,2.6637286561781015,2.1799005709126407,3.2544552509270006,95,False,False
h9_rs12_top_decile,6,mst,13-24,33927,30829,2890,36,10,launch_500,0.9086862970495475,0.0937429044081871,0.001167731681209251,0.0034602076124567475,2.963187235678585,1.6104959272410058,5.444796668501021,10,False,False
h9_rs12_top_decile,6,mst,>24,61837,42057,3978,45,10,launch_500,0.6801267849345861,0.09458591910977958,0.0010699764605178687,0.002513826043237808,2.3494218200100554,1.2767190121074452,4.319241475159034,10,False,False
h9_rs12_top_decile,12,all,ALL,393429,314533,29466,388,108,launch_500,0.7994657231673313,0.09368174404593477,0.0012335748554205758,0.0036652412950519244,2.9712354130323892,2.4619259261143087,3.5854405713315973,108,True,True
h9_rs12_top_decile,12,drawdown,0-10,304121,236870,22217,233,67,launch_500,0.778867621768967,0.09379406425465445,0.0009836619242622536,0.0030157086915425127,3.065797930324785,2.4150285261957563,3.891255097913115,67,False,False
h9_rs12_top_decile,12,drawdown,10-20,38904,33636,3080,36,11,launch_500,0.8645897594077729,0.0915685574979189,0.0010702818408847663,0.0035714285714285713,3.336904761904762,1.8643932846551379,5.964976913745499,11,False,False
h9_rs12_top_decile,12,drawdown,20-30,28427,24186,2181,26,8,launch_500,0.8508108488408908,0.09017613495410567,0.001075002067311668,0.0036680421824850985,3.4121257009840225,1.7300625845265492,6.7177520075945925,8,False,False
h9_rs12_top_decile,12,drawdown,>30,21977,19841,1988,93,22,launch_500,0.9028074805478454,0.10019656267325236,0.004687263746786957,0.011066398390342052,2.3609506501373834,1.5615523089617382,3.562697050070101,22,False,False
h9_rs12_top_decile,12,mst,0-12,297665,257873,24293,325,88,launch_500,0.866319520266071,0.09420528709868811,0.0012603103077871666,0.0036224426789610176,2.8742466490821985,2.3339024894169564,3.5391314260383564,88,False,False
h9_rs12_top_decile,12,mst,13-24,33927,29311,2689,27,6,launch_500,0.8639431721048133,0.0917403022755962,0.0009211558800450342,0.002231312755671253,2.4222965993140777,1.1105823184049428,5.275746279097968,6,False,False
h9_rs12_top_decile,12,mst,>24,61837,27349,2484,36,14,launch_500,0.44227566020343806,0.09082598998135215,0.0013163186953819152,0.005636070853462158,4.28169171587046,2.5527956308109925,7.170404104755827,14,False,False
h10_sponsorship,0,all,ALL,393429,170201,8103,300,51,launch_500,0.432609187426448,0.04760841593175128,0.0017626218412347754,0.006293965198074787,3.5707972355917557,2.717861169353018,4.68918395190902,51,False,False
h10_sponsorship,0,drawdown,0-10,304121,167888,8005,285,47,launch_500,0.5520434300821054,0.04768059658820166,0.0016975602782807585,0.0058713304184884445,3.458687443155046,2.602805085895894,4.593805754059181,47,False,False
h10_sponsorship,0,drawdown,10-20,38904,2313,98,15,4,launch_500,0.05945404071560765,0.04236921746649373,0.00648508430609598,0.04081632653061224,6.293877551020407,2.464925406354467,15.464442255435715,4,False,False
h10_sponsorship,0,drawdown,20-30,28427,0,0,0,0,launch_500,0.0,,,,,,,0,False,False
h10_sponsorship,0,drawdown,>30,21977,0,0,0,0,launch_500,0.0,,,,,,,0,False,False
h10_sponsorship,0,mst,0-12,297665,163092,7755,292,48,launch_500,0.5479045235415652,0.04754984916488853,0.0017904005101415151,0.006189555125725338,3.457078508783551,2.6093926200826107,4.5778755189532045,48,False,False
h10_sponsorship,0,mst,13-24,33927,7109,348,8,3,launch_500,0.209538125976361,0.048952032634688426,0.0011253340835560557,0.008620689655172414,7.660560344827586,2.609054753702515,22.24693130944692,3,False,False
h10_sponsorship,0,mst,>24,61837,0,0,0,0,launch_500,0.0,,,,,,,0,False,False
h10_sponsorship,3,all,ALL,393429,162716,8160,292,42,launch_500,0.4135841536846547,0.05014872538656309,0.0017945377221662282,0.005147058823529412,2.8681809024979854,2.1232758017375493,3.872596653800781,42,False,False
h10_sponsorship,3,drawdown,0-10,304121,160411,8051,278,39,launch_500,0.527457821064642,0.0501898248873207,0.0017330482323531429,0.00484411874301329,2.7951436391564926,2.0459500451089254,3.8168585507230097,39,False,False
h10_sponsorship,3,drawdown,10-20,38904,2305,109,14,3,launch_500,0.05924840633353897,0.0472885032537961,0.006073752711496746,0.027522935779816515,4.531454783748362,1.5482776851843632,12.811036034563163,3,False,False
h10_sponsorship,3,drawdown,20-30,28427,0,0,0,0,launch_500,0.0,,,,,,,0,False,False
h10_sponsorship,3,drawdown,>30,21977,0,0,0,0,launch_500,0.0,,,,,,,0,False,False
h10_sponsorship,3,mst,0-12,297665,155595,7819,284,42,launch_500,0.5227184922647943,0.0502522574632861,0.0018252514540955686,0.005371530886302597,2.9428991135713116,2.1786429589013987,3.9733001152593963,42,False,False
h10_sponsorship,3,mst,13-24,33927,7121,341,8,0,launch_500,0.2098918265688095,0.047886532790338436,0.0011234377194214297,0.0,0.0,0.0,9.915798981382476,0,False,False
h10_sponsorship,3,mst,>24,61837,0,0,0,0,launch_500,0.0,,,,,,,0,False,False
h10_sponsorship,6,all,ALL,393429,154609,8018,280,46,launch_500,0.3929781485350597,0.051859852919299655,0.0018110200570471318,0.005737091544025941,3.167878523322524,2.3766539627134216,4.220491820963019,46,False,False
h10_sponsorship,6,drawdown,0-10,304121,152309,7913,267,42,launch_500,0.5008171089796496,0.05195359433782639,0.0017530152518892516,0.005307721470997093,3.0277668521576637,2.2414550984690753,4.087935496976017,42,False,False
h10_sponsorship,6,drawdown,10-20,38904,2300,105,13,4,launch_500,0.05911988484474604,0.04565217391304348,0.005652173913043478,0.0380952380952381,6.73992673992674,2.6383581710251884,16.610073098366836,4,False,False
h10_sponsorship,6,drawdown,20-30,28427,0,0,0,0,launch_500,0.0,,,,,,,0,False,False
h10_sponsorship,6,drawdown,>30,21977,0,0,0,0,launch_500,0.0,,,,,,,0,False,False
h10_sponsorship,6,mst,0-12,297665,147538,7611,272,42,launch_500,0.4956511514622142,0.05158670986457726,0.0018435928370995947,0.005518328734726055,2.993247003176517,2.2159518560528078,4.0411563026012045,42,False,False
h10_sponsorship,6,mst,13-24,33927,7071,407,8,4,launch_500,0.20841807410027413,0.05755904398246359,0.001131381699901004,0.009828009828009828,8.686732186732188,3.3838022676127206,22.091643898908515,4,False,False
h10_sponsorship,6,mst,>24,61837,0,0,0,0,launch_500,0.0,,,,,,,0,False,False
h10_sponsorship,12,all,ALL,393429,137584,7360,256,42,launch_500,0.34970477519450777,0.053494592394464476,0.0018606814745900685,0.005706521739130435,3.0668987771739133,2.2705249487799244,4.1404351895020985,42,False,False
h10_sponsorship,12,drawdown,0-10,304121,135315,7235,244,40,launch_500,0.44493803453230785,0.05346783431253002,0.0018031999408786904,0.0055286800276434,3.066038270248224,2.2531705633609547,4.169947089775627,40,False,False
h10_sponsorship,12,drawdown,10-20,38904,2269,125,12,2,launch_500,0.0583230516142299,0.05509034817100044,0.005288673424416042,0.016,3.0253333333333337,0.8317397930680924,10.676117975274531,2,False,False
h10_sponsorship,12,drawdown,20-30,28427,0,0,0,0,launch_500,0.0,,,,,,,0,False,False
h10_sponsorship,12,drawdown,>30,21977,0,0,0,0,launch_500,0.0,,,,,,,0,False,False
h10_sponsorship,12,mst,0-12,297665,130695,6977,249,38,launch_500,0.439067407992206,0.05338383258732163,0.0019051991277401583,0.005446466962878028,2.858738954672064,2.0841909576750224,3.9189745212497633,38,False,False
h10_sponsorship,12,mst,13-24,33927,6889,383,7,4,launch_500,0.20305361511480532,0.055595877485847,0.0010161126433444621,0.010443864229765013,10.278254382693026,4.004183214331738,26.121044856825684,4,False,False
h10_sponsorship,12,mst,>24,61837,0,0,0,0,launch_500,0.0,,,,,,,0,False,False
h11_insider_cluster,0,all,ALL,393429,324130,13058,608,56,launch_500,0.8238589427825606,0.04028630487767254,0.0018757905778545646,0.004288558737938429,2.2862673416578665,1.7615279598799178,2.966448005327325,56,False,False
h11_insider_cluster,0,drawdown,0-10,304121,242153,8685,395,31,launch_500,0.7962389969781765,0.03586575429583776,0.001631200109021982,0.0035693724812895797,2.188187985979027,1.5423125513694238,3.103164622489552,31,False,False
h11_insider_cluster,0,drawdown,10-20,38904,31573,1598,54,8,launch_500,0.8115617931318116,0.050612865422988,0.001710322110664175,0.0050062578222778474,2.927084781903305,1.484460903718131,5.75783326717739,8,False,False
h11_insider_cluster,0,drawdown,20-30,28427,28427,1151,36,2,launch_500,1.0,0.040489675308685406,0.0012664016603932881,0.0017376194613379669,1.3720919007626218,0.37637926880065936,4.985327163433464,2,False,False
h11_insider_cluster,0,drawdown,>30,21977,21977,1624,123,15,launch_500,1.0,0.07389543613778041,0.005596760249351595,0.009236453201970444,1.6503213985341825,1.0015378830565742,2.712961311125203,15,False,False
h11_insider_cluster,0,mst,0-12,297665,261673,10663,515,40,launch_500,0.8790855491912049,0.04074933218176885,0.0019681052305740372,0.0037512895057676076,1.9060411239664603,1.400430998014014,2.593261944758774,40,False,False
h11_insider_cluster,0,mst,13-24,33927,33927,1047,43,2,launch_500,1.0,0.030860376691130956,0.0012674271229404308,0.0019102196752626551,1.507163323782235,0.41344193972625004,5.474136062695734,2,False,False
h11_insider_cluster,0,mst,>24,61837,28530,1348,50,14,launch_500,0.46137425813024563,0.04724851033999299,0.0017525411847178409,0.010385756676557863,5.9261127596439165,3.53576547697782,9.904225076872237,14,False,False
h11_insider_cluster,3,all,ALL,393429,316750,12826,606,38,launch_500,0.8051007932816341,0.04049250197316496,0.0019131807419100237,0.0029627319507250895,1.5485896788649705,1.128692560348572,2.124061094573205,38,False,False
h11_insider_cluster,3,drawdown,0-10,304121,237276,8642,393,20,launch_500,0.7802026167216338,0.03642171985367252,0.0016562989935771,0.0023142791020597086,1.3972592575580647,0.9048428696287287,2.1566904613012374,20,False,False
h11_insider_cluster,3,drawdown,10-20,38904,29079,1429,54,2,launch_500,0.7474552745219001,0.04914199250318099,0.0018570102135561746,0.0013995801259622112,0.7536738978306508,0.20672976894310782,2.740299423578129,2,False,False
h11_insider_cluster,3,drawdown,20-30,28427,28421,917,36,1,launch_500,0.9997889330566011,0.032264874564582526,0.001266669012350023,0.0010905125408942203,0.8609293590209621,0.15199565247341332,4.856108054802185,1,False,False
h11_insider_cluster,3,drawdown,>30,21977,21974,1838,123,15,launch_500,0.9998634936524549,0.0836443069081642,0.0055975243469554925,0.008161044613710556,1.4579739377372012,0.8846649144202501,2.3978056569101653,15,False,False
h11_insider_cluster,3,mst,0-12,297665,254302,10408,513,34,launch_500,0.8543228125577411,0.040927715865388396,0.002017286533334382,0.0032667179093005382,1.6193623738225058,1.1593411743691038,2.261083314282616,34,False,False
h11_insider_cluster,3,mst,13-24,33927,33921,1140,43,0,launch_500,0.9998231497037757,0.03360749977889803,0.0012676513074496624,0.0,0.0,-1.7105684601339906e-16,2.649296383073929,0,False,False
h11_insider_cluster,3,mst,>24,61837,28527,1278,50,4,launch_500,0.46132574348690913,0.044799663476706275,0.0017527254881340485,0.003129890453834116,1.7857276995305165,0.6948069684890712,4.575755863852786,4,False,False
h11_insider_cluster,6,all,ALL,393429,309486,12812,602,19,launch_500,0.7866374873229985,0.04139767226950492,0.0019451606857822325,0.0014829847018420232,0.7623970156715622,0.48820407014479755,1.1902297003495825,19,False,False
h11_insider_cluster,6,drawdown,0-10,304121,237177,9045,393,14,launch_500,0.7798770883957372,0.03813607558911699,0.0016569903489798757,0.0015478164731896075,0.9341131492663908,0.556585083406199,1.5670505283424523,14,False,False
h11_insider_cluster,6,drawdown,10-20,38904,24318,752,53,0,launch_500,0.6250771128932757,0.03092359569043507,0.002179455547331195,0.0,0.0,-1.9898587494718865e-16,2.331940491749893,0,False,False
h11_insider_cluster,6,drawdown,20-30,28427,26022,1269,33,1,launch_500,0.9153973335209484,0.048766428406732766,0.0012681577127046345,0.0007880220646178094,0.6213912171358981,0.10970148875456681,3.509174858036171,1,False,False
h11_insider_cluster,6,drawdown,>30,21977,21969,1746,123,4,launch_500,0.9996359830732129,0.07947562474395739,0.005598798306704902,0.002290950744558992,0.4091861537172073,0.1591869341977072,1.0494940419518304,4,False,False
h11_insider_cluster,6,mst,0-12,297665,247056,10548,509,19,launch_500,0.8299800110862883,0.042694773654556054,0.002060261641085422,0.00180128934395146,0.8743012576802983,0.5598874642890422,1.3647821262327975,19,False,False
h11_insider_cluster,6,mst,13-24,33927,33907,1142,43,0,launch_500,0.9994104990125858,0.03368036098740673,0.0012681747131860679,0.0,0.0,-1.709862468021674e-16,2.6435806706094063,0,False,False
h11_insider_cluster,6,mst,>24,61837,28523,1122,50,0,launch_500,0.46126105729579375,0.039336675665252605,0.00175297128633033,0.0,0.0,0.0,1.9464540199129117,0,False,False
h11_insider_cluster,12,all,ALL,393429,296069,13412,495,28,launch_500,0.7525347648495663,0.04530025095501387,0.0016719075620885671,0.0020876826722338203,1.2486830729001919,0.864191942674917,1.8037230844255085,28,False,False
h11_insider_cluster,12,drawdown,0-10,304121,235512,9715,371,24,launch_500,0.7744022938238398,0.04125055198885832,0.001575291280274466,0.0024704065877509005,1.568222092437709,1.0542332507808596,2.3318828741037803,24,False,False
h11_insider_cluster,12,drawdown,10-20,38904,24220,1174,49,1,launch_500,0.6225580917129344,0.04847233691164327,0.002023121387283237,0.0008517887563884157,0.4210270138719884,0.0743294288030485,2.3770613367711264,1,False,False
h11_insider_cluster,12,drawdown,20-30,28427,25929,1871,33,1,launch_500,0.9121257958982657,0.07215858691040919,0.0012727062362605577,0.0005344735435595938,0.4199504397259608,0.07413645966052179,2.373960436110018,1,False,False
h11_insider_cluster,12,drawdown,>30,21977,10408,652,42,2,launch_500,0.47358602175001135,0.06264411990776327,0.004035357417371253,0.003067484662576687,0.7601519135261466,0.20856105030644242,2.754332138331743,2,False,False
h11_insider_cluster,12,mst,0-12,297665,233914,10800,405,24,launch_500,0.7858297078931014,0.04617081491488325,0.0017314055593081218,0.0022222222222222222,1.2834787379972565,0.862786998591745,1.9086193306627834,24,False,False
h11_insider_cluster,12,mst,13-24,33927,33783,1603,43,2,launch_500,0.9957555928906181,0.047449900837699434,0.0012728295296450878,0.0012476606363069245,0.980226029682717,0.26886573833465655,3.5651474146211877,2,False,False
h11_insider_cluster,12,mst,>24,61837,28372,1009,47,2,launch_500,0.45881915358118924,0.0355632313548569,0.0016565628084026505,0.0019821605550049554,1.1965501971617147,0.3282388782955537,4.345317570233377,2,False,False
h13_stage2,0,all,ALL,393429,392969,9730,625,10,launch_500,0.9988307928495358,0.02476022281655805,0.0015904562446401624,0.0010277492291880781,0.6461977389516959,0.3510717418466583,1.1889499311508018,10,False,False
h13_stage2,0,drawdown,0-10,304121,303755,8180,413,7,launch_500,0.998796531643655,0.026929597866701783,0.0013596484008493686,0.0008557457212713936,0.6293875098421118,0.3049249602351713,1.2984922461396884,7,False,False
h13_stage2,0,drawdown,10-20,38904,38858,633,53,2,launch_500,0.9988176023031051,0.01629008183643008,0.001363940501312471,0.00315955766192733,2.3164922948523055,0.635579568116785,8.391974854263953,2,False,False
h13_stage2,0,drawdown,20-30,28427,28388,752,36,1,launch_500,0.9986280648679072,0.026490066225165563,0.0012681414682260109,0.0013297872340425532,1.0486111111111112,0.1851360306113065,5.909151070565976,1,False,False
h13_stage2,0,drawdown,>30,21977,21968,165,123,0,launch_500,0.9995904809573645,0.007510924981791697,0.00559905316824472,0.0,0.0,0.0,4.063520932713721,0,False,False
h13_stage2,0,mst,0-12,297665,297307,7434,511,5,launch_500,0.9987973056960006,0.025004456672732225,0.001718762087673684,0.0006725854183481302,0.39131967313664884,0.16716765342642015,0.9155598889774981,5,False,False
h13_stage2,0,mst,13-24,33927,33892,719,43,3,launch_500,0.9989683732720253,0.02121444588693497,0.0012687359848931902,0.004172461752433936,3.2886761328718825,1.119229363674945,9.611893584862614,3,False,False
h13_stage2,0,mst,>24,61837,61770,1577,71,2,launch_500,0.9989165062988179,0.025530192650153796,0.0011494252873563218,0.0012682308180088776,1.1033608116677236,0.3026412929666237,4.012825756812834,2,False,False
h13_stage2,3,all,ALL,393429,391838,9509,615,9,launch_500,0.9959560683121986,0.024267682052276706,0.0015695261817383714,0.0009464717635923862,0.6030302486219731,0.3173149561661305,1.1455452288397128,9,False,False
h13_stage2,3,drawdown,0-10,304121,302812,7825,404,7,launch_500,0.9956957921353672,0.02584111593992312,0.0013341611296778199,0.0008945686900958467,0.6705102331319395,0.3248501745191861,1.383294225919258,7,False,False
h13_stage2,3,drawdown,10-20,38904,38741,849,52,2,launch_500,0.9958101994653507,0.02191476730079244,0.0013422472316150847,0.002355712603062426,1.755051191446951,0.48147556646764883,6.368610815959066,2,False,False
h13_stage2,3,drawdown,20-30,28427,28339,600,36,0,launch_500,0.9969043514968164,0.021172236141007092,0.0012703341684604256,0.0,0.0,3.413911707340745e-16,5.007895773702479,0,False,False
h13_stage2,3,drawdown,>30,21977,21946,235,123,0,launch_500,0.9985894344087,0.010708101704182994,0.00560466599835961,0.0,0.0,3.095141577543659e-16,2.869701581450746,0,False,False
h13_stage2,3,mst,0-12,297665,296419,7023,502,5,launch_500,0.9958140863050745,0.023692813213727865,0.0016935486591615246,0.0007119464616260857,0.4203873669496867,0.17958627931999283,0.9835324057541159,5,False,False
h13_stage2,3,mst,13-24,33927,33842,842,43,2,launch_500,0.9974946208034898,0.0248803262218545,0.0012706104840139471,0.0023752969121140144,1.8694139092968018,0.5128510677534626,6.783327706991255,2,False,False
h13_stage2,3,mst,>24,61837,61577,1644,70,2,launch_500,0.9957953975775021,0.026698280202023483,0.0011367880864608538,0.0012165450121654502,1.0701598887730275,0.293532226920909,3.8924938613392404,2,False,False
h13_stage2,6,all,ALL,393429,388531,9309,594,8,launch_500,0.9875504856022307,0.023959478136879684,0.001528835536932703,0.0008593833924159416,0.5621163111763605,0.2848789401812398,1.1086969450937598,8,False,False
h13_stage2,6,drawdown,0-10,304121,299985,7447,385,6,launch_500,0.9864001499403198,0.024824574562061438,0.0012833975032084937,0.0008056935678796831,0.6277817791178877,0.28775749460759953,1.3688844836038148,6,False,False
h13_stage2,6,drawdown,10-20,38904,38470,1051,50,0,launch_500,0.988844334772774,0.027319989602287497,0.0012997140629061607,0.0,0.0,0.0,2.801955154856826,0,False,False
h13_stage2,6,drawdown,20-30,28427,28239,524,36,0,launch_500,0.9933865691068351,0.018555897871737666,0.0012748326782109848,0.0,0.0,0.0,5.708729998567467,0,False,False
h13_stage2,6,drawdown,>30,21977,21837,287,123,2,launch_500,0.9936297037812258,0.013142830974950772,0.0056326418464074735,0.006968641114982578,1.2371887481941022,0.3396519145525738,4.446962206511331,2,False,False
h13_stage2,6,mst,0-12,297665,293748,6801,484,4,launch_500,0.9868409117632237,0.023152498059561256,0.0016476707926522053,0.0005881488016468167,0.35695771526063863,0.1388278565486691,0.9173006295311184,4,False,False
h13_stage2,6,mst,13-24,33927,33694,874,43,1,launch_500,0.9931323134966251,0.025939336380364456,0.0012761916068142697,0.0011441647597254005,0.8965462189345963,0.15828479980003846,5.055935210851937,1,False,False
h13_stage2,6,mst,>24,61837,61089,1634,67,3,launch_500,0.9879036822614292,0.026747859680138812,0.001096760464240698,0.0018359853121175031,1.6740075631633753,0.569488800296964,4.909189944458423,3,False,False
h13_stage2,12,all,ALL,393429,379718,9471,550,10,launch_500,0.9651500016521405,0.02494219394392681,0.0014484433184626486,0.0010558547143912998,0.7289582553440647,0.39603636205966286,1.341201837319781,10,False,False
h13_stage2,12,drawdown,0-10,304121,292590,7865,355,7,launch_500,0.9620841704453161,0.02688061792952596,0.001213301890016747,0.0008900190718372536,0.7335512119122874,0.35539212516544205,1.513355673246052,7,False,False
h13_stage2,12,drawdown,10-20,38904,37768,847,47,0,launch_500,0.9707999177462472,0.022426392713408176,0.001244439737343783,0.0,0.0,0.0,3.628053434616314,0,False,False
h13_stage2,12,drawdown,20-30,28427,27958,378,35,1,launch_500,0.9835016005909875,0.013520280420630946,0.0012518778167250877,0.0026455026455026454,2.113227513227513,0.3731585542509607,11.846984769237189,1,False,False
h13_stage2,12,drawdown,>30,21977,21402,381,113,2,launch_500,0.9738362833871775,0.017802074572469864,0.005279880385010747,0.005249343832020997,0.9942164309107379,0.2728739387992287,3.586269610199925,2,False,False
h13_stage2,12,mst,0-12,297665,286668,7120,448,9,launch_500,0.9630557841869215,0.02483709378095916,0.0015627834289142842,0.0012640449438202246,0.808842044542536,0.42563536997780577,1.5362272845133496,9,False,False
h13_stage2,12,mst,13-24,33927,33300,754,40,0,launch_500,0.9815191440445663,0.02264264264264264,0.0012012012012012011,0.0,0.0,0.0,4.219899137478883,0,False,False
h13_stage2,12,mst,>24,61837,59750,1597,62,1,launch_500,0.9662499797855653,0.026728033472803347,0.0010376569037656904,0.0006261740763932373,0.6034500171692891,0.10653198713687984,3.410037641242306,1,False,False
h14_vol_contraction,0,all,ALL,393429,393336,38409,629,63,launch_500,0.9997636168152322,0.09764933797059003,0.0015991417007342322,0.0016402405686167304,1.0257005791692055,0.80189620849674,1.3118361902802376,63,False,False
h14_vol_contraction,0,drawdown,0-10,304121,304043,27585,416,44,launch_500,0.9997435231371724,0.0907272984413389,0.0013682275204494102,0.0015950697843030632,1.1657927943001352,0.8686316427744556,1.564395695005293,44,False,False
h14_vol_contraction,0,drawdown,10-20,38904,38898,4154,54,2,launch_500,0.9998457742134484,0.10679212298832845,0.0013882461823229986,0.00048146364949446316,0.3468143155191783,0.09511614732598318,1.2633926534593138,2,False,False
h14_vol_contraction,0,drawdown,20-30,28427,28421,3580,36,3,launch_500,0.9997889330566011,0.12596319622814117,0.001266669012350023,0.0008379888268156424,0.6615689013035382,0.22502471160286222,1.9429167283487432,3,False,False
h14_vol_contraction,0,drawdown,>30,21977,21974,3090,123,14,launch_500,0.9998634936524549,0.14062073359424776,0.0055975243469554925,0.004530744336569579,0.8094193174941459,0.4825046877795983,1.3561446575177871,14,False,False
h14_vol_contraction,0,mst,0-12,297665,297593,26919,515,53,launch_500,0.9997581173466816,0.09045575668782532,0.0017305514578635922,0.001968869571677997,1.1377122377560585,0.8700584529709604,1.4874913781860826,53,False,False
h14_vol_contraction,0,mst,13-24,33927,33921,4734,43,2,launch_500,0.9998231497037757,0.13955956487131865,0.0012676513074496624,0.0004224757076468103,0.3332743832345919,0.09140188793151895,1.214217338455584,2,False,False
h14_vol_contraction,0,mst,>24,61837,61822,6756,71,8,launch_500,0.9997574267833175,0.10928148555530394,0.001148458477564621,0.0011841326228537595,1.0310626339445792,0.5225677659314515,2.0332023811229236,8,False,False
h14_vol_contraction,3,all,ALL,393429,393150,37879,629,46,launch_500,0.9992908504456967,0.09634745008266565,0.0015998982576624697,0.0012143931993980834,0.759044016444128,0.5691848789648672,1.0121305338402014,46,False,False
h14_vol_contraction,3,drawdown,0-10,304121,303899,27404,416,34,launch_500,0.9992700273904137,0.09017469619840802,0.0013688758436190972,0.0012406947890818859,0.9063603502576827,0.6487294390830498,1.266127133824523,34,False,False
h14_vol_contraction,3,drawdown,10-20,38904,38883,5181,54,3,launch_500,0.9994602097470697,0.133245891520716,0.001388781729804799,0.0005790387955993051,0.41694010165347745,0.14181101269323818,1.2249418954617857,3,False,False
h14_vol_contraction,3,drawdown,20-30,28427,28399,3334,36,2,launch_500,0.9990150209308052,0.11739849994718124,0.0012676502693756823,0.0005998800239952009,0.47322202226221416,0.12978670814755391,1.7234534897570164,2,False,False
h14_vol_contraction,3,drawdown,>30,21977,21969,1960,123,7,launch_500,0.9996359830732129,0.08921662342391552,0.005598798306704902,0.0035714285714285713,0.6378919860627178,0.30918663196901464,1.3134792939393958,7,False,False
h14_vol_contraction,3,mst,0-12,297665,297439,26925,515,36,launch_500,0.9992407572270842,0.09052276265049304,0.001731447456453256,0.0013370473537604457,0.7722136463206859,0.5579065932077479,1.0686893779743971,36,False,False
h14_vol_contraction,3,mst,13-24,33927,33908,5145,43,3,launch_500,0.9994399740619565,0.15173410404624277,0.0012681373127285595,0.0005830903790087463,0.45980066445182727,0.15638899175653115,1.3508554180237602,3,False,False
h14_vol_contraction,3,mst,>24,61837,61803,5809,71,7,launch_500,0.9994501673755195,0.09399220102584017,0.0011488115463650632,0.0012050266827336891,1.0489332968026788,0.5082159206651947,2.163517317828102,7,False,False
h14_vol_contraction,6,all,ALL,393429,392680,37743,623,50,launch_500,0.9980962257484832,0.09611643068147092,0.0015865335642253234,0.0013247489600720663,0.8349958613821814,0.6335023719952764,1.1004649140166705,50,False,False
h14_vol_contraction,6,drawdown,0-10,304121,303519,28851,411,38,launch_500,0.9980205247253561,0.09505500479376909,0.0013541162167772034,0.001317112058507504,0.9726728342728446,0.7088008481139566,1.3346012371583553,38,False,False
h14_vol_contraction,6,drawdown,10-20,38904,38824,3314,53,5,launch_500,0.9979436561793131,0.08535957139913455,0.0013651349680609932,0.0015087507543753772,1.105202628073012,0.47219868795941083,2.5837822850947867,5,False,False
h14_vol_contraction,6,drawdown,20-30,28427,28374,3661,36,3,launch_500,0.9981355753333099,0.12902657362374004,0.0012687671812222456,0.0008194482381862879,0.6458617863971593,0.21968144279105764,1.896838447260582,3,False,False
h14_vol_contraction,6,drawdown,>30,21977,21963,1917,123,4,launch_500,0.9993629703781226,0.08728315803851933,0.00560032782406775,0.0020865936358894104,0.37258419532552134,0.1449424881992265,0.9558367774245337,4,False,False
h14_vol_contraction,6,mst,0-12,297665,297077,27784,509,39,launch_500,0.9980246249979003,0.09352457443693049,0.0017133605092282472,0.0014036855744313274,0.8192587414446669,0.5994351493956364,1.1195407874844487,39,False,False
h14_vol_contraction,6,mst,13-24,33927,33881,4257,43,1,launch_500,0.9986441477289475,0.1256456421002922,0.0012691479000029515,0.0002349072116513977,0.1850904939060699,0.032673965042902604,1.0475497652309804,1,False,False
h14_vol_contraction,6,mst,>24,61837,61722,5702,71,10,launch_500,0.9981402720054336,0.092381970772172,0.0011503191730663296,0.00175377060680463,1.5245947801858504,0.8283914558139684,2.804017752661757,10,False,False
h14_vol_contraction,12,all,ALL,393429,386767,36220,585,46,launch_500,0.9830668303556678,0.09364811372221518,0.0015125385568055185,0.001270016565433462,0.839658969167528,0.6296394291262796,1.1196128852607072,46,False,False
h14_vol_contraction,12,drawdown,0-10,304121,298509,26690,377,29,launch_500,0.9815468185360432,0.0894110395331464,0.0012629434958409964,0.0010865492693892843,0.8603308643398565,0.5991283207170665,1.2352323437798993,29,False,False
h14_vol_contraction,12,drawdown,10-20,38904,38316,3973,49,3,launch_500,0.9848858729179519,0.10369036433865748,0.0012788391272575425,0.0007550969041026932,0.590454958726506,0.20083336938953184,1.7342749904843489,3,False,False
h14_vol_contraction,12,drawdown,20-30,28427,28172,4025,36,7,launch_500,0.9910296549055475,0.1428723555303138,0.001277864546358086,0.0017391304347826088,1.3609661835748792,0.6594574687157573,2.806038235017161,7,False,False
h14_vol_contraction,12,drawdown,>30,21977,21770,1532,123,7,launch_500,0.9905810620193839,0.07037207165824529,0.005649977032613688,0.0045691906005221935,0.8087095884013671,0.39204800085009356,1.6640191480197468,7,False,False
h14_vol_contraction,12,mst,0-12,297665,292337,24789,477,27,launch_500,0.9821006836544438,0.08479597177230389,0.0016316785080232746,0.0010891927871233208,0.6675290394324324,0.4588518812872111,0.970958156991009,27,False,False
h14_vol_contraction,12,mst,13-24,33927,33592,4742,43,6,launch_500,0.9901258584608129,0.14116456299118837,0.0012800666825434628,0.0012652889076339097,0.9884554647729835,0.45311563169736946,2.154534697058834,6,False,False
h14_vol_contraction,12,mst,>24,61837,60838,6689,65,13,launch_500,0.9838446237689409,0.10994773003714783,0.001068411190374437,0.0019434893108087904,1.8190461952459263,1.0634240672081632,3.1097940623046254,13,False,False
h15_near_high,0,all,ALL,393429,390561,202715,604,93,launch_500,0.9927102475923228,0.5190354387662874,0.0015464933774749655,0.0004587721678218188,0.29665317323949897,0.24218718891666238,0.3633612411758204,93,False,False
h15_near_high,0,drawdown,0-10,304121,301710,171849,395,69,launch_500,0.9920722344067,0.5695833747638461,0.0013092042027112128,0.0004015152837665625,0.306686522190404,0.24236753413373427,0.3880656737464227,69,False,False
h15_near_high,0,drawdown,10-20,38904,38645,16036,50,14,launch_500,0.9933425868805265,0.4149566567473153,0.0012938284383490748,0.000873035669743078,0.674769269144425,0.40201578780053676,1.1323050864077877,14,False,False
h15_near_high,0,drawdown,20-30,28427,28292,12427,36,6,launch_500,0.9952509937735252,0.4392407747773222,0.0012724445072812103,0.00048281966685442986,0.37944261151793135,0.17391624784481227,0.8275949177332844,6,False,False
h15_near_high,0,drawdown,>30,21977,21914,2403,123,4,launch_500,0.9971333667015516,0.1096559277174409,0.005612850232727937,0.0016645859342488557,0.296566960675849,0.11536196795467178,0.7611831462049399,4,False,False
h15_near_high,0,mst,0-12,297665,295379,148627,493,63,launch_500,0.9923202257571431,0.5031738884619421,0.0016690421458532936,0.00042387991414749674,0.25396597395734977,0.19852831852005354,0.32487581317597036,63,False,False
h15_near_high,0,mst,13-24,33927,33786,20346,43,12,launch_500,0.9958440180387302,0.6022020955425325,0.0012727165097969574,0.0005897965202005308,0.46341547049988685,0.26512734339572375,0.8098499243852112,12,False,False
h15_near_high,0,mst,>24,61837,61396,33742,68,18,launch_500,0.9928683474295324,0.5495797771841814,0.0011075640106847351,0.0005334597830596882,0.4816514241284208,0.3047040618708555,0.7612687686832466,18,False,False
h15_near_high,3,all,ALL,393429,386687,200751,585,110,launch_500,0.9828634899816739,0.519156320227988,0.0015128514793618611,0.0005479424760026102,0.3621918499453356,0.3005493518860765,0.43646883664307423,110,True,False
h15_near_high,3,drawdown,0-10,304121,298437,168891,377,77,launch_500,0.9813100706626638,0.5659184350465928,0.001263248189735187,0.00045591535368965784,0.3609071894140064,0.2888086659048152,0.45099421230073833,77,False,False
h15_near_high,3,drawdown,10-20,38904,38310,16497,49,14,launch_500,0.9847316471314004,0.43061863743148004,0.0012790394152962673,0.000848639146511487,0.6634972592419401,0.39529866412208164,1.113401501362062,14,False,False
h15_near_high,3,drawdown,20-30,28427,28170,12926,36,15,launch_500,0.990959299257748,0.45885694000709976,0.0012779552715654952,0.0011604518025684666,0.9080535355098251,0.5504111344584967,1.497637301311363,15,False,False
h15_near_high,3,drawdown,>30,21977,21770,2437,123,4,launch_500,0.9905810620193839,0.11194304088194763,0.005649977032613688,0.0016413623307345096,0.29050778813081524,0.11300455305539273,0.7456509496770742,4,False,False
h15_near_high,3,mst,0-12,297665,292274,147545,477,80,launch_500,0.9818890363327902,0.5048173973736972,0.0016320302182198894,0.0005422074621301976,0.33222881296989804,0.266980821872264,0.41341213101403906,80,False,False
h15_near_high,3,mst,13-24,33927,33585,19067,43,15,launch_500,0.989919533115218,0.5677236861694209,0.0012803334822093196,0.0007866995332249437,0.614448926124645,0.37242377819777744,1.0135535246194625,15,False,False
h15_near_high,3,mst,>24,61837,60828,34139,65,15,launch_500,0.9836829082911526,0.5612382455448149,0.0010685868350101928,0.0004393801810246346,0.41117873309794567,0.2492067628444973,0.6783480775189091,15,False,False
h15_near_high,6,all,ALL,393429,382241,199763,562,135,launch_500,0.9715628486969695,0.5226100810745054,0.0014702766055969924,0.000675800823976412,0.45964196220207776,0.3883893686850645,0.5439558540359373,135,True,False
h15_near_high,6,drawdown,0-10,304121,294712,166530,361,88,launch_500,0.9690616563801908,0.5650601264963762,0.001224924672222373,0.0005284333153185612,0.43140066267081384,0.35020796010948685,0.5314049365121002,88,False,False
h15_near_high,6,drawdown,10-20,38904,37945,18845,48,19,launch_500,0.9753495784495168,0.49663987350112004,0.001264988799578337,0.0010082249933669408,0.7970228619439286,0.510342821080901,1.2444889023903225,19,False,False
h15_near_high,6,drawdown,20-30,28427,28029,10726,35,14,launch_500,0.9859992260878742,0.3826750865175354,0.0012487066966356275,0.0013052396046988625,1.0452731680029832,0.6227962158450763,1.753711407853632,14,False,False
h15_near_high,6,drawdown,>30,21977,21555,3662,118,14,launch_500,0.9807981071119807,0.16989097657156113,0.005474367896079796,0.0038230475150191155,0.6983541456460766,0.4162528106976881,1.1704123979633094,14,False,False
h15_near_high,6,mst,0-12,297665,288716,145686,457,99,launch_500,0.9699360018813096,0.5045996758059823,0.0015828703639562754,0.0006795436761253656,0.4293110109326281,0.3526830055929488,0.5225743272806898,99,False,False
h15_near_high,6,mst,13-24,33927,33383,18025,42,19,launch_500,0.983965573142335,0.5399454812329629,0.0012581253931641854,0.0010540915395284328,0.8378270920018493,0.5364736922410669,1.3081809579204489,19,False,False
h15_near_high,6,mst,>24,61837,60142,36052,63,17,launch_500,0.9725892265148698,0.5994479731302584,0.0010475208672807688,0.0004715411072894708,0.45014960753338656,0.2810837251626299,0.7208282157097787,17,False,False
h15_near_high,12,all,ALL,393429,373183,197832,513,134,launch_500,0.9485396348515234,0.5301206110674923,0.001374660689259693,0.0006773423915241214,0.49273424112309205,0.4160913028993993,0.5834832797248753,134,True,False
h15_near_high,12,drawdown,0-10,304121,287248,166470,331,97,launch_500,0.9445187935065319,0.5795340611596947,0.001152314376427338,0.0005826875713341743,0.5056671887933502,0.41457286979329766,0.6167634789343361,97,False,False
h15_near_high,12,drawdown,10-20,38904,37282,19080,45,11,launch_500,0.9583076290355748,0.5117751193605493,0.001207016790944692,0.0005765199161425577,0.47764034474726297,0.2667403086312729,0.8551177618186511,11,False,False
h15_near_high,12,drawdown,20-30,28427,27660,5617,34,6,launch_500,0.973018609068843,0.20307302964569776,0.0012292118582791034,0.0010681858643403952,0.8690006178722156,0.39834322987160486,1.894461649873301,6,False,False
h15_near_high,12,drawdown,>30,21977,20993,6665,103,20,launch_500,0.9552259180051872,0.3174867813080551,0.004906397370552089,0.003000750187546887,0.6115995018172019,0.3960998481794535,0.9437986045688963,20,False,False
h15_near_high,12,mst,0-12,297665,281249,149055,413,104,launch_500,0.9448507550434213,0.5299752176896629,0.001468449665598811,0.0006977290261983831,0.4751467091749856,0.39220434852747177,0.5756146708139613,104,True,False
h15_near_high,12,mst,13-24,33927,33131,13715,39,10,launch_500,0.9765378607009166,0.4139627539162718,0.001177145271799825,0.0007291286912139992,0.6194041709900259,0.3364989405153679,1.139837457138562,10,False,False
h15_near_high,12,mst,>24,61837,58803,35062,61,20,launch_500,0.9509355240390057,0.5962620954713195,0.0010373620393517337,0.0005704181164793794,0.5498737131694581,0.3560033548409441,0.8492278870411655,20,False,False
h20_leverage_ok,0,all,ALL,393429,392069,240388,628,397,launch_500,0.9965432136421057,0.6131267710530545,0.0016017588740757367,0.0016514967469258032,1.031052035144033,0.9345642339061521,1.1374834096873025,397,True,False
h20_leverage_ok,0,drawdown,0-10,304121,302968,182467,415,254,launch_500,0.9962087458610224,0.6022649256687175,0.0013697816271025323,0.0013920325319098795,1.016244125608849,0.8987840094694683,1.1490306569630477,254,True,False
h20_leverage_ok,0,drawdown,10-20,38904,38802,25700,54,42,launch_500,0.9973781616286244,0.6623369929385083,0.0013916808411937528,0.0016342412451361868,1.1742931258106355,0.8689750006257392,1.5866489335722758,42,False,False
h20_leverage_ok,0,drawdown,20-30,28427,28360,18448,36,31,launch_500,0.9976430857987125,0.6504936530324401,0.0012693935119887166,0.0016803989592367736,1.323780957887636,0.9328322327712743,1.8781846664764061,31,False,False
h20_leverage_ok,0,drawdown,>30,21977,21939,13773,123,70,launch_500,0.9982709195977613,0.6277861342814166,0.005606454259537809,0.005082407609090249,0.9065279718360243,0.7179231176548139,1.1443618394179955,70,False,False
h20_leverage_ok,0,mst,0-12,297665,296629,175883,514,305,launch_500,0.9965195773772529,0.5929393282517893,0.0017328042773970178,0.0017341073327154983,1.0007519922102444,0.8946436437947456,1.1194207699185352,305,True,False
h20_leverage_ok,0,mst,13-24,33927,33856,22086,43,41,launch_500,0.9979072714946797,0.652351134215501,0.0012700850661625709,0.0018563796069908539,1.4616183249833103,1.0777106370730147,1.9819388837416714,41,False,False
h20_leverage_ok,0,mst,>24,61837,61584,42419,71,51,launch_500,0.995908598411954,0.6887990387113536,0.0011528968563263185,0.0012022914260119287,1.042843875767868,0.793326926208788,1.3707146905682632,51,False,False
h20_leverage_ok,3,all,ALL,393429,389894,241355,623,406,launch_500,0.9910148972241497,0.6190272227836283,0.001597870190359431,0.0016821694184914338,1.0527572443873179,0.955284359626026,1.160157355046164,406,True,False
h20_leverage_ok,3,drawdown,0-10,304121,301170,183826,413,255,launch_500,0.9902966253563549,0.6103728791048245,0.001371318524421423,0.0013871813562825715,1.0115675764446055,0.8948631994686026,1.143468162793602,255,True,False
h20_leverage_ok,3,drawdown,10-20,38904,38593,25508,54,43,launch_500,0.99200596339708,0.660948876739305,0.0013992174746715726,0.0016857456484240239,1.2047774409190435,0.894661157459922,1.6221450002364575,43,False,False
h20_leverage_ok,3,drawdown,20-30,28427,28293,17975,36,31,launch_500,0.9952861715974249,0.6353161559396318,0.0012723995334535045,0.0017246175243393602,1.3554056560037089,0.9551224557693251,1.9230329587942092,31,False,False
h20_leverage_ok,3,drawdown,>30,21977,21838,14046,120,77,launch_500,0.9936752058970743,0.6431907683853832,0.005495008700430442,0.00548198775452086,0.9976304048602211,0.7986905782577455,1.2457819454700545,77,False,False
h20_leverage_ok,3,mst,0-12,297665,294995,177471,511,314,launch_500,0.9910301849394454,0.6016068068950321,0.0017322327497076222,0.001769303153754698,1.0214003597688204,0.9145814419519912,1.1406705468253935,314,True,False
h20_leverage_ok,3,mst,13-24,33927,33734,21519,43,40,launch_500,0.9943113154714535,0.6379024129957906,0.0012746783660401969,0.0018588224359868024,1.4582678152460185,1.0712088625828293,1.9848281164899229,40,False,False
h20_leverage_ok,3,mst,>24,61837,61165,42365,69,52,launch_500,0.989132719892621,0.6926346766941879,0.0011280961334096298,0.0012274283016641095,1.0880529285693514,0.829898009041286,1.4263823089399235,52,False,False
h20_leverage_ok,6,all,ALL,393429,387402,242213,615,422,launch_500,0.9846808445742434,0.6252239275997543,0.0015874982576238636,0.0017422681689256976,1.0974929645173221,0.9977331287077146,1.2072082902562022,422,True,False
h20_leverage_ok,6,drawdown,0-10,304121,299196,185002,407,268,launch_500,0.9838057878278711,0.6183304589633551,0.001360312303640423,0.0014486329877514837,1.0649267700326608,0.9449062155121496,1.20016723259997,268,True,False
h20_leverage_ok,6,drawdown,10-20,38904,38311,25297,54,43,launch_500,0.984757351429159,0.6603064394038266,0.0014095168489467777,0.001699806301142428,1.2059496148716216,0.8955329906484075,1.6237186997915263,43,False,False
h20_leverage_ok,6,drawdown,20-30,28427,28211,17560,36,32,launch_500,0.9924015900376403,0.6224522349438163,0.0012760979759668214,0.0018223234624145787,1.4280435332827135,1.0118293266613332,2.0150259078726616,32,False,False
h20_leverage_ok,6,drawdown,>30,21977,21684,14354,118,79,launch_500,0.9866678800564226,0.6619627375023058,0.005441800405829183,0.0055036923505643025,1.0113734316070875,0.8119838793950844,1.2593877443473112,79,False,False
h20_leverage_ok,6,mst,0-12,297665,293036,179095,507,327,launch_500,0.9844489610804091,0.6111706411498928,0.001730162846885707,0.0018258466177168541,1.0553033322865406,0.9470377480469041,1.175920641630779,327,True,False
h20_leverage_ok,6,mst,13-24,33927,33628,20910,43,41,launch_500,0.9911869602381584,0.6218032591887712,0.0012786963244914953,0.00196078431372549,1.533424532603739,1.130669454784558,2.0792627617886716,41,False,False
h20_leverage_ok,6,mst,>24,61837,60738,42208,65,54,launch_500,0.9822274689910572,0.6949191609865323,0.0010701702393888504,0.0012793783169067474,1.195490464804339,0.9164508919617212,1.5593496616848799,54,False,False
h20_leverage_ok,12,all,ALL,393429,380722,241312,573,396,launch_500,0.9677019233457625,0.633827307063947,0.001505035170019069,0.0016410290412412147,1.0903592646412525,0.9881984836434021,1.2030623605174755,396,True,False
h20_leverage_ok,12,drawdown,0-10,304121,293835,184682,371,251,launch_500,0.966177935755834,0.6285228104208144,0.0012626133714499633,0.001359092927302065,1.0764125883929982,0.9513007083947903,1.2179534295050254,251,True,False
h20_leverage_ok,12,drawdown,10-20,38904,37739,24510,49,41,launch_500,0.9700544931112483,0.6494607700257029,0.0012983915843027107,0.0016727866177070584,1.2883529421560547,0.9499355522178777,1.747058725405434,41,False,False
h20_leverage_ok,12,drawdown,20-30,28427,27841,17528,36,33,launch_500,0.9793857951947093,0.6295750871017564,0.0012930570022628496,0.0018827019625741672,1.4560084816674275,1.037041526343203,2.0437910472766254,33,False,False
h20_leverage_ok,12,drawdown,>30,21977,21307,14592,117,71,launch_500,0.9695135823815807,0.6848453559862956,0.005491153142159854,0.004865679824561404,0.8860943591617935,0.7028799016708793,1.1167719627152861,71,False,False
h20_leverage_ok,12,mst,0-12,297665,287594,180667,472,305,launch_500,0.9661666638670989,0.6282015619241014,0.0016412025285645736,0.0016881887671793964,1.0286291531953207,0.9195629113375717,1.150606907583564,305,True,False
h20_leverage_ok,12,mst,13-24,33927,33356,19601,43,42,launch_500,0.9831697468093259,0.5876304113203022,0.0012891233960906584,0.0021427478189888272,1.662174331399798,1.2300755680858753,2.2456198788423762,42,False,False
h20_leverage_ok,12,mst,>24,61837,59772,41044,58,49,launch_500,0.9666057538366997,0.6866760356019541,0.000970354011911932,0.001193840756261573,1.2303146497114954,0.9308166043932561,1.6260265159441643,49,False,False
h21_no_dilution,0,all,ALL,393429,371223,208987,535,113,launch_500,0.9435577956886757,0.5629688893198966,0.0014411822543323016,0.000540703488733749,0.3751805069125393,0.3121022397380773,0.4509990878928827,113,True,False
h21_no_dilution,0,drawdown,0-10,304121,286373,160620,349,73,launch_500,0.9416416492119912,0.5608768983109441,0.0012186903094914673,0.00045448885568422363,0.3729321979050378,0.2966465656821676,0.4688242310608845,73,False,False
h21_no_dilution,0,drawdown,10-20,38904,36871,20011,46,0,launch_500,0.9477431626567963,0.5427300588538417,0.0012475929592362562,0.0,0.0,0.0,0.1538406546779715,0,False,False
h21_no_dilution,0,drawdown,20-30,28427,27423,15469,34,0,launch_500,0.9646814648045872,0.5640885388177806,0.0012398351748532253,0.0,0.0,0.0,0.20024522090325403,0,False,False
h21_no_dilution,0,drawdown,>30,21977,20556,12887,106,40,launch_500,0.9353414933794422,0.6269215800739444,0.005156645261724071,0.0031039031582214636,0.6019229558528341,0.442220297264294,0.8190562002831637,40,False,False
h21_no_dilution,0,mst,0-12,297665,279763,163674,441,106,launch_500,0.9398585658374347,0.585045198971987,0.0015763342543510042,0.0006476288231484536,0.4108448581643556,0.3397412104361063,0.4968179625367586,106,True,False
h21_no_dilution,0,mst,13-24,33927,33043,17929,39,0,launch_500,0.9739440563562944,0.5425960112580577,0.0011802802408982236,0.0,0.0,-1.1482465508153371e-17,0.18149386249676308,0,False,False
h21_no_dilution,0,mst,>24,61837,58417,27384,55,7,launch_500,0.9446933065963743,0.46876765325162195,0.0009415067531711659,0.0002556237218813906,0.2715049265662763,0.1315251190366948,0.560384102488379,7,False,False
h21_no_dilution,3,all,ALL,393429,366246,205182,509,111,launch_500,0.9309074826715875,0.560230009337986,0.0013897762705940815,0.0005409831271748984,0.38925914812435725,0.32328121999748477,0.4686936272217194,111,True,False
h21_no_dilution,3,drawdown,0-10,304121,282559,157664,331,68,launch_500,0.929100588252702,0.5579861197130511,0.0011714367618798197,0.0004312969352547189,0.36817773634029644,0.29046449435876076,0.466671643099158,68,False,False
h21_no_dilution,3,drawdown,10-20,38904,36476,19412,45,0,launch_500,0.9375899650421551,0.5321855466608181,0.0012336879043754797,0.0,0.0,0.0,0.16037425985476866,0,False,False
h21_no_dilution,3,drawdown,20-30,28427,27083,15646,32,0,launch_500,0.9527210046786506,0.5777055717608832,0.0011815530037292768,0.0,0.0,0.0,0.2077461758068997,0,False,False
h21_no_dilution,3,drawdown,>30,21977,20128,12460,101,43,launch_500,0.9158665877963326,0.6190381558028617,0.005017885532591415,0.003451043338683788,0.687748518029973,0.5108173978646582,0.9256776377065001,43,False,False
h21_no_dilution,3,mst,0-12,297665,275701,160480,419,105,launch_500,0.9262123528127257,0.5820798618793548,0.001519762351242832,0.0006542871385842473,0.4305193756439512,0.35569060989565726,0.5210778441948893,105,True,False
h21_no_dilution,3,mst,13-24,33927,32791,18344,38,0,launch_500,0.9665163439148761,0.5594217925650331,0.001158854563752249,0.0,0.0,0.0,0.18066843170177393,0,False,False
h21_no_dilution,3,mst,>24,61837,57754,26358,52,6,launch_500,0.9339715704190048,0.45638397340443954,0.000900370537105655,0.00022763487366264513,0.25282354795216166,0.11587578978073049,0.5515425794042442,6,False,False
h21_no_dilution,6,all,ALL,393429,361409,201372,485,114,launch_500,0.9186130153089884,0.557185902952057,0.001341969901136939,0.0005661164412132769,0.4218547977370086,0.35121324472708015,0.5066952292964665,114,True,False
h21_no_dilution,6,drawdown,0-10,304121,278945,154665,318,71,launch_500,0.9172171602750221,0.5544641416766746,0.001140009679327466,0.00045905667086929816,0.40267787124413956,0.31928855317854793,0.5078335540776804,71,False,False
h21_no_dilution,6,drawdown,10-20,38904,36037,19009,44,0,launch_500,0.9263057783261361,0.5274856397591364,0.0012209673391236785,0.0,0.0,-1.1099827752801171e-17,0.16547984878900965,0,False,False
h21_no_dilution,6,drawdown,20-30,28427,26679,15759,31,0,launch_500,0.9385091638231259,0.5906893061958844,0.0011619625923010607,0.0,0.0,1.1663479741830957e-17,0.20973433559417023,0,False,False
h21_no_dilution,6,drawdown,>30,21977,19748,11939,92,43,launch_500,0.8985757837739455,0.6045675511444197,0.004658699615150901,0.0036016416785325405,0.7731002159528327,0.5742209116022712,1.0405258404822966,43,False,False
h21_no_dilution,6,mst,0-12,297665,271825,157094,396,106,launch_500,0.9131910033090891,0.5779232962383887,0.0014568196449921825,0.0006747552420843571,0.4631700597969201,0.3830114657814829,0.5600909573622819,106,True,False
h21_no_dilution,6,mst,13-24,33927,32408,18580,38,0,launch_500,0.955227400005895,0.5733152308072081,0.0011725499876573686,0.0,0.0,-1.1558165791417838e-17,0.17629067094955475,0,False,False
h21_no_dilution,6,mst,>24,61837,57176,25698,51,8,launch_500,0.9246244158028365,0.4494543164964321,0.0008919826500629635,0.00031130827301735546,0.34900709447137873,0.17685971125950453,0.6886121531820645,8,False,False
h21_no_dilution,12,all,ALL,393429,352344,194431,441,125,launch_500,0.8955720091808179,0.551821515337284,0.0012516177372113616,0.0006429015949102766,0.5136565069321236,0.43117803955284667,0.6118998885653928,125,True,False
h21_no_dilution,12,drawdown,0-10,304121,272285,149137,290,81,launch_500,0.8953179819874326,0.5477238922452577,0.001065060506454634,0.0005431247778887868,0.5099473453360287,0.4103494305675079,0.6337028336473032,81,False,False
h21_no_dilution,12,drawdown,10-20,38904,35216,19052,43,4,launch_500,0.9052025498663376,0.5410040890504316,0.001221035892776011,0.0002099517111064455,0.17194556879824616,0.0668686756635322,0.4420503065783609,4,False,False
h21_no_dilution,12,drawdown,20-30,28427,25660,15259,26,1,launch_500,0.9026629612692159,0.5946609508963367,0.0010132501948558067,6.553509404285995e-05,0.06467809665922256,0.011417364548900652,0.3663019866203828,1,False,False
h21_no_dilution,12,drawdown,>30,21977,19183,10983,82,39,launch_500,0.8728670883196069,0.5725381848511704,0.004274618151488297,0.0035509423654739142,0.8307039926449524,0.6079576639638461,1.1346642822086737,39,False,False
h21_no_dilution,12,mst,0-12,297665,264626,149805,353,112,launch_500,0.8890060974585524,0.5661008366524831,0.0013339581144709892,0.000747638596842562,0.5604663210426624,0.4658626867271946,0.6742640076494671,112,True,False
h21_no_dilution,12,mst,13-24,33927,31442,19024,38,0,launch_500,0.9267545023137914,0.6050505693022072,0.0012085745181604224,0.0,0.0,0.0,0.16704490407235806,0,False,False
h21_no_dilution,12,mst,>24,61837,56276,25602,50,13,launch_500,0.9100700228018823,0.4549363849598408,0.0008884782145141801,0.0005077728302476369,0.5715084759003203,0.3340333139851954,0.9776657705386088,13,False,False
ctl_pe_lt_15,0,all,ALL,393429,314852,95637,194,97,launch_500,0.8002765429086316,0.3037522391472819,0.0006161625144512343,0.0010142518063092736,1.646078400619007,1.3495899653186056,2.007621084408964,97,False,False
ctl_pe_lt_15,0,drawdown,0-10,304121,243132,64989,104,42,launch_500,0.799458110423154,0.26729924485464684,0.0004277511804287383,0.0006462632137746388,1.5108391124178413,1.1178962165631772,2.041781582816398,42,False,False
ctl_pe_lt_15,0,drawdown,10-20,38904,32326,12334,9,3,launch_500,0.8309171293440263,0.3815504547423127,0.0002784136608302914,0.0002432300956705043,0.8736284525160802,0.2971246139835578,2.5679092275161244,3,False,False
ctl_pe_lt_15,0,drawdown,20-30,28427,21816,8164,5,1,launch_500,0.7674394061983326,0.37422075540887423,0.0002291895856252292,0.0001224889759921607,0.5344439000489956,0.094343898368712,3.0261198764462294,1,False,False
ctl_pe_lt_15,0,drawdown,>30,21977,17578,10150,76,51,launch_500,0.7998361923829458,0.5774263283650017,0.004323586301058141,0.005024630541871921,1.1621441534871662,0.8844328847718572,1.5264788295539495,51,False,False
ctl_pe_lt_15,0,mst,0-12,297665,235022,71890,164,87,launch_500,0.7895520131691667,0.30588625745674874,0.000697807013811473,0.0012101822228404507,1.7342649169293196,1.4062698391003128,2.1386465180824477,87,False,False
ctl_pe_lt_15,0,mst,13-24,33927,27103,7902,3,0,launch_500,0.7988622630942906,0.2915544404678449,0.00011068885363243921,0.0,0.0,0.0,4.38979458422288,0,False,False
ctl_pe_lt_15,0,mst,>24,61837,52727,15845,27,10,launch_500,0.8526771997347866,0.30051017505262956,0.0005120716141635215,0.0006311139160618492,1.2324719797108565,0.6695450176973151,2.2681357741752213,10,False,False
ctl_pe_lt_15,3,all,ALL,393429,315065,95211,213,93,launch_500,0.8008179366543899,0.3021947852030533,0.0006760509736086205,0.0009767778933106469,1.4448287650512628,1.179606406513995,1.7696122427234642,93,False,False
ctl_pe_lt_15,3,drawdown,0-10,304121,243634,65737,116,37,launch_500,0.8011087692069933,0.2698186624198593,0.00047612402209872186,0.0005628489283052162,1.1821477224026988,0.8577519007809845,1.6291325932819034,37,False,False
ctl_pe_lt_15,3,drawdown,10-20,38904,31888,11393,8,2,launch_500,0.819658646925766,0.35728173607626695,0.0002508780732563974,0.00017554638813306416,0.6997279030983938,0.1918958897560004,2.5506231856926393,2,False,False
ctl_pe_lt_15,3,drawdown,20-30,28427,21236,7725,5,0,launch_500,0.7470362683364407,0.3637690713882087,0.00023544923714447166,0.0,0.0,-2.302411733490217e-16,2.110981865450496,0,False,False
ctl_pe_lt_15,3,drawdown,>30,21977,18307,10356,84,54,launch_500,0.8330072348364199,0.565685257005517,0.004588408805374993,0.005214368482039398,1.1364219500082768,0.871517639224005,1.4812964364712533,54,False,False
ctl_pe_lt_15,3,mst,0-12,297665,236535,71822,179,85,launch_500,0.7946349083701476,0.30364216712114483,0.0007567590420022406,0.0011834813845339868,1.5638813926857351,1.2650129585571597,1.9332562478694046,85,False,False
ctl_pe_lt_15,3,mst,13-24,33927,26040,7861,2,0,launch_500,0.7675302856132284,0.3018817204301075,7.680491551459293e-05,0.0,0.0,0.0,6.359415494382797,0,False,False
ctl_pe_lt_15,3,mst,>24,61837,52490,15528,32,8,launch_500,0.848844542911202,0.2958277767193751,0.0006096399314155077,0.0005151983513652757,0.8450862957238537,0.4282628558584094,1.6671868760608888,8,False,False
ctl_pe_lt_15,6,all,ALL,393429,314193,94243,230,69,launch_500,0.7986015265778578,0.2999525769192821,0.0007320341318870885,0.0007321498678946977,1.0001581019279946,0.7904268974473455,1.2654876240204496,69,False,False
ctl_pe_lt_15,6,drawdown,0-10,304121,242980,65648,116,31,launch_500,0.7989583093571309,0.2701786155239114,0.00047740554778171043,0.0004722154521082135,0.9891285392521872,0.696908922074339,1.4037960900060156,31,False,False
ctl_pe_lt_15,6,drawdown,10-20,38904,31509,10210,9,1,launch_500,0.8099167180752622,0.3240344028690216,0.00028563267637817766,9.79431929480901e-05,0.3428991185112635,0.060530846120531556,1.9417469086055779,1,False,False
ctl_pe_lt_15,6,drawdown,20-30,28427,20739,8553,7,0,launch_500,0.7295528898582334,0.41241139881382904,0.0003375283282704084,0.0,0.0,0.0,1.330063804534673,0,False,False
ctl_pe_lt_15,6,drawdown,>30,21977,18965,9832,98,37,launch_500,0.8629476270646586,0.518428684418666,0.005167413656736093,0.0037632221318144835,0.7282602829577722,0.5286121884016176,1.0029203152186439,37,False,False
ctl_pe_lt_15,6,mst,0-12,297665,237325,71897,192,58,launch_500,0.797288898594057,0.30294743495206994,0.0008090171705467187,0.0008067095984533429,0.9971476846507271,0.7714930425247244,1.2887353836953057,58,False,False
ctl_pe_lt_15,6,mst,13-24,33927,24857,7554,3,0,launch_500,0.7326613022076812,0.303898298266082,0.00012069034879510802,0.0,0.0,0.0,4.211393951208418,0,False,False
ctl_pe_lt_15,6,mst,>24,61837,52011,14792,35,11,launch_500,0.8410983715251387,0.2844013766318663,0.0006729345715329449,0.0007436452136289887,1.105078034458781,0.6171519167679126,1.9782493878298693,11,False,False
ctl_pe_lt_15,12,all,ALL,393429,311332,91489,242,64,launch_500,0.7913295664529051,0.2938631428828389,0.0007773052561252939,0.0006995376493348927,0.8999522952178959,0.704875721309439,1.1489686816715101,64,False,False
ctl_pe_lt_15,12,drawdown,0-10,304121,239909,63388,125,45,launch_500,0.7888603549245202,0.2642168488885369,0.0005210308908794584,0.000709913548305673,1.3625171956837256,1.0184336213229574,1.8227408945940184,45,False,False
ctl_pe_lt_15,12,drawdown,10-20,38904,30342,9827,9,1,launch_500,0.7799198025909932,0.32387449739634827,0.00029661854854656913,0.00010176045588684237,0.3430684169465079,0.060560760376493945,1.9426762081149371,1,False,False
ctl_pe_lt_15,12,drawdown,20-30,28427,21864,11191,6,0,launch_500,0.7691279417455236,0.5118459568240029,0.00027442371020856203,0.0,0.0,-9.877081791342945e-17,1.2504220104284958,0,False,False
ctl_pe_lt_15,12,drawdown,>30,21977,19217,7083,102,18,launch_500,0.874414160258452,0.36857990321069883,0.005307800385075714,0.0025412960609911056,0.4787851608241772,0.30297747146461734,0.756198046612893,18,False,False
ctl_pe_lt_15,12,mst,0-12,297665,237498,68932,210,55,launch_500,0.7978700888582803,0.2902424441468981,0.0008842179723618725,0.0007978877734579005,0.9023654781938307,0.693382359494788,1.1742699682905986,55,False,False
ctl_pe_lt_15,12,mst,13-24,33927,23431,8731,2,0,launch_500,0.690629881805052,0.37262600827962955,8.535700567624088e-05,0.0,0.0,0.0,5.1523100603118674,0,False,False
ctl_pe_lt_15,12,mst,>24,61837,50403,13826,30,9,launch_500,0.8150945226967673,0.2743090689046287,0.0005952026665079459,0.0006509474902357876,1.0936568783451468,0.5754552494645055,2.0779254979264885,9,False,False
ctl_pb_lt_15,0,all,ALL,393429,380221,91250,572,129,launch_500,0.9664285042536265,0.2399920046499273,0.0015043882373672155,0.0014136986301369863,0.9397166203659354,0.7910244544946583,1.1163120781066203,129,True,False
ctl_pb_lt_15,0,drawdown,0-10,304121,293344,61545,371,67,launch_500,0.9645634467859832,0.20980487073197338,0.001264726737209556,0.001088634332602161,0.8607664411397529,0.6779312011210525,1.0928433768281725,67,False,False
ctl_pb_lt_15,0,drawdown,10-20,38904,37837,10981,54,5,launch_500,0.9725735142915896,0.2902185691254592,0.0014271744588630177,0.00045533193698205993,0.31904434258500375,0.13628731308693154,0.746611654165138,5,False,False
ctl_pb_lt_15,0,drawdown,20-30,28427,27595,9310,34,2,launch_500,0.9707320505153552,0.3373799601377061,0.0012321072658090233,0.00021482277121374866,0.17435395210715868,0.047815746523527276,0.6354969805443434,2,False,False
ctl_pb_lt_15,0,drawdown,>30,21977,21445,9414,113,55,launch_500,0.9757928743686581,0.4389834460247144,0.005269293541618093,0.005842362438920756,1.1087563053332354,0.8524077043621174,1.4416095731960092,55,False,False
ctl_pb_lt_15,0,mst,0-12,297665,287174,70270,462,115,launch_500,0.964755681722742,0.2446948539909602,0.0016087807392034098,0.001636544755941369,1.0172578003088888,0.8476568071329184,1.2207261905985283,115,True,False
ctl_pb_lt_15,0,mst,13-24,33927,32796,8782,40,1,launch_500,0.9666637191617296,0.26777655811684353,0.0012196609342602757,0.00011386927806877705,0.0933614210885903,0.016480814994749956,0.5286476350449605,1,False,False
ctl_pb_lt_15,0,mst,>24,61837,60251,12198,70,13,launch_500,0.974351925222763,0.20245307131831836,0.0011618064430465884,0.0010657484833579275,0.9173201695828356,0.5361980281113283,1.5688445885133007,13,False,False
ctl_pb_lt_15,3,all,ALL,393429,381253,90873,572,112,launch_500,0.9690515950781462,0.23835353426727135,0.0015003160630867166,0.0012324892982514058,0.8214864378081176,0.6828494294161612,0.9882287547494775,112,True,False
ctl_pb_lt_15,3,drawdown,0-10,304121,294253,62392,369,61,launch_500,0.9675523886873975,0.2120352213911158,0.0012540228986620357,0.0009776894473650468,0.7796424199336237,0.6070652918092801,1.0012183018457297,61,False,False
ctl_pb_lt_15,3,drawdown,10-20,38904,37886,10598,53,5,launch_500,0.9738330248817603,0.2797339386580795,0.0013989336430343662,0.0004717871296471032,0.33724768290207835,0.1440637056492016,0.7891980019595518,5,False,False
ctl_pb_lt_15,3,drawdown,20-30,28427,27614,9009,34,2,launch_500,0.9714004291694516,0.3262475555877453,0.001231259506047657,0.000222000222000222,0.180303356773945,0.0494473980485798,0.6571719769319997,2,False,False
ctl_pb_lt_15,3,drawdown,>30,21977,21500,8874,116,44,launch_500,0.9782954907403194,0.41274418604651164,0.005395348837209302,0.004958305161144917,0.9189962152122045,0.6849949130039509,1.2324012739476142,44,False,False
ctl_pb_lt_15,3,mst,0-12,297665,287988,69060,463,100,launch_500,0.9674902994977576,0.23980165840243345,0.0016077058766337487,0.0014480162177816392,0.900672342389846,0.7406836950070484,1.0951578288721864,100,True,False
ctl_pb_lt_15,3,mst,13-24,33927,32837,9610,40,1,launch_500,0.9678721961859286,0.2926576727472059,0.001218138075950909,0.0001040582726326743,0.08542403746097815,0.015079633904801314,0.4837219796476994,1,False,False
ctl_pb_lt_15,3,mst,>24,61837,60428,12203,69,11,launch_500,0.9772142891796174,0.2019428079698153,0.0011418547693122394,0.0009014176841760223,0.7894328669476619,0.44088486144063077,1.413085785585373,11,False,False
ctl_pb_lt_15,6,all,ALL,393429,380798,90366,572,101,launch_500,0.9678950967010566,0.23730691862877432,0.0015021087295626553,0.0011176770024124117,0.7440719705675551,0.6124768325305966,0.9039028639302021,101,True,False
ctl_pb_lt_15,6,drawdown,0-10,304121,293921,63184,367,65,launch_500,0.966460717937926,0.21496932849303044,0.0012486348372521868,0.00102874145353254,0.8238929612090945,0.6465361586396723,1.0498381804803418,65,False,False
ctl_pb_lt_15,6,drawdown,10-20,38904,37808,9515,53,4,launch_500,0.9718280896565906,0.2516663140076174,0.001401819720694033,0.00042038885969521806,0.29988796240295856,0.11662896142665714,0.7707905076495593,4,False,False
ctl_pb_lt_15,6,drawdown,20-30,28427,27532,9804,34,2,launch_500,0.9685158476096669,0.35609472613685894,0.00123492663082958,0.0002039983680130559,0.1651906784745722,0.04530268547727882,0.6021115974026041,2,False,False
ctl_pb_lt_15,6,drawdown,>30,21977,21537,7863,118,30,launch_500,0.9799790690267097,0.3650926312856944,0.005478943214003808,0.0038153376573826785,0.6963637892122945,0.488034865303951,0.9931375169495258,30,False,False
ctl_pb_lt_15,6,mst,0-12,297665,287684,68345,463,86,launch_500,0.9664690171837468,0.23756969452593818,0.0016094047635600173,0.0012583217499451313,0.7818553656829701,0.6332212786478779,0.9653236179045639,86,False,False
ctl_pb_lt_15,6,mst,13-24,33927,32767,9947,40,3,launch_500,0.9658089427299791,0.30356761375774405,0.0012207403790398877,0.0003015984719010757,0.2470619282195637,0.08402759494065876,0.7261427923978198,3,False,False
ctl_pb_lt_15,6,mst,>24,61837,60347,12074,69,12,launch_500,0.9759043938095315,0.20007622582729878,0.00114338740948183,0.0009938711280437303,0.8692339270152898,0.49733382973839013,1.5187531193011987,12,False,False
ctl_pb_lt_15,12,all,ALL,393429,377003,88914,530,80,launch_500,0.9582491377097265,0.23584427710124323,0.0014058243568353568,0.00089974582180534,0.640012969920903,0.5143338903607173,0.7963677155003885,80,False,False
ctl_pb_lt_15,12,drawdown,0-10,304121,290720,63302,334,57,launch_500,0.9559353020672693,0.2177421574023115,0.0011488717666483213,0.0009004454835550219,0.783765002931485,0.6050545814711398,1.015198170667593,57,False,False
ctl_pb_lt_15,12,drawdown,10-20,38904,37367,9825,45,4,launch_500,0.9604924943450545,0.26293253405411193,0.0012042711483394438,0.0004071246819338422,0.3380672886627085,0.13147692539386038,0.8689344000541201,4,False,False
ctl_pb_lt_15,12,drawdown,20-30,28427,27446,11144,32,1,launch_500,0.9654905547542829,0.40603366610799385,0.0011659258179698316,8.973438621679828e-05,0.07696406137832018,0.013586197162558602,0.4358412801415849,1,False,False
ctl_pb_lt_15,12,drawdown,>30,21977,21470,4643,119,18,launch_500,0.9769304272648678,0.21625523986958547,0.005542617605961807,0.0038768037906525953,0.6994535914732035,0.4427018088435788,1.1041989776397751,18,False,False
ctl_pb_lt_15,12,mst,0-12,297665,284808,64914,431,68,launch_500,0.9568071489761981,0.22792196848403135,0.0015133001881969608,0.0010475398219182302,0.692222091881409,0.5461424215379885,0.877322564637552,68,False,False
ctl_pb_lt_15,12,mst,13-24,33927,32451,11226,36,2,launch_500,0.9564948271288355,0.3459369510954978,0.0011093648886012757,0.00017815784785319794,0.16059445335233685,0.044042016833945326,0.5853899971853974,2,False,False
ctl_pb_lt_15,12,mst,>24,61837,59744,12774,63,10,launch_500,0.9661529504988923,0.21381226566684522,0.0010544991965720407,0.0007828401440425865,0.7423809772330204,0.40331108905713964,1.366101358994413,10,False,False
ctl_divyield_gt_2,0,all,ALL,393429,393361,99117,629,41,launch_500,0.9998271606821053,0.25197464924077373,0.0015990400675206743,0.00041365255203446434,0.2586880469329554,0.19071050915382906,0.35088214297547643,41,False,False
ctl_divyield_gt_2,0,drawdown,0-10,304121,304063,75608,416,18,launch_500,0.9998092864353333,0.24865899501090236,0.0013681375241315122,0.00023807004549783093,0.1740103178947283,0.11007840480024972,0.2750589676008679,18,False,False
ctl_divyield_gt_2,0,drawdown,10-20,38904,38896,9377,54,0,launch_500,0.9997943656179313,0.24107877416700946,0.0013883175647881531,0.0,0.0,0.0,0.29496166380174565,0,False,False
ctl_divyield_gt_2,0,drawdown,20-30,28427,28425,6837,36,0,launch_500,0.9999296443522003,0.24052770448548813,0.001266490765171504,0.0,0.0,0.0,0.4433887156409343,0,False,False
ctl_divyield_gt_2,0,drawdown,>30,21977,21977,7295,123,23,launch_500,1.0,0.3319379351139828,0.005596760249351595,0.0031528444139821794,0.5633338348462306,0.3755548862584532,0.8445582762766167,23,False,False
ctl_divyield_gt_2,0,mst,0-12,297665,297620,79036,515,39,launch_500,0.999848823341676,0.26556011020764736,0.0017303944627377191,0.0004934460245963865,0.2851638948356826,0.2086271382082421,0.3897599104966452,39,False,False
ctl_divyield_gt_2,0,mst,13-24,33927,33917,7616,43,0,launch_500,0.9997052495062929,0.2245481616888286,0.0012678008078544684,0.0,0.0,-4.27591687025475e-17,0.3976483908704395,0,False,False
ctl_divyield_gt_2,0,mst,>24,61837,61824,12465,71,2,launch_500,0.9997897698788751,0.2016207298136646,0.0011484213250517598,0.0001604492579221821,0.1397128862222674,0.03831527264576703,0.5092923920853579,2,False,False
ctl_divyield_gt_2,3,all,ALL,393429,393196,97970,629,37,launch_500,0.9994077711607431,0.24916326717464063,0.0015997110855654685,0.0003776666326426457,0.23608427549850194,0.171296195456368,0.32536390924110875,37,False,False
ctl_divyield_gt_2,3,drawdown,0-10,304121,303927,74870,416,17,launch_500,0.999362096007839,0.24634204924208775,0.0013687497326660678,0.0002270602377454254,0.16588879057032188,0.1035811032483383,0.26566311891087463,17,False,False
ctl_divyield_gt_2,3,drawdown,10-20,38904,38890,9026,54,0,launch_500,0.9996401398313798,0.2320905116996657,0.0013885317562355361,0.0,0.0,1.9520658559241328e-17,0.3063798836785095,0,False,False
ctl_divyield_gt_2,3,drawdown,20-30,28427,28407,7117,36,0,launch_500,0.9992964435220038,0.25053683951138805,0.001267293272784877,0.0,0.0,-4.277629321360517e-17,0.4256844077233817,0,False,False
ctl_divyield_gt_2,3,drawdown,>30,21977,21972,6957,123,20,launch_500,0.999772489420758,0.3166302566903332,0.00559803386127799,0.002874802357337933,0.5135378650034883,0.33258482590572963,0.7925063901328732,20,False,False
ctl_divyield_gt_2,3,mst,0-12,297665,297486,77926,515,35,launch_500,0.9993986528480002,0.26194846144020223,0.001731173903982036,0.00044914405974899265,0.25944479564755113,0.18656860125953484,0.36076962301698495,35,False,False
ctl_divyield_gt_2,3,mst,13-24,33927,33911,7819,43,0,launch_500,0.9995283992100686,0.23057414998083217,0.0012680251245908408,0.0,0.0,0.0,0.3872610346531195,0,False,False
ctl_divyield_gt_2,3,mst,>24,61837,61799,12225,71,2,launch_500,0.9993854811844042,0.19781873493098595,0.0011488859043026587,0.00016359918200408997,0.14239811054465853,0.03905169567315706,0.5190773878609851,2,False,False
ctl_divyield_gt_2,6,all,ALL,393429,392948,96512,624,35,launch_500,0.9987774160013624,0.245610106171809,0.001587996376110834,0.00036264920424403183,0.22836903767513433,0.16422013270664174,0.31756363104540436,35,False,False
ctl_divyield_gt_2,6,drawdown,0-10,304121,303735,73812,412,19,launch_500,0.998730768345494,0.24301446985036299,0.0013564455857902448,0.0002574107191242616,0.18976855527477574,0.12149815230842521,0.2963850048476156,19,False,False
ctl_divyield_gt_2,6,drawdown,10-20,38904,38852,8565,53,1,launch_500,0.9986633765165536,0.2204519715844744,0.0013641511376505714,0.00011675423234092235,0.08558746103602859,0.015108506249856726,0.48462299527858244,1,False,False
ctl_divyield_gt_2,6,drawdown,20-30,28427,28392,7869,36,0,launch_500,0.9987687761635066,0.27715553677092136,0.001267962806424345,0.0,0.0,-2.1376852834172528e-17,0.3848204726174276,0,False,False
ctl_divyield_gt_2,6,drawdown,>30,21977,21969,6266,123,15,launch_500,0.9996359830732129,0.28522008284400746,0.005598798306704902,0.0023938716884774978,0.42756883840782234,0.25921583226880707,0.7048300302006403,15,False,False
ctl_divyield_gt_2,6,mst,0-12,297665,297298,76629,510,32,launch_500,0.9987670703643358,0.257751481678316,0.0017154504907533855,0.00041759647130981746,0.2434325406420904,0.17245295059625618,0.34360926314831375,32,False,False
ctl_divyield_gt_2,6,mst,13-24,33927,33891,8078,43,1,launch_500,0.9989388982226545,0.23835236493464343,0.0012687734206721548,0.00012379301807378064,0.0975690505939186,0.01722359648130717,0.5524510942500386,1,False,False
ctl_divyield_gt_2,6,mst,>24,61837,61759,11805,71,2,launch_500,0.9987386192732507,0.19114622969931508,0.0011496300134393367,0.00016941973739940702,0.14736892340915464,0.040414943423243796,0.5371907748486741,2,False,False
ctl_divyield_gt_2,12,all,ALL,393429,388321,93269,593,30,launch_500,0.987016717120497,0.24018531060643128,0.001527087126372254,0.00032165028037182774,0.2106299469211948,0.147552766716073,0.30065954266972883,30,False,False
ctl_divyield_gt_2,12,drawdown,0-10,304121,299826,71210,385,19,launch_500,0.9858773317199404,0.23750441922981996,0.001284078098630539,0.00026681645836258954,0.20778834141564098,0.1330353854903221,0.3245276859555568,19,False,False
ctl_divyield_gt_2,12,drawdown,10-20,38904,38427,8870,50,1,launch_500,0.9877390499691548,0.23082728290004423,0.0013011684492674422,0.00011273957158962796,0.08664487034949267,0.0152951600618274,0.49061818416837205,1,False,False
ctl_divyield_gt_2,12,drawdown,20-30,28427,28240,8169,36,0,launch_500,0.9934217469307348,0.2892705382436261,0.0012747875354107649,0.0,0.0,0.0,0.36871033081399035,0,False,False
ctl_divyield_gt_2,12,drawdown,>30,21977,21828,5020,122,10,launch_500,0.9932201847385903,0.22997984240425143,0.005589151548469855,0.00199203187250996,0.35641042387825744,0.19366370534432123,0.6554209954218468,10,False,False
ctl_divyield_gt_2,12,mst,0-12,297665,293612,72210,483,27,launch_500,0.9863840223069558,0.2459368145716115,0.0016450281323651622,0.0003739094308267553,0.2272966786830337,0.1562269148913123,0.33067946000413984,27,False,False
ctl_divyield_gt_2,12,mst,13-24,33927,33675,9728,43,1,launch_500,0.9925722875585816,0.28887899034892356,0.0012769116555308093,0.00010279605263157894,0.08050365284577722,0.014211051826493216,0.4558621003790096,1,False,False
ctl_divyield_gt_2,12,mst,>24,61837,61034,11331,67,2,launch_500,0.9870142471335932,0.18565062096536356,0.0010977487957531868,0.00017650692789691997,0.1607899080188151,0.044095607672747006,0.586104466732749,2,False,False
