flag,lag,bucket_type,bucket,rows_all,n_nn,n_true,k_nn,k_true,threshold,coverage,true_share,base,rate,lift,ci_low,ci_high,events,sufficient,passes,window,confirm
h9_rs6_top_decile,0,all,ALL,393429,393051,39379,2590,482,launch_300,0.9990392167328793,0.10018801631340463,0.0065894756660077195,0.01224002641001549,1.857511436479922,1.6997721841580467,2.0296909296669194,482,True,False,build,
h9_rs6_top_decile,0,drawdown,0-10,304121,303819,30441,1631,345,launch_300,0.99900697419777,0.10019452371313183,0.005368327853096745,0.0113333990341973,2.1111600007178355,1.9008564814988982,2.3444348474524404,345,True,True,build,
h9_rs6_top_decile,0,drawdown,10-20,38904,38871,3895,168,40,launch_300,0.9991517581739667,0.10020323634586195,0.004321988114532685,0.010269576379974325,2.3761232349165593,1.7471013706499872,3.228432452216975,40,False,False,build,
h9_rs6_top_decile,0,drawdown,20-30,28427,28392,2843,137,41,launch_300,0.9987687761635066,0.1001338405184559,0.004825302902225979,0.014421385860007034,2.988700637498684,2.206796005307285,4.042185325444293,41,False,False,build,
h9_rs6_top_decile,0,drawdown,>30,21977,21969,2200,654,56,launch_300,0.9996359830732129,0.10014110792480313,0.02976922026491875,0.025454545454545455,0.8550625521267723,0.6602187490282347,1.105478376606569,56,False,False,build,
h9_rs6_top_decile,0,mst,0-12,297665,297362,29793,2230,399,launch_300,0.9989820771672854,0.10019101297408546,0.007499276975538233,0.013392407612526433,1.7858265078368094,1.619952529429633,1.9684312374539341,399,True,False,build,
h9_rs6_top_decile,0,mst,13-24,33927,33898,3395,125,37,launch_300,0.9991452235682495,0.10015340138061242,0.00368753318779869,0.010898379970544918,2.9554662739322533,2.1470183121733,4.063732745398349,37,False,False,build,
h9_rs6_top_decile,0,mst,>24,61837,61791,6191,235,46,launch_300,0.9992561088021734,0.10019258468061693,0.0038031428525189754,0.007430140526570829,1.95368431181846,1.4659898813252437,2.602006716992606,46,False,False,build,
h9_rs6_top_decile,3,all,ALL,393429,362119,34290,2235,428,launch_300,0.9204176611281832,0.09469262866626717,0.006172004230653459,0.012481773111694372,2.022320893706333,1.840581991645367,2.2217557787118043,428,True,True,build,
h9_rs6_top_decile,3,drawdown,0-10,304121,278398,26429,1395,315,launch_300,0.9154185340703207,0.09493243485944583,0.0050108118592805985,0.011918725642286881,2.378601707069092,2.13129065446473,2.6542244880311863,315,True,True,build,
h9_rs6_top_decile,3,drawdown,10-20,38904,36564,3451,155,48,launch_300,0.9398519432449105,0.09438245268570178,0.004239142325784925,0.013909011880614315,3.281091034856657,2.478590472386222,4.33859010194379,48,False,False,build,
h9_rs6_top_decile,3,drawdown,20-30,28427,26790,2467,123,30,launch_300,0.9424139022760052,0.09208659947741694,0.004591265397536394,0.012160518848804215,2.6486203248736984,1.8581625543288454,3.7694673027452548,30,False,False,build,
h9_rs6_top_decile,3,drawdown,>30,21977,20367,1943,562,35,launch_300,0.926741593484097,0.09539942063141356,0.027593656404968823,0.018013381369016986,0.6528087870867775,0.47041483039967125,0.9041348148782905,35,False,False,build,
h9_rs6_top_decile,3,mst,0-12,297665,279698,26533,1935,363,launch_300,0.939640199553189,0.09486303084040644,0.006918176032721006,0.013681076395432104,1.9775554034364695,1.785452327302583,2.1900104524598083,363,True,False,build,
h9_rs6_top_decile,3,mst,13-24,33927,31662,2961,110,33,launch_300,0.9332390131753471,0.09351904491188175,0.003474196197334344,0.011144883485309016,3.20790273556231,2.287373214323483,4.493060692262589,33,False,False,build,
h9_rs6_top_decile,3,mst,>24,61837,50759,4796,190,32,launch_300,0.8208515937060336,0.09448570696822238,0.0037431785496168167,0.006672226855713094,1.7825029629954787,1.2637216421184598,2.5122414653207934,32,False,False,build,
h9_rs6_top_decile,6,all,ALL,393429,345162,31894,2071,432,launch_300,0.877317127105526,0.09240298758264236,0.006000081121328536,0.013544867373173638,2.2574473743405887,2.0555705901238706,2.4788518344046864,432,True,True,build,
h9_rs6_top_decile,6,drawdown,0-10,304121,263487,24336,1255,285,launch_300,0.8663887071264398,0.09236129296701545,0.0047630433380014955,0.01171104536489152,2.4587316414814118,2.1906948133397375,2.7591278954322487,285,True,True,build,
h9_rs6_top_decile,6,drawdown,10-20,38904,35969,3295,146,45,launch_300,0.9245578860785524,0.09160666129166782,0.004059050849342489,0.013657056145675266,3.3645935102999562,2.518450730821931,4.4897868301648,45,False,False,build,
h9_rs6_top_decile,6,drawdown,20-30,28427,25700,2417,104,31,launch_300,0.9040700742252085,0.09404669260700389,0.004046692607003891,0.012825817128671908,3.1694567327583467,2.236485069485424,4.484499229341103,31,False,False,build,
h9_rs6_top_decile,6,drawdown,>30,21977,20006,1846,566,71,launch_300,0.9103153296628294,0.09227231830450865,0.02829151254623613,0.038461538461538464,1.3594726827942376,1.0817461337443215,1.7049545528566794,71,False,False,build,
h9_rs6_top_decile,6,mst,0-12,297665,271774,25175,1832,370,launch_300,0.9130196697629885,0.09263211344720246,0.006740895008352528,0.014697120158887786,2.180292103745398,1.9705000115042346,2.4120519545524264,370,True,True,build,
h9_rs6_top_decile,6,mst,13-24,33927,30989,2835,91,32,launch_300,0.9134023049488608,0.09148407499435283,0.0029365258640162636,0.011287477954144622,3.843820377153711,2.7266408841990875,5.411406403959586,32,False,False,build,
h9_rs6_top_decile,6,mst,>24,61837,42399,3884,148,30,launch_300,0.6856574542749486,0.09160593410221939,0.003490648364348216,0.007723995880535531,2.2127682522893646,1.5515321102933717,3.152693635354181,30,False,False,build,
h9_rs6_top_decile,12,all,ALL,393429,317257,28710,1848,401,launch_300,0.8063894629018197,0.0904944571750978,0.005824930576787904,0.013967258794845002,2.397841246469773,2.175706396937743,2.6423020311504857,401,True,True,build,
h9_rs6_top_decile,12,drawdown,0-10,304121,239038,21535,1084,260,launch_300,0.7859963632896118,0.09009027853312025,0.004534843832361382,0.012073368934293012,2.662356054719126,2.3593476846904213,3.0037436348265545,260,True,True,build,
h9_rs6_top_decile,12,drawdown,10-20,38904,33830,3103,119,25,launch_300,0.8695763931729386,0.09172332249482708,0.0035175879396984926,0.008056719303899453,2.290410202108559,1.5531073787543703,3.3735545699907137,25,False,False,build,
h9_rs6_top_decile,12,drawdown,20-30,28427,24312,2157,91,13,launch_300,0.8552432546522672,0.08872161895360316,0.0037430075682790393,0.00602688919796013,1.6101728591297435,0.9419064452620556,2.7476693958212577,13,False,False,build,
h9_rs6_top_decile,12,drawdown,>30,21977,20077,1915,554,103,launch_300,0.9135459798880647,0.09538277631120187,0.02759376400856702,0.05378590078328982,1.9492049278449632,1.6143462952672956,2.3488105281732548,103,True,False,build,
h9_rs6_top_decile,12,mst,0-12,297665,260388,23565,1660,364,launch_300,0.874768615725732,0.09049956219180608,0.006375101771202974,0.015446636961595586,2.422963195877079,2.188079948702257,2.6826230846961634,364,True,True,build,
h9_rs6_top_decile,12,mst,13-24,33927,29399,2735,72,15,launch_300,0.8665369764494355,0.09303037518282935,0.00244906289329569,0.005484460694698354,2.239411943936624,1.3582805832393925,3.6869642390893995,15,False,False,build,
h9_rs6_top_decile,12,mst,>24,61837,27470,2410,116,22,launch_300,0.44423241748467746,0.08773207135056425,0.004222788496541682,0.009128630705394191,2.16175418514809,1.4294256108539816,3.2640692054895593,22,False,False,build,
h9_rs12_top_decile,0,all,ALL,393429,389343,39007,2516,478,launch_300,0.9896143903982675,0.10018672481590782,0.0064621683194509725,0.012254210782680032,1.8963001545154974,1.7346252283360832,2.0728397800338323,478,True,False,build,
h9_rs12_top_decile,0,drawdown,0-10,304121,300669,30122,1571,337,launch_300,0.9886492547374236,0.10018325800132372,0.005225014883476514,0.011187836133058893,2.1412065577916515,1.9255117137478317,2.380759810379501,337,True,True,build,
h9_rs12_top_decile,0,drawdown,10-20,38904,38548,3861,161,57,launch_300,0.9908492699979436,0.10016083843519767,0.004176610978520286,0.014763014763014764,3.534687534687535,2.732503395976585,4.5678250793793875,57,False,False,build,
h9_rs12_top_decile,0,drawdown,20-30,28427,28261,2833,137,41,launch_300,0.9941604812326309,0.10024415271929514,0.004847669933831075,0.01447229085774797,2.9854117659183603,2.204380193603827,4.037694806319343,41,False,False,build,
h9_rs12_top_decile,0,drawdown,>30,21977,21865,2191,647,43,launch_300,0.9949037630249806,0.10020580836954036,0.02959067002058084,0.019625741670470105,0.6632408680445577,0.4934958942021002,0.889811955779519,43,False,False,build,
h9_rs12_top_decile,0,mst,0-12,297665,294396,29496,2167,396,launch_300,0.9890178556430888,0.10019157868992785,0.007360833706979714,0.013425549227013833,1.8239169313502375,1.653897881056052,2.0111518446161845,396,True,False,build,
h9_rs12_top_decile,0,mst,13-24,33927,33730,3381,125,47,launch_300,0.9941934152739705,0.10023717758671806,0.0037058997924696115,0.013901212658976633,3.7511032238982547,2.8252877267417276,4.974646061960662,47,False,False,build,
h9_rs12_top_decile,0,mst,>24,61837,61217,6130,224,35,launch_300,0.9899736403771205,0.10013558325301795,0.003659114298315827,0.005709624796084829,1.5603843800978794,1.122778665037458,2.167189883860232,35,False,False,build,
h9_rs12_top_decile,3,all,ALL,393429,358858,34670,2158,439,launch_300,0.9121289991332616,0.09661203038527774,0.0060135206683423524,0.012662244014998558,2.1056290837508587,1.9186945021362776,2.310520321937341,439,True,True,build,
h9_rs12_top_decile,3,drawdown,0-10,304121,275744,26738,1331,318,launch_300,0.9066917444043654,0.09696675176975746,0.004826940930718347,0.011893185728177127,2.4639178102407766,2.208879194805244,2.748008541126497,318,True,True,build,
h9_rs12_top_decile,3,drawdown,10-20,38904,36221,3486,149,45,launch_300,0.9310353691137158,0.09624251125037961,0.004113635736175147,0.012908777969018933,3.138045951784126,2.348684942145554,4.1880853080857525,45,False,False,build,
h9_rs12_top_decile,3,drawdown,20-30,28427,26656,2471,122,29,launch_300,0.9377000738734302,0.09269957983193278,0.004576830732292917,0.011736139214892756,2.56425022059165,1.7881073462363866,3.6715764730523857,29,False,False,build,
h9_rs12_top_decile,3,drawdown,>30,21977,20237,1975,556,47,launch_300,0.9208263184238067,0.09759351682561644,0.027474428027869743,0.02379746835443038,0.8661679264183589,0.6530829979557415,1.1465471461927215,47,False,False,build,
h9_rs12_top_decile,3,mst,0-12,297665,277066,26782,1873,374,launch_300,0.9307980447818857,0.09666288898673962,0.006760122136963756,0.013964603091628705,2.065732365288414,1.8679132632862425,2.2841736318069366,374,True,True,build,
h9_rs12_top_decile,3,mst,13-24,33927,31447,2987,103,37,launch_300,0.9269018775606449,0.09498521321588704,0.003275352179858174,0.012387010378305993,3.7818865569571707,2.7478522323002434,5.198349209584368,37,False,False,build,
h9_rs12_top_decile,3,mst,>24,61837,50345,4901,182,28,launch_300,0.8141565729255947,0.09734829675240839,0.0036150561128215314,0.005713119771475209,1.5803682137083483,1.094246409929094,2.2806632792814443,28,False,False,build,
h9_rs12_top_decile,6,all,ALL,393429,342121,32542,1994,447,launch_300,0.8695876511390873,0.09511839378465514,0.0058283472806404755,0.01373609489275398,2.356773581145378,2.1494360159916472,2.583806205579977,447,True,True,build,
h9_rs12_top_decile,6,drawdown,0-10,304121,261023,24875,1198,298,launch_300,0.8582866687930133,0.09529811549173828,0.004589633863682511,0.011979899497487437,2.610208102281021,2.331615413016991,2.9216372038964655,298,True,True,build,
h9_rs12_top_decile,6,drawdown,10-20,38904,35720,3353,143,39,launch_300,0.9181575159366646,0.09386898096304591,0.004003359462486002,0.011631374888159856,2.9054035734620283,2.1283023590489956,3.961706786127813,39,False,False,build,
h9_rs12_top_decile,6,drawdown,20-30,28427,25558,2386,102,19,launch_300,0.899074823231435,0.09335628765944128,0.0039909226074027705,0.00796311818943839,1.9953075949575134,1.2788700969595785,3.108097449975811,19,False,False,build,
h9_rs12_top_decile,6,drawdown,>30,21977,19820,1928,551,91,launch_300,0.9018519361150293,0.09727547931382442,0.027800201816347125,0.04719917012448133,1.6977995496682756,1.3884895847321967,2.0718854909758355,91,False,False,build,
h9_rs12_top_decile,6,mst,0-12,297665,269235,25674,1760,393,launch_300,0.9044899467522215,0.09535907292885397,0.006537040132226494,0.015307314793175975,2.341627783148144,2.122738418375429,2.58270181858108,393,True,True,build,
h9_rs12_top_decile,6,mst,13-24,33927,30829,2890,89,27,launch_300,0.9086862970495475,0.0937429044081871,0.002886892211878426,0.009342560553633217,3.236199992224252,2.226874450037545,4.696756888704489,27,False,False,build,
h9_rs12_top_decile,6,mst,>24,61837,42057,3978,145,27,launch_300,0.6801267849345861,0.09458591910977958,0.0034477019283353544,0.006787330316742082,1.9686534560773912,1.354214941648413,2.8591158991480796,27,False,False,build,
h9_rs12_top_decile,12,all,ALL,393429,314533,29466,1795,413,launch_300,0.7994657231673313,0.09368174404593477,0.005706873364639004,0.014016154211633748,2.456012831558662,2.231666133301567,2.7025605014987684,413,True,True,build,
h9_rs12_top_decile,12,drawdown,0-10,304121,236870,22217,1048,259,launch_300,0.778867621768967,0.09379406425465445,0.004424367796681724,0.011657739568798668,2.6348938660890653,2.3344147072844392,2.973535696508453,259,True,True,build,
h9_rs12_top_decile,12,drawdown,10-20,38904,33636,3080,117,34,launch_300,0.8645897594077729,0.0915685574979189,0.0034784159828754905,0.01103896103896104,3.1735597735597736,2.2741337810264732,4.423194424529301,34,False,False,build,
h9_rs12_top_decile,12,drawdown,20-30,28427,24186,2181,89,16,launch_300,0.8508108488408908,0.09017613495410567,0.0036798147688745556,0.007336084364970197,1.9936015331592043,1.2285108688878732,3.229486341689892,16,False,False,build,
h9_rs12_top_decile,12,drawdown,>30,21977,19841,1988,541,104,launch_300,0.9028074805478454,0.10019656267325236,0.02726677082808326,0.052313883299798795,1.918594747784303,1.5902501900035388,2.3102695749627746,104,True,False,build,
h9_rs12_top_decile,12,mst,0-12,297665,257873,24293,1609,369,launch_300,0.866319520266071,0.09420528709868811,0.006239505493014003,0.015189560778825176,2.434417406288368,2.199921777232466,2.693482639302204,369,True,True,build,
h9_rs12_top_decile,12,mst,13-24,33927,29311,2689,72,12,launch_300,0.8639431721048133,0.0917403022755962,0.0024564156801200913,0.004462625511342506,1.8167224494855583,1.0400037464494576,3.1690002912031896,12,False,False,build,
h9_rs12_top_decile,12,mst,>24,61837,27349,2484,114,32,launch_300,0.44227566020343806,0.09082598998135215,0.004168342535376065,0.01288244766505636,3.0905443964177755,2.192725273028957,4.349252700578752,32,False,False,build,
h10_sponsorship,0,all,ALL,393429,170201,8103,1181,122,launch_300,0.432609187426448,0.04760841593175128,0.006938854648327566,0.015056152042453412,2.169832458744804,1.8194867826263479,2.586411705549454,122,True,True,build,
h10_sponsorship,0,drawdown,0-10,304121,167888,8005,1138,118,launch_300,0.5520434300821054,0.04768059658820166,0.006778328409415801,0.014740787008119925,2.1746935406144448,1.8181382845208955,2.5999252203505367,118,True,True,build,
h10_sponsorship,0,drawdown,10-20,38904,2313,98,43,4,launch_300,0.05945404071560765,0.04236921746649373,0.018590575010808474,0.04081632653061224,2.1955386805885144,0.8598576998910932,5.394572879803157,4,False,False,build,
h10_sponsorship,0,drawdown,20-30,28427,0,0,0,0,launch_300,0.0,,,,,,,0,False,False,build,
h10_sponsorship,0,drawdown,>30,21977,0,0,0,0,launch_300,0.0,,,,,,,0,False,False,build,
h10_sponsorship,0,mst,0-12,297665,163092,7755,1151,119,launch_300,0.5479045235415652,0.04754984916488853,0.007057366394427685,0.015344938749194069,2.174315161149921,1.8192738923568212,2.5973580710987894,119,True,True,build,
h10_sponsorship,0,mst,13-24,33927,7109,348,30,3,launch_300,0.209538125976361,0.048952032634688426,0.004220002813335209,0.008620689655172414,2.0428160919540232,0.6957479343206707,5.932515015852513,3,False,False,build,
h10_sponsorship,0,mst,>24,61837,0,0,0,0,launch_300,0.0,,,,,,,0,False,False,build,
h10_sponsorship,3,all,ALL,393429,162716,8160,1152,124,launch_300,0.4135841536846547,0.05014872538656309,0.007079820054573613,0.015196078431372549,2.1463933142701523,1.8024154057566837,2.554814189726851,124,True,True,build,
h10_sponsorship,3,drawdown,0-10,304121,160411,8051,1110,121,launch_300,0.527457821064642,0.0501898248873207,0.006919724956517944,0.015029188920630978,2.171934435988591,1.819925575553496,2.5907924566236535,121,True,True,build,
h10_sponsorship,3,drawdown,10-20,38904,2305,109,42,3,launch_300,0.05924840633353897,0.0472885032537961,0.01822125813449024,0.027522935779816515,1.5104849279161205,0.516092561728121,4.2703453448543875,3,False,False,build,
h10_sponsorship,3,drawdown,20-30,28427,0,0,0,0,launch_300,0.0,,,,,,,0,False,False,build,
h10_sponsorship,3,drawdown,>30,21977,0,0,0,0,launch_300,0.0,,,,,,,0,False,False,build,
h10_sponsorship,3,mst,0-12,297665,155595,7819,1122,122,launch_300,0.5227184922647943,0.0502522574632861,0.007211028632025451,0.015603018288783733,2.1637715068122145,1.8144785448327665,2.579037412732403,122,True,True,build,
h10_sponsorship,3,mst,13-24,33927,7121,341,30,2,launch_300,0.2098918265688095,0.047886532790338436,0.004212891447830361,0.005865102639296188,1.392179863147605,0.3821363546027517,5.015419271380353,2,False,False,build,
h10_sponsorship,3,mst,>24,61837,0,0,0,0,launch_300,0.0,,,,,,,0,False,False,build,
h10_sponsorship,6,all,ALL,393429,154609,8018,1122,139,launch_300,0.3929781485350597,0.051859852919299655,0.007257016085738864,0.017335994013469695,2.388859802520977,2.025846006856428,2.815573525599492,139,True,True,build,
h10_sponsorship,6,drawdown,0-10,304121,152309,7913,1081,133,launch_300,0.5008171089796496,0.05195359433782639,0.007097413810083449,0.016807784658157462,2.368156219703335,2.0008494968659374,2.801531380377204,133,True,True,build,
h10_sponsorship,6,drawdown,10-20,38904,2300,105,41,6,launch_300,0.05911988484474604,0.04565217391304348,0.017826086956521738,0.05714285714285714,3.205574912891986,1.4837599719489796,6.681025897976834,6,False,False,build,
h10_sponsorship,6,drawdown,20-30,28427,0,0,0,0,launch_300,0.0,,,,,,,0,False,False,build,
h10_sponsorship,6,drawdown,>30,21977,0,0,0,0,launch_300,0.0,,,,,,,0,False,False,build,
h10_sponsorship,6,mst,0-12,297665,147538,7611,1092,134,launch_300,0.4956511514622142,0.05158670986457726,0.00740148300776749,0.017606096439364078,2.378725509588734,2.011160186346579,2.8120488005979825,134,True,True,build,
h10_sponsorship,6,mst,13-24,33927,7071,407,30,5,launch_300,0.20841807410027413,0.05755904398246359,0.004242681374628765,0.012285012285012284,2.8955773955773956,1.2394350078626473,6.701418544758191,5,False,False,build,
h10_sponsorship,6,mst,>24,61837,0,0,0,0,launch_300,0.0,,,,,,,0,False,False,build,
h10_sponsorship,12,all,ALL,393429,137584,7360,1010,120,launch_300,0.34970477519450777,0.053494592394464476,0.00734096988021863,0.016304347826086956,2.2210073181231165,1.859857704804484,2.6509018333011847,120,True,True,build,
h10_sponsorship,12,drawdown,0-10,304121,135315,7235,973,117,launch_300,0.44493803453230785,0.05346783431253002,0.007190629272438385,0.016171389080856944,2.248953251260182,1.8789937880497019,2.6903264527588573,117,True,True,build,
h10_sponsorship,12,drawdown,10-20,38904,2269,125,37,3,launch_300,0.0583230516142299,0.05509034817100044,0.01630674305861613,0.024,1.4717837837837837,0.5025685652472398,4.181644276654315,3,False,False,build,
h10_sponsorship,12,drawdown,20-30,28427,0,0,0,0,launch_300,0.0,,,,,,,0,False,False,build,
h10_sponsorship,12,drawdown,>30,21977,0,0,0,0,launch_300,0.0,,,,,,,0,False,False,build,
h10_sponsorship,12,mst,0-12,297665,130695,6977,987,114,launch_300,0.439067407992206,0.05338383258732163,0.007551933891885688,0.016339400888634083,2.163604862350589,1.8034729156744846,2.5942224964405205,114,True,True,build,
h10_sponsorship,12,mst,13-24,33927,6889,383,23,6,launch_300,0.20305361511480532,0.055595877485847,0.0033386558281318043,0.015665796344647518,4.692246566012033,2.1562688587381564,10.109379523962808,6,False,False,build,
h10_sponsorship,12,mst,>24,61837,0,0,0,0,launch_300,0.0,,,,,,,0,False,False,build,
inv_h15_near_high,0,all,ALL,393429,390561,187846,2536,2003,launch_300,0.9927102475923228,0.4809645612337125,0.00649322384979555,0.01066298989597862,1.642171923013922,1.5721654919548556,1.7152605698602945,2003,True,False,build,
inv_h15_near_high,0,drawdown,0-10,304121,301710,129861,1588,1160,launch_300,0.9920722344067,0.4304166252361539,0.005263332339001028,0.00893262796374585,1.6971430623058945,1.6026376789219636,1.7971681381505984,1160,True,False,build,
inv_h15_near_high,0,drawdown,10-20,38904,38645,22609,161,128,launch_300,0.9933425868805265,0.5850433432526847,0.004166127571484021,0.005661462249546641,1.3589267617001861,1.143489744548741,1.6146784341583715,128,True,False,build,
inv_h15_near_high,0,drawdown,20-30,28427,28292,15865,137,104,launch_300,0.9952509937735252,0.5607592252226777,0.004842358263820161,0.006555310431768043,1.3537433776319816,1.1179497735611996,1.6388728214830668,104,True,False,build,
inv_h15_near_high,0,drawdown,>30,21977,21914,19511,650,611,launch_300,0.9971333667015516,0.8903440722825591,0.02966140366888747,0.031315668084670185,1.0557716160114807,0.9764387797918784,1.1413253045748868,611,True,False,build,
inv_h15_near_high,0,mst,0-12,297665,295379,146752,2186,1759,launch_300,0.9923202257571431,0.4968261115380579,0.007400661522992494,0.011986208024422155,1.6196130558306459,1.546087402500304,1.6965908804943846,1759,True,False,build,
inv_h15_near_high,0,mst,13-24,33927,33786,13440,125,88,launch_300,0.9958440180387302,0.3977979044574676,0.0036997572959213874,0.006547619047619048,1.7697428571428573,1.437395582625279,2.178311162115867,88,False,False,build,
inv_h15_near_high,0,mst,>24,61837,61396,27654,225,156,launch_300,0.9928683474295324,0.4504202228158186,0.003664733858883315,0.0056411369060533735,1.5393032954846795,1.3164590536788021,1.7996196160186382,156,True,False,build,
inv_h15_near_high,3,all,ALL,393429,386687,185936,2464,1940,launch_300,0.9828634899816739,0.480843679772012,0.006372078709654061,0.010433697616384132,1.6374087784848745,1.5664979945036583,1.7114941266602293,1940,True,False,build,
inv_h15_near_high,3,drawdown,0-10,304121,298437,129546,1530,1122,launch_300,0.9813100706626638,0.4340815649534073,0.005126710159933252,0.008661016164142468,1.6893906411622128,1.5937707855288097,1.790694204780845,1122,True,False,build,
inv_h15_near_high,3,drawdown,10-20,38904,38310,21813,155,109,launch_300,0.9847316471314004,0.56938136256852,0.004045941007569825,0.004997020125613166,1.2350699420144542,1.0243511701109975,1.4888733645901129,109,True,False,build,
inv_h15_near_high,3,drawdown,20-30,28427,28170,15244,137,93,launch_300,0.990959299257748,0.5411430599929002,0.004863329783457579,0.006100760955129887,1.254441139459919,1.0246016989553306,1.5354514090654288,93,False,False,build,
inv_h15_near_high,3,drawdown,>30,21977,21770,19333,642,616,launch_300,0.9905810620193839,0.8880569591180524,0.02949012402388608,0.03186261832100554,1.0804504686110445,0.9996011875791673,1.1676069607993775,616,True,False,build,
inv_h15_near_high,3,mst,0-12,297665,292274,144729,2126,1709,launch_300,0.9818890363327902,0.4951826026263027,0.00727399631852303,0.011808276157508171,1.6233547063309235,1.5486075776167265,1.7016645118959632,1709,True,False,build,
inv_h15_near_high,3,mst,13-24,33927,33585,14518,120,72,launch_300,0.989919533115218,0.43227631383057913,0.003573023671281822,0.004959360793497727,1.3880011020801764,1.1027903372677412,1.7465127915098575,72,False,False,build,
inv_h15_near_high,3,mst,>24,61837,60828,26689,218,159,launch_300,0.9836829082911526,0.4387617544551851,0.0035838758466495693,0.005957510584885159,1.6623094213641947,1.4237931347627852,1.9405030638274303,159,True,False,build,
inv_h15_near_high,6,all,ALL,393429,382241,182478,2386,1803,launch_300,0.9715628486969695,0.47738991892549465,0.006242135197427801,0.009880643146023082,1.5828947681387295,1.5118276925201473,1.6572676333943994,1803,True,False,build,
inv_h15_near_high,6,drawdown,0-10,304121,294712,128182,1474,1077,launch_300,0.9690616563801908,0.4349398735036239,0.005001492982979994,0.008402115741679799,1.6799215294857104,1.5829179073736166,1.782816252579608,1077,True,False,build,
inv_h15_near_high,6,drawdown,10-20,38904,37945,19100,152,87,launch_300,0.9753495784495168,0.50336012649888,0.0040057978653314005,0.004554973821989529,1.137095274180215,0.9223024235432307,1.4016288280846876,87,False,False,build,
inv_h15_near_high,6,drawdown,20-30,28427,28029,17303,136,89,launch_300,0.9859992260878742,0.6173249134824645,0.004852117449784152,0.005143616713864648,1.0600767123008252,0.8619051030366262,1.303523090359861,89,False,False,build,
inv_h15_near_high,6,drawdown,>30,21977,21555,17893,624,550,launch_300,0.9807981071119807,0.8301090234284388,0.02894919972164231,0.030738277538702286,1.0618005967094997,0.9778565162089939,1.1527033811800262,550,True,False,build,
inv_h15_near_high,6,mst,0-12,297665,288716,143030,2056,1588,launch_300,0.9699360018813096,0.49540032419401764,0.0071211848321533966,0.011102565895266727,1.5590896960203444,1.4846570508210002,1.6372100182800098,1588,True,False,build,
inv_h15_near_high,6,mst,13-24,33927,33383,15358,116,73,launch_300,0.983965573142335,0.4600545187670371,0.0034748225144534644,0.004753223075921344,1.367903844340364,1.0885151693933632,1.7185732161608518,73,False,False,build,
inv_h15_near_high,6,mst,>24,61837,60142,24090,214,142,launch_300,0.9725892265148698,0.4005520268697416,0.0035582454856838814,0.005894562058945621,1.656592296023867,1.4061867170997093,1.9512774926680918,142,True,False,build,
inv_h15_near_high,12,all,ALL,393429,373183,175351,2220,1575,launch_300,0.9485396348515234,0.46987938893250764,0.005948824035392823,0.008981984704963189,1.5098756748433684,1.4374308975202512,1.585936837733118,1575,True,False,build,
inv_h15_near_high,12,drawdown,0-10,304121,287248,120778,1353,916,launch_300,0.9445187935065319,0.42046593884030525,0.004710215562858575,0.007584162678633526,1.6101519298685316,1.50954961281006,1.7174041569230023,916,True,False,build,
inv_h15_near_high,12,drawdown,10-20,38904,37282,18202,147,105,launch_300,0.9583076290355748,0.4882248806394507,0.003942921517085993,0.005768596857488188,1.4630260410943852,1.209224034491345,1.7697246323655285,105,True,False,build,
inv_h15_near_high,12,drawdown,20-30,28427,27660,22043,134,113,launch_300,0.973018609068843,0.7969269703543023,0.004844540853217643,0.005126343964070227,1.0581692092998691,0.8805703622234691,1.2713657219102588,113,True,False,build,
inv_h15_near_high,12,drawdown,>30,21977,20993,14328,586,441,launch_300,0.9552259180051872,0.6825132186919449,0.027914066593626448,0.03077889447236181,1.1026302588025452,1.005735090888807,1.208536543484932,441,True,False,build,
inv_h15_near_high,12,mst,0-12,297665,281249,132194,1903,1356,launch_300,0.9448507550434213,0.4700247823103371,0.006766246279986773,0.010257651633205743,1.5160032917432906,1.437805318861374,1.598407772232163,1356,True,False,build,
inv_h15_near_high,12,mst,13-24,33927,33131,19416,111,86,launch_300,0.9765378607009166,0.5860372460837282,0.0033503365428148866,0.0044293366295838485,1.322057224096779,1.071017890164483,1.6316156608857457,86,False,False,build,
inv_h15_near_high,12,mst,>24,61837,58803,23741,206,133,launch_300,0.9509355240390057,0.4037379045286805,0.0035032226246960187,0.005602122909734215,1.5991341430150539,1.350016310968536,1.893915114897187,133,True,False,build,
inv_h21_no_dilution,0,all,ALL,393429,371223,162236,2250,1522,launch_300,0.9435577956886757,0.4370311106801033,0.006061046864014353,0.009381395004807811,1.547817599053231,1.4723162452779543,1.6271521842776393,1522,True,False,build,
inv_h21_no_dilution,0,drawdown,0-10,304121,286373,125753,1395,1010,launch_300,0.9416416492119912,0.4391231016890559,0.004871269288655006,0.008031617535963357,1.6487730527788058,1.5505388301357097,1.753177338696462,1010,True,False,build,
inv_h21_no_dilution,0,drawdown,10-20,38904,36871,16860,149,124,launch_300,0.9477431626567963,0.4572699411461582,0.004041116324482656,0.007354685646500593,1.8199638555176063,1.5274123743028944,2.1680549278954975,124,True,False,build,
inv_h21_no_dilution,0,drawdown,20-30,28427,27423,11954,131,100,launch_300,0.9646814648045872,0.4359114611822193,0.004777011997228604,0.008365400702693659,1.7511784997707496,1.4409137438504114,2.127567314076269,100,True,False,build,
inv_h21_no_dilution,0,drawdown,>30,21977,20556,7669,575,288,launch_300,0.9353414933794422,0.37307841992605567,0.027972368165012647,0.03755378797757204,1.3425315924642973,1.198509183256004,1.5031079635482414,288,True,False,build,
inv_h21_no_dilution,0,mst,0-12,297665,279763,116089,1937,1285,launch_300,0.9398585658374347,0.414954801028013,0.006923717575233322,0.011069093540300976,1.5987211234461653,1.5141013336745115,1.6880142694849194,1285,True,False,build,
inv_h21_no_dilution,0,mst,13-24,33927,33043,15114,111,95,launch_300,0.9739440563562944,0.4574039887419423,0.003359259147171867,0.0062855630541220064,1.8711158558320131,1.5315794859035046,2.2853433018400233,95,False,False,build,
inv_h21_no_dilution,0,mst,>24,61837,58417,31033,202,142,launch_300,0.9446933065963743,0.531232346748378,0.003457897529828646,0.004575774175877292,1.3232821783773454,1.123155448378356,1.558875037164069,142,True,False,build,
inv_h21_no_dilution,3,all,ALL,393429,366246,161064,2172,1504,launch_300,0.9309074826715875,0.43976999066201405,0.005930440195933881,0.009337902945413003,1.5745716400302627,1.4973168494008344,1.6557729381001165,1504,True,False,build,
inv_h21_no_dilution,3,drawdown,0-10,304121,282559,124895,1344,994,launch_300,0.929100588252702,0.44201388028694893,0.004756528724974253,0.007958685295648344,1.6732129155156998,1.5727446124965414,1.7800444719757897,994,True,False,build,
inv_h21_no_dilution,3,drawdown,10-20,38904,36476,17064,146,126,launch_300,0.9375899650421551,0.4678144533391819,0.004002631867529334,0.007383966244725738,1.8447777585110687,1.5504000064398349,2.1945556016893275,126,True,False,build,
inv_h21_no_dilution,3,drawdown,20-30,28427,27083,11437,126,98,launch_300,0.9527210046786506,0.4222944282391168,0.004652364952184027,0.008568680598058931,1.8417902907716668,1.512506493266627,2.2420085492316226,98,False,False,build,
inv_h21_no_dilution,3,drawdown,>30,21977,20128,7668,556,286,launch_300,0.9158665877963326,0.3809618441971383,0.027623211446740858,0.03729786124152321,1.3502362429305381,1.204893307456479,1.5123538452765772,286,True,False,build,
inv_h21_no_dilution,3,mst,0-12,297665,275701,115221,1870,1265,launch_300,0.9262123528127257,0.4179201381206452,0.006782710254950109,0.01097890141554057,1.6186599460780486,1.5323248504725697,1.709802376794358,1265,True,False,build,
inv_h21_no_dilution,3,mst,13-24,33927,32791,14447,110,95,launch_300,0.9665163439148761,0.4405782074349669,0.0033545790003354577,0.006575759673288572,1.9602339586073234,1.604564293556351,2.3941051996309106,95,False,False,build,
inv_h21_no_dilution,3,mst,>24,61837,57754,31396,192,144,launch_300,0.9339715704190048,0.5436160265955605,0.0033244450600824187,0.004586571537775513,1.3796502739202445,1.172335892948306,1.6234272305531718,144,True,False,build,
inv_h21_no_dilution,6,all,ALL,393429,361409,160037,2102,1444,launch_300,0.9186130153089884,0.4428140970479429,0.005816125221009992,0.009022913451264394,1.5513616210789787,1.4737087357418,1.633067004653204,1444,True,False,build,
inv_h21_no_dilution,6,drawdown,0-10,304121,278945,124280,1301,954,launch_300,0.9172171602750221,0.4455358583233254,0.004664001864166771,0.007676214998390731,1.6458430382214468,1.545018883735128,1.7531925398205221,954,True,False,build,
inv_h21_no_dilution,6,drawdown,10-20,38904,36037,17028,141,122,launch_300,0.9263057783261361,0.4725143602408636,0.0039126453367372424,0.00716466995536763,1.8311575261105195,1.5345925723884348,2.184541786441354,122,True,False,build,
inv_h21_no_dilution,6,drawdown,20-30,28427,26679,10920,121,93,launch_300,0.9385091638231259,0.4093106938041156,0.004535402376400915,0.008516483516483516,1.8777790391426752,1.5340383851158061,2.2977353031392163,93,False,False,build,
inv_h21_no_dilution,6,drawdown,>30,21977,19748,7809,539,275,launch_300,0.8985757837739455,0.3954324488555803,0.027293903180068867,0.03521577666794724,1.2902433351365903,1.148634063702235,1.448598291061177,275,True,False,build,
inv_h21_no_dilution,6,mst,0-12,297665,271825,114731,1808,1210,launch_300,0.9131910033090891,0.4220767037616113,0.006651338177136025,0.01054640855566499,1.5856070274577632,1.4991694852994017,1.6769721458828704,1210,True,False,build,
inv_h21_no_dilution,6,mst,13-24,33927,32408,13828,108,92,launch_300,0.955227400005895,0.4266847691927919,0.0033325104912367317,0.006653167486259763,1.9964430730991334,1.628945912414775,2.4461696110020905,92,False,False,build,
inv_h21_no_dilution,6,mst,>24,61837,57176,31478,186,142,launch_300,0.9246244158028365,0.5505456835035679,0.0032531131943472785,0.0045110871084567,1.3866984758769907,1.1769756665347,1.6335919923421554,142,True,False,build,
inv_h21_no_dilution,12,all,ALL,393429,352344,157913,1958,1303,launch_300,0.8955720091808179,0.448178484662716,0.005557069227800105,0.00825137892383781,1.4848436443006687,1.406679125599278,1.5673133803269867,1303,True,False,build,
inv_h21_no_dilution,12,drawdown,0-10,304121,272285,123148,1210,842,launch_300,0.8953179819874326,0.45227610775474225,0.004443873147621059,0.00683730145840777,1.5385906013244295,1.4384280995862861,1.6456764140720568,842,True,False,build,
inv_h21_no_dilution,12,drawdown,10-20,38904,35216,16164,135,112,launch_300,0.9052025498663376,0.4589959109495684,0.0038334847796456157,0.006928977975748577,1.8074880621774954,1.5031074640560957,2.1729895797874,112,True,False,build,
inv_h21_no_dilution,12,drawdown,20-30,28427,25660,10401,107,79,launch_300,0.9026629612692159,0.4053390491036633,0.004169914263445051,0.007595423516969522,1.8214819387424106,1.4626517409370192,2.267505950067931,79,False,False,build,
inv_h21_no_dilution,12,drawdown,>30,21977,19183,8200,506,270,launch_300,0.8728670883196069,0.4274618151488297,0.02637752176406193,0.032926829268292684,1.248291236864938,1.1099584937252087,1.4032068561530942,270,True,False,build,
inv_h21_no_dilution,12,mst,0-12,297665,264626,114821,1677,1085,launch_300,0.8890060974585524,0.4338991633475169,0.006337245773280025,0.009449490946778029,1.4911037515098884,1.4053531258752046,1.5820337062803032,1085,True,False,build,
inv_h21_no_dilution,12,mst,13-24,33927,31442,12418,103,86,launch_300,0.9267545023137914,0.39494943069779276,0.003275873036066408,0.006925430826220004,2.1140718061942656,1.7130055300035816,2.6082329513831533,86,False,False,build,
inv_h21_no_dilution,12,mst,>24,61837,56276,30674,178,132,launch_300,0.9100700228018823,0.5450636150401592,0.0031629824436704814,0.004303318771598096,1.3605256583733394,1.1477381329636194,1.6125614625704356,132,True,False,build,
inv_h8_fcf_divergence,0,all,ALL,393429,385058,339240,2454,2305,launch_300,0.9787229716162256,0.8810101335383241,0.006373065875790141,0.0067945996934323785,1.0661430190520313,1.023634921622598,1.1104037601480414,2305,True,False,build,
inv_h8_fcf_divergence,0,drawdown,0-10,304121,297159,260426,1523,1412,launch_300,0.9771077959101805,0.8763860424890378,0.0051252023327578835,0.005421885679617242,1.0578871481742482,1.0042638194382836,1.1143572923806635,1412,True,False,build,
inv_h8_fcf_divergence,0,drawdown,10-20,38904,38142,33733,157,148,launch_300,0.9804133251079581,0.8844056420743537,0.00411619736773111,0.004387395132362968,1.0658855104368685,0.9077120168543609,1.2514790334712353,148,True,False,build,
inv_h8_fcf_divergence,0,drawdown,20-30,28427,28084,25316,137,126,launch_300,0.987934006402364,0.9014385415183023,0.004878222475430851,0.004977089587612577,1.0202670363395008,0.8573081043195466,1.2140173303176194,126,True,False,build,
inv_h8_fcf_divergence,0,drawdown,>30,21977,21673,19765,637,619,launch_300,0.9861673567820903,0.9119641950814378,0.029391408665159414,0.031317986339489,1.0655490077484224,0.9859810878665136,1.1513142323654497,619,True,False,build,
inv_h8_fcf_divergence,0,mst,0-12,297665,291090,255708,2115,1991,launch_300,0.9779114104782222,0.8784499639286818,0.007265794084303823,0.007786224912791152,1.0716275223945042,1.0257468204547098,1.1195436067721352,1991,True,False,build,
inv_h8_fcf_divergence,0,mst,13-24,33927,33453,30520,120,117,launch_300,0.9860288265982845,0.9123247541326638,0.003587122231190028,0.003833551769331586,1.068698394495413,0.8920604824783448,1.2801514518862025,117,True,False,build,
inv_h8_fcf_divergence,0,mst,>24,61837,60515,53012,219,197,launch_300,0.9786212138363762,0.8760142113525572,0.00361893745352392,0.00371613974194522,1.0268593446749543,0.8933309874115527,1.1802609841653946,197,True,False,build,
inv_h8_fcf_divergence,3,all,ALL,393429,379889,334489,2366,2213,launch_300,0.9655846417015522,0.8804914067003783,0.0062281350605045156,0.006616062112655424,1.062286229887809,1.0190748053432075,1.1073172142680179,2213,True,False,build,
inv_h8_fcf_divergence,3,drawdown,0-10,304121,292910,256136,1468,1383,launch_300,0.963136383215891,0.874452903622273,0.005011778361954184,0.00539947527875816,1.0773571552459484,1.0221916358014635,1.1354828113687807,1383,True,False,build,
inv_h8_fcf_divergence,3,drawdown,10-20,38904,37690,33611,152,136,launch_300,0.9687949825210775,0.8917750066330592,0.004032899973467763,0.004046294367915266,1.003321281096884,0.8485164737538072,1.1862333675502972,136,True,False,build,
inv_h8_fcf_divergence,3,drawdown,20-30,28427,27907,25329,136,129,launch_300,0.981707531572097,0.907621743648547,0.004873329272225607,0.0050929764301788465,1.0450712738014785,0.8799434035375384,1.2409983940370988,129,True,False,build,
inv_h8_fcf_divergence,3,drawdown,>30,21977,21382,19413,610,565,launch_300,0.9729262410702098,0.9079131980170236,0.028528668973903284,0.029104208520063873,1.0201740763541076,0.9404969234681785,1.1063823979028797,565,True,False,build,
inv_h8_fcf_divergence,3,mst,0-12,297665,286984,251508,2039,1906,launch_300,0.9641173802764853,0.8763833523820144,0.0071049257101441195,0.0075782877681823246,1.0666244908602434,1.0199686016599838,1.1153974996969027,1906,True,False,build,
inv_h8_fcf_divergence,3,mst,13-24,33927,33240,30150,116,113,launch_300,0.9797506410823238,0.9070397111913358,0.0034897713598074608,0.003747927031509121,1.0739749528220965,0.893629026233254,1.2905525948919843,113,True,False,build,
inv_h8_fcf_divergence,3,mst,>24,61837,59665,52831,211,194,launch_300,0.9648753982243641,0.8854604877231208,0.0035364116316098215,0.0036720864643864396,1.038365113258848,0.9023708047531764,1.1947679490446221,194,True,False,build,
inv_h8_fcf_divergence,6,all,ALL,393429,374772,329754,2263,2097,launch_300,0.9525784830299749,0.8798789664115783,0.006038337976156169,0.006359286013209848,1.053151717959647,1.009162362209231,1.0990457650498116,2097,True,False,build,
inv_h8_fcf_divergence,6,drawdown,0-10,304121,288867,253064,1393,1304,launch_300,0.9498423324926591,0.8760571474069382,0.004822288458010087,0.005152846710713495,1.0685480048698315,1.0122380612992823,1.1279733003723305,1304,True,False,build,
inv_h8_fcf_divergence,6,drawdown,10-20,38904,37190,33313,148,133,launch_300,0.9559428336417849,0.8957515461145469,0.003979564399031998,0.003992435385585207,1.0032342702021204,0.8468498057200425,1.1883606116033874,133,True,False,build,
inv_h8_fcf_divergence,6,drawdown,20-30,28427,27710,24736,135,127,launch_300,0.9747775002638337,0.8926741248646698,0.004871887405268856,0.005134217335058215,1.0538456470700972,0.8861404485990276,1.253095041016545,127,True,False,build,
inv_h8_fcf_divergence,6,drawdown,>30,21977,21005,18641,587,533,launch_300,0.9557719433953679,0.8874553677695787,0.027945727207807664,0.02859288664771203,1.023157724080394,0.9409608912599976,1.1123055715845818,533,True,False,build,
inv_h8_fcf_divergence,6,mst,0-12,297665,282816,247439,1949,1803,launch_300,0.950115062234391,0.8749116033039149,0.006891406426793392,0.007286644385080768,1.0573522926685492,1.009822472515186,1.1071020350579348,1803,True,False,build,
inv_h8_fcf_divergence,6,mst,13-24,33927,33060,29849,111,104,launch_300,0.9744451321955965,0.9028735632183909,0.0033575317604355717,0.0034842038259238167,1.037727734099472,0.8567690350281449,1.256745089398617,104,True,False,build,
inv_h8_fcf_divergence,6,mst,>24,61837,58896,52466,203,190,launch_300,0.9524394779824377,0.8908245042108123,0.0034467535995653356,0.003621392902069912,1.0506677653217218,0.9117200837054307,1.210702663142355,190,True,False,build,
inv_h8_fcf_divergence,12,all,ALL,393429,365015,321728,2109,1966,launch_300,0.9277785826667582,0.8814103529991918,0.005777844746106324,0.006110751939526557,1.0576178848773286,1.0120202947127481,1.1052567233775201,1966,True,False,build,
inv_h8_fcf_divergence,12,drawdown,0-10,304121,281218,247599,1289,1226,launch_300,0.9246911591110117,0.8804521758920126,0.004583632626645521,0.0049515547316426965,1.0802686722444497,1.0216021377984692,1.1422864692845622,1226,True,False,build,
inv_h8_fcf_divergence,12,drawdown,10-20,38904,36432,31753,143,134,launch_300,0.9364589759407773,0.8715689503732982,0.00392512077294686,0.004220073693824206,1.0751449287650592,0.9081396837942488,1.2727081646936718,134,True,False,build,
inv_h8_fcf_divergence,12,drawdown,20-30,28427,27038,24604,125,122,launch_300,0.951138002603159,0.909978548709224,0.004623123012057105,0.004958543326288409,1.0725527556494878,0.8987002849286256,1.2798369513193597,122,True,False,build,
inv_h8_fcf_divergence,12,drawdown,>30,21977,20327,17772,552,484,launch_300,0.9249215088501616,0.8743051114281497,0.027155999409652187,0.02723385100157551,1.0028668284583793,0.9184386268816571,1.0948195118762218,484,True,False,build,
inv_h8_fcf_divergence,12,mst,0-12,297665,274859,240884,1811,1682,launch_300,0.9233836695614197,0.8763911678351446,0.006588832819736665,0.00698261403829229,1.0597649430982774,1.0104756898018021,1.1114407162448054,1682,True,False,build,
inv_h8_fcf_divergence,12,mst,13-24,33927,32675,29088,107,97,launch_300,0.963097238187874,0.8902218821729151,0.003274674827850038,0.003334708470847085,1.0183327035974628,0.8350700744824706,1.241649766991579,97,False,False,build,
inv_h8_fcf_divergence,12,mst,>24,61837,57481,51756,191,187,launch_300,0.9295567378753821,0.9004018719228962,0.00332283711139333,0.00361310765901538,1.0873562374233667,0.9424889790160382,1.2543975191442998,187,True,False,build,
inv_ctl_divyield_gt_2,0,all,ALL,393429,393361,294244,2601,2291,launch_300,0.9998271606821053,0.7480253507592263,0.006612246765693599,0.007786055110724433,1.1775203477161376,1.1304533129234144,1.2265310311524347,2291,True,False,build,
inv_ctl_divyield_gt_2,0,drawdown,0-10,304121,304063,228455,1642,1545,launch_300,0.9998092864353333,0.7513410049890976,0.005400196669769094,0.006762819811341402,1.2523284289256398,1.191611680725921,1.3161167756054448,1545,True,False,build,
inv_ctl_divyield_gt_2,0,drawdown,10-20,38904,38896,29519,168,165,launch_300,0.9997943656179313,0.7589212258329905,0.0043192102015631425,0.005589620244588232,1.2941301728184755,1.1115651747054804,1.5064838516673589,165,True,False,build,
inv_ctl_divyield_gt_2,0,drawdown,20-30,28427,28425,21588,137,130,launch_300,0.9999296443522003,0.7594722955145119,0.0048197009674582235,0.006021863998517695,1.2494268916632518,1.0527762955471733,1.4825465113081868,130,True,False,build,
inv_ctl_divyield_gt_2,0,drawdown,>30,21977,21977,14682,654,451,launch_300,1.0,0.6680620648860172,0.029758383764845065,0.030717885846614904,1.0322430844817365,0.942497418083768,1.1302387140756567,451,True,False,build,
inv_ctl_divyield_gt_2,0,mst,0-12,297665,297620,218584,2240,1945,launch_300,0.999848823341676,0.7344398897923526,0.0075263759155970705,0.008898181019653771,1.1822663549416765,1.1310936074410773,1.2357325341884688,1945,True,False,build,
inv_ctl_divyield_gt_2,0,mst,13-24,33927,33917,26301,125,124,launch_300,0.9997052495062929,0.7754518383111714,0.003685467464693222,0.004714649633093798,1.2792541728451388,1.0734103581441374,1.5243492289581775,124,True,False,build,
inv_ctl_divyield_gt_2,0,mst,>24,61837,61824,49359,236,222,launch_300,0.9997897698788751,0.7983792701863354,0.003817287784679089,0.004497660001215584,1.1782344572675942,1.0333714717714357,1.3433004882133326,222,True,False,build,
inv_ctl_divyield_gt_2,3,all,ALL,393429,393196,295226,2595,2306,launch_300,0.9994077711607431,0.7508367328253593,0.006599761950782815,0.0078109651588952195,1.1835222568851502,1.1363668764431327,1.232618387324602,2306,True,False,build,
inv_ctl_divyield_gt_2,3,drawdown,0-10,304121,303927,229057,1636,1541,launch_300,0.999362096007839,0.7536579507579123,0.005382871544811748,0.0067275830906717545,1.2498130476764024,1.1891406047943394,1.3135590962217154,1541,True,False,build,
inv_ctl_divyield_gt_2,3,drawdown,10-20,38904,38890,29864,168,166,launch_300,0.9996401398313798,0.7679094883003342,0.004319876574955001,0.005558532011786767,1.286733987728496,1.1057164625975522,1.4971934170950452,166,True,False,build,
inv_ctl_divyield_gt_2,3,drawdown,20-30,28427,28407,21290,137,128,launch_300,0.9992964435220038,0.749463160488612,0.00482275495476467,0.0060122123062470645,1.2466344159383969,1.0490264258386657,1.4811991060704337,128,True,False,build,
inv_ctl_divyield_gt_2,3,drawdown,>30,21977,21972,15015,654,471,launch_300,0.999772489420758,0.6833697433096668,0.029765155652648825,0.03136863136863137,1.0538708997424595,0.9641525390457575,1.1516432849916407,471,True,False,build,
inv_ctl_divyield_gt_2,3,mst,0-12,297665,297486,219560,2235,1957,launch_300,0.9993986528480002,0.7380515385597978,0.007512958593009419,0.008913281107669885,1.1863876257701493,1.1351910919266472,1.2398714039340366,1957,True,False,build,
inv_ctl_divyield_gt_2,3,mst,13-24,33927,33911,26092,125,125,launch_300,0.9995283992100686,0.7694258500191679,0.003686119548229188,0.00479074045684501,1.299670397056569,1.0913129297351747,1.5475803899340488,125,True,False,build,
inv_ctl_divyield_gt_2,3,mst,>24,61837,61799,49574,235,224,launch_300,0.9993854811844042,0.8021812650690141,0.003802650528325701,0.0045184975995481505,1.1882495027850049,1.0427676200024343,1.3539233978317347,224,True,False,build,
inv_ctl_divyield_gt_2,6,all,ALL,393429,392948,296436,2587,2341,launch_300,0.9987774160013624,0.754389893828191,0.006583568309292832,0.007897151493071018,1.1995245013139817,1.152084915185294,1.248901330642584,2341,True,False,build,
inv_ctl_divyield_gt_2,6,drawdown,0-10,304121,303735,229923,1629,1537,launch_300,0.998730768345494,0.756985530149637,0.005363227813719196,0.0066848466660577675,1.2464222849079534,1.1858365021821606,1.3100815782837971,1537,True,False,build,
inv_ctl_divyield_gt_2,6,drawdown,10-20,38904,38852,30287,167,164,launch_300,0.9986633765165536,0.7795480284155256,0.00429836301863482,0.005414864463301086,1.2597503840010404,1.0815229832188256,1.4671623222884482,164,True,False,build,
inv_ctl_divyield_gt_2,6,drawdown,20-30,28427,28392,20523,137,128,launch_300,0.9987687761635066,0.7228444632290786,0.004825302902225979,0.006236904935925547,1.292541641903636,1.0876745524585552,1.535708672125122,128,True,False,build,
inv_ctl_divyield_gt_2,6,drawdown,>30,21977,21969,15703,654,512,launch_300,0.9996359830732129,0.7147799171559925,0.02976922026491875,0.032605234668534676,1.0952666673288047,1.0057275946472966,1.1924856071896126,512,True,False,build,
inv_ctl_divyield_gt_2,6,mst,0-12,297665,297298,220669,2227,1991,launch_300,0.9987670703643358,0.7422485183216839,0.007490800476289783,0.009022563205525018,1.2044858535591274,1.15294703509959,1.2583066455474583,1991,True,False,build,
inv_ctl_divyield_gt_2,6,mst,13-24,33927,33891,25813,125,124,launch_300,0.9989388982226545,0.7616476350653566,0.003688294827535334,0.004803781040560957,1.3024395459652112,1.0928721729226365,1.551962253175544,124,True,False,build,
inv_ctl_divyield_gt_2,6,mst,>24,61837,61759,49954,235,226,launch_300,0.9987386192732507,0.808853770300685,0.003805113424764002,0.004524162229250911,1.1889690856013064,1.044003227552453,1.3539601681137634,226,True,False,build,
inv_ctl_divyield_gt_2,12,all,ALL,393429,388321,295052,2496,2290,launch_300,0.987016717120497,0.7598146893935688,0.006427671951813062,0.007761343763133278,1.2074890911232683,1.1592132773454216,1.2577589913412581,2290,True,False,build,
inv_ctl_divyield_gt_2,12,drawdown,0-10,304121,299826,228616,1558,1468,launch_300,0.9858773317199404,0.7624955807701801,0.00519634721471787,0.00642124785666795,1.2357234017158696,1.1742900380625376,1.3003488217857861,1468,True,False,build,
inv_ctl_divyield_gt_2,12,drawdown,10-20,38904,38427,29557,159,154,launch_300,0.9877390499691548,0.7691727170999557,0.004137715668670466,0.005210271678451805,1.2592145269677202,1.0757996576335673,1.4737085671312675,154,True,False,build,
inv_ctl_divyield_gt_2,12,drawdown,20-30,28427,28240,20071,137,127,launch_300,0.9934217469307348,0.710729461756374,0.004851274787535411,0.006327537242788102,1.3043040272725255,1.0968374036590796,1.5507161333593793,127,True,False,build,
inv_ctl_divyield_gt_2,12,drawdown,>30,21977,21828,16808,642,541,launch_300,0.9932201847385903,0.7700201575957486,0.029411764705882353,0.03218705378391242,1.0943598286530223,1.0072113340689366,1.188777112066501,541,True,False,build,
inv_ctl_divyield_gt_2,12,mst,0-12,297665,293612,221402,2152,1960,launch_300,0.9863840223069558,0.7540631854283885,0.007329400705693228,0.008852675224252716,1.2078307053639816,1.1557463746515189,1.2622403437609537,1960,True,False,build,
inv_ctl_divyield_gt_2,12,mst,13-24,33927,33675,23947,123,117,launch_300,0.9925722875585816,0.7111210096510765,0.0036525612472160358,0.00488578945170585,1.3376338193999553,1.1166340803173713,1.6021159370687206,117,True,False,build,
inv_ctl_divyield_gt_2,12,mst,>24,61837,61034,49703,221,213,launch_300,0.9870142471335932,0.8143493790346364,0.0036209325949470785,0.004285455606301431,1.1835226130090566,1.0351566870893087,1.3530488105494312,213,True,False,build,
h9_rs6_top_decile,0,all,ALL,393429,393051,39379,7394,1219,launch_200,0.9990392167328793,0.10018801631340463,0.01881180813685756,0.03095558546433378,1.6455401436762045,1.5570100540896488,1.7389343340521088,1219,True,False,build,
h9_rs6_top_decile,0,drawdown,0-10,304121,303819,30441,4559,906,launch_200,0.99900697419777,0.10019452371313183,0.015005644808257548,0.029762491376761603,1.983419690194414,1.860105551841594,2.1146419817331354,906,True,False,build,
h9_rs6_top_decile,0,drawdown,10-20,38904,38871,3895,543,102,launch_200,0.9991517581739667,0.10020323634586195,0.013969283013043142,0.02618741976893453,1.8746430825750537,1.5476779808524184,2.2684461280392205,102,True,False,build,
h9_rs6_top_decile,0,drawdown,20-30,28427,28392,2843,491,99,launch_200,0.9987687761635066,0.1001338405184559,0.01729360383206537,0.03482237073513894,2.01359826866001,1.658791031996096,2.4409987515970237,99,False,False,build,
h9_rs6_top_decile,0,drawdown,>30,21977,21969,2200,1801,112,launch_200,0.9996359830732129,0.10014110792480313,0.08197915244207747,0.05090909090909091,0.6210004542930695,0.5181973454554862,0.7429010700284507,112,True,False,build,
h9_rs6_top_decile,0,mst,0-12,297665,297362,29793,6265,1008,launch_200,0.9989820771672854,0.10019101297408546,0.021068596525447097,0.033833450810593094,1.6058711252896383,1.5112443307617096,1.706202996085801,1008,True,False,build,
h9_rs6_top_decile,0,mst,13-24,33927,33898,3395,393,85,launch_200,0.9991452235682495,0.10015340138061242,0.011593604342439083,0.025036818851251842,2.1595371130273153,1.750428105831694,2.6612516130086044,85,False,False,build,
h9_rs6_top_decile,0,mst,>24,61837,61791,6191,736,126,launch_200,0.9992561088021734,0.10019258468061693,0.011911119742357302,0.020352124051041837,1.7086658929863126,1.4373799678434824,2.029893817326058,126,True,False,build,
h9_rs6_top_decile,3,all,ALL,393429,362119,34290,6544,1125,launch_200,0.9204176611281832,0.09469262866626717,0.018071407465501673,0.03280839895013123,1.8154866472222755,1.7140153344304194,1.9227497538870972,1125,True,False,build,
h9_rs6_top_decile,3,drawdown,0-10,304121,278398,26429,4003,826,launch_200,0.9154185340703207,0.09493243485944583,0.01437869524924748,0.03125354723977449,2.173601060319445,2.0323766267917365,2.32430096575847,826,True,True,build,
h9_rs6_top_decile,3,drawdown,10-20,38904,36564,3451,494,106,launch_200,0.9398519432449105,0.09438245268570178,0.01351055683185647,0.030715734569689946,2.273461778959804,1.8844757272323223,2.7396911283518324,106,True,True,build,
h9_rs6_top_decile,3,drawdown,20-30,28427,26790,2467,443,86,launch_200,0.9424139022760052,0.09208659947741694,0.016536020903322134,0.03486015403323875,2.1081343714457477,1.7123104307042232,2.5914232188039015,86,False,False,build,
h9_rs6_top_decile,3,drawdown,>30,21977,20367,1943,1604,107,launch_200,0.926741593484097,0.09539942063141356,0.07875484852948397,0.055069480185280496,0.6992519344972618,0.5812523514621694,0.8395466724733552,107,True,False,build,
h9_rs6_top_decile,3,mst,0-12,297665,279698,26533,5589,947,launch_200,0.939640199553189,0.09486303084040644,0.019982266587533697,0.035691403158331136,1.7861538880978534,1.677762934303481,1.9012721130139114,947,True,False,build,
h9_rs6_top_decile,3,mst,13-24,33927,31662,2961,351,80,launch_200,0.9332390131753471,0.09351904491188175,0.011085844229675953,0.02701789935832489,2.4371530754509476,1.963089383065109,3.0217774331454064,80,False,False,build,
h9_rs6_top_decile,3,mst,>24,61837,50759,4796,604,98,launch_200,0.8208515937060336,0.09448570696822238,0.011899367599834513,0.02043369474562135,1.717208462902308,1.411562740123691,2.0873637445900473,98,False,False,build,
h9_rs6_top_decile,6,all,ALL,393429,345162,31894,6194,1090,launch_200,0.877317127105526,0.09240298758264236,0.0179451967481936,0.03417570702953534,1.9044487229138647,1.7964275732136272,2.018722158078403,1090,True,False,build,
h9_rs6_top_decile,6,drawdown,0-10,304121,263487,24336,3675,728,launch_200,0.8663887071264398,0.09236129296701545,0.013947557184984458,0.029914529914529916,2.144786324786325,1.9965739856481166,2.3036373285057263,728,True,True,build,
h9_rs6_top_decile,6,drawdown,10-20,38904,35969,3295,484,108,launch_200,0.9245578860785524,0.09160666129166782,0.013456031582751814,0.03277693474962064,2.435854475225423,2.022939628498819,2.929636449517587,108,True,True,build,
h9_rs6_top_decile,6,drawdown,20-30,28427,25700,2417,410,78,launch_200,0.9040700742252085,0.09404669260700389,0.015953307392996108,0.032271410839884156,2.022866484353714,1.625678816748588,2.5131012898883194,78,False,False,build,
h9_rs6_top_decile,6,drawdown,>30,21977,20006,1846,1625,176,launch_200,0.9103153296628294,0.09227231830450865,0.08122563231030691,0.09534127843986999,1.1737831485957162,1.0190371689571074,1.349220414066566,176,True,False,build,
h9_rs6_top_decile,6,mst,0-12,297665,271774,25175,5361,930,launch_200,0.9130196697629885,0.09263211344720246,0.019725948766254314,0.036941410129096325,1.87273172848816,1.7581519479043657,1.9944744024300964,930,True,False,build,
h9_rs6_top_decile,6,mst,13-24,33927,30989,2835,322,76,launch_200,0.9134023049488608,0.09148407499435283,0.010390783826519088,0.026807760141093474,2.579955524883061,2.0664485672968786,3.216708912844384,76,False,False,build,
h9_rs6_top_decile,6,mst,>24,61837,42399,3884,511,84,launch_200,0.6856574542749486,0.09160593410221939,0.012052171041769854,0.021627188465499485,1.7944641169250737,1.4522752259928604,2.2150896222834975,84,False,False,build,
h9_rs6_top_decile,12,all,ALL,393429,317257,28710,5667,1092,launch_200,0.8063894629018197,0.0904944571750978,0.017862490031740827,0.03803552769070011,2.12935193375127,2.0089025511200815,2.256721242603485,1092,True,True,build,
h9_rs6_top_decile,12,drawdown,0-10,304121,239038,21535,3289,715,launch_200,0.7859963632896118,0.09009027853312025,0.01375931860206327,0.033201764569305785,2.4130384308658304,2.245088337786998,2.5930899380802583,715,True,True,build,
h9_rs6_top_decile,12,drawdown,10-20,38904,33830,3103,415,78,launch_200,0.8695763931729386,0.09172332249482708,0.01226721844516701,0.02513696422816629,2.049116867081604,1.6457192564478007,2.5482403556984665,78,False,False,build,
h9_rs6_top_decile,12,drawdown,20-30,28427,24312,2157,367,58,launch_200,0.8552432546522672,0.08872161895360316,0.015095426127015466,0.02688919796012981,1.7812811466121958,1.3817602794732617,2.292236795674383,58,False,False,build,
h9_rs6_top_decile,12,drawdown,>30,21977,20077,1915,1596,241,launch_200,0.9135459798880647,0.09538277631120187,0.07949394829904867,0.12584856396866842,1.5831213150369396,1.4056201810178017,1.7794676355491539,241,True,False,build,
h9_rs6_top_decile,12,mst,0-12,297665,260388,23565,4958,963,launch_200,0.874768615725732,0.09049956219180608,0.019040816013026714,0.04086569064290261,2.146215299540969,2.0173440253004,2.2829469284091966,963,True,True,build,
h9_rs6_top_decile,12,mst,13-24,33927,29399,2735,292,62,launch_200,0.8665369764494355,0.09303037518282935,0.0099323106228103,0.0226691042047532,2.2823595702586963,1.7844874781305426,2.915043659842307,62,False,False,build,
h9_rs6_top_decile,12,mst,>24,61837,27470,2410,417,67,launch_200,0.44423241748467746,0.08773207135056425,0.015180196578085184,0.02780082987551867,1.8313880016318893,1.446025722896582,2.3157571356163604,67,False,False,build,
h9_rs12_top_decile,0,all,ALL,393429,389343,39007,7218,1237,launch_200,0.9896143903982675,0.10018672481590782,0.018538923263035422,0.0317122567744251,1.7105770558776658,1.6192349248719589,1.806893912712165,1237,True,False,build,
h9_rs12_top_decile,0,drawdown,0-10,304121,300669,30122,4407,920,launch_200,0.9886492547374236,0.10018325800132372,0.014657314189357732,0.030542460659982736,2.0837692544080664,1.9552219305243583,2.2204848263663446,920,True,True,build,
h9_rs12_top_decile,0,drawdown,10-20,38904,38548,3861,535,134,launch_200,0.9908492699979436,0.10016083843519767,0.013878800456573623,0.03470603470603471,2.5006508894359363,2.1168613241997973,2.951085825607074,134,True,True,build,
h9_rs12_top_decile,0,drawdown,20-30,28427,28261,2833,488,93,launch_200,0.9941604812326309,0.10024415271929514,0.01726761261101872,0.032827391457818565,1.9010961270274802,1.5562444006539438,2.3192195408465675,93,False,False,build,
h9_rs12_top_decile,0,drawdown,>30,21977,21865,2191,1788,90,launch_200,0.9949037630249806,0.10020580836954036,0.08177452549737023,0.041077133728890915,0.5023218842182325,0.41013415233370587,0.6141542841269779,90,False,False,build,
h9_rs12_top_decile,0,mst,0-12,297665,294396,29496,6111,1019,launch_200,0.9890178556430888,0.10019157868992785,0.02075775486079974,0.034547057228098726,1.664296426071568,1.566774999820353,1.7676577051741222,1019,True,False,build,
h9_rs12_top_decile,0,mst,13-24,33927,33730,3381,392,102,launch_200,0.9941934152739705,0.10023717758671806,0.011621701749184702,0.030168589174800354,2.595883961392898,2.143814154133464,3.1397151991618593,102,True,True,build,
h9_rs12_top_decile,0,mst,>24,61837,61217,6130,715,116,launch_200,0.9899736403771205,0.10013558325301795,0.011679762157570609,0.01892332789559543,1.6201809283701616,1.352896032448009,1.9390568232175451,116,True,False,build,
h9_rs12_top_decile,3,all,ALL,393429,358858,34670,6370,1156,launch_200,0.9121289991332616,0.09661203038527774,0.017750753780046705,0.033342947793481396,1.8783961631512003,1.7748132874891407,1.9878041639423032,1156,True,False,build,
h9_rs12_top_decile,3,drawdown,0-10,304121,275744,26738,3858,862,launch_200,0.9066917444043654,0.09696675176975746,0.013991238249970988,0.03223876131348642,2.3042107308517368,2.1576264193422814,2.4604001658701993,862,True,True,build,
h9_rs12_top_decile,3,drawdown,10-20,38904,36221,3486,486,106,launch_200,0.9310353691137158,0.09624251125037961,0.013417630656249136,0.030407343660355707,2.266223034406881,1.8784293169834765,2.7310655644852426,106,True,True,build,
h9_rs12_top_decile,3,drawdown,20-30,28427,26656,2471,439,79,launch_200,0.9377000738734302,0.09269957983193278,0.01646908763505402,0.03197086199919061,1.9412649144656604,1.5622220222304384,2.4085308739836164,79,False,False,build,
h9_rs12_top_decile,3,drawdown,>30,21977,20237,1975,1587,109,launch_200,0.9208263184238067,0.09759351682561644,0.07842071453278648,0.05518987341772152,0.7037665207022246,0.5860097397493989,0.8435454180962548,109,True,False,build,
h9_rs12_top_decile,3,mst,0-12,297665,277066,26782,5441,970,launch_200,0.9307980447818857,0.09666288898673962,0.019637920206737745,0.03621835561197819,1.8443070972226336,1.7337096382516313,1.9616784589157317,970,True,False,build,
h9_rs12_top_decile,3,mst,13-24,33927,31447,2987,338,83,launch_200,0.9269018775606449,0.09498521321588704,0.010748243075651096,0.02778707733511885,2.5852669259097114,2.090753814607197,3.1926382531469413,83,False,False,build,
h9_rs12_top_decile,3,mst,>24,61837,50345,4901,591,103,launch_200,0.8141565729255947,0.09734829675240839,0.011739000893832556,0.021016119159355234,1.7902817581687633,1.4787937738388215,2.1656830029710537,103,True,False,build,
h9_rs12_top_decile,6,all,ALL,393429,342121,32542,6015,1161,launch_200,0.8695876511390873,0.09511839378465514,0.017581498943356297,0.03567697129862946,2.0292337651967434,1.9176914112941397,2.147010524001667,1161,True,True,build,
h9_rs12_top_decile,6,drawdown,0-10,304121,261023,24875,3548,804,launch_200,0.8582866687930133,0.09529811549173828,0.013592671910138188,0.032321608040201004,2.377870094553942,2.221421447963111,2.544943975122732,804,True,True,build,
h9_rs12_top_decile,6,drawdown,10-20,38904,35720,3353,476,94,launch_200,0.9181575159366646,0.09386898096304591,0.013325867861142216,0.028034595884282733,2.103772615518024,1.723303332854261,2.565302536066965,94,False,False,build,
h9_rs12_top_decile,6,drawdown,20-30,28427,25558,2386,404,60,launch_200,0.899074823231435,0.09335628765944128,0.015807183660693325,0.025146689019279127,1.5908393018681581,1.239083996596615,2.0391690174054746,60,False,False,build,
h9_rs12_top_decile,6,drawdown,>30,21977,19820,1928,1587,203,launch_200,0.9018519361150293,0.09727547931382442,0.08007063572149344,0.10529045643153527,1.314969657512936,1.1535586606893926,1.4959853025184084,203,True,False,build,
h9_rs12_top_decile,6,mst,0-12,297665,269235,25674,5196,1012,launch_200,0.9044899467522215,0.09535907292885397,0.01929912529945958,0.03941730934018852,2.0424402001935444,1.922636421534618,2.16938462739954,1012,True,True,build,
h9_rs12_top_decile,6,mst,13-24,33927,30829,2890,315,65,launch_200,0.9086862970495475,0.0937429044081871,0.010217652210580946,0.02249134948096886,2.2012248036469493,1.7309124720626563,2.7956113621422305,65,False,False,build,
h9_rs12_top_decile,6,mst,>24,61837,42057,3978,504,84,launch_200,0.6801267849345861,0.09458591910977958,0.011983736357800128,0.021116138763197588,1.7620663650075417,1.4259920685570127,2.1752452414228953,84,False,False,build,
h9_rs12_top_decile,12,all,ALL,393429,314533,29466,5500,1116,launch_200,0.7994657231673313,0.09368174404593477,0.017486241507250432,0.037874160048869884,2.165940578663853,2.044700010740311,2.2940710346444866,1116,True,True,build,
h9_rs12_top_decile,12,drawdown,0-10,304121,236870,22217,3175,723,launch_200,0.778867621768967,0.09379406425465445,0.013403976864947017,0.03254264752216771,2.4278352499451548,2.259708841124302,2.608019623496941,723,True,True,build,
h9_rs12_top_decile,12,drawdown,10-20,38904,33636,3080,411,87,launch_200,0.8645897594077729,0.0915685574979189,0.012219051016767749,0.028246753246753246,2.311697791259835,1.8788307244421067,2.8407507909766516,87,False,False,build,
h9_rs12_top_decile,12,drawdown,20-30,28427,24186,2181,361,47,launch_200,0.8508108488408908,0.09017613495410567,0.014925990242288927,0.021549747822099955,1.443773409488392,1.0883284997995952,1.9119380364420195,47,False,False,build,
h9_rs12_top_decile,12,drawdown,>30,21977,19841,1988,1553,259,launch_200,0.9028074805478454,0.10019656267325236,0.07827226450279724,0.13028169014084506,1.6644681352765658,1.4844966053865516,1.8626590822223381,259,True,False,build,
h9_rs12_top_decile,12,mst,0-12,297665,257873,24293,4799,996,launch_200,0.866319520266071,0.09420528709868811,0.018609935898678806,0.040999464866422426,2.2030954372783813,2.0729623060061257,2.3410276719708873,996,True,True,build,
h9_rs12_top_decile,12,mst,13-24,33927,29311,2689,289,43,launch_200,0.8639431721048133,0.0917403022755962,0.009859779604926478,0.015991074748977315,1.6218491071531975,1.2062785753762257,2.177475588520382,43,False,False,build,
h9_rs12_top_decile,12,mst,>24,61837,27349,2484,412,77,launch_200,0.44227566020343806,0.09082598998135215,0.01506453618048192,0.030998389694041867,2.0577062129668713,1.6511520987220327,2.560404297560644,77,False,False,build,
h10_sponsorship,0,all,ALL,393429,170201,8103,3187,249,launch_200,0.432609187426448,0.04760841593175128,0.018724919360050763,0.030729359496482783,1.641094356969208,1.4519859680426093,1.8539535289366216,249,True,False,build,
h10_sponsorship,0,drawdown,0-10,304121,167888,8005,3063,238,launch_200,0.5520434300821054,0.04768059658820166,0.018244305727627943,0.029731417863835104,1.62962725508441,1.437729265658961,1.8462524542114647,238,True,False,build,
h10_sponsorship,0,drawdown,10-20,38904,2313,98,124,11,launch_200,0.05945404071560765,0.04236921746649373,0.05361003026372676,0.11224489795918367,2.093729427254773,1.190872283836781,3.542235165485873,11,False,False,build,
h10_sponsorship,0,drawdown,20-30,28427,0,0,0,0,launch_200,0.0,,,,,,,0,False,False,build,
h10_sponsorship,0,drawdown,>30,21977,0,0,0,0,launch_200,0.0,,,,,,,0,False,False,build,
h10_sponsorship,0,mst,0-12,297665,163092,7755,3108,243,launch_200,0.5479045235415652,0.04754984916488853,0.019056728717533663,0.031334622823984526,1.6442813081110952,1.452670300886579,1.8602448307119566,243,True,False,build,
h10_sponsorship,0,mst,13-24,33927,7109,348,79,6,launch_200,0.209538125976361,0.048952032634688426,0.01111267407511605,0.017241379310344827,1.5515058926233085,0.7131701708870182,3.3384580228262726,6,False,False,build,
h10_sponsorship,0,mst,>24,61837,0,0,0,0,launch_200,0.0,,,,,,,0,False,False,build,
h10_sponsorship,3,all,ALL,393429,162716,8160,3121,271,launch_200,0.4135841536846547,0.05014872538656309,0.019180658324934242,0.03321078431372549,1.7314725986517643,1.5399525043070539,1.9458955112750103,271,True,False,build,
h10_sponsorship,3,drawdown,0-10,304121,160411,8051,2999,261,launch_200,0.527457821064642,0.0501898248873207,0.018695725355493076,0.03241833312631971,1.7339970774011577,1.538702141721682,1.9531472834497747,261,True,False,build,
h10_sponsorship,3,drawdown,10-20,38904,2305,109,122,10,launch_200,0.05924840633353897,0.0472885032537961,0.052928416485900215,0.09174311926605505,1.733343359903745,0.9559597256912282,3.035899648398014,10,False,False,build,
h10_sponsorship,3,drawdown,20-30,28427,0,0,0,0,launch_200,0.0,,,,,,,0,False,False,build,
h10_sponsorship,3,drawdown,>30,21977,0,0,0,0,launch_200,0.0,,,,,,,0,False,False,build,
h10_sponsorship,3,mst,0-12,297665,155595,7819,3041,266,launch_200,0.5227184922647943,0.0502522574632861,0.019544329830650086,0.03401969561324977,1.740642729017954,1.5464783589918192,1.9582228684911598,266,True,False,build,
h10_sponsorship,3,mst,13-24,33927,7121,341,80,5,launch_200,0.2098918265688095,0.047886532790338436,0.011234377194214296,0.01466275659824047,1.3051686217008798,0.558899447283153,3.0139391048686366,5,False,False,build,
h10_sponsorship,3,mst,>24,61837,0,0,0,0,launch_200,0.0,,,,,,,0,False,False,build,
h10_sponsorship,6,all,ALL,393429,154609,8018,3011,294,launch_200,0.3929781485350597,0.051859852919299655,0.019474933542031836,0.03666749812920928,1.8828047885283685,1.6827053525414462,2.1056902664309125,294,True,False,build,
h10_sponsorship,6,drawdown,0-10,304121,152309,7913,2889,282,launch_200,0.5008171089796496,0.05195359433782639,0.01896801896145336,0.035637558448123344,1.8788234301402624,1.6750847438653447,2.1063200873944496,282,True,False,build,
h10_sponsorship,6,drawdown,10-20,38904,2300,105,122,12,launch_200,0.05911988484474604,0.04565217391304348,0.05304347826086957,0.11428571428571428,2.154566744730679,1.255517585516633,3.56690916170914,12,False,False,build,
h10_sponsorship,6,drawdown,20-30,28427,0,0,0,0,launch_200,0.0,,,,,,,0,False,False,build,
h10_sponsorship,6,drawdown,>30,21977,0,0,0,0,launch_200,0.0,,,,,,,0,False,False,build,
h10_sponsorship,6,mst,0-12,297665,147538,7611,2932,285,launch_200,0.4956511514622142,0.05158670986457726,0.019872846317558868,0.037445802128498226,1.884269697965338,1.6811191922703748,2.1109039765393978,285,True,False,build,
h10_sponsorship,6,mst,13-24,33927,7071,407,79,9,launch_200,0.20841807410027413,0.05755904398246359,0.011172394286522416,0.022113022113022112,1.9792554349516374,1.045119167311075,3.7132828018591315,9,False,False,build,
h10_sponsorship,6,mst,>24,61837,0,0,0,0,launch_200,0.0,,,,,,,0,False,False,build,
h10_sponsorship,12,all,ALL,393429,137584,7360,2746,269,launch_200,0.34970477519450777,0.053494592394464476,0.019958716129782533,0.03654891304347826,1.8312256562905727,1.6282564089456995,2.058421536536106,269,True,False,build,
h10_sponsorship,12,drawdown,0-10,304121,135315,7235,2630,257,launch_200,0.44493803453230785,0.05346783431253002,0.019436130510290802,0.035521769177608846,1.8276152837521449,1.6205507702267066,2.060043501332301,257,True,False,build,
h10_sponsorship,12,drawdown,10-20,38904,2269,125,116,12,launch_200,0.0583230516142299,0.05509034817100044,0.05112384310268841,0.096,1.877793103448276,1.0909044096303888,3.1359069052193735,12,False,False,build,
h10_sponsorship,12,drawdown,20-30,28427,0,0,0,0,launch_200,0.0,,,,,,,0,False,False,build,
h10_sponsorship,12,drawdown,>30,21977,0,0,0,0,launch_200,0.0,,,,,,,0,False,False,build,
h10_sponsorship,12,mst,0-12,297665,130695,6977,2677,262,launch_200,0.439067407992206,0.05338383258732163,0.02048280347373656,0.037551956428264296,1.833340659466568,1.6276847662328209,2.0638445824309724,262,True,False,build,
h10_sponsorship,12,mst,13-24,33927,6889,383,69,7,launch_200,0.20305361511480532,0.055595877485847,0.010015967484395413,0.018276762402088774,1.824762553449124,0.8866692840518169,3.718063628326912,7,False,False,build,
h10_sponsorship,12,mst,>24,61837,0,0,0,0,launch_200,0.0,,,,,,,0,False,False,build,
inv_h15_near_high,0,all,ALL,393429,390561,187846,7276,5365,launch_200,0.9927102475923228,0.4809645612337125,0.018629612275675247,0.02856062945178497,1.5330769652719338,1.4931586497671654,1.5740302737077212,5365,True,False,build,
inv_h15_near_high,0,drawdown,0-10,304121,301710,129861,4458,2922,launch_200,0.9920722344067,0.4304166252361539,0.014775778065029332,0.022500981819021878,1.52282889740177,1.4691867430903287,1.5783829144934933,2922,True,False,build,
inv_h15_near_high,0,drawdown,10-20,38904,38645,22609,536,376,launch_200,0.9933425868805265,0.5850433432526847,0.013869840859102082,0.01663054535804326,1.1990437040328017,1.0846442912023455,1.3252838548579036,376,True,False,build,
inv_h15_near_high,0,drawdown,20-30,28427,28292,15865,489,350,launch_200,0.9952509937735252,0.5607592252226777,0.017284037890569773,0.022061140876142454,1.2763881342900252,1.1506917812553787,1.415472252808838,350,True,False,build,
inv_h15_near_high,0,drawdown,>30,21977,21914,19511,1793,1717,launch_200,0.9971333667015516,0.8903440722825591,0.08181984119740805,0.08800164010045615,1.075553787596986,1.027955803204076,1.1251342026786353,1717,True,False,build,
inv_h15_near_high,0,mst,0-12,297665,295379,146752,6163,4654,launch_200,0.9923202257571431,0.4968261115380579,0.020864719563679204,0.03171336676842564,1.5199517382266425,1.4775656436168425,1.5635128115458212,4654,True,False,build,
inv_h15_near_high,0,mst,13-24,33927,33786,13440,393,243,launch_200,0.9958440180387302,0.3977979044574676,0.011632036938376842,0.018080357142857145,1.554358642311887,1.3722056892981265,1.7601883218541596,243,True,False,build,
inv_h15_near_high,0,mst,>24,61837,61396,27654,720,468,launch_200,0.9928683474295324,0.4504202228158186,0.011727148348426607,0.01692341071816012,1.4430968395168873,1.3190683995549575,1.5785680575246908,468,True,False,build,
inv_h15_near_high,3,all,ALL,393429,386687,185936,7085,5205,launch_200,0.9828634899816739,0.480843679772012,0.018322312361160317,0.027993503140865673,1.5278368029685145,1.48744469857967,1.5692933479348339,5205,True,False,build,
inv_h15_near_high,3,drawdown,0-10,304121,298437,129546,4296,2854,launch_200,0.9813100706626638,0.4340815649534073,0.014394997939263562,0.02203078443178485,1.5304472098390538,1.4758971523955164,1.586966411922896,2854,True,False,build,
inv_h15_near_high,3,drawdown,10-20,38904,38310,21813,526,331,launch_200,0.9847316471314004,0.56938136256852,0.013730096580527278,0.015174437262183102,1.1051952310156552,0.9931044740383237,1.2297210005149848,331,True,False,build,
inv_h15_near_high,3,drawdown,20-30,28427,28170,15244,486,312,launch_200,0.990959299257748,0.5411430599929002,0.017252396166134186,0.020467069010758333,1.1863319630309923,1.0628802173943575,1.3237888285742758,312,True,False,build,
inv_h15_near_high,3,drawdown,>30,21977,21770,19333,1777,1708,launch_200,0.9905810620193839,0.8880569591180524,0.0816260909508498,0.08834635079915171,1.0823298012929277,1.034316980094023,1.132346372877547,1708,True,False,build,
inv_h15_near_high,3,mst,0-12,297665,292274,144729,5998,4548,launch_200,0.9818890363327902,0.4951826026263027,0.020521839096190563,0.031424248077441284,1.531258866719919,1.4880633841080715,1.5756664051725238,4548,True,False,build,
inv_h15_near_high,3,mst,13-24,33927,33585,14518,383,210,launch_200,0.989919533115218,0.43227631383057913,0.011403900550841149,0.01446480231436837,1.2684083178278376,1.1090140435398719,1.4503279547121197,210,True,False,build,
inv_h15_near_high,3,mst,>24,61837,60828,26689,704,447,launch_200,0.9836829082911526,0.4387617544551851,0.011573617413033472,0.016748473153733748,1.4471251775501652,1.3199832928971709,1.5862851532703615,447,True,False,build,
inv_h15_near_high,6,all,ALL,393429,382241,182478,6895,4934,launch_200,0.9715628486969695,0.47738991892549465,0.01803835799927271,0.0270388759192889,1.4989654779209438,1.4582581027613672,1.540776766397243,4934,True,False,build,
inv_h15_near_high,6,drawdown,0-10,304121,294712,128182,4160,2801,launch_200,0.9690616563801908,0.4349398735036239,0.014115475447216265,0.021851742054266588,1.5480698568021671,1.492376573379808,1.6057934073984554,2801,True,False,build,
inv_h15_near_high,6,drawdown,10-20,38904,37945,19100,516,272,launch_200,0.9753495784495168,0.50336012649888,0.013598629595467123,0.014240837696335079,1.0472259426113073,0.930649384417772,1.1781683510783258,272,True,False,build,
inv_h15_near_high,6,drawdown,20-30,28427,28029,17303,481,319,launch_200,0.9859992260878742,0.6173249134824645,0.01716079774519248,0.018436109345200253,1.0743154029867317,0.9635907803880801,1.1974973510463136,319,True,False,build,
inv_h15_near_high,6,drawdown,>30,21977,21555,17893,1738,1542,launch_200,0.9807981071119807,0.8301090234284388,0.08063094409649733,0.08617895266305259,1.0688074365086873,1.0189066470831645,1.1209114599309442,1542,True,False,build,
inv_h15_near_high,6,mst,0-12,297665,288716,143030,5833,4327,launch_200,0.9699360018813096,0.49540032419401764,0.020203244711065545,0.030252394602530937,1.4974027704550525,1.4540871629366692,1.5419672870807077,4327,True,False,build,
inv_h15_near_high,6,mst,13-24,33927,33383,15358,373,228,launch_200,0.983965573142335,0.4600545187670371,0.011173351705958122,0.014845683031644746,1.3286687309528058,1.1680254416434819,1.511027995444311,228,True,False,build,
inv_h15_near_high,6,mst,>24,61837,60142,24090,689,379,launch_200,0.9725892265148698,0.4005520268697416,0.011456220278673806,0.01573266915732669,1.3732861951523103,1.2427053652057416,1.5173462199926029,379,True,False,build,
inv_h15_near_high,12,all,ALL,393429,373183,175351,6492,4418,launch_200,0.9485396348515234,0.46987938893250764,0.01739629082782442,0.02519517995335071,1.4483075848014908,1.4067364498134192,1.491074542736979,4418,True,False,build,
inv_h15_near_high,12,drawdown,0-10,304121,287248,120778,3874,2430,launch_200,0.9445187935065319,0.42046593884030525,0.013486603910209992,0.02011955819768501,1.4918179796511677,1.4342249248724457,1.551674401458663,2430,True,False,build,
inv_h15_near_high,12,drawdown,10-20,38904,37282,18202,499,327,launch_200,0.9583076290355748,0.4882248806394507,0.013384475081808915,0.017965058784748928,1.342231105436893,1.2054785550664342,1.4941818715318327,327,True,False,build,
inv_h15_near_high,12,drawdown,20-30,28427,27660,22043,470,390,launch_200,0.973018609068843,0.7969269703543023,0.016992046276211134,0.017692691557410517,1.041233720165904,0.9436483043098804,1.1487105406109117,390,True,False,build,
inv_h15_near_high,12,drawdown,>30,21977,20993,14328,1649,1271,launch_200,0.9552259180051872,0.6825132186919449,0.07854999285476111,0.0887074260189838,1.1293117006770934,1.0714387852730816,1.1899915287949567,1271,True,False,build,
inv_h15_near_high,12,mst,0-12,297665,281249,132194,5458,3747,launch_200,0.9448507550434213,0.4700247823103371,0.01940629122236879,0.028344705508570735,1.4605936386185436,1.4151961140420493,1.507403648668573,3747,True,False,build,
inv_h15_near_high,12,mst,13-24,33927,33131,19416,365,280,launch_200,0.9765378607009166,0.5860372460837282,0.011016872415562463,0.01442109600329625,1.3090009087265975,1.1652711043377635,1.4701681237560946,280,True,False,build,
inv_h15_near_high,12,mst,>24,61837,58803,23741,669,391,launch_200,0.9509355240390057,0.4037379045286805,0.011376970562726392,0.016469398930120886,1.4476084682928227,1.3120298048879908,1.596938763647943,391,True,False,build,
inv_h21_no_dilution,0,all,ALL,393429,371223,162236,6542,3908,launch_200,0.9435577956886757,0.4370311106801033,0.01762283048194751,0.02408836509775882,1.3668840043847938,1.3251833059454843,1.409863552006094,3908,True,False,build,
inv_h21_no_dilution,0,drawdown,0-10,304121,286373,125753,3954,2569,launch_200,0.9416416492119912,0.4391231016890559,0.01380716757515548,0.020428936088999865,1.479589204505604,1.4240139138006278,1.5372864832845223,2569,True,False,build,
inv_h21_no_dilution,0,drawdown,10-20,38904,36871,16860,500,318,launch_200,0.9477431626567963,0.4572699411461582,0.013560793035176696,0.01886120996441281,1.3908633451957295,1.2473268014272256,1.5505641165981945,318,True,False,build,
inv_h21_no_dilution,0,drawdown,20-30,28427,27423,11954,467,284,launch_200,0.9646814648045872,0.4359114611822193,0.01702950078401342,0.02375773799564999,1.3950930386610485,1.2435374133537167,1.5646166503132455,284,True,False,build,
inv_h21_no_dilution,0,drawdown,>30,21977,20556,7669,1621,737,launch_200,0.9353414933794422,0.37307841992605567,0.07885775442693131,0.09610118659538401,1.2186650164433768,1.1375623631816656,1.304896261478307,737,True,False,build,
inv_h21_no_dilution,0,mst,0-12,297665,279763,116089,5514,3242,launch_200,0.9398585658374347,0.414954801028013,0.019709539860524802,0.027926849227747675,1.4169204063297738,1.3696192373890606,1.4658066639297946,3242,True,False,build,
inv_h21_no_dilution,0,mst,13-24,33927,33043,15114,365,251,launch_200,0.9739440563562944,0.4574039887419423,0.011046212510970554,0.016607119227206563,1.503422029108456,1.3297899949591436,1.6992934728706344,251,True,False,build,
inv_h21_no_dilution,0,mst,>24,61837,58417,31033,663,415,launch_200,0.9446933065963743,0.531232346748378,0.011349435951863327,0.013372861147810396,1.1782842076495323,1.070869906980223,1.2963123037781177,415,True,False,build,
inv_h21_no_dilution,3,all,ALL,393429,366246,161064,6330,3864,launch_200,0.9309074826715875,0.43976999066201405,0.01728346521190675,0.023990463418268514,1.3880586516725388,1.3454731579687345,1.431957863465153,3864,True,False,build,
inv_h21_no_dilution,3,drawdown,0-10,304121,282559,124895,3817,2519,launch_200,0.929100588252702,0.44201388028694893,0.01350868314228179,0.020168941911205412,1.4930353831512417,1.436404605119261,1.5518511192913913,2519,True,False,build,
inv_h21_no_dilution,3,drawdown,10-20,38904,36476,17064,494,334,launch_200,0.9375899650421551,0.4678144533391819,0.013543151661366378,0.019573370839193624,1.4452596654462078,1.2995817604519224,1.606905731857566,334,True,False,build,
inv_h21_no_dilution,3,drawdown,20-30,28427,27083,11437,454,279,launch_200,0.9527210046786506,0.4222944282391168,0.016763283240409113,0.02439450904957594,1.4552345563649012,1.2958587896575702,1.6336629995926548,279,True,False,build,
inv_h21_no_dilution,3,drawdown,>30,21977,20128,7668,1565,732,launch_200,0.9158665877963326,0.3809618441971383,0.07775238473767886,0.09546165884194054,1.2277650282240122,1.1457608561531691,1.3149796179445603,732,True,False,build,
inv_h21_no_dilution,3,mst,0-12,297665,275701,115221,5317,3179,launch_200,0.9262123528127257,0.4179201381206452,0.019285385254315363,0.027590456600793258,1.4306406761886972,1.3824105007817156,1.4805041683190774,3179,True,False,build,
inv_h21_no_dilution,3,mst,13-24,33927,32791,14447,363,250,launch_200,0.9665163439148761,0.4405782074349669,0.01107011070110701,0.017304630719180453,1.5631849749659676,1.3823651728596569,1.767186954037768,250,True,False,build,
inv_h21_no_dilution,3,mst,>24,61837,57754,31396,650,435,launch_200,0.9339715704190048,0.5436160265955605,0.011254631713820688,0.013855268187030196,1.2310725521134491,1.121359142785463,1.351354940197751,435,True,False,build,
inv_h21_no_dilution,6,all,ALL,393429,361409,160037,6137,3782,launch_200,0.9186130153089884,0.4428140970479429,0.01698076140881937,0.023632035091885002,1.391694666860529,1.348536757687195,1.4361993066911494,3782,True,False,build,
inv_h21_no_dilution,6,drawdown,0-10,304121,278945,124280,3696,2462,launch_200,0.9172171602750221,0.4455358583233254,0.013249923820107907,0.01981010621177985,1.4951109516355332,1.437751354976548,1.5547108739405482,2462,True,False,build,
inv_h21_no_dilution,6,drawdown,10-20,38904,36037,17028,480,327,launch_200,0.9263057783261361,0.4725143602408636,0.013319643699531038,0.019203664552501762,1.4417551239135542,1.2949413019000282,1.6048518970789762,327,True,False,build,
inv_h21_no_dilution,6,drawdown,20-30,28427,26679,10920,440,266,launch_200,0.9385091638231259,0.4093106938041156,0.016492372277821507,0.02435897435897436,1.4769842657342658,1.3115451184151399,1.6627071034763803,266,True,False,build,
inv_h21_no_dilution,6,drawdown,>30,21977,19748,7809,1521,727,launch_200,0.8985757837739455,0.3954324488555803,0.07702045776787522,0.09309770777308234,1.2087399954653715,1.1276431680192127,1.2950320102629131,727,True,False,build,
inv_h21_no_dilution,6,mst,0-12,297665,271825,114731,5150,3121,launch_200,0.9131910033090891,0.4220767037616113,0.01894601305987308,0.027202761241512757,1.435803995043535,1.386950355790038,1.4863286785989602,3121,True,False,build,
inv_h21_no_dilution,6,mst,13-24,33927,32408,13828,351,239,launch_200,0.955227400005895,0.4266847691927919,0.010830659096519379,0.017283772056696557,1.5958190450524843,1.4072821462270588,1.8091120989839755,239,True,False,build,
inv_h21_no_dilution,6,mst,>24,61837,57176,31478,636,422,launch_200,0.9246244158028365,0.5505456835035679,0.011123548341961663,0.013406188449075545,1.2052079100068291,1.0962130021134002,1.3248783441268988,422,True,False,build,
inv_h21_no_dilution,12,all,ALL,393429,352344,157913,5780,3547,launch_200,0.8955720091808179,0.448178484662716,0.01640442295029857,0.02246173525928834,1.3692487280620573,1.3253998244667675,1.4145138980658223,3547,True,False,build,
inv_h21_no_dilution,12,drawdown,0-10,304121,272285,123148,3479,2288,launch_200,0.8953179819874326,0.45227610775474225,0.012777053455019557,0.01857927047130282,1.4541122909682922,1.3962505020225986,1.5143246832563564,2288,True,False,build,
inv_h21_no_dilution,12,drawdown,10-20,38904,35216,16164,460,299,launch_200,0.9052025498663376,0.4589959109495684,0.013062244434348023,0.01849789656025736,1.4161346201435288,1.2656468795822873,1.5841391507629152,299,True,False,build,
inv_h21_no_dilution,12,drawdown,20-30,28427,25660,10401,402,235,launch_200,0.9026629612692159,0.4053390491036633,0.015666406858924398,0.022593981347947312,1.4421929387769352,1.270835256206057,1.6360520040519146,235,True,False,build,
inv_h21_no_dilution,12,drawdown,>30,21977,19183,8200,1439,725,launch_200,0.8728670883196069,0.4274618151488297,0.07501433560965438,0.08841463414634146,1.1786365023135985,1.0992706642609262,1.2631407010175197,725,True,False,build,
inv_h21_no_dilution,12,mst,0-12,297665,264626,114821,4839,2947,launch_200,0.8890060974585524,0.4338991633475169,0.01828618503094934,0.025666036700603547,1.4035752485914268,1.3544159054056368,1.4544701989742377,2947,True,False,build,
inv_h21_no_dilution,12,mst,13-24,33927,31442,12418,320,202,launch_200,0.9267545023137914,0.39494943069779276,0.010177469626614083,0.01626670961507489,1.5983058866162023,1.3939341567950922,1.8320748433080436,202,True,False,build,
inv_h21_no_dilution,12,mst,>24,61837,56276,30674,621,398,launch_200,0.9100700228018823,0.5450636150401592,0.011034899424266118,0.012975158114363956,1.1758293044185926,1.0664636123529452,1.2962480970302634,398,True,False,build,
inv_h8_fcf_divergence,0,all,ALL,393429,385058,339240,7058,6627,launch_200,0.9787229716162256,0.8810101335383241,0.018329706174134805,0.019534842589317297,1.065747721416455,1.0406355568606838,1.0914535224884379,6627,True,False,build,
inv_h8_fcf_divergence,0,drawdown,0-10,304121,297159,260426,4279,3974,launch_200,0.9771077959101805,0.8763860424890378,0.01439969847791923,0.015259613095466659,1.0597175433128714,1.0275152744732077,1.0929129081804814,3974,True,False,build,
inv_h8_fcf_divergence,0,drawdown,10-20,38904,38142,33733,528,497,launch_200,0.9804133251079581,0.8844056420743537,0.013843007708038382,0.014733347167462128,1.0643169084495085,0.9753489650718552,1.1612679551736653,497,True,False,build,
inv_h8_fcf_divergence,0,drawdown,20-30,28427,28084,25316,487,460,launch_200,0.987934006402364,0.9014385415183023,0.01734083463894032,0.018170327065887185,1.0478346310438926,0.9570826479630281,1.1470178016266335,460,True,False,build,
inv_h8_fcf_divergence,0,drawdown,>30,21977,21673,19765,1764,1696,launch_200,0.9861673567820903,0.9119641950814378,0.0813915932265953,0.08580824690108778,1.054264248915689,1.007273874124961,1.1032323530797121,1696,True,False,build,
inv_h8_fcf_divergence,0,mst,0-12,297665,291090,255708,5970,5622,launch_200,0.9779114104782222,0.8784499639286818,0.020509120890446254,0.02198601529870008,1.0720115901672707,1.0446472892113865,1.100076166574723,5622,True,False,build,
inv_h8_fcf_divergence,0,mst,13-24,33927,33453,30520,385,373,launch_200,0.9860288265982845,0.9123247541326638,0.011508683825068006,0.012221494102228047,1.0619367329917788,0.9600366925660823,1.1745047976987955,373,True,False,build,
inv_h8_fcf_divergence,0,mst,>24,61837,60515,53012,703,632,launch_200,0.9786212138363762,0.8760142113525572,0.011616954474097331,0.011921829019844564,1.0262439304920252,0.9497019832275343,1.1088744802727755,632,True,False,build,
inv_h8_fcf_divergence,3,all,ALL,393429,379889,334489,6855,6366,launch_200,0.9655846417015522,0.8804914067003783,0.018044744649094866,0.019032016000526175,1.0547124035629305,1.0293556754801578,1.0806813477989445,6366,True,False,build,
inv_h8_fcf_divergence,3,drawdown,0-10,304121,292910,256136,4141,3830,launch_200,0.963136383215891,0.874452903622273,0.014137448362978389,0.014952993722085143,1.0576868850847523,1.024952097776859,1.0914507825031614,3830,True,False,build,
inv_h8_fcf_divergence,3,drawdown,10-20,38904,37690,33611,518,470,launch_200,0.9687949825210775,0.8917750066330592,0.013743698593791457,0.01398351730088364,1.0174493572785799,0.9300678966307291,1.1129132579967749,470,True,False,build,
inv_h8_fcf_divergence,3,drawdown,20-30,28427,27907,25329,481,458,launch_200,0.981707531572097,0.907621743648547,0.01723581897015086,0.018082040349007067,1.0490966736377134,0.9580424938694311,1.1486306115730487,458,True,False,build,
inv_h8_fcf_divergence,3,drawdown,>30,21977,21382,19413,1715,1608,launch_200,0.9729262410702098,0.9079131980170236,0.08020765129548219,0.08283109256683666,1.032708117355161,0.9853908682569137,1.08208335869325,1608,True,False,build,
inv_h8_fcf_divergence,3,mst,0-12,297665,286984,251508,5793,5375,launch_200,0.9641173802764853,0.8763833523820144,0.02018579432999749,0.021371089587607552,1.0587192774400078,1.0310799027078215,1.0870829560847781,5375,True,False,build,
inv_h8_fcf_divergence,3,mst,13-24,33927,33240,30150,375,359,launch_200,0.9797506410823238,0.9070397111913358,0.01128158844765343,0.011907131011608623,1.0554480928689882,0.9523001205537016,1.1696194697740734,359,True,False,build,
inv_h8_fcf_divergence,3,mst,>24,61837,59665,52831,687,632,launch_200,0.9648753982243641,0.8854604877231208,0.011514288108606385,0.01196267343037232,1.0389416451574447,0.961454068564504,1.1225926411828648,632,True,False,build,
inv_h8_fcf_divergence,6,all,ALL,393429,374772,329754,6631,6125,launch_200,0.9525784830299749,0.8798789664115783,0.01769342426862199,0.01857445247062962,1.0497941036529639,1.0240640871718185,1.076158060336846,6125,True,False,build,
inv_h8_fcf_divergence,6,drawdown,0-10,304121,288867,253064,3985,3676,launch_200,0.9498423324926591,0.8760571474069382,0.01379527602668356,0.014525969715170867,1.0529669494886482,1.019706434797797,1.0872958419227234,3676,True,False,build,
inv_h8_fcf_divergence,6,drawdown,10-20,38904,37190,33313,504,470,launch_200,0.9559428336417849,0.8957515461145469,0.01355203011562248,0.014108606249812385,1.041069576251037,0.9516644924004752,1.1387425980974786,470,True,False,build,
inv_h8_fcf_divergence,6,drawdown,20-30,28427,27710,24736,476,441,launch_200,0.9747775002638337,0.8926741248646698,0.01717791411042945,0.017828266494178527,1.0378597994825356,0.9461290082188172,1.1383074612138901,441,True,False,build,
inv_h8_fcf_divergence,6,drawdown,>30,21977,21005,18641,1666,1538,launch_200,0.9557719433953679,0.8874553677695787,0.0793144489407284,0.08250630330990827,1.040243037829906,0.9915235159843203,1.0911315873912404,1538,True,False,build,
inv_h8_fcf_divergence,6,mst,0-12,297665,282816,247439,5592,5158,launch_200,0.950115062234391,0.8749116033039149,0.01977257298031229,0.02084554172947676,1.0542655096143954,1.0261697488876105,1.0831136960682175,5158,True,False,build,
inv_h8_fcf_divergence,6,mst,13-24,33927,33060,29849,365,344,launch_200,0.9744451321955965,0.9028735632183909,0.011040532365396248,0.011524674193440316,1.0438513118770874,0.9397333158646731,1.159355883282138,344,True,False,build,
inv_h8_fcf_divergence,6,mst,>24,61837,58896,52466,674,623,launch_200,0.9524394779824377,0.8908245042108123,0.011443901113827764,0.011874356726260816,1.037614412091776,0.9596872423658189,1.1217871788461822,623,True,False,build,
inv_h8_fcf_divergence,12,all,ALL,393429,365015,321728,6221,5716,launch_200,0.9277785826667582,0.8814103529991918,0.017043135213621358,0.017766560572906306,1.0424467300304445,1.0159993522333561,1.069569786129426,5716,True,False,build,
inv_h8_fcf_divergence,12,drawdown,0-10,304121,281218,247599,3716,3457,launch_200,0.9246911591110117,0.8804521758920126,0.013213947898071959,0.013962091930904407,1.056617752590171,1.0222085955017188,1.0921682314799683,3457,True,False,build,
inv_h8_fcf_divergence,12,drawdown,10-20,38904,36432,31753,488,450,launch_200,0.9364589759407773,0.8715689503732982,0.01339481774264383,0.014171889270305167,1.0580128481470448,0.9652485197532511,1.1595519257961442,450,True,False,build,
inv_h8_fcf_divergence,12,drawdown,20-30,28427,27038,24604,447,416,launch_200,0.951138002603159,0.909978548709224,0.01653228789111621,0.016907819866688344,1.0227150638825937,0.929734001207242,1.1248193794320585,416,True,False,build,
inv_h8_fcf_divergence,12,drawdown,>30,21977,20327,17772,1570,1393,launch_200,0.9249215088501616,0.8743051114281497,0.07723717223397451,0.07838172406031961,1.0148186655886093,0.9648295547587441,1.0671671085326362,1393,True,False,build,
inv_h8_fcf_divergence,12,mst,0-12,297665,274859,240884,5221,4781,launch_200,0.9233836695614197,0.8763911678351446,0.01899519389941752,0.01984772753690573,1.0448815443528772,1.01595950556164,1.074609790139278,4781,True,False,build,
inv_h8_fcf_divergence,12,mst,13-24,33927,32675,29088,357,328,launch_200,0.963097238187874,0.8902218821729151,0.010925784238714613,0.011276127612761276,1.0320657415881644,0.9267631004557751,1.149181537814288,328,True,False,build,
inv_h8_fcf_divergence,12,mst,>24,61837,57481,51756,643,607,launch_200,0.9295567378753821,0.9004018719228962,0.011186305039926236,0.01172810881830126,1.0484345614071147,0.9686988415646977,1.1346492862143989,607,True,False,build,
inv_ctl_divyield_gt_2,0,all,ALL,393429,393361,294244,7406,6402,launch_200,0.9998271606821053,0.7480253507592263,0.018827489252874585,0.021757452998191977,1.155621586392357,1.1279532838926412,1.1839531258233467,6402,True,False,build,
inv_ctl_divyield_gt_2,0,drawdown,0-10,304121,304063,228455,4571,4216,launch_200,0.9998092864353333,0.7513410049890976,0.015033068804820054,0.018454400210107025,1.2275870249586025,1.191410227167482,1.2648410516294846,4216,True,False,build,
inv_ctl_divyield_gt_2,0,drawdown,10-20,38904,38896,29519,543,500,launch_200,0.9997943656179313,0.7589212258329905,0.013960304401480873,0.016938243165418882,1.21331474431332,1.1122826982913625,1.3233516261482812,500,True,False,build,
inv_ctl_divyield_gt_2,0,drawdown,20-30,28427,28425,21588,491,436,launch_200,0.9999296443522003,0.7594722955145119,0.017273526824978014,0.020196405410413194,1.1692114537494807,1.0654161919976675,1.28289040242911,436,True,False,build,
inv_ctl_divyield_gt_2,0,drawdown,>30,21977,21977,14682,1801,1250,launch_200,1.0,0.6680620648860172,0.0819493106429449,0.08513826454161558,1.0389137367190924,0.9851420813707287,1.0953338033186284,1250,True,False,build,
inv_ctl_divyield_gt_2,0,mst,0-12,297665,297620,218584,6276,5369,launch_200,0.999848823341676,0.7344398897923526,0.021087292520663933,0.02456263953445815,1.1648076447172457,1.1344296201828665,1.195978120705759,5369,True,False,build,
inv_ctl_divyield_gt_2,0,mst,13-24,33927,33917,26301,393,365,launch_200,0.9997052495062929,0.7754518383111714,0.011587109708995489,0.013877799323219649,1.1976929253069741,1.0816600572413009,1.3259793124780452,365,True,False,build,
inv_ctl_divyield_gt_2,0,mst,>24,61837,61824,49359,737,668,launch_200,0.9997897698788751,0.7983792701863354,0.01192093685300207,0.013533499463117162,1.135271466496276,1.052884712934502,1.2240096071937254,668,True,False,build,
inv_ctl_divyield_gt_2,3,all,ALL,393429,393196,295226,7400,6469,launch_200,0.9994077711607431,0.7508367328253593,0.018820130418417277,0.02191202671851395,1.1642866564341636,1.1365560288007002,1.19267835965779,6469,True,False,build,
inv_ctl_divyield_gt_2,3,drawdown,0-10,304121,303927,229057,4565,4234,launch_200,0.999362096007839,0.7536579507579123,0.015020054157741826,0.018484482028490724,1.2306534872887405,1.1944628938040935,1.2679193423376698,4234,True,False,build,
inv_ctl_divyield_gt_2,3,drawdown,10-20,38904,38890,29864,543,506,launch_200,0.9996401398313798,0.7679094883003342,0.013962458215479558,0.0169434770961693,1.213502438802991,1.113030320942483,1.3228739092108093,506,True,False,build,
inv_ctl_divyield_gt_2,3,drawdown,20-30,28427,28407,21290,491,434,launch_200,0.9992964435220038,0.749463160488612,0.017284472137149294,0.020385157350868953,1.1793913744727786,1.074471226640292,1.2943232415471586,434,True,False,build,
inv_ctl_divyield_gt_2,3,drawdown,>30,21977,21972,15015,1801,1295,launch_200,0.999772489420758,0.6833697433096668,0.0819679592208265,0.08624708624708624,1.0522048745258072,0.9987070154806239,1.108284914649727,1295,True,False,build,
inv_ctl_divyield_gt_2,3,mst,0-12,297665,297486,219560,6271,5427,launch_200,0.9993986528480002,0.7380515385597978,0.021079983595866696,0.02471761705228639,1.1725633912320952,1.1421471682577164,1.2037685593592902,5427,True,False,build,
inv_ctl_divyield_gt_2,3,mst,13-24,33927,33911,26092,393,366,launch_200,0.9995283992100686,0.7694258500191679,0.011589159859632568,0.014027288057642189,1.2103800644343619,1.0932779195346174,1.3398278834682298,366,True,False,build,
inv_ctl_divyield_gt_2,3,mst,>24,61837,61799,49574,736,676,launch_200,0.9993854811844042,0.8021812650690141,0.011909577824883898,0.01363618025577924,1.1449759560148114,1.0623636784284272,1.2339167726490659,676,True,False,build,
inv_ctl_divyield_gt_2,6,all,ALL,393429,392948,296436,7390,6590,launch_200,0.9987774160013624,0.754389893828191,0.01880655964656901,0.022230768192797096,1.1820752232507759,1.1541819338408161,1.210626925717127,6590,True,False,build,
inv_ctl_divyield_gt_2,6,drawdown,0-10,304121,303735,229923,4556,4250,launch_200,0.998730768345494,0.756985530149637,0.01499991769140863,0.018484449141669166,1.2323033713882536,1.196131538547287,1.2695478540207883,4250,True,False,build,
inv_ctl_divyield_gt_2,6,drawdown,10-20,38904,38852,30287,542,510,launch_200,0.9986633765165536,0.7795480284155256,0.013950375785030372,0.01683890778221679,1.207057647886876,1.1074905310164316,1.3154093425782802,510,True,False,build,
inv_ctl_divyield_gt_2,6,drawdown,20-30,28427,28392,20523,491,432,launch_200,0.9987687761635066,0.7228444632290786,0.01729360383206537,0.02104955415874872,1.2171872539209647,1.1086977736183885,1.336042684770913,432,True,False,build,
inv_ctl_divyield_gt_2,6,drawdown,>30,21977,21969,15703,1801,1398,launch_200,0.9996359830732129,0.7147799171559925,0.08197915244207747,0.08902757434885054,1.0859782236923363,1.0328635385750318,1.141545056276701,1398,True,False,build,
inv_ctl_divyield_gt_2,6,mst,0-12,297665,297298,220669,6261,5537,launch_200,0.9987670703643358,0.7422485183216839,0.021059677495307738,0.025091879693115028,1.1914655245174433,1.1608692504377531,1.2228469170353358,5537,True,False,build,
inv_ctl_divyield_gt_2,6,mst,13-24,33927,33891,25813,393,363,launch_200,0.9989388982226545,0.7616476350653566,0.01159599893777109,0.014062681594545384,1.2127184272792306,1.094932422030645,1.3429752568879458,363,True,False,build,
inv_ctl_divyield_gt_2,6,mst,>24,61837,61759,49954,736,690,launch_200,0.9987386192732507,0.808853770300685,0.011917291406920449,0.013812707691075789,1.1590475737678665,1.0762481615388442,1.2481210444911581,690,True,False,build,
inv_ctl_divyield_gt_2,12,all,ALL,393429,388321,295052,7164,6512,launch_200,0.987016717120497,0.7598146893935688,0.01844865459246345,0.022070685845206946,1.196330373826997,1.1679318833624046,1.2254034248381347,6512,True,False,build,
inv_ctl_divyield_gt_2,12,drawdown,0-10,304121,299826,228616,4363,4100,launch_200,0.9858773317199404,0.7624955807701801,0.014551773361883225,0.017934002869440458,1.2324273078920136,1.1955959397911842,1.2703719519821,4100,True,False,build,
inv_ctl_divyield_gt_2,12,drawdown,10-20,38904,38427,29557,533,507,launch_200,0.9877390499691548,0.7691727170999557,0.013870455669190934,0.017153297019318604,1.2366786952370656,1.1343940051969308,1.3480108715724526,507,True,False,build,
inv_ctl_divyield_gt_2,12,drawdown,20-30,28427,28240,20071,488,426,launch_200,0.9934217469307348,0.710729461756374,0.017280453257790367,0.021224652483682927,1.2282462830721432,1.1180467906079226,1.3490493114337727,426,True,False,build,
inv_ctl_divyield_gt_2,12,drawdown,>30,21977,21828,16808,1780,1479,launch_200,0.9932201847385903,0.7700201575957486,0.0815466373465274,0.08799381247025226,1.0790612014610486,1.0276908759130041,1.1327404453835273,1479,True,False,build,
inv_ctl_divyield_gt_2,12,mst,0-12,297665,293612,221402,6066,5486,launch_200,0.9863840223069558,0.7540631854283885,0.020659918531940113,0.02477845728584204,1.1993492252902493,1.1684047145123977,1.2310919230215285,5486,True,False,build,
inv_ctl_divyield_gt_2,12,mst,13-24,33927,33675,23947,390,354,launch_200,0.9925722875585816,0.7111210096510765,0.011581291759465479,0.014782645007725394,1.276424540090135,1.1510040759863656,1.41528455433827,354,True,False,build,
inv_ctl_divyield_gt_2,12,mst,>24,61837,61034,49703,708,672,launch_200,0.9870142471335932,0.8143493790346364,0.011600091752138152,0.013520310645232682,1.1655348021484908,1.0811940945248475,1.256357573640006,672,True,False,build,
h9_rs6_top_decile,0,all,ALL,393429,393051,39379,627,125,launch_500,0.9990392167328793,0.10018801631340463,0.0015952128349756138,0.0031742807079915693,1.9898791173154615,1.6706720139574496,2.369844374922404,125,True,False,build,
h9_rs6_top_decile,0,drawdown,0-10,304121,303819,30441,414,85,launch_500,0.99900697419777,0.10019452371313183,0.00136265342193872,0.002792286718570349,2.04915400615779,1.6577749083857147,2.5326130198142236,85,False,False,build,
h9_rs6_top_decile,0,drawdown,10-20,38904,38871,3895,54,17,launch_500,0.9991517581739667,0.10020323634586195,0.0013892104653855058,0.0043645699614890884,3.141762943945229,1.9628933827830917,5.023680390990075,17,False,False,build,
h9_rs6_top_decile,0,drawdown,20-30,28427,28392,2843,36,12,launch_500,0.9987687761635066,0.1001338405184559,0.001267962806424345,0.004220893422441084,3.328877945831868,1.9055826962023488,5.807397070390386,12,False,False,build,
h9_rs6_top_decile,0,drawdown,>30,21977,21969,2200,123,11,launch_500,0.9996359830732129,0.10014110792480313,0.005598798306704902,0.005,0.8930487804878049,0.4990767418811397,1.595237551641747,11,False,False,build,
h9_rs6_top_decile,0,mst,0-12,297665,297362,29793,513,98,launch_500,0.9989820771672854,0.10019101297408546,0.001725169994821127,0.0032893632732521063,1.9066893599625592,1.5651321778934855,2.3224847566018423,98,False,False,build,
h9_rs6_top_decile,0,mst,13-24,33927,33898,3395,43,13,launch_500,0.9991452235682495,0.10015340138061242,0.0012685114166027494,0.003829160530191458,3.018625201219303,1.7652153956770336,5.15619759368496,13,False,False,build,
h9_rs6_top_decile,0,mst,>24,61837,61791,6191,71,14,launch_500,0.9992561088021734,0.10019258468061693,0.0011490346490589244,0.002261347116782426,1.9680408407479282,1.1727704375988337,3.300546160889334,14,False,False,build,
h9_rs6_top_decile,3,all,ALL,393429,362119,34290,522,98,launch_500,0.9204176611281832,0.09469262866626717,0.0014415150820586602,0.002857976086322543,1.9826196214617493,1.627403720194366,2.4150984812959697,98,False,False,build,
h9_rs6_top_decile,3,drawdown,0-10,304121,278398,26429,335,63,launch_500,0.9154185340703207,0.09493243485944583,0.0012033132421928319,0.0023837451284573763,1.980984705290378,1.5488510232954373,2.5333166514128567,63,False,False,build,
h9_rs6_top_decile,3,drawdown,10-20,38904,36564,3451,50,21,launch_500,0.9398519432449105,0.09438245268570178,0.001367465266382234,0.006085192697768763,4.44997971602434,2.913132134877867,6.790045984782976,21,False,False,build,
h9_rs6_top_decile,3,drawdown,20-30,28427,26790,2467,34,10,launch_500,0.9424139022760052,0.09208659947741694,0.001269130272489735,0.004053506282934738,3.1939245094065187,1.7360679146493843,5.866875241488593,10,False,False,build,
h9_rs6_top_decile,3,drawdown,>30,21977,20367,1943,103,4,launch_500,0.926741593484097,0.09539942063141356,0.005057200373152649,0.002058672156459084,0.4070774350543899,0.1583602708748045,1.0443595376999077,4,False,False,build,
h9_rs6_top_decile,3,mst,0-12,297665,279698,26533,421,72,launch_500,0.939640199553189,0.09486303084040644,0.0015051948887728909,0.0027136019296724835,1.8028243052863047,1.4320806650238362,2.269219228670398,72,False,False,build,
h9_rs6_top_decile,3,mst,13-24,33927,31662,2961,41,13,launch_500,0.9332390131753471,0.09351904491188175,0.001294927673551892,0.004390408645727794,3.3904663058788636,1.9828296490131456,5.789891078408507,13,False,False,build,
h9_rs6_top_decile,3,mst,>24,61837,50759,4796,60,13,launch_500,0.8208515937060336,0.09448570696822238,0.0011820563840895212,0.0027105921601334446,2.2931157909368918,1.3407255398246358,3.9189016941574546,13,False,False,build,
h9_rs6_top_decile,6,all,ALL,393429,345162,31894,478,102,launch_500,0.877317127105526,0.09240298758264236,0.00138485696571465,0.0031980936853326643,2.3093314071481026,1.9030362568445929,2.8020324226479856,102,True,True,build,
h9_rs6_top_decile,6,drawdown,0-10,304121,263487,24336,297,62,launch_500,0.8663887071264398,0.09236129296701545,0.0011271903357660908,0.0025476660092044706,2.260191494165853,1.7637067274088665,2.8959799622184934,62,False,False,build,
h9_rs6_top_decile,6,drawdown,10-20,38904,35969,3295,46,15,launch_500,0.9245578860785524,0.09160666129166782,0.001278879034724346,0.004552352048558422,3.5596424094477803,2.1587458096948837,5.862801792195944,15,False,False,build,
h9_rs6_top_decile,6,drawdown,20-30,28427,25700,2417,30,6,launch_500,0.9040700742252085,0.09404669260700389,0.0011673151750972762,0.0024824162184526274,2.126603227141084,0.9750536118088864,4.630786343215754,6,False,False,build,
h9_rs6_top_decile,6,drawdown,>30,21977,20006,1846,105,19,launch_500,0.9103153296628294,0.09227231830450865,0.005248425472358292,0.010292524377031419,1.9610689779703865,1.2573388024337993,3.052323841306582,19,False,False,build,
h9_rs6_top_decile,6,mst,0-12,297665,271774,25175,395,83,launch_500,0.9130196697629885,0.09263211344720246,0.0014534134979799392,0.0032969215491559086,2.2683988787349314,1.8305888962718102,2.8104881603689225,83,False,False,build,
h9_rs6_top_decile,6,mst,13-24,33927,30989,2835,37,13,launch_500,0.9134023049488608,0.09148407499435283,0.0011939720546000193,0.004585537918871252,3.8405739072405742,2.246131221821602,6.557964379842659,13,False,False,build,
h9_rs6_top_decile,6,mst,>24,61837,42399,3884,46,6,launch_500,0.6856574542749486,0.09160593410221939,0.0010849312483784995,0.001544799176107106,1.4238682666905476,0.6527433138969895,3.10290061061754,6,False,False,build,
h9_rs6_top_decile,12,all,ALL,393429,317257,28710,406,94,launch_500,0.8063894629018197,0.0904944571750978,0.0012797195964155243,0.0032741205154998257,2.5584671241032715,2.0914663919664047,3.129325114503763,94,False,False,build,
h9_rs6_top_decile,12,drawdown,0-10,304121,239038,21535,243,59,launch_500,0.7859963632896118,0.09009027853312025,0.0010165747705385756,0.0027397260273972603,2.6950560910987087,2.0900953762704972,3.474497862629612,59,False,False,build,
h9_rs6_top_decile,12,drawdown,10-20,38904,33830,3103,36,8,launch_500,0.8695763931729386,0.09172332249482708,0.0010641442506650902,0.002578150177247825,2.422745013785942,1.2281907639370186,4.773229031322228,8,False,False,build,
h9_rs6_top_decile,12,drawdown,20-30,28427,24312,2157,27,2,launch_500,0.8552432546522672,0.08872161895360316,0.0011105626850937808,0.0009272137227630969,0.8349044454746819,0.22899408091765144,3.038620975699239,2,False,False,build,
h9_rs6_top_decile,12,drawdown,>30,21977,20077,1915,100,25,launch_500,0.9135459798880647,0.09538277631120187,0.0049808238282611945,0.013054830287206266,2.6210182767624017,1.7784551080387092,3.855022139164398,25,False,False,build,
h9_rs6_top_decile,12,mst,0-12,297665,260388,23565,343,80,launch_500,0.874768615725732,0.09049956219180608,0.0013172650045316988,0.003394865266284744,2.5772075129951952,2.0715752390401008,3.205732462926523,80,False,False,build,
h9_rs6_top_decile,12,mst,13-24,33927,29399,2735,27,3,launch_500,0.8665369764494355,0.09303037518282935,0.0009183985849858839,0.0010968921389396709,1.1943530367661994,0.40626245691986157,3.5063008983172117,3,False,False,build,
h9_rs6_top_decile,12,mst,>24,61837,27470,2410,36,11,launch_500,0.44423241748467746,0.08773207135056425,0.0013105205678922462,0.004564315352697096,3.4828261871830337,1.9462289214287505,6.222687347070494,11,False,False,build,
h9_rs12_top_decile,0,all,ALL,393429,389343,39007,596,105,launch_500,0.9896143903982675,0.10018672481590782,0.0015307839103309935,0.002691824544312559,1.7584614824769877,1.4530555671125607,2.127848626605314,105,True,False,build,
h9_rs12_top_decile,0,drawdown,0-10,304121,300669,30122,387,70,launch_500,0.9886492547374236,0.10018325800132372,0.001287129700767289,0.0023238828763030342,1.8054768489280542,1.4294800229872837,2.2800815241187404,70,False,False,build,
h9_rs12_top_decile,0,drawdown,10-20,38904,38548,3861,50,20,launch_500,0.9908492699979436,0.10016083843519767,0.0012970841548199648,0.00518000518000518,3.993576793576793,2.587206383721743,6.15830400751371,20,False,False,build,
h9_rs12_top_decile,0,drawdown,20-30,28427,28261,2833,36,9,launch_500,0.9941604812326309,0.10024415271929514,0.001273840274583348,0.0031768443346276033,2.4939110483586306,1.312776666826159,4.731322792919492,9,False,False,build,
h9_rs12_top_decile,0,drawdown,>30,21977,21865,2191,123,6,launch_500,0.9949037630249806,0.10020580836954036,0.005625428767436542,0.0027384755819260614,0.4868029967383198,0.22321029997659,1.05981845427147,6,False,False,build,
h9_rs12_top_decile,0,mst,0-12,297665,294396,29496,486,80,launch_500,0.9890178556430888,0.10019157868992785,0.001650837647250642,0.0027122321670735015,1.642943006291709,1.3205286504234937,2.043810427099936,80,False,False,build,
h9_rs12_top_decile,0,mst,13-24,33927,33730,3381,43,16,launch_500,0.9941934152739705,0.10023717758671806,0.0012748295286095464,0.004732327713694173,3.7121259019280104,2.2866362480107445,6.019426977065757,16,False,False,build,
h9_rs12_top_decile,0,mst,>24,61837,61217,6130,67,9,launch_500,0.9899736403771205,0.10013558325301795,0.0010944672231569662,0.001468189233278956,1.3414647805020574,0.7059399553121353,2.547526525829779,9,False,False,build,
h9_rs12_top_decile,3,all,ALL,393429,358858,34670,499,116,launch_500,0.9121289991332616,0.09661203038527774,0.0013905221563961232,0.003345832131525815,2.4061695932967755,2.006839759899106,2.88464021950236,116,True,True,build,
h9_rs12_top_decile,3,drawdown,0-10,304121,275744,26738,317,80,launch_500,0.9066917444043654,0.09696675176975746,0.0011496170360914472,0.0029919964096043086,2.602602706529749,2.0919141546460582,3.2374979707147653,80,False,False,build,
h9_rs12_top_decile,3,drawdown,10-20,38904,36221,3486,48,16,launch_500,0.9310353691137158,0.09624251125037961,0.0013251980895060875,0.004589787722317842,3.4634729393765538,2.133423581099318,5.61653140393541,16,False,False,build,
h9_rs12_top_decile,3,drawdown,20-30,28427,26656,2471,33,8,launch_500,0.9377000738734302,0.09269957983193278,0.0012379951980792316,0.003237555645487657,2.6151600995793634,1.3258793070649828,5.150126930802881,8,False,False,build,
h9_rs12_top_decile,3,drawdown,>30,21977,20237,1975,101,12,launch_500,0.9208263184238067,0.09759351682561644,0.004990858328803676,0.0060759493670886075,1.21741571625517,0.697099370741866,2.121969886951853,12,False,False,build,
h9_rs12_top_decile,3,mst,0-12,297665,277066,26782,403,92,launch_500,0.9307980447818857,0.09666288898673962,0.0014545270801902795,0.003435143006496901,2.3616906507148148,1.926444785571024,2.894857339903405,92,False,False,build,
h9_rs12_top_decile,3,mst,13-24,33927,31447,2987,40,14,launch_500,0.9269018775606449,0.09498521321588704,0.0012719814290711355,0.004686976899899564,3.68478406427854,2.196596486543953,6.173275096474122,14,False,False,build,
h9_rs12_top_decile,3,mst,>24,61837,50345,4901,56,10,launch_500,0.8141565729255947,0.09734829675240839,0.0011123249577912405,0.0020403999183840034,1.8343559623400474,0.9967467702186961,3.3732002411799042,10,False,False,build,
h9_rs12_top_decile,6,all,ALL,393429,342121,32542,455,115,launch_500,0.8695876511390873,0.09511839378465514,0.0013299388228141505,0.0035338946592096366,2.6571858784691433,2.214489023552178,3.1880056007536575,115,True,True,build,
h9_rs12_top_decile,6,drawdown,0-10,304121,261023,24875,280,72,launch_500,0.8582866687930133,0.09529811549173828,0.0010727024055351443,0.0028944723618090453,2.6982994974874375,2.1434403303094065,3.396267144952325,72,False,False,build,
h9_rs12_top_decile,6,drawdown,10-20,38904,35720,3353,46,15,launch_500,0.9181575159366646,0.09386898096304591,0.0012877939529675252,0.0044736057262153295,3.4738520987045995,2.1066935283141057,5.721685865561919,15,False,False,build,
h9_rs12_top_decile,6,drawdown,20-30,28427,25558,2386,29,3,launch_500,0.899074823231435,0.09335628765944128,0.0011346740746537287,0.0012573344509639564,1.1081018585426483,0.3769340168981999,3.2523358194120164,3,False,False,build,
h9_rs12_top_decile,6,drawdown,>30,21977,19820,1928,100,25,launch_500,0.9018519361150293,0.09727547931382442,0.005045408678102927,0.012966804979253113,2.570020746887967,1.7438312912473921,3.7801091445544777,25,False,False,build,
h9_rs12_top_decile,6,mst,0-12,297665,269235,25674,374,95,launch_500,0.9044899467522215,0.09535907292885397,0.0013891210280981298,0.0037002414894445742,2.6637286561781015,2.1799005709126407,3.2544552509270006,95,False,False,build,
h9_rs12_top_decile,6,mst,13-24,33927,30829,2890,36,10,launch_500,0.9086862970495475,0.0937429044081871,0.001167731681209251,0.0034602076124567475,2.963187235678585,1.6104959272410058,5.444796668501021,10,False,False,build,
h9_rs12_top_decile,6,mst,>24,61837,42057,3978,45,10,launch_500,0.6801267849345861,0.09458591910977958,0.0010699764605178687,0.002513826043237808,2.3494218200100554,1.2767190121074452,4.319241475159034,10,False,False,build,
h9_rs12_top_decile,12,all,ALL,393429,314533,29466,388,108,launch_500,0.7994657231673313,0.09368174404593477,0.0012335748554205758,0.0036652412950519244,2.9712354130323892,2.4619259261143087,3.5854405713315973,108,True,True,build,
h9_rs12_top_decile,12,drawdown,0-10,304121,236870,22217,233,67,launch_500,0.778867621768967,0.09379406425465445,0.0009836619242622536,0.0030157086915425127,3.065797930324785,2.4150285261957563,3.891255097913115,67,False,False,build,
h9_rs12_top_decile,12,drawdown,10-20,38904,33636,3080,36,11,launch_500,0.8645897594077729,0.0915685574979189,0.0010702818408847663,0.0035714285714285713,3.336904761904762,1.8643932846551379,5.964976913745499,11,False,False,build,
h9_rs12_top_decile,12,drawdown,20-30,28427,24186,2181,26,8,launch_500,0.8508108488408908,0.09017613495410567,0.001075002067311668,0.0036680421824850985,3.4121257009840225,1.7300625845265492,6.7177520075945925,8,False,False,build,
h9_rs12_top_decile,12,drawdown,>30,21977,19841,1988,93,22,launch_500,0.9028074805478454,0.10019656267325236,0.004687263746786957,0.011066398390342052,2.3609506501373834,1.5615523089617382,3.562697050070101,22,False,False,build,
h9_rs12_top_decile,12,mst,0-12,297665,257873,24293,325,88,launch_500,0.866319520266071,0.09420528709868811,0.0012603103077871666,0.0036224426789610176,2.8742466490821985,2.3339024894169564,3.5391314260383564,88,False,False,build,
h9_rs12_top_decile,12,mst,13-24,33927,29311,2689,27,6,launch_500,0.8639431721048133,0.0917403022755962,0.0009211558800450342,0.002231312755671253,2.4222965993140777,1.1105823184049428,5.275746279097968,6,False,False,build,
h9_rs12_top_decile,12,mst,>24,61837,27349,2484,36,14,launch_500,0.44227566020343806,0.09082598998135215,0.0013163186953819152,0.005636070853462158,4.28169171587046,2.5527956308109925,7.170404104755827,14,False,False,build,
h10_sponsorship,0,all,ALL,393429,170201,8103,300,51,launch_500,0.432609187426448,0.04760841593175128,0.0017626218412347754,0.006293965198074787,3.5707972355917557,2.717861169353018,4.68918395190902,51,False,False,build,
h10_sponsorship,0,drawdown,0-10,304121,167888,8005,285,47,launch_500,0.5520434300821054,0.04768059658820166,0.0016975602782807585,0.0058713304184884445,3.458687443155046,2.602805085895894,4.593805754059181,47,False,False,build,
h10_sponsorship,0,drawdown,10-20,38904,2313,98,15,4,launch_500,0.05945404071560765,0.04236921746649373,0.00648508430609598,0.04081632653061224,6.293877551020407,2.464925406354467,15.464442255435715,4,False,False,build,
h10_sponsorship,0,drawdown,20-30,28427,0,0,0,0,launch_500,0.0,,,,,,,0,False,False,build,
h10_sponsorship,0,drawdown,>30,21977,0,0,0,0,launch_500,0.0,,,,,,,0,False,False,build,
h10_sponsorship,0,mst,0-12,297665,163092,7755,292,48,launch_500,0.5479045235415652,0.04754984916488853,0.0017904005101415151,0.006189555125725338,3.457078508783551,2.6093926200826107,4.5778755189532045,48,False,False,build,
h10_sponsorship,0,mst,13-24,33927,7109,348,8,3,launch_500,0.209538125976361,0.048952032634688426,0.0011253340835560557,0.008620689655172414,7.660560344827586,2.609054753702515,22.24693130944692,3,False,False,build,
h10_sponsorship,0,mst,>24,61837,0,0,0,0,launch_500,0.0,,,,,,,0,False,False,build,
h10_sponsorship,3,all,ALL,393429,162716,8160,292,42,launch_500,0.4135841536846547,0.05014872538656309,0.0017945377221662282,0.005147058823529412,2.8681809024979854,2.1232758017375493,3.872596653800781,42,False,False,build,
h10_sponsorship,3,drawdown,0-10,304121,160411,8051,278,39,launch_500,0.527457821064642,0.0501898248873207,0.0017330482323531429,0.00484411874301329,2.7951436391564926,2.0459500451089254,3.8168585507230097,39,False,False,build,
h10_sponsorship,3,drawdown,10-20,38904,2305,109,14,3,launch_500,0.05924840633353897,0.0472885032537961,0.006073752711496746,0.027522935779816515,4.531454783748362,1.5482776851843632,12.811036034563163,3,False,False,build,
h10_sponsorship,3,drawdown,20-30,28427,0,0,0,0,launch_500,0.0,,,,,,,0,False,False,build,
h10_sponsorship,3,drawdown,>30,21977,0,0,0,0,launch_500,0.0,,,,,,,0,False,False,build,
h10_sponsorship,3,mst,0-12,297665,155595,7819,284,42,launch_500,0.5227184922647943,0.0502522574632861,0.0018252514540955686,0.005371530886302597,2.9428991135713116,2.1786429589013987,3.9733001152593963,42,False,False,build,
h10_sponsorship,3,mst,13-24,33927,7121,341,8,0,launch_500,0.2098918265688095,0.047886532790338436,0.0011234377194214297,0.0,0.0,0.0,9.915798981382476,0,False,False,build,
h10_sponsorship,3,mst,>24,61837,0,0,0,0,launch_500,0.0,,,,,,,0,False,False,build,
h10_sponsorship,6,all,ALL,393429,154609,8018,280,46,launch_500,0.3929781485350597,0.051859852919299655,0.0018110200570471318,0.005737091544025941,3.167878523322524,2.3766539627134216,4.220491820963019,46,False,False,build,
h10_sponsorship,6,drawdown,0-10,304121,152309,7913,267,42,launch_500,0.5008171089796496,0.05195359433782639,0.0017530152518892516,0.005307721470997093,3.0277668521576637,2.2414550984690753,4.087935496976017,42,False,False,build,
h10_sponsorship,6,drawdown,10-20,38904,2300,105,13,4,launch_500,0.05911988484474604,0.04565217391304348,0.005652173913043478,0.0380952380952381,6.73992673992674,2.6383581710251884,16.610073098366836,4,False,False,build,
h10_sponsorship,6,drawdown,20-30,28427,0,0,0,0,launch_500,0.0,,,,,,,0,False,False,build,
h10_sponsorship,6,drawdown,>30,21977,0,0,0,0,launch_500,0.0,,,,,,,0,False,False,build,
h10_sponsorship,6,mst,0-12,297665,147538,7611,272,42,launch_500,0.4956511514622142,0.05158670986457726,0.0018435928370995947,0.005518328734726055,2.993247003176517,2.2159518560528078,4.0411563026012045,42,False,False,build,
h10_sponsorship,6,mst,13-24,33927,7071,407,8,4,launch_500,0.20841807410027413,0.05755904398246359,0.001131381699901004,0.009828009828009828,8.686732186732188,3.3838022676127206,22.091643898908515,4,False,False,build,
h10_sponsorship,6,mst,>24,61837,0,0,0,0,launch_500,0.0,,,,,,,0,False,False,build,
h10_sponsorship,12,all,ALL,393429,137584,7360,256,42,launch_500,0.34970477519450777,0.053494592394464476,0.0018606814745900685,0.005706521739130435,3.0668987771739133,2.2705249487799244,4.1404351895020985,42,False,False,build,
h10_sponsorship,12,drawdown,0-10,304121,135315,7235,244,40,launch_500,0.44493803453230785,0.05346783431253002,0.0018031999408786904,0.0055286800276434,3.066038270248224,2.2531705633609547,4.169947089775627,40,False,False,build,
h10_sponsorship,12,drawdown,10-20,38904,2269,125,12,2,launch_500,0.0583230516142299,0.05509034817100044,0.005288673424416042,0.016,3.0253333333333337,0.8317397930680924,10.676117975274531,2,False,False,build,
h10_sponsorship,12,drawdown,20-30,28427,0,0,0,0,launch_500,0.0,,,,,,,0,False,False,build,
h10_sponsorship,12,drawdown,>30,21977,0,0,0,0,launch_500,0.0,,,,,,,0,False,False,build,
h10_sponsorship,12,mst,0-12,297665,130695,6977,249,38,launch_500,0.439067407992206,0.05338383258732163,0.0019051991277401583,0.005446466962878028,2.858738954672064,2.0841909576750224,3.9189745212497633,38,False,False,build,
h10_sponsorship,12,mst,13-24,33927,6889,383,7,4,launch_500,0.20305361511480532,0.055595877485847,0.0010161126433444621,0.010443864229765013,10.278254382693026,4.004183214331738,26.121044856825684,4,False,False,build,
h10_sponsorship,12,mst,>24,61837,0,0,0,0,launch_500,0.0,,,,,,,0,False,False,build,
inv_h15_near_high,0,all,ALL,393429,390561,187846,604,511,launch_500,0.9927102475923228,0.4809645612337125,0.0015464933774749655,0.0027203134482501625,1.7590204315596552,1.6131497444686518,1.9180423981012975,511,True,False,build,
inv_h15_near_high,0,drawdown,0-10,304121,301710,129861,395,326,launch_500,0.9920722344067,0.4304166252361539,0.0013092042027112128,0.0025103764794665064,1.9174827534679484,1.7205366861730604,2.1369095932747975,326,True,False,build,
inv_h15_near_high,0,drawdown,10-20,38904,38645,22609,50,36,launch_500,0.9933425868805265,0.5850433432526847,0.0012938284383490748,0.0015922862576849928,1.230678048564731,0.8891630251578646,1.7030748267699063,36,False,False,build,
inv_h15_near_high,0,drawdown,20-30,28427,28292,15865,36,30,launch_500,0.9952509937735252,0.5607592252226777,0.0012724445072812103,0.0018909549322407816,1.486080470637672,1.0412468655882081,2.1204390908360096,30,False,False,build,
inv_h15_near_high,0,drawdown,>30,21977,21914,19511,123,119,launch_500,0.9971333667015516,0.8903440722825591,0.005612850232727937,0.006099123571318743,1.0866357231047068,0.9085680350228514,1.2993465712069512,119,True,False,build,
inv_h15_near_high,0,mst,0-12,297665,295379,146752,493,430,launch_500,0.9923202257571431,0.4968261115380579,0.0016690421458532936,0.0029301133885739207,1.7555658470660773,1.5974913053866484,1.9292316388350526,430,True,False,build,
inv_h15_near_high,0,mst,13-24,33927,33786,13440,43,31,launch_500,0.9958440180387302,0.3977979044574676,0.0012727165097969574,0.002306547619047619,1.8123027408637873,1.2771779508368293,2.570904643584474,31,False,False,build,
inv_h15_near_high,0,mst,>24,61837,61396,27654,68,50,launch_500,0.9928683474295324,0.4504202228158186,0.0011075640106847351,0.0018080567006581326,1.6324624881412753,1.238594113043832,2.151280721077848,50,False,False,build,
inv_h15_near_high,3,all,ALL,393429,386687,185936,585,475,launch_500,0.9828634899816739,0.480843679772012,0.0015128514793618611,0.0025546424576198263,1.6886273983070732,1.5436070651501002,1.8472340820195576,475,True,False,build,
inv_h15_near_high,3,drawdown,0-10,304121,298437,129546,377,300,launch_500,0.9813100706626638,0.4340815649534073,0.001263248189735187,0.0023157797230327452,1.833194570829505,1.637349418821419,2.052404114900852,300,True,False,build,
inv_h15_near_high,3,drawdown,10-20,38904,38310,21813,49,35,launch_500,0.9847316471314004,0.56938136256852,0.0012790394152962673,0.0016045477467565214,1.2544943709845375,0.902238407765977,1.7439725575377523,35,False,False,build,
inv_h15_near_high,3,drawdown,20-30,28427,28170,15244,36,21,launch_500,0.990959299257748,0.5411430599929002,0.0012779552715654952,0.0013775911834164262,1.0779651010233535,0.7052231413635471,1.64730273394457,21,False,False,build,
inv_h15_near_high,3,drawdown,>30,21977,21770,19333,123,119,launch_500,0.9905810620193839,0.8880569591180524,0.005649977032613688,0.00615527853928516,1.08943425853852,0.9109118111685058,1.30268507445974,119,True,False,build,
inv_h15_near_high,3,mst,0-12,297665,292274,144729,477,397,launch_500,0.9818890363327902,0.4951826026263027,0.0016320302182198894,0.0027430577147634543,1.6807640472217482,1.5235490983281745,1.85415278445752,397,True,False,build,
inv_h15_near_high,3,mst,13-24,33927,33585,14518,43,28,launch_500,0.989919533115218,0.43227631383057913,0.0012803334822093196,0.0019286403085824494,1.5063577852032923,1.0425032348819072,2.1760254098703995,28,False,False,build,
inv_h15_near_high,3,mst,>24,61837,60828,26689,65,50,launch_500,0.9836829082911526,0.4387617544551851,0.0010685868350101928,0.0018734310015362135,1.7531855532529967,1.3301990830469088,2.3103438292435285,50,False,False,build,
inv_h15_near_high,6,all,ALL,393429,382241,182478,562,427,launch_500,0.9715628486969695,0.47738991892549465,0.0014702766055969924,0.0023400081105667534,1.5915427761408298,1.447721504015847,1.7496148799565132,427,True,False,build,
inv_h15_near_high,6,drawdown,0-10,304121,294712,128182,361,273,launch_500,0.9690616563801908,0.4349398735036239,0.001224924672222373,0.0021297842130720383,1.7387062742462231,1.5445002641785301,1.9572731596811574,273,True,False,build,
inv_h15_near_high,6,drawdown,10-20,38904,37945,19100,48,29,launch_500,0.9753495784495168,0.50336012649888,0.001264988799578337,0.001518324607329843,1.2002672338568936,0.835902629265541,1.7231094790904902,29,False,False,build,
inv_h15_near_high,6,drawdown,20-30,28427,28029,17303,35,21,launch_500,0.9859992260878742,0.6173249134824645,0.0012487066966356275,0.001213662370687164,0.9719355025140148,0.6358425018828588,1.4853504445788384,21,False,False,build,
inv_h15_near_high,6,drawdown,>30,21977,21555,17893,118,104,launch_500,0.9807981071119807,0.8301090234284388,0.005474367896079796,0.005812328843681887,1.0617351544539242,0.8767516213897565,1.2854719009428364,104,True,False,build,
inv_h15_near_high,6,mst,0-12,297665,288716,143030,457,358,launch_500,0.9699360018813096,0.49540032419401764,0.0015828703639562754,0.0025029714046004336,1.5812864158656865,1.4259160576395586,1.7535391095342556,358,True,False,build,
inv_h15_near_high,6,mst,13-24,33927,33383,15358,42,23,launch_500,0.983965573142335,0.4600545187670371,0.0012581253931641854,0.0014975908321396016,1.1903351130789601,0.7933791486523867,1.7854557525445254,23,False,False,build,
inv_h15_near_high,6,mst,>24,61837,60142,24090,63,46,launch_500,0.9725892265148698,0.4005520268697416,0.0010475208672807688,0.0019095060190950602,1.8228811269907161,1.3670271505299083,2.430358320310207,46,False,False,build,
inv_h15_near_high,12,all,ALL,393429,373183,175351,513,379,launch_500,0.9485396348515234,0.46987938893250764,0.001374660689259693,0.002161379176622888,1.5723001272313044,1.4219139204494062,1.7385535778197168,379,True,False,build,
inv_h15_near_high,12,drawdown,0-10,304121,287248,120778,331,234,launch_500,0.9445187935065319,0.42046593884030525,0.001152314376427338,0.0019374389375548526,1.6813458004071187,1.4794408417963818,1.9107447290582371,234,True,False,build,
inv_h15_near_high,12,drawdown,10-20,38904,37282,18202,45,34,launch_500,0.9583076290355748,0.4882248806394507,0.001207016790944692,0.0018679266014723656,1.5475564345798385,1.107749452357662,2.1615226974163506,34,False,False,build,
inv_h15_near_high,12,drawdown,20-30,28427,27660,22043,34,28,launch_500,0.973018609068843,0.7969269703543023,0.0012292118582791034,0.0012702445220704986,1.0333812788373526,0.7151115655017685,1.493040878177701,28,False,False,build,
inv_h15_near_high,12,drawdown,>30,21977,20993,14328,103,83,launch_500,0.9552259180051872,0.6825132186919449,0.004906397370552089,0.0057928531546622,1.1806734589885783,0.9530045561597216,1.4623394687688482,83,False,False,build,
inv_h15_near_high,12,mst,0-12,297665,281249,132194,413,309,launch_500,0.9448507550434213,0.4700247823103371,0.001468449665598811,0.00233747371287653,1.591796959498332,1.4240988450032126,1.779191058578987,309,True,False,build,
inv_h15_near_high,12,mst,13-24,33927,33131,19416,39,29,launch_500,0.9765378607009166,0.5860372460837282,0.001177145271799825,0.0014936135146271117,1.2688438295669446,0.8836587328219252,1.8215699514653734,29,False,False,build,
inv_h15_near_high,12,mst,>24,61837,58803,23741,61,41,launch_500,0.9509355240390057,0.4037379045286805,0.0010373620393517337,0.001726970220294006,1.6647709813762042,1.2274856182100404,2.2574717047451553,41,False,False,build,
inv_h21_no_dilution,0,all,ALL,393429,371223,162236,535,422,launch_500,0.9435577956886757,0.4370311106801033,0.0014411822543323016,0.0026011489435143866,1.8048716154359647,1.6408736430807185,1.9852134443907057,422,True,False,build,
inv_h21_no_dilution,0,drawdown,0-10,304121,286373,125753,349,276,launch_500,0.9416416492119912,0.4391231016890559,0.0012186903094914673,0.002194778653391967,1.800932227243031,1.6008131400799384,2.0260064913320117,276,True,False,build,
inv_h21_no_dilution,0,drawdown,10-20,38904,36871,16860,46,46,launch_500,0.9477431626567963,0.4572699411461582,0.0012475929592362562,0.0027283511269276394,2.186892052194543,1.640152842235885,2.9152206472873154,46,False,False,build,
inv_h21_no_dilution,0,drawdown,20-30,28427,27423,11954,34,34,launch_500,0.9646814648045872,0.4359114611822193,0.0012398351748532253,0.002844236238915844,2.294043834699682,1.6422797006460594,3.2034412227483906,34,False,False,build,
inv_h21_no_dilution,0,drawdown,>30,21977,20556,7669,106,66,launch_500,0.9353414933794422,0.37307841992605567,0.005156645261724071,0.008606076411526926,1.6689293086353536,1.3130083237980203,2.120268771599738,66,False,False,build,
inv_h21_no_dilution,0,mst,0-12,297665,279763,116089,441,335,launch_500,0.9398585658374347,0.414954801028013,0.0015763342543510042,0.0028857169929967525,1.8306504378951258,1.6450600615910895,2.037111113239364,335,True,False,build,
inv_h21_no_dilution,0,mst,13-24,33927,33043,15114,39,39,launch_500,0.9739440563562944,0.4574039887419423,0.0011802802408982236,0.0025803890432711395,2.186251157866878,1.59984975994153,2.9868302135528872,39,False,False,build,
inv_h21_no_dilution,0,mst,>24,61837,58417,31033,55,48,launch_500,0.9446933065963743,0.531232346748378,0.0009415067531711659,0.0015467405664937326,1.642835339506625,1.2393977915095582,2.177326702417904,48,False,False,build,
inv_h21_no_dilution,3,all,ALL,393429,366246,161064,509,398,launch_500,0.9309074826715875,0.43976999066201405,0.0013897762705940815,0.002471067401778175,1.7780325179403722,1.6118986124660089,1.961242606205235,398,True,False,build,
inv_h21_no_dilution,3,drawdown,0-10,304121,282559,124895,331,263,launch_500,0.929100588252702,0.44201388028694893,0.0011714367618798197,0.0021057688458304977,1.7975949828067057,1.5932550996623709,2.0280797078585096,263,True,False,build,
inv_h21_no_dilution,3,drawdown,10-20,38904,36476,17064,45,45,launch_500,0.9375899650421551,0.4678144533391819,0.0012336879043754797,0.0026371308016877636,2.137599624941397,1.5981134934787111,2.85856026850099,45,False,False,build,
inv_h21_no_dilution,3,drawdown,20-30,28427,27083,11437,32,32,launch_500,0.9527210046786506,0.4222944282391168,0.0011815530037292768,0.0027979365218151614,2.368016088135,1.6780379167302586,3.34057849548259,32,False,False,build,
inv_h21_no_dilution,3,drawdown,>30,21977,20128,7668,101,58,launch_500,0.9158665877963326,0.3809618441971383,0.005017885532591415,0.007563901930099113,1.5073882975151973,1.1670464424380504,1.9460080138121036,58,False,False,build,
inv_h21_no_dilution,3,mst,0-12,297665,275701,115221,419,314,launch_500,0.9262123528127257,0.4179201381206452,0.001519762351242832,0.002725197663620347,1.793173558610485,1.6057179207655359,2.0024464880994888,314,True,False,build,
inv_h21_no_dilution,3,mst,13-24,33927,32791,14447,38,38,launch_500,0.9665163439148761,0.4405782074349669,0.001158854563752249,0.0026303038693154287,2.269744583650585,1.6542446832279347,3.1134275618471623,38,False,False,build,
inv_h21_no_dilution,3,mst,>24,61837,57754,31396,52,46,launch_500,0.9339715704190048,0.5436160265955605,0.000900370537105655,0.0014651547967893998,1.6272798102649038,1.2202823096748905,2.169756619881525,46,False,False,build,
inv_h21_no_dilution,6,all,ALL,393429,361409,160037,485,371,launch_500,0.9186130153089884,0.4428140970479429,0.001341969901136939,0.0023182139130326113,1.7274708702993875,1.5605720807090435,1.9121731164874087,371,True,False,build,
inv_h21_no_dilution,6,drawdown,0-10,304121,278945,124280,318,247,launch_500,0.9172171602750221,0.4455358583233254,0.001140009679327466,0.0019874476987447698,1.7433603720954711,1.5392494121866827,1.9744762751137848,247,True,False,build,
inv_h21_no_dilution,6,drawdown,10-20,38904,36037,17028,44,44,launch_500,0.9263057783261361,0.4725143602408636,0.0012209673391236785,0.002583979328165375,2.1163377965703547,1.5770522667779234,2.839395732181185,44,False,False,build,
inv_h21_no_dilution,6,drawdown,20-30,28427,26679,10920,31,31,launch_500,0.9385091638231259,0.4093106938041156,0.0011619625923010607,0.0028388278388278387,2.443131868131868,1.721852119159002,3.465334942621885,31,False,False,build,
inv_h21_no_dilution,6,drawdown,>30,21977,19748,7809,92,49,launch_500,0.8985757837739455,0.3954324488555803,0.004658699615150901,0.00627481111537969,1.3469018468099796,1.0195671318108537,1.7784533653919874,49,False,False,build,
inv_h21_no_dilution,6,mst,0-12,297665,271825,114731,396,290,launch_500,0.9131910033090891,0.4220767037616113,0.0014568196449921825,0.0025276516373081382,1.7350477432103149,1.5467173383951245,1.9462443492645265,290,True,False,build,
inv_h21_no_dilution,6,mst,13-24,33927,32408,13828,38,38,launch_500,0.955227400005895,0.4266847691927919,0.0011725499876573686,0.0027480474399768588,2.3436505640728957,1.7081321911456038,3.2147233868356633,38,False,False,build,
inv_h21_no_dilution,6,mst,>24,61837,57176,31478,51,43,launch_500,0.9246244158028365,0.5505456835035679,0.0008919826500629635,0.0013660334201664654,1.5314573888517222,1.1372119693001614,2.062127037716005,43,False,False,build,
inv_h21_no_dilution,12,all,ALL,393429,352344,157913,441,316,launch_500,0.8955720091808179,0.448178484662716,0.0012516177372113616,0.002001101872550075,1.5988123314779674,1.4321244243220046,1.7848579677550773,316,True,False,build,
inv_h21_no_dilution,12,drawdown,0-10,304121,272285,123148,290,209,launch_500,0.8953179819874326,0.45227610775474225,0.001065060506454634,0.001697144898820931,1.5934727543981282,1.3917279597457661,1.8244055511670463,209,True,False,build,
inv_h21_no_dilution,12,drawdown,10-20,38904,35216,16164,43,39,launch_500,0.9052025498663376,0.4589959109495684,0.001221035892776011,0.002412769116555308,1.9760017955491096,1.4459664438740283,2.699686004815789,39,False,False,build,
inv_h21_no_dilution,12,drawdown,20-30,28427,25660,10401,26,25,launch_500,0.9026629612692159,0.4053390491036633,0.0010132501948558067,0.0024036150370156718,2.372183148070082,1.6073688145550855,3.4996170511256763,25,False,False,build,
inv_h21_no_dilution,12,drawdown,>30,21977,19183,8200,82,43,launch_500,0.8728670883196069,0.4274618151488297,0.004274618151488297,0.0052439024390243906,1.2267534205829864,0.911336917416272,1.6505633028437876,43,False,False,build,
inv_h21_no_dilution,12,mst,0-12,297665,264626,114821,353,241,launch_500,0.8890060974585524,0.4338991633475169,0.0013339581144709892,0.0020989191872566866,1.5734520930509575,1.3871065227046113,1.7847718415790543,241,True,False,build,
inv_h21_no_dilution,12,mst,13-24,33927,31442,12418,38,38,launch_500,0.9267545023137914,0.39494943069779276,0.0012085745181604224,0.0030600740860041876,2.5319697213722017,1.845451578942844,3.4728020930173535,38,False,False,build,
inv_h21_no_dilution,12,mst,>24,61837,56276,30674,50,37,launch_500,0.9100700228018823,0.5450636150401592,0.0008884782145141801,0.0012062332920388602,1.357639694855578,0.9851599079555725,1.8707163412748757,37,False,False,build,
inv_h8_fcf_divergence,0,all,ALL,393429,385058,339240,581,553,launch_500,0.9787229716162256,0.8810101335383241,0.0015088635997693855,0.0016301143733050349,1.0803590023340621,0.9940515896917611,1.1741466634202211,553,True,False,build,
inv_h8_fcf_divergence,0,drawdown,0-10,304121,297159,260426,375,356,launch_500,0.9771077959101805,0.8763860424890378,0.0012619506728720987,0.0013669910070423076,1.0832364817644937,0.9764673171119431,1.2016623051883264,356,True,False,build,
inv_h8_fcf_divergence,0,drawdown,10-20,38904,38142,33733,50,49,launch_500,0.9804133251079581,0.8844056420743537,0.0013108908814430287,0.0014525835235526042,1.1080888151068686,0.8383672267239398,1.46441913778192,49,False,False,build,
inv_h8_fcf_divergence,0,drawdown,20-30,28427,28084,25316,36,32,launch_500,0.987934006402364,0.9014385415183023,0.00128186867967526,0.0012640227524095434,0.9860781938519338,0.6986309551722147,1.3915826013871124,32,False,False,build,
inv_h8_fcf_divergence,0,drawdown,>30,21977,21673,19765,120,116,launch_500,0.9861673567820903,0.9119641950814378,0.0055368430766391365,0.0058689602833291174,1.0599831351715996,0.8842364851945431,1.270413442473153,116,True,False,build,
inv_h8_fcf_divergence,0,mst,0-12,297665,291090,255708,473,449,launch_500,0.9779114104782222,0.8784499639286818,0.0016249269985227936,0.001755909083798708,1.0806079814016192,0.9852442903027526,1.18518430287546,449,True,False,build,
inv_h8_fcf_divergence,0,mst,13-24,33927,33453,30520,42,42,launch_500,0.9860288265982845,0.9123247541326638,0.0012554927809165098,0.0013761467889908258,1.0961009174311926,0.811089715435334,1.4810766258557246,42,False,False,build,
inv_h8_fcf_divergence,0,mst,>24,61837,60515,53012,66,62,launch_500,0.9786212138363762,0.8760142113525572,0.001090638684623647,0.0011695465177695616,1.0723501139821974,0.8366811930195214,1.3743005744292238,62,False,False,build,
inv_h8_fcf_divergence,3,all,ALL,393429,379889,334489,554,522,launch_500,0.9655846417015522,0.8804914067003783,0.0014583207199997893,0.0015605894364239183,1.0701277263784224,0.9822400076727761,1.1658659697810907,522,True,False,build,
inv_h8_fcf_divergence,3,drawdown,0-10,304121,292910,256136,361,346,launch_500,0.963136383215891,0.874452903622273,0.0012324604827421391,0.0013508448636661773,1.0960553158350694,0.9865532386905808,1.2176932690442037,346,True,False,build,
inv_h8_fcf_divergence,3,drawdown,10-20,38904,37690,33611,48,43,launch_500,0.9687949825210775,0.8917750066330592,0.0012735473600424517,0.0012793430722085031,1.004550841490385,0.7459406788805508,1.3526639591543936,43,False,False,build,
inv_h8_fcf_divergence,3,drawdown,20-30,28427,27907,25329,35,33,launch_500,0.981707531572097,0.907621743648547,0.0012541656215286487,0.0013028544356271468,1.038821678144194,0.7398489500188545,1.4583880089826289,33,False,False,build,
inv_h8_fcf_divergence,3,drawdown,>30,21977,21382,19413,110,100,launch_500,0.9729262410702098,0.9079131980170236,0.005144514077261248,0.0051511873486838715,1.0012971626323504,0.8236793287319084,1.2169756089977801,100,True,False,build,
inv_h8_fcf_divergence,3,mst,0-12,297665,286984,251508,451,425,launch_500,0.9641173802764853,0.8763833523820144,0.0015715161820868062,0.0016898070836712947,1.075271831708033,0.9778588369645911,1.182370920040952,425,True,False,build,
inv_h8_fcf_divergence,3,mst,13-24,33927,33240,30150,42,40,launch_500,0.9797506410823238,0.9070397111913358,0.001263537906137184,0.0013266998341625207,1.0499881544657663,0.7712501343392406,1.4292829592433625,40,False,False,build,
inv_h8_fcf_divergence,3,mst,>24,61837,59665,52831,61,57,launch_500,0.9648753982243641,0.8854604877231208,0.0010223749266739294,0.00107891200242282,1.0552997479435666,0.8146897020744566,1.3668720551605666,57,False,False,build,
inv_h8_fcf_divergence,6,all,ALL,393429,374772,329754,528,490,launch_500,0.9525784830299749,0.8798789664115783,0.0014088565848035606,0.0014859561976503697,1.0547249547458795,0.9654383356977506,1.1522556436716207,490,True,False,build,
inv_h8_fcf_divergence,6,drawdown,0-10,304121,288867,253064,341,324,launch_500,0.9498423324926591,0.8760571474069382,0.0011804740589960085,0.0012803085385515126,1.0845715149729027,0.9727912806713518,1.2091776918794142,324,True,False,build,
inv_h8_fcf_divergence,6,drawdown,10-20,38904,37190,33313,46,43,launch_500,0.9559428336417849,0.8957515461145469,0.0012368916375369724,0.0012907873803019842,1.0435735363789302,0.7749183997692927,1.4052062233879967,43,False,False,build,
inv_h8_fcf_divergence,6,drawdown,20-30,28427,27710,24736,35,30,launch_500,0.9747775002638337,0.8926741248646698,0.0012630819198845183,0.0012128072445019404,0.9601968212899648,0.6727214476445097,1.3703068030081824,30,False,False,build,
inv_h8_fcf_divergence,6,drawdown,>30,21977,21005,18641,106,93,launch_500,0.9557719433953679,0.8874553677695787,0.0050464175196381815,0.004989002735904726,0.9886226647894224,0.8074123131438664,1.210253281555224,93,False,False,build,
inv_h8_fcf_divergence,6,mst,0-12,297665,282816,247439,432,400,launch_500,0.950115062234391,0.8749116033039149,0.0015274949083503055,0.0016165600410606251,1.0583079735476892,0.9596219418105881,1.16712460422654,400,True,False,build,
inv_h8_fcf_divergence,6,mst,13-24,33927,33060,29849,39,34,launch_500,0.9744451321955965,0.9028735632183909,0.0011796733212341198,0.0011390666353981707,0.9655780247759878,0.691106284620149,1.3488821751366724,34,False,False,build,
inv_h8_fcf_divergence,6,mst,>24,61837,58896,52466,57,56,launch_500,0.9524394779824377,0.8908245042108123,0.0009678076609616952,0.0010673579079785004,1.1028616026017852,0.8494609620351721,1.4317487441657055,56,False,False,build,
inv_h8_fcf_divergence,12,all,ALL,393429,365015,321728,479,451,launch_500,0.9277785826667582,0.8814103529991918,0.0013122748380203554,0.001401805251641138,1.06822535266762,0.9741395515708055,1.171384302702618,451,True,False,build,
inv_h8_fcf_divergence,12,drawdown,0-10,304121,281218,247599,307,292,launch_500,0.9246911591110117,0.8804521758920126,0.0010916797644532,0.0011793262492982605,1.0802858930786912,0.9633394013003086,1.2114105406661047,292,True,False,build,
inv_h8_fcf_divergence,12,drawdown,10-20,38904,36432,31753,45,38,launch_500,0.9364589759407773,0.8715689503732982,0.0012351778656126482,0.001196737316159103,0.9688785311624099,0.7060261548134527,1.3294295813620907,38,False,False,build,
inv_h8_fcf_divergence,12,drawdown,20-30,28427,27038,24604,34,33,launch_500,0.951138002603159,0.909978548709224,0.0012574894592795325,0.001341245325963258,1.0666056212763109,0.7596401733684998,1.4973799390163562,33,False,False,build,
inv_h8_fcf_divergence,12,drawdown,>30,21977,20327,17772,93,88,launch_500,0.9249215088501616,0.8743051114281497,0.00457519555271314,0.00495160927301373,1.0822727063715063,0.8789095583385681,1.3324022617415032,88,False,False,build,
inv_h8_fcf_divergence,12,mst,0-12,297665,274859,240884,387,367,launch_500,0.9233836695614197,0.8763911678351446,0.0014079946445268302,0.0015235549060958803,1.0820743615881332,0.97695516556714,1.1984851435073363,367,True,False,build,
inv_h8_fcf_divergence,12,mst,13-24,33927,32675,29088,38,31,launch_500,0.963097238187874,0.8902218821729151,0.0011629686304514154,0.0010657315731573158,0.9163889250767183,0.6457056966594767,1.3003722567791869,31,False,False,build,
inv_h8_fcf_divergence,12,mst,>24,61837,57481,51756,54,53,launch_500,0.9295567378753821,0.9004018719228962,0.0009394408587185331,0.0010240358605765516,1.0900482463296437,0.8335273014641218,1.4254086125850614,53,False,False,build,
inv_ctl_divyield_gt_2,0,all,ALL,393429,393361,294244,629,588,launch_500,0.9998271606821053,0.7480253507592263,0.0015990400675206743,0.001998341512486236,1.2497132204977717,1.1527875950341797,1.3547706020195667,588,True,False,build,
inv_ctl_divyield_gt_2,0,drawdown,0-10,304121,304063,228455,416,398,launch_500,0.9998092864353333,0.7513410049890976,0.0013681375241315122,0.001742137401238756,1.273364241905913,1.154347526981328,1.4046283206904142,398,True,False,build,
inv_ctl_divyield_gt_2,0,drawdown,10-20,38904,38896,29519,54,54,launch_500,0.9997943656179313,0.7589212258329905,0.0013883175647881531,0.0018293302618652392,1.3176598123242655,1.0101610157003695,1.7185393608122586,54,False,False,build,
inv_ctl_divyield_gt_2,0,drawdown,20-30,28427,28425,21588,36,36,launch_500,0.9999296443522003,0.7594722955145119,0.001266490765171504,0.0016675931072818232,1.316703724291273,0.9513247956779721,1.8220908957254636,36,False,False,build,
inv_ctl_divyield_gt_2,0,drawdown,>30,21977,21977,14682,123,100,launch_500,1.0,0.6680620648860172,0.005596760249351595,0.006811061163329247,1.2169649689958282,1.0012240435383517,1.4788062180166548,100,True,False,build,
inv_ctl_divyield_gt_2,0,mst,0-12,297665,297620,218584,515,476,launch_500,0.999848823341676,0.7344398897923526,0.0017303944627377191,0.0021776525271749074,1.2584717381316426,1.1504841252306413,1.3765711739345659,476,True,False,build,
inv_ctl_divyield_gt_2,0,mst,13-24,33927,33917,26301,43,43,launch_500,0.9997052495062929,0.7754518383111714,0.0012678008078544684,0.0016349188243793011,1.2895707387551802,0.9576228513950672,1.7363305718020994,43,False,False,build,
inv_ctl_divyield_gt_2,0,mst,>24,61837,61824,49359,71,69,launch_500,0.9997897698788751,0.7983792701863354,0.0011484213250517598,0.001397921351729168,1.2172547837930154,0.9620581672374103,1.5400252824975649,69,False,False,build,
inv_ctl_divyield_gt_2,3,all,ALL,393429,393196,295226,629,592,launch_500,0.9994077711607431,0.7508367328253593,0.0015997110855654685,0.0020052434406183737,1.2535034974203214,1.1565999968505511,1.3585081941269763,592,True,False,build,
inv_ctl_divyield_gt_2,3,drawdown,0-10,304121,303927,229057,416,399,launch_500,0.999362096007839,0.7536579507579123,0.0013687497326660678,0.001741924499142135,1.2726391520451241,1.1538320578851247,1.403655964155157,399,True,False,build,
inv_ctl_divyield_gt_2,3,drawdown,10-20,38904,38890,29864,54,54,launch_500,0.9996401398313798,0.7679094883003342,0.0013885317562355361,0.0018081971604607555,1.3022368068577552,0.9983350963852231,1.698430315561098,54,False,False,build,
inv_ctl_divyield_gt_2,3,drawdown,20-30,28427,28407,21290,36,36,launch_500,0.9992964435220038,0.749463160488612,0.001267293272784877,0.001690934711131987,1.3342883983090652,0.9640324303459324,1.846415430575638,36,False,False,build,
inv_ctl_divyield_gt_2,3,drawdown,>30,21977,21972,15015,123,103,launch_500,0.999772489420758,0.6833697433096668,0.00559803386127799,0.00685980685980686,1.2253957424689133,1.011047053332512,1.4848079017207074,103,True,False,build,
inv_ctl_divyield_gt_2,3,mst,0-12,297665,297486,219560,515,480,launch_500,0.9993986528480002,0.7380515385597978,0.001731173903982036,0.00218619056294407,1.2628370598213197,1.154907561031242,1.380828727605322,480,True,False,build,
inv_ctl_divyield_gt_2,3,mst,13-24,33927,33911,26092,43,43,launch_500,0.9995283992100686,0.7694258500191679,0.0012680251245908408,0.0016480147171546835,1.299670397056569,0.9651241490643789,1.7499245987958105,43,False,False,build,
inv_ctl_divyield_gt_2,3,mst,>24,61837,61799,49574,71,69,launch_500,0.9993854811844042,0.8021812650690141,0.0011488859043026587,0.0013918586355750999,1.2114855185902196,0.9574978865433229,1.532727602053045,69,False,False,build,
inv_ctl_divyield_gt_2,6,all,ALL,393429,392948,296436,624,589,launch_500,0.9987774160013624,0.754389893828191,0.001587996376110834,0.0019869381586581926,1.2512233582827235,1.1542592167182817,1.3563154463928402,589,True,False,build,
inv_ctl_divyield_gt_2,6,drawdown,0-10,304121,303735,229923,412,393,launch_500,0.998730768345494,0.756985530149637,0.0013564455857902448,0.0017092678853355254,1.2601079639621013,1.14161851580103,1.390872283335759,393,True,False,build,
inv_ctl_divyield_gt_2,6,drawdown,10-20,38904,38852,30287,53,52,launch_500,0.9986633765165536,0.7795480284155256,0.0013641511376505714,0.00171690824446132,1.2585909266756832,0.9600219160450735,1.649806328601887,52,False,False,build,
inv_ctl_divyield_gt_2,6,drawdown,20-30,28427,28392,20523,36,36,launch_500,0.9987687761635066,0.7228444632290786,0.001267962806424345,0.00175412951322906,1.3834234760999853,0.9995402204963753,1.9143825420906257,36,False,False,build,
inv_ctl_divyield_gt_2,6,drawdown,>30,21977,21969,15703,123,108,launch_500,0.9996359830732129,0.7147799171559925,0.005598798306704902,0.006877666687894033,1.2284183696450732,1.0181061176619872,1.4818127523230245,108,True,False,build,
inv_ctl_divyield_gt_2,6,mst,0-12,297665,297298,220669,510,478,launch_500,0.9987670703643358,0.7422485183216839,0.0017154504907533855,0.0021661402371878245,1.2627238435989527,1.1545876034361835,1.380963855829431,478,True,False,build,
inv_ctl_divyield_gt_2,6,mst,13-24,33927,33891,25813,43,42,launch_500,0.9989388982226545,0.7616476350653566,0.0012687734206721548,0.0016270871266416147,1.2824095304421155,0.9489802122207304,1.7327331755732744,42,False,False,build,
inv_ctl_divyield_gt_2,6,mst,>24,61837,61759,49954,71,69,launch_500,0.9987386192732507,0.808853770300685,0.0011496300134393367,0.001381270769107579,1.2014915694269717,0.949598234630806,1.52008600685081,69,False,False,build,
inv_ctl_divyield_gt_2,12,all,ALL,393429,388321,295052,593,563,launch_500,0.987016717120497,0.7598146893935688,0.001527087126372254,0.0019081382264821117,1.249528067868061,1.150572107640801,1.356977154686874,563,True,False,build,
inv_ctl_divyield_gt_2,12,drawdown,0-10,304121,299826,228616,385,366,launch_500,0.9858773317199404,0.7624955807701801,0.001284078098630539,0.0016009378171256605,1.2467604726169308,1.125489797944743,1.3810747644387071,366,True,False,build,
inv_ctl_divyield_gt_2,12,drawdown,10-20,38904,38427,29557,50,49,launch_500,0.9877390499691548,0.7691727170999557,0.0013011684492674422,0.0016578137158710289,1.2740961531955206,0.963987234164075,1.6837464211008677,49,False,False,build,
inv_ctl_divyield_gt_2,12,drawdown,20-30,28427,28240,20071,36,36,launch_500,0.9934217469307348,0.710729461756374,0.0012747875354107649,0.0017936326042548951,1.4070051317821732,1.016582933461988,1.94699768558564,36,False,False,build,
inv_ctl_divyield_gt_2,12,drawdown,>30,21977,21828,16808,122,112,launch_500,0.9932201847385903,0.7700201575957486,0.005589151548469855,0.006663493574488339,1.1922191618355038,0.9914294626122255,1.4333462950011877,112,True,False,build,
inv_ctl_divyield_gt_2,12,mst,0-12,297665,293612,221402,483,456,launch_500,0.9863840223069558,0.7540631854283885,0.0016450281323651622,0.0020596019909485913,1.2520162728082769,1.1423527174274424,1.372183499967733,456,True,False,build,
inv_ctl_divyield_gt_2,12,mst,13-24,33927,33675,23947,43,42,launch_500,0.9925722875585816,0.7111210096510765,0.0012769116555308093,0.0017538731365097924,1.3735273923713316,1.0164214980716335,1.855799896316854,42,False,False,build,
inv_ctl_divyield_gt_2,12,mst,>24,61837,61034,49703,67,65,launch_500,0.9870142471335932,0.8143493790346364,0.0010977487957531868,0.0013077681427680421,1.1913182212791742,0.9348916728945388,1.517961346152645,65,False,False,build,
h9_rs6_top_decile,0,all,ALL,135729,135531,13573,1687,343,launch_300,0.9985412107950401,0.10014682987655961,0.012447336771661096,0.02527075812274368,2.0302140599487695,1.828639271185954,2.2533711117764663,343,True,True,holdout,True
h9_rs6_top_decile,0,drawdown,0-10,98461,98287,9842,1186,260,launch_300,0.9982328028356405,0.10013531799729364,0.012066702615808805,0.02641739483844747,2.1892803427373413,1.9416255397908135,2.4675604546483543,260,True,True,holdout,True
h9_rs6_top_decile,0,drawdown,10-20,34770,34746,3481,467,81,launch_300,0.9993097497842968,0.1001841938640419,0.013440396016807691,0.023269175524274634,1.7312864513200137,1.3959283301633632,2.144844135797213,81,False,False,holdout,False
h9_rs6_top_decile,0,drawdown,20-30,2498,2498,250,34,2,launch_300,1.0,0.100080064051241,0.013610888710968775,0.008,0.587764705882353,0.16138821991774405,2.108203986062675,2,False,False,holdout,False
h9_rs6_top_decile,0,mst,0-12,121373,121192,12138,1383,270,launch_300,0.9985087292890511,0.10015512575087465,0.011411644332959272,0.022244191794364803,1.949253862576037,1.732248722940042,2.1927500645620617,270,True,False,holdout,True
h9_rs6_top_decile,0,mst,13-24,14356,14339,1435,304,73,launch_300,0.9988158261354138,0.10007671385731222,0.021200920566287747,0.050871080139372825,2.39947505960022,1.917523952357661,2.994543600409093,73,False,False,holdout,False
h9_rs6_top_decile,3,all,ALL,135729,126915,12083,1478,250,launch_300,0.9350617775125434,0.09520545246818737,0.011645589567820983,0.020690225937267236,1.7766576622654067,1.5714384672112585,2.0080386900267615,250,True,False,holdout,True
h9_rs6_top_decile,3,drawdown,0-10,98461,91805,8774,1032,199,launch_300,0.9323996303104782,0.09557213659386744,0.011241217798594848,0.022680647367221335,2.0176325887090645,1.7585243404585473,2.3139058365694085,199,True,True,holdout,True
h9_rs6_top_decile,3,drawdown,10-20,34770,32761,3083,415,49,launch_300,0.9422203048605119,0.09410579652635756,0.01266750099203321,0.015893610120012974,1.2546760509439638,0.9507197900297647,1.6537500968034582,49,False,False,holdout,False
h9_rs6_top_decile,3,drawdown,20-30,2498,2349,226,31,2,launch_300,0.9403522818254604,0.09621115368241805,0.01319710515112814,0.008849557522123894,0.6705680844990008,0.18414887825175233,2.401025379974273,2,False,False,holdout,False
h9_rs6_top_decile,3,mst,0-12,121373,113325,10794,1206,174,launch_300,0.9336920072833332,0.09524818001323626,0.010641958967571145,0.016120066703724293,1.5147649744606597,1.3071463317783818,1.7547359252557617,174,True,False,holdout,True
h9_rs6_top_decile,3,mst,13-24,14356,13590,1289,272,76,launch_300,0.9466425188074673,0.09484915378955114,0.020014716703458425,0.05896043444530644,2.9458540592342444,2.366476794329608,3.656182384161097,76,False,False,holdout,False
h9_rs6_top_decile,6,all,ALL,135729,123138,11478,1430,199,launch_300,0.9072342682845965,0.09321249330019978,0.01161298705517387,0.017337515246558632,1.492941924776739,1.3007914014490252,1.7129032967225926,199,True,False,holdout,False
h9_rs6_top_decile,6,drawdown,0-10,98461,88865,8321,990,164,launch_300,0.9025400920161282,0.09363641478647386,0.011140494007764587,0.019709169570965027,1.7691468221452598,1.520283370067285,2.0577980863943792,164,True,False,holdout,True
h9_rs6_top_decile,6,drawdown,10-20,34770,31942,2933,407,33,launch_300,0.9186655162496405,0.09182267860497151,0.012741844593325403,0.01125127855438118,0.8830180333760286,0.6296380760899567,1.236743747428404,33,False,False,holdout,False
h9_rs6_top_decile,6,drawdown,20-30,2498,2331,224,33,2,launch_300,0.9331465172137711,0.0960960960960961,0.014157014157014158,0.008928571428571428,0.6306818181818181,0.17319760919635524,2.2578443253946263,2,False,False,holdout,False
h9_rs6_top_decile,6,mst,0-12,121373,109634,10213,1154,143,launch_300,0.9032816194705577,0.09315540799387051,0.010525931736505099,0.0140017624596103,1.330215966635109,1.1304305420100125,1.5647217077645488,143,True,False,holdout,False
h9_rs6_top_decile,6,mst,13-24,14356,13504,1265,276,56,launch_300,0.9406519921983839,0.09367594786729858,0.020438388625592416,0.04426877470355731,2.165962078249413,1.6756188634933877,2.7913199623912104,56,False,False,holdout,False
h9_rs6_top_decile,12,all,ALL,135729,117572,10653,1361,143,launch_300,0.8662260828562798,0.09060830810056816,0.011575885414894703,0.013423448793767013,1.1596044978550883,0.9854034200705226,1.3641092043559122,143,True,False,holdout,False
h9_rs6_top_decile,12,drawdown,0-10,98461,84569,7693,949,98,launch_300,0.8589086034064248,0.09096713925906656,0.011221606025848716,0.012738853503184714,1.1352076943212097,0.9325662928452607,1.3811922396388692,98,False,False,holdout,False
h9_rs6_top_decile,12,drawdown,10-20,34770,30809,2765,382,41,launch_300,0.886079953983319,0.0897465026453309,0.012398974325684053,0.014828209764918625,1.1959222896528219,0.8830852130871392,1.617336375759055,41,False,False,holdout,False
h9_rs6_top_decile,12,drawdown,20-30,2498,2194,195,30,4,launch_300,0.8783026421136909,0.08887876025524157,0.013673655423883319,0.020512820512820513,1.50017094017094,0.5854506578314581,3.769804852719624,4,False,False,holdout,False
h9_rs6_top_decile,12,mst,0-12,121373,104422,9505,1105,110,launch_300,0.8603396142469907,0.09102487981459846,0.01058206125146042,0.011572856391372961,1.0936296923981423,0.9082770136348427,1.3162754378941042,110,True,False,holdout,False
h9_rs6_top_decile,12,mst,13-24,14356,13150,1148,256,33,launch_300,0.9159933129005294,0.08730038022813688,0.01946768060836502,0.028745644599303136,1.4765829159407666,1.0551161096087025,2.059513326558164,33,False,False,holdout,False
h9_rs12_top_decile,0,all,ALL,135729,133598,13385,1659,271,launch_300,0.9842995969910631,0.10018862557822722,0.01241785056662525,0.020246544639521854,1.630438740657529,1.4490877302724163,1.8339591984247738,271,True,False,holdout,True
h9_rs12_top_decile,0,drawdown,0-10,98461,96864,9705,1171,218,launch_300,0.9837803800489534,0.1001920218037661,0.012089114634952098,0.022462648119526016,1.8580887681039864,1.6293989943012506,2.1180372932821068,218,True,False,holdout,True
h9_rs12_top_decile,0,drawdown,10-20,34770,34287,3435,454,51,launch_300,0.9861087144089733,0.10018374310963339,0.013241170122787062,0.014847161572052401,1.1212877286805303,0.8542120769348237,1.4702223440126283,51,False,False,holdout,False
h9_rs12_top_decile,0,drawdown,20-30,2498,2447,245,34,2,launch_300,0.9795836669335468,0.10012259910093993,0.013894564773191663,0.00816326530612245,0.587515006002401,0.16132378784250465,2.1066037948315564,2,False,False,holdout,False
h9_rs12_top_decile,0,mst,0-12,121373,119319,11955,1358,200,launch_300,0.9830769611033755,0.10019359867246624,0.011381255290439913,0.016729401923881223,1.4699083270659674,1.2811165512718714,1.6859796580660362,200,True,False,holdout,False
h9_rs12_top_decile,0,mst,13-24,14356,14279,1430,301,71,launch_300,0.9946363889662859,0.10014706912248757,0.021079907556551578,0.04965034965034965,2.355340008828381,1.8761408184143789,2.949013020109826,71,False,False,holdout,False
h9_rs12_top_decile,3,all,ALL,135729,125313,12171,1458,220,launch_300,0.9232588466724134,0.09712479950204687,0.011634866294797826,0.01807575384109769,1.55358500760595,1.3628388726223373,1.7704696178301709,220,True,False,holdout,True
h9_rs12_top_decile,3,drawdown,0-10,98461,90720,8793,1026,180,launch_300,0.9213800387970872,0.09692460317460318,0.01130952380952381,0.02047082906857728,1.810052254484728,1.5662660093634386,2.090869899663708,180,True,False,holdout,True
h9_rs12_top_decile,3,drawdown,10-20,34770,32300,3159,403,38,launch_300,0.9289617486338798,0.09780185758513932,0.012476780185758514,0.01202912314023425,0.9641207876664176,0.7034337708374103,1.3198114216691712,38,False,False,holdout,False
h9_rs12_top_decile,3,drawdown,20-30,2498,2293,219,29,2,launch_300,0.9179343474779824,0.09550806803314435,0.01264718709114697,0.0091324200913242,0.7220910092898756,0.1983067100393034,2.5840123656060054,2,False,False,holdout,False
h9_rs12_top_decile,3,mst,0-12,121373,111776,10844,1186,145,launch_300,0.9209296960609031,0.09701545949040939,0.010610506727741196,0.013371449649575802,1.2602083946298355,1.0720958438385833,1.480803061602411,145,True,False,holdout,False
h9_rs12_top_decile,3,mst,13-24,14356,13537,1327,272,75,launch_300,0.9429506826414042,0.0980276279825663,0.0200930782300362,0.05651846269781462,2.812832461545281,2.2558152152379476,3.49726716451795,75,False,False,holdout,False
h9_rs12_top_decile,6,all,ALL,135729,121619,11649,1413,174,launch_300,0.8960428500909902,0.09578273131665282,0.01161825043784277,0.014936904455318053,1.2856414599797072,1.1093426656222483,1.4894668083904252,174,True,False,holdout,False
h9_rs12_top_decile,6,drawdown,0-10,98461,87947,8438,985,143,launch_300,0.8932166035283006,0.09594414818015395,0.011199927228899223,0.016947143872955678,1.5131476773551604,1.286152681353823,1.779395274949353,143,True,False,holdout,True
h9_rs12_top_decile,6,drawdown,10-20,34770,31418,2987,399,28,launch_300,0.9035950532067875,0.09507288815328792,0.012699726271564071,0.009373953799799129,0.7381225074739074,0.5113126518353164,1.0641728833408202,28,False,False,holdout,False
h9_rs12_top_decile,6,drawdown,20-30,2498,2254,224,29,3,launch_300,0.9023218574859888,0.09937888198757763,0.012866015971606033,0.013392857142857142,1.040948275862069,0.35481420531620905,3.0024277614804165,3,False,False,holdout,False
h9_rs12_top_decile,6,mst,0-12,121373,108162,10346,1137,112,launch_300,0.8911537162301335,0.09565281707069026,0.010512009763133079,0.010825439783491205,1.0298163745487914,0.8566525980635759,1.237523989567427,112,True,False,holdout,False
h9_rs12_top_decile,6,mst,13-24,14356,13457,1303,276,62,launch_300,0.9373780997492338,0.09682693022218919,0.020509771865943376,0.047582501918649274,2.319991769272693,1.8183628771940588,2.9513033018864725,62,False,False,holdout,False
h9_rs12_top_decile,12,all,ALL,135729,116146,10863,1332,154,launch_300,0.8557198535316697,0.09352883439808517,0.011468324350386583,0.014176562643836878,1.236149433056365,1.0567345385365237,1.4455146394253546,154,True,False,holdout,False
h9_rs12_top_decile,12,drawdown,0-10,98461,83710,7929,941,111,launch_300,0.8501843369455927,0.0947198662047545,0.01124118982200454,0.013999243284146803,1.2453524498575228,1.0353456607896183,1.4972310816182421,111,True,False,holdout,False
h9_rs12_top_decile,12,drawdown,10-20,34770,30275,2744,363,40,launch_300,0.8707218866839229,0.09063583815028901,0.01199009083402147,0.014577259475218658,1.215775566424917,0.894364438074457,1.6503829754506059,40,False,False,holdout,False
h9_rs12_top_decile,12,drawdown,20-30,2498,2161,190,28,3,launch_300,0.8650920736589272,0.0879222582137899,0.012956964368347987,0.015789473684210527,1.218609022556391,0.4155391547951106,3.502867885757461,3,False,False,holdout,False
h9_rs12_top_decile,12,mst,0-12,121373,103054,9638,1078,124,launch_300,0.8490685737355096,0.09352378364740815,0.010460535253362315,0.012865739780037352,1.2299313054656487,1.0326458825645934,1.4643241659541084,124,True,False,holdout,False
h9_rs12_top_decile,12,mst,13-24,14356,13092,1225,254,30,launch_300,0.9119531903037058,0.09356859150626337,0.019401161014359916,0.024489795918367346,1.2622850715089184,0.8869303595369978,1.7908763633674885,30,False,False,holdout,False
h10_sponsorship,0,all,ALL,135729,129657,7599,1603,131,launch_300,0.9552637977145636,0.058608482380434535,0.012363389558604627,0.017239110409264378,1.3943676471203938,1.1766274928379008,1.6515666833485168,131,True,False,holdout,False
h10_sponsorship,0,drawdown,0-10,98461,93827,5702,1125,92,launch_300,0.9529356801170007,0.0607714197405864,0.011990152088418046,0.016134689582602595,1.3456617950816478,1.0988267584520897,1.646835160823006,92,False,False,holdout,False
h10_sponsorship,0,drawdown,10-20,34770,33341,1745,444,34,launch_300,0.9589013517400058,0.052337962268678206,0.013316937104465973,0.019484240687679084,1.4631172719997936,1.0495123803153674,2.0352403268502752,34,False,False,holdout,False
h10_sponsorship,0,drawdown,20-30,2498,2489,152,34,5,launch_300,0.9963971176941553,0.061068702290076333,0.013660104459622338,0.03289473684210526,2.4080882352941178,1.0344665487622273,5.467501654891701,5,False,False,holdout,False
h10_sponsorship,0,mst,0-12,121373,115988,6810,1321,102,launch_300,0.955632636583095,0.05871297030727317,0.011389109218194986,0.014977973568281937,1.3151137004071805,1.0847591102808871,1.5934864892125238,102,True,False,holdout,False
h10_sponsorship,0,mst,13-24,14356,13669,789,282,29,launch_300,0.9521454444134857,0.0577218523666691,0.02063062403979808,0.036755386565272496,1.7815935424138645,1.2462832892328208,2.534493251318663,29,False,False,holdout,False
h10_sponsorship,3,all,ALL,135729,129001,7693,1582,135,launch_300,0.9504306375203531,0.05963519662638274,0.012263470825807551,0.017548420642142206,1.4309505760157946,1.2105852390799379,1.6905852865564472,135,True,False,holdout,False
h10_sponsorship,3,drawdown,0-10,98461,93912,5845,1120,94,launch_300,0.9537989660880958,0.06223911747167561,0.011926058437686345,0.01608212147134303,1.348485885372113,1.1035123245840903,1.6467599199765295,94,False,False,holdout,False
h10_sponsorship,3,drawdown,10-20,34770,32605,1707,428,37,launch_300,0.9377336784584411,0.05235393344579052,0.013126821039717835,0.021675454012888107,1.6512340609584504,1.201057728177138,2.265046645136316,37,False,False,holdout,False
h10_sponsorship,3,drawdown,20-30,2498,2484,141,34,4,launch_300,0.9943955164131305,0.05676328502415459,0.013687600644122383,0.028368794326241134,2.072590738423029,0.8099444412237257,5.1629521411587875,4,False,False,holdout,False
h10_sponsorship,3,mst,0-12,121373,114951,6893,1287,104,launch_300,0.9470887264877691,0.059964680603039555,0.011196074849283607,0.015087770201653852,1.3475946172885098,1.113626650636444,1.6298099141052298,104,True,False,holdout,False
h10_sponsorship,3,mst,13-24,14356,14050,800,295,31,launch_300,0.9786848704374478,0.05693950177935943,0.02099644128113879,0.03875,1.845550847457627,1.3064842319948542,2.594582252187405,31,False,False,holdout,False
h10_sponsorship,6,all,ALL,135729,128320,7618,1581,135,launch_300,0.9454132867699607,0.05936720698254364,0.012320760598503741,0.017721186663166185,1.438319211016752,1.216834189951813,1.6992614934267356,135,True,False,holdout,False
h10_sponsorship,6,drawdown,0-10,98461,92920,5628,1117,94,launch_300,0.9437239109901382,0.06056823073611709,0.012021093413689196,0.016702203269367447,1.389407992649618,1.1370587915965658,1.6966034018206984,94,False,False,holdout,False
h10_sponsorship,6,drawdown,10-20,34770,32968,1841,430,36,launch_300,0.948173712970952,0.05584202863382674,0.013042950740111624,0.01955458989679522,1.4992458598082437,1.0854854371442701,2.066409803981991,36,False,False,holdout,False
h10_sponsorship,6,drawdown,20-30,2498,2432,149,34,5,launch_300,0.9735788630904724,0.06126644736842105,0.013980263157894737,0.03355704697986577,2.4003158310303987,1.0312471299006603,5.446520217984992,5,False,False,holdout,False
h10_sponsorship,6,mst,0-12,121373,114305,6863,1288,106,launch_300,0.9417662906906807,0.06004111806132715,0.011268098508376711,0.015445140609063091,1.37069627121037,1.1347951773893472,1.6547102592154947,106,True,False,holdout,False
h10_sponsorship,6,mst,13-24,14356,14015,755,293,29,launch_300,0.9762468654221231,0.05387085265786657,0.020906171958615768,0.038410596026490065,1.8372849942363765,1.285512766123877,2.612597840119081,29,False,False,holdout,False
h10_sponsorship,12,all,ALL,135729,124198,7240,1520,110,launch_300,0.915043947866705,0.05829401439636709,0.012238522359458284,0.015193370165745856,1.2414382814771736,1.0313248539348867,1.4935659781008104,110,True,False,holdout,False
h10_sponsorship,12,drawdown,0-10,98461,90064,5318,1082,75,launch_300,0.9147175023613411,0.059046899982234856,0.012013679161485167,0.014103046257991726,1.1739156729942393,0.9377971705957201,1.4684233584503346,75,False,False,holdout,False
h10_sponsorship,12,drawdown,10-20,34770,31788,1784,408,32,launch_300,0.9142364106988783,0.056121806971184095,0.012835032087580219,0.017937219730941704,1.3975204431548405,0.9921454884287984,1.964295506608149,32,False,False,holdout,False
h10_sponsorship,12,drawdown,20-30,2498,2346,138,30,3,launch_300,0.9391513210568455,0.058823529411764705,0.01278772378516624,0.021739130434782608,1.7,0.5802747939240271,4.845516019193668,3,False,False,holdout,False
h10_sponsorship,12,mst,0-12,121373,110903,6584,1247,88,launch_300,0.9137369925766027,0.05936719475577757,0.011244060124613401,0.013365735115431349,1.1886929603100904,0.9660220131664023,1.461837308706025,88,False,False,holdout,False
h10_sponsorship,12,mst,13-24,14356,13295,656,273,22,launch_300,0.9260936193925885,0.04934185784129372,0.020534035351635952,0.03353658536585366,1.6332194228535695,1.0835541474203754,2.447387250419768,22,False,False,holdout,False
inv_h15_near_high,0,all,ALL,135729,134170,81715,1664,1291,launch_300,0.9885138769165027,0.6090407691734366,0.012402176343444883,0.015798812947439272,1.2738742386766388,1.2067495381152453,1.3446694958884249,1291,True,False,holdout,False
inv_h15_near_high,0,drawdown,0-10,98461,97265,54736,1173,871,launch_300,0.987853058571414,0.5627512465943556,0.012059836529070066,0.01591274481145864,1.3194826292297737,1.235329008676215,1.4092700945608152,871,True,False,holdout,False
inv_h15_near_high,0,drawdown,10-20,34770,34435,24765,457,387,launch_300,0.9903652574058096,0.7191810657760999,0.013271380862494554,0.015626892792247122,1.1774880816215092,1.066626458268046,1.299670694830898,387,True,False,holdout,False
inv_h15_near_high,0,drawdown,20-30,2498,2470,2214,34,33,launch_300,0.988791032826261,0.8963562753036437,0.013765182186234818,0.014905149051490514,1.082815239917105,0.7724445471743202,1.5152647709795077,33,False,False,holdout,False
inv_h15_near_high,0,mst,0-12,121373,119875,74210,1363,1101,launch_300,0.9876578810773401,0.6190615224191867,0.011370177267987487,0.01483627543457755,1.3048411722083522,1.2305190964260093,1.3835806035556268,1101,True,False,holdout,False
inv_h15_near_high,0,mst,13-24,14356,14295,7505,301,190,launch_300,0.99575090554472,0.5250087443161945,0.02105631339629241,0.02531645569620253,1.2023213760040372,1.044722903199619,1.3829859976610186,190,True,False,holdout,False
inv_h15_near_high,3,all,ALL,135729,132471,80162,1643,1226,launch_300,0.9759962867183873,0.6051286696710978,0.012402714556393475,0.015294029590080088,1.23311953367468,1.1664728929249384,1.3035115765238103,1226,True,False,holdout,False
inv_h15_near_high,3,drawdown,0-10,98461,96119,54892,1167,847,launch_300,0.9762139324199429,0.5710837607548975,0.012141199970869442,0.01543029949719449,1.2709039908918915,1.1887275926792213,1.3586661376449345,847,True,False,holdout,False
inv_h15_near_high,3,drawdown,10-20,34770,33932,23155,444,347,launch_300,0.9758987633016969,0.6823942001650359,0.013084993516444654,0.014985964154610235,1.1452786839960236,1.0316832747364557,1.2711708377715116,347,True,False,holdout,False
inv_h15_near_high,3,drawdown,20-30,2498,2420,2115,32,32,launch_300,0.9687750200160128,0.8739669421487604,0.013223140495867768,0.015130023640661938,1.144208037825059,0.8120322402900831,1.6093430383524308,32,False,False,holdout,False
inv_h15_near_high,3,mst,0-12,121373,118227,71800,1342,1034,launch_300,0.974079902449474,0.6073062836746259,0.01135104502355638,0.014401114206128133,1.2687038220923328,1.1941893017962282,1.3477957579371391,1034,True,False,holdout,False
inv_h15_near_high,3,mst,13-24,14356,14244,8362,301,192,launch_300,0.9921983839509613,0.587054198258916,0.02113170457736591,0.02296101411145659,1.0865670598125834,0.9446962432148963,1.2491696232560812,192,True,False,holdout,False
inv_h15_near_high,6,all,ALL,135729,130678,80058,1624,1275,launch_300,0.9627861400290284,0.612635638745619,0.012427493533724117,0.015925953683579405,1.2815097139549194,1.2135756671808928,1.3531816709182223,1275,True,False,holdout,False
inv_h15_near_high,6,drawdown,0-10,98461,95007,55457,1160,894,launch_300,0.9649201206569098,0.5837148841664298,0.012209626659088278,0.016120597940746884,1.3203186625487406,1.237174999919902,1.4089523521853116,894,True,False,holdout,False
inv_h15_near_high,6,drawdown,10-20,34770,33308,23072,434,357,launch_300,0.9579522576934139,0.6926864416956887,0.013029902726071815,0.015473300970873786,1.187522370363742,1.07133855254579,1.3160868875379534,357,True,False,holdout,False
inv_h15_near_high,6,drawdown,20-30,2498,2363,1529,30,24,launch_300,0.9459567654123299,0.6470588235294118,0.012695725772323318,0.015696533682145193,1.2363636363636363,0.8326007338677065,1.8313270243212547,24,False,False,holdout,False
inv_h15_near_high,6,mst,0-12,121373,116475,71474,1323,1070,launch_300,0.9596450610926648,0.6136424125348787,0.011358660656793303,0.014970478775498782,1.3179792255300231,1.241865514161892,1.3986827584750856,1070,True,False,holdout,False
inv_h15_near_high,6,mst,13-24,14356,14203,8584,301,205,launch_300,0.9893424352187239,0.6043793564739843,0.021192705766387383,0.023881640260950607,1.126880188127181,0.9842273266929435,1.2896318753790703,205,True,False,holdout,False
inv_h15_near_high,12,all,ALL,135729,126903,78034,1557,1232,launch_300,0.9349733660455761,0.6149106010102204,0.012269213493770833,0.015787989850577954,1.286797222869553,1.2174303863108054,1.3600494955199967,1232,True,False,holdout,False
inv_h15_near_high,12,drawdown,0-10,98461,92750,59419,1133,925,launch_300,0.9419973390479479,0.6406361185983828,0.012215633423180593,0.015567411097460408,1.2743842712175224,1.1954265651835865,1.358469293787504,925,True,False,holdout,False
inv_h15_near_high,12,drawdown,10-20,34770,31886,17403,395,286,launch_300,0.9170549324129997,0.5457881201781346,0.01238788182901587,0.016433948169855772,1.3266148641620787,1.1825235207084612,1.4879354016106225,286,True,False,holdout,False
inv_h15_near_high,12,drawdown,20-30,2498,2267,1212,29,21,launch_300,0.9075260208166533,0.5346272606969563,0.012792236435818262,0.017326732673267328,1.3544725162171392,0.8880655140981418,2.0593068315080405,21,False,False,holdout,False
inv_h15_near_high,12,mst,0-12,121373,112811,68805,1259,993,launch_300,0.9294571280268263,0.6099139268333762,0.011160259194582089,0.014432090691083498,1.2931680563556953,1.2157129379630416,1.375481176138282,993,True,False,holdout,False
inv_h15_near_high,12,mst,13-24,14356,14092,9229,298,239,launch_300,0.9816104764558373,0.6549105875674142,0.021146749929037752,0.025896630187452595,1.2246151429583287,1.0804586984711542,1.387427659868359,239,True,False,holdout,False
inv_h21_no_dilution,0,all,ALL,135729,127649,52071,1579,901,launch_300,0.9404696122420412,0.40792328964582564,0.01236985796990184,0.017303297420829252,1.398827493648786,1.3111196766005337,1.492292464702166,901,True,False,holdout,False
inv_h21_no_dilution,0,drawdown,0-10,98461,93168,38092,1138,650,launch_300,0.9462426747646276,0.4088528250042933,0.012214494246951743,0.017063950435787043,1.3970247224968428,1.2944647766742836,1.507558420791754,650,True,False,holdout,False
inv_h21_no_dilution,0,drawdown,10-20,34770,32206,13048,411,236,launch_300,0.9262582686223756,0.4051418990250264,0.012761597217909705,0.018087063151440833,1.4173040288450207,1.2489195632675338,1.607917393112304,236,True,False,holdout,False
inv_h21_no_dilution,0,drawdown,20-30,2498,2275,931,30,15,launch_300,0.910728582866293,0.40923076923076923,0.013186813186813187,0.01611170784103115,1.2218045112781957,0.7422461839955593,2.0029365498796157,15,False,False,holdout,False
inv_h21_no_dilution,0,mst,0-12,121373,113526,47063,1275,724,launch_300,0.9353480592883096,0.4145570177756637,0.011230907457322551,0.01538363470242016,1.3697588339034912,1.2742172056204153,1.472344056871049,724,True,False,holdout,False
inv_h21_no_dilution,0,mst,13-24,14356,14123,5008,304,177,launch_300,0.9837698523265533,0.3545988812575232,0.021525171705728246,0.03534345047923323,1.6419590497309569,1.4204399768837623,1.8965694583834878,177,True,False,holdout,True
inv_h21_no_dilution,3,all,ALL,135729,125722,51134,1548,895,launch_300,0.9262722041715478,0.4067227692846121,0.012312880800496332,0.017503031251222278,1.4215220251719427,1.3321107414554245,1.5168206433140499,895,True,False,holdout,False
inv_h21_no_dilution,3,drawdown,0-10,98461,91941,37216,1128,650,launch_300,0.9337808878642305,0.4047813271554584,0.012268737559956928,0.017465606190885642,1.4235862577980647,1.3190953677515846,1.5361957276335187,650,True,False,holdout,False
inv_h21_no_dilution,3,drawdown,10-20,34770,31548,12940,392,230,launch_300,0.9073339085418464,0.4101686319259541,0.012425510333460125,0.01777434312210201,1.4304718796328424,1.2584367133881933,1.6255426219820481,230,True,False,holdout,False
inv_h21_no_dilution,3,drawdown,20-30,2498,2233,978,28,15,launch_300,0.8939151321056845,0.43797581728616214,0.012539184952978056,0.015337423312883436,1.223159509202454,0.7429829766613733,2.005787022171652,15,False,False,holdout,False
inv_h21_no_dilution,3,mst,0-12,121373,111717,46092,1247,720,launch_300,0.920443591243522,0.4125782110153334,0.01116213288935435,0.015620932048945588,1.3994576308837645,1.3015939591696737,1.5045540386400604,720,True,False,holdout,False
inv_h21_no_dilution,3,mst,13-24,14356,14005,5042,301,175,launch_300,0.9755502925606019,0.36001428061406643,0.021492324169939306,0.034708449028163425,1.6149230187356438,1.3958400058243559,1.866969611324509,175,True,False,holdout,True
inv_h21_no_dilution,6,all,ALL,135729,123810,50236,1514,886,launch_300,0.9121853104347634,0.4057507471125111,0.012228414506098054,0.01763675451867187,1.4422764709093554,1.3511205559790975,1.5394646726367525,886,True,False,holdout,False
inv_h21_no_dilution,6,drawdown,0-10,98461,90524,36350,1108,648,launch_300,0.9193894029107972,0.40155096990853256,0.012239847996111528,0.01782668500687758,1.4564466006882546,1.349402634005221,1.5718159273829326,648,True,False,holdout,False
inv_h21_no_dilution,6,drawdown,10-20,34770,31075,12946,378,221,launch_300,0.8937302272073626,0.41660498793242157,0.012164119066773935,0.017070909933570216,1.4033823444065991,1.231370934165346,1.5989477419823106,221,True,False,holdout,False
inv_h21_no_dilution,6,drawdown,20-30,2498,2211,940,28,17,launch_300,0.8851080864691754,0.4251469923111714,0.012663952962460425,0.018085106382978722,1.4280775075987842,0.8940080480025964,2.2719090060011298,17,False,False,holdout,False
inv_h21_no_dilution,6,mst,0-12,121373,110014,45190,1219,713,launch_300,0.9064124640570802,0.41076590252149725,0.011080407948079336,0.015777826952865677,1.4239391750554262,1.3239005477217498,1.5314068963126997,713,True,False,holdout,False
inv_h21_no_dilution,6,mst,13-24,14356,13796,5046,295,173,launch_300,0.9609919197548064,0.3657581907799362,0.021383009567990722,0.03428458184700753,1.6033562412247995,1.3846394786677756,1.8552090148658473,173,True,False,holdout,True
inv_h21_no_dilution,12,all,ALL,135729,120055,48773,1429,816,launch_300,0.8845198888962565,0.4062554662446379,0.011902877847653159,0.01673056814220983,1.4055901737669707,1.3131072173771554,1.5044682672560006,816,True,False,holdout,False
inv_h21_no_dilution,12,drawdown,0-10,98461,87595,35221,1039,604,launch_300,0.8896415839774123,0.4020891603402021,0.011861407614589875,0.017148860055080775,1.445769390302984,1.3358219222081573,1.5645956562418637,604,True,False,holdout,False
inv_h21_no_dilution,12,drawdown,10-20,34770,30307,12653,363,198,launch_300,0.8716422203048605,0.41749430824561984,0.011977430956544693,0.015648462815142653,1.3064957645689488,1.1378294357001295,1.4997090611169843,198,True,False,holdout,False
inv_h21_no_dilution,12,drawdown,20-30,2498,2153,899,27,14,launch_300,0.8618895116092874,0.4175568973525314,0.012540640966093822,0.01557285873192436,1.2417912907345612,0.7414893432953243,2.070811191293011,14,False,False,holdout,False
inv_h21_no_dilution,12,mst,0-12,121373,106860,43680,1154,642,launch_300,0.8804264539889431,0.40875912408759124,0.01079917649260715,0.014697802197802198,1.3610113889576627,1.2603905130410962,1.4695359017974945,642,True,False,holdout,False
inv_h21_no_dilution,12,mst,13-24,14356,13195,5093,275,174,launch_300,0.9191278907773753,0.38597953770367566,0.020841227737779463,0.0341645395641076,1.6392767256305447,1.4162467734034088,1.895999260746028,174,True,False,holdout,True
inv_h8_fcf_divergence,0,all,ALL,135729,131946,118747,1636,1526,launch_300,0.9721282850385695,0.8999666530247222,0.012399011716914494,0.012850850968866581,1.0364415537518765,0.9860314653801507,1.0893935766888898,1526,True,False,holdout,False
inv_h8_fcf_divergence,0,drawdown,0-10,98461,95753,86763,1164,1087,launch_300,0.9724967245914626,0.9061126022161186,0.012156277087924139,0.012528381913949494,1.0306100974281838,0.9714787871116465,1.0932921662867665,1087,True,False,holdout,False
inv_h8_fcf_divergence,0,drawdown,10-20,34770,33783,29821,440,410,launch_300,0.9716134598792062,0.8827220791522363,0.0130243021638102,0.013748700580128097,1.0556189811328809,0.9588457459585409,1.1620095426344372,410,True,False,holdout,False
inv_h8_fcf_divergence,0,drawdown,20-30,2498,2410,2163,32,29,launch_300,0.9647718174539631,0.8975103734439834,0.013278008298755186,0.013407304669440592,1.0097376329172445,0.7042598107787121,1.4451521145414548,29,False,False,holdout,False
inv_h8_fcf_divergence,0,mst,0-12,121373,117727,106344,1335,1247,launch_300,0.9699603700987864,0.9033102007186117,0.011339794609562802,0.011726096441736252,1.0340660343043324,0.9785451474171539,1.0926976047234356,1247,True,False,holdout,False
inv_h8_fcf_divergence,0,mst,13-24,14356,14219,12403,301,279,launch_300,0.990456951797158,0.8722835642450243,0.021168858569519656,0.022494557768281867,1.0626249731136208,0.9461525267265596,1.1930657929089041,279,True,False,holdout,False
inv_h8_fcf_divergence,3,all,ALL,135729,130010,116600,1604,1485,launch_300,0.9578645683678506,0.8968540881470656,0.012337512499038536,0.012735849056603774,1.032286618359761,0.9814046634193008,1.0857708302747637,1485,True,False,holdout,False
inv_h8_fcf_divergence,3,drawdown,0-10,98461,94623,85105,1147,1052,launch_300,0.9610200993286682,0.8994113481923,0.012121788571488962,0.01236120086951413,1.0197505753060467,0.9603010538999833,1.082831571673924,1052,True,False,holdout,False
inv_h8_fcf_divergence,3,drawdown,10-20,34770,33042,29385,427,405,launch_300,0.9503019844693702,0.8893226802251679,0.012922946552872102,0.013782542113323124,1.0665169941649242,0.9681731931370416,1.1746966638033394,405,True,False,holdout,False
inv_h8_fcf_divergence,3,drawdown,20-30,2498,2345,2110,30,28,launch_300,0.9387510008006406,0.8997867803837953,0.01279317697228145,0.013270142180094787,1.0372827804107425,0.7189024127264623,1.4939444162390483,28,False,False,holdout,False
inv_h8_fcf_divergence,3,mst,0-12,121373,115825,104049,1303,1217,launch_300,0.9542896690367709,0.8983293762141161,0.011249730196417009,0.011696412267297139,1.0397060252184889,0.983216562008341,1.0994004294994728,1217,True,False,holdout,False
inv_h8_fcf_divergence,3,mst,13-24,14356,14185,12551,301,268,launch_300,0.9880886040679855,0.8848078956644343,0.0212195981670779,0.02135288024858577,1.0062810841401633,0.8938187710200821,1.1325470252394474,268,True,False,holdout,False
inv_h8_fcf_divergence,6,all,ALL,135729,128103,115098,1572,1455,launch_300,0.9438145127423027,0.8984801292709773,0.012271375377625817,0.012641401240681853,1.0301535770579309,0.9788668227752677,1.0840912677165966,1455,True,False,holdout,False
inv_h8_fcf_divergence,6,drawdown,0-10,98461,93440,83529,1131,1038,launch_300,0.9490051898721321,0.8939319349315068,0.01210402397260274,0.012426821822361097,1.0266686393292845,0.966427373508408,1.090614826231053,1038,True,False,holdout,False
inv_h8_fcf_divergence,6,drawdown,10-20,34770,32366,29493,411,391,launch_300,0.9308599367270636,0.9112340109991967,0.012698510782920348,0.013257383107856102,1.044010855642021,0.9460945776380992,1.15191096534235,391,True,False,holdout,False
inv_h8_fcf_divergence,6,drawdown,20-30,2498,2297,2076,30,26,launch_300,0.9195356285028022,0.9037875489769265,0.013060513713539399,0.012524084778420038,0.958927424534361,0.6554893332715265,1.4002415735661122,26,False,False,holdout,False
inv_h8_fcf_divergence,6,mst,0-12,121373,113972,102699,1273,1197,launch_300,0.9390226821451229,0.9010897413399782,0.011169410030533814,0.011655420208570678,1.0435126095924725,0.9863566824629559,1.103939230334515,1197,True,False,holdout,False
inv_h8_fcf_divergence,6,mst,13-24,14356,14131,12399,299,258,launch_300,0.9843271106157704,0.8774325950038921,0.021159153633854646,0.020808129687878055,0.9834103030749324,0.8714933035647695,1.1093559610357016,258,True,False,holdout,False
inv_h8_fcf_divergence,12,all,ALL,135729,124242,111190,1514,1417,launch_300,0.9153681232455849,0.8949469583554676,0.012185895268910674,0.0127439517942261,1.0457952832352966,0.9930565481643872,1.1012967915897907,1417,True,False,holdout,False
inv_h8_fcf_divergence,12,drawdown,0-10,98461,90876,80032,1103,1030,launch_300,0.9229644224616853,0.8806725648135921,0.012137418020159338,0.01286985205917633,1.0603451275881306,0.9979067043194572,1.12663620805549,1030,True,False,holdout,False
inv_h8_fcf_divergence,12,drawdown,10-20,34770,31169,29028,383,360,launch_300,0.8964337072188668,0.9313099554044082,0.012287850107478585,0.012401818933443571,1.0092749199386493,0.9107906376669604,1.1182603742336337,360,True,False,holdout,False
inv_h8_fcf_divergence,12,drawdown,20-30,2498,2197,2130,28,27,launch_300,0.8795036028823059,0.9695038689121529,0.012744651797906235,0.01267605633802817,0.9946177062374246,0.6847029840283313,1.4422070246339345,27,False,False,holdout,False
inv_h8_fcf_divergence,12,mst,0-12,121373,110431,99202,1224,1142,launch_300,0.9098481540375537,0.8983165958834023,0.011083844210411932,0.011511864680147577,1.0386166082462231,0.9804097844080396,1.1002365598542196,1142,True,False,holdout,False
inv_h8_fcf_divergence,12,mst,13-24,14356,13811,11988,290,275,launch_300,0.9620367790470883,0.8680037651147636,0.02099775541235247,0.022939606272939606,1.0924789732260998,0.9719392091894533,1.2275746953371676,275,True,False,holdout,False
inv_ctl_divyield_gt_2,0,all,ALL,135729,135703,100956,1697,1444,launch_300,0.9998084418215709,0.7439481809539952,0.012505250436615255,0.014303260826498673,1.1437804383844135,1.0866702421683445,1.2038462663208709,1444,True,False,holdout,False
inv_ctl_divyield_gt_2,0,drawdown,0-10,98461,98439,73360,1195,1016,launch_300,0.9997765612780695,0.7452330885116671,0.012139497556862626,0.013849509269356597,1.1408634669173172,1.0732669726452737,1.2126538232039095,1016,True,False,holdout,False
inv_ctl_divyield_gt_2,0,drawdown,10-20,34770,34766,25733,468,398,launch_300,0.9998849582973828,0.7401771846056492,0.01346142783178968,0.01546652158706719,1.1489510459315768,1.0422017135160615,1.2664453085729683,398,True,False,holdout,False
inv_ctl_divyield_gt_2,0,drawdown,20-30,2498,2498,1863,34,30,launch_300,1.0,0.7457966373098479,0.013610888710968775,0.01610305958132045,1.1831012598276025,0.8304222791145999,1.6820939902738679,30,False,False,holdout,False
inv_ctl_divyield_gt_2,0,mst,0-12,121373,121348,90855,1387,1171,launch_300,0.9997940233824656,0.748714441111514,0.011429937040577513,0.012888668757910957,1.1276237753676848,1.0652338979512934,1.1936173092546547,1171,True,False,holdout,False
inv_ctl_divyield_gt_2,0,mst,13-24,14356,14355,10101,310,273,launch_300,0.9999303427138478,0.7036572622779519,0.02159526297457332,0.02702702702702703,1.251525719267655,1.1132040945400437,1.4064996548024675,273,True,False,holdout,False
inv_ctl_divyield_gt_2,3,all,ALL,135729,135612,101019,1693,1443,launch_300,0.9991379881970691,0.7449119546942748,0.012484145945786508,0.014284441540700264,1.1442065482678347,1.0870552785742382,1.2043167145201514,1443,True,False,holdout,False
inv_ctl_divyield_gt_2,3,drawdown,0-10,98461,98359,72942,1191,1014,launch_300,0.9989640568346858,0.7415894834229709,0.012108703829847802,0.013901455951303775,1.1480548328415516,1.0799688551518427,1.2203689792576533,1014,True,False,holdout,False
inv_ctl_divyield_gt_2,3,drawdown,10-20,34770,34755,26182,468,398,launch_300,0.9995685936151855,0.7533304560494892,0.01346568839015969,0.015201283324421359,1.128890175086035,1.0239925222328292,1.2443509561650503,398,True,False,holdout,False
inv_ctl_divyield_gt_2,3,drawdown,20-30,2498,2498,1895,34,31,launch_300,1.0,0.7586068855084067,0.013610888710968775,0.016358839050131926,1.2018935278596927,0.8484695064303582,1.6990895283974952,31,False,False,holdout,False
inv_ctl_divyield_gt_2,3,mst,0-12,121373,121265,90868,1387,1174,launch_300,0.9991101810122515,0.7493341029975673,0.011437760277079123,0.012919839767574944,1.1295777717483602,1.0671583470980321,1.1955976424342185,1174,True,False,holdout,False
inv_ctl_divyield_gt_2,3,mst,13-24,14356,14347,10151,306,269,launch_300,0.9993730844246308,0.707534676238935,0.02132850073186032,0.02649985223130726,1.242462026021455,1.1041522068532155,1.39756811443631,269,True,False,holdout,False
inv_ctl_divyield_gt_2,6,all,ALL,135729,135476,101089,1686,1441,launch_300,0.9981359915714402,0.7461764445363016,0.01244500871002982,0.014254765602587819,1.1454202993927565,1.0881689218630881,1.2056380046034796,1441,True,False,holdout,False
inv_ctl_divyield_gt_2,6,drawdown,0-10,98461,98241,72643,1185,1015,launch_300,0.9977656127806949,0.7394366914017569,0.012062173634226035,0.013972440565505279,1.1583683827812694,1.0897058366605923,1.2312922549807888,1015,True,False,holdout,False
inv_ctl_divyield_gt_2,6,drawdown,10-20,34770,34737,26496,467,396,launch_300,0.9990509059534081,0.7627601692719579,0.013443878285401733,0.014945652173913044,1.1117068941439345,1.0081463706296032,1.2257278284174395,396,True,False,holdout,False
inv_ctl_divyield_gt_2,6,drawdown,20-30,2498,2498,1950,34,30,launch_300,1.0,0.7806244995996797,0.013610888710968775,0.015384615384615385,1.130316742081448,0.7933016691795588,1.6073381148148729,30,False,False,holdout,False
inv_ctl_divyield_gt_2,6,mst,0-12,121373,121139,90862,1383,1173,launch_300,0.9980720588598783,0.7500639760935784,0.011416637086322325,0.012909687217978912,1.1307784525659779,1.0682665029757081,1.1968978231504852,1173,True,False,holdout,False
inv_ctl_divyield_gt_2,6,mst,13-24,14356,14337,10227,303,268,launch_300,0.9986765115631095,0.7133291483573969,0.021134128478761248,0.0262051432482644,1.239944352311441,1.101654898678748,1.3950691047323465,268,True,False,holdout,False
inv_ctl_divyield_gt_2,12,all,ALL,135729,133098,99362,1651,1422,launch_300,0.980615785867427,0.7465326300921126,0.012404393754977535,0.014311306133129365,1.1537287848014852,1.095689462097888,1.214795519449698,1422,True,False,holdout,False
inv_ctl_divyield_gt_2,12,drawdown,0-10,98461,96538,70743,1168,1010,launch_300,0.9804694244421649,0.7327995193602519,0.012098862624044417,0.014277030942990826,1.1800308331973017,1.1099264156795219,1.2544950171626958,1010,True,False,holdout,False
inv_ctl_divyield_gt_2,12,drawdown,10-20,34770,34115,26695,449,382,launch_300,0.9811619211964338,0.7825003664077386,0.013161365968049244,0.014309795841917963,1.0872576506615397,0.984197085493456,1.2009374243076012,382,True,False,holdout,False
inv_ctl_divyield_gt_2,12,drawdown,20-30,2498,2445,1924,34,30,launch_300,0.9787830264211369,0.7869120654396728,0.013905930470347648,0.015592515592515593,1.1212853124617832,0.7869834270892635,1.5944115514252546,30,False,False,holdout,False
inv_ctl_divyield_gt_2,12,mst,0-12,121373,118828,88953,1350,1163,launch_300,0.9790315803350004,0.7485861918066449,0.011360958696603494,0.013074320146594268,1.1508113439848175,1.0869315871436918,1.2183927438018003,1163,True,False,holdout,False
inv_ctl_divyield_gt_2,12,mst,13-24,14356,14270,10409,301,259,launch_300,0.9940094733909167,0.7294323756131745,0.021093202522775054,0.02488231338264963,1.1796365846193029,1.0458643522102318,1.3300282270927906,259,True,False,holdout,False
h9_rs6_top_decile,0,all,ALL,135729,135531,13573,3745,649,launch_200,0.9985412107950401,0.10014682987655961,0.027632054659081685,0.04781551609813601,1.7304365052861073,1.605092772252478,1.8650406419095693,649,True,False,holdout,True
h9_rs6_top_decile,0,drawdown,0-10,98461,98287,9842,2534,469,launch_200,0.9982328028356405,0.10013531799729364,0.02578163948436721,0.0476529160739687,1.8483276093773329,1.691817070045292,2.018529131041121,469,True,False,holdout,True
h9_rs6_top_decile,0,drawdown,10-20,34770,34746,3481,1114,172,launch_200,0.9993097497842968,0.1001841938640419,0.032061244459793935,0.04941108876759552,1.5411469392449497,1.3316730741298692,1.7816052181491362,172,True,False,holdout,True
h9_rs6_top_decile,0,drawdown,20-30,2498,2498,250,97,8,launch_200,1.0,0.100080064051241,0.03883106485188151,0.032,0.824082474226804,0.4198279257033142,1.5931163199919427,8,False,False,holdout,False
h9_rs6_top_decile,0,mst,0-12,121373,121192,12138,3181,529,launch_200,0.9985087292890511,0.10015512575087465,0.026247607102779062,0.04358213873784808,1.6604233127687156,1.5274607251132548,1.804388987295256,529,True,False,holdout,True
h9_rs6_top_decile,0,mst,13-24,14356,14339,1435,564,120,launch_200,0.9988158261354138,0.10007671385731222,0.039333286840086475,0.08362369337979095,2.12602861590926,1.7895449187829333,2.519037109961526,120,True,True,holdout,True
h9_rs6_top_decile,3,all,ALL,135729,126915,12083,3385,532,launch_200,0.9350617775125434,0.09520545246818737,0.02667139424023953,0.04402880079450468,1.6507873715907122,1.5189818498297396,1.7934597778728891,532,True,False,holdout,True
h9_rs6_top_decile,3,drawdown,0-10,98461,91805,8774,2267,405,launch_200,0.9323996303104782,0.09557213659386744,0.024693644137029572,0.04615910645087759,1.8692707400629984,1.6993713492463296,2.055256457868979,405,True,False,holdout,True
h9_rs6_top_decile,3,drawdown,10-20,34770,32761,3083,1028,120,launch_200,0.9422203048605119,0.09410579652635756,0.03137877354171118,0.03892312682452157,1.240428558266684,1.0405078087978166,1.4769213518011393,120,True,False,holdout,False
h9_rs6_top_decile,3,drawdown,20-30,2498,2349,226,90,7,launch_200,0.9403522818254604,0.09621115368241805,0.038314176245210725,0.030973451327433628,0.8084070796460178,0.39366546695910976,1.632348808569491,7,False,False,holdout,False
h9_rs6_top_decile,3,mst,0-12,121373,113325,10794,2874,400,launch_200,0.9336920072833332,0.09524818001323626,0.025360688285903377,0.03705762460626274,1.461223141442145,1.32707340222264,1.6083612651884147,400,True,False,holdout,False
h9_rs6_top_decile,3,mst,13-24,14356,13590,1289,511,132,launch_200,0.9466425188074673,0.09484915378955114,0.03760117733627667,0.10240496508921644,2.7234510284979483,2.3142322747253354,3.195507502873228,132,True,True,holdout,True
h9_rs6_top_decile,6,all,ALL,135729,123138,11478,3270,463,launch_200,0.9072342682845965,0.09321249330019978,0.026555571797495493,0.0403380379857118,1.5190046854692902,1.3891522540253818,1.6604394899440507,463,True,False,holdout,True
h9_rs6_top_decile,6,drawdown,0-10,98461,88865,8321,2175,353,launch_200,0.9025400920161282,0.09363641478647386,0.02447532774433129,0.042422785722869845,1.7332877486265879,1.5648084095816073,1.9190209404126273,353,True,False,holdout,True
h9_rs6_top_decile,6,drawdown,10-20,34770,31942,2933,1002,103,launch_200,0.9186655162496405,0.09182267860497151,0.03136935695948907,0.03511762700306853,1.1194882652016118,0.9257616077475881,1.3519837928787735,103,True,False,holdout,False
h9_rs6_top_decile,6,drawdown,20-30,2498,2331,224,93,7,launch_200,0.9331465172137711,0.0960960960960961,0.039897039897039896,0.03125,0.7832661290322581,0.38144081043187433,1.5812728067096462,7,False,False,holdout,False
h9_rs6_top_decile,6,mst,0-12,121373,109634,10213,2752,353,launch_200,0.9032816194705577,0.09315540799387051,0.025101702026743528,0.0345637912464506,1.3769501052010775,1.242639238203641,1.5252043028638913,353,True,False,holdout,False
h9_rs6_top_decile,6,mst,13-24,14356,13504,1265,518,110,launch_200,0.9406519921983839,0.09367594786729858,0.03835900473933649,0.08695652173913043,2.266912875608528,1.8940211323125518,2.7050045689161313,110,True,True,holdout,True
h9_rs6_top_decile,12,all,ALL,135729,117572,10653,3115,313,launch_200,0.8662260828562798,0.09060830810056816,0.02649440342938795,0.029381394912231296,1.1089660875187346,0.9941845207472706,1.236553628620486,313,True,False,holdout,False
h9_rs6_top_decile,12,drawdown,0-10,98461,84569,7693,2076,221,launch_200,0.8589086034064248,0.09096713925906656,0.02454800222303681,0.028727414532692057,1.170254681895585,1.0275168314790586,1.3321558044328055,221,True,False,holdout,False
h9_rs6_top_decile,12,drawdown,10-20,34770,30809,2765,951,83,launch_200,0.886079953983319,0.0897465026453309,0.030867603622318152,0.030018083182640144,0.9724785749463304,0.7866156548028646,1.2005895120498082,83,False,False,holdout,False
h9_rs6_top_decile,12,drawdown,20-30,2498,2194,195,88,9,launch_200,0.8783026421136909,0.08887876025524157,0.040109389243391066,0.046153846153846156,1.1506993006993007,0.6100539717342367,2.128546341891568,9,False,False,holdout,False
h9_rs6_top_decile,12,mst,0-12,121373,104422,9505,2638,241,launch_200,0.8603396142469907,0.09102487981459846,0.02526287563923311,0.025355076275644397,1.0036496493007352,0.8859386101235851,1.1365411380828399,241,True,False,holdout,False
h9_rs6_top_decile,12,mst,13-24,14356,13150,1148,477,72,launch_200,0.9159933129005294,0.08730038022813688,0.036273764258555136,0.0627177700348432,1.7290118992834131,1.3811260595599335,2.1573063724247685,72,False,False,holdout,False
h9_rs12_top_decile,0,all,ALL,135729,133598,13385,3702,558,launch_200,0.9842995969910631,0.10018862557822722,0.027709995658617644,0.04168845722824057,1.504455566930979,1.3869285347466027,1.6314735018598996,558,True,False,holdout,True
h9_rs12_top_decile,0,drawdown,0-10,98461,96864,9705,2511,421,launch_200,0.9837803800489534,0.1001920218037661,0.02592294350842418,0.04337970118495621,1.673409548219673,1.523911422019932,1.836846612077998,421,True,False,holdout,True
h9_rs12_top_decile,0,drawdown,10-20,34770,34287,3435,1095,131,launch_200,0.9861087144089733,0.10018374310963339,0.03193630238866042,0.038136826783114995,1.1941528583677297,1.0092171999256343,1.4113989465165404,131,True,False,holdout,False
h9_rs12_top_decile,0,drawdown,20-30,2498,2447,245,96,6,launch_200,0.9795836669335468,0.10012259910093993,0.03923171230077646,0.024489795918367346,0.624234693877551,0.2872965238867106,1.3353920268542956,6,False,False,holdout,False
h9_rs12_top_decile,0,mst,0-12,121373,119319,11955,3141,425,launch_200,0.9830769611033755,0.10019359867246624,0.026324390918462275,0.03554997908824759,1.3504578016015965,1.229929958505602,1.4823205457017214,425,True,False,holdout,False
h9_rs12_top_decile,0,mst,13-24,14356,14279,1430,561,133,launch_200,0.9946363889662859,0.10014706912248757,0.03928846557882205,0.09300699300699301,2.3672849432207723,2.011391574152381,2.778685206829748,133,True,True,holdout,True
h9_rs12_top_decile,3,all,ALL,135729,125313,12171,3346,491,launch_200,0.9232588466724134,0.09712479950204687,0.026701140344577177,0.040341796072631664,1.5108641635534046,1.385288399084936,1.6473033856882084,491,True,False,holdout,True
h9_rs12_top_decile,3,drawdown,0-10,98461,90720,8793,2255,382,launch_200,0.9213800387970872,0.09692460317460318,0.024856701940035274,0.04344364835664733,1.7477639817805082,1.5842174384365573,1.9273522219401231,382,True,False,holdout,True
h9_rs12_top_decile,3,drawdown,10-20,34770,32300,3159,1004,102,launch_200,0.9289617486338798,0.09780185758513932,0.03108359133126935,0.032288698955365625,1.0387698966716232,0.8580168619312974,1.2560736091956608,102,True,False,holdout,False
h9_rs12_top_decile,3,drawdown,20-30,2498,2293,219,87,7,launch_200,0.9179343474779824,0.09550806803314435,0.03794156127344091,0.0319634703196347,0.8424395108381881,0.4103077273284851,1.6998706690741536,7,False,False,holdout,False
h9_rs12_top_decile,3,mst,0-12,121373,111776,10844,2836,349,launch_200,0.9209296960609031,0.09701545949040939,0.025372172917263097,0.03218369605311693,1.26846431947574,1.143932878444958,1.4060544785835853,349,True,False,holdout,False
h9_rs12_top_decile,3,mst,13-24,14356,13537,1327,510,142,launch_200,0.9429506826414042,0.0980276279825663,0.03767452168131787,0.10700828937452901,2.8403357122803903,2.428589819260205,3.3123008779381036,142,True,True,holdout,True
h9_rs12_top_decile,6,all,ALL,135729,121619,11649,3231,414,launch_200,0.8960428500909902,0.09578273131665282,0.026566572657232834,0.035539531290239505,1.3377537158736112,1.216855558748955,1.4701786415518976,414,True,False,holdout,False
h9_rs12_top_decile,6,drawdown,0-10,98461,87947,8438,2161,318,launch_200,0.8932166035283006,0.09594414818015395,0.024571616996600223,0.03768665560559374,1.5337474782717042,1.3767591361071687,1.7078592867956248,318,True,False,holdout,True
h9_rs12_top_decile,6,drawdown,10-20,34770,31418,2987,982,87,launch_200,0.9035950532067875,0.09507288815328792,0.031255967916481,0.02912621359223301,0.9318608743796097,0.7574266486233555,1.1449945110184463,87,False,False,holdout,False
h9_rs12_top_decile,6,drawdown,20-30,2498,2254,224,88,9,launch_200,0.9023218574859888,0.09937888198757763,0.03904170363797693,0.04017857142857143,1.0291193181818181,0.5450502930130119,1.9103377131193402,9,False,False,holdout,False
h9_rs12_top_decile,6,mst,0-12,121373,108162,10346,2714,295,launch_200,0.8911537162301335,0.09565281707069026,0.02509199164216638,0.02851343514401701,1.1363559955958613,1.0153522910423172,1.271308173435898,295,True,False,holdout,False
h9_rs12_top_decile,6,mst,13-24,14356,13457,1303,517,119,launch_200,0.9373780997492338,0.09682693022218919,0.03841866686482871,0.09132770529547199,2.3771700776811735,2.000701552805465,2.816175479133104,119,True,True,holdout,True
h9_rs12_top_decile,12,all,ALL,135729,116146,10863,3057,303,launch_200,0.8557198535316697,0.09352883439808517,0.02632032097532416,0.027892847279756973,1.059745711532435,0.9482882417136732,1.1838847288501566,303,True,False,holdout,False
h9_rs12_top_decile,12,drawdown,0-10,98461,83710,7929,2059,214,launch_200,0.8501843369455927,0.0947198662047545,0.024596822362919605,0.026989532097364106,1.0972771888636956,0.9613097557824846,1.251869316411844,214,True,False,holdout,False
h9_rs12_top_decile,12,drawdown,10-20,34770,30275,2744,912,83,launch_200,0.8707218866839229,0.09063583815028901,0.030123864574731627,0.030247813411078718,1.0041146392767633,0.8122217308334534,1.2396081648683925,83,False,False,holdout,False
h9_rs12_top_decile,12,drawdown,20-30,2498,2161,190,86,6,launch_200,0.8650920736589272,0.0879222582137899,0.03979639055992596,0.031578947368421054,0.7935128518971848,0.365653365734849,1.6878944534078466,6,False,False,holdout,False
h9_rs12_top_decile,12,mst,0-12,121373,103054,9638,2582,250,launch_200,0.8490685737355096,0.09352378364740815,0.025054825625400276,0.02593899149201079,1.0352892444685051,0.9159706240822834,1.1696846605591675,250,True,False,holdout,False
h9_rs12_top_decile,12,mst,13-24,14356,13092,1225,475,53,launch_200,0.9119531903037058,0.09356859150626337,0.03628169874732661,0.04326530612244898,1.1924829215896884,0.9158464124678208,1.5478252272416901,53,False,False,holdout,False
h10_sponsorship,0,all,ALL,135729,129657,7599,3562,225,launch_200,0.9552637977145636,0.058608482380434535,0.02747248509528988,0.029609159099881564,1.0777750537376036,0.9474656953773406,1.2253870038429813,225,True,False,holdout,False
h10_sponsorship,0,drawdown,0-10,98461,93827,5702,2406,152,launch_200,0.9529356801170007,0.0607714197405864,0.025642938599763396,0.026657313223430377,1.0395576591083964,0.8885218703165855,1.2154484820040927,152,True,False,holdout,False
h10_sponsorship,0,drawdown,10-20,34770,33341,1745,1059,64,launch_200,0.9589013517400058,0.052337962268678206,0.031762694580246546,0.03667621776504298,1.1546947842344644,0.9075379299067302,1.4659346627407581,64,False,False,holdout,False
h10_sponsorship,0,drawdown,20-30,2498,2489,152,97,9,launch_200,0.9963971176941553,0.061068702290076333,0.038971474487746086,0.05921052631578947,1.5193298969072162,0.8072649096683836,2.7890010360153172,9,False,False,holdout,False
h10_sponsorship,0,mst,0-12,121373,115988,6810,3032,186,launch_200,0.955632636583095,0.05871297030727317,0.026140635238128082,0.027312775330396475,1.0448397707856287,0.9066346100098865,1.2034337419880408,186,True,False,holdout,False
h10_sponsorship,0,mst,13-24,14356,13669,789,530,39,launch_200,0.9521454444134857,0.0577218523666691,0.038773867876216256,0.049429657794676805,1.2748188535762968,0.9379337076951487,1.7243104601123354,39,False,False,holdout,False
h10_sponsorship,3,all,ALL,135729,129001,7693,3552,230,launch_200,0.9504306375203531,0.05963519662638274,0.027534670273873844,0.029897309242168206,1.0858059655261658,0.9558872443513946,1.2327669197692404,230,True,False,holdout,False
h10_sponsorship,3,drawdown,0-10,98461,93912,5845,2416,150,launch_200,0.9537989660880958,0.06223911747167561,0.0257262117727234,0.02566295979469632,0.997541341158742,0.8516628804165907,1.167639433573115,150,True,False,holdout,False
h10_sponsorship,3,drawdown,10-20,34770,32605,1707,1040,71,launch_200,0.9377336784584411,0.05235393344579052,0.03189694832080969,0.04159343878148799,1.3039942994907845,1.0379063136419437,1.6346206726343862,71,False,False,holdout,False
h10_sponsorship,3,drawdown,20-30,2498,2484,141,96,9,launch_200,0.9943955164131305,0.05676328502415459,0.03864734299516908,0.06382978723404255,1.651595744680851,0.8782303901955579,3.0236065073235263,9,False,False,holdout,False
h10_sponsorship,3,mst,0-12,121373,114951,6893,2998,189,launch_200,0.9470887264877691,0.059964680603039555,0.026080677854042156,0.027419120847236328,1.051319333058927,0.9132951487925978,1.209528724576425,189,True,False,holdout,False
h10_sponsorship,3,mst,13-24,14356,14050,800,554,41,launch_200,0.9786848704374478,0.05693950177935943,0.03943060498220641,0.05125,1.2997518050541514,0.9637405757224871,1.7445374613536293,41,False,False,holdout,False
h10_sponsorship,6,all,ALL,135729,128320,7618,3546,235,launch_200,0.9454132867699607,0.05936720698254364,0.027634039900249378,0.03084799159884484,1.1163040840281357,0.9841305329942676,1.2655910024271513,235,True,False,holdout,False
h10_sponsorship,6,drawdown,0-10,98461,92920,5628,2401,158,launch_200,0.9437239109901382,0.06056823073611709,0.02583943176926388,0.028073916133617625,1.0864757547420865,0.9315109904828508,1.2663558572223115,158,True,False,holdout,False
h10_sponsorship,6,drawdown,10-20,34770,32968,1841,1050,69,launch_200,0.948173712970952,0.05584202863382674,0.031849065760737684,0.037479630635524175,1.17678901218282,0.9332245373589718,1.4808320273530535,69,False,False,holdout,False
h10_sponsorship,6,drawdown,20-30,2498,2432,149,95,8,launch_200,0.9735788630904724,0.06126644736842105,0.0390625,0.053691275167785234,1.374496644295302,0.7028286093057912,2.620493158747137,8,False,False,holdout,False
h10_sponsorship,6,mst,0-12,121373,114305,6863,2994,192,launch_200,0.9417662906906807,0.06004111806132715,0.026193079917763876,0.027976103744718053,1.0680723241616557,0.9289057574563567,1.2274014930495896,192,True,False,holdout,False
h10_sponsorship,6,mst,13-24,14356,14015,755,552,43,launch_200,0.9762468654221231,0.05387085265786657,0.039386371744559404,0.05695364238410596,1.4460240906037047,1.0804605243624446,1.9254757519769548,43,False,False,holdout,False
h10_sponsorship,12,all,ALL,135729,124198,7240,3412,222,launch_200,0.915043947866705,0.05829401439636709,0.027472262033205044,0.030662983425414365,1.1161433808527588,0.9804041632678864,1.2700021579639562,222,True,False,holdout,False
h10_sponsorship,12,drawdown,0-10,98461,90064,5318,2325,149,launch_200,0.9147175023613411,0.059046899982234856,0.025814976017054538,0.02801805189921023,1.0853410005378366,0.9262833765692211,1.2707933964914426,149,True,False,holdout,False
h10_sponsorship,12,drawdown,10-20,34770,31788,1784,995,64,launch_200,0.9142364106988783,0.056121806971184095,0.031301119919466464,0.03587443946188341,1.1461072177028642,0.9007182096936704,1.455215789029436,64,False,False,holdout,False
h10_sponsorship,12,drawdown,20-30,2498,2346,138,92,9,launch_200,0.9391513210568455,0.058823529411764705,0.0392156862745098,0.06521739130434782,1.6630434782608696,0.884526519632303,3.0420913103432983,9,False,False,holdout,False
h10_sponsorship,12,mst,0-12,121373,110903,6584,2899,193,launch_200,0.9137369925766027,0.05936719475577757,0.026139960145352244,0.0293134872417983,1.1214052002680777,0.9757238664547006,1.2880860787702737,193,True,False,holdout,False
h10_sponsorship,12,mst,13-24,14356,13295,656,513,29,launch_200,0.9260936193925885,0.04934185784129372,0.03858593456186536,0.04420731707317073,1.1456847572861693,0.8022079920872823,1.6267002210476622,29,False,False,holdout,False
inv_h15_near_high,0,all,ALL,135729,134170,81715,3714,2862,launch_200,0.9885138769165027,0.6090407691734366,0.027681299843482148,0.03502416936914887,1.2652646215020744,1.2205126768110126,1.3115958052744217,2862,True,False,holdout,False
inv_h15_near_high,0,drawdown,0-10,98461,97265,54736,2516,1852,launch_200,0.987853058571414,0.5627512465943556,0.025867475453657533,0.033835135925168076,1.308018480032382,1.2507161310226518,1.3678501744475116,1852,True,False,holdout,False
inv_h15_near_high,0,drawdown,10-20,34770,34435,24765,1101,918,launch_200,0.9903652574058096,0.7191810657760999,0.03197328299695078,0.03706844336765597,1.1593568095960338,1.0879799399442378,1.2352247515401824,918,True,False,holdout,False
inv_h15_near_high,0,drawdown,20-30,2498,2470,2214,97,92,launch_200,0.988791032826261,0.8963562753036437,0.039271255060728746,0.04155374887082204,1.0581212341333035,0.8658832688135982,1.290799030419336,92,False,False,holdout,False
inv_h15_near_high,0,mst,0-12,121373,119875,74210,3153,2534,launch_200,0.9876578810773401,0.6190615224191867,0.026302398331595412,0.03414634146341464,1.2982215930627432,1.2494548955764504,1.34882185184236,2534,True,False,holdout,False
inv_h15_near_high,0,mst,13-24,14356,14295,7505,561,328,launch_200,0.99575090554472,0.5250087443161945,0.03924449108079748,0.04370419720186542,1.1136390356518115,1.0016113993238323,1.2375632216500794,328,True,False,holdout,False
inv_h15_near_high,3,all,ALL,135729,132471,80162,3675,2676,launch_200,0.9759962867183873,0.6051286696710978,0.02774192087324773,0.03338240063870662,1.2033197265333617,1.1592952572223094,1.2489561824001292,2676,True,False,holdout,False
inv_h15_near_high,3,drawdown,0-10,98461,96119,54892,2503,1793,launch_200,0.9762139324199429,0.5710837607548975,0.026040637126894788,0.032664140494061064,1.254352584957513,1.1984926551528858,1.3127241943655688,1793,True,False,holdout,False
inv_h15_near_high,3,drawdown,10-20,34770,33932,23155,1078,792,launch_200,0.9758987633016969,0.6823942001650359,0.03176942119533184,0.0342042755344418,1.0766414447446004,1.0053510235528322,1.1527958881563343,792,True,False,holdout,False
inv_h15_near_high,3,drawdown,20-30,2498,2420,2115,94,91,launch_200,0.9687750200160128,0.8739669421487604,0.03884297520661157,0.04302600472813239,1.1076907600221317,0.9055653683025044,1.35247476383704,91,False,False,holdout,False
inv_h15_near_high,3,mst,0-12,121373,118227,71800,3114,2332,launch_200,0.974079902449474,0.6073062836746259,0.026339161105331268,0.032479108635097495,1.2331109751450455,1.1848242988361488,1.283296881572331,2332,True,False,holdout,False
inv_h15_near_high,3,mst,13-24,14356,14244,8362,561,344,launch_200,0.9921983839509613,0.587054198258916,0.039385004212299915,0.041138483616359724,1.0445214984517432,0.9416790717596264,1.1580635190390411,344,True,False,holdout,False
inv_h15_near_high,6,all,ALL,135729,130678,80058,3631,2745,launch_200,0.9627861400290284,0.612635638745619,0.02778585530846814,0.034287641459941544,1.233996257422815,1.1894300725476423,1.2801708442916337,2745,True,False,holdout,False
inv_h15_near_high,6,drawdown,0-10,98461,95007,55457,2485,1836,launch_200,0.9649201206569098,0.5837148841664298,0.02615596745502963,0.033106731341399645,1.2657429475059783,1.2100371854517138,1.3239214956806864,1836,True,False,holdout,False
inv_h15_near_high,6,drawdown,10-20,34770,33308,23072,1054,834,launch_200,0.9579522576934139,0.6926864416956887,0.03164404947760298,0.03614771151178918,1.1423225569588937,1.0686169482604804,1.2209085754149667,834,True,False,holdout,False
inv_h15_near_high,6,drawdown,20-30,2498,2363,1529,92,75,launch_200,0.9459567654123299,0.6470588235294118,0.03893355903512484,0.04905166775670373,1.2598814229249011,1.0096923902781654,1.5681243856684435,75,False,False,holdout,False
inv_h15_near_high,6,mst,0-12,121373,116475,71474,3071,2392,launch_200,0.9596450610926648,0.6136424125348787,0.02636617299849753,0.03346671516915242,1.2693049981527282,1.2202399781351807,1.3202719296171426,2392,True,False,holdout,False
inv_h15_near_high,6,mst,13-24,14356,14203,8584,560,353,launch_200,0.9893424352187239,0.6043793564739843,0.03942828979793001,0.04112301957129543,1.0429825838769804,0.9415436218223829,1.1548334581548358,353,True,False,holdout,False
inv_h15_near_high,12,all,ALL,135729,126903,78034,3505,2690,launch_200,0.9349733660455761,0.6149106010102204,0.027619520421109035,0.03447215316400543,1.2481083175383114,1.2025863307472084,1.2952897019676242,2690,True,False,holdout,False
inv_h15_near_high,12,drawdown,0-10,98461,92750,59419,2429,1928,launch_200,0.9419973390479479,0.6406361185983828,0.02618867924528302,0.03244753361719315,1.23899083696775,1.1857343662234914,1.2945555932224426,1928,True,False,holdout,False
inv_h15_near_high,12,drawdown,10-20,34770,31886,17403,987,699,launch_200,0.9170549324129997,0.5457881201781346,0.03095402370946497,0.0401654887088433,1.297585382948508,1.2065753482505017,1.39515219840863,699,True,False,holdout,False
inv_h15_near_high,12,drawdown,20-30,2498,2267,1212,89,63,launch_200,0.9075260208166533,0.5346272606969563,0.03925893250992501,0.05198019801980198,1.324034931583046,1.0402194798741768,1.6799624528303383,63,False,False,holdout,False
inv_h15_near_high,12,mst,0-12,121373,112811,68805,2951,2268,launch_200,0.9294571280268263,0.6099139268333762,0.02615879657125635,0.032962720732504905,1.2601008094051545,1.2100912038258371,1.3121039126254053,2268,True,False,holdout,False
inv_h15_near_high,12,mst,13-24,14356,14092,9229,554,422,launch_200,0.9816104764558373,0.6549105875674142,0.0393130854385467,0.04572543070755228,1.1631096922939108,1.059428441086985,1.276406448576721,422,True,False,holdout,False
inv_h21_no_dilution,0,all,ALL,135729,127649,52071,3530,1848,launch_200,0.9404696122420412,0.40792328964582564,0.027653957336132677,0.035490004032955005,1.2833607718987743,1.2271241844585723,1.3420755573485397,1848,True,False,holdout,False
inv_h21_no_dilution,0,drawdown,0-10,98461,93168,38092,2430,1294,launch_200,0.9462426747646276,0.4088528250042933,0.026081916537867077,0.03397038748293605,1.3024498193457557,1.2344829397495625,1.3740201831786787,1294,True,False,holdout,False
inv_h21_no_dilution,0,drawdown,10-20,34770,32206,13048,1011,517,launch_200,0.9262582686223756,0.4051418990250264,0.03139166614916475,0.03962293071735132,1.2622117771345367,1.1598323042052476,1.3732240904591984,517,True,False,holdout,False
inv_h21_no_dilution,0,drawdown,20-30,2498,2275,931,89,37,launch_200,0.910728582866293,0.40923076923076923,0.03912087912087912,0.0397422126745435,1.0158824026358029,0.7404936381436122,1.387960988899134,37,False,False,holdout,False
inv_h21_no_dilution,0,mst,0-12,121373,113526,47063,2968,1534,launch_200,0.9353480592883096,0.4145570177756637,0.026143790849673203,0.03259460722860846,1.2467437264942738,1.186823603458838,1.3095821922191777,1534,True,False,holdout,False
inv_h21_no_dilution,0,mst,13-24,14356,14123,5008,562,314,launch_200,0.9837698523265533,0.3545988812575232,0.03979324506124761,0.0626996805111821,1.5756362773299375,1.4151891189240238,1.7529295327876062,314,True,False,holdout,True
inv_h21_no_dilution,3,all,ALL,135729,125722,51134,3464,1827,launch_200,0.9262722041715478,0.4067227692846121,0.027552854711188176,0.035729651503891735,1.2967676808234057,1.239631675638256,1.3564352454988589,1827,True,False,holdout,False
inv_h21_no_dilution,3,drawdown,0-10,98461,91941,37216,2407,1292,launch_200,0.9337808878642305,0.4047813271554584,0.0261798327188088,0.03471625107480653,1.3260684836181087,1.256841581112025,1.3989640057288704,1292,True,False,holdout,False
inv_h21_no_dilution,3,drawdown,10-20,34770,31548,12940,971,499,launch_200,0.9073339085418464,0.4101686319259541,0.030778496259667807,0.03856259659969088,1.2529071035294004,1.149490978410572,1.365221966165849,499,True,False,holdout,False
inv_h21_no_dilution,3,drawdown,20-30,2498,2233,978,86,36,launch_200,0.8939151321056845,0.43797581728616214,0.03851321092700403,0.03680981595092025,0.9557711513768014,0.6934143513023755,1.3122376618758729,36,False,False,holdout,False
inv_h21_no_dilution,3,mst,0-12,121373,111717,46092,2907,1515,launch_200,0.920443591243522,0.4125782110153334,0.026021106904052203,0.03286904451965634,1.2631685746826444,1.2020966939795115,1.3272325637495748,1515,True,False,holdout,False
inv_h21_no_dilution,3,mst,13-24,14356,14005,5042,557,312,launch_200,0.9755502925606019,0.36001428061406643,0.039771510174937526,0.06188020626735422,1.5558927985175868,1.3969160687101652,1.7316426298721148,312,True,False,holdout,True
inv_h21_no_dilution,6,all,ALL,135729,123810,50236,3406,1819,launch_200,0.9121853104347634,0.4057507471125111,0.027509894192714643,0.03620909308065929,1.3162207323301311,1.2581164972215857,1.3769031355587573,1819,True,False,holdout,False
inv_h21_no_dilution,6,drawdown,0-10,98461,90524,36350,2378,1293,launch_200,0.9193894029107972,0.40155096990853256,0.026269276655914452,0.035570839064649244,1.3540852125686746,1.2834511722264355,1.4284556002470403,1293,True,False,holdout,False
inv_h21_no_dilution,6,drawdown,10-20,34770,31075,12946,942,487,launch_200,0.8937302272073626,0.41660498793242157,0.030313757039420755,0.03761779700293527,1.2409480274588254,1.1372729146197078,1.3536726088966247,487,True,False,holdout,False
inv_h21_no_dilution,6,drawdown,20-30,2498,2211,940,86,39,launch_200,0.8851080864691754,0.4251469923111714,0.03889642695612845,0.04148936170212766,1.0666625432953982,0.7840586452072366,1.44522127182436,39,False,False,holdout,False
inv_h21_no_dilution,6,mst,0-12,121373,110014,45190,2859,1510,launch_200,0.9064124640570802,0.41076590252149725,0.025987601577980985,0.03341447222836911,1.2857851513577472,1.2235357161211091,1.3510867795869994,1510,True,False,holdout,False
inv_h21_no_dilution,6,mst,13-24,14356,13796,5046,547,309,launch_200,0.9609919197548064,0.3657581907799362,0.03964917367352856,0.061236623067776455,1.5444615207368262,1.3858816422211806,1.7198776223022276,309,True,False,holdout,True
inv_h21_no_dilution,12,all,ALL,135729,120055,48773,3265,1759,launch_200,0.8845198888962565,0.4062554662446379,0.02719586856024322,0.036065035983023394,1.3261218667509567,1.2666082669099687,1.3883224604937445,1759,True,False,holdout,False
inv_h21_no_dilution,12,drawdown,0-10,98461,87595,35221,2266,1250,launch_200,0.8896415839774123,0.4020891603402021,0.025869056452993894,0.03549019051134267,1.3719166980763728,1.2991613128816708,1.448588522921171,1250,True,False,holdout,False
inv_h21_no_dilution,12,drawdown,10-20,34770,30307,12653,915,469,launch_200,0.8716422203048605,0.41749430824561984,0.03019104497310852,0.03706630838536316,1.2277252549018594,1.1232625779031293,1.3414956128617008,469,True,False,holdout,False
inv_h21_no_dilution,12,drawdown,20-30,2498,2153,899,84,40,launch_200,0.8618895116092874,0.4175568973525314,0.03901532745006967,0.04449388209121246,1.1404205731235764,0.84180949591314,1.5383829719857152,40,False,False,holdout,False
inv_h21_no_dilution,12,mst,0-12,121373,106860,43680,2751,1436,launch_200,0.8804264539889431,0.40875912408759124,0.02574396406513195,0.03287545787545788,1.277016149971439,1.2136406573563407,1.3435829058066189,1436,True,False,holdout,False
inv_h21_no_dilution,12,mst,13-24,14356,13195,5093,514,323,launch_200,0.9191278907773753,0.38597953770367566,0.038954149298976885,0.06342038091498135,1.6280776773797256,1.4645537598471465,1.8084956845043525,323,True,False,holdout,True
inv_h8_fcf_divergence,0,all,ALL,135729,131946,118747,3665,3395,launch_200,0.9721282850385695,0.8999666530247222,0.027776514634774832,0.02859019596284538,1.0292938598945693,0.9957143069290937,1.063971433109231,3395,True,False,holdout,False
inv_h8_fcf_divergence,0,drawdown,0-10,98461,95753,86763,2501,2323,launch_200,0.9724967245914626,0.9061126022161186,0.026119286079809508,0.02677408572778719,1.0250695844433455,0.9847419172008955,1.067001529630958,2323,True,False,holdout,False
inv_h8_fcf_divergence,0,drawdown,10-20,34770,33783,29821,1070,982,launch_200,0.9716134598792062,0.8827220791522363,0.03167273480744753,0.03292981456020925,1.0396896498014476,0.9776172360409425,1.1055608477540158,982,True,False,holdout,False
inv_h8_fcf_divergence,0,drawdown,20-30,2498,2410,2163,94,90,launch_200,0.9647718174539631,0.8975103734439834,0.03900414937759336,0.04160887656033287,1.0667807713872577,0.8710414021194014,1.3041902304328628,90,False,False,holdout,False
inv_h8_fcf_divergence,0,mst,0-12,121373,117727,106344,3104,2877,launch_200,0.9699603700987864,0.9033102007186117,0.026366084245755008,0.027053712480252765,1.0260800287251022,0.9897398152881753,1.0637161188893292,2877,True,False,holdout,False
inv_h8_fcf_divergence,0,mst,13-24,14356,14219,12403,561,518,launch_200,0.990456951797158,0.8722835642450243,0.03945425135382235,0.04176408933322583,1.058544716985986,0.9728485304119625,1.1514330788816072,518,True,False,holdout,False
inv_h8_fcf_divergence,3,all,ALL,135729,130010,116600,3604,3311,launch_200,0.9578645683678506,0.8968540881470656,0.027720944542727482,0.02839622641509434,1.0243599878541663,0.99052380282033,1.0593171134217347,3311,True,False,holdout,False
inv_h8_fcf_divergence,3,drawdown,0-10,98461,94623,85105,2468,2259,launch_200,0.9610200993286682,0.8994113481923,0.026082453526098306,0.02654368133482169,1.0176834517604672,0.9770898238225489,1.0599157175422245,2259,True,False,holdout,False
inv_h8_fcf_divergence,3,drawdown,10-20,34770,33042,29385,1044,965,launch_200,0.9503019844693702,0.8893226802251679,0.03159615035409479,0.03283988429470818,1.0393634644307927,0.9767800500818762,1.105812108444999,965,True,False,holdout,False
inv_h8_fcf_divergence,3,drawdown,20-30,2498,2345,2110,92,87,launch_200,0.9387510008006406,0.8997867803837953,0.039232409381663114,0.04123222748815166,1.0509736245621266,0.8551377262735003,1.2893107720241843,87,False,False,holdout,False
inv_h8_fcf_divergence,3,mst,0-12,121373,115825,104049,3044,2807,launch_200,0.9542896690367709,0.8983293762141161,0.026281027412044033,0.026977673980528406,1.0265075850179706,0.9897083565001772,1.064635772406257,2807,True,False,holdout,False
inv_h8_fcf_divergence,3,mst,13-24,14356,14185,12551,560,504,launch_200,0.9880886040679855,0.8848078956644343,0.03947832217130772,0.040156162855549356,1.0171699466177992,0.9336727903596712,1.107795085547431,504,True,False,holdout,False
inv_h8_fcf_divergence,6,all,ALL,135729,128103,115098,3535,3245,launch_200,0.9438145127423027,0.8984801292709773,0.02759498216279088,0.02819336565361692,1.0216845036280873,0.9875974752796692,1.056912774219302,3245,True,False,holdout,False
inv_h8_fcf_divergence,6,drawdown,0-10,98461,93440,83529,2430,2211,launch_200,0.9490051898721321,0.8939319349315068,0.02600599315068493,0.026469848795029272,1.0178364902911667,0.9768057443236613,1.0605419597925454,2211,True,False,holdout,False
inv_h8_fcf_divergence,6,drawdown,10-20,34770,32366,29493,1015,949,launch_200,0.9308599367270636,0.9112340109991967,0.0313600692084286,0.03217712677584512,1.026054074115274,0.963749757670645,1.0922439638947568,949,True,False,holdout,False
inv_h8_fcf_divergence,6,drawdown,20-30,2498,2297,2076,90,85,launch_200,0.9195356285028022,0.9037875489769265,0.0391815411406182,0.04094412331406551,1.0449850139156498,0.8481953108243266,1.285053993375147,85,False,False,holdout,False
inv_h8_fcf_divergence,6,mst,0-12,121373,113972,102699,2978,2763,launch_200,0.9390226821451229,0.9010897413399782,0.02612922472186151,0.026903864691963895,1.0296464965320715,0.9924459071311462,1.0682015472355337,2763,True,False,holdout,False
inv_h8_fcf_divergence,6,mst,13-24,14356,14131,12399,557,482,launch_200,0.9843271106157704,0.8774325950038921,0.03941688486306701,0.038874102750221795,0.9862297054997922,0.9034741152304002,1.076232027874207,482,True,False,holdout,False
inv_h8_fcf_divergence,12,all,ALL,135729,124242,111190,3412,3152,launch_200,0.9153681232455849,0.8949469583554676,0.027462532798892485,0.028347873010162783,1.0322381121127329,0.997305684051095,1.0683572011460447,3152,True,False,holdout,False
inv_h8_fcf_divergence,12,drawdown,0-10,98461,90876,80032,2373,2182,launch_200,0.9229644224616853,0.8806725648135921,0.026112504951802454,0.027264094362255097,1.0441010700650208,1.0017546354425337,1.0881853524273108,2182,True,False,holdout,False
inv_h8_fcf_divergence,12,drawdown,10-20,34770,31169,29028,953,886,launch_200,0.8964337072188668,0.9313099554044082,0.030575251050723475,0.030522254375086124,0.9982666806055188,0.9355495856251431,1.0650472411139926,886,True,False,holdout,False
inv_h8_fcf_divergence,12,drawdown,20-30,2498,2197,2130,86,84,launch_200,0.8795036028823059,0.9695038689121529,0.03914428766499772,0.03943661971830986,1.0074680641991485,0.8166232983176445,1.24067566791813,84,False,False,holdout,False
inv_h8_fcf_divergence,12,mst,0-12,121373,110431,99202,2868,2641,launch_200,0.9098481540375537,0.8983165958834023,0.025970968296945604,0.026622447128082094,1.025084888006009,0.9872136626182707,1.0643677030183787,2641,True,False,holdout,False
inv_h8_fcf_divergence,12,mst,13-24,14356,13811,11988,544,511,launch_200,0.9620367790470883,0.8680037651147636,0.0393888929114474,0.042625959292625956,1.0821822128501049,0.9940336370625361,1.1777701909188323,511,True,False,holdout,False
inv_ctl_divyield_gt_2,0,all,ALL,135729,135703,100956,3756,3085,launch_200,0.9998084418215709,0.7439481809539952,0.02767809112547254,0.030557866793454576,1.104045313490992,1.0663268670202068,1.1430544544500527,3085,True,False,holdout,False
inv_ctl_divyield_gt_2,0,drawdown,0-10,98461,98439,73360,2544,2080,launch_200,0.9997765612780695,0.7452330885116671,0.025843415719379516,0.028353326063249727,1.0971199152280817,1.0515913506559087,1.1445597011285151,2080,True,False,holdout,False
inv_ctl_divyield_gt_2,0,drawdown,10-20,34770,34766,25733,1115,923,launch_200,0.9998849582973828,0.7401771846056492,0.03207156417189208,0.035868340263474914,1.1183845000896582,1.0496723360389861,1.1914167461337506,923,True,False,holdout,False
inv_ctl_divyield_gt_2,0,drawdown,20-30,2498,2498,1863,97,82,launch_200,1.0,0.7457966373098479,0.03883106485188151,0.0440150295222759,1.1335004509963422,0.9168187998444829,1.3985091176440914,82,False,False,holdout,False
inv_ctl_divyield_gt_2,0,mst,0-12,121373,121348,90855,3186,2576,launch_200,0.9997940233824656,0.748714441111514,0.026255068068694994,0.028352869957624788,1.0799008360382463,1.039547430465329,1.1217732600207175,2576,True,False,holdout,False
inv_ctl_divyield_gt_2,0,mst,13-24,14356,14355,10101,570,509,launch_200,0.9999303427138478,0.7036572622779519,0.03970741901776385,0.05039105039105039,1.2690588216904006,1.1658632012213366,1.3808635861015839,509,True,False,holdout,False
inv_ctl_divyield_gt_2,3,all,ALL,135729,135612,101019,3752,3087,launch_200,0.9991379881970691,0.7449119546942748,0.027667168097218534,0.030558607786653997,1.1045079741907575,1.0667857546538826,1.1435205905242616,3087,True,False,holdout,False
inv_ctl_divyield_gt_2,3,drawdown,0-10,98461,98359,72942,2540,2073,launch_200,0.9989640568346858,0.7415894834229709,0.025823768033428562,0.028419840421156535,1.1005303480254078,1.0547862715953458,1.1481977887933077,2073,True,False,holdout,False
inv_ctl_divyield_gt_2,3,drawdown,10-20,34770,34755,26182,1115,931,launch_200,0.9995685936151855,0.7533304560494892,0.032081714861171055,0.03555878084179971,1.1083815499163667,1.0405583380572179,1.1804522563451145,931,True,False,holdout,False
inv_ctl_divyield_gt_2,3,drawdown,20-30,2498,2498,1895,97,83,launch_200,1.0,0.7586068855084067,0.03883106485188151,0.043799472295514515,1.1279492968473737,0.9134818698235427,1.389951774651967,83,False,False,holdout,False
inv_ctl_divyield_gt_2,3,mst,0-12,121373,121265,90868,3186,2585,launch_200,0.9991101810122515,0.7493341029975673,0.02627303838700367,0.02844785843201127,1.082777637400454,1.0423877892399778,1.124684942154017,2585,True,False,holdout,False
inv_ctl_divyield_gt_2,3,mst,13-24,14356,14347,10151,566,502,launch_200,0.9993730844246308,0.707534676238935,0.0394507562556632,0.049453255836863365,1.2535439248966056,1.1508860803853782,1.3648422432524079,502,True,False,holdout,False
inv_ctl_divyield_gt_2,6,all,ALL,135729,135476,101089,3744,3088,launch_200,0.9981359915714402,0.7461764445363016,0.027635891227966575,0.030547339473137532,1.1053502570680505,1.0676050730111826,1.1443864347892843,3088,True,False,holdout,False
inv_ctl_divyield_gt_2,6,drawdown,0-10,98461,98241,72643,2533,2077,launch_200,0.9977656127806949,0.7394366914017569,0.025783532333750674,0.02859188084192558,1.108920239159736,1.0628747452147715,1.1568993217661447,2077,True,False,holdout,False
inv_ctl_divyield_gt_2,6,drawdown,10-20,34770,34737,26496,1114,926,launch_200,0.9990509059534081,0.7627601692719579,0.0320695511990097,0.034948671497584544,1.0897773804412876,1.0228990909088984,1.1608599430444986,926,True,False,holdout,False
inv_ctl_divyield_gt_2,6,drawdown,20-30,2498,2498,1950,97,85,launch_200,1.0,0.7806244995996797,0.03883106485188151,0.04358974358974359,1.1225482421358708,0.9113632930227683,1.3799513839386837,85,False,False,holdout,False
inv_ctl_divyield_gt_2,6,mst,0-12,121373,121139,90862,3181,2590,launch_200,0.9980720588598783,0.7500639760935784,0.026259090796523003,0.02850476546851269,1.0855198944011815,1.0450672547186204,1.1274907136947965,2590,True,False,holdout,False
inv_ctl_divyield_gt_2,6,mst,13-24,14356,14337,10227,563,498,launch_200,0.9986765115631095,0.7133291483573969,0.03926902420311083,0.04869463185684952,1.2400265309620808,1.1380496654921066,1.350633881779841,498,True,False,holdout,False
inv_ctl_divyield_gt_2,12,all,ALL,135729,133098,99362,3690,3099,launch_200,0.980615785867427,0.7465326300921126,0.027723932741288374,0.031188985728950704,1.1249841795533553,1.086647674582076,1.1646281554491642,3099,True,False,holdout,False
inv_ctl_divyield_gt_2,12,drawdown,0-10,98461,96538,70743,2507,2083,launch_200,0.9804694244421649,0.7327995193602519,0.025969048457602187,0.029444609360643456,1.1338347421052246,1.086840538874386,1.1827967131176649,2083,True,False,holdout,False
inv_ctl_divyield_gt_2,12,drawdown,10-20,34770,34115,26695,1086,927,launch_200,0.9811619211964338,0.7825003664077386,0.03183350432361132,0.03472560404570144,1.090850812172288,1.0239346395938247,1.1619728801970683,927,True,False,holdout,False
inv_ctl_divyield_gt_2,12,drawdown,20-30,2498,2445,1924,97,89,launch_200,0.9787830264211369,0.7869120654396728,0.03967280163599182,0.04625779625779626,1.1659825963949675,0.9513414344078112,1.4262034281233589,89,False,False,holdout,False
inv_ctl_divyield_gt_2,12,mst,0-12,121373,118828,88953,3129,2614,launch_200,0.9790315803350004,0.7485861918066449,0.026332177601238765,0.029386305127426845,1.1159846167088134,1.0746022675776665,1.158910529749648,2614,True,False,holdout,False
inv_ctl_divyield_gt_2,12,mst,13-24,14356,14270,10409,561,485,launch_200,0.9940094733909167,0.7294323756131745,0.03931324456902593,0.04659429339994236,1.1852060014566443,1.0863983686360552,1.2925231534715689,485,True,False,holdout,False
h9_rs6_top_decile,0,all,ALL,135729,135531,13573,578,125,launch_500,0.9985412107950401,0.10014682987655961,0.00426470696740967,0.009209459957268106,2.1594590267621174,1.8138537093286295,2.5701873481727135,125,True,True,holdout,True
h9_rs6_top_decile,0,drawdown,0-10,98461,98287,9842,414,105,launch_500,0.9982328028356405,0.10013531799729364,0.004212154201471202,0.010668563300142247,2.5328045436741085,2.094230869830203,3.0620291345922315,105,True,True,holdout,True
h9_rs6_top_decile,0,drawdown,10-20,34770,34746,3481,152,18,launch_500,0.9993097497842968,0.1001841938640419,0.004374604270995223,0.005170927894283252,1.1820332935181965,0.7482769020699401,1.8651685214572078,18,False,False,holdout,False
h9_rs6_top_decile,0,drawdown,20-30,2498,2498,250,12,2,launch_500,1.0,0.100080064051241,0.004803843074459567,0.008,1.6653333333333336,0.4572666231002748,5.97324462717758,2,False,False,holdout,False
h9_rs6_top_decile,0,mst,0-12,121373,121192,12138,468,96,launch_500,0.9985087292890511,0.10015512575087465,0.0038616410324113803,0.007909045971329708,2.048104913156816,1.6784237120060346,2.49841953939759,96,False,False,holdout,False
h9_rs6_top_decile,0,mst,13-24,14356,14339,1435,110,29,launch_500,0.9988158261354138,0.10007671385731222,0.00767138573122254,0.020209059233449476,2.634342730440291,1.8389448618915034,3.7636983014386685,29,False,False,holdout,False
h9_rs6_top_decile,3,all,ALL,135729,126915,12083,500,74,launch_500,0.9350617775125434,0.09520545246818737,0.003939644644053107,0.006124306877431101,1.5545328146983364,1.2390897729485857,1.9496603764561726,74,False,False,holdout,False
h9_rs6_top_decile,3,drawdown,0-10,98461,91805,8774,354,65,launch_500,0.9323996303104782,0.09557213659386744,0.0038559991285877677,0.007408251652609984,1.9212275225080777,1.508564195475178,2.4457029117281452,65,False,False,holdout,False
h9_rs6_top_decile,3,drawdown,10-20,34770,32761,3083,134,9,launch_500,0.9422203048605119,0.09410579652635756,0.004090229235981808,0.0029192345118391177,0.7137092674803084,0.37567553560331324,1.3542191725261123,9,False,False,holdout,False
h9_rs6_top_decile,3,drawdown,20-30,2498,2349,226,12,0,launch_500,0.9403522818254604,0.09621115368241805,0.005108556832694764,0.0,0.0,0.0,3.271670740664991,0,False,False,holdout,False
h9_rs6_top_decile,3,mst,0-12,121373,113325,10794,407,50,launch_500,0.9336920072833332,0.09524818001323626,0.0035914405470990514,0.004632203075782842,1.2897897139142276,0.9788872699905777,1.6988326715287398,50,False,False,holdout,False
h9_rs6_top_decile,3,mst,13-24,14356,13590,1289,93,24,launch_500,0.9466425188074673,0.09484915378955114,0.006843267108167771,0.018619084561675717,2.720788808528742,1.8329663494334456,4.026640151525451,24,False,False,holdout,False
h9_rs6_top_decile,6,all,ALL,135729,123138,11478,480,51,launch_500,0.9072342682845965,0.09321249330019978,0.0038980655849534668,0.004443282801881861,1.139868661787768,0.8674281502838074,1.4973757320026837,51,False,False,holdout,False
h9_rs6_top_decile,6,drawdown,0-10,98461,88865,8321,336,43,launch_500,0.9025400920161282,0.09363641478647386,0.003781016148089799,0.00516764811921644,1.3667352681969314,1.0153188325504536,1.8389330225035918,43,False,False,holdout,False
h9_rs6_top_decile,6,drawdown,10-20,34770,31942,2933,132,7,launch_500,0.9186655162496405,0.09182267860497151,0.004132490138375806,0.002386634844868735,0.5775294713242207,0.2798729862293826,1.1901970821030223,7,False,False,holdout,False
h9_rs6_top_decile,6,drawdown,20-30,2498,2331,224,12,1,launch_500,0.9331465172137711,0.0960960960960961,0.005148005148005148,0.004464285714285714,0.8671875,0.15316441603301184,4.827067861547873,1,False,False,holdout,False
h9_rs6_top_decile,6,mst,0-12,121373,109634,10213,384,32,launch_500,0.9032816194705577,0.09315540799387051,0.003502563073499097,0.003133261529423284,0.8945624857208132,0.6339360419834261,1.261864135546442,32,False,False,holdout,False
h9_rs6_top_decile,6,mst,13-24,14356,13504,1265,96,19,launch_500,0.9406519921983839,0.09367594786729858,0.0071090047393364926,0.015019762845849802,2.112779973649539,1.3555149080760776,3.2831249378283656,19,False,False,holdout,False
h9_rs6_top_decile,12,all,ALL,135729,117572,10653,460,51,launch_500,0.8662260828562798,0.09060830810056816,0.003912496172558092,0.0047873838355392846,1.2236136789391845,0.9311904594253821,1.6072874407973223,51,False,False,holdout,False
h9_rs6_top_decile,12,drawdown,0-10,98461,84569,7693,324,35,launch_500,0.8589086034064248,0.09096713925906656,0.0038311910983930284,0.004549590536851683,1.1875133398487963,0.8543614983740375,1.6497514419366823,35,False,False,holdout,False
h9_rs6_top_decile,12,drawdown,10-20,34770,30809,2765,125,15,launch_500,0.886079953983319,0.0897465026453309,0.004057255996624363,0.0054249547920434,1.3370994575045207,0.8109897401579764,2.2014514477028913,15,False,False,holdout,False
h9_rs6_top_decile,12,drawdown,20-30,2498,2194,195,11,1,launch_500,0.8783026421136909,0.08887876025524157,0.005013673655423883,0.005128205128205128,1.0228438228438228,0.18067159840777028,5.678798214956724,1,False,False,holdout,False
h9_rs6_top_decile,12,mst,0-12,121373,104422,9505,377,41,launch_500,0.8603396142469907,0.09102487981459846,0.0036103503093217904,0.004313519200420831,1.1947647266481274,0.881190517947922,1.619270798995146,41,False,False,holdout,False
h9_rs6_top_decile,12,mst,13-24,14356,13150,1148,83,10,launch_500,0.9159933129005294,0.08730038022813688,0.006311787072243346,0.008710801393728223,1.3800847991268208,0.750713708891999,2.528636368196767,10,False,False,holdout,False
h9_rs12_top_decile,0,all,ALL,135729,133598,13385,569,82,launch_500,0.9842995969910631,0.10018862557822722,0.004259045794098714,0.006126260739633919,1.4384115681785805,1.1595707758164995,1.7837929754467843,82,False,False,holdout,False
h9_rs12_top_decile,0,drawdown,0-10,98461,96864,9705,409,71,launch_500,0.9837803800489534,0.1001920218037661,0.0042224149322761815,0.0073158165893869136,1.732614323018029,1.3746776394474092,2.1828860349466255,71,False,False,holdout,False
h9_rs12_top_decile,0,drawdown,10-20,34770,34287,3435,148,10,launch_500,0.9861087144089733,0.10018374310963339,0.004316504797736751,0.002911208151382824,0.6744364451788033,0.3665246220273162,1.2396340423144003,10,False,False,holdout,False
h9_rs12_top_decile,0,drawdown,20-30,2498,2447,245,12,1,launch_500,0.9795836669335468,0.10012259910093993,0.004903964037597058,0.004081632653061225,0.832312925170068,0.14699783664948324,4.63986858383914,1,False,False,holdout,False
h9_rs12_top_decile,0,mst,0-12,121373,119319,11955,460,58,launch_500,0.9830769611033755,0.10019359867246624,0.0038552116595010014,0.004851526557925554,1.2584332551415633,0.9740392318432255,1.625340642548308,58,False,False,holdout,False
h9_rs12_top_decile,0,mst,13-24,14356,14279,1430,109,24,launch_500,0.9946363889662859,0.10014706912248757,0.007633587786259542,0.016783216783216783,2.1986013986013986,1.4808119265873996,3.255577212800712,24,False,False,holdout,False
h9_rs12_top_decile,3,all,ALL,135729,125313,12171,496,63,launch_500,0.9232588466724134,0.09712479950204687,0.003958088945281016,0.0051762385999507025,1.307762071926658,1.0227598822155357,1.6716553353592902,63,False,False,holdout,False
h9_rs12_top_decile,3,drawdown,0-10,98461,90720,8793,351,53,launch_500,0.9213800387970872,0.09692460317460318,0.003869047619047619,0.00602752189241442,1.5578825814240347,1.191875642677667,2.0353954843536415,53,False,False,holdout,False
h9_rs12_top_decile,3,drawdown,10-20,34770,32300,3159,133,9,launch_500,0.9289617486338798,0.09780185758513932,0.00411764705882353,0.002849002849002849,0.6919006919006919,0.3641919577781569,1.3128931470881096,9,False,False,holdout,False
h9_rs12_top_decile,3,drawdown,20-30,2498,2293,219,12,1,launch_500,0.9179343474779824,0.09550806803314435,0.005233318796336677,0.0045662100456621,0.8725266362252663,0.15410936913427273,4.854857275453297,1,False,False,holdout,False
h9_rs12_top_decile,3,mst,0-12,121373,111776,10844,403,44,launch_500,0.9209296960609031,0.09701545949040939,0.003605425135986258,0.004057543341940244,1.125399415852885,0.8387597871847366,1.5094611838090735,44,False,False,holdout,False
h9_rs12_top_decile,3,mst,13-24,14356,13537,1327,93,19,launch_500,0.9429506826414042,0.0980276279825663,0.006870059836005023,0.014318010550113038,2.0841172991062384,1.3369925738932025,3.2393652796021595,19,False,False,holdout,False
h9_rs12_top_decile,6,all,ALL,135729,121619,11649,476,57,launch_500,0.8960428500909902,0.09578273131665282,0.003913862143250644,0.004893123873293845,1.2502034292985802,0.9655215299337406,1.6182895016077228,57,False,False,holdout,False
h9_rs12_top_decile,6,drawdown,0-10,98461,87947,8438,334,44,launch_500,0.8932166035283006,0.09594414818015395,0.003797741821779026,0.0052145058070632855,1.3730543180053736,1.0234661732288424,1.8412140175198892,44,False,False,holdout,False
h9_rs12_top_decile,6,drawdown,10-20,34770,31418,2987,131,12,launch_500,0.9035950532067875,0.09507288815328792,0.004169584314724043,0.004017408771342484,0.9635034257865509,0.5515303231274953,1.6810435389314908,12,False,False,holdout,False
h9_rs12_top_decile,6,drawdown,20-30,2498,2254,224,11,1,launch_500,0.9023218574859888,0.09937888198757763,0.0048802129547471165,0.004464285714285714,0.9147727272727272,0.1615690154385907,5.091943821190548,1,False,False,holdout,False
h9_rs12_top_decile,6,mst,0-12,121373,108162,10346,380,42,launch_500,0.8911537162301335,0.09565281707069026,0.0035132486455501932,0.0040595399188092015,1.1554946228901075,0.8552939659564721,1.56048366322027,42,False,False,holdout,False
h9_rs12_top_decile,6,mst,13-24,14356,13457,1303,96,15,launch_500,0.9373780997492338,0.09682693022218919,0.007133833692502044,0.011511895625479662,1.613703952417498,0.9796491629278491,2.650322146511527,15,False,False,holdout,False
h9_rs12_top_decile,12,all,ALL,135729,116146,10863,450,63,launch_500,0.8557198535316697,0.09352883439808517,0.003874433902157629,0.00579950289975145,1.4968645862100711,1.170721168894872,1.91318957008519,63,False,False,holdout,False
h9_rs12_top_decile,12,drawdown,0-10,98461,83710,7929,319,40,launch_500,0.8501843369455927,0.0947198662047545,0.0038107752956636006,0.005044772354647497,1.3238178489264638,0.9727943079306337,1.8006325099891987,40,False,False,holdout,False
h9_rs12_top_decile,12,drawdown,10-20,34770,30275,2744,120,21,launch_500,0.8707218866839229,0.09063583815028901,0.003963666391412056,0.007653061224489796,1.9308035714285716,1.2642523822460265,2.944657861179066,21,False,False,holdout,False
h9_rs12_top_decile,12,drawdown,20-30,2498,2161,190,11,2,launch_500,0.8650920736589272,0.0879222582137899,0.005090236001850995,0.010526315789473684,2.0679425837320573,0.568040060491237,7.37912588180016,2,False,False,holdout,False
h9_rs12_top_decile,12,mst,0-12,121373,103054,9638,369,51,launch_500,0.8490685737355096,0.09352378364740815,0.0035806470394162283,0.0052915542643702015,1.477820686071563,1.1247050527185936,1.9410278755603356,51,False,False,holdout,False
h9_rs12_top_decile,12,mst,13-24,14356,13092,1225,81,12,launch_500,0.9119531903037058,0.09356859150626337,0.00618698441796517,0.009795918367346938,1.5833106575963718,0.907140893185347,2.7548487433208275,12,False,False,holdout,False
h10_sponsorship,0,all,ALL,135729,129657,7599,551,51,launch_500,0.9552637977145636,0.058608482380434535,0.004249674140231534,0.006711409395973154,1.5792762396618716,1.2020955810693967,2.073756271277303,51,False,False,holdout,False
h10_sponsorship,0,drawdown,0-10,98461,93827,5702,391,40,launch_500,0.9529356801170007,0.0607714197405864,0.004167243970285739,0.00701508242721852,1.68338654449778,1.2372948863155706,2.288769184831802,40,False,False,holdout,False
h10_sponsorship,0,drawdown,10-20,34770,33341,1745,148,10,launch_500,0.9589013517400058,0.052337962268678206,0.004438979034821991,0.0057306590257879654,1.2909858282351119,0.7019093224430498,2.3692284010422835,10,False,False,holdout,False
h10_sponsorship,0,drawdown,20-30,2498,2489,152,12,1,launch_500,0.9963971176941553,0.061068702290076333,0.004821213338690237,0.006578947368421052,1.3645833333333333,0.24107858869943552,7.533591504396243,1,False,False,holdout,False
h10_sponsorship,0,mst,0-12,121373,115988,6810,447,35,launch_500,0.955632636583095,0.05871297030727317,0.00385384694968445,0.005139500734214391,1.3336027095303327,0.9595328222142013,1.852457235266445,35,False,False,holdout,False
h10_sponsorship,0,mst,13-24,14356,13669,789,104,16,launch_500,0.9521454444134857,0.0577218523666691,0.0076084570926914915,0.020278833967046894,2.665301745149654,1.6455742512171057,4.29601644668997,16,False,False,holdout,False
h10_sponsorship,3,all,ALL,135729,129001,7693,534,49,launch_500,0.9504306375203531,0.05963519662638274,0.00413950279455198,0.006369426751592357,1.5386936711276509,1.1647597956438818,2.0316605834122052,49,False,False,holdout,False
h10_sponsorship,3,drawdown,0-10,98461,93912,5845,385,36,launch_500,0.9537989660880958,0.06223911747167561,0.004099582587954681,0.006159110350727117,1.502374990279182,1.0860423751975008,2.0769430390302555,36,False,False,holdout,False
h10_sponsorship,3,drawdown,10-20,34770,32605,1707,137,13,launch_500,0.9377336784584411,0.05235393344579052,0.004201809538414354,0.007615700058582308,1.8124810248910668,1.0605104526196527,3.0906920775812856,13,False,False,holdout,False
h10_sponsorship,3,drawdown,20-30,2498,2484,141,12,0,launch_500,0.9943955164131305,0.05676328502415459,0.004830917874396135,0.0,0.0,0.0,5.490016426028675,0,False,False,holdout,False
h10_sponsorship,3,mst,0-12,121373,114951,6893,427,35,launch_500,0.9470887264877691,0.059964680603039555,0.003714626232046698,0.005077614971710431,1.3669248679463366,0.9835010825062844,1.8987705297215003,35,False,False,holdout,False
h10_sponsorship,3,mst,13-24,14356,14050,800,107,14,launch_500,0.9786848704374478,0.05693950177935943,0.0076156583629893235,0.0175,2.2978971962616828,1.3725068764929784,3.828831435029295,14,False,False,holdout,False
h10_sponsorship,6,all,ALL,135729,128320,7618,543,49,launch_500,0.9454132867699607,0.05936720698254364,0.0042316084788029925,0.006432134418482541,1.5200211576053033,1.1506326794190227,2.0069826552480494,49,False,False,holdout,False
h10_sponsorship,6,drawdown,0-10,98461,92920,5628,389,38,launch_500,0.9437239109901382,0.06056823073611709,0.004186396900559621,0.006751954513148543,1.612831910955688,1.1760267801184217,2.210368445243276,38,False,False,holdout,False
h10_sponsorship,6,drawdown,10-20,34770,32968,1841,142,11,launch_500,0.948173712970952,0.05584202863382674,0.004307206988595001,0.005975013579576317,1.387213011911775,0.7753584666528629,2.4767291325785337,11,False,False,holdout,False
h10_sponsorship,6,drawdown,20-30,2498,2432,149,12,0,launch_500,0.9735788630904724,0.06126644736842105,0.004934210526315789,0.0,0.0,0.0,5.093746633326569,0,False,False,holdout,False
h10_sponsorship,6,mst,0-12,121373,114305,6863,438,35,launch_500,0.9417662906906807,0.06004111806132715,0.0038318533747430123,0.0050998105784642285,1.3308991967382502,0.9575831532043177,1.8487185856571515,35,False,False,holdout,False
h10_sponsorship,6,mst,13-24,14356,14015,755,105,14,launch_500,0.9762468654221231,0.05387085265786657,0.007491972886193364,0.018543046357615896,2.4750551876379694,1.478556631999524,4.122187213684957,14,False,False,holdout,False
h10_sponsorship,12,all,ALL,135729,124198,7240,521,49,launch_500,0.915043947866705,0.05829401439636709,0.004194914571893267,0.006767955801104972,1.6133715443102405,1.2213406754191893,2.130107856618806,49,False,False,holdout,False
h10_sponsorship,12,drawdown,0-10,98461,90064,5318,373,31,launch_500,0.9147175023613411,0.059046899982234856,0.004141499378219933,0.005829259119969913,1.4075238428444243,0.9923473840277859,1.9949599988567206,31,False,False,holdout,False
h10_sponsorship,12,drawdown,10-20,34770,31788,1784,137,18,launch_500,0.9142364106988783,0.056121806971184095,0.00430980244117277,0.010089686098654708,2.341101764263035,1.4830591898179075,3.687635151569083,18,False,False,holdout,False
h10_sponsorship,12,drawdown,20-30,2498,2346,138,11,0,launch_500,0.9391513210568455,0.058823529411764705,0.004688832054560955,0.0,0.0,3.69969206785599e-16,5.776015128310784,0,False,False,holdout,False
h10_sponsorship,12,mst,0-12,121373,110903,6584,424,38,launch_500,0.9137369925766027,0.05936719475577757,0.0038231607801412046,0.005771567436208992,1.509632413627089,1.100653010056149,2.0693725395339713,38,False,False,holdout,False
h10_sponsorship,12,mst,13-24,14356,13295,656,97,11,launch_500,0.9260936193925885,0.04934185784129372,0.007295975930801053,0.01676829268292683,2.298293311541363,1.2868022124039393,4.080969484600435,11,False,False,holdout,False
inv_h15_near_high,0,all,ALL,135729,134170,81715,570,448,launch_500,0.9885138769165027,0.6090407691734366,0.004248341656107922,0.005482469558832527,1.2904963872080004,1.1766740874373263,1.4152624388951636,448,True,False,holdout,False
inv_h15_near_high,0,drawdown,0-10,98461,97265,54736,409,302,launch_500,0.987853058571414,0.5627512465943556,0.004205006939803629,0.005517392575270389,1.312100706194803,1.1725534752165743,1.4681526112679486,302,True,False,holdout,False
inv_h15_near_high,0,drawdown,10-20,34770,34435,24765,149,134,launch_500,0.9903652574058096,0.7191810657760999,0.004326992885145927,0.00541086210377549,1.2504901781443556,1.0563379109376407,1.4800975592080228,134,True,False,holdout,False
inv_h15_near_high,0,drawdown,20-30,2498,2470,2214,12,12,launch_500,0.988791032826261,0.8963562753036437,0.004858299595141701,0.005420054200542005,1.1156278229448962,0.638749549713762,1.9451593511915002,12,False,False,holdout,False
inv_h15_near_high,0,mst,0-12,121373,119875,74210,461,375,launch_500,0.9876578810773401,0.6190615224191867,0.003845672575599583,0.005053227327853389,1.3140035269553687,1.1878450582885702,1.4534857759561441,375,True,False,holdout,False
inv_h15_near_high,0,mst,13-24,14356,14295,7505,109,73,launch_500,0.99575090554472,0.5250087443161945,0.007625043721580973,0.009726848767488342,1.2756449828554663,1.0155594536123207,1.6015188663380577,73,False,False,holdout,False
inv_h15_near_high,3,all,ALL,135729,132471,80162,565,431,launch_500,0.9759962867183873,0.6051286696710978,0.004265084433574141,0.005376612359971058,1.260611001659692,1.147349418434052,1.3849869291170434,431,True,False,holdout,False
inv_h15_near_high,3,drawdown,0-10,98461,96119,54892,407,294,launch_500,0.9762139324199429,0.5710837607548975,0.004234334522831074,0.005355971726298914,1.2648910229978512,1.1286403880425084,1.417490776505311,294,True,False,holdout,False
inv_h15_near_high,3,drawdown,10-20,34770,33932,23155,146,125,launch_500,0.9758987633016969,0.6823942001650359,0.004302723093245314,0.005398402072986396,1.2546478023327012,1.0535552186393486,1.4938751859846109,125,True,False,holdout,False
inv_h15_near_high,3,drawdown,20-30,2498,2420,2115,12,12,launch_500,0.9687750200160128,0.8739669421487604,0.0049586776859504135,0.005673758865248227,1.1442080378250592,0.655139042508059,1.9947497371330885,12,False,False,holdout,False
inv_h15_near_high,3,mst,0-12,121373,118227,71800,456,353,launch_500,0.974079902449474,0.6073062836746259,0.0038569869826689334,0.004916434540389972,1.274682689488345,1.1487302520031708,1.4143695001063465,353,True,False,holdout,False
inv_h15_near_high,3,mst,13-24,14356,14244,8362,109,78,launch_500,0.9921983839509613,0.587054198258916,0.007652344846953103,0.00932791198277924,1.2189612686486926,0.977610796707172,1.519197919669416,78,False,False,holdout,False
inv_h15_near_high,6,all,ALL,135729,130678,80058,561,452,launch_500,0.9627861400290284,0.612635638745619,0.004292994995332038,0.005645906717629719,1.3151440250381752,1.1996469344135712,1.4416915249041897,452,True,False,holdout,False
inv_h15_near_high,6,drawdown,0-10,98461,95007,55457,405,316,launch_500,0.9649201206569098,0.5837148841664298,0.0042628437904575454,0.005698108444380331,1.3366918246302273,1.1975506168338776,1.491896251560171,316,True,False,holdout,False
inv_h15_near_high,6,drawdown,10-20,34770,33308,23072,145,125,launch_500,0.9579522576934139,0.6926864416956887,0.004353308514470998,0.005417822468793343,1.2445298675211631,1.0450604594616923,1.4818250348359832,125,True,False,holdout,False
inv_h15_near_high,6,drawdown,20-30,2498,2363,1529,11,11,launch_500,0.9459567654123299,0.6470588235294118,0.004655099449851883,0.007194244604316547,1.5454545454545454,0.8639721499725853,2.7575473361070264,11,False,False,holdout,False
inv_h15_near_high,6,mst,0-12,121373,116475,71474,452,371,launch_500,0.9596450610926648,0.6136424125348787,0.003880661086069972,0.0051906987156168675,1.3375810462422006,1.2085109284374909,1.480356411925151,371,True,False,holdout,False
inv_h15_near_high,6,mst,13-24,14356,14203,8584,109,81,launch_500,0.9893424352187239,0.6043793564739843,0.007674434978525663,0.009436160298229263,1.2295576579426626,0.990181438637058,1.5261200837049842,81,False,False,holdout,False
inv_h15_near_high,12,all,ALL,135729,126903,78034,541,433,launch_500,0.9349733660455761,0.6149106010102204,0.00426309858710984,0.005548863315990466,1.3016033297396268,1.1849252533739183,1.4297001659685376,433,True,False,holdout,False
inv_h15_near_high,12,drawdown,0-10,98461,92750,59419,397,330,launch_500,0.9419973390479479,0.6406361185983828,0.0042803234501347705,0.0055537790942291184,1.297513881586274,1.1651837804667649,1.4447793271557845,330,True,False,holdout,False
inv_h15_near_high,12,drawdown,10-20,34770,31886,17403,133,95,launch_500,0.9170549324129997,0.5457881201781346,0.004171109577871166,0.005458828937539505,1.3087234549051479,1.0711671903934754,1.5986104821173572,95,False,False,holdout,False
inv_h15_near_high,12,drawdown,20-30,2498,2267,1212,11,8,launch_500,0.9075260208166533,0.5346272606969563,0.004852227613586237,0.006600660066006601,1.3603360336033603,0.6900728565276182,2.673148777893892,8,False,False,holdout,False
inv_h15_near_high,12,mst,0-12,121373,112811,68805,435,348,launch_500,0.9294571280268263,0.6099139268333762,0.003856006949676893,0.005057771964246785,1.3116604897899864,1.181182742829836,1.4564699674827812,348,True,False,holdout,False
inv_h15_near_high,12,mst,13-24,14356,14092,9229,106,85,launch_500,0.9816104764558373,0.6549105875674142,0.007521998296906046,0.009210098602232094,1.2244217877608932,0.9911083266761724,1.5120294182488279,85,False,False,holdout,False
inv_h21_no_dilution,0,all,ALL,135729,127649,52071,551,317,launch_500,0.9404696122420412,0.40792328964582564,0.00431652421875612,0.006087841600891091,1.4103573366826623,1.2637914405600295,1.5738048389315586,317,True,False,holdout,False
inv_h21_no_dilution,0,drawdown,0-10,98461,93168,38092,404,232,launch_500,0.9462426747646276,0.4088528250042933,0.004336252790657737,0.006090517694003991,1.404557803254861,1.2355023387718045,1.5965843462169442,232,True,False,holdout,False
inv_h21_no_dilution,0,drawdown,10-20,34770,32206,13048,136,78,launch_500,0.9262582686223756,0.4051418990250264,0.00422281562441781,0.005977927651747394,1.4156260143542394,1.134998966085071,1.7651180747289479,78,False,False,holdout,False
inv_h21_no_dilution,0,drawdown,20-30,2498,2275,931,11,7,launch_500,0.910728582866293,0.40923076923076923,0.004835164835164835,0.007518796992481203,1.555023923444976,0.7542234893521688,3.1929036430165194,7,False,False,holdout,False
inv_h21_no_dilution,0,mst,0-12,121373,113526,47063,440,251,launch_500,0.9353480592883096,0.4145570177756637,0.0038757641421348415,0.005333276671695387,1.3760581077974785,1.2163825062177398,1.5565674131744538,251,True,False,holdout,False
inv_h21_no_dilution,0,mst,13-24,14356,14123,5008,111,66,launch_500,0.9837698523265533,0.3545988812575232,0.007859519932025773,0.013178913738019169,1.6768089974958984,1.3197792684480716,2.1287903121788547,66,False,False,holdout,False
inv_h21_no_dilution,3,all,ALL,135729,125722,51134,536,324,launch_500,0.9262722041715478,0.4067227692846121,0.004263374747458679,0.006336292877537451,1.4862153230406034,1.3333694296461385,1.6564577005104029,324,True,False,holdout,False
inv_h21_no_dilution,3,drawdown,0-10,98461,91941,37216,395,237,launch_500,0.9337808878642305,0.4047813271554584,0.004296233454062931,0.006368228718830611,1.4822818142734309,1.3056643743219931,1.6826166443452841,237,True,False,holdout,False
inv_h21_no_dilution,3,drawdown,10-20,34770,31548,12940,130,79,launch_500,0.9073339085418464,0.4101686319259541,0.004120704957525041,0.006105100463678516,1.4815669956009987,1.1895431736809357,1.8447328094079156,79,False,False,holdout,False
inv_h21_no_dilution,3,drawdown,20-30,2498,2233,978,11,8,launch_500,0.8939151321056845,0.43797581728616214,0.0049261083743842365,0.0081799591002045,1.6605316973415134,0.8425781902115136,3.2597298926966536,8,False,False,holdout,False
inv_h21_no_dilution,3,mst,0-12,121373,111717,46092,428,259,launch_500,0.920443591243522,0.4125782110153334,0.0038311089628257113,0.005619196389829038,1.4667284184171276,1.2990407726145123,1.6559241387263086,259,True,False,holdout,False
inv_h21_no_dilution,3,mst,13-24,14356,14005,5042,108,65,launch_500,0.9755502925606019,0.36001428061406643,0.007711531595858622,0.01289170963903213,1.6717443842096757,1.3133536869101525,2.1263134625917606,65,False,False,holdout,False
inv_h21_no_dilution,6,all,ALL,135729,123810,50236,512,314,launch_500,0.9121853104347634,0.4057507471125111,0.004135368710120346,0.00625049765108687,1.5114728792598933,1.3537023016921728,1.6875021780529027,314,True,False,holdout,True
inv_h21_no_dilution,6,drawdown,0-10,98461,90524,36350,378,232,launch_500,0.9193894029107972,0.40155096990853256,0.004175688215279926,0.006382393397524072,1.5284650262366906,1.3445180667061392,1.7373946328932859,232,True,False,holdout,True
inv_h21_no_dilution,6,drawdown,10-20,34770,31075,12946,123,73,launch_500,0.8937302272073626,0.41660498793242157,0.003958165728077233,0.0056388073536227405,1.424601126128672,1.1337235418607343,1.7895776734074988,73,False,False,holdout,False
inv_h21_no_dilution,6,drawdown,20-30,2498,2211,940,11,9,launch_500,0.8851080864691754,0.4251469923111714,0.004975124378109453,0.009574468085106383,1.924468085106383,1.014089533000573,3.6372565101622003,9,False,False,holdout,False
inv_h21_no_dilution,6,mst,0-12,121373,110014,45190,408,251,launch_500,0.9064124640570802,0.41076590252149725,0.003708618903048703,0.005554326178358044,1.497680490651671,1.3239080350605745,1.6941178197994848,251,True,False,holdout,False
inv_h21_no_dilution,6,mst,13-24,14356,13796,5046,104,63,launch_500,0.9609919197548064,0.3657581907799362,0.007538416932444187,0.01248513674197384,1.6562014085795298,1.29617525243386,2.114618740026658,63,False,False,holdout,False
inv_h21_no_dilution,12,all,ALL,135729,120055,48773,462,267,launch_500,0.8845198888962565,0.4062554662446379,0.0038482362250635126,0.005474340311237775,1.4225582815273834,1.2622198339484167,1.6031380857896373,267,True,False,holdout,False
inv_h21_no_dilution,12,drawdown,0-10,98461,87595,35221,337,204,launch_500,0.8896415839774123,0.4020891603402021,0.0038472515554540784,0.005791999091451123,1.5054900902541872,1.313042849610699,1.7259552789426302,204,True,False,holdout,True
inv_h21_no_dilution,12,drawdown,10-20,34770,30307,12653,114,57,launch_500,0.8716422203048605,0.41749430824561984,0.003761507242551226,0.004504860507389552,1.1976211175215363,0.9248768746779932,1.5503263831861793,57,False,False,holdout,False
inv_h21_no_dilution,12,drawdown,20-30,2498,2153,899,11,6,launch_500,0.8618895116092874,0.4175568973525314,0.005109150023223409,0.006674082313681869,1.3062999292142785,0.5993709543637524,2.8349037041119844,6,False,False,holdout,False
inv_h21_no_dilution,12,mst,0-12,121373,106860,43680,372,209,launch_500,0.8804264539889431,0.40875912408759124,0.003481190342504211,0.004784798534798535,1.3744719662058373,1.200673541221749,1.5732894840987939,209,True,False,holdout,False
inv_h21_no_dilution,12,mst,13-24,14356,13195,5093,90,58,launch_500,0.9191278907773753,0.38597953770367566,0.006820765441455097,0.011388179854702533,1.6696337020311103,1.2931506242440758,2.154099910329113,58,False,False,holdout,False
inv_h8_fcf_divergence,0,all,ALL,135729,131946,118747,563,534,launch_500,0.9721282850385695,0.8999666530247222,0.0042668970639504035,0.00449695571256537,1.0539170842809065,0.9684082858351665,1.1469390602400873,534,True,False,holdout,False
inv_h8_fcf_divergence,0,drawdown,0-10,98461,95753,86763,405,381,launch_500,0.9724967245914626,0.9061126022161186,0.004229632491932368,0.004391272777566474,1.0382161537538828,0.9392567048175156,1.1475510948828074,381,True,False,holdout,False
inv_h8_fcf_divergence,0,drawdown,10-20,34770,33783,29821,146,141,launch_500,0.9716134598792062,0.8827220791522363,0.004321700263446112,0.004728211662922102,1.0940628397842287,0.9280742149562206,1.2895728672863638,141,True,False,holdout,False
inv_h8_fcf_divergence,0,drawdown,20-30,2498,2410,2163,12,12,launch_500,0.9647718174539631,0.8975103734439834,0.004979253112033195,0.005547850208044383,1.1141932501155802,0.6379409277687437,1.9425399694725376,12,False,False,holdout,False
inv_h8_fcf_divergence,0,mst,0-12,121373,117727,106344,454,430,launch_500,0.9699603700987864,0.9033102007186117,0.0038563795900685483,0.00404348153163319,1.048517511618019,0.9541526809315801,1.1521733181728389,430,True,False,holdout,False
inv_h8_fcf_divergence,0,mst,13-24,14356,14219,12403,109,104,launch_500,0.990456951797158,0.8722835642450243,0.0076657992826499755,0.008385068128678546,1.0938282910245893,0.9034374925066548,1.3239320783603927,104,True,False,holdout,False
inv_h8_fcf_divergence,3,all,ALL,135729,130010,116600,555,518,launch_500,0.9578645683678506,0.8968540881470656,0.004268902392123683,0.0044425385934819895,1.040674671240709,0.9549994579753052,1.1339986460374876,518,True,False,holdout,False
inv_h8_fcf_divergence,3,drawdown,0-10,98461,94623,85105,402,369,launch_500,0.9610200993286682,0.8994113481923,0.004248438540312609,0.004335820457082427,1.0205680077375883,0.9217987303158738,1.1298692572722853,369,True,False,holdout,False
inv_h8_fcf_divergence,3,drawdown,10-20,34770,33042,29385,142,138,launch_500,0.9503019844693702,0.8893226802251679,0.004297560680346226,0.0046962736089841755,1.0927765675215149,0.9253366960827786,1.2903460341291202,138,True,False,holdout,False
inv_h8_fcf_divergence,3,drawdown,20-30,2498,2345,2110,11,11,launch_500,0.9387510008006406,0.8997867803837953,0.004690831556503198,0.005213270142180095,1.1113744075829384,0.6211081720839883,1.9850140447169136,11,False,False,holdout,False
inv_h8_fcf_divergence,3,mst,0-12,121373,115825,104049,446,419,launch_500,0.9542896690367709,0.8983293762141161,0.00385063673645586,0.004026948841411258,1.0457877792745718,0.9504988515407099,1.150587084815796,419,True,False,holdout,False
inv_h8_fcf_divergence,3,mst,13-24,14356,14185,12551,109,99,launch_500,0.9880886040679855,0.8848078956644343,0.007684173422629538,0.007887817703768623,1.0265017809904398,0.8437715926621258,1.2484225691000328,99,False,False,holdout,False
inv_h8_fcf_divergence,6,all,ALL,135729,128103,115098,544,507,launch_500,0.9438145127423027,0.8984801292709773,0.00424658282788069,0.004404941875619038,1.0372909358316647,0.9510112607869186,1.1313605000795472,507,True,False,holdout,False
inv_h8_fcf_divergence,6,drawdown,0-10,98461,93440,83529,397,364,launch_500,0.9490051898721321,0.8939319349315068,0.004248715753424658,0.004357767960827976,1.0256670988910983,0.9257605053130223,1.1363031942700397,364,True,False,holdout,False
inv_h8_fcf_divergence,6,drawdown,10-20,34770,32366,29493,136,133,launch_500,0.9308599367270636,0.9112340109991967,0.004201940307730335,0.004509544637710643,1.0732053069422254,0.9059472893644086,1.271177303671111,133,True,False,holdout,False
inv_h8_fcf_divergence,6,drawdown,20-30,2498,2297,2076,11,10,launch_500,0.9195356285028022,0.9037875489769265,0.00478885502829778,0.004816955684007707,1.0058679278332456,0.5468100440789793,1.8468964926505187,10,False,False,holdout,False
inv_h8_fcf_divergence,6,mst,0-12,121373,113972,102699,437,412,launch_500,0.9390226821451229,0.9010897413399782,0.003834275085108623,0.004011723580560667,1.046279542159406,0.9501773855391866,1.1520585010930045,412,True,False,holdout,False
inv_h8_fcf_divergence,6,mst,13-24,14356,14131,12399,107,95,launch_500,0.9843271106157704,0.8774325950038921,0.007572004812115208,0.00766190821840471,1.0118731311614668,0.8283503211930071,1.235672981381423,95,False,False,holdout,False
inv_h8_fcf_divergence,12,all,ALL,135729,124242,111190,517,486,launch_500,0.9153681232455849,0.8949469583554676,0.004161233721285878,0.004370896663369008,1.0503848031920546,0.9612294549205798,1.147769778267446,486,True,False,holdout,False
inv_h8_fcf_divergence,12,drawdown,0-10,98461,90876,80032,379,359,launch_500,0.9229644224616853,0.8806725648135921,0.004170518068576962,0.004485705717712915,1.0755751788994166,0.9701232862741541,1.1924324013630412,359,True,False,holdout,False
inv_h8_fcf_divergence,12,drawdown,10-20,34770,31169,29028,127,117,launch_500,0.8964337072188668,0.9313099554044082,0.00407456126279316,0.004030591153369161,0.9892086272390819,0.8257213178286026,1.1849085262273242,117,True,False,holdout,False
inv_h8_fcf_divergence,12,drawdown,20-30,2498,2197,2130,11,10,launch_500,0.8795036028823059,0.9695038689121529,0.005006827492034593,0.004694835680751174,0.9376867264191208,0.5097353324663142,1.7218220029587443,10,False,False,holdout,False
inv_h8_fcf_divergence,12,mst,0-12,121373,110431,99202,416,388,launch_500,0.9098481540375537,0.8983165958834023,0.00376705816301582,0.003911211467510735,1.0382668114631683,0.9401346539648708,1.146597697351675,388,True,False,holdout,False
inv_h8_fcf_divergence,12,mst,13-24,14356,13811,11988,101,98,launch_500,0.9620367790470883,0.8680037651147636,0.0073130113677503435,0.008174841508174841,1.1178488719742845,0.9179653043347931,1.360820287059875,98,False,False,holdout,False
inv_ctl_divyield_gt_2,0,all,ALL,135729,135703,100956,586,521,launch_500,0.9998084418215709,0.7439481809539952,0.004318253833739859,0.005160664051666072,1.1950812180942678,1.0969969061320486,1.3018858731628693,521,True,False,holdout,False
inv_ctl_divyield_gt_2,0,drawdown,0-10,98461,98439,73360,422,378,launch_500,0.9997765612780695,0.7452330885116671,0.004286918802507136,0.005152671755725191,1.2019522629427302,1.0869927564327144,1.3290002048237601,378,True,False,holdout,False
inv_ctl_divyield_gt_2,0,drawdown,10-20,34770,34766,25733,152,132,launch_500,0.9998849582973828,0.7401771846056492,0.004372087671863314,0.005129600124353943,1.173261038969008,0.9898206562305848,1.3904902827604149,132,True,False,holdout,False
inv_ctl_divyield_gt_2,0,drawdown,20-30,2498,2498,1863,12,11,launch_500,1.0,0.7457966373098479,0.004803843074459567,0.005904455179817499,1.2291107532653427,0.6869822743706444,2.1945320243029447,11,False,False,holdout,False
inv_ctl_divyield_gt_2,0,mst,0-12,121373,121348,90855,471,417,launch_500,0.9997940233824656,0.748714441111514,0.00388139895177506,0.0045897308898794785,1.1824939788218576,1.0745294361085653,1.301251360820943,417,True,False,holdout,False
inv_ctl_divyield_gt_2,0,mst,13-24,14356,14355,10101,115,104,launch_500,0.9999303427138478,0.7036572622779519,0.008011145942180425,0.010296010296010296,1.2852106765150244,1.0616690581334127,1.5552290371921336,104,True,False,holdout,False
inv_ctl_divyield_gt_2,3,all,ALL,135729,135612,101019,582,515,launch_500,0.9991379881970691,0.7449119546942748,0.00429165560569861,0.005098050861719082,1.1878984080059247,1.08985887857351,1.2947079639337085,515,True,False,holdout,False
inv_ctl_divyield_gt_2,3,drawdown,0-10,98461,98359,72942,418,372,launch_500,0.9989640568346858,0.7415894834229709,0.0042497382039264325,0.005099942420004935,1.200060374376233,1.0844037136083646,1.327982414171111,372,True,False,holdout,False
inv_ctl_divyield_gt_2,3,drawdown,10-20,34770,34755,26182,152,132,launch_500,0.9995685936151855,0.7533304560494892,0.004373471442957848,0.005041631655335727,1.1527757117183763,0.9725320780630289,1.3662242339060624,132,True,False,holdout,False
inv_ctl_divyield_gt_2,3,drawdown,20-30,2498,2498,1895,12,11,launch_500,1.0,0.7586068855084067,0.004803843074459567,0.005804749340369393,1.2083553210202287,0.6753708243970987,2.157583097038951,11,False,False,holdout,False
inv_ctl_divyield_gt_2,3,mst,0-12,121373,121265,90868,471,417,launch_500,0.9991101810122515,0.7493341029975673,0.0038840555807528967,0.004589074261566228,1.1815161153478315,1.0736408231419448,1.30017533605883,417,True,False,holdout,False
inv_ctl_divyield_gt_2,3,mst,13-24,14356,14347,10151,111,98,launch_500,0.9993730844246308,0.707534676238935,0.007736809089008155,0.009654221258989262,1.2478298414659363,1.0248274522863063,1.518782781154887,98,False,False,holdout,False
inv_ctl_divyield_gt_2,6,all,ALL,135729,135476,101089,578,516,launch_500,0.9981359915714402,0.7461764445363016,0.004266438335941421,0.005104412943050183,1.1964108094682813,1.0977606410015954,1.3038766187951158,516,True,False,holdout,False
inv_ctl_divyield_gt_2,6,drawdown,0-10,98461,98241,72643,414,374,launch_500,0.9977656127806949,0.7394366914017569,0.004214126484868843,0.005148465784728054,1.221716007626736,1.1042741237794729,1.3515766105281912,374,True,False,holdout,False
inv_ctl_divyield_gt_2,6,drawdown,10-20,34770,34737,26496,152,131,launch_500,0.9990509059534081,0.7627601692719579,0.004375737686040821,0.004944142512077295,1.1298992002765067,0.9526097974202602,1.3399895086350793,131,True,False,holdout,False
inv_ctl_divyield_gt_2,6,drawdown,20-30,2498,2498,1950,12,11,launch_500,1.0,0.7806244995996797,0.004803843074459567,0.0056410256410256415,1.1742735042735044,0.6563048406605209,2.0969023515971057,11,False,False,holdout,False
inv_ctl_divyield_gt_2,6,mst,0-12,121373,121139,90862,468,417,launch_500,0.9980720588598783,0.7500639760935784,0.003863330554156795,0.004589377297440074,1.1879328556294724,1.0794717137257628,1.30723648621849,417,True,False,holdout,False
inv_ctl_divyield_gt_2,6,mst,13-24,14356,14337,10227,110,99,launch_500,0.9986765115631095,0.7133291483573969,0.0076724558833786705,0.009680258140217073,1.2616896450572017,1.0372435179231903,1.5341267733063384,99,False,False,holdout,False
inv_ctl_divyield_gt_2,12,all,ALL,135729,133098,99362,567,502,launch_500,0.980615785867427,0.7465326300921126,0.004260018933417482,0.005052233248123025,1.1859649750593975,1.0868783833945226,1.2940348875399794,502,True,False,holdout,False
inv_ctl_divyield_gt_2,12,drawdown,0-10,98461,96538,70743,408,364,launch_500,0.9804694244421649,0.7327995193602519,0.004226315026207296,0.00514538540915709,1.2174637662480567,1.0989151093856693,1.3487279654376947,364,True,False,holdout,False
inv_ctl_divyield_gt_2,12,drawdown,10-20,34770,34115,26695,147,127,launch_500,0.9811619211964338,0.7825003664077386,0.004308955005129708,0.004757445214459637,1.104083289056398,0.9283579104746045,1.3128821377666429,127,True,False,holdout,False
inv_ctl_divyield_gt_2,12,drawdown,20-30,2498,2445,1924,12,11,launch_500,0.9787830264211369,0.7869120654396728,0.0049079754601227,0.005717255717255718,1.1648908523908523,0.651068730364885,2.080067288527142,11,False,False,holdout,False
inv_ctl_divyield_gt_2,12,mst,0-12,121373,118828,88953,458,404,launch_500,0.9790315803350004,0.7485861918066449,0.0038543104318847408,0.004541724281362068,1.1783493731565324,1.069126800885765,1.2986740989039687,404,True,False,holdout,False
inv_ctl_divyield_gt_2,12,mst,13-24,14356,14270,10409,109,98,launch_500,0.9940094733909167,0.7294323756131745,0.007638402242466713,0.00941492938802959,1.2325783703411215,1.0122819135831989,1.5002628654615568,98,False,False,holdout,False
