feature,direction,lag,bucket_type,bucket,label,extreme_deciles,coverage,rows,row_share,events,rate,base,lift,ci_low,ci_high,rho,rho_deciles,sufficient,pass_build,window,pass_holdout
ret_6m_skip1,HIGH,0,all,ALL,win_50,10,0.9990392167328793,39379,0.10018801631340463,5927,0.15051169405012824,0.11705605633874484,1.2858086865199625,1.2559292559464836,1.316270566084841,-0.2,10,True,False,build,
ret_6m_skip1,HIGH,0,all,ALL,win_100,10,0.9990392167328793,39379,0.10018801631340463,1875,0.04761421061987354,0.027258549145021894,1.7467624695120323,1.6712088519492216,1.825553703204855,-0.22424242424242424,10,True,False,build,
ret_6m_skip1,HIGH,0,all,ALL,launch_300,10,0.9990392167328793,39379,0.10018801631340463,482,0.01224002641001549,0.0065894756660077195,1.857511436479922,1.6997721841580467,2.0296909296669194,-0.296969696969697,10,True,False,build,
ret_6m_skip1,HIGH,0,drawdown,0-10,win_50,10,0.99900697419777,30441,0.10019452371313183,4425,0.14536316152557407,0.10229774964699377,1.4209810286852764,1.3827131112565874,1.4601237893416363,-0.15151515151515152,10,True,False,build,
ret_6m_skip1,HIGH,0,drawdown,0-10,win_100,10,0.99900697419777,30441,0.10019452371313183,1402,0.046056305640419175,0.022493655762147857,2.04752424983414,1.945366080458185,2.154775193291236,-0.15151515151515152,10,True,False,build,
ret_6m_skip1,HIGH,0,drawdown,0-10,launch_300,10,0.99900697419777,30441,0.10019452371313183,345,0.0113333990341973,0.005368327853096745,2.1111600007178355,1.9008564814988982,2.3444348474524404,-0.4,5,True,False,build,
ret_6m_skip1,HIGH,0,drawdown,10-20,win_50,10,0.9991517581739667,3895,0.10020323634586195,407,0.10449293966623877,0.08000823235831339,1.3060273497641053,1.1907874240253844,1.4310084242285903,-0.030303030303030304,10,True,False,build,
ret_6m_skip1,HIGH,0,drawdown,10-20,win_100,10,0.9991517581739667,3895,0.10020323634586195,107,0.027471116816431322,0.015538576316534177,1.7679301022706986,1.4663500298304655,2.129435133446037,,2,True,False,build,
ret_6m_skip1,HIGH,0,drawdown,10-20,launch_300,10,0.9991517581739667,3895,0.10020323634586195,40,0.010269576379974325,0.004321988114532685,2.3761232349165593,1.7471013706499872,3.228432452216975,,0,False,False,build,
ret_6m_skip1,HIGH,0,drawdown,20-30,win_50,10,0.9987687761635066,2843,0.1001338405184559,696,0.24481181850158285,0.18702451394759087,1.308982514293209,1.2263512783994466,1.3952960990004633,0.7333333333333333,10,True,False,build,
ret_6m_skip1,HIGH,0,drawdown,20-30,win_100,10,0.9987687761635066,2843,0.1001338405184559,247,0.08688005627857896,0.03927162581008735,2.21228570211786,1.962640321465585,2.4903207422268636,,4,True,False,build,
ret_6m_skip1,HIGH,0,drawdown,20-30,launch_300,10,0.9987687761635066,2843,0.1001338405184559,41,0.014421385860007034,0.004825302902225979,2.988700637498684,2.206796005307285,4.042185325444293,,0,False,False,build,
ret_6m_skip1,HIGH,0,drawdown,>30,win_50,10,0.9996359830732129,2200,0.10014110792480313,399,0.18136363636363637,0.2962811234011562,0.6121336191846254,0.5596790218773056,0.6683374042494098,-0.9878787878787879,10,True,False,build,
ret_6m_skip1,HIGH,0,drawdown,>30,win_100,10,0.9996359830732129,2200,0.10014110792480313,119,0.05409090909090909,0.09836587919340889,0.5498950401750032,0.461465649736224,0.6541277269651857,-0.9285714285714286,8,True,False,build,
ret_6m_skip1,HIGH,0,drawdown,>30,launch_300,10,0.9996359830732129,2200,0.10014110792480313,56,0.025454545454545455,0.02976922026491875,0.8550625521267723,0.6602187490282347,1.105478376606569,,2,False,False,build,
ret_6m_skip1,HIGH,0,mst,0-12,win_50,10,0.9989820771672854,29793,0.10019101297408546,4528,0.1519820091967912,0.11997161708624504,1.2668163761394877,1.2332114504290281,1.3011692631659322,-0.22424242424242424,10,True,False,build,
ret_6m_skip1,HIGH,0,mst,0-12,win_100,10,0.9989820771672854,29793,0.10019101297408546,1442,0.048400631020709566,0.028678849348605404,1.6876768810483394,1.6047150370473515,1.7746989262768793,-0.3333333333333333,10,True,False,build,
ret_6m_skip1,HIGH,0,mst,0-12,launch_300,10,0.9989820771672854,29793,0.10019101297408546,399,0.013392407612526433,0.007499276975538233,1.7858265078368094,1.619952529429633,1.9684312374539341,-0.3333333333333333,8,True,False,build,
ret_6m_skip1,HIGH,0,mst,13-24,win_50,10,0.9991452235682495,3395,0.10015340138061242,587,0.17290132547864506,0.12157059413534722,1.4222298303992016,1.3206506427923788,1.5298910054964137,0.503030303030303,10,True,False,build,
ret_6m_skip1,HIGH,0,mst,13-24,win_100,10,0.9991452235682495,3395,0.10015340138061242,185,0.054491899852724596,0.025901233111098,2.1038341927194284,1.8280146699045967,2.4185340902268924,,3,True,False,build,
ret_6m_skip1,HIGH,0,mst,13-24,launch_300,10,0.9991452235682495,3395,0.10015340138061242,37,0.010898379970544918,0.00368753318779869,2.9554662739322533,2.1470183121733,4.063732745398349,,0,False,False,build,
ret_6m_skip1,HIGH,0,mst,>24,win_50,10,0.9992561088021734,6191,0.10019258468061693,812,0.1311581327733807,0.10054862358595912,1.3044249448253609,1.2230651605766356,1.3903341913727487,-0.01818181818181818,10,True,False,build,
ret_6m_skip1,HIGH,0,mst,>24,win_100,10,0.9992561088021734,6191,0.10019258468061693,248,0.04005814892586012,0.02116813128125455,1.8923800307934424,1.6747760892495067,2.136931343041712,0.0,7,True,False,build,
ret_6m_skip1,HIGH,0,mst,>24,launch_300,10,0.9992561088021734,6191,0.10019258468061693,46,0.007430140526570829,0.0038031428525189754,1.95368431181846,1.4659898813252437,2.602006716992606,,0,False,False,build,
ret_6m_skip1,HIGH,3,all,ALL,win_50,10,0.9969600614087929,39297,0.10018789851950244,6136,0.15614423492887497,0.11699678507417785,1.3346027827164397,1.3042147176836878,1.3655653962788745,-0.11515151515151516,10,True,False,build,
ret_6m_skip1,HIGH,3,all,ALL,win_100,10,0.9969600614087929,39297,0.10018789851950244,1861,0.04735730462885208,0.027175173939979553,1.7426679488215158,1.6670048947142444,1.8215871762914777,-0.15151515151515152,10,True,False,build,
ret_6m_skip1,HIGH,3,all,ALL,launch_300,10,0.9969600614087929,39297,0.10018789851950244,496,0.012621828638318447,0.006554777389969737,1.9255922646027068,1.7643226523392845,2.1013974601121164,-0.22424242424242424,10,True,False,build,
ret_6m_skip1,HIGH,3,drawdown,0-10,win_50,10,0.9968039037093789,30371,0.10018505751297217,4507,0.14839814296532877,0.10219067191381136,1.4521691675585542,1.4134806631919317,1.4917279380326427,-0.006060606060606061,10,True,False,build,
ret_6m_skip1,HIGH,3,drawdown,0-10,win_100,10,0.9968039037093789,30371,0.10018505751297217,1348,0.044384445688321096,0.02238503178305058,1.9827734049467804,1.8818512108435186,2.0888437703774834,-0.11515151515151516,10,True,False,build,
ret_6m_skip1,HIGH,3,drawdown,0-10,launch_300,10,0.9968039037093789,30371,0.10018505751297217,362,0.011919265088406704,0.005334010668021336,2.2345784120503422,2.0170571267608137,2.475244311797008,-0.3,5,True,False,build,
ret_6m_skip1,HIGH,3,drawdown,10-20,win_50,10,0.9966841455891425,3885,0.10019342359767891,428,0.11016731016731017,0.07997421018697615,1.3775354568647056,1.2592100660852368,1.505491024019453,0.2727272727272727,10,True,False,build,
ret_6m_skip1,HIGH,3,drawdown,10-20,win_100,10,0.9966841455891425,3885,0.10019342359767891,120,0.03088803088803089,0.015448098001289491,1.9994714485532514,1.6761906566090432,2.3827461887833126,,2,True,False,build,
ret_6m_skip1,HIGH,3,drawdown,10-20,launch_300,10,0.9966841455891425,3885,0.10019342359767891,52,0.013384813384813385,0.00425531914893617,3.145431145431145,2.4021464733893443,4.114638308162257,,0,False,False,build,
ret_6m_skip1,HIGH,3,drawdown,20-30,win_50,10,0.9973968410314138,2841,0.10020103692730928,748,0.26328757479760645,0.18714069057948013,1.4068964583936177,1.3221077384322193,1.4951012025912023,0.8787878787878788,10,True,False,build,
ret_6m_skip1,HIGH,3,drawdown,20-30,win_100,10,0.9973968410314138,2841,0.10020103692730928,249,0.08764519535374868,0.03929037491623461,2.230703971153354,1.9800248128864912,2.5097265983698107,,4,True,False,build,
ret_6m_skip1,HIGH,3,drawdown,20-30,launch_300,10,0.9973968410314138,2841,0.10020103692730928,37,0.013023583245336149,0.004831940182696716,2.695311355876028,1.9585107920606102,3.7042908460228605,,0,False,False,build,
ret_6m_skip1,HIGH,3,drawdown,>30,win_50,10,0.9990444555671839,2200,0.10020040080160321,453,0.2059090909090909,0.2962288212789215,0.6951014760147601,0.6398150701716984,0.7538488701098598,-0.9878787878787879,10,True,False,build,
ret_6m_skip1,HIGH,3,drawdown,>30,win_100,10,0.9990444555671839,2200,0.10020040080160321,144,0.06545454545454546,0.09837857533248315,0.6653333333333333,0.5677897215326193,0.778275519621168,-0.95,9,True,False,build,
ret_6m_skip1,HIGH,3,drawdown,>30,launch_300,10,0.9990444555671839,2200,0.10020040080160321,45,0.020454545454545454,0.02969575514665695,0.6888036809815951,0.5159629948096076,0.9179408471527652,,1,False,False,build,
ret_6m_skip1,HIGH,3,mst,0-12,win_50,10,0.9968387281003813,29726,0.1001806392472466,4646,0.1562941532665007,0.11992289130639922,1.303288734651786,1.2692366174708325,1.3380815110307347,-0.2,10,True,False,build,
ret_6m_skip1,HIGH,3,mst,0-12,win_100,10,0.9968387281003813,29726,0.1001806392472466,1410,0.04743322344075893,0.028588856984942235,1.6591507476406642,1.576654458763294,1.7457379422114787,-0.28484848484848485,10,True,False,build,
ret_6m_skip1,HIGH,3,mst,0-12,launch_300,10,0.9968387281003813,29726,0.1001806392472466,424,0.014263607616228217,0.007464849489761529,1.9107696191050572,1.73842000618297,2.099934863410334,-0.3333333333333333,9,True,False,build,
ret_6m_skip1,HIGH,3,mst,13-24,win_50,10,0.9979956966427919,3391,0.10015062464928084,650,0.1916838690651725,0.12162202073303996,1.5760621958906451,1.4700226213033376,1.6878388480193212,0.7696969696969697,10,True,True,build,
ret_6m_skip1,HIGH,3,mst,13-24,win_100,10,0.9979956966427919,3391,0.10015062464928084,200,0.058979652020053085,0.025871998582356243,2.279671275966869,1.992044907215677,2.60587525630099,,3,True,False,build,
ret_6m_skip1,HIGH,3,mst,13-24,launch_300,10,0.9979956966427919,3391,0.10015062464928084,39,0.01150103214391035,0.003691780619628459,3.115307578885284,2.2820298809713515,4.248042264842382,,0,False,False,build,
ret_6m_skip1,HIGH,3,mst,>24,win_50,10,0.9969759205653573,6180,0.10024330900243308,840,0.13592233009708737,0.10037307380373074,1.3541712428063084,1.27129588262432,1.4415531577921674,0.11515151515151516,10,True,False,build,
ret_6m_skip1,HIGH,3,mst,>24,win_100,10,0.9969759205653573,6180,0.10024330900243308,251,0.04061488673139159,0.021086780210867802,1.9260828976848396,1.7059063194173736,2.173326124512208,0.02857142857142857,6,True,False,build,
ret_6m_skip1,HIGH,3,mst,>24,launch_300,10,0.9969759205653573,6180,0.10024330900243308,33,0.005339805825242718,0.0037469586374695866,1.4251040221914006,1.0154510464007684,1.998776656208598,,0,False,False,build,
ret_6m_skip1,HIGH,6,all,ALL,win_50,10,0.9896143903982675,39007,0.10018672481590782,6069,0.15558745866126591,0.116755662744675,1.3325902573266148,1.3020728824825585,1.363688586336755,0.07878787878787878,10,True,False,build,
ret_6m_skip1,HIGH,6,all,ALL,win_100,10,0.9896143903982675,39007,0.10018672481590782,1871,0.04796574973722665,0.026973645346134386,1.778244991424589,1.701262483632544,1.8585279447162681,-0.15151515151515152,10,True,False,build,
ret_6m_skip1,HIGH,6,all,ALL,launch_300,10,0.9896143903982675,39007,0.10018672481590782,528,0.01353603199425744,0.0064621683194509725,2.0946579112639805,1.9244710809429428,2.27967037572371,-0.11515151515151516,10,True,False,build,
ret_6m_skip1,HIGH,6,drawdown,0-10,win_50,10,0.9886492547374236,30122,0.10018325800132372,4346,0.1442799282916141,0.10182958668835164,1.416876302691685,1.3783543192851206,1.4562891705685597,0.06666666666666667,10,True,False,build,
ret_6m_skip1,HIGH,6,drawdown,0-10,win_100,10,0.9886492547374236,30122,0.10018325800132372,1290,0.04282584157758449,0.022110693154265986,1.9368837186057086,1.8360857000849207,2.0429548408584908,-0.10303030303030303,10,True,False,build,
ret_6m_skip1,HIGH,6,drawdown,0-10,launch_300,10,0.9886492547374236,30122,0.10018325800132372,353,0.011719009361928158,0.005225014883476514,2.242866216321819,2.021895106894001,2.4876698082860123,-0.2571428571428571,6,True,False,build,
ret_6m_skip1,HIGH,6,drawdown,10-20,win_50,10,0.9908492699979436,3861,0.10016083843519767,419,0.10852110852110852,0.07984850057071703,1.3590876189966508,1.2410556655616711,1.4868657896394122,0.503030303030303,10,True,False,build,
ret_6m_skip1,HIGH,6,drawdown,10-20,win_100,10,0.9908492699979436,3861,0.10016083843519767,135,0.03496503496503497,0.015357476393068382,2.276743526743527,1.9285467076413507,2.6851353228278594,,1,True,False,build,
ret_6m_skip1,HIGH,6,drawdown,10-20,launch_300,10,0.9908492699979436,3861,0.10016083843519767,54,0.013986013986013986,0.004176610978520286,3.3486513486513485,2.5703643790668522,4.358261545523363,,0,False,False,build,
ret_6m_skip1,HIGH,6,drawdown,20-30,win_50,10,0.9941604812326309,2833,0.10024415271929514,695,0.24532297917402046,0.18711298255546513,1.3110954452414887,1.2282978250227834,1.3975792490277066,0.6242424242424243,10,True,False,build,
ret_6m_skip1,HIGH,6,drawdown,20-30,win_100,10,0.9941604812326309,2833,0.10024415271929514,226,0.07977409106953759,0.03927674179965323,2.0310771060506325,1.7913042819568863,2.2998259340005993,,4,True,False,build,
ret_6m_skip1,HIGH,6,drawdown,20-30,launch_300,10,0.9941604812326309,2833,0.10024415271929514,40,0.014119308153900459,0.004847669933831075,2.9125968447984003,2.1424906003499946,3.9541517594183784,,0,False,False,build,
ret_6m_skip1,HIGH,6,drawdown,>30,win_50,10,0.9949037630249806,2191,0.10020580836954036,609,0.2779552715654952,0.29613537617196434,0.9386088050624791,0.8766188952234953,1.0032233758249753,-0.7818181818181819,10,True,False,build,
ret_6m_skip1,HIGH,6,drawdown,>30,win_100,10,0.9949037630249806,2191,0.10020580836954036,220,0.10041077133728891,0.0984221358335239,1.020205165097501,0.8993620146905504,1.1552599495918332,-0.6363636363636364,10,True,False,build,
ret_6m_skip1,HIGH,6,drawdown,>30,launch_300,10,0.9949037630249806,2191,0.10020580836954036,81,0.03696942035600183,0.02959067002058084,1.2493607049211437,1.0085781799352591,1.5449176646281157,,1,False,False,build,
ret_6m_skip1,HIGH,6,mst,0-12,win_50,10,0.9890178556430888,29496,0.10019157868992785,4622,0.15669921345267154,0.11970950692264841,1.3089955633509078,1.2747145166514435,1.344023493195906,-0.15151515151515152,10,True,False,build,
ret_6m_skip1,HIGH,6,mst,0-12,win_100,10,0.9890178556430888,29496,0.10019157868992785,1434,0.048616761594792515,0.028363157108112883,1.7140814546659326,1.6296014540961772,1.802706195881038,-0.17575757575757575,10,True,False,build,
ret_6m_skip1,HIGH,6,mst,0-12,launch_300,10,0.9890178556430888,29496,0.10019157868992785,449,0.015222403037700028,0.007360833706979714,2.0680270256976176,1.8865982783865083,2.2666080601208525,-0.17575757575757575,10,True,False,build,
ret_6m_skip1,HIGH,6,mst,13-24,win_50,10,0.9941934152739705,3381,0.10023717758671806,586,0.1733215025140491,0.1215238659946635,1.4262342717245369,1.3243078000164386,1.5342623868697982,0.8303030303030303,10,True,False,build,
ret_6m_skip1,HIGH,6,mst,13-24,win_100,10,0.9941934152739705,3381,0.10023717758671806,191,0.05649216208222419,0.02585235695226801,2.1851842053135573,1.9031775816488077,2.5061302068311813,,2,True,False,build,
ret_6m_skip1,HIGH,6,mst,13-24,launch_300,10,0.9941934152739705,3381,0.10023717758671806,42,0.012422360248447204,0.0037058997924696115,3.3520496894409937,2.483485859395911,4.519246632649048,,0,False,False,build,
ret_6m_skip1,HIGH,6,mst,>24,win_50,10,0.9899736403771205,6130,0.10013558325301795,861,0.14045676998368678,0.09992322394106212,1.4056469001293697,1.3208508781528698,1.494949826193595,0.40606060606060607,10,True,False,build,
ret_6m_skip1,HIGH,6,mst,>24,win_100,10,0.9899736403771205,6130,0.10013558325301795,246,0.04013050570962479,0.02090922456180473,1.9192727875203912,1.6977409876042728,2.1683526025392754,0.2571428571428571,6,True,False,build,
ret_6m_skip1,HIGH,6,mst,>24,launch_300,10,0.9899736403771205,6130,0.10013558325301795,37,0.006035889070146819,0.003659114298315827,1.6495492018177582,1.1976503936313188,2.2705361156772823,,0,False,False,build,
ret_6m_skip1,HIGH,12,all,ALL,win_50,10,0.9675926278947409,38140,0.10018939841703903,5852,0.15343471421080232,0.11578784225029487,1.3251366570863927,1.2941999511180702,1.3566762333058815,-0.17575757575757575,10,True,False,build,
ret_6m_skip1,HIGH,12,all,ALL,win_100,10,0.9675926278947409,38140,0.10018939841703903,1723,0.04517566858940745,0.026468494453332072,1.7067713718685031,1.6297383356680695,1.7872655244807623,-0.22424242424242424,10,True,False,build,
ret_6m_skip1,HIGH,12,all,ALL,launch_300,10,0.9675926278947409,38140,0.10018939841703903,503,0.013188253801782904,0.006181060683673121,2.1336554479425898,1.9561992483896589,2.326975176144634,-0.17575757575757575,10,True,False,build,
ret_6m_skip1,HIGH,12,drawdown,0-10,win_50,10,0.9647508721857418,29394,0.10018370762199175,4213,0.14332857045655575,0.10051431317548339,1.425951846343763,1.3865621286046272,1.466268930050446,0.09090909090909091,10,True,False,build,
ret_6m_skip1,HIGH,12,drawdown,0-10,win_100,10,0.9647508721857418,29394,0.10018370762199175,1211,0.04119888412601211,0.02143482810215371,1.9220533950478738,1.8188204088161988,2.0308802877611605,-0.16363636363636364,10,True,False,build,
ret_6m_skip1,HIGH,12,drawdown,0-10,launch_300,10,0.9647508721857418,29394,0.10018370762199175,341,0.011601007008232973,0.004948858388349051,2.3441784140651256,2.1093954904346375,2.6047530677276147,,4,True,False,build,
ret_6m_skip1,HIGH,12,drawdown,10-20,win_50,10,0.9726506271848653,3793,0.10023784355179705,368,0.0970208278407593,0.07986257928118393,1.2148471626387598,1.1019551539739227,1.3379495767889864,-0.2727272727272727,10,True,False,build,
ret_6m_skip1,HIGH,12,drawdown,10-20,win_100,10,0.9726506271848653,3793,0.10023784355179705,84,0.02214605852886897,0.015433403805496829,1.4349432444047976,1.1613643157922071,1.771174495494809,,1,False,False,build,
ret_6m_skip1,HIGH,12,drawdown,10-20,launch_300,10,0.9726506271848653,3793,0.10023784355179705,33,0.008700237279198523,0.003990486257928119,2.1802448916878947,1.5541509980738069,3.0554678836898055,,0,False,False,build,
ret_6m_skip1,HIGH,12,drawdown,20-30,win_50,10,0.9843106905406832,2803,0.10017511883063507,558,0.19907242240456655,0.18748436439012187,1.0618081302520352,0.9851832978103783,1.1428264081210102,-0.44242424242424244,10,True,False,build,
ret_6m_skip1,HIGH,12,drawdown,20-30,win_100,10,0.9843106905406832,2803,0.10017511883063507,148,0.05280057081698181,0.039491083235052356,1.3370251330587946,1.1424527094986918,1.562593902313957,,4,True,False,build,
ret_6m_skip1,HIGH,12,drawdown,20-30,launch_300,10,0.9843106905406832,2803,0.10017511883063507,16,0.005708169818052087,0.004824702476680605,1.183113330954929,0.7288917138296841,1.9177628335053265,,0,False,False,build,
ret_6m_skip1,HIGH,12,drawdown,>30,win_50,10,0.9763388997588388,2150,0.10020040080160321,713,0.3316279069767442,0.29449596868154915,1.126086406076911,1.0595839844284707,1.1946282314524297,-0.5636363636363636,10,True,False,build,
ret_6m_skip1,HIGH,12,drawdown,>30,win_100,10,0.9763388997588388,2150,0.10020040080160321,280,0.13023255813953488,0.09777694924733188,1.3319351763584366,1.1931565763133103,1.4842035493000993,-0.4303030303030303,10,True,False,build,
ret_6m_skip1,HIGH,12,drawdown,>30,launch_300,10,0.9763388997588388,2150,0.10020040080160321,113,0.052558139534883724,0.02866197511301673,1.8337235772357725,1.5315899368794068,2.1915428235286925,,1,True,False,build,
ret_6m_skip1,HIGH,12,mst,0-12,win_50,10,0.9656761795978701,28801,0.1001955136233336,4500,0.15624457484115134,0.11860232111547132,1.3173820998750225,1.2824129789427352,1.3531242876878367,-0.2727272727272727,10,True,False,build,
ret_6m_skip1,HIGH,12,mst,0-12,win_100,10,0.9656761795978701,28801,0.1001955136233336,1372,0.04763723481823548,0.027782416297904317,1.7146541289797335,1.6282629605974197,1.8053881743774152,-0.3696969696969697,10,True,False,build,
ret_6m_skip1,HIGH,12,mst,0-12,launch_300,10,0.9656761795978701,28801,0.1001955136233336,445,0.0154508524009583,0.007051710222370655,2.191078747385625,1.9980512836921405,2.402433746681293,-0.15151515151515152,10,True,False,build,
ret_6m_skip1,HIGH,12,mst,13-24,win_50,10,0.9823444454269461,3340,0.10021603456553048,513,0.1535928143712575,0.12136941910705713,1.2654984715365314,1.1680328945347433,1.3695218479016427,0.40606060606060607,10,True,False,build,
ret_6m_skip1,HIGH,12,mst,13-24,win_100,10,0.9823444454269461,3340,0.10021603456553048,141,0.04221556886227545,0.025624099855976957,1.6474947061380751,1.4012493705745406,1.9347881272690242,,2,True,False,build,
ret_6m_skip1,HIGH,12,mst,13-24,launch_300,10,0.9823444454269461,3340,0.10021603456553048,20,0.005988023952095809,0.0034205472875660104,1.7506040550477993,1.1342420907691253,2.6988011677037207,,0,False,False,build,
ret_6m_skip1,HIGH,12,mst,>24,win_50,10,0.9687242265957274,5999,0.10014523479625394,839,0.13985664277379564,0.09917700282122766,1.410172104372779,1.3239975302949027,1.5009943319298071,0.3575757575757576,10,True,False,build,
ret_6m_skip1,HIGH,12,mst,>24,win_100,10,0.9687242265957274,5999,0.10014523479625394,210,0.03500583430571762,0.02063335726090513,1.6965651233134325,1.4851889081045955,1.9367847693575815,,4,True,False,build,
ret_6m_skip1,HIGH,12,mst,>24,launch_300,10,0.9687242265957274,5999,0.10014523479625394,38,0.006334389064844141,0.0035390548052685175,1.789853340336597,1.305042705575679,2.453195493286695,,0,False,False,build,
ret_12m_skip1,HIGH,0,all,ALL,win_50,10,0.9896143903982675,39007,0.10018672481590782,5915,0.15163944932960752,0.116755662744675,1.2987759716735752,1.2685842320455447,1.3295553249594143,-0.17575757575757575,10,True,False,build,
ret_12m_skip1,HIGH,0,all,ALL,win_100,10,0.9896143903982675,39007,0.10018672481590782,1824,0.046760837798343884,0.026973645346134386,1.7335750210360505,1.6575412034966412,1.8129180815194996,-0.17575757575757575,10,True,False,build,
ret_12m_skip1,HIGH,0,all,ALL,launch_300,10,0.9896143903982675,39007,0.10018672481590782,478,0.012254210782680032,0.0064621683194509725,1.8963001545154974,1.7346252283360832,2.0728397800338323,-0.34545454545454546,10,True,False,build,
ret_12m_skip1,HIGH,0,drawdown,0-10,win_50,10,0.9886492547374236,30122,0.10018325800132372,4435,0.1472345793771994,0.10182958668835164,1.4458919471784684,1.407037389300768,1.4856299897394645,-0.006060606060606061,10,True,False,build,
ret_12m_skip1,HIGH,0,drawdown,0-10,win_100,10,0.9886492547374236,30122,0.10018325800132372,1355,0.04498373281986588,0.022110693154265986,2.034478634659485,1.931215733842163,2.1429897498222217,-0.10303030303030303,10,True,False,build,
ret_12m_skip1,HIGH,0,drawdown,0-10,launch_300,10,0.9886492547374236,30122,0.10018325800132372,337,0.011187836133058893,0.005225014883476514,2.1412065577916515,1.9255117137478317,2.380759810379501,-0.3,5,True,False,build,
ret_12m_skip1,HIGH,0,drawdown,10-20,win_50,10,0.9908492699979436,3861,0.10016083843519767,431,0.11162911162911163,0.07984850057071703,1.3980113694213758,1.2784145551770494,1.5272770243557907,0.2727272727272727,10,True,False,build,
ret_12m_skip1,HIGH,0,drawdown,10-20,win_100,10,0.9908492699979436,3861,0.10016083843519767,130,0.03367003367003367,0.015357476393068382,2.1924196924196924,1.85107885985822,2.59412312930106,,2,True,False,build,
ret_12m_skip1,HIGH,0,drawdown,10-20,launch_300,10,0.9908492699979436,3861,0.10016083843519767,57,0.014763014763014764,0.004176610978520286,3.534687534687535,2.732503395976585,4.5678250793793875,,0,False,False,build,
ret_12m_skip1,HIGH,0,drawdown,20-30,win_50,10,0.9941604812326309,2833,0.10024415271929514,706,0.2492057889163431,0.18711298255546513,1.3318465961733683,1.2485742401785038,1.4187489361248757,0.6727272727272727,10,True,False,build,
ret_12m_skip1,HIGH,0,drawdown,20-30,win_100,10,0.9941604812326309,2833,0.10024415271929514,247,0.08718672785033534,0.03927674179965323,2.2198055097102047,1.9693464474557736,2.498729449335362,,4,True,False,build,
ret_12m_skip1,HIGH,0,drawdown,20-30,launch_300,10,0.9941604812326309,2833,0.10024415271929514,41,0.01447229085774797,0.004847669933831075,2.9854117659183603,2.204380193603827,4.037694806319343,,0,False,False,build,
ret_12m_skip1,HIGH,0,drawdown,>30,win_50,10,0.9949037630249806,2191,0.10020580836954036,343,0.15654952076677317,0.29613537617196434,0.5286417407823158,0.4792966859702465,0.5820465229221208,-0.9878787878787879,10,True,False,build,
ret_12m_skip1,HIGH,0,drawdown,>30,win_100,10,0.9949037630249806,2191,0.10020580836954036,92,0.04198995892286627,0.0984221358335239,0.4266312508589549,0.3491344276650114,0.5204174798857797,-1.0,6,False,False,build,
ret_12m_skip1,HIGH,0,drawdown,>30,launch_300,10,0.9949037630249806,2191,0.10020580836954036,43,0.019625741670470105,0.02959067002058084,0.6632408680445577,0.4934958942021002,0.889811955779519,,2,False,False,build,
ret_12m_skip1,HIGH,0,mst,0-12,win_50,10,0.9890178556430888,29496,0.10019157868992785,4455,0.1510374288039056,0.11970950692264841,1.2616995315292718,1.2279423146645547,1.2962159492844672,-0.296969696969697,10,True,False,build,
ret_12m_skip1,HIGH,0,mst,0-12,win_100,10,0.9890178556430888,29496,0.10019157868992785,1368,0.046379170056956874,0.028363157108112883,1.6351906764177095,1.5526354836389495,1.7219111561000888,-0.296969696969697,10,True,False,build,
ret_12m_skip1,HIGH,0,mst,0-12,launch_300,10,0.9890178556430888,29496,0.10019157868992785,396,0.013425549227013833,0.007360833706979714,1.8239169313502375,1.653897881056052,2.0111518446161845,-0.35714285714285715,8,True,False,build,
ret_12m_skip1,HIGH,0,mst,13-24,win_50,10,0.9941934152739705,3381,0.10023717758671806,607,0.1795326826382727,0.1215238659946635,1.477345056206133,1.3739011462789992,1.5867745982420633,0.6930123197952736,10,True,False,build,
ret_12m_skip1,HIGH,0,mst,13-24,win_100,10,0.9941934152739705,3381,0.10023717758671806,205,0.0606329488317066,0.02585235695226801,2.3453547753365407,2.0530520116530977,2.676233361494439,,3,True,False,build,
ret_12m_skip1,HIGH,0,mst,13-24,launch_300,10,0.9941934152739705,3381,0.10023717758671806,47,0.013901212658976633,0.0037058997924696115,3.7511032238982547,2.8252877267417276,4.974646061960662,,0,False,False,build,
ret_12m_skip1,HIGH,0,mst,>24,win_50,10,0.9899736403771205,6130,0.10013558325301795,853,0.13915171288743883,0.09992322394106212,1.392586301754184,1.3081376215403644,1.4815582450542326,0.22424242424242424,10,True,False,build,
ret_12m_skip1,HIGH,0,mst,>24,win_100,10,0.9899736403771205,6130,0.10013558325301795,251,0.04094616639477977,0.02090922456180473,1.9582823970228385,1.734457070166234,2.209606877657088,0.3,5,True,False,build,
ret_12m_skip1,HIGH,0,mst,>24,launch_300,10,0.9899736403771205,6130,0.10013558325301795,35,0.005709624796084829,0.003659114298315827,1.5603843800978794,1.122778665037458,2.167189883860232,,0,False,False,build,
ret_12m_skip1,HIGH,3,all,ALL,win_50,10,0.9790508579692905,38600,0.10021106631324525,6105,0.15816062176165804,0.11633570187986614,1.3595192121244288,1.3285218251428608,1.3911013955682725,-0.15151515151515152,10,True,False,build,
ret_12m_skip1,HIGH,3,all,ALL,win_100,10,0.9790508579692905,38600,0.10021106631324525,1792,0.046424870466321246,0.02675064319408495,1.7354674476233387,1.6586760011609278,1.8156334036686055,-0.22424242424242424,10,True,False,build,
ret_12m_skip1,HIGH,3,all,ALL,launch_300,10,0.9790508579692905,38600,0.10021106631324525,491,0.01272020725388601,0.006326797114128982,2.0105287121471442,1.8413349586867653,2.1950506301979136,-0.28484848484848485,10,True,False,build,
ret_12m_skip1,HIGH,3,drawdown,0-10,win_50,10,0.977213017187238,29780,0.10020491872230317,4522,0.15184687709872396,0.10122782991409565,1.5000506997688763,1.4602296155660772,1.540758972344614,-0.04242424242424243,10,True,False,build,
ret_12m_skip1,HIGH,3,drawdown,0-10,win_100,10,0.977213017187238,29780,0.10020491872230317,1303,0.04375419744795164,0.02179070025673725,2.0079298477075658,1.9039902570348928,2.1172704258326203,-0.17575757575757575,10,True,False,build,
ret_12m_skip1,HIGH,3,drawdown,0-10,launch_300,10,0.977213017187238,29780,0.10020491872230317,357,0.011987911349899261,0.0050809075644955605,2.3594035509853715,2.128217187520451,2.6153661179395042,,4,True,False,build,
ret_12m_skip1,HIGH,3,drawdown,10-20,win_50,10,0.981158749742957,3827,0.1002593591993922,432,0.1128821531225503,0.07982499803515758,1.414120337000613,1.2933540397485181,1.5446126794349084,0.3212121212121212,10,True,False,build,
ret_12m_skip1,HIGH,3,drawdown,10-20,win_100,10,0.981158749742957,3827,0.1002593591993922,120,0.03135615364515286,0.015378166671032983,2.039004669146729,1.7093927404226295,2.4297347705162395,,2,True,False,build,
ret_12m_skip1,HIGH,3,drawdown,10-20,launch_300,10,0.981158749742957,3827,0.1002593591993922,46,0.012019858897308597,0.004034476434989913,2.9792859348647176,2.236679430038107,3.96446795956209,,0,False,False,build,
ret_12m_skip1,HIGH,3,drawdown,20-30,win_50,10,0.9893762971822563,2819,0.10023111111111112,684,0.24263923377084073,0.1871288888888889,1.296642304732072,1.213985543422322,1.3830422502441369,0.6121212121212121,10,True,False,build,
ret_12m_skip1,HIGH,3,drawdown,20-30,win_100,10,0.9893762971822563,2819,0.10023111111111112,218,0.0773323873714083,0.03939555555555556,1.9629723779971644,1.7270196819351151,2.228125651441744,,4,True,False,build,
ret_12m_skip1,HIGH,3,drawdown,20-30,launch_300,10,0.9893762971822563,2819,0.10023111111111112,33,0.011706278822277403,0.004835555555555556,2.420875675562882,1.7263057833302395,3.390282099860241,,0,False,False,build,
ret_12m_skip1,HIGH,3,drawdown,>30,win_50,10,0.9873959139099968,2174,0.10018433179723503,467,0.21481140754369826,0.2957142857142857,0.7264153878289313,0.6697635213554374,0.7864694537348038,-0.9636363636363636,10,True,False,build,
ret_12m_skip1,HIGH,3,drawdown,>30,win_100,10,0.9873959139099968,2174,0.10018433179723503,151,0.06945722171113156,0.09829493087557603,0.7066205865595663,0.605446950870511,0.8232462368858038,-0.8571428571428571,8,True,False,build,
ret_12m_skip1,HIGH,3,drawdown,>30,launch_300,10,0.9873959139099968,2174,0.10018433179723503,55,0.025298988040478382,0.02935483870967742,0.8618336585217911,0.6638854992673282,1.1168298124028184,,2,False,False,build,
ret_12m_skip1,HIGH,3,mst,0-12,win_50,10,0.9779013320343339,29168,0.10020371916299937,4588,0.15729566648381788,0.11924270063589236,1.3191219726238863,1.2844611106429475,1.3545397548695794,-0.296969696969697,10,True,False,build,
ret_12m_skip1,HIGH,3,mst,0-12,win_100,10,0.9779013320343339,29168,0.10020371916299937,1345,0.0461121777290181,0.02811187033429868,1.6403098470740183,1.5567979302403065,1.7280740368190477,-0.3090909090909091,10,True,False,build,
ret_12m_skip1,HIGH,3,mst,0-12,launch_300,10,0.9779013320343339,29168,0.10020371916299937,420,0.0143993417443774,0.007224644178544559,1.9930866335452135,1.8125088416519093,2.191366539886132,-0.3,9,True,False,build,
ret_12m_skip1,HIGH,3,mst,13-24,win_50,10,0.987296253721225,3358,0.10025077621208503,601,0.1789755807027993,0.12141748268449964,1.4740511559431928,1.3703077658012681,1.5838368950061004,0.9151515151515152,10,True,False,build,
ret_12m_skip1,HIGH,3,mst,13-24,win_100,10,0.987296253721225,3358,0.10025077621208503,185,0.055092316855270995,0.02570456173871507,2.143289483605293,1.8623690503934984,2.463765578885495,,2,True,False,build,
ret_12m_skip1,HIGH,3,mst,13-24,launch_300,10,0.987296253721225,3358,0.10025077621208503,40,0.011911852293031567,0.0034929543826128493,3.4102513197212425,2.5079349919740754,4.631908370142767,,0,False,False,build,
ret_12m_skip1,HIGH,3,mst,>24,win_50,10,0.9800604815886929,6074,0.10022440762985942,916,0.15080671715508726,0.09956438518909642,1.514665277836743,1.4264933884063864,1.6072705852842997,0.3696969696969697,10,True,False,build,
ret_12m_skip1,HIGH,3,mst,>24,win_100,10,0.9800604815886929,6074,0.10022440762985942,262,0.04313467237405334,0.020790706884034057,2.074709273458039,1.842541078615883,2.3346551349355407,,4,True,False,build,
ret_12m_skip1,HIGH,3,mst,>24,launch_300,10,0.9800604815886929,6074,0.10022440762985942,31,0.005103720777082647,0.0035806217411391986,1.4253727832917824,1.004842095977878,2.0206194236780872,,0,False,False,build,
ret_12m_skip1,HIGH,6,all,ALL,win_50,10,0.9675926278947409,38140,0.10018939841703903,6114,0.16030414263240692,0.11578784225029487,1.3844643748165077,1.3529599870635487,1.416559683054723,-0.04242424242424243,10,True,False,build,
ret_12m_skip1,HIGH,6,all,ALL,win_100,10,0.9675926278947409,38140,0.10018939841703903,1798,0.047142108023072886,0.026468494453332072,1.7810649603131563,1.7024122885284183,1.8631637843239301,-0.2,10,True,False,build,
ret_12m_skip1,HIGH,6,all,ALL,launch_300,10,0.9675926278947409,38140,0.10018939841703903,511,0.013398007341373886,0.006181060683673121,2.1675903258422733,1.9886849125796482,2.362352432604058,-0.15151515151515152,10,True,False,build,
ret_12m_skip1,HIGH,6,drawdown,0-10,win_50,10,0.9647508721857418,29394,0.10018370762199175,4400,0.1496904130094577,0.10051431317548339,1.4892447481397002,1.4491235889563514,1.5302767321387525,-0.006060606060606061,10,True,False,build,
ret_12m_skip1,HIGH,6,drawdown,0-10,win_100,10,0.9647508721857418,29394,0.10018370762199175,1250,0.04252568551405048,0.02143482810215371,1.9839527199090357,1.879093727068556,2.0943894422807503,-0.15151515151515152,10,True,False,build,
ret_12m_skip1,HIGH,6,drawdown,0-10,launch_300,10,0.9647508721857418,29394,0.10018370762199175,351,0.011941212492345376,0.004948858388349051,2.412922649081698,2.1745786294883698,2.677040432887835,,4,True,False,build,
ret_12m_skip1,HIGH,6,drawdown,10-20,win_50,10,0.9726506271848653,3793,0.10023784355179705,403,0.10624835222778803,0.07986257928118393,1.3303896916940765,1.2125431819647514,1.4582128063252202,-0.006060606060606061,10,True,False,build,
ret_12m_skip1,HIGH,6,drawdown,10-20,win_100,10,0.9726506271848653,3793,0.10023784355179705,120,0.03163722646981281,0.015433403805496829,2.049918920578282,1.7185793273901893,2.4426664314938993,,2,True,False,build,
ret_12m_skip1,HIGH,6,drawdown,10-20,launch_300,10,0.9726506271848653,3793,0.10023784355179705,42,0.011073029264434485,0.003990486257928119,2.7748571348755022,2.0555430971734094,3.7420970716708166,,0,False,False,build,
ret_12m_skip1,HIGH,6,drawdown,20-30,win_50,10,0.9843106905406832,2803,0.10017511883063507,636,0.22689975026757045,0.18748436439012187,1.2102329226528572,1.1295589090123535,1.294894111722658,0.06666666666666667,10,True,False,build,
ret_12m_skip1,HIGH,6,drawdown,20-30,win_100,10,0.9843106905406832,2803,0.10017511883063507,167,0.05957902247591866,0.039491083235052356,1.5086702514920183,1.3016668261880637,1.7462001935574814,-0.1,5,True,False,build,
ret_12m_skip1,HIGH,6,drawdown,20-30,launch_300,10,0.9843106905406832,2803,0.10017511883063507,21,0.007491972886193364,0.004824702476680605,1.5528362468783445,1.0167442684310528,2.368344101059612,,0,False,False,build,
ret_12m_skip1,HIGH,6,drawdown,>30,win_50,10,0.9763388997588388,2150,0.10020040080160321,675,0.313953488372093,0.29449596868154915,1.0660705807880995,1.0006342230651009,1.1337604232924001,-0.7090909090909091,10,True,False,build,
ret_12m_skip1,HIGH,6,drawdown,>30,win_100,10,0.9763388997588388,2150,0.10020040080160321,261,0.1213953488372093,0.09777694924733188,1.2415538608198284,1.1072314328243815,1.3896884587999048,-0.503030303030303,10,True,False,build,
ret_12m_skip1,HIGH,6,drawdown,>30,launch_300,10,0.9763388997588388,2150,0.10020040080160321,97,0.045116279069767444,0.02866197511301673,1.5740813008130081,1.295252229332323,1.9095221421543487,,1,False,False,build,
ret_12m_skip1,HIGH,6,mst,0-12,win_50,10,0.9656761795978701,28801,0.1001955136233336,4674,0.1622860317350092,0.11860232111547132,1.3683208744035233,1.3327972703092064,1.4046039588284749,-0.34545454545454546,10,True,False,build,
ret_12m_skip1,HIGH,6,mst,0-12,win_100,10,0.9656761795978701,28801,0.1001955136233336,1395,0.04843581820075692,0.027782416297904317,1.7433983308503849,1.6563020516185458,1.8348298203538105,-0.3090909090909091,10,True,False,build,
ret_12m_skip1,HIGH,6,mst,0-12,launch_300,10,0.9656761795978701,28801,0.1001955136233336,443,0.015381410367695567,0.007051710222370655,2.1812312024535547,1.9886518313192694,2.39214073575813,-0.18333333333333332,9,True,False,build,
ret_12m_skip1,HIGH,6,mst,13-24,win_50,10,0.9823444454269461,3340,0.10021603456553048,549,0.16437125748502995,0.12136941910705713,1.3543053818197968,1.2539346439691346,1.4610298734183287,0.806060606060606,10,True,False,build,
ret_12m_skip1,HIGH,6,mst,13-24,win_100,10,0.9823444454269461,3340,0.10021603456553048,162,0.048502994011976046,0.025624099855976957,1.8928662581160862,1.6282272542685758,2.1979895739555264,,3,True,False,build,
ret_12m_skip1,HIGH,6,mst,13-24,launch_300,10,0.9823444454269461,3340,0.10021603456553048,30,0.008982035928143712,0.0034205472875660104,2.625906082571699,1.8415002271785093,3.740135964230757,,0,False,False,build,
ret_12m_skip1,HIGH,6,mst,>24,win_50,10,0.9687242265957274,5999,0.10014523479625394,891,0.1485247541256876,0.09917700282122766,1.4975725208535708,1.409104378618423,1.5905764545077379,0.3333333333333333,10,True,False,build,
ret_12m_skip1,HIGH,6,mst,>24,win_100,10,0.9687242265957274,5999,0.10014523479625394,241,0.04017336222703784,0.02063335726090513,1.9470104510406534,1.7201004386909862,2.20244335421635,,4,True,False,build,
ret_12m_skip1,HIGH,6,mst,>24,launch_300,10,0.9687242265957274,5999,0.10014523479625394,38,0.006334389064844141,0.0035390548052685175,1.789853340336597,1.305042705575679,2.453195493286695,,0,False,False,build,
ret_12m_skip1,HIGH,12,all,ALL,win_50,10,0.9445694140492948,37236,0.10019885851445424,5754,0.1545278762487915,0.11440688228060308,1.3506868919807167,1.3189086929515637,1.3830880783483461,-0.06666666666666667,10,True,False,build,
ret_12m_skip1,HIGH,12,all,ALL,win_100,10,0.9445694140492948,37236,0.10019885851445424,1649,0.04428510044043399,0.02573589759459234,1.7207521236694394,1.6413690494029636,1.8037883880135486,-0.17575757575757575,10,True,False,build,
ret_12m_skip1,HIGH,12,all,ALL,launch_300,10,0.9445694140492948,37236,0.10019885851445424,505,0.013562144161564078,0.005909246248193724,2.2950717556760494,2.104584369161127,2.502542112037724,-0.01818181818181818,10,True,False,build,
ret_12m_skip1,HIGH,12,drawdown,0-10,win_50,10,0.9403329595785888,28653,0.10019407290847102,4156,0.14504589397270792,0.09898068012938194,1.4653960124653835,1.4246824233670052,1.5070710359132224,-0.07878787878787878,10,True,False,build,
ret_12m_skip1,HIGH,12,drawdown,0-10,win_100,10,0.9403329595785888,28653,0.10019407290847102,1150,0.040135413394757964,0.02068712300026226,1.9401157615899103,1.8332045595807065,2.052986709360996,-0.17575757575757575,10,True,False,build,
ret_12m_skip1,HIGH,12,drawdown,0-10,launch_300,10,0.9403329595785888,28653,0.10019407290847102,337,0.011761421142637769,0.004675233849112685,2.515686171477813,2.2623306174989724,2.7970397002228093,,4,True,False,build,
ret_12m_skip1,HIGH,12,drawdown,10-20,win_50,10,0.9556086777709233,3726,0.10022325631438793,354,0.09500805152979067,0.07948462759232859,1.1953009582819045,1.0820404224119675,1.3190568956725486,-0.05454545454545454,10,True,False,build,
ret_12m_skip1,HIGH,12,drawdown,10-20,win_100,10,0.9556086777709233,3726,0.10022325631438793,90,0.024154589371980676,0.015251365091319902,1.5837657303035724,1.2912444030729093,1.9405547904411007,,1,False,False,build,
ret_12m_skip1,HIGH,12,drawdown,10-20,launch_300,10,0.9556086777709233,3726,0.10022325631438793,39,0.010466988727858293,0.003927159265137047,2.6652824653122447,1.9521463247593134,3.6351856500134865,,0,False,False,build,
ret_12m_skip1,HIGH,12,drawdown,20-30,win_50,10,0.9700988496851585,2763,0.10019218914312651,529,0.19145855953673543,0.18664104144758314,1.0258116759946674,0.9495249383349106,1.1066887896891973,-0.6848484848484848,10,True,False,build,
ret_12m_skip1,HIGH,12,drawdown,20-30,win_100,10,0.9700988496851585,2763,0.10019218914312651,122,0.04415490408975751,0.039344381187221236,1.1222670876343253,0.9431278804082279,1.3335781776508133,,4,True,False,build,
ret_12m_skip1,HIGH,12,drawdown,20-30,launch_300,10,0.9700988496851585,2763,0.10019218914312651,22,0.007962359753890699,0.004822859629401313,1.6509623679176224,1.091499777558962,2.493717809294781,,0,False,False,build,
ret_12m_skip1,HIGH,12,drawdown,>30,win_50,10,0.9506302043045002,2094,0.10022975301550832,715,0.3414517669531996,0.29236071223434806,1.1679126252760719,1.0994918866634944,1.2383194401281157,-0.09090909090909091,10,True,False,build,
ret_12m_skip1,HIGH,12,drawdown,>30,win_100,10,0.9506302043045002,2094,0.10022975301550832,287,0.13705826170009552,0.09553896228221329,1.4345797612416813,1.2873422565922956,1.5957299176851711,-0.2606060606060606,10,True,False,build,
ret_12m_skip1,HIGH,12,drawdown,>30,launch_300,10,0.9506302043045002,2094,0.10022975301550832,107,0.051098376313276024,0.027761822707256367,1.8405987550637288,1.529506326126313,2.210909590993365,,1,True,False,build,
ret_12m_skip1,HIGH,12,mst,0-12,win_50,10,0.9405136646901718,28051,0.10019717243300781,4479,0.15967345192684754,0.11710327977768094,1.3635267281154337,1.3273196002451633,1.4005297314856655,-0.12727272727272726,10,True,False,build,
ret_12m_skip1,HIGH,12,mst,0-12,win_100,10,0.9405136646901718,28051,0.10019717243300781,1342,0.047841431678015044,0.026911179534072967,1.7777530567711357,1.6872208565321967,1.8728865130149257,-0.2606060606060606,10,True,False,build,
ret_12m_skip1,HIGH,12,mst,0-12,launch_300,10,0.9405136646901718,28051,0.10019717243300781,427,0.01522227371573206,0.0067188649726030334,2.2656019696485465,2.0620183899974545,2.488944556063956,0.0,9,True,False,build,
ret_12m_skip1,HIGH,12,mst,13-24,win_50,10,0.9749756830842692,3315,0.1002176673317613,452,0.1363499245852187,0.12092629542293971,1.127545701357466,1.034418576474772,1.2276343227768374,-0.5515151515151515,10,True,False,build,
ret_12m_skip1,HIGH,12,mst,13-24,win_100,10,0.9749756830842692,3315,0.1002176673317613,104,0.03137254901960784,0.025424753612673077,1.2339371896202,1.0210320484718276,1.4895111524532838,,2,True,False,build,
ret_12m_skip1,HIGH,12,mst,13-24,launch_300,10,0.9749756830842692,3315,0.1002176673317613,20,0.006033182503770739,0.003355704697986577,1.7978883861236803,1.164885620263443,2.7716551601539594,,0,False,False,build,
ret_12m_skip1,HIGH,12,mst,>24,win_50,10,0.9474101266232191,5870,0.1001962959801997,823,0.1402044293015332,0.09784074421780319,1.432986128860838,1.3446094332165506,1.5261727686082394,0.24848484848484848,10,True,False,build,
ret_12m_skip1,HIGH,12,mst,>24,win_100,10,0.9474101266232191,5870,0.1001962959801997,203,0.03458262350936968,0.02029529743108304,1.703972244151743,1.4882432991657675,1.9496963460147614,,4,True,False,build,
ret_12m_skip1,HIGH,12,mst,>24,launch_300,10,0.9474101266232191,5870,0.1001962959801997,58,0.009880749574105622,0.003482119996586157,2.8375672245047934,2.197399501959323,3.6618384244865556,,0,False,False,build,
eps_growth_q0,HIGH,0,all,ALL,win_50,10,0.7801865139580458,30546,0.09951522733492318,3570,0.11687291298369672,0.10674446486049755,1.0948849960176938,1.061583841853381,1.1290887904769982,-0.24848484848484848,10,True,False,build,
eps_growth_q0,HIGH,0,all,ALL,win_100,10,0.7801865139580458,30546,0.09951522733492318,775,0.02537157074576049,0.0204594915099626,1.2400880409665114,1.1567687096582973,1.329241502729729,-0.24848484848484848,10,True,False,build,
eps_growth_q0,HIGH,0,all,ALL,launch_300,10,0.7801865139580458,30546,0.09951522733492318,154,0.005041576638512408,0.0040853825403651435,1.234052524751281,1.0542907137880457,1.4442829859156745,-0.6,5,True,False,build,
eps_growth_q0,HIGH,0,drawdown,0-10,win_50,10,0.7752802338542882,23486,0.09961022822219112,2362,0.10057055266967554,0.09026673283031991,1.114148585157329,1.0722572909013919,1.1574871790555519,-0.23636363636363636,10,True,False,build,
eps_growth_q0,HIGH,0,drawdown,0-10,win_100,10,0.7752802338542882,23486,0.09961022822219112,449,0.01911777228987482,0.014903787020896687,1.2827459398788832,1.1704039986960542,1.4056411787780212,-0.24848484848484848,10,True,False,build,
eps_growth_q0,HIGH,0,drawdown,0-10,launch_300,10,0.7752802338542882,23486,0.09961022822219112,76,0.0032359703653240227,0.0026083747916481113,1.2406078971800532,0.991573840561348,1.5519330890499403,,2,False,False,build,
eps_growth_q0,HIGH,0,drawdown,10-20,win_50,10,0.7878110220028789,3036,0.0990570654833763,209,0.06884057971014493,0.0698554602107736,0.9854717083307949,0.8641938905199987,1.1223491013374267,-0.23636363636363636,10,True,False,build,
eps_growth_q0,HIGH,0,drawdown,10-20,win_100,10,0.7878110220028789,3036,0.0990570654833763,40,0.013175230566534914,0.010603934875526118,1.2424850511807035,0.913867500749427,1.6871354265530443,,0,False,False,build,
eps_growth_q0,HIGH,0,drawdown,10-20,launch_300,10,0.7878110220028789,3036,0.0990570654833763,7,0.00230566534914361,0.001827139547782962,1.2618988801054019,0.611512671119832,2.600725301587748,,0,False,False,build,
eps_growth_q0,HIGH,0,drawdown,20-30,win_50,10,0.7643085798712491,2148,0.0988631656464307,423,0.19692737430167598,0.17508169558613706,1.1247742012230584,1.0318453224732493,1.2238835553637448,-0.18787878787878787,10,True,False,build,
eps_growth_q0,HIGH,0,drawdown,20-30,win_100,10,0.7643085798712491,2148,0.0988631656464307,80,0.037243947858473,0.030975284208588392,1.2023763077578646,0.969379443774119,1.488713136127354,,1,False,False,build,
eps_growth_q0,HIGH,0,drawdown,20-30,launch_300,10,0.7643085798712491,2148,0.0988631656464307,5,0.0023277467411545625,0.002807566622175174,0.8290975974600849,0.35428239937018585,1.9368043078662742,,0,False,False,build,
eps_growth_q0,HIGH,0,drawdown,>30,win_50,10,0.8551212631387359,1876,0.09982440270313414,576,0.3070362473347548,0.2946309796200713,1.0421044240856145,0.9726585051616599,1.1142270589656664,-0.6242424242424243,10,True,False,build,
eps_growth_q0,HIGH,0,drawdown,>30,win_100,10,0.8551212631387359,1876,0.09982440270313414,206,0.10980810234541578,0.09407758207843346,1.1672079566614246,1.0252133271364725,1.3261536539943741,-0.6833333333333333,9,True,False,build,
eps_growth_q0,HIGH,0,drawdown,>30,launch_300,10,0.8551212631387359,1876,0.09982440270313414,66,0.035181236673773986,0.02777629968605332,1.2665919172609856,0.9990035213185219,1.6025737177093373,,1,False,False,build,
eps_growth_q0,HIGH,0,mst,0-12,win_50,10,0.7800346026573497,23087,0.09943192829979025,2749,0.11907133884870273,0.10975110793362304,1.084921520069907,1.0474324119125196,1.1235654664835508,-0.3696969696969697,10,True,False,build,
eps_growth_q0,HIGH,0,mst,0-12,win_100,10,0.7800346026573497,23087,0.09943192829979025,606,0.026248538138346256,0.02134898724745789,1.2294980475699977,1.1365302753571067,1.3298492761103131,-0.3575757575757576,10,True,False,build,
eps_growth_q0,HIGH,0,mst,0-12,launch_300,10,0.7800346026573497,23087,0.09943192829979025,134,0.005804132195607918,0.004746133537764494,1.2229180130363038,1.0330756575424755,1.44740576865708,-0.6,5,True,False,build,
eps_growth_q0,HIGH,0,mst,13-24,win_50,10,0.7232292864090547,2456,0.10009373599054489,277,0.11278501628664495,0.10718506744915841,1.0522456063214476,0.9411235487429889,1.1746509847152324,0.15151515151515152,10,True,False,build,
eps_growth_q0,HIGH,0,mst,13-24,win_100,10,0.7232292864090547,2456,0.10009373599054489,67,0.02728013029315961,0.01907323633696051,1.4302832414599516,1.1292658241658513,1.8087109202806972,,0,False,False,build,
eps_growth_q0,HIGH,0,mst,13-24,launch_300,10,0.7232292864090547,2456,0.10009373599054489,4,0.0016286644951140066,0.001222643354933366,1.332084690553746,0.5181661692575964,3.4191319781671856,,0,False,False,build,
eps_growth_q0,HIGH,0,mst,>24,win_50,10,0.8121674725487976,5003,0.09961769742343993,544,0.10873475914451329,0.09262872844570108,1.1738772729483549,1.0839706210933295,1.2702656096417462,-0.11515151515151516,10,True,False,build,
eps_growth_q0,HIGH,0,mst,>24,win_100,10,0.8121674725487976,5003,0.09961769742343993,102,0.02038776733959624,0.017024411612440764,1.1975607617885407,0.988226342859426,1.4501247078681125,,3,True,False,build,
eps_growth_q0,HIGH,0,mst,>24,launch_300,10,0.8121674725487976,5003,0.09961769742343993,16,0.0031980811513092145,0.002429214288558799,1.3165084555823883,0.8107747189923684,2.1360615883623737,,0,False,False,build,
eps_growth_q0,HIGH,3,all,ALL,win_50,10,0.7710234883549509,30211,0.09959352943697398,3606,0.11936049783191553,0.10658231770635881,1.1198902444658918,1.0860422342266487,1.1546463565571838,-0.24848484848484848,10,True,False,build,
eps_growth_q0,HIGH,3,all,ALL,win_100,10,0.7710234883549509,30211,0.09959352943697398,838,0.027738241038032505,0.020448798884431154,1.3564728762211664,1.2688088634256163,1.4500093594851307,-0.2727272727272727,10,True,False,build,
eps_growth_q0,HIGH,3,all,ALL,launch_300,10,0.7710234883549509,30211,0.09959352943697398,192,0.006355301049286684,0.004015256656655997,1.5827882481065438,1.3747163185938698,1.822121477438286,-0.3,5,True,False,build,
eps_growth_q0,HIGH,3,drawdown,0-10,win_50,10,0.7654025864705166,23196,0.09964987649017291,2388,0.10294878427315055,0.08960584255182043,1.148907050492982,1.105994211524823,1.1932872991079548,-0.17575757575757575,10,True,False,build,
eps_growth_q0,HIGH,3,drawdown,0-10,win_100,10,0.7654025864705166,23196,0.09964987649017291,482,0.020779444731850318,0.014735259370636881,1.410185203340075,1.290886318080651,1.5402541659103706,-0.17575757575757575,10,True,False,build,
eps_growth_q0,HIGH,3,drawdown,0-10,launch_300,10,0.7654025864705166,23196,0.09964987649017291,86,0.0037075357820313846,0.0025733003973794437,1.4407706872493415,1.1671175386622898,1.778292577716588,,1,False,False,build,
eps_growth_q0,HIGH,3,drawdown,10-20,win_50,10,0.78197614641168,3013,0.09904016829925712,225,0.07467640225688682,0.07106699099336007,1.050788857289089,0.9261993220822918,1.1906198060800615,-0.3333333333333333,10,True,False,build,
eps_growth_q0,HIGH,3,drawdown,10-20,win_100,10,0.78197614641168,3013,0.09904016829925712,41,0.013607699966810488,0.011274735388863323,1.2069196746073139,0.8910834833917247,1.6326195174420999,,0,False,False,build,
eps_growth_q0,HIGH,3,drawdown,10-20,launch_300,10,0.78197614641168,3013,0.09904016829925712,15,0.004978426817125788,0.0018736440733679574,2.6570824672035216,1.6114905344643353,4.375512737636939,,0,False,False,build,
eps_growth_q0,HIGH,3,drawdown,20-30,win_50,10,0.7560769690786928,2150,0.10003256874331178,380,0.17674418604651163,0.178197552691574,0.991844070678244,0.9046192900902724,1.0855396376297284,-0.3696969696969697,10,True,False,build,
eps_growth_q0,HIGH,3,drawdown,20-30,win_100,10,0.7560769690786928,2150,0.10003256874331178,72,0.03348837209302326,0.03168473456474201,1.0569244954410408,0.8419550453359086,1.3244139618310926,,2,False,False,build,
eps_growth_q0,HIGH,3,drawdown,20-30,launch_300,10,0.7560769690786928,2150,0.10003256874331178,3,0.0013953488372093023,0.002279812031824315,0.6120455624110109,0.20819938786072728,1.7960266898274375,,0,False,False,build,
eps_growth_q0,HIGH,3,drawdown,>30,win_50,10,0.8487509669199618,1852,0.09928697796601083,613,0.3309935205183585,0.2938401329544845,1.1264408206949355,1.0547612604679824,1.200501480485455,-0.3090909090909091,10,True,False,build,
eps_growth_q0,HIGH,3,drawdown,>30,win_100,10,0.8487509669199618,1852,0.09928697796601083,243,0.13120950323974082,0.09376507800353831,1.399342975375006,1.2434584156159467,1.5715101411353039,-0.3090909090909091,10,True,False,build,
eps_growth_q0,HIGH,3,drawdown,>30,launch_300,10,0.8487509669199618,1852,0.09928697796601083,88,0.047516198704103674,0.02750227845386801,1.727718624615294,1.4081985112462085,2.1153501170253253,,0,False,False,build,
eps_growth_q0,HIGH,3,mst,0-12,win_50,10,0.772133102648951,22865,0.09948354703550777,2793,0.12215176033238574,0.10932965536445394,1.1172792955871753,1.0790362010929897,1.1566834682119491,-0.24848484848484848,10,True,False,build,
eps_growth_q0,HIGH,3,mst,0-12,win_100,10,0.772133102648951,22865,0.09948354703550777,667,0.029171222392302645,0.021175876817048606,1.3775685722169022,1.2782366772903273,1.4843701750304956,-0.28484848484848485,10,True,False,build,
eps_growth_q0,HIGH,3,mst,0-12,launch_300,10,0.772133102648951,22865,0.09948354703550777,169,0.007391209271812815,0.004746842327388541,1.5570791616916972,1.3399959674082427,1.8090265293204804,,4,True,False,build,
eps_growth_q0,HIGH,3,mst,13-24,win_50,10,0.7118224423025908,2411,0.0998343685300207,249,0.10327664869348818,0.11180124223602485,0.9237522466473109,0.8206859906243327,1.0381081063438982,-0.3090909090909091,10,True,False,build,
eps_growth_q0,HIGH,3,mst,13-24,win_100,10,0.7118224423025908,2411,0.0998343685300207,43,0.01783492326835338,0.020331262939958593,0.8772166943599473,0.6525786086600728,1.1773064672095717,,0,False,False,build,
eps_growth_q0,HIGH,3,mst,13-24,launch_300,10,0.7118224423025908,2411,0.0998343685300207,3,0.001244296972210701,0.0009523809523809524,1.306511820821236,0.4444245526238527,3.834751534632796,,0,False,False,build,
eps_growth_q0,HIGH,3,mst,>24,win_50,10,0.798162912172324,4935,0.099987843423292,564,0.11428571428571428,0.0912351081935327,1.2526506138764633,1.1586273747547398,1.3532505045458871,0.04242424242424243,10,True,False,build,
eps_growth_q0,HIGH,3,mst,>24,win_100,10,0.798162912172324,4935,0.099987843423292,128,0.025937183383991893,0.01712051219709863,1.5149770687577562,1.2766953105127694,1.79633332636638,,3,True,False,build,
eps_growth_q0,HIGH,3,mst,>24,launch_300,10,0.798162912172324,4935,0.099987843423292,20,0.004052684903748734,0.0021071399627198314,1.9233107318213702,1.2458060977170367,2.966952062736595,,0,False,False,build,
eps_growth_q0,HIGH,6,all,ALL,win_50,10,0.7621781820862215,29849,0.09954212423673478,3721,0.1246607926563704,0.10695884453900614,1.1655024247285004,1.130916918840149,1.2009910553578032,-0.09090909090909091,10,True,False,build,
eps_growth_q0,HIGH,6,all,ALL,win_100,10,0.7621781820862215,29849,0.09954212423673478,796,0.02666756005226306,0.020622751056315718,1.2931136093065585,1.2073980345790276,1.3847360916790865,-0.2727272727272727,10,True,False,build,
eps_growth_q0,HIGH,6,all,ALL,launch_300,10,0.7621781820862215,29849,0.09954212423673478,178,0.00596334885590807,0.003945134944958198,1.5115703110559269,1.3057181093203565,1.7496508438482519,-0.1,5,True,False,build,
eps_growth_q0,HIGH,6,drawdown,0-10,win_50,10,0.7559359597002508,22894,0.0995841597939938,2445,0.10679654057831746,0.08922295298743779,1.1969626312789037,1.152859753115488,1.2425441832419406,-0.07878787878787878,10,True,False,build,
eps_growth_q0,HIGH,6,drawdown,0-10,win_100,10,0.7559359597002508,22894,0.0995841597939938,452,0.019743164147811652,0.014776246650659429,1.3361420267663549,1.2195275906192649,1.4636618494563152,-0.09090909090909091,10,True,False,build,
eps_growth_q0,HIGH,6,drawdown,0-10,launch_300,10,0.7559359597002508,22894,0.0995841597939938,78,0.0034070062024984713,0.002492431360267251,1.3669408340830516,1.0957152431317463,1.7050175964205623,,1,False,False,build,
eps_growth_q0,HIGH,6,drawdown,10-20,win_50,10,0.7587908698334361,2949,0.09989837398373984,244,0.08273991183452017,0.07100271002710028,1.1653063918678603,1.0327980672289105,1.3131050858136273,-0.01818181818181818,10,True,False,build,
eps_growth_q0,HIGH,6,drawdown,10-20,win_100,10,0.7587908698334361,2949,0.09989837398373984,43,0.014581213970837573,0.01084010840108401,1.345116988809766,1.000298025857129,1.8064475096581687,,0,False,False,build,
eps_growth_q0,HIGH,6,drawdown,10-20,launch_300,10,0.7587908698334361,2949,0.09989837398373984,12,0.004069175991861648,0.001592140921409214,2.5557888357394862,1.463000957243068,4.459025642160316,,0,False,False,build,
eps_growth_q0,HIGH,6,drawdown,20-30,win_50,10,0.7714145002990115,2182,0.09950294131059328,417,0.19110907424381302,0.18436773222673172,1.0365646522613345,0.9500601795962145,1.1289579379078245,-0.45454545454545453,10,True,False,build,
eps_growth_q0,HIGH,6,drawdown,20-30,win_100,10,0.7714145002990115,2182,0.09950294131059328,77,0.03528872593950504,0.03319804824661407,1.0629759218783053,0.8532885152568169,1.321864810296288,,2,False,False,build,
eps_growth_q0,HIGH,6,drawdown,20-30,launch_300,10,0.7714145002990115,2182,0.09950294131059328,6,0.002749770852428964,0.0024168908750969035,1.1377306608097124,0.5216765158148143,2.4769299518991894,,0,False,False,build,
eps_growth_q0,HIGH,6,drawdown,>30,win_50,10,0.8426081812804296,1824,0.09849875796522303,615,0.3371710526315789,0.29279619829355225,1.1515554320604164,1.078696632754294,1.2267517433321316,0.01818181818181818,10,True,False,build,
eps_growth_q0,HIGH,6,drawdown,>30,win_100,10,0.8426081812804296,1824,0.09849875796522303,224,0.12280701754385964,0.09390862944162437,1.3077287814129919,1.155722176411159,1.4766182364518672,-0.21666666666666667,9,True,False,build,
eps_growth_q0,HIGH,6,drawdown,>30,launch_300,10,0.8426081812804296,1824,0.09849875796522303,82,0.044956140350877194,0.027540771141591966,1.6323486412108703,1.3204170211422008,2.0137290735742437,,0,False,False,build,
eps_growth_q0,HIGH,6,mst,0-12,win_50,10,0.7647220869097812,22633,0.09942846097412039,2811,0.12419917819113684,0.10884721325302793,1.1410414146517605,1.1021513474357765,1.1811032745088437,-0.24848484848484848,10,True,False,build,
eps_growth_q0,HIGH,6,mst,0-12,win_100,10,0.7647220869097812,22633,0.09942846097412039,623,0.027526178588786285,0.021187799552784988,1.2991523032021588,1.2022726849455936,1.4036002896202138,-0.23636363636363636,10,True,False,build,
eps_growth_q0,HIGH,6,mst,0-12,launch_300,10,0.7647220869097812,22633,0.09942846097412039,159,0.007025140281889277,0.004647873092856421,1.511474203692569,1.2946925241176557,1.7642540899422676,,4,True,False,build,
eps_growth_q0,HIGH,6,mst,13-24,win_50,10,0.7110266159695817,2401,0.09953156738382457,301,0.12536443148688048,0.12146084649504622,1.0321386282450573,0.9279937352728385,1.146137518500967,-0.3212121212121212,10,True,False,build,
eps_growth_q0,HIGH,6,mst,13-24,win_100,10,0.7110266159695817,2401,0.09953156738382457,50,0.02082465639316951,0.0222194586079675,0.9372260936052763,0.7125183785659299,1.2308308740819278,,1,False,False,build,
eps_growth_q0,HIGH,6,mst,13-24,launch_300,10,0.7110266159695817,2401,0.09953156738382457,2,0.0008329862557267805,0.0010778095593417072,0.7728510556498894,0.21197121689871637,2.8133283686986283,,0,False,False,build,
eps_growth_q0,HIGH,6,mst,>24,win_50,10,0.7779969920921131,4815,0.10008522313912158,609,0.1264797507788162,0.09075225009873412,1.3936817064173315,1.2934997891520288,1.500425685169539,0.1393939393939394,10,True,False,build,
eps_growth_q0,HIGH,6,mst,>24,win_100,10,0.7779969920921131,4815,0.10008522313912158,123,0.02554517133956386,0.017148558481780957,1.4896395733031245,1.2509933609305415,1.772397181301486,,2,True,False,build,
eps_growth_q0,HIGH,6,mst,>24,launch_300,10,0.7779969920921131,4815,0.10008522313912158,17,0.0035306334371754933,0.002057827017813715,1.7157095356472303,1.0718021997247735,2.744268112699849,,0,False,False,build,
eps_growth_q0,HIGH,12,all,ALL,win_50,10,0.7467065213799694,29257,0.09958948314361962,3834,0.13104556174590695,0.10595147323130548,1.2368451117222117,1.2008066017563956,1.2737979561997728,0.15151515151515152,10,True,False,build,
eps_growth_q0,HIGH,12,all,ALL,win_100,10,0.7467065213799694,29257,0.09958948314361962,815,0.02785658133096353,0.01964762267850335,1.4178092579842587,1.3249448208985612,1.5169833165262305,-0.05454545454545454,10,True,False,build,
eps_growth_q0,HIGH,12,all,ALL,launch_300,10,0.7467065213799694,29257,0.09958948314361962,154,0.005263697576648323,0.0038839115516584063,1.35525680918268,1.1578567692442403,1.586102821074832,-0.3,5,True,False,build,
eps_growth_q0,HIGH,12,drawdown,0-10,win_50,10,0.7358650011015353,22301,0.09965056838492886,2502,0.11219227837316713,0.08846160720669193,1.2682595525426994,1.2221881371913104,1.3158410086547698,0.1393939393939394,10,True,False,build,
eps_growth_q0,HIGH,12,drawdown,0-10,win_100,10,0.7358650011015353,22301,0.09965056838492886,454,0.020357831487377246,0.01407110173732752,1.4467830499279544,1.3208125786470077,1.5844948242861387,-0.06666666666666667,10,True,False,build,
eps_growth_q0,HIGH,12,drawdown,0-10,launch_300,10,0.7358650011015353,22301,0.09965056838492886,75,0.0033630778888839065,0.0024978551512118397,1.3463862735404422,1.0745363353116495,1.686721738019468,,1,False,False,build,
eps_growth_q0,HIGH,12,drawdown,10-20,win_50,10,0.7575056549455069,2931,0.09945707499151679,269,0.09177755032412147,0.07302341364099084,1.2568236096895258,1.1209136385519054,1.4073680270280502,0.12727272727272726,10,True,False,build,
eps_growth_q0,HIGH,12,drawdown,10-20,win_100,10,0.7575056549455069,2931,0.09945707499151679,48,0.016376663254861822,0.010620970478452663,1.5419177831334758,1.1650966749050506,2.0379411780046777,,0,False,False,build,
eps_growth_q0,HIGH,12,drawdown,10-20,launch_300,10,0.7575056549455069,2931,0.09945707499151679,11,0.0037529853292391675,0.0017645062775704106,2.126932262551505,1.188392444411956,3.801706705756319,,0,False,False,build,
eps_growth_q0,HIGH,12,drawdown,20-30,win_50,10,0.7954057761986844,2250,0.09950908849674937,470,0.2088888888888889,0.1788510017248242,1.1679492251895813,1.0768460171350929,1.2646008647116067,0.030303030303030304,10,True,False,build,
eps_growth_q0,HIGH,12,drawdown,20-30,win_100,10,0.7954057761986844,2250,0.09950908849674937,100,0.044444444444444446,0.032019813365176245,1.3880294659300183,1.1454665185535695,1.6790905856233003,,2,True,False,build,
eps_growth_q0,HIGH,12,drawdown,20-30,launch_300,10,0.7954057761986844,2250,0.09950908849674937,7,0.003111111111111111,0.0022113130777055416,1.4069066666666665,0.6818755925536634,2.897907938140814,,0,False,False,build,
eps_growth_q0,HIGH,12,drawdown,>30,win_50,10,0.8146243800336715,1775,0.0991453946265989,593,0.3340845070422535,0.2867117242920181,1.1652279231594516,1.0900184051448618,1.2429368104728877,0.296969696969697,10,True,False,build,
eps_growth_q0,HIGH,12,drawdown,>30,win_100,10,0.8146243800336715,1775,0.0991453946265989,213,0.12,0.08858850471987935,1.354577553593947,1.1931247931429445,1.534556890243534,-0.06666666666666667,9,True,False,build,
eps_growth_q0,HIGH,12,drawdown,>30,launch_300,10,0.8146243800336715,1775,0.0991453946265989,61,0.03436619718309859,0.02681114896944646,1.2817875586854461,1.0013281395029665,1.63725677942406,,0,False,False,build,
eps_growth_q0,HIGH,12,mst,0-12,win_50,10,0.7498127089177431,22209,0.09950580887393422,2914,0.13120806880093655,0.10781700142925629,1.2169515666509072,1.176357855517948,1.2587283635490973,0.1393939393939394,10,True,False,build,
eps_growth_q0,HIGH,12,mst,0-12,win_100,10,0.7498127089177431,22209,0.09950580887393422,632,0.028456931874465307,0.020242570331506813,1.4057963691583744,1.3017294990240258,1.5179203211454357,-0.05454545454545454,10,True,False,build,
eps_growth_q0,HIGH,12,mst,0-12,launch_300,10,0.7498127089177431,22209,0.09950580887393422,132,0.005943536404160475,0.004574516225867299,1.2992710290438678,1.0961930243681248,1.539704441418973,-0.3,5,True,False,build,
eps_growth_q0,HIGH,12,mst,13-24,win_50,10,0.7581277448639726,2554,0.09929629485634306,342,0.13390759592795615,0.11616966680922204,1.152689851025087,1.0437176143710178,1.2711277397355243,-0.22424242424242424,10,True,False,build,
eps_growth_q0,HIGH,12,mst,13-24,win_100,10,0.7581277448639726,2554,0.09929629485634306,62,0.02427564604541895,0.020683488200303253,1.1736727291996634,0.9177927534294046,1.498637768977159,,0,False,False,build,
eps_growth_q0,HIGH,12,mst,13-24,launch_300,10,0.7581277448639726,2554,0.09929629485634306,2,0.0007830853563038371,0.0009330896932467634,0.8392391020621247,0.23017778822548268,3.055309980923074,,0,False,False,build,
eps_growth_q0,HIGH,12,mst,>24,win_50,10,0.7254879764542265,4494,0.10017386652400695,578,0.12861593235425012,0.09081182292363248,1.416290612978981,1.3119920493239252,1.5275747638022485,0.2727272727272727,10,True,False,build,
eps_growth_q0,HIGH,12,mst,>24,win_100,10,0.7254879764542265,4494,0.10017386652400695,121,0.026924788607031597,0.016093798760643752,1.6729915048319273,1.4031012970868895,1.993092110922986,,2,True,False,build,
eps_growth_q0,HIGH,12,mst,>24,launch_300,10,0.7254879764542265,4494,0.10017386652400695,20,0.004450378282153983,0.0021398956800855956,2.0797174009790833,1.3471914544946086,3.2078071911360304,,0,False,False,build,
rev_growth_accel,HIGH,0,all,ALL,win_50,10,0.9275193236899161,36569,0.1002129274649026,4722,0.12912576225764993,0.11420804410914383,1.1306188041732845,1.100865601976836,1.1610541839683441,-0.3939393939393939,10,True,False,build,
rev_growth_accel,HIGH,0,all,ALL,win_100,10,0.9275193236899161,36569,0.1002129274649026,1256,0.03434603079110722,0.025181344594464982,1.3639474517439667,1.291743741533758,1.4400358117618002,-0.2727272727272727,10,True,False,build,
rev_growth_accel,HIGH,0,all,ALL,launch_300,10,0.9275193236899161,36569,0.1002129274649026,352,0.009625639202603297,0.0057739790032144645,1.667072082743036,1.5024593913056996,1.849525808801502,-0.3696969696969697,10,True,False,build,
rev_growth_accel,HIGH,0,drawdown,0-10,win_50,10,0.9248884490054945,28188,0.10021402313725211,3322,0.11785156804313893,0.09871728325713351,1.1938291265184582,1.1562260472652224,1.232487179457513,-0.2606060606060606,10,True,False,build,
rev_growth_accel,HIGH,0,drawdown,0-10,win_100,10,0.9248884490054945,28188,0.10021402313725211,863,0.030615864907052648,0.020033561103250164,1.5282287931368155,1.430990105731688,1.631852658294098,-0.22424242424242424,10,True,False,build,
rev_growth_accel,HIGH,0,drawdown,0-10,launch_300,10,0.9248884490054945,28188,0.10021402313725211,241,0.008549737476940543,0.004529326858126124,1.887639762981854,1.6646826231254617,2.1401667206643036,-0.3,5,True,False,build,
rev_growth_accel,HIGH,0,drawdown,10-20,win_50,10,0.9322434711083694,3635,0.10022609462887394,315,0.08665749656121045,0.07987757803021947,1.0848788696175289,0.9757756872719199,1.2049077257069285,-0.2606060606060606,10,True,False,build,
rev_growth_accel,HIGH,0,drawdown,10-20,win_100,10,0.9322434711083694,3635,0.10022609462887394,73,0.020082530949105913,0.015220028675416344,1.3194804935908937,1.0514526743536488,1.654083767071052,,0,False,False,build,
rev_growth_accel,HIGH,0,drawdown,10-20,launch_300,10,0.9322434711083694,3635,0.10022609462887394,11,0.003026134800550206,0.0037774346531377523,0.8011084448639042,0.44755609860117224,1.4324399387944151,,0,False,False,build,
rev_growth_accel,HIGH,0,drawdown,20-30,win_50,10,0.9448059943011925,2691,0.10019361084220717,537,0.1995540691192865,0.18638766847866559,1.0706398698373545,0.9919469119590193,1.1539284265975753,0.2606060606060606,10,True,False,build,
rev_growth_accel,HIGH,0,drawdown,20-30,win_100,10,0.9448059943011925,2691,0.10019361084220717,134,0.04979561501300632,0.039094496984138805,1.2737244076374512,1.0794267703297205,1.5008532675329205,0.14285714285714285,7,True,False,build,
rev_growth_accel,HIGH,0,drawdown,20-30,launch_300,10,0.9448059943011925,2691,0.10019361084220717,21,0.007803790412486065,0.004542408221014223,1.717985269660252,1.1249264280339266,2.619963429793869,,0,False,False,build,
rev_growth_accel,HIGH,0,drawdown,>30,win_50,10,0.933202893934568,2055,0.10019991223365352,548,0.26666666666666666,0.29284704276171436,0.9106005106005106,0.8468427010011816,0.9773316235624764,-0.9393939393939394,10,True,False,build,
rev_growth_accel,HIGH,0,drawdown,>30,win_100,10,0.933202893934568,2055,0.10019991223365352,186,0.0905109489051095,0.09517772685162612,0.9509677515854972,0.8285361590816603,1.0894543417032165,-0.8181818181818182,10,True,False,build,
rev_growth_accel,HIGH,0,drawdown,>30,launch_300,10,0.933202893934568,2055,0.10019991223365352,79,0.03844282238442823,0.027987712711492516,1.3735607043244573,1.1060078227886647,1.702654136979498,,0,False,False,build,
rev_growth_accel,HIGH,0,mst,0-12,win_50,10,0.9242235398854417,27572,0.10022209378828029,3615,0.1311112723052372,0.11665921507475219,1.1238826887462299,1.0901722289876923,1.1584741441171504,-0.40606060606060607,10,True,False,build,
rev_growth_accel,HIGH,0,mst,0-12,win_100,10,0.9242235398854417,27572,0.10022209378828029,983,0.0356521108370811,0.02618598446433959,1.3614959134201199,1.2803550728697315,1.447577266224466,-0.3333333333333333,10,True,False,build,
rev_growth_accel,HIGH,0,mst,0-12,launch_300,10,0.9242235398854417,27572,0.10022209378828029,327,0.011859857826780793,0.006626464419557339,1.789771600037212,1.6069412193883048,1.9931258889087806,-0.35,9,True,False,build,
rev_growth_accel,HIGH,0,mst,13-24,win_50,10,0.9460017095528634,3216,0.10020252375759464,421,0.13090796019900497,0.12154541205795295,1.0770292188123722,0.9847301407875436,1.1765741212406255,0.45454545454545453,10,True,False,build,
rev_growth_accel,HIGH,0,mst,13-24,win_100,10,0.9460017095528634,3216,0.10020252375759464,109,0.033893034825870645,0.02554915095809316,1.326581649678437,1.1027438727419412,1.5939506444171818,,3,True,False,build,
rev_growth_accel,HIGH,0,mst,13-24,launch_300,10,0.9460017095528634,3216,0.10020252375759464,7,0.0021766169154228856,0.002741860102819754,0.793846817051108,0.3846875851123656,1.636239214699934,,0,False,False,build,
rev_growth_accel,HIGH,0,mst,>24,win_50,10,0.9332438507689571,5781,0.1001750160286957,686,0.11866459090122816,0.09844218406141156,1.2054241993168415,1.1233025394986358,1.2926905657894192,0.2606060606060606,10,True,False,build,
rev_growth_accel,HIGH,0,mst,>24,win_100,10,0.9332438507689571,5781,0.1001750160286957,164,0.028368794326241134,0.020187492418860142,1.4052658813502572,1.2082834624634509,1.6332763785979492,0.42857142857142855,7,True,False,build,
rev_growth_accel,HIGH,0,mst,>24,launch_300,10,0.9332438507689571,5781,0.1001750160286957,18,0.0031136481577581734,0.0033963506558768995,0.9167628649799308,0.5801791508238487,1.4476494730340792,,0,False,False,build,
rev_growth_accel,HIGH,3,all,ALL,win_50,10,0.9154078626639114,36090,0.10020880304763598,4527,0.12543640897755612,0.11351722069815742,1.1049989438262573,1.075247324552444,1.135452918440073,-0.3575757575757576,10,True,False,build,
rev_growth_accel,HIGH,3,all,ALL,win_100,10,0.9154078626639114,36090,0.10020880304763598,1219,0.033776669437517316,0.02482312826948921,1.3606935061054795,1.287586200870779,1.437798698842934,-0.2606060606060606,10,True,False,build,
rev_growth_accel,HIGH,3,all,ALL,launch_300,10,0.9154078626639114,36090,0.10020880304763598,349,0.009670268772513162,0.005631018359119029,1.71732147824609,1.5470605986826762,1.9061174334392554,-0.21212121212121213,10,True,False,build,
rev_growth_accel,HIGH,3,drawdown,0-10,win_50,10,0.9126992216913663,27814,0.10020499259648882,3189,0.11465449054433019,0.09816587467710965,1.1679668817850952,1.1303653650455743,1.2066525563746033,-0.3333333333333333,10,True,False,build,
rev_growth_accel,HIGH,3,drawdown,0-10,win_100,10,0.9126992216913663,27814,0.10020499259648882,845,0.030380383979291003,0.019764312554265397,1.5371333506226361,1.438314434830126,1.6425147355345904,-0.21212121212121213,10,True,False,build,
rev_growth_accel,HIGH,3,drawdown,0-10,launch_300,10,0.9126992216913663,27814,0.10020499259648882,233,0.008377076292514562,0.004445709386066988,1.8843058700077466,1.6581776945327418,2.140975788070071,-0.4,5,True,False,build,
rev_growth_accel,HIGH,3,drawdown,10-20,win_50,10,0.921601891836315,3591,0.1001561889886763,277,0.07713728766360345,0.07946114798906677,0.9707547602284444,0.8665317232032754,1.0863512152035477,-0.503030303030303,10,True,False,build,
rev_growth_accel,HIGH,3,drawdown,10-20,win_100,10,0.921601891836315,3591,0.1001561889886763,64,0.017822333611807295,0.014865844815083394,1.1988779536918175,0.9405460494519552,1.5265307174135885,,0,False,False,build,
rev_growth_accel,HIGH,3,drawdown,10-20,launch_300,10,0.921601891836315,3591,0.1001561889886763,17,0.004734057365636313,0.0036258158085569255,1.305653021442495,0.8157823589655491,2.087453980894985,,0,False,False,build,
rev_growth_accel,HIGH,3,drawdown,20-30,win_50,10,0.9362577830935378,2669,0.1002817959797107,459,0.17197452229299362,0.18579748262258125,0.9256020042119364,0.8511003025271396,1.0051785269940214,-0.8545454545454545,10,True,False,build,
rev_growth_accel,HIGH,3,drawdown,20-30,win_100,10,0.9362577830935378,2669,0.1002817959797107,115,0.043087298613713,0.03900056359195942,1.1047865632022846,0.9235282656155996,1.3197204600916166,-0.6,5,True,False,build,
rev_growth_accel,HIGH,3,drawdown,20-30,launch_300,10,0.9362577830935378,2669,0.1002817959797107,28,0.01049082053203447,0.004358444486191997,2.4070102453456674,1.6676216193611122,3.469235131014705,,0,False,False,build,
rev_growth_accel,HIGH,3,drawdown,>30,win_50,10,0.9149565454793648,2016,0.10025860354087925,602,0.2986111111111111,0.29048140043763676,1.0279870265745972,0.9605855191440643,1.0980256308459717,-0.6484848484848484,10,True,False,build,
rev_growth_accel,HIGH,3,drawdown,>30,win_100,10,0.9149565454793648,2016,0.10025860354087925,195,0.09672619047619048,0.0936443206683907,1.0329103760463294,0.9032028993057782,1.178998364956044,-0.6,10,True,False,build,
rev_growth_accel,HIGH,3,drawdown,>30,launch_300,10,0.9149565454793648,2016,0.10025860354087925,71,0.03521825396825397,0.027252834692659638,1.2922785598424285,1.0279668936637913,1.6214605823574684,,0,False,False,build,
rev_growth_accel,HIGH,3,mst,0-12,win_50,10,0.9112693800077268,27181,0.10020534335104128,3568,0.13126816526249954,0.11590655218559795,1.1325344666650379,1.0983473619795685,1.16762065898997,-0.38181818181818183,10,True,False,build,
rev_growth_accel,HIGH,3,mst,0-12,win_100,10,0.9112693800077268,27181,0.10020534335104128,968,0.035613112100364226,0.025802479603912215,1.3802205310130158,1.2973463543494432,1.468181194050152,-0.3090909090909091,10,True,False,build,
rev_growth_accel,HIGH,3,mst,0-12,launch_300,10,0.9112693800077268,27181,0.10020534335104128,322,0.011846510430079836,0.0064810343111412596,1.8278734321333592,1.6397831540715861,2.0372505630232616,-0.1393939393939394,10,True,False,build,
rev_growth_accel,HIGH,3,mst,13-24,win_50,10,0.9393108733457128,3193,0.10019455252918288,334,0.10460382085812715,0.12096774193548387,0.8647249190938511,0.780864754419479,0.9564404779026279,-0.8181818181818182,10,True,False,build,
rev_growth_accel,HIGH,3,mst,13-24,win_100,10,0.9393108733457128,3193,0.10019455252918288,88,0.027560288130284997,0.02529182879377432,1.0896913922281914,0.8866394506049718,1.3376355709931398,,1,False,False,build,
rev_growth_accel,HIGH,3,mst,13-24,launch_300,10,0.9393108733457128,3193,0.10019455252918288,12,0.003758221108675227,0.002604493535835321,1.4429757866417126,0.8259573159809812,2.5178989843261124,,0,False,False,build,
rev_growth_accel,HIGH,3,mst,>24,win_50,10,0.9222148551837897,5716,0.10023322285934733,625,0.10934219734079777,0.09798867203254599,1.1158656921534849,1.0359664253963337,1.2011200002051974,-0.09090909090909091,10,True,False,build,
rev_growth_accel,HIGH,3,mst,>24,win_100,10,0.9222148551837897,5716,0.10023322285934733,163,0.028516445066480055,0.019902853034527504,1.4327817733974961,1.2313847522482864,1.665998298614463,-0.07142857142857142,7,True,False,build,
rev_growth_accel,HIGH,3,mst,>24,launch_300,10,0.9222148551837897,5716,0.10023322285934733,15,0.002624212736179146,0.0032791484735300823,0.8002726187491346,0.4851860773678384,1.3190942108251393,,0,False,False,build,
rev_growth_accel,HIGH,6,all,ALL,win_50,10,0.9035302430679996,35623,0.10021239187003306,4369,0.12264548185161273,0.11280399465503903,1.0872441372902575,1.0574067595657208,1.117802911361039,-0.5393939393939394,10,True,False,build,
rev_growth_accel,HIGH,6,all,ALL,win_100,10,0.9035302430679996,35623,0.10021239187003306,1203,0.03377031693007327,0.024519305155074198,1.377295021881344,1.302818243630041,1.455872336091048,-0.22424242424242424,10,True,False,build,
rev_growth_accel,HIGH,6,all,ALL,launch_300,10,0.9035302430679996,35623,0.10021239187003306,346,0.009712825983213092,0.005516562346156551,1.760666403050828,1.5853954766725609,1.9551033021119368,-0.04242424242424243,10,True,False,build,
rev_growth_accel,HIGH,6,drawdown,0-10,win_50,10,0.9010393889274335,27457,0.10019888696286836,3107,0.11315875732964271,0.09760058388833136,1.1594065611237743,1.1215680975258784,1.1983539255238844,-0.2606060606060606,10,True,False,build,
rev_growth_accel,HIGH,6,drawdown,0-10,win_100,10,0.9010393889274335,27457,0.10019888696286836,816,0.02971919729030848,0.019542012590092146,1.520784880948045,1.421320804999723,1.6269818280858672,-0.22424242424242424,10,True,False,build,
rev_growth_accel,HIGH,6,drawdown,0-10,launch_300,10,0.9010393889274335,27457,0.10019888696286836,230,0.008376734530356558,0.00437916248517471,1.9128622330674632,1.6819100262193778,2.175223411111361,0.02857142857142857,6,True,False,build,
rev_growth_accel,HIGH,6,drawdown,10-20,win_50,10,0.9113201727328809,3554,0.10024256783437693,250,0.07034327518289252,0.07906019066960004,0.8897433030090158,0.7891648212314873,1.0020573321129953,-0.806060606060606,10,True,False,build,
rev_growth_accel,HIGH,6,drawdown,10-20,win_100,10,0.9113201727328809,3554,0.10024256783437693,61,0.017163759144625774,0.014610481186890055,1.1747565959721278,0.91616328191205,1.504713211521444,,1,False,False,build,
rev_growth_accel,HIGH,6,drawdown,10-20,launch_300,10,0.9113201727328809,3554,0.10024256783437693,17,0.004783342712436691,0.0035256952671066733,1.3567090602138434,0.8476886265672735,2.16904182347211,,0,False,False,build,
rev_growth_accel,HIGH,6,drawdown,20-30,win_50,10,0.9251767685650966,2637,0.1002661596958175,411,0.1558589306029579,0.18460076045627377,0.8443027548625732,0.7720249638493253,0.9220041361504243,-0.9030303030303031,10,True,False,build,
rev_growth_accel,HIGH,6,drawdown,20-30,win_100,10,0.9251767685650966,2637,0.1002661596958175,118,0.044747819491846794,0.0385171102661597,1.1617647113875327,0.9735133202626143,1.3844021447949868,,4,True,False,build,
rev_growth_accel,HIGH,6,drawdown,20-30,launch_300,10,0.9251767685650966,2637,0.1002661596958175,33,0.012514220705346985,0.004220532319391635,2.9650811220777094,2.114580130366308,4.151612519286852,,0,False,False,build,
rev_growth_accel,HIGH,6,drawdown,>30,win_50,10,0.8962096737498294,1975,0.10027416734362307,601,0.30430379746835445,0.289195775792039,1.0522415019200684,0.9834434563555391,1.1236668231124844,-0.3575757575757576,10,True,False,build,
rev_growth_accel,HIGH,6,drawdown,>30,win_100,10,0.8962096737498294,1975,0.10027416734362307,208,0.10531645569620253,0.09291226645004062,1.1335043231652486,0.9959538023309762,1.2875475208325802,-0.3404271044608361,10,True,False,build,
rev_growth_accel,HIGH,6,drawdown,>30,launch_300,10,0.8962096737498294,1975,0.10027416734362307,66,0.033417721518987344,0.026655158407798536,1.2537056057866185,0.9886721073238204,1.5867004790355623,,0,False,False,build,
rev_growth_accel,HIGH,6,mst,0-12,win_50,10,0.898583978633699,26806,0.10021796266594885,3529,0.13164963067969856,0.11527720140423289,1.1420266026241723,1.1073727541242866,1.177596143554027,-0.34545454545454546,10,True,False,build,
rev_growth_accel,HIGH,6,mst,0-12,win_100,10,0.898583978633699,26806,0.10021796266594885,967,0.036074013280608816,0.0255162126089346,1.4137683297080446,1.328855702224438,1.503891277548379,-0.22424242424242424,10,True,False,build,
rev_growth_accel,HIGH,6,mst,0-12,launch_300,10,0.898583978633699,26806,0.10021796266594885,314,0.011713795418936059,0.0063743798532210245,1.8376368664344633,1.6462674451890384,2.050958002571258,0.0790277206784084,10,True,False,build,
rev_growth_accel,HIGH,6,mst,13-24,win_50,10,0.9314705102131046,3168,0.10024681982153029,262,0.08270202020202021,0.11977090057591291,0.690501781353829,0.6145800193454329,0.7748629066104988,-0.9272727272727272,10,True,False,build,
rev_growth_accel,HIGH,6,mst,13-24,win_100,10,0.9314705102131046,3168,0.10024681982153029,79,0.024936868686868688,0.024808556420479716,1.00517209724799,0.8083978960730511,1.2483299083981014,,1,False,False,build,
rev_growth_accel,HIGH,6,mst,13-24,launch_300,10,0.9314705102131046,3168,0.10024681982153029,18,0.005681818181818182,0.0024998417821656856,2.272871116225547,1.4389282332579258,3.5857845096886303,,0,False,False,build,
rev_growth_accel,HIGH,6,mst,>24,win_50,10,0.9120106085353429,5649,0.10016667848783602,578,0.10231899451230306,0.09717001205759274,1.0529894187072706,0.9744172525414562,1.1371239817282317,-0.07878787878787878,10,True,False,build,
rev_growth_accel,HIGH,6,mst,>24,win_100,10,0.9120106085353429,5649,0.10016667848783602,157,0.02779252965126571,0.019629051705794737,1.4158875358742378,1.2133216166145373,1.6511493263139971,-0.2,6,True,False,build,
rev_growth_accel,HIGH,6,mst,>24,launch_300,10,0.9120106085353429,5649,0.10016667848783602,14,0.0024783147459727386,0.003138520462444145,0.7896442848241726,0.47057044013966004,1.3241680953951347,,0,False,False,build,
rev_growth_accel,HIGH,12,all,ALL,win_50,10,0.8813051401904791,34752,0.1002275539250889,4498,0.12943139963167588,0.11155333673654792,1.1602647076111225,1.1289943640588282,1.1922693695945776,-0.09090909090909091,10,True,False,build,
rev_growth_accel,HIGH,12,all,ALL,win_100,10,0.8813051401904791,34752,0.1002275539250889,1220,0.035105893186003684,0.023966706178564938,1.4647775511764434,1.3861591832695024,1.5476838133362645,-0.18787878787878787,10,True,False,build,
rev_growth_accel,HIGH,12,all,ALL,launch_300,10,0.8813051401904791,34752,0.1002275539250889,287,0.008258517495395948,0.005361505028393769,1.5403356803099153,1.3727246978035705,1.7282210859273095,-0.03333333333333333,9,True,False,build,
rev_growth_accel,HIGH,12,drawdown,0-10,win_50,10,0.8796926223443958,26810,0.10021193647138858,3226,0.12032823573293547,0.09664602123850141,1.2450407599914692,1.205306723241251,1.2859004158790257,-0.09090909090909091,10,True,False,build,
rev_growth_accel,HIGH,12,drawdown,0-10,win_100,10,0.8796926223443958,26810,0.10021193647138858,831,0.030995897053338307,0.019145301701098558,1.6189819067494644,1.5140865395346765,1.7308963763081744,-0.12727272727272726,10,True,False,build,
rev_growth_accel,HIGH,12,drawdown,0-10,launch_300,10,0.8796926223443958,26810,0.10021193647138858,163,0.00607982096232749,0.004298535133983471,1.414393688273357,1.2137744737371594,1.6479362086294402,-0.3,5,True,False,build,
rev_growth_accel,HIGH,12,drawdown,10-20,win_50,10,0.8905253958461855,3473,0.10024534564872276,264,0.07601497264612726,0.07781786693606581,0.9768318721532192,0.8694886211759865,1.096214735232682,-0.45454545454545453,10,True,False,build,
rev_growth_accel,HIGH,12,drawdown,10-20,win_100,10,0.8905253958461855,3473,0.10024534564872276,69,0.019867549668874173,0.014201183431952662,1.3990066225165565,1.1076102274717061,1.765112859755761,,0,False,False,build,
rev_growth_accel,HIGH,12,drawdown,10-20,launch_300,10,0.8905253958461855,3473,0.10024534564872276,21,0.006046645551396487,0.0033482465002164816,1.8059140959321665,1.1822162973171537,2.7556060488558805,,0,False,False,build,
rev_growth_accel,HIGH,12,drawdown,20-30,win_50,10,0.8947831287156577,2551,0.10029092624626514,408,0.159937279498236,0.18147507469727944,0.8813181631969521,0.8057637747594527,0.962507685929307,-0.9151515151515152,10,True,False,build,
rev_growth_accel,HIGH,12,drawdown,20-30,win_100,10,0.8947831287156577,2551,0.10029092624626514,111,0.04351234809878479,0.03652303821355559,1.1913671541880408,0.9927529424055722,1.427567215090207,,4,True,False,build,
rev_growth_accel,HIGH,12,drawdown,20-30,launch_300,10,0.8947831287156577,2551,0.10029092624626514,15,0.005880047040376323,0.0036562352571158988,1.6082244786990554,0.9755011837589079,2.6473541269634566,,0,False,False,build,
rev_growth_accel,HIGH,12,drawdown,>30,win_50,10,0.8698639486736133,1918,0.10032954961552545,600,0.31282586027111575,0.28827744939059474,1.0851555018695191,1.014535899900555,1.1583707399133394,-0.11515151515151516,10,True,False,build,
rev_growth_accel,HIGH,12,drawdown,>30,win_100,10,0.8698639486736133,1918,0.10032954961552545,209,0.10896767466110532,0.09243082073547104,1.1789106035632997,1.0364107297179952,1.3383228476604931,-0.07878787878787878,10,True,False,build,
rev_growth_accel,HIGH,12,drawdown,>30,launch_300,10,0.8698639486736133,1918,0.10032954961552545,88,0.045881126173096975,0.026154731390908615,1.7542189781021897,1.4295952639486562,2.1482536304497537,,0,False,False,build,
rev_growth_accel,HIGH,12,mst,0-12,win_50,10,0.8754237145784691,26120,0.10023677676594406,3615,0.13839969372128638,0.1141594041054098,1.2123372122150722,1.1761192665522016,1.2494867080311745,-0.006060606060606061,10,True,False,build,
rev_growth_accel,HIGH,12,mst,0-12,win_100,10,0.8754237145784691,26120,0.10023677676594406,1007,0.03855283307810107,0.02499779340939355,1.542249447649802,1.4515304906751483,1.6383972747789428,0.01818181818181818,10,True,False,build,
rev_growth_accel,HIGH,12,mst,0-12,launch_300,10,0.8754237145784691,26120,0.10023677676594406,258,0.00987748851454824,0.006239854480146441,1.5829677672733848,1.401984712192131,1.7870512135086183,0.06666666666666667,9,True,False,build,
rev_growth_accel,HIGH,12,mst,13-24,win_50,10,0.9103958499130486,3096,0.10023634538802732,298,0.0962532299741602,0.11723378767766374,0.8210365960264806,0.7366378374249121,0.9139711297785656,-0.9030303030303031,10,True,False,build,
rev_growth_accel,HIGH,12,mst,13-24,win_100,10,0.9103958499130486,3096,0.10023634538802732,86,0.027777777777777776,0.02369929096383592,1.172093199757134,0.951436333332814,1.4421353745321315,,2,False,False,build,
rev_growth_accel,HIGH,12,mst,13-24,launch_300,10,0.9103958499130486,3096,0.10023634538802732,25,0.008074935400516795,0.0024605821219283192,3.28171749626003,2.225309601785341,4.833630103280937,,0,False,False,build,
rev_growth_accel,HIGH,12,mst,>24,win_50,10,0.8936559018063619,5536,0.10017914985251805,585,0.10567196531791907,0.09608946635059083,1.099724759968649,1.0182758412491408,1.1868649687611277,-0.3696969696969697,10,True,False,build,
rev_growth_accel,HIGH,12,mst,>24,win_100,10,0.8936559018063619,5536,0.10017914985251805,127,0.022940751445086706,0.019254085159515752,1.1914744977508802,1.0031779712627344,1.4141330120830722,,4,True,False,build,
rev_growth_accel,HIGH,12,mst,>24,launch_300,10,0.8936559018063619,5536,0.10017914985251805,4,0.000722543352601156,0.002841063317710501,0.2543214535547292,0.0989128768118519,0.6534493139182297,,0,False,False,build,
op_margin_delta,HIGH,0,all,ALL,win_50,10,0.9690363445500967,38199,0.10019488677943696,5155,0.1349511767323752,0.1159300925646628,1.1640737426057253,1.134834919914255,1.1939458300099213,-0.1393939393939394,10,True,False,build,
op_margin_delta,HIGH,0,all,ALL,win_100,10,0.9690363445500967,38199,0.10019488677943696,1585,0.041493232807141546,0.026090697107124777,1.5903458859982198,1.5154446202038732,1.6687813474205022,-0.15151515151515152,10,True,False,build,
op_margin_delta,HIGH,0,all,ALL,launch_300,10,0.9690363445500967,38199,0.10019488677943696,502,0.013141705280242938,0.0062348031591068255,2.1077979440373493,1.9323216574800233,2.2989782327137256,-0.1,9,True,False,build,
op_margin_delta,HIGH,0,drawdown,0-10,win_50,10,0.9668355687374434,29461,0.10019555495094122,3613,0.12263670615389838,0.10070909925689119,1.2177321320397647,1.1810273485364038,1.255413957059904,-0.1393939393939394,10,True,False,build,
op_margin_delta,HIGH,0,drawdown,0-10,win_100,10,0.9668355687374434,29461,0.10019555495094122,1068,0.036251315298190825,0.02101790603159488,1.724782442346851,1.6260752521710755,1.8292429100058942,-0.2,10,True,False,build,
op_margin_delta,HIGH,0,drawdown,0-10,launch_300,10,0.9668355687374434,29461,0.10019555495094122,378,0.012830521706663047,0.004992602921420919,2.5699063011026357,2.32492654812661,2.84032945262855,,4,True,False,build,
op_margin_delta,HIGH,0,drawdown,10-20,win_50,10,0.9733189389265885,3794,0.10019542597580944,333,0.08777016341591988,0.07975492526276871,1.1004983469891463,0.9927693442203487,1.2186834867172138,-0.07878787878787878,10,True,False,build,
op_margin_delta,HIGH,0,drawdown,10-20,win_100,10,0.9733189389265885,3794,0.10019542597580944,103,0.027148128624143383,0.015026673004806423,1.8066626335357,1.4930602596286766,2.183922808076591,,2,True,False,build,
op_margin_delta,HIGH,0,drawdown,10-20,launch_300,10,0.9733189389265885,3794,0.10019542597580944,32,0.008434370057986295,0.0039613373474885125,2.12917237743806,1.5098192202587166,2.9995575047610314,,0,False,False,build,
op_margin_delta,HIGH,0,drawdown,20-30,win_50,10,0.9804763077356035,2792,0.10017221584385763,593,0.21239255014326647,0.18710533869115958,1.1351495987714522,1.056207015189862,1.2183162182063365,0.5151515151515151,10,True,False,build,
op_margin_delta,HIGH,0,drawdown,20-30,win_100,10,0.9804763077356035,2792,0.10017221584385763,171,0.061246418338108885,0.03917910447761194,1.5632419156774457,1.3512498815116303,1.8060076567804872,0.02857142857142857,6,True,False,build,
op_margin_delta,HIGH,0,drawdown,20-30,launch_300,10,0.9804763077356035,2792,0.10017221584385763,25,0.008954154727793696,0.004700057405281286,1.9051160349089,1.2919945763528897,2.805337050494621,,0,False,False,build,
op_margin_delta,HIGH,0,drawdown,>30,win_50,10,0.9771124357282613,2152,0.10021421253609016,616,0.2862453531598513,0.2957530036322995,0.9678527340189965,0.9046136956741088,1.0336674752565824,-0.6,10,True,False,build,
op_margin_delta,HIGH,0,drawdown,>30,win_100,10,0.9771124357282613,2152,0.10021421253609016,243,0.1129182156133829,0.0980720871751886,1.1513797540749213,1.0220058630471318,1.2948195177611423,-0.6242424242424243,10,True,False,build,
op_margin_delta,HIGH,0,drawdown,>30,launch_300,10,0.9771124357282613,2152,0.10021421253609016,67,0.031133828996282528,0.02924466797056906,1.0645984774939028,0.8408516844831545,1.3454814989495796,,0,False,False,build,
op_margin_delta,HIGH,0,mst,0-12,win_50,10,0.9669057497522383,28837,0.10019318031784416,4042,0.1401671463744495,0.11859395303911555,1.181908038162945,1.1485257055174654,1.2160986409297863,-0.2,10,True,False,build,
op_margin_delta,HIGH,0,mst,0-12,win_100,10,0.9669057497522383,28837,0.10019318031784416,1277,0.04428338592780109,0.027260661399375986,1.6244428291389423,1.539546095604043,1.713792809128548,-0.22424242424242424,10,True,False,build,
op_margin_delta,HIGH,0,mst,0-12,launch_300,10,0.9669057497522383,28837,0.10019318031784416,442,0.0153275306030447,0.00709485987478024,2.160371152294176,1.9694231514842528,2.3695171164661297,0.016666666666666666,9,True,False,build,
op_margin_delta,HIGH,0,mst,13-24,win_50,10,0.9753883337754591,3318,0.10026592529916596,499,0.15039180229053647,0.122023449776381,1.2324827938084282,1.136123210086082,1.3354688987356695,0.6848484848484848,10,True,False,build,
op_margin_delta,HIGH,0,mst,13-24,win_100,10,0.9753883337754591,3318,0.10026592529916596,156,0.04701627486437613,0.02571618518070833,1.8282756378518623,1.5679951759992075,2.129296316706753,,3,True,False,build,
op_margin_delta,HIGH,0,mst,13-24,launch_300,10,0.9753883337754591,3318,0.10026592529916596,22,0.006630500301386378,0.0032938474555783874,2.0129955593897066,1.3306101053374355,3.041811496103529,,0,False,False,build,
op_margin_delta,HIGH,0,mst,>24,win_50,10,0.9758073645228584,6044,0.10016406754942742,614,0.1015883520847121,0.09988233539384499,1.0170802643344306,0.9433430182346271,1.095884723028117,-0.05454545454545454,10,True,False,build,
op_margin_delta,HIGH,0,mst,>24,win_100,10,0.9758073645228584,6044,0.10016406754942742,152,0.02514890800794176,0.020715599675179396,1.2140082064857711,1.0375193762566455,1.4196166577017963,-0.32142857142857145,7,True,False,build,
op_margin_delta,HIGH,0,mst,>24,launch_300,10,0.9758073645228584,6044,0.10016406754942742,38,0.00628722700198544,0.003745380421272435,1.678661789941608,1.2239625508255587,2.3008183789406966,,0,False,False,build,
op_margin_delta,HIGH,3,all,ALL,win_50,10,0.9576340330783953,37756,0.10021207078227311,5132,0.13592541582794787,0.11550293156669612,1.1768135577533716,1.1472053223989769,1.207063140565257,-0.2,10,True,False,build,
op_margin_delta,HIGH,3,all,ALL,win_100,10,0.9576340330783953,37756,0.10021207078227311,1531,0.040549846382032,0.025873166277825994,1.5672548905150552,1.4921468088472067,1.6459761126335892,-0.06666666666666667,10,True,False,build,
op_margin_delta,HIGH,3,all,ALL,launch_300,10,0.9576340330783953,37756,0.10021207078227311,462,0.01223646572730162,0.006078123797314478,2.01319784449078,1.8387402016611942,2.203983593273124,0.0,9,True,False,build,
op_margin_delta,HIGH,3,drawdown,0-10,win_50,10,0.9548633603072462,29102,0.10021556919220094,3591,0.12339358119716858,0.10011914846725484,1.2324673460194873,1.1952216226407526,1.2707059947415857,-0.09090909090909091,10,True,False,build,
op_margin_delta,HIGH,3,drawdown,0-10,win_100,10,0.9548633603072462,29102,0.10021556919220094,1062,0.03649233729640575,0.020713237876815636,1.761788162402735,1.6606984301126597,1.8687847312043189,-0.06666666666666667,10,True,False,build,
op_margin_delta,HIGH,3,drawdown,0-10,launch_300,10,0.9548633603072462,29102,0.10021556919220094,346,0.011889217235928801,0.004827923441944393,2.4625944008632725,2.21767779641225,2.7341982693313747,,4,True,False,build,
op_margin_delta,HIGH,3,drawdown,10-20,win_50,10,0.9631400370141888,3755,0.10021350413664265,312,0.08308921438082556,0.0799039231385108,1.039864015647807,0.9346372291485542,1.1557554668040164,-0.3333333333333333,10,True,False,build,
op_margin_delta,HIGH,3,drawdown,10-20,win_100,10,0.9631400370141888,3755,0.10021350413664265,72,0.019174434087882823,0.01521216973578863,1.2604667460929289,1.0027693052830282,1.5827695490170315,,1,False,False,build,
op_margin_delta,HIGH,3,drawdown,10-20,launch_300,10,0.9631400370141888,3755,0.10021350413664265,36,0.009587217043941412,0.003949826527888978,2.4272501529492208,1.7553234295560503,3.352956024777663,,0,False,False,build,
op_margin_delta,HIGH,3,drawdown,20-30,win_50,10,0.9737221655468393,2772,0.10014450867052023,597,0.21536796536796537,0.1870664739884393,1.1512910933536658,1.0716214111435065,1.2351721062377092,-0.1393939393939394,10,True,False,build,
op_margin_delta,HIGH,3,drawdown,20-30,win_100,10,0.9737221655468393,2772,0.10014450867052023,165,0.05952380952380952,0.039378612716763,1.5115771079073832,1.3030049435461286,1.7511087447748468,,4,True,False,build,
op_margin_delta,HIGH,3,drawdown,20-30,launch_300,10,0.9737221655468393,2772,0.10014450867052023,32,0.011544011544011544,0.004696531791907515,2.4579864579864577,1.7436443593110151,3.4601874812068125,,0,False,False,build,
op_margin_delta,HIGH,3,drawdown,>30,win_50,10,0.9654183919552259,2127,0.10024979968892869,632,0.29713211095439584,0.2955648772210963,1.0053025032880587,0.9408787414297783,1.0722010390754608,-0.18787878787878787,10,True,False,build,
op_margin_delta,HIGH,3,drawdown,>30,win_100,10,0.9654183919552259,2127,0.10024979968892869,232,0.10907381288199341,0.0977046707828628,1.1163623193040302,0.9879150661524787,1.2592358566825348,-0.3212121212121212,10,True,False,build,
op_margin_delta,HIGH,3,drawdown,>30,launch_300,10,0.9654183919552259,2127,0.10024979968892869,48,0.022566995768688293,0.028750530235188764,0.7849245069250156,0.5934935359014727,1.0362299401669723,,0,False,False,build,
op_margin_delta,HIGH,3,mst,0-12,win_50,10,0.9550770161087128,28491,0.10021702961381392,4059,0.14246604190797094,0.11815626835694161,1.205742563548057,1.1718010173045217,1.2404999788630022,-0.11515151515151516,10,True,False,build,
op_margin_delta,HIGH,3,mst,0-12,win_100,10,0.9550770161087128,28491,0.10021702961381392,1252,0.043943701519778174,0.027028453039645718,1.6258311733683364,1.5400256048386796,1.7161861742101714,-0.04242424242424243,10,True,False,build,
op_margin_delta,HIGH,3,mst,0-12,launch_300,10,0.9550770161087128,28491,0.10021702961381392,389,0.01365343441788635,0.006954093136306557,1.9633666317471745,1.7788074707060295,2.166782475348429,-0.03333333333333333,9,True,False,build,
op_margin_delta,HIGH,3,mst,13-24,win_50,10,0.9683732720252306,3291,0.10017045108662567,440,0.1336979641446369,0.12132464844463384,1.1019851766201456,1.0096597026378458,1.201350801265118,0.030303030303030304,10,True,False,build,
op_margin_delta,HIGH,3,mst,13-24,win_100,10,0.9683732720252306,3291,0.10017045108662567,122,0.037070799149194776,0.025445912217690388,1.4568469321144082,1.2236440387853573,1.7324715396806787,,2,True,False,build,
op_margin_delta,HIGH,3,mst,13-24,launch_300,10,0.9683732720252306,3291,0.10017045108662567,23,0.006988757216651474,0.0030437694040299505,2.296086295958675,1.5315061131445775,3.438357567768554,,0,False,False,build,
op_margin_delta,HIGH,3,mst,>24,win_50,10,0.9640506492876433,5974,0.10021135974771027,633,0.10595915634415802,0.09964102392055557,1.0634089471886594,0.9876047085428693,1.1442957731740535,0.05454545454545454,10,True,False,build,
op_margin_delta,HIGH,3,mst,>24,win_100,10,0.9640506492876433,5974,0.10021135974771027,157,0.026280549045865416,0.020599188110175463,1.2758050902444795,1.0931683068853504,1.4879983668468701,-0.14285714285714285,6,True,False,build,
op_margin_delta,HIGH,3,mst,>24,launch_300,10,0.9640506492876433,5974,0.10021135974771027,50,0.008369601606963508,0.0035729862112926494,2.342466808439073,1.7785124211150407,3.0832647276148353,,0,False,False,build,
op_margin_delta,HIGH,6,all,ALL,win_50,10,0.9457513299731336,37286,0.10020801642631004,5091,0.13653918360778844,0.11502717113785522,1.1870167913992422,1.157043361404315,1.217641239108626,-0.09090909090909091,10,True,False,build,
op_margin_delta,HIGH,6,all,ALL,win_100,10,0.9457513299731336,37286,0.10020801642631004,1462,0.03921042750630263,0.02559085802744527,1.5322044874091703,1.4570561690329382,1.611062630949721,-0.06666666666666667,10,True,False,build,
op_margin_delta,HIGH,6,all,ALL,launch_300,10,0.9457513299731336,37286,0.10020801642631004,435,0.011666577267607144,0.00594754976000172,1.961577076003105,1.7865927234836787,2.1534780648458343,0.07878787878787878,10,True,False,build,
op_margin_delta,HIGH,6,drawdown,0-10,win_50,10,0.9431213234206122,28740,0.10020116936228964,3605,0.1254349338900487,0.09952828050749069,1.2602943932162902,1.2223229729306828,1.29927173049556,-0.09090909090909091,10,True,False,build,
op_margin_delta,HIGH,6,drawdown,0-10,win_100,10,0.9431213234206122,28740,0.10020116936228964,1028,0.03576896311760613,0.020402826830484305,1.7531376124882334,1.6509070789947833,1.8614498489430462,-0.06666666666666667,10,True,False,build,
op_margin_delta,HIGH,6,drawdown,0-10,launch_300,10,0.9431213234206122,28740,0.10020116936228964,302,0.010508002783576897,0.004682330217590639,2.244182339831628,2.006010177856154,2.510296980787433,-0.1,5,True,False,build,
op_margin_delta,HIGH,6,drawdown,10-20,win_50,10,0.9511875385564467,3708,0.10020267531414674,342,0.09223300970873786,0.07977300364815565,1.1561932670297577,1.0446750656692523,1.278291644273298,0.15151515151515152,10,True,False,build,
op_margin_delta,HIGH,6,drawdown,10-20,win_100,10,0.9511875385564467,3708,0.10020267531414674,90,0.024271844660194174,0.015106066747736792,1.6067613804123173,1.3100057846488378,1.9687014587181437,,0,False,False,build,
op_margin_delta,HIGH,6,drawdown,10-20,launch_300,10,0.9511875385564467,3708,0.10020267531414674,36,0.009708737864077669,0.003891366031617349,2.4949433656957924,1.8043030599176444,3.4463724115432672,,0,False,False,build,
op_margin_delta,HIGH,6,drawdown,20-30,win_50,10,0.9612692158863053,2739,0.10023420917807216,503,0.1836436655713764,0.18718436653736367,0.981084419433711,0.9060036652461648,1.0608992192547813,-0.6,10,True,False,build,
op_margin_delta,HIGH,6,drawdown,20-30,win_100,10,0.9612692158863053,2739,0.10023420917807216,132,0.04819277108433735,0.03937641806338286,1.2238993147310433,1.035783085050722,1.4441552909310873,-0.3,5,True,False,build,
op_margin_delta,HIGH,6,drawdown,20-30,launch_300,10,0.9612692158863053,2739,0.10023420917807216,35,0.012778386272362175,0.004574398009221986,2.7934574662285505,2.011719373583852,3.873540086401932,,0,False,False,build,
op_margin_delta,HIGH,6,drawdown,>30,win_50,10,0.9524502889384356,2099,0.10027708771259315,641,0.3053835159599809,0.295528377603669,1.0333475195723119,0.967929432532753,1.1011716313393796,0.17575757575757575,10,True,False,build,
op_margin_delta,HIGH,6,drawdown,>30,win_100,10,0.9524502889384356,2099,0.10027708771259315,212,0.1010004764173416,0.0972195681253583,1.0388904041119382,0.9137011881883516,1.1790743394442338,-0.5393939393939394,10,True,False,build,
op_margin_delta,HIGH,6,drawdown,>30,launch_300,10,0.9524502889384356,2099,0.10027708771259315,62,0.029537875178656504,0.028712019873877316,1.0287633997331747,0.8048906346803588,1.3125022105738828,,0,False,False,build,
op_margin_delta,HIGH,6,mst,0-12,win_50,10,0.9424520853980145,28114,0.10021565936514161,4051,0.1440919115031657,0.11760742866309017,1.22519396215987,1.1907025238328834,1.2605122896684393,-0.11515151515151516,10,True,False,build,
op_margin_delta,HIGH,6,mst,0-12,win_100,10,0.9424520853980145,28114,0.10021565936514161,1182,0.04204311019420929,0.02669542124868555,1.574918402768394,1.4893608318552078,1.6651633737884168,-0.06666666666666667,10,True,False,build,
op_margin_delta,HIGH,6,mst,0-12,launch_300,10,0.9424520853980145,28114,0.10021565936514161,368,0.013089563918332504,0.006829807332418415,1.9165348715184807,1.731517414855258,2.121032143591962,0.09523809523809523,8,True,False,build,
op_margin_delta,HIGH,6,mst,13-24,win_50,10,0.9626845874966841,3273,0.10021126113713603,399,0.12190650779101742,0.12158231529959279,1.0026664444629614,0.9141030118010536,1.0985210861313757,-0.24848484848484848,10,True,False,build,
op_margin_delta,HIGH,6,mst,13-24,win_100,10,0.9626845874966841,3273,0.10021126113713603,108,0.03299725022914757,0.025626894461284102,1.2876023772212528,1.0693526204027377,1.5485783284471673,,3,True,False,build,
op_margin_delta,HIGH,6,mst,13-24,launch_300,10,0.9626845874966841,3273,0.10021126113713603,27,0.008249312557286892,0.0029086678301337987,2.8361136571952335,1.9512962375853788,4.117320084846816,,0,False,False,build,
op_margin_delta,HIGH,6,mst,>24,win_50,10,0.9523424486957647,5899,0.10016980811682799,641,0.10866248516697745,0.09910001698081168,1.0964931034070087,1.0189084581330723,1.1792175084358054,0.16363636363636364,10,True,False,build,
op_margin_delta,HIGH,6,mst,>24,win_100,10,0.9523424486957647,5899,0.10016980811682799,172,0.029157484319376165,0.020309050772626933,1.4356891735518915,1.238901058964506,1.662652554458678,-0.10714285714285714,7,True,False,build,
op_margin_delta,HIGH,6,mst,>24,launch_300,10,0.9523424486957647,5899,0.10016980811682799,40,0.006780810306831667,0.0034301239599252844,1.97684118301642,1.452946614298566,2.6878880720560465,,0,False,False,build,
op_margin_delta,HIGH,12,all,ALL,win_50,10,0.9227433666557371,36384,0.10022201777244005,5172,0.1421503957783641,0.11361745731804734,1.2511316406284732,1.2198829478470379,1.2830453391073147,0.17575757575757575,10,True,False,build,
op_margin_delta,HIGH,12,all,ALL,win_100,10,0.9227433666557371,36384,0.10022201777244005,1472,0.040457343887423045,0.024843403097230564,1.6284944429345534,1.5489365787201197,1.7119578790251113,0.15151515151515152,10,True,False,build,
op_margin_delta,HIGH,12,all,ALL,launch_300,10,0.9227433666557371,36384,0.10022201777244005,409,0.011241204925241865,0.005660626828341147,1.9858586806959881,1.8033943985193137,2.1865535204160227,0.07878787878787878,10,True,False,build,
op_margin_delta,HIGH,12,drawdown,0-10,win_50,10,0.9196602668017007,28030,0.10021881525128,3653,0.13032465215840172,0.09833814822230486,1.325270553842316,1.2857070817271112,1.365864274564232,0.18787878787878787,10,True,False,build,
op_margin_delta,HIGH,12,drawdown,0-10,win_100,10,0.9196602668017007,28030,0.10021881525128,1022,0.03646093471280771,0.019843539944509596,1.8374208843163538,1.730005806606306,1.9512378896886875,0.15151515151515152,10,True,False,build,
op_margin_delta,HIGH,12,drawdown,0-10,launch_300,10,0.9196602668017007,28030,0.10021881525128,287,0.01023902961113093,0.004472841165870541,2.2891556465851224,2.0402710605597245,2.5680487312751827,,4,True,False,build,
op_margin_delta,HIGH,12,drawdown,10-20,win_50,10,0.930341353074234,3627,0.10020997955462231,359,0.09897987317342156,0.0792396529811571,1.2491204775588634,1.1317715357790417,1.3771782611623522,0.23636363636363636,10,True,False,build,
op_margin_delta,HIGH,12,drawdown,10-20,win_100,10,0.930341353074234,3627,0.10020997955462231,86,0.023711055969120487,0.014698568823561917,1.6131540596735843,1.3090035992705895,1.985871393882919,,0,False,False,build,
op_margin_delta,HIGH,12,drawdown,10-20,launch_300,10,0.930341353074234,3627,0.10020997955462231,34,0.009374138406396471,0.003564126650826104,2.6301361665202623,1.8843486775773335,3.667207372046141,,0,False,False,build,
op_margin_delta,HIGH,12,drawdown,20-30,win_50,10,0.9458261511942871,2695,0.10023431398073418,511,0.18961038961038962,0.18585189868709787,1.020223042916659,0.9429908507732289,1.102209561360149,0.2,10,True,False,build,
op_margin_delta,HIGH,12,drawdown,20-30,win_100,10,0.9458261511942871,2695,0.10023431398073418,146,0.05417439703153989,0.03875478855952691,1.3978762120796668,1.1932808893801046,1.635219811035933,0.3,5,True,False,build,
op_margin_delta,HIGH,12,drawdown,20-30,launch_300,10,0.9458261511942871,2695,0.10023431398073418,28,0.01038961038961039,0.004314352661137353,2.408150470219436,1.6683901762799782,3.4709712147636753,,0,False,False,build,
op_margin_delta,HIGH,12,drawdown,>30,win_50,10,0.9221003776675616,2032,0.1002714038983469,649,0.31938976377952755,0.29005674808783616,1.1011285408288747,1.032469882018674,1.1721370576294818,0.5878787878787879,10,True,False,build,
op_margin_delta,HIGH,12,drawdown,>30,win_100,10,0.9221003776675616,2032,0.1002714038983469,218,0.10728346456692914,0.09351097952134221,1.147282010263229,1.011228663990792,1.2991842450973496,0.10303030303030303,10,True,False,build,
op_margin_delta,HIGH,12,drawdown,>30,launch_300,10,0.9221003776675616,2032,0.1002714038983469,60,0.02952755905511811,0.02758450530471256,1.070440043384559,0.8341139380691525,1.3711313629343826,,0,False,False,build,
op_margin_delta,HIGH,12,mst,0-12,win_50,10,0.918236944215813,27391,0.10021329762518888,4041,0.14753021065313424,0.11599293154353577,1.2718896633607502,1.2361087954204315,1.3085227435408822,0.16363636363636364,10,True,False,build,
op_margin_delta,HIGH,12,mst,0-12,win_100,10,0.918236944215813,27391,0.10021329762518888,1180,0.04307984374429557,0.025844501275029543,1.666886247324048,1.5763029015238772,1.7624278560628712,0.11515151515151516,10,True,False,build,
op_margin_delta,HIGH,12,mst,0-12,launch_300,10,0.918236944215813,27391,0.10021329762518888,347,0.012668394728195392,0.006534297745923381,1.9387538218776383,1.7462640659290318,2.152159790601138,-0.07142857142857142,8,True,False,build,
op_margin_delta,HIGH,12,mst,13-24,win_50,10,0.9491260647861585,3228,0.10024533399583864,444,0.137546468401487,0.12114530604639608,1.1353842166101724,1.0408572459156882,1.2370236807790516,-0.04242424242424243,10,True,False,build,
op_margin_delta,HIGH,12,mst,13-24,win_100,10,0.9491260647861585,3228,0.10024533399583864,134,0.04151177199504337,0.02506133349895966,1.6564071499533972,1.4028836938495093,1.953421681820161,,3,True,False,build,
op_margin_delta,HIGH,12,mst,13-24,launch_300,10,0.9491260647861585,3228,0.10024533399583864,33,0.010223048327137546,0.00257755970311481,3.966173243158508,2.8277386391645094,5.55632413142761,,0,False,False,build,
op_margin_delta,HIGH,12,mst,>24,win_50,10,0.929961026569853,5765,0.10025040865301012,687,0.1191673894189072,0.09811150140854867,1.2146118213264228,1.1319437268611086,1.302449454467682,0.40606060606060607,10,True,False,build,
op_margin_delta,HIGH,12,mst,>24,win_100,10,0.929961026569853,5765,0.10025040865301012,158,0.02740676496097138,0.019963134281640177,1.3728688378446168,1.1770025706100935,1.6002631001100667,0.0,5,True,False,build,
op_margin_delta,HIGH,12,mst,>24,launch_300,10,0.929961026569853,5765,0.10025040865301012,29,0.005030355594102341,0.0032344451013807253,1.5552453160991895,1.0835954353241564,2.230700913669885,,0,False,False,build,
peg,LOW,0,all,ALL,win_50,1,0.43526532106174176,17179,0.10031767165364447,2072,0.12061237557482973,0.09376569379722738,1.2863166760719495,1.2352804451079458,1.3391620395973172,-0.9878787878787879,10,True,False,build,
peg,LOW,0,all,ALL,win_100,1,0.43526532106174176,17179,0.10031767165364447,452,0.026311193899528493,0.015428097590600657,1.7054075361539198,1.5569995324475936,1.867543687656246,-0.7696969696969697,10,True,True,build,
peg,LOW,0,all,ALL,launch_300,1,0.43526532106174176,17179,0.10031767165364447,108,0.006286745445020082,0.0028730598086962617,2.18817075300388,1.8134597482517505,2.639717151552907,,1,True,False,build,
peg,LOW,0,drawdown,0-10,win_50,1,0.4476935167252508,13658,0.10031361776824602,1445,0.10579879923854152,0.08143779424617893,1.2991363557652547,1.23715046740804,1.3638443742612096,-0.9757575757575757,10,True,False,build,
peg,LOW,0,drawdown,0-10,win_100,1,0.4476935167252508,13658,0.10031361776824602,278,0.020354371064577537,0.01178820885327536,1.7266720769815733,1.5369202164706324,1.9393057073248077,-0.806060606060606,10,True,True,build,
peg,LOW,0,drawdown,0-10,launch_300,1,0.4476935167252508,13658,0.10031361776824602,52,0.0038072924293454384,0.001762722819181362,2.159892858886123,1.6478669612531336,2.8302196236998793,,0,False,False,build,
peg,LOW,0,drawdown,10-20,win_50,1,0.44730618959490026,1746,0.1003332950235605,141,0.08075601374570447,0.06637168141592921,1.2167239404352805,1.03775205561509,1.4234297609544673,-0.3333333333333333,8,True,False,build,
peg,LOW,0,drawdown,10-20,win_100,1,0.44730618959490026,1746,0.1003332950235605,13,0.0074455899198167235,0.008217446270543615,0.9060710194730813,0.5301421646625134,1.5451749892079214,,0,False,False,build,
peg,LOW,0,drawdown,10-20,launch_300,1,0.44730618959490026,1746,0.1003332950235605,5,0.0028636884306987398,0.0016090104585679806,1.7797823596792668,0.7605903085444223,4.155550322976087,,0,False,False,build,
peg,LOW,0,drawdown,20-30,win_50,1,0.329053364758856,938,0.1002779559546718,149,0.15884861407249468,0.16121445370964294,0.9853248912693071,0.8488937532632205,1.139018046467761,-0.503030303030303,10,True,False,build,
peg,LOW,0,drawdown,20-30,win_100,1,0.329053364758856,938,0.1002779559546718,20,0.021321961620469083,0.026192003420996365,0.8140637918280319,0.5285753755357979,1.248633505885752,,0,False,False,build,
peg,LOW,0,drawdown,20-30,launch_300,1,0.329053364758856,938,0.1002779559546718,3,0.0031982942430703624,0.001603592046183451,1.994456289978678,0.6786588475884527,5.837441819360074,,0,False,False,build,
peg,LOW,0,drawdown,>30,win_50,1,0.379351139828002,837,0.10039582583663188,337,0.4026284348864994,0.27659829674943026,1.4556432184079555,1.3373967923245844,1.5771062271540854,-0.9515151515151515,10,True,False,build,
peg,LOW,0,drawdown,>30,win_100,1,0.379351139828002,837,0.10039582583663188,141,0.16845878136200718,0.07784574787093679,2.1640074887751215,1.8579117186877616,2.5090180498035104,,1,True,False,build,
peg,LOW,0,drawdown,>30,launch_300,1,0.379351139828002,837,0.10039582583663188,48,0.05734767025089606,0.025068969653352525,2.287595822400576,1.7362105873813822,3.000319677159067,,0,False,False,build,
peg,LOW,0,mst,0-12,win_50,1,0.4237078595064922,12652,0.10031477208756531,1566,0.12377489724944672,0.09540686472729003,1.2973374358673622,1.2383847298235249,1.3586840270246785,-0.9757575757575757,10,True,False,build,
peg,LOW,0,mst,0-12,win_100,1,0.4237078595064922,12652,0.10031477208756531,364,0.02877015491621878,0.015992324952625613,1.7989976442728117,1.6256165207363524,1.9902665435515243,-0.8181818181818182,10,True,True,build,
peg,LOW,0,mst,0-12,launch_300,1,0.4237078595064922,12652,0.10031477208756531,96,0.0075877331647170405,0.003449014057705573,2.199971655019787,1.8028312086480098,2.6837821535137567,,0,False,False,build,
peg,LOW,0,mst,13-24,win_50,1,0.38974857782886785,1328,0.10043106708008773,97,0.0730421686746988,0.09937230583074945,0.7350354614806258,0.6062546236465485,0.8886015474528163,-0.16666666666666666,8,False,False,build,
peg,LOW,0,mst,13-24,win_100,1,0.38974857782886785,1328,0.10043106708008773,9,0.00677710843373494,0.015957044543598274,0.4247095015131617,0.22369593316361688,0.8040284395646358,,0,False,False,build,
peg,LOW,0,mst,13-24,launch_300,1,0.38974857782886785,1328,0.10043106708008773,1,0.0007530120481927711,0.00045375482114497467,1.6595130522088355,0.29297205963833617,9.373044651321827,,0,False,False,build,
peg,LOW,0,mst,>24,win_50,1,0.5158723741449294,3199,0.10028213166144201,409,0.1278524538918412,0.08495297805642633,1.5049790697969498,1.3740026041649223,1.6464637103819126,-0.8909090909090909,10,True,True,build,
peg,LOW,0,mst,>24,win_100,1,0.5158723741449294,3199,0.10028213166144201,79,0.02469521725539231,0.012978056426332289,1.9028440348961706,1.5303070460725348,2.3632333507029326,,0,False,False,build,
peg,LOW,0,mst,>24,launch_300,1,0.5158723741449294,3199,0.10028213166144201,11,0.0034385745545482964,0.0015987460815047021,2.150794672354719,1.2016653012571328,3.8449720019393383,,0,False,False,build,
peg,LOW,3,all,ALL,win_50,1,0.43553728881195847,17194,0.10034256768191978,2134,0.1241130626962894,0.09626326939125665,1.2893086166836785,1.2389836093437316,1.3413780352361402,-0.9272727272727272,10,True,False,build,
peg,LOW,3,all,ALL,win_100,1,0.43553728881195847,17194,0.10034256768191978,479,0.02785855530999186,0.01629384953867163,1.7097589641952131,1.5651433227836697,1.8673195642268212,-0.9636363636363636,10,True,True,build,
peg,LOW,3,all,ALL,launch_300,1,0.43553728881195847,17194,0.10034256768191978,125,0.007269977899267186,0.003087194271474675,2.354881895979452,1.9777181228080685,2.8033469462228817,,1,True,False,build,
peg,LOW,3,drawdown,0-10,win_50,1,0.4480979610089405,13669,0.10030379523907365,1472,0.10768893115809496,0.08239161701253339,1.3070374761756811,1.2452973830611476,1.3714531308134865,-0.9393939393939394,10,True,False,build,
peg,LOW,3,drawdown,0-10,win_100,1,0.4480979610089405,13669,0.10030379523907365,285,0.020850098763625723,0.011850949543573337,1.7593610273138445,1.5683117187776972,1.9731291500817432,-0.7818181818181819,10,True,True,build,
peg,LOW,3,drawdown,0-10,launch_300,1,0.4480979610089405,13669,0.10030379523907365,58,0.004243177994001025,0.0017317796237048342,2.4501835775867953,1.8963510270649522,3.164874430201799,,0,False,False,build,
peg,LOW,3,drawdown,10-20,win_50,1,0.4330660086366441,1692,0.10042735042735043,128,0.07565011820330969,0.06457739791073125,1.1714643304130161,0.9908881574631364,1.3818108903533444,-0.6428571428571429,7,True,False,build,
peg,LOW,3,drawdown,10-20,win_100,1,0.4330660086366441,1692,0.10042735042735043,16,0.009456264775413711,0.00795346628679962,1.1889488726579867,0.7328910239876113,1.924429769054785,,0,False,False,build,
peg,LOW,3,drawdown,10-20,launch_300,1,0.4330660086366441,1692,0.10042735042735043,7,0.004137115839243499,0.0016025641025641025,2.5815602836879434,1.2514032142022882,5.313520814293225,,0,False,False,build,
peg,LOW,3,drawdown,20-30,win_50,1,0.31195694234354665,893,0.10069914298601713,152,0.1702127659574468,0.16215606675687866,1.0496848459740182,0.9064633133762876,1.210328905591451,-0.28484848484848485,10,True,False,build,
peg,LOW,3,drawdown,20-30,win_100,1,0.31195694234354665,893,0.10069914298601713,20,0.022396416573348264,0.02593594948128101,0.8635279224889234,0.5607772934844044,1.3240309362114269,,0,False,False,build,
peg,LOW,3,drawdown,20-30,launch_300,1,0.31195694234354665,893,0.10069914298601713,1,0.0011198208286674132,0.0016914749661705007,0.6620380739081747,0.1168821489112616,3.7338212908360404,,0,False,False,build,
peg,LOW,3,drawdown,>30,win_50,1,0.4259453064567502,940,0.10041662215575259,382,0.40638297872340423,0.2928105971584232,1.3878697788507068,1.2821510751651508,1.496191009050228,-0.8666666666666667,10,True,False,build,
peg,LOW,3,drawdown,>30,win_100,1,0.4259453064567502,940,0.10041662215575259,158,0.16808510638297872,0.08684969554534772,1.9353563110099186,1.6757861318885274,2.226035456005895,,2,True,False,build,
peg,LOW,3,drawdown,>30,launch_300,1,0.4259453064567502,940,0.10041662215575259,59,0.0627659574468085,0.026813374639461596,2.340845130117826,1.8263331373347569,2.9880933981107174,,0,False,False,build,
peg,LOW,3,mst,0-12,win_50,1,0.43085683570456723,12868,0.10033450031578701,1646,0.12791420578178428,0.09879844991462054,1.2946985088564136,1.2374111409998196,1.3542337843421233,-0.9636363636363636,10,True,False,build,
peg,LOW,3,mst,0-12,win_100,1,0.43085683570456723,12868,0.10033450031578701,387,0.030074603668013677,0.01713047071757725,1.7556203891790725,1.5913753016105114,1.9362391123973013,-0.9515151515151515,10,True,True,build,
peg,LOW,3,mst,0-12,launch_300,1,0.43085683570456723,12868,0.10033450031578701,113,0.00878147342244327,0.003758255296255,2.336582464526497,1.9449648624499423,2.806214321062957,,1,True,False,build,
peg,LOW,3,mst,13-24,win_50,1,0.3481003330680579,1187,0.10050804403048264,96,0.08087615838247683,0.09576629974597799,0.8445158536667121,0.6963202729442165,1.0209473514319853,0.08571428571428572,6,False,False,build,
peg,LOW,3,mst,13-24,win_100,1,0.3481003330680579,1187,0.10050804403048264,11,0.009267059814658803,0.014648602878916173,0.6326241411047426,0.35377931690100656,1.1276020459389098,,0,False,False,build,
peg,LOW,3,mst,13-24,launch_300,1,0.3481003330680579,1187,0.10050804403048264,1,0.0008424599831508003,0.00016934801016088062,4.974726200505476,0.8782527448823854,28.087664117348098,,0,False,False,build,
peg,LOW,3,mst,>24,win_50,1,0.506040073095396,3139,0.10031317908730666,392,0.12488053520229372,0.08606033490988112,1.4510812133494895,1.3220067276662641,1.590811111832144,-0.8787878787878788,10,True,False,build,
peg,LOW,3,mst,>24,win_100,1,0.506040073095396,3139,0.10031317908730666,81,0.02580439630455559,0.013485874984021476,1.913438789483776,1.5431425964280483,2.36969215181049,,0,False,False,build,
peg,LOW,3,mst,>24,launch_300,1,0.506040073095396,3139,0.10031317908730666,11,0.003504300732717426,0.0014380672376326218,2.436812856182082,1.3614800202880968,4.35614095630668,,0,False,False,build,
peg,LOW,6,all,ALL,win_50,1,0.43279981902706716,17089,0.10036059104042848,2142,0.12534378840189594,0.0984225610185816,1.273526995281415,1.2239420545837325,1.3248229367137443,-0.9151515151515152,10,True,False,build,
peg,LOW,6,all,ALL,win_100,1,0.43279981902706716,17089,0.10036059104042848,460,0.026917900403768506,0.01647325518569851,1.6340365095016351,1.4930648727797058,1.7879164450165173,-0.8666666666666667,10,True,True,build,
peg,LOW,6,all,ALL,launch_300,1,0.43279981902706716,17089,0.10036059104042848,113,0.006612440751360524,0.0031771946721792853,2.0812198916426334,1.732113564761515,2.5001263577807045,,1,True,False,build,
peg,LOW,6,drawdown,0-10,win_50,1,0.44496105168666417,13580,0.10035323155141071,1487,0.10949926362297496,0.08408093288600524,1.3023079057820546,1.2411532476957914,1.366089369362603,-0.806060606060606,10,True,False,build,
peg,LOW,6,drawdown,0-10,win_100,1,0.44496105168666417,13580,0.10035323155141071,270,0.019882179675994108,0.011683244409630363,1.701768702159946,1.5121244356196737,1.9146557418824544,-0.8833333333333333,9,True,True,build,
peg,LOW,6,drawdown,0-10,launch_300,1,0.44496105168666417,13580,0.10035323155141071,61,0.004491899852724595,0.0017957168826946098,2.501452147614805,1.948409848533194,3.210563383929815,,0,False,False,build,
peg,LOW,6,drawdown,10-20,win_50,1,0.4143789841661526,1618,0.10036598225916507,121,0.07478368355995056,0.06494634327895292,1.1514687322540238,0.969254657539868,1.3646978939718621,-0.8857142857142857,6,True,False,build,
peg,LOW,6,drawdown,10-20,win_100,1,0.4143789841661526,1618,0.10036598225916507,18,0.011124845488257108,0.008746355685131196,1.2719406674907292,0.8058783159995102,2.002785116432148,,0,False,False,build,
peg,LOW,6,drawdown,10-20,launch_300,1,0.4143789841661526,1618,0.10036598225916507,7,0.004326328800988875,0.001674834067365548,2.5831387629904317,1.252208344263616,5.316049288654715,,0,False,False,build,
peg,LOW,6,drawdown,20-30,win_50,1,0.306222957047877,875,0.10051694428489374,158,0.18057142857142858,0.16186099942561746,1.1155956605495285,0.9668654838979593,1.2815781446803096,-0.6848484848484848,10,True,False,build,
peg,LOW,6,drawdown,20-30,win_100,1,0.306222957047877,875,0.10051694428489374,35,0.04,0.024928202182653646,1.6046082949308758,1.1593277752961981,2.211206700328961,,0,False,False,build,
peg,LOW,6,drawdown,20-30,launch_300,1,0.306222957047877,875,0.10051694428489374,2,0.002285714285714286,0.0014933946008041355,1.5305494505494508,0.4198818250926206,5.55475836931582,,0,False,False,build,
peg,LOW,6,drawdown,>30,win_50,1,0.46084542931246303,1016,0.10031595576619273,376,0.3700787401574803,0.288803317535545,1.2814213607914398,1.1804965714730222,1.3857351500956525,-0.8909090909090909,10,True,False,build,
peg,LOW,6,drawdown,>30,win_100,1,0.46084542931246303,1016,0.10031595576619273,137,0.13484251968503938,0.08550552922590837,1.5770035096652182,1.3474029748973073,1.8387761528695612,,3,True,False,build,
peg,LOW,6,drawdown,>30,launch_300,1,0.46084542931246303,1016,0.10031595576619273,43,0.04232283464566929,0.0254739336492891,1.6614173228346458,1.239348034195853,2.218836141825796,,0,False,False,build,
peg,LOW,6,mst,0-12,win_50,1,0.43519728553911274,13003,0.10037593694757725,1642,0.12627855110359149,0.10150297584585813,1.2440871812010459,1.1889254554773756,1.301423728269978,-0.9030303030303031,10,True,False,build,
peg,LOW,6,mst,0-12,win_100,1,0.43519728553911274,13003,0.10037593694757725,369,0.02837806660001538,0.01736103070023081,1.6345842070101346,1.4780400503496447,1.8071745868085387,-0.8303030303030303,10,True,True,build,
peg,LOW,6,mst,0-12,launch_300,1,0.43519728553911274,13003,0.10037593694757725,96,0.007382911635776359,0.0037825278092988427,1.9518459633334224,1.5994705251491979,2.3811489125586824,,0,False,False,build,
peg,LOW,6,mst,13-24,win_50,1,0.30798479087452474,1050,0.10048808498420901,100,0.09523809523809523,0.09512872045171787,1.0011497556769187,0.8297115380721947,1.2036077652041839,0.1,5,True,False,build,
peg,LOW,6,mst,13-24,win_100,1,0.30798479087452474,1050,0.10048808498420901,20,0.01904761904761905,0.014164034835869461,1.344787644787645,0.8728982032581126,2.064228834351489,,0,False,False,build,
peg,LOW,6,mst,13-24,launch_300,1,0.30798479087452474,1050,0.10048808498420901,1,0.0009523809523809524,9.570293808019906e-05,9.951428571428572,1.756878236990681,56.16208418023673,,0,False,False,build,
peg,LOW,6,mst,>24,win_50,1,0.48973915293432735,3036,0.10025095760137366,400,0.13175230566534915,0.08638224805177652,1.5252243213950434,1.3913201552116108,1.669902830274984,-0.9151515151515152,10,True,True,build,
peg,LOW,6,mst,>24,win_100,1,0.48973915293432735,3036,0.10025095760137366,71,0.023386034255599472,0.013472460705322943,1.735839856364153,1.379284032535515,2.1818075318775905,,0,False,False,build,
peg,LOW,6,mst,>24,launch_300,1,0.48973915293432735,3036,0.10025095760137366,16,0.005270092226613966,0.0016510368511425174,3.191989459815547,1.9663922355761916,5.174919279798816,,0,False,False,build,
peg,LOW,12,all,ALL,win_50,1,0.4260412933464488,16810,0.10028815692918976,2114,0.12575847709696608,0.10202425768269328,1.2326331007287388,1.1843398135892216,1.282602518120507,-0.9515151515151515,10,True,False,build,
peg,LOW,12,all,ALL,win_100,1,0.4260412933464488,16810,0.10028815692918976,503,0.02992266508030934,0.016794239247808995,1.781721972563485,1.634642891706985,1.941590984747205,-0.806060606060606,10,True,True,build,
peg,LOW,12,all,ALL,launch_300,1,0.4260412933464488,16810,0.10028815692918976,108,0.006424747174301011,0.0031202085707296994,2.0590761895120697,1.7064902289240307,2.483943954867395,,1,True,False,build,
peg,LOW,12,drawdown,0-10,win_50,1,0.4332321674596624,13214,0.10029220902432545,1434,0.10852126532465567,0.08587150392774467,1.2637634181412416,1.2033248927379239,1.3268518146708588,-0.9151515151515152,10,True,False,build,
peg,LOW,12,drawdown,0-10,win_100,1,0.4332321674596624,13214,0.10029220902432545,304,0.023005902830331465,0.011604872680353687,1.9824347465077319,1.7738182250483447,2.2149424848442485,-0.8333333333333334,8,True,True,build,
peg,LOW,12,drawdown,0-10,launch_300,1,0.4332321674596624,13214,0.10029220902432545,66,0.004994702588164069,0.0018746916625555006,2.6642795121601495,2.09537171558512,3.3866651368680216,,0,False,False,build,
peg,LOW,12,drawdown,10-20,win_50,1,0.38710672424429365,1511,0.100332005312085,114,0.07544672402382528,0.0650066401062417,1.1606002694574145,0.9718986609819471,1.3824251688075098,,3,True,False,build,
peg,LOW,12,drawdown,10-20,win_100,1,0.38710672424429365,1511,0.100332005312085,24,0.01588352084712111,0.007702523240371846,2.0621191720486545,1.3887214246333341,3.0542857511625736,,0,False,False,build,
peg,LOW,12,drawdown,10-20,launch_300,1,0.38710672424429365,1511,0.100332005312085,2,0.0013236267372600927,0.0007304116865869854,1.812165333012454,0.497063881664336,6.589928625340834,,0,False,False,build,
peg,LOW,12,drawdown,20-30,win_50,1,0.3588138037780983,1022,0.10019607843137254,213,0.20841487279843443,0.1726470588235294,1.2071730281340325,1.0693919517398773,1.357602985964164,-0.9030303030303031,10,True,False,build,
peg,LOW,12,drawdown,20-30,win_100,1,0.3588138037780983,1022,0.10019607843137254,44,0.043052837573385516,0.02411764705882353,1.7851176554818386,1.336190038715422,2.375943505149004,,0,False,False,build,
peg,LOW,12,drawdown,20-30,launch_300,1,0.3588138037780983,1022,0.10019607843137254,2,0.0019569471624266144,0.0018627450980392157,1.0505716345658667,0.2881927530854342,3.8153899767060935,,0,False,False,build,
peg,LOW,12,drawdown,>30,win_50,1,0.4824134322245984,1063,0.10026410111299755,353,0.33207902163687675,0.28739860403697415,1.1554649778123294,1.0592139054018337,1.2559237679874395,-0.8909090909090909,10,True,False,build,
peg,LOW,12,drawdown,>30,win_100,1,0.4824134322245984,1063,0.10026410111299755,131,0.12323612417685795,0.08715336728919072,1.4140144897435583,1.202725241685013,1.6564360505425153,-0.9,5,True,False,build,
peg,LOW,12,drawdown,>30,launch_300,1,0.4824134322245984,1063,0.10026410111299755,38,0.03574788334901223,0.02320316921335597,1.5406465823830393,1.127172615560622,2.0982102319775136,,0,False,False,build,
peg,LOW,12,mst,0-12,win_50,1,0.4399543110543732,13132,0.10027565879397368,1606,0.12229667986597624,0.1045899861788804,1.1692962618506522,1.1167733444528822,1.22393134979973,-0.9393939393939394,10,True,False,build,
peg,LOW,12,mst,0-12,win_100,1,0.4399543110543732,13132,0.10027565879397368,408,0.031069144075540664,0.017662016356264174,1.7590938344093083,1.5986863784960055,1.9350300516239234,-0.8424242424242424,10,True,True,build,
peg,LOW,12,mst,0-12,launch_300,1,0.4399543110543732,13132,0.10027565879397368,95,0.007234236978373439,0.0036958131934422224,1.957414133162825,1.602342801775132,2.3904682602495795,,0,False,False,build,
peg,LOW,12,mst,13-24,win_50,1,0.2824004480207504,962,0.10040705563093623,149,0.1548856548856549,0.11345371046863584,1.3651880951788957,1.1758102540364812,1.5787631103888133,-0.3,5,True,False,build,
peg,LOW,12,mst,13-24,win_100,1,0.2824004480207504,962,0.10040705563093623,29,0.030145530145530147,0.015969105521344326,1.887740681858329,1.3194263096824337,2.690102072530596,,0,False,False,build,
peg,LOW,12,mst,13-24,launch_300,1,0.2824004480207504,962,0.10040705563093623,3,0.0031185031185031187,0.0009393591483143722,3.31981981981982,1.1296286340052866,9.717679307186375,,0,False,False,build,
peg,LOW,12,mst,>24,win_50,1,0.43787699920759415,2716,0.10030653322007609,359,0.13217967599410899,0.08557077962846696,1.54468238536577,1.401882632987197,1.6996242104439787,-0.8787878787878788,10,True,True,build,
peg,LOW,12,mst,>24,win_100,1,0.43787699920759415,2716,0.10030653322007609,66,0.024300441826215022,0.012889167928500204,1.885338290339324,1.4854799015494733,2.389450135218534,,0,False,False,build,
peg,LOW,12,mst,>24,launch_300,1,0.43787699920759415,2716,0.10030653322007609,10,0.003681885125184094,0.001107951397865347,3.3231467844869904,1.80619890832491,6.105477708227789,,0,False,False,build,
pe,LOW,0,all,ALL,win_50,1,0.8002765429086316,32004,0.10164775831184175,4059,0.12682789651293588,0.10319769288427579,1.2289799603868918,1.1940842453366034,1.2647436539610604,0.1393939393939394,10,True,False,build,
pe,LOW,0,all,ALL,win_100,1,0.8002765429086316,32004,0.10164775831184175,994,0.0310586176727909,0.01875801964097417,1.6557514208455064,1.5573925886259603,1.7601109455380968,0.2727272727272727,10,True,False,build,
pe,LOW,0,all,ALL,launch_300,1,0.8002765429086316,32004,0.10164775831184175,243,0.007592800899887514,0.0036715663232248803,2.068000474854138,1.8245878605726542,2.3436047077178244,0.0,5,True,False,build,
pe,LOW,0,drawdown,0-10,win_50,1,0.799458110423154,24708,0.1016238092887814,2510,0.10158653067832281,0.08835940970337101,1.149696801046501,1.10776357552579,1.1930318789431111,0.3696969696969697,10,True,False,build,
pe,LOW,0,drawdown,0-10,win_100,1,0.799458110423154,24708,0.1016238092887814,511,0.020681560628136635,0.013996512182682658,1.4776224503791113,1.3560604562744933,1.6098313986778385,0.3212121212121212,10,True,False,build,
pe,LOW,0,drawdown,0-10,launch_300,1,0.799458110423154,24708,0.1016238092887814,89,0.003602072203334952,0.0024554562953457383,1.4669665308898385,1.1925758314454231,1.804209190538908,,2,False,False,build,
pe,LOW,0,drawdown,10-20,win_50,1,0.8309171293440263,3287,0.1016828559054631,282,0.08579251597201096,0.06951061065396276,1.2342362578154098,1.103362006414571,1.3790223968848438,0.18787878787878787,10,True,False,build,
pe,LOW,0,drawdown,10-20,win_100,1,0.8309171293440263,3287,0.1016828559054631,47,0.014298752662001825,0.010579719111551074,1.351524791087342,1.0179963338285065,1.7922333848604777,,0,False,False,build,
pe,LOW,0,drawdown,10-20,launch_300,1,0.8309171293440263,3287,0.1016828559054631,4,0.001216915120170368,0.0017323516673884798,0.702464253118345,0.2732315359027534,1.8038913594529538,,0,False,False,build,
pe,LOW,0,drawdown,20-30,win_50,1,0.7674394061983326,2215,0.10153098643197653,403,0.181941309255079,0.1711129446277961,1.0632819723302447,0.9726325120745818,1.1603675552769153,0.6242424242424243,10,True,False,build,
pe,LOW,0,drawdown,20-30,win_100,1,0.7674394061983326,2215,0.10153098643197653,58,0.02618510158013544,0.02841950861752842,0.9213777033423141,0.7146728048888545,1.185811339364867,,2,False,False,build,
pe,LOW,0,drawdown,20-30,launch_300,1,0.7674394061983326,2215,0.10153098643197653,7,0.003160270880361174,0.002246057939127246,1.4070299903257013,0.6819410142585344,2.8980598892962557,,0,False,False,build,
pe,LOW,0,drawdown,>30,win_50,1,0.7998361923829458,1794,0.10205939242234612,864,0.4816053511705686,0.28609625668449196,1.6833682368018006,1.6027752811860356,1.764235952804335,-0.6484848484848484,10,True,True,build,
pe,LOW,0,drawdown,>30,win_100,1,0.7998361923829458,1794,0.10205939242234612,378,0.21070234113712374,0.0876664011832973,2.4034560366699296,2.195363904274012,2.6256503581647763,-0.5357142857142857,7,True,False,build,
pe,LOW,0,drawdown,>30,launch_300,1,0.7998361923829458,1794,0.10205939242234612,143,0.07971014492753623,0.025827739219478896,3.0862223073485278,2.635011249344357,3.606973785105587,,1,True,False,build,
pe,LOW,0,mst,0-12,win_50,1,0.7895520131691667,23903,0.10170537226302219,3198,0.13379073756432247,0.1047348758839598,1.2774229828901968,1.236778819904321,1.3191908241534636,0.1393939393939394,10,True,False,build,
pe,LOW,0,mst,0-12,win_100,1,0.7895520131691667,23903,0.10170537226302219,813,0.034012467054344644,0.01915990843410404,1.7751894363860066,1.6591119091244253,1.899082969061756,0.030303030303030304,10,True,False,build,
pe,LOW,0,mst,0-12,launch_300,1,0.7895520131691667,23903,0.10170537226302219,221,0.009245701376396269,0.004305979865714699,2.147177103639727,1.8831432616281436,2.4478375030724684,-0.1,5,True,False,build,
pe,LOW,0,mst,13-24,win_50,1,0.7988622630942906,2756,0.1016861602036675,265,0.09615384615384616,0.11031989078699775,0.8715912014406998,0.7768592698545883,0.9765138368106168,0.7333333333333333,10,True,False,build,
pe,LOW,0,mst,13-24,win_100,1,0.7988622630942906,2756,0.1016861602036675,44,0.015965166908563134,0.019555030808397593,0.8164224881562012,0.6092735582961362,1.0924779133871194,,1,False,False,build,
pe,LOW,0,mst,13-24,launch_300,1,0.7988622630942906,2756,0.1016861602036675,3,0.0010885341074020319,0.001180681105412685,0.9219543722786647,0.31360486583554914,2.706644032898814,,0,False,False,build,
pe,LOW,0,mst,>24,win_50,1,0.8526771997347866,5345,0.10137121398903788,596,0.11150608044901777,0.0926849621635974,1.2030655010917455,1.1150168058433154,1.2971348189885594,0.6484848484848484,10,True,False,build,
pe,LOW,0,mst,>24,win_100,1,0.8526771997347866,5345,0.10137121398903788,137,0.025631431244153416,0.016556982191287196,1.5480738547657242,1.31203314847022,1.8252675309806883,,3,True,False,build,
pe,LOW,0,mst,>24,launch_300,1,0.8526771997347866,5345,0.10137121398903788,19,0.0035547240411599626,0.0021241489180116447,1.6734815581985836,1.0719331151868765,2.610731191310029,,0,False,False,build,
pe,LOW,3,all,ALL,win_50,1,0.8008179366543899,31992,0.10154095186707505,3969,0.12406226556639159,0.10427372129560566,1.1897749886060685,1.1555647383922134,1.2248509513340504,0.2606060606060606,10,True,False,build,
pe,LOW,3,all,ALL,win_100,1,0.8008179366543899,31992,0.10154095186707505,990,0.030945236309077268,0.019288083411359562,1.60437072202064,1.508872421369919,1.7057084078591767,0.18787878787878787,10,True,False,build,
pe,LOW,3,all,ALL,launch_300,1,0.8008179366543899,31992,0.10154095186707505,248,0.007751937984496124,0.0038341294653484203,2.0218247856666154,1.7861257341251846,2.2883521594524128,-0.1,5,True,False,build,
pe,LOW,3,drawdown,0-10,win_50,1,0.8011087692069933,24709,0.10141852122445964,2479,0.10032781577562831,0.08906392375448419,1.1264697483146424,1.0851045663501409,1.1692300311223138,0.3696969696969697,10,True,False,build,
pe,LOW,3,drawdown,0-10,win_100,1,0.8011087692069933,24709,0.10141852122445964,524,0.021206847707313126,0.014185212244596403,1.4949968559963907,1.3735055340164701,1.626981562648305,0.296969696969697,10,True,False,build,
pe,LOW,3,drawdown,0-10,launch_300,1,0.8011087692069933,24709,0.10141852122445964,113,0.004573232425432029,0.0024832330462907478,1.841644477252408,1.532485395813502,2.2128283754547375,,2,True,False,build,
pe,LOW,3,drawdown,10-20,win_50,1,0.819658646925766,3256,0.10210737581535374,264,0.08108108108108109,0.06861515303562468,1.1816789367063592,1.0521227257823236,1.3256244468451766,0.2606060606060606,10,True,False,build,
pe,LOW,3,drawdown,10-20,win_100,1,0.819658646925766,3256,0.10210737581535374,48,0.014742014742014743,0.010191921726041143,1.4464411264411265,1.0927625564294092,1.9123335086736193,,0,False,False,build,
pe,LOW,3,drawdown,10-20,launch_300,1,0.819658646925766,3256,0.10210737581535374,7,0.00214987714987715,0.001818866031108881,1.1819876302634924,0.5727728687189158,2.4363032388531374,,0,False,False,build,
pe,LOW,3,drawdown,20-30,win_50,1,0.7470362683364407,2144,0.10096063288754945,392,0.1828358208955224,0.16759276699943493,1.0909529341211894,0.9967402334122498,1.1919350760848337,0.6484848484848484,10,True,False,build,
pe,LOW,3,drawdown,20-30,win_100,1,0.7470362683364407,2144,0.10096063288754945,59,0.02751865671641791,0.027783009983047655,0.9904850746268656,0.770037226110258,1.2717645362143235,,1,False,False,build,
pe,LOW,3,drawdown,20-30,launch_300,1,0.7470362683364407,2144,0.10096063288754945,6,0.002798507462686567,0.002307402524015822,1.2128388668900396,0.5561200330096938,2.6403422913939223,,0,False,False,build,
pe,LOW,3,drawdown,>30,win_50,1,0.8330072348364199,1883,0.10285683072048943,834,0.4429102496016994,0.2953515048888403,1.4996038356682655,1.4241103488832185,1.5758843858771692,-0.696969696969697,10,True,False,build,
pe,LOW,3,drawdown,>30,win_100,1,0.8330072348364199,1883,0.10285683072048943,359,0.19065321295804566,0.09318839788059212,2.0458900173639756,1.8623295210346196,2.242967333949355,-0.65,9,True,True,build,
pe,LOW,3,drawdown,>30,launch_300,1,0.8330072348364199,1883,0.10285683072048943,122,0.0647902283590016,0.02709346151745234,2.3913603035650044,2.012816854686456,2.835310855949297,,1,True,False,build,
pe,LOW,3,mst,0-12,win_50,1,0.7946349083701476,24020,0.10154945356923922,3148,0.13105745212323064,0.10663960936013697,1.228975358308292,1.1895086536191664,1.269548492960989,0.10303030303030303,10,True,False,build,
pe,LOW,3,mst,0-12,win_100,1,0.7946349083701476,24020,0.10154945356923922,799,0.033263946711074105,0.020060456169277274,1.6581849600218996,1.5488054719327042,1.7750051563641587,0.1393939393939394,10,True,False,build,
pe,LOW,3,mst,0-12,launch_300,1,0.7946349083701476,24020,0.10154945356923922,219,0.009117402164862615,0.004460227873253429,2.0441561337116387,1.7917067861616365,2.331802373646134,,4,True,False,build,
pe,LOW,3,mst,13-24,win_50,1,0.7675302856132284,2633,0.1011136712749616,255,0.09684770224078998,0.10656682027649769,0.9087978977838455,0.8082383596402426,1.0203801691854495,0.6727272727272727,10,True,False,build,
pe,LOW,3,mst,13-24,win_100,1,0.7675302856132284,2633,0.1011136712749616,45,0.017090770983668818,0.018394777265745007,0.9291099716382798,0.6957137528803613,1.238997683431909,,1,False,False,build,
pe,LOW,3,mst,13-24,launch_300,1,0.7675302856132284,2633,0.1011136712749616,5,0.0018989745537409798,0.0012672811059907835,1.498463556951973,0.6402626068901985,3.501878489609447,,0,False,False,build,
pe,LOW,3,mst,>24,win_50,1,0.848844542911202,5339,0.10171461230710611,566,0.10601236186551789,0.09247475709658982,1.1463924339351121,1.0601378261757641,1.2387735537651412,0.5272727272727272,10,True,False,build,
pe,LOW,3,mst,>24,win_100,1,0.848844542911202,5339,0.10171461230710611,146,0.027345944933508146,0.016250714421794626,1.6827533992495225,1.433753140665427,1.973577586680564,,3,True,False,build,
pe,LOW,3,mst,>24,launch_300,1,0.848844542911202,5339,0.10171461230710611,24,0.004495223824686271,0.002286149742808154,1.966285821314853,1.3221841771182685,2.9220589495983553,,0,False,False,build,
pe,LOW,6,all,ALL,win_50,1,0.7986015265778578,31969,0.10174956157521015,3973,0.12427664299790422,0.10489412558522947,1.1847817244725103,1.1507359654375904,1.2196882036717567,0.296969696969697,10,True,False,build,
pe,LOW,6,all,ALL,win_100,1,0.7986015265778578,31969,0.10174956157521015,929,0.029059401295004537,0.019494387207862684,1.4906547707887934,1.3990658114918038,1.5880487203267062,0.2,10,True,False,build,
pe,LOW,6,all,ALL,launch_300,1,0.7986015265778578,31969,0.10174956157521015,206,0.006443742375426194,0.003946618797999956,1.6327247969050662,1.4250154306807006,1.8704849904400456,0.3,5,True,False,build,
pe,LOW,6,drawdown,0-10,win_50,1,0.7989583093571309,24715,0.10171619063297391,2601,0.10523973295569493,0.08948473125360112,1.1760635751080695,1.133994417673869,1.219503874966487,0.4303030303030303,10,True,False,build,
pe,LOW,6,drawdown,0-10,win_100,1,0.7989583093571309,24715,0.10171619063297391,547,0.02213230831478859,0.014326281998518396,1.5448745401687252,1.4219403950731293,1.6781761423438728,0.34545454545454546,10,True,False,build,
pe,LOW,6,drawdown,0-10,launch_300,1,0.7989583093571309,24715,0.10171619063297391,112,0.004531660934655068,0.0025146102559881474,1.8021325268453163,1.4983775805994781,2.1671286175136135,,2,True,False,build,
pe,LOW,6,drawdown,10-20,win_50,1,0.8099167180752622,3200,0.10155828493446317,247,0.0771875,0.06804405090609032,1.1343754372667911,1.005805157244609,1.2778466284341035,0.3575757575757576,10,True,False,build,
pe,LOW,6,drawdown,10-20,win_100,1,0.8099167180752622,3200,0.10155828493446317,40,0.0125,0.010060617601320258,1.242468454258675,0.9137853633654348,1.687351282276447,,0,False,False,build,
pe,LOW,6,drawdown,10-20,launch_300,1,0.8099167180752622,3200,0.10155828493446317,7,0.0021875,0.0018407439144371449,1.1883782327586208,0.5758733057265688,2.449409457899463,,0,False,False,build,
pe,LOW,6,drawdown,20-30,win_50,1,0.7295528898582334,2110,0.10174068180722311,422,0.2,0.16741405082212257,1.1946428571428571,1.0959928844233606,1.2998058605264091,0.3090909090909091,10,True,False,build,
pe,LOW,6,drawdown,20-30,win_100,1,0.7295528898582334,2110,0.10174068180722311,76,0.03601895734597156,0.0274362312551232,1.3128245279404291,1.0524048242599855,1.6347094678070304,,1,False,False,build,
pe,LOW,6,drawdown,20-30,launch_300,1,0.7295528898582334,2110,0.10174068180722311,8,0.0037914691943127963,0.0022180433000626837,1.7093756439315888,0.8667287773376976,3.365130033757925,,0,False,False,build,
pe,LOW,6,drawdown,>30,win_50,1,0.8629476270646586,1944,0.10250461376219351,703,0.36162551440329216,0.2951753229633535,1.2251210933652084,1.1537529831632947,1.2983382531264234,-0.44242424242424244,10,True,False,build,
pe,LOW,6,drawdown,>30,win_100,1,0.8629476270646586,1944,0.10250461376219351,266,0.1368312757201646,0.09269707355655155,1.4761121410881237,1.3190135209493723,1.6486638392000623,-0.3333333333333333,10,True,False,build,
pe,LOW,6,drawdown,>30,launch_300,1,0.8629476270646586,1944,0.10250461376219351,79,0.04063786008230453,0.027682573161086212,1.4679943170683911,1.1822805371506262,1.8191598557657005,,0,False,False,build,
pe,LOW,6,mst,0-12,win_50,1,0.797288898594057,24174,0.1018603181291478,3158,0.13063622073301895,0.10764141999367956,1.213624093222568,1.1747023072284868,1.2536362734499178,0.15151515151515152,10,True,False,build,
pe,LOW,6,mst,0-12,win_100,1,0.797288898594057,24174,0.1018603181291478,743,0.030735500951435426,0.020364479089855683,1.5092701765568823,1.4060351886246332,1.6198275578160217,0.15151515151515152,10,True,False,build,
pe,LOW,6,mst,0-12,launch_300,1,0.797288898594057,24174,0.1018603181291478,180,0.007446016381236039,0.004609712419677657,1.615288699887425,1.396579395957692,1.86795182542038,,4,True,False,build,
pe,LOW,6,mst,13-24,win_50,1,0.7326613022076812,2520,0.10137989298789074,283,0.1123015873015873,0.10572474554451462,1.0622072129206832,0.9511443323509696,1.1844331079871753,0.5393939393939394,10,True,False,build,
pe,LOW,6,mst,13-24,win_100,1,0.7326613022076812,2520,0.10137989298789074,55,0.021825396825396824,0.017982861970471095,1.2136776037782748,0.9345855654997443,1.573714974244156,,0,False,False,build,
pe,LOW,6,mst,13-24,launch_300,1,0.7326613022076812,2520,0.10137989298789074,7,0.002777777777777778,0.0010459830228909362,2.6556623931623933,1.2870289636243288,5.4713673851053555,,0,False,False,build,
pe,LOW,6,mst,>24,win_50,1,0.8410983715251387,5275,0.1014208532810367,532,0.10085308056872037,0.09196131587548788,1.0966902725192798,1.0114572089646847,1.1882403985262753,0.6727272727272727,10,True,False,build,
pe,LOW,6,mst,>24,win_100,1,0.8410983715251387,5275,0.1014208532810367,131,0.024834123222748816,0.01624656322700967,1.5285770212288623,1.2905922591638288,1.8091286129624236,,3,True,False,build,
pe,LOW,6,mst,>24,launch_300,1,0.8410983715251387,5275,0.1014208532810367,19,0.0036018957345971565,0.002307204245255811,1.5611516587677727,0.999987877237768,2.4354504584058567,,0,False,False,build,
pe,LOW,12,all,ALL,win_50,1,0.7913295664529051,31617,0.10155396811121246,3931,0.12433184679128317,0.10650688011511826,1.167359767339901,1.1336391958977017,1.2019373361311685,0.296969696969697,10,True,False,build,
pe,LOW,12,all,ALL,win_100,1,0.7913295664529051,31617,0.10155396811121246,911,0.028813612929752982,0.02010072848277723,1.433461128259165,1.3445371571730982,1.5280806235186615,0.2,10,True,False,build,
pe,LOW,12,all,ALL,launch_300,1,0.7913295664529051,31617,0.10155396811121246,193,0.006104310971945472,0.004021430498631686,1.5179451625540956,1.3188586415593389,1.7468722752211026,0.37142857142857144,6,True,False,build,
pe,LOW,12,drawdown,0-10,win_50,1,0.7888603549245202,24350,0.1014968175433185,2530,0.10390143737166324,0.08974652889220495,1.157720957614526,1.1157107150340195,1.20112353704046,0.3696969696969697,10,True,False,build,
pe,LOW,12,drawdown,0-10,win_100,1,0.7888603549245202,24350,0.1014968175433185,518,0.02127310061601643,0.014580528450370766,1.4590075173493098,1.3397883288138028,1.5885846431506803,0.34545454545454546,10,True,False,build,
pe,LOW,12,drawdown,0-10,launch_300,1,0.7888603549245202,24350,0.1014968175433185,117,0.0048049281314168375,0.002509284770475472,1.9148596396679103,1.5984826693978327,2.2934931632439244,,2,True,False,build,
pe,LOW,12,drawdown,10-20,win_50,1,0.7799198025909932,3082,0.10157537406894733,267,0.08663205710577547,0.07016676553951619,1.234659406624443,1.1003567500373421,1.3836296244858923,0.24848484848484848,10,True,False,build,
pe,LOW,12,drawdown,10-20,win_100,1,0.7799198025909932,3082,0.10157537406894733,51,0.01654769630110318,0.01008503065058335,1.6408176508760548,1.2502188696464032,2.1507682357761495,,0,False,False,build,
pe,LOW,12,drawdown,10-20,launch_300,1,0.7799198025909932,3082,0.10157537406894733,3,0.000973393900064893,0.001614923208753543,0.6027493411381425,0.20502259653821264,1.7698268686145753,,0,False,False,build,
pe,LOW,12,drawdown,20-30,win_50,1,0.7691279417455236,2231,0.10203988291255031,544,0.24383684446436577,0.17613428466886205,1.3843803602619822,1.2857756258884772,1.487984890000919,-0.23636363636363636,10,True,False,build,
pe,LOW,12,drawdown,20-30,win_100,1,0.7691279417455236,2231,0.10203988291255031,121,0.05423576871358135,0.029363336992316136,1.8470573943204713,1.5523072641099858,2.193996560288477,,1,True,False,build,
pe,LOW,12,drawdown,20-30,launch_300,1,0.7691279417455236,2231,0.10203988291255031,13,0.00582698341550874,0.0022868642517380167,2.5480233079336623,1.4904770940009349,4.348448565694471,,0,False,False,build,
pe,LOW,12,drawdown,>30,win_50,1,0.874414160258452,1954,0.10168080345527397,590,0.30194472876151485,0.29390643700889835,1.0273498322609829,0.9594669215734577,1.0978771357817763,0.17575757575757575,10,True,False,build,
pe,LOW,12,drawdown,>30,win_100,1,0.874414160258452,1954,0.10168080345527397,221,0.11310133060388945,0.09429151272310975,1.199485800339373,1.058534552268082,1.3565388064664279,0.06666666666666667,10,True,False,build,
pe,LOW,12,drawdown,>30,launch_300,1,0.874414160258452,1954,0.10168080345527397,60,0.030706243602865915,0.0286725295311443,1.0709290078335285,0.8345926220706358,1.3714938420943181,,0,False,False,build,
pe,LOW,12,mst,0-12,win_50,1,0.7978700888582803,24130,0.10160085558615231,3049,0.12635723166183174,0.10901144430689942,1.159118957327992,1.1212077026594953,1.198121361392392,0.15151515151515152,10,True,False,build,
pe,LOW,12,mst,0-12,win_100,1,0.7978700888582803,24130,0.10160085558615231,700,0.029009531703273934,0.020968597630295835,1.3834750523020387,1.2860052294463227,1.4880954747740114,0.18787878787878787,10,True,False,build,
pe,LOW,12,mst,0-12,launch_300,1,0.7978700888582803,24130,0.10160085558615231,162,0.006713634479900539,0.00472425030947629,1.4211005006304975,1.2190071746659508,1.656434203586424,0.4,5,True,False,build,
pe,LOW,12,mst,13-24,win_50,1,0.690629881805052,2387,0.10187358627459349,384,0.1608713866778383,0.11177499893303743,1.439243016895162,1.3122683325269258,1.575967489119015,0.05454545454545454,10,True,False,build,
pe,LOW,12,mst,13-24,win_100,1,0.690629881805052,2387,0.10187358627459349,91,0.03812316715542522,0.01852247023174427,2.058211819398084,1.6819373149540389,2.514617714526006,,0,False,False,build,
pe,LOW,12,mst,13-24,launch_300,1,0.690629881805052,2387,0.10187358627459349,8,0.0033514872224549644,0.00098160556527677,3.4142911786670553,1.7310694506583502,6.723389330873328,,0,False,False,build,
pe,LOW,12,mst,>24,win_50,1,0.8150945226967673,5100,0.10118445330635081,498,0.0976470588235294,0.09225641330873162,1.0584311195445921,0.9733810960648724,1.1500462169855226,0.5515151515151515,10,True,False,build,
pe,LOW,12,mst,>24,win_100,1,0.8150945226967673,5100,0.10118445330635081,120,0.023529411764705882,0.01674503501775688,1.4051575132422636,1.177311208336872,1.6758368727243391,,3,True,False,build,
pe,LOW,12,mst,>24,launch_300,1,0.8150945226967673,5100,0.10118445330635081,23,0.0045098039215686276,0.002122889510545007,2.1243705332600333,1.4165002548390264,3.1835881629540532,,0,False,False,build,
pe_vs_5y_median,LOW,0,all,ALL,win_50,1,0.6985911053836906,27545,0.10021975942891656,3659,0.13283717553094934,0.09867707734513145,1.3461806845610156,1.3060808546045037,1.3873181988725791,-0.3939393939393939,10,True,False,build,
pe_vs_5y_median,LOW,0,all,ALL,win_100,1,0.6985911053836906,27545,0.10021975942891656,838,0.030422944273007804,0.01669298443491992,1.822498810300589,1.7048642012604702,1.94797846950272,-0.2727272727272727,10,True,False,build,
pe_vs_5y_median,LOW,0,all,ALL,launch_300,1,0.6985911053836906,27545,0.10021975942891656,195,0.007079324741332365,0.002994404139045138,2.364184796909156,2.055715335672689,2.7185623736000215,,3,True,False,build,
pe_vs_5y_median,LOW,0,drawdown,0-10,win_50,1,0.7010268939007829,21366,0.10021717003522564,2386,0.11167275109987831,0.08512783950993683,1.3118240958863163,1.2630311356287687,1.3622570836764483,-0.2,10,True,False,build,
pe_vs_5y_median,LOW,0,drawdown,0-10,win_100,1,0.7010268939007829,21366,0.10021717003522564,477,0.02232518955349621,0.012622128829204915,1.7687340903889748,1.618458296854014,1.9326157006240823,-0.09090909090909091,10,True,False,build,
pe_vs_5y_median,LOW,0,drawdown,0-10,launch_300,1,0.7010268939007829,21366,0.10021717003522564,88,0.004118693250959468,0.002120104879524571,1.9426837279309863,1.577534966396448,2.391922668238834,,0,False,False,build,
pe_vs_5y_median,LOW,0,drawdown,10-20,win_50,1,0.7199516759202138,2806,0.10018208433003678,255,0.09087669280114041,0.06697847120568388,1.3568045248758753,1.2062604267390293,1.5240504261071246,-0.2,10,True,False,build,
pe_vs_5y_median,LOW,0,drawdown,10-20,win_100,1,0.7199516759202138,2806,0.10018208433003678,40,0.014255167498218105,0.009139919311649827,1.5596601033499644,1.1472952771593465,2.117339845735704,,0,False,False,build,
pe_vs_5y_median,LOW,0,drawdown,10-20,launch_300,1,0.7199516759202138,2806,0.10018208433003678,13,0.004632929436920884,0.001321003963011889,3.507127583749109,2.0511325506645437,5.988461392167733,,0,False,False,build,
pe_vs_5y_median,LOW,0,drawdown,20-30,win_50,1,0.6600415098322018,1881,0.10025049299152587,341,0.18128654970760233,0.16218088791771038,1.1178046441550256,1.0144943286261603,1.229125320462589,0.23100410659842452,10,True,False,build,
pe_vs_5y_median,LOW,0,drawdown,20-30,win_100,1,0.6600415098322018,1881,0.10025049299152587,48,0.025518341307814992,0.02387677876672174,1.068751424014582,0.8083551227370269,1.4101495966646704,,0,False,False,build,
pe_vs_5y_median,LOW,0,drawdown,20-30,launch_300,1,0.6600415098322018,1881,0.10025049299152587,8,0.004253056884635832,0.0013324095293929543,3.1920042530568846,1.6186110611189157,6.282006600606716,,0,False,False,build,
pe_vs_5y_median,LOW,0,drawdown,>30,win_50,1,0.6769349774764527,1492,0.10028903676816563,677,0.45375335120643434,0.2724339584593668,1.6655535667155499,1.573380508918263,1.7585985103948605,-0.8666666666666667,10,True,True,build,
pe_vs_5y_median,LOW,0,drawdown,>30,win_100,1,0.6769349774764527,1492,0.10028903676816563,273,0.18297587131367293,0.08019089870269544,2.281753593909063,2.047355363903698,2.536457051218198,-0.9,5,True,True,build,
pe_vs_5y_median,LOW,0,drawdown,>30,launch_300,1,0.6769349774764527,1492,0.10028903676816563,86,0.057640750670241284,0.020770316596087923,2.7751503162497717,2.258583165171013,3.401106205975617,,0,False,False,build,
pe_vs_5y_median,LOW,0,mst,0-12,win_50,1,0.6880990375086087,20530,0.1002328840022849,2920,0.14223088163662934,0.10061858287399364,1.4135647469289792,1.3667446028536978,1.461715286097396,-0.4303030303030303,10,True,False,build,
pe_vs_5y_median,LOW,0,mst,0-12,win_100,1,0.6880990375086087,20530,0.1002328840022849,699,0.03404773502191914,0.017117218281150065,1.9890927639459626,1.8491847146832545,2.1391858879023826,-0.2727272727272727,10,True,False,build,
pe_vs_5y_median,LOW,0,mst,0-12,launch_300,1,0.6880990375086087,20530,0.1002328840022849,169,0.008231855820750122,0.003564052865156745,2.30968959558014,1.9877882872113468,2.6832173507055184,,2,True,False,build,
pe_vs_5y_median,LOW,0,mst,13-24,win_50,1,0.6990892209744451,2376,0.1001770806982039,249,0.10479797979797979,0.10359220844927902,1.0116395949729282,0.898846978813093,1.136748226517076,0.5151515151515151,10,True,False,build,
pe_vs_5y_median,LOW,0,mst,13-24,win_100,1,0.6990892209744451,2376,0.1001770806982039,42,0.017676767676767676,0.01593726283835062,1.1091470258136926,0.8222333698574749,1.4937624907131932,,0,False,False,build,
pe_vs_5y_median,LOW,0,mst,13-24,launch_300,1,0.6990892209744451,2376,0.1001770806982039,4,0.0016835016835016834,0.0006324310650139134,2.661952861952862,1.0354798625060238,6.832151282934559,,0,False,False,build,
pe_vs_5y_median,LOW,0,mst,>24,win_50,1,0.7488235198990896,4639,0.10018356548968795,490,0.10562621254580729,0.08757153655112838,1.2061705972709265,1.1088704851298026,1.3109229591763427,-0.28484848484848485,10,True,False,build,
pe_vs_5y_median,LOW,0,mst,>24,win_100,1,0.7488235198990896,4639,0.10018356548968795,97,0.020909678810088383,0.01520354173415398,1.3753163029845774,1.1294311495898413,1.6733467307845173,,1,False,False,build,
pe_vs_5y_median,LOW,0,mst,>24,launch_300,1,0.7488235198990896,4639,0.10018356548968795,22,0.004742401379607674,0.0016844833171363784,2.8153448190094017,1.8604947681314468,4.256721665387652,,0,False,False,build,
pe_vs_5y_median,LOW,3,all,ALL,win_50,1,0.6939219020458584,27364,0.10023112791153405,3620,0.13229060078935828,0.09943261943745445,1.3304547495359138,1.2906012478989723,1.3713464044755144,-0.40606060606060607,10,True,False,build,
pe_vs_5y_median,LOW,3,all,ALL,win_100,1,0.6939219020458584,27364,0.10023112791153405,823,0.03007601227890659,0.017112988949082263,1.757496155019694,1.6430432617888044,1.8796578589996842,-0.2727272727272727,10,True,False,build,
pe_vs_5y_median,LOW,3,all,ALL,launch_300,1,0.6939219020458584,27364,0.10023112791153405,186,0.006797251863762608,0.003120776238145995,2.178064476612636,1.887534136813116,2.5129606347400113,,3,True,False,build,
pe_vs_5y_median,LOW,3,drawdown,0-10,win_50,1,0.6977485934874605,21268,0.10022620169651272,2380,0.1119052097047207,0.08563147973609803,1.3068232623048666,1.25816210050363,1.3571213365910755,-0.3090909090909091,10,True,False,build,
pe_vs_5y_median,LOW,3,drawdown,0-10,win_100,1,0.6977485934874605,21268,0.10022620169651272,468,0.022004889975550123,0.012766258246936852,1.7236757670032248,1.5758671793483867,1.8850075999419673,-0.09090909090909091,10,True,False,build,
pe_vs_5y_median,LOW,3,drawdown,0-10,launch_300,1,0.6977485934874605,21268,0.10022620169651272,94,0.004419785593379725,0.002115928369462771,2.088816264844494,1.7077027332257593,2.554522731763301,,0,False,False,build,
pe_vs_5y_median,LOW,3,drawdown,10-20,win_50,1,0.7041692370964425,2745,0.10020076656324146,230,0.08378870673952642,0.06563241467421062,1.2766360517960658,1.1274356587347976,1.4435608622838891,-0.2,10,True,False,build,
pe_vs_5y_median,LOW,3,drawdown,10-20,win_100,1,0.7041692370964425,2745,0.10020076656324146,31,0.011293260473588343,0.008651213725132324,1.3053960787930492,0.9209617513930143,1.847717917472651,,0,False,False,build,
pe_vs_5y_median,LOW,3,drawdown,10-20,launch_300,1,0.7041692370964425,2745,0.10020076656324146,8,0.0029143897996357013,0.0013871144369410476,2.1010449621321063,1.0651670677915586,4.138525337324993,,0,False,False,build,
pe_vs_5y_median,LOW,3,drawdown,20-30,win_50,1,0.6342209870897386,1808,0.10028287758611126,332,0.1836283185840708,0.15780132009540185,1.1636678227600044,1.0548613178247197,1.2809757768582852,0.3696969696969697,10,True,False,build,
pe_vs_5y_median,LOW,3,drawdown,20-30,win_100,1,0.6342209870897386,1808,0.10028287758611126,41,0.02267699115044248,0.023018470242387266,0.9851649962682588,0.7281035062880329,1.3301574641560932,,0,False,False,build,
pe_vs_5y_median,LOW,3,drawdown,20-30,launch_300,1,0.6342209870897386,1808,0.10028287758611126,5,0.0027654867256637168,0.0012757224471684509,2.1677808772604847,0.926385920254831,5.061940653282712,,0,False,False,build,
pe_vs_5y_median,LOW,3,drawdown,>30,win_50,1,0.7000500523274332,1543,0.10029249268768281,678,0.4394037589112119,0.2815729606759831,1.5605325094295928,1.4732255551027356,1.648908358935604,-0.9151515151515152,10,True,True,build,
pe_vs_5y_median,LOW,3,drawdown,>30,win_100,1,0.7000500523274332,1543,0.10029249268768281,283,0.1834089436163318,0.08521286967825804,2.152362011851461,1.9350756438958303,2.3881016708655833,-1.0,5,True,True,build,
pe_vs_5y_median,LOW,3,drawdown,>30,launch_300,1,0.7000500523274332,1543,0.10029249268768281,79,0.05119896305897602,0.0222294442638934,2.3032048148021818,1.8567065117687587,2.849981109420093,,0,False,False,build,
pe_vs_5y_median,LOW,3,mst,0-12,win_50,1,0.6878470764114021,20524,0.10024029538750073,2896,0.14110309881114794,0.10213530779299432,1.3815310479812986,1.335556787726471,1.4288204625268184,-0.5272727272727272,10,True,False,build,
pe_vs_5y_median,LOW,3,mst,0-12,win_100,1,0.6878470764114021,20524,0.10024029538750073,688,0.03352173065679205,0.017841444116670248,1.878868685605491,1.7456662862868326,2.021856614025533,-0.44242424242424244,10,True,False,build,
pe_vs_5y_median,LOW,3,mst,0-12,launch_300,1,0.6878470764114021,20524,0.10024029538750073,162,0.007893198206977198,0.003682575653974642,2.1433906452018134,1.8387244810847463,2.4980706941625983,,3,True,False,build,
pe_vs_5y_median,LOW,3,mst,13-24,win_50,1,0.6637486367789666,2257,0.1002264754207558,239,0.10589277802392556,0.09920511568009237,1.067412474628818,0.9461326237913005,1.202192407311635,0.6606060606060606,10,True,False,build,
pe_vs_5y_median,LOW,3,mst,13-24,win_100,1,0.6637486367789666,2257,0.1002264754207558,35,0.015507310589277802,0.014831919712242994,1.0455363088621163,0.7531906599720728,1.448887826076767,,0,False,False,build,
pe_vs_5y_median,LOW,3,mst,13-24,launch_300,1,0.6637486367789666,2257,0.1002264754207558,1,0.00044306601683650863,0.0005772902882010746,0.7674925871647184,0.13548870325477913,4.340170026209701,,0,False,False,build,
pe_vs_5y_median,LOW,3,mst,>24,win_50,1,0.7397189384996038,4583,0.1001923833675834,485,0.10582587824569059,0.08744698526518298,1.210171830678595,1.1120756233311402,1.315818190498901,-0.2606060606060606,10,True,False,build,
pe_vs_5y_median,LOW,3,mst,>24,win_100,1,0.7397189384996038,4583,0.1001923833675834,100,0.02181976871045167,0.014975296226662585,1.4570508910269786,1.200203839416702,1.7673825301887116,,2,True,False,build,
pe_vs_5y_median,LOW,3,mst,>24,launch_300,1,0.7397189384996038,4583,0.1001923833675834,23,0.005018546803403884,0.0018582484368851384,2.700686680956476,1.80090230515306,4.046638221336544,,0,False,False,build,
pe_vs_5y_median,LOW,6,all,ALL,win_50,1,0.6871938774213391,27092,0.10020638995125054,3567,0.1316624833899306,0.09986610544381237,1.3183900864543858,1.2785957776488117,1.3592302018737528,-0.3939393939393939,10,True,False,build,
pe_vs_5y_median,LOW,6,all,ALL,win_100,1,0.6871938774213391,27092,0.10020638995125054,809,0.029861213642403663,0.01730272745430201,1.7258096286420563,1.6124725849995178,1.8468510054817153,-0.2606060606060606,10,True,False,build,
pe_vs_5y_median,LOW,6,all,ALL,launch_300,1,0.6871938774213391,27092,0.10020638995125054,156,0.005758157389635317,0.003195715374201996,1.8018367455747495,1.5409977526783225,2.1065282993448973,,4,True,False,build,
pe_vs_5y_median,LOW,6,drawdown,0-10,win_50,1,0.6915109446568964,21072,0.10019828533116504,2366,0.11228170083523159,0.08602825447093004,1.3051723707026148,1.256441249443698,1.3555464120860556,-0.296969696969697,10,True,False,build,
pe_vs_5y_median,LOW,6,drawdown,0-10,win_100,1,0.6915109446568964,21072,0.10019828533116504,480,0.022779043280182234,0.012933719442899056,1.7612136540265309,1.6120551271697987,1.9238226469327822,-0.17575757575757575,10,True,False,build,
pe_vs_5y_median,LOW,6,drawdown,0-10,launch_300,1,0.6915109446568964,21072,0.10019828533116504,86,0.004081245254365983,0.0021492798485994017,1.8988896476303747,1.5382725895838216,2.343618873772656,,0,False,False,build,
pe_vs_5y_median,LOW,6,drawdown,10-20,win_50,1,0.6892093358009459,2687,0.1002125834483273,236,0.08783029400818756,0.06440905530899191,1.3636327001977608,1.2064754999431777,1.5390611064145283,-0.34545454545454546,10,True,False,build,
pe_vs_5y_median,LOW,6,drawdown,10-20,win_100,1,0.6892093358009459,2687,0.1002125834483273,34,0.012653516933382954,0.008540633274903965,1.4815665918550094,1.0618771475931668,2.0641803258299753,,0,False,False,build,
pe_vs_5y_median,LOW,6,drawdown,10-20,launch_300,1,0.6892093358009459,2687,0.1002125834483273,9,0.0033494603647190174,0.0014545183306605004,2.302796942543872,1.2122098416222435,4.36830585544062,,0,False,False,build,
pe_vs_5y_median,LOW,6,drawdown,20-30,win_50,1,0.6117423576177577,1744,0.10028752156411731,352,0.2018348623853211,0.15715928694652098,1.2842693951265036,1.1686369772613978,1.4082413312006419,0.23636363636363636,10,True,False,build,
pe_vs_5y_median,LOW,6,drawdown,20-30,win_100,1,0.6117423576177577,1744,0.10028752156411731,54,0.03096330275229358,0.023001725129384705,1.3461295871559633,1.035067842997662,1.7468248739633254,,0,False,False,build,
pe_vs_5y_median,LOW,6,drawdown,20-30,launch_300,1,0.6117423576177577,1744,0.10028752156411731,6,0.0034403669724770644,0.0013801035077630822,2.49283256880734,1.1431575485520997,5.424061132951867,,0,False,False,build,
pe_vs_5y_median,LOW,6,drawdown,>30,win_50,1,0.7214815488920234,1589,0.10021442986881937,613,0.3857772183763373,0.2805247225025227,1.3751986453631306,1.2909588200934567,1.4614024423269145,-0.806060606060606,10,True,False,build,
pe_vs_5y_median,LOW,6,drawdown,>30,win_100,1,0.7214815488920234,1589,0.10021442986881937,241,0.15166771554436753,0.08381685166498487,1.8095133917768935,1.6091324338945254,2.029939809236795,-0.6428571428571429,7,True,True,build,
pe_vs_5y_median,LOW,6,drawdown,>30,launch_300,1,0.7214815488920234,1589,0.10021442986881937,55,0.034612964128382634,0.022010595358224017,1.5725591954717335,1.2125265931290583,2.034576756611294,,0,False,False,build,
pe_vs_5y_median,LOW,6,mst,0-12,win_50,1,0.6860329565115146,20464,0.10021154900885372,2797,0.1366790461297889,0.10289019039410797,1.3283972515383338,1.2833173926128358,1.3748025826383887,-0.503030303030303,10,True,False,build,
pe_vs_5y_median,LOW,6,mst,0-12,win_100,1,0.6860329565115146,20464,0.10021154900885372,657,0.0321051602814699,0.018074708140719268,1.7762477840039026,1.647406944013415,1.914805599376113,-0.34545454545454546,10,True,False,build,
pe_vs_5y_median,LOW,6,mst,0-12,launch_300,1,0.6860329565115146,20464,0.10021154900885372,136,0.006645817044566067,0.0037314894617252996,1.7810091955862828,1.5064911571480297,2.1051556867740313,,2,True,False,build,
pe_vs_5y_median,LOW,6,mst,13-24,win_50,1,0.6251363221033395,2126,0.1002404639539818,265,0.12464722483537159,0.09764722523457023,1.2765055487848365,1.1396076501217252,1.4272696848777744,0.09090909090909091,10,True,False,build,
pe_vs_5y_median,LOW,6,mst,13-24,win_100,1,0.6251363221033395,2126,0.1002404639539818,49,0.023047977422389464,0.014663586213399972,1.571783129104367,1.191909442539588,2.0689879868656753,,0,False,False,build,
pe_vs_5y_median,LOW,6,mst,13-24,launch_300,1,0.6251363221033395,2126,0.1002404639539818,6,0.0028222013170272815,0.0006600971285774907,4.275433409487972,1.960411923265808,9.307412060680662,,0,False,False,build,
pe_vs_5y_median,LOW,6,mst,>24,win_50,1,0.72683021491987,4502,0.10016687061964623,505,0.1121723678365171,0.0871732117031928,1.2867756693242116,1.184798297012792,1.3963389218326907,-0.05454545454545454,10,True,False,build,
pe_vs_5y_median,LOW,6,mst,>24,win_100,1,0.72683021491987,4502,0.10016687061964623,103,0.02287872056863616,0.015040605184113917,1.5211303194635388,1.2566594026439046,1.8396908341965317,,2,True,False,build,
pe_vs_5y_median,LOW,6,mst,>24,launch_300,1,0.72683021491987,4502,0.10016687061964623,14,0.003109729009329187,0.001957948603849149,1.588258753685231,0.946576816730532,2.662663196987037,,0,False,False,build,
pe_vs_5y_median,LOW,12,all,ALL,win_50,1,0.6736793678147772,26561,0.10021317134826162,3624,0.1364406460600128,0.1012620498405931,1.347401581093785,1.3071544913968245,1.3886870298700147,-0.40606060606060607,10,True,False,build,
pe_vs_5y_median,LOW,12,all,ALL,win_100,1,0.6736793678147772,26561,0.10021317134826162,791,0.029780505252061294,0.017710200154690714,1.6815453801731115,1.5699033618713545,1.8008662472929395,-0.22424242424242424,10,True,False,build,
pe_vs_5y_median,LOW,12,all,ALL,launch_300,1,0.6736793678147772,26561,0.10021317134826162,148,0.005572079364481759,0.0031919108075987098,1.745687677492988,1.4867547766673874,2.0494198750699852,,2,True,False,build,
pe_vs_5y_median,LOW,12,drawdown,0-10,win_50,1,0.6760467050943539,20600,0.10019455252918288,2358,0.11446601941747572,0.08607490272373541,1.3298419840782623,1.2801647087981678,1.3811894425430096,-0.296969696969697,10,True,False,build,
pe_vs_5y_median,LOW,12,drawdown,0-10,win_100,1,0.6760467050943539,20600,0.10019455252918288,473,0.02296116504854369,0.013000972762645915,1.7661113108793798,1.615495649360295,1.9304091704425612,-0.22424242424242424,10,True,False,build,
pe_vs_5y_median,LOW,12,drawdown,0-10,launch_300,1,0.6760467050943539,20600,0.10019455252918288,94,0.004563106796116505,0.002135214007782101,2.1370723400490967,1.7471749130177197,2.613491442146893,,0,False,False,build,
pe_vs_5y_median,LOW,12,drawdown,10-20,win_50,1,0.6531719103434094,2548,0.10027153594899847,258,0.10125588697017268,0.06607374758962654,1.5324677449666813,1.3641780228254323,1.7189267522198737,-0.18787878787878787,10,True,False,build,
pe_vs_5y_median,LOW,12,drawdown,10-20,win_100,1,0.6531719103434094,2548,0.10027153594899847,37,0.014521193092621664,0.008382196686474361,1.7323851534113104,1.2590331607554743,2.3801124286008486,,0,False,False,build,
pe_vs_5y_median,LOW,12,drawdown,10-20,launch_300,1,0.6531719103434094,2548,0.10027153594899847,7,0.0027472527472527475,0.001259297154775491,2.1815762362637363,1.0572644192195442,4.49472273076985,,0,False,False,build,
pe_vs_5y_median,LOW,12,drawdown,20-30,win_50,1,0.635452210926232,1812,0.10031000885739592,446,0.24613686534216336,0.16519043401240036,1.490018879202694,1.3732873862858943,1.6132526122043462,-0.6242424242424243,10,True,False,build,
pe_vs_5y_median,LOW,12,drawdown,20-30,win_100,1,0.635452210926232,1812,0.10031000885739592,90,0.04966887417218543,0.02496678476527901,1.9893980998810588,1.6254962328986189,2.429616319322627,,0,False,False,build,
pe_vs_5y_median,LOW,12,drawdown,20-30,launch_300,1,0.635452210926232,1812,0.10031000885739592,5,0.0027593818984547464,0.0011071744906997344,2.492273730684327,1.065054543633968,5.8196905977665025,,0,False,False,build,
pe_vs_5y_median,LOW,12,drawdown,>30,win_50,1,0.7266687900987396,1601,0.1002504696305573,562,0.3510306058713304,0.280463368816531,1.2516094609879764,1.1696103813167622,1.336151356770618,-0.5878787878787879,10,True,False,build,
pe_vs_5y_median,LOW,12,drawdown,>30,win_100,1,0.7266687900987396,1601,0.1002504696305573,191,0.1193004372267333,0.08497182216656231,1.4039999871119606,1.2277819505584346,1.6016667493963452,-0.47619047619047616,8,True,False,build,
pe_vs_5y_median,LOW,12,drawdown,>30,launch_300,1,0.7266687900987396,1601,0.1002504696305573,42,0.02623360399750156,0.022229179711959923,1.180142692507324,0.875703510553591,1.5866135140618551,,0,False,False,build,
pe_vs_5y_median,LOW,12,mst,0-12,win_50,1,0.680503250298154,20300,0.10021623009251489,2785,0.137192118226601,0.10397310453095843,1.3194962182335477,1.2746360971856814,1.3656767336774849,-0.503030303030303,10,True,False,build,
pe_vs_5y_median,LOW,12,mst,0-12,win_100,1,0.680503250298154,20300,0.10021623009251489,636,0.031330049261083744,0.0184684195456206,1.696412039140242,1.5713773815732193,1.8310492195355448,-0.296969696969697,10,True,False,build,
pe_vs_5y_median,LOW,12,mst,0-12,launch_300,1,0.680503250298154,20300,0.10021623009251489,129,0.006354679802955665,0.00373712739803122,1.700418296230258,1.4318725875549134,2.018947324044258,,2,True,False,build,
pe_vs_5y_median,LOW,12,mst,13-24,win_50,1,0.5758540395555163,1959,0.10027128013512822,314,0.16028586013272078,0.10354711572912935,1.5479509883405664,1.397499943151045,1.7112435578793066,-0.4666666666666667,10,True,False,build,
pe_vs_5y_median,LOW,12,mst,13-24,win_100,1,0.5758540395555163,1959,0.10027128013512822,49,0.025012761613067893,0.014843630035317603,1.6850838746017496,1.2780944788666664,2.21732472605981,,0,False,False,build,
pe_vs_5y_median,LOW,12,mst,13-24,launch_300,1,0.5758540395555163,1959,0.10027128013512822,0,0.0,0.00035829451809387314,0.0,0.0,5.462240309417433,,0,False,False,build,
pe_vs_5y_median,LOW,12,mst,>24,win_50,1,0.694503290909973,4302,0.1001723094118195,525,0.12203626220362622,0.08743538397056769,1.3957308433014466,1.2877021864358837,1.5114726374832255,0.11515151515151516,10,True,False,build,
pe_vs_5y_median,LOW,12,mst,>24,win_100,1,0.694503290909973,4302,0.1001723094118195,106,0.024639702463970247,0.015437991896800634,1.5960432307958767,1.3223226292870691,1.9247052987676416,,2,True,False,build,
pe_vs_5y_median,LOW,12,mst,>24,launch_300,1,0.694503290909973,4302,0.1001723094118195,19,0.004416550441655044,0.0019093745634052065,2.31308750325997,1.4818065504078635,3.6074887489670653,,0,False,False,build,
fcf_ps_slope,HIGH,0,all,ALL,win_50,10,0.9939963754578336,39178,0.10018232169935075,4156,0.10607994282505488,0.11699529748099431,0.9067026206099215,0.880968903984058,0.9330965456116719,0.17575757575757575,10,True,False,build,
fcf_ps_slope,HIGH,0,all,ALL,win_100,10,0.9939963754578336,39178,0.10018232169935075,929,0.02371228750829547,0.027309898303871205,0.8682671478470585,0.8147858197087533,0.9251681966767719,-0.01818181818181818,10,True,False,build,
fcf_ps_slope,HIGH,0,all,ALL,launch_300,10,0.9939963754578336,39178,0.10018232169935075,226,0.005768543570371126,0.006612677623016005,0.8723461053497004,0.7660393054903554,0.9933081937788328,0.3333333333333333,10,True,False,build,
fcf_ps_slope,HIGH,0,drawdown,0-10,win_50,10,0.993555196780229,30271,0.10018169121759592,2639,0.08717914835981633,0.10223026796972474,0.8527723744755734,0.8221972635908517,0.88437225543172,0.15151515151515152,10,True,False,build,
fcf_ps_slope,HIGH,0,drawdown,0-10,win_100,10,0.993555196780229,30271,0.10018169121759592,523,0.017277262066003767,0.02252441579158131,0.7670459569682286,0.7045447245108207,0.8349858070717965,0.07878787878787878,10,True,False,build,
fcf_ps_slope,HIGH,0,drawdown,0-10,launch_300,10,0.993555196780229,30271,0.10018169121759592,123,0.004063294902712167,0.005387856142917187,0.7541580166452155,0.6323273454328792,0.8993477051361312,-0.11666666666666667,9,True,False,build,
fcf_ps_slope,HIGH,0,drawdown,10-20,win_50,10,0.9949876619370759,3879,0.10020925366193909,277,0.071410157257025,0.08000723345991888,0.8925462632425512,0.7964711981924424,0.9992209202615716,-0.18787878787878787,10,True,False,build,
fcf_ps_slope,HIGH,0,drawdown,10-20,win_100,10,0.9949876619370759,3879,0.10020925366193909,48,0.01237432327919567,0.015603606396445271,0.793042516248982,0.5989795540320589,1.0489410110694801,,0,False,False,build,
fcf_ps_slope,HIGH,0,drawdown,10-20,launch_300,10,0.9949876619370759,3879,0.10020925366193909,18,0.004640371229698376,0.00431424216590457,1.0755935923975715,0.6808444997344765,1.6975344662635345,,0,False,False,build,
fcf_ps_slope,HIGH,0,drawdown,20-30,win_50,10,0.995849016779822,2837,0.1002154791762337,511,0.18011984490659147,0.18658377194531775,0.9653564349603744,0.8919024698505693,1.0434469251855942,0.44242424242424244,10,True,False,build,
fcf_ps_slope,HIGH,0,drawdown,20-30,win_100,10,0.995849016779822,2837,0.1002154791762337,94,0.03313359182234755,0.039280794093751105,0.8435061608802489,0.6912521217128248,1.0279035809821024,-0.4,5,False,False,build,
fcf_ps_slope,HIGH,0,drawdown,20-30,launch_300,10,0.995849016779822,2837,0.1002154791762337,6,0.0021149101163200562,0.0048394503514783286,0.43701452907229543,0.20035984810880839,0.95190453604344,,0,False,False,build,
fcf_ps_slope,HIGH,0,drawdown,>30,win_50,10,0.9959503116894936,2191,0.10010051169590643,729,0.33272478320401644,0.29623538011695905,1.1231770596498323,1.057614668080606,1.1907160462750603,0.10303030303030303,10,True,False,build,
fcf_ps_slope,HIGH,0,drawdown,>30,win_100,10,0.9959503116894936,2191,0.10010051169590643,264,0.1204929256047467,0.09859283625730994,1.2221265781449007,1.0905650823470416,1.3671621050340284,-0.07878787878787878,10,True,False,build,
fcf_ps_slope,HIGH,0,drawdown,>30,launch_300,10,0.9959503116894936,2191,0.10010051169590643,79,0.03605659516202647,0.02987938596491228,1.2067381573492897,0.9714718371039508,1.4963565823535836,,0,False,False,build,
fcf_ps_slope,HIGH,0,mst,0-12,win_50,10,0.9939966069238909,29641,0.10017980383806839,3284,0.11079248338450119,0.11994470694002257,0.9236963115004493,0.8943252903047169,0.9539082962681208,0.2606060606060606,10,True,False,build,
fcf_ps_slope,HIGH,0,mst,0-12,win_100,10,0.9939966069238909,29641,0.10017980383806839,778,0.02624742754967781,0.028744955691197047,0.9131142114689679,0.8519028266447384,0.9785969642972302,0.07878787878787878,10,True,False,build,
fcf_ps_slope,HIGH,0,mst,0-12,launch_300,10,0.9939966069238909,29641,0.10017980383806839,191,0.0064437772004993085,0.007523371119177499,0.8565013075154243,0.7436367524842691,0.9863679090140587,0.38181818181818183,10,True,False,build,
fcf_ps_slope,HIGH,0,mst,13-24,win_50,10,0.9960208683349545,3385,0.10017163825757576,307,0.09069423929098966,0.12147845643939394,0.7465870241464367,0.6707230768601491,0.8300897430388323,-0.15151515151515152,10,True,False,build,
fcf_ps_slope,HIGH,0,mst,13-24,win_100,10,0.9960208683349545,3385,0.10017163825757576,43,0.012703101920236336,0.025923295454545456,0.4900265069504866,0.36433314216550033,0.6583364297279461,,3,False,False,build,
fcf_ps_slope,HIGH,0,mst,13-24,launch_300,10,0.9960208683349545,3385,0.10017163825757576,11,0.0032496307237813884,0.003699100378787879,0.8784921713441654,0.49080553693749046,1.5706295325095678,,0,False,False,build,
fcf_ps_slope,HIGH,0,mst,>24,win_50,10,0.9928845189773113,6152,0.10020033552127953,565,0.09184005201560468,0.10031434760656058,0.9155225967855302,0.8460987089208085,0.9900246412698447,-0.09090909090909091,10,True,False,build,
fcf_ps_slope,HIGH,0,mst,>24,win_100,10,0.9928845189773113,6152,0.10020033552127953,108,0.017555266579973992,0.0211573855400101,0.8297464990074389,0.6882644680001855,0.9996878375077208,-0.4,9,True,False,build,
fcf_ps_slope,HIGH,0,mst,>24,launch_300,10,0.9928845189773113,6152,0.10020033552127953,24,0.0039011703511053317,0.00382754857729205,1.0192347065821874,0.6853073902472281,1.5149276514697532,,0,False,False,build,
fcf_ps_slope,HIGH,3,all,ALL,win_50,10,0.9823881818574635,38730,0.10020698576972834,3892,0.10049057578104828,0.11663130659767142,0.8616089342778108,0.8362747885809183,0.887622514327693,-0.04242424242424243,10,True,False,build,
fcf_ps_slope,HIGH,3,all,ALL,win_100,10,0.9823881818574635,38730,0.10020698576972834,897,0.02316034082106894,0.026990944372574384,0.8580781947223107,0.8043057324716999,0.9153548651821524,-0.04242424242424243,10,True,False,build,
fcf_ps_slope,HIGH,3,all,ALL,launch_300,10,0.9823881818574635,38730,0.10020698576972834,209,0.005396333591531113,0.006494178525226391,0.8309493757477192,0.7259042696116377,0.9511011511810813,-0.006060606060606061,10,True,False,build,
fcf_ps_slope,HIGH,3,drawdown,0-10,win_50,10,0.9810601701296523,29896,0.10020076350461354,2489,0.08325528498795826,0.10169559694464089,0.8186714812567468,0.7884012131568953,0.8499947417891383,0.06666666666666667,10,True,False,build,
fcf_ps_slope,HIGH,3,drawdown,0-10,win_100,10,0.9810601701296523,29896,0.10020076350461354,502,0.01679154401926679,0.022100743729911082,0.7597728033261236,0.6966235800481446,0.8285400680137492,-0.030303030303030304,10,True,False,build,
fcf_ps_slope,HIGH,3,drawdown,0-10,launch_300,10,0.9810601701296523,29896,0.10020076350461354,117,0.0039135670323789135,0.00528889499632995,0.7399592986993694,0.6176601724998574,0.8863602374413492,-0.30952380952380953,8,True,False,build,
fcf_ps_slope,HIGH,3,drawdown,10-20,win_50,10,0.9840119267941599,3836,0.10020375111018233,269,0.07012513034410844,0.0799070059035578,0.8775842562383653,0.781745252188697,0.984187171091039,-0.21212121212121213,10,True,False,build,
fcf_ps_slope,HIGH,3,drawdown,10-20,win_100,10,0.9840119267941599,3836,0.10020375111018233,53,0.013816475495307613,0.015490308761297738,0.8919431954660473,0.6829367901353716,1.1637486479662205,,0,False,False,build,
fcf_ps_slope,HIGH,3,drawdown,10-20,launch_300,10,0.9840119267941599,3836,0.10020375111018233,16,0.004171011470281543,0.004153388015255211,1.004243151605774,0.6185537702475151,1.628791912517259,,0,False,False,build,
fcf_ps_slope,HIGH,3,drawdown,20-30,win_50,10,0.9909944770816478,2825,0.1002804302296688,500,0.17699115044247787,0.18685882645273508,0.9471918121419157,0.8742349999642998,1.0248434382034317,0.3939393939393939,10,True,False,build,
fcf_ps_slope,HIGH,3,drawdown,20-30,win_100,10,0.9909944770816478,2825,0.1002804302296688,107,0.037876106194690264,0.03936672464591246,0.962135065473958,0.7986713713892065,1.1574808447366407,-0.5714285714285714,7,True,False,build,
fcf_ps_slope,HIGH,3,drawdown,20-30,launch_300,10,0.9909944770816478,2825,0.1002804302296688,14,0.00495575221238938,0.0048631571474211065,1.0190401136877463,0.607501273565444,1.7070459482975098,,0,False,False,build,
fcf_ps_slope,HIGH,3,drawdown,>30,win_50,10,0.9867588842881194,2173,0.10020289587752466,634,0.2917625402669121,0.29572074149220695,0.9866150706733597,0.9232718430619247,1.0524435847525575,-0.2606060606060606,10,True,False,build,
fcf_ps_slope,HIGH,3,drawdown,>30,win_100,10,0.9867588842881194,2173,0.10020289587752466,235,0.10814542107685228,0.09849672599833995,1.097959551251226,0.9723405266342107,1.2376197205836945,-0.2,10,True,False,build,
fcf_ps_slope,HIGH,3,drawdown,>30,launch_300,10,0.9867588842881194,2173,0.10020289587752466,62,0.028531983433041877,0.029327676842202343,0.9728688564920537,0.7610844398630727,1.2413912647109002,,0,False,False,build,
fcf_ps_slope,HIGH,3,mst,0-12,win_50,10,0.9819831018090807,29292,0.10021142516985856,3007,0.1026560152942783,0.1195475911899337,0.858704171890686,0.8300646641522129,0.8882153374292459,-0.07878787878787878,10,True,False,build,
fcf_ps_slope,HIGH,3,mst,0-12,win_100,10,0.9819831018090807,29292,0.10021142516985856,709,0.024204560972279122,0.028371341968238328,0.8531341590882832,0.7932654410513206,0.9174009315970587,-0.04242424242424243,10,True,False,build,
fcf_ps_slope,HIGH,3,mst,0-12,launch_300,10,0.9819831018090807,29292,0.10021142516985856,174,0.00594018844735764,0.007403302064303357,0.8023701310256622,0.6919418252343454,0.9302998962930318,0.01818181818181818,10,True,False,build,
fcf_ps_slope,HIGH,3,mst,13-24,win_50,10,0.9897721578683645,3367,0.10026801667659321,390,0.11583011583011583,0.12156045265038713,0.9528601885289784,0.867516731358603,1.045406736108907,0.3212121212121212,10,True,False,build,
fcf_ps_slope,HIGH,3,mst,13-24,win_100,10,0.9897721578683645,3367,0.10026801667659321,61,0.018117018117018116,0.0258487194758785,0.7008864842966225,0.5466548764383599,0.897608452429796,,3,False,False,build,
fcf_ps_slope,HIGH,3,mst,13-24,launch_300,10,0.9897721578683645,3367,0.10026801667659321,10,0.00297000297000297,0.0036926742108397857,0.8042959655862881,0.43710132938163826,1.4782723123859702,,0,False,False,build,
fcf_ps_slope,HIGH,3,mst,>24,win_50,10,0.9802868832575966,6071,0.10015177010129005,495,0.08153516718827211,0.09983833184862582,0.8166719703599932,0.7503448679423389,0.8883000127551683,-0.3939393939393939,10,True,False,build,
fcf_ps_slope,HIGH,3,mst,>24,win_100,10,0.9802868832575966,6071,0.10015177010129005,127,0.020919123702849613,0.02096736942822264,0.9976990091418866,0.8399008713520388,1.1843943709310478,-0.14285714285714285,8,True,False,build,
fcf_ps_slope,HIGH,3,mst,>24,launch_300,10,0.9802868832575966,6071,0.10015177010129005,25,0.00411793773678142,0.0036622785311293676,1.124419593370343,0.7620665868873534,1.6580177434171095,,0,False,False,build,
fcf_ps_slope,HIGH,6,all,ALL,win_50,10,0.9699640850064434,38241,0.10020911292097733,3839,0.10038963416228655,0.11619393520119912,0.8639834255415642,0.8384056797407945,0.8902520576797978,-0.17575757575757575,10,True,False,build,
fcf_ps_slope,HIGH,6,all,ALL,win_100,10,0.9699640850064434,38241,0.10020911292097733,877,0.02293350069297351,0.026749682924017065,0.8573372909920658,0.803015887299471,0.9152414207356785,-0.2606060606060606,10,True,False,build,
fcf_ps_slope,HIGH,6,all,ALL,launch_300,10,0.9699640850064434,38241,0.10020911292097733,184,0.004811589655082242,0.006357242434724275,0.7568674160986169,0.6553199152625117,0.8740627793047241,-0.2727272727272727,10,True,False,build,
fcf_ps_slope,HIGH,6,drawdown,0-10,win_50,10,0.9681048003919492,29503,0.10020684665835657,2457,0.08327966647459581,0.10110352182758703,0.8237068795349539,0.7930565482144947,0.8554304138339889,-0.04242424242424243,10,True,False,build,
fcf_ps_slope,HIGH,6,drawdown,0-10,win_100,10,0.9681048003919492,29503,0.10020684665835657,521,0.01765922109615971,0.02180550979719517,0.8098513293383861,0.7437522387523029,0.8817100049921635,-0.10303030303030303,10,True,False,build,
fcf_ps_slope,HIGH,6,drawdown,0-10,launch_300,10,0.9681048003919492,29503,0.10020684665835657,109,0.003694539538352032,0.005142296235662537,0.7184610471738069,0.5958220969409473,0.8662301672068392,-0.11904761904761904,8,True,False,build,
fcf_ps_slope,HIGH,6,drawdown,10-20,win_50,10,0.9708513263417643,3785,0.1002118083134763,281,0.07424042272126817,0.08006354249404289,0.9272687718856808,0.8282582768420669,1.0370625095194774,-0.17575757575757575,10,True,False,build,
fcf_ps_slope,HIGH,6,drawdown,10-20,win_100,10,0.9708513263417643,3785,0.1002118083134763,43,0.011360634081902245,0.01556791104050834,0.7297468525058636,0.5424839471431621,0.9806567467555419,,0,False,False,build,
fcf_ps_slope,HIGH,6,drawdown,10-20,launch_300,10,0.9708513263417643,3785,0.1002118083134763,7,0.0018494055482166448,0.004103786073603389,0.45065837132995273,0.21837100185615585,0.9290933892781592,,0,False,False,build,
fcf_ps_slope,HIGH,6,drawdown,20-30,win_50,10,0.9856122700249762,2809,0.10025697765722036,476,0.1694553221787113,0.1871653936754943,0.9053774250196669,0.8336772037678489,0.9819014046597105,-0.12727272727272726,10,True,False,build,
fcf_ps_slope,HIGH,6,drawdown,20-30,win_100,10,0.9856122700249762,2809,0.10025697765722036,98,0.034887860448558204,0.0395460061389107,0.8822094531116461,0.7260468017652403,1.0704965747642146,0.4,5,False,False,build,
fcf_ps_slope,HIGH,6,drawdown,20-30,launch_300,10,0.9856122700249762,2809,0.10025697765722036,9,0.003203987184051264,0.00488971375544293,0.6552504592901336,0.3449206162714201,1.2430883584904522,,0,False,False,build,
fcf_ps_slope,HIGH,6,drawdown,>30,win_50,10,0.9738817855030258,2144,0.10017287296173434,625,0.29151119402985076,0.2946315937018175,0.9894091477673479,0.9254303106899179,1.055919190258091,-0.503030303030303,10,True,False,build,
fcf_ps_slope,HIGH,6,drawdown,>30,win_100,10,0.9738817855030258,2144,0.10017287296173434,215,0.10027985074626866,0.09774330701303556,1.0259510733854627,0.9030963205348087,1.1634340965032173,-0.3090909090909091,10,True,False,build,
fcf_ps_slope,HIGH,6,drawdown,>30,launch_300,10,0.9738817855030258,2144,0.10017287296173434,59,0.02751865671641791,0.028967901696023923,0.9499706608088588,0.7385399248049822,1.2197447773919476,,0,False,False,build,
fcf_ps_slope,HIGH,6,mst,0-12,win_50,10,0.96873330757731,28894,0.10020183244439204,2932,0.10147435453727417,0.11901178396299045,0.8526412356681423,0.8238300970495186,0.8823426552542524,-0.2,10,True,False,build,
fcf_ps_slope,HIGH,6,mst,0-12,win_100,10,0.96873330757731,28894,0.10020183244439204,690,0.023880390392469024,0.028086614555517794,0.8502409696001461,0.78977980133326,0.915209033021111,-0.2,10,True,False,build,
fcf_ps_slope,HIGH,6,mst,0-12,launch_300,10,0.96873330757731,28894,0.10020183244439204,161,0.005572091091576106,0.007282613972908676,0.765122401421287,0.6559538733116713,0.8923408988376913,-0.15151515151515152,10,True,False,build,
fcf_ps_slope,HIGH,6,mst,13-24,win_50,10,0.9838181978954815,3345,0.10021571094733057,381,0.11390134529147983,0.12148720714242915,0.9375583484929749,0.8525611817227429,1.0298467207342363,-0.07878787878787878,10,True,False,build,
fcf_ps_slope,HIGH,6,mst,13-24,win_100,10,0.9838181978954815,3345,0.10021571094733057,59,0.01763826606875934,0.025735514410689674,0.6853667576752611,0.5323044170813351,0.8814294087180804,,3,False,False,build,
fcf_ps_slope,HIGH,6,mst,13-24,launch_300,10,0.9838181978954815,3345,0.10021571094733057,5,0.0014947683109118087,0.003505302894121877,0.4264305699283278,0.18219235762613345,0.9969377477779564,,0,False,False,build,
fcf_ps_slope,HIGH,6,mst,>24,win_50,10,0.9682875948056988,6002,0.10024049702718953,526,0.08763745418193936,0.09967265682410315,0.8792527155827414,0.8101015017432198,0.9536963640023426,-0.2606060606060606,10,True,False,build,
fcf_ps_slope,HIGH,6,mst,>24,win_100,10,0.9682875948056988,6002,0.10024049702718953,128,0.021326224591802733,0.02087647805464627,1.0215432189270244,0.8605787280320641,1.2118392401737772,-0.3,9,True,False,build,
fcf_ps_slope,HIGH,6,mst,>24,launch_300,10,0.9682875948056988,6002,0.10024049702718953,18,0.002999000333222259,0.0034905471307368563,0.8591777222584497,0.5437271391563552,1.356772811627018,,0,False,False,build,
fcf_ps_slope,HIGH,12,all,ALL,win_50,10,0.9453014393956725,37264,0.10019655345796956,3726,0.09998926577930442,0.11483992051819128,0.8706838643576522,0.8445195499335464,0.8975662552712171,0.04242424242424243,10,True,False,build,
fcf_ps_slope,HIGH,12,all,ALL,win_100,10,0.9453014393956725,37264,0.10019655345796956,829,0.02224667239158437,0.025987539962732818,0.8560514932728145,0.8002966652441863,0.9155962452548484,-0.16363636363636364,10,True,False,build,
fcf_ps_slope,HIGH,12,all,ALL,launch_300,10,0.9453014393956725,37264,0.10019655345796956,180,0.004830399313009876,0.006031045228805971,0.8009224155604948,0.6923634959827137,0.9264072960896288,0.07878787878787878,10,True,False,build,
fcf_ps_slope,HIGH,12,drawdown,0-10,win_50,10,0.9428615583928766,28730,0.10019390118014675,2353,0.08190045248868778,0.09965683676031582,0.821824725238532,0.7905656490672596,0.8542055746944205,-0.04242424242424243,10,True,False,build,
fcf_ps_slope,HIGH,12,drawdown,0-10,win_100,10,0.9428615583928766,28730,0.10019390118014675,461,0.016045945005221024,0.021036185587143933,0.7627782583847973,0.6967210652883026,0.8349867900737906,-0.23636363636363636,10,True,False,build,
fcf_ps_slope,HIGH,12,drawdown,0-10,launch_300,10,0.9428615583928766,28730,0.10019390118014675,90,0.003132613992342499,0.004791730602907123,0.653754196957975,0.53206246505015,0.8031715057220178,0.2,6,False,False,build,
fcf_ps_slope,HIGH,12,drawdown,10-20,win_50,10,0.9504421139214476,3705,0.10020012981393336,249,0.06720647773279352,0.08002488100389442,0.8398197771705891,0.7445720187205876,0.9462707753823328,0.06666666666666667,10,True,False,build,
fcf_ps_slope,HIGH,12,drawdown,10-20,win_100,10,0.9504421139214476,3705,0.10020012981393336,45,0.012145748987854251,0.01536131544785807,0.7906711524205965,0.5917323131316636,1.0553984337151359,,0,False,False,build,
fcf_ps_slope,HIGH,12,drawdown,10-20,launch_300,10,0.9504421139214476,3705,0.10020012981393336,8,0.0021592442645074223,0.0040025962786672436,0.5394609184082868,0.2734562674903071,1.063119383264684,,0,False,False,build,
fcf_ps_slope,HIGH,12,drawdown,20-30,win_50,10,0.9644703978611883,2747,0.1001933107196265,461,0.16781943938842372,0.18638071269650217,0.9004120488673999,0.8279315823094718,0.9778702744573794,0.2727272727272727,10,True,False,build,
fcf_ps_slope,HIGH,12,drawdown,20-30,win_100,10,0.9644703978611883,2747,0.1001933107196265,84,0.030578813250819074,0.03942809205967101,0.7755590406084242,0.628156793814434,0.9562132703092145,-0.02857142857142857,6,False,False,build,
fcf_ps_slope,HIGH,12,drawdown,20-30,launch_300,10,0.9644703978611883,2747,0.1001933107196265,14,0.005096468875136513,0.004887478571689098,1.0427603518628192,0.6216553495024142,1.7466763621546824,,0,False,False,build,
fcf_ps_slope,HIGH,12,drawdown,>30,win_50,10,0.9451699504026937,2082,0.1002310803004044,663,0.3184438040345821,0.2919795879067976,1.090637213092554,1.0232993696170662,1.1602654151030294,0.3212121212121212,10,True,False,build,
fcf_ps_slope,HIGH,12,drawdown,>30,win_100,10,0.9451699504026937,2082,0.1002310803004044,239,0.11479346781940442,0.09551319083381475,1.2018598354559822,1.0658678873643455,1.3527068698208604,0.06666666666666667,10,True,False,build,
fcf_ps_slope,HIGH,12,drawdown,>30,launch_300,10,0.9451699504026937,2082,0.1002310803004044,68,0.03266090297790586,0.028259195070286926,1.1557619704549582,0.9145761534334107,1.4578618012169118,,0,False,False,build,
fcf_ps_slope,HIGH,12,mst,0-12,win_50,10,0.9420691045302605,28098,0.10019934313050735,2860,0.1017866040287565,0.1175125971307427,0.8661761080432109,0.8365520603815779,0.8967266075407428,0.04242424242424243,10,True,False,build,
fcf_ps_slope,HIGH,12,mst,0-12,win_100,10,0.9420691045302605,28098,0.10019934313050735,651,0.023168908819133034,0.02719482492395363,0.8519602124272363,0.7896346031209155,0.9190795090601457,-0.11515151515151516,10,True,False,build,
fcf_ps_slope,HIGH,12,mst,0-12,launch_300,10,0.9420691045302605,28098,0.10019934313050735,147,0.00523168908819133,0.006893206999475788,0.7589630035176932,0.6460213803089403,0.8915279230010149,-0.030303030303030304,10,True,False,build,
fcf_ps_slope,HIGH,12,mst,13-24,win_50,10,0.9730892799245439,3307,0.10016962500757254,352,0.1064408829755065,0.12155449203368268,0.8756639198986722,0.7929170354615896,0.9659240357281029,0.06666666666666667,10,True,False,build,
fcf_ps_slope,HIGH,12,mst,13-24,win_100,10,0.9730892799245439,3307,0.10016962500757254,69,0.02086483217417599,0.025686072575271095,0.8123013790073658,0.643168793913611,1.024720032662738,,4,False,False,build,
fcf_ps_slope,HIGH,12,mst,13-24,launch_300,10,0.9730892799245439,3307,0.10016962500757254,10,0.0030238887208950713,0.0033622099715272307,0.8993753354200891,0.4887772461917107,1.6529768691744262,,0,False,False,build,
fcf_ps_slope,HIGH,12,mst,>24,win_50,10,0.9456150848197681,5859,0.10019837876663132,514,0.08772828127666837,0.09823169271813113,0.8930751252388417,0.8220556424426819,0.9695944467048557,0.030303030303030304,10,True,False,build,
fcf_ps_slope,HIGH,12,mst,>24,win_100,10,0.9456150848197681,5859,0.10019837876663132,109,0.018603857313534734,0.02036802681533673,0.9133853505891101,0.7583546296135937,1.099388244980074,-0.5952380952380952,8,True,False,build,
fcf_ps_slope,HIGH,12,mst,>24,launch_300,10,0.9456150848197681,5859,0.10019837876663132,23,0.003925584570745861,0.0034032219447959777,1.1534906140190628,0.7690711420137644,1.7289282166350641,,0,False,False,build,
pegy,LOW,0,all,ALL,win_50,1,0.4507471487866934,17801,0.10037950343132003,2147,0.12061120161788663,0.0927274060122817,1.3007071674356094,1.2499935840597638,1.35318623757887,-0.9757575757575757,10,True,False,build,
pegy,LOW,0,all,ALL,win_100,1,0.4507471487866934,17801,0.10037950343132003,467,0.026234481208920846,0.015191415215098937,1.7269280601879717,1.5789690435019774,1.8883442329256237,-0.7696969696969697,10,True,True,build,
pegy,LOW,0,all,ALL,launch_300,1,0.4507471487866934,17801,0.10037950343132003,110,0.006179428122015617,0.0028194905744430097,2.191682489747767,1.8194659155358297,2.639475534215951,,1,True,False,build,
pegy,LOW,0,drawdown,0-10,win_50,1,0.46341423315062097,14145,0.1003661288262591,1496,0.1057617532697066,0.08032838066045099,1.3166175192397165,1.254853341233698,1.3810466839518007,-1.0,10,True,False,build,
pegy,LOW,0,drawdown,0-10,win_100,1,0.46341423315062097,14145,0.1003661288262591,287,0.020289855072463767,0.011544410858983637,1.757547900911253,1.5672785088327827,1.9703811029188476,-0.9,9,True,True,build,
pegy,LOW,0,drawdown,0-10,launch_300,1,0.46341423315062097,14145,0.1003661288262591,53,0.0037469070342877344,0.001688733733520655,2.2187672099592755,1.6970968963493942,2.900006093225857,,0,False,False,build,
pegy,LOW,0,drawdown,10-20,win_50,1,0.46141784906436356,1803,0.1004400869032366,144,0.07986688851913477,0.06540025625313353,1.2212014615051008,1.043247045296661,1.4264716571873384,-0.6,9,True,False,build,
pegy,LOW,0,drawdown,10-20,win_100,1,0.46141784906436356,1803,0.1004400869032366,14,0.00776483638380477,0.008021837223553005,0.9679623467061073,0.5772969135629047,1.6195463123780631,,0,False,False,build,
pegy,LOW,0,drawdown,10-20,launch_300,1,0.46141784906436356,1803,0.1004400869032366,5,0.0027731558513588465,0.0015598016823575288,1.7778900245622378,0.7597698056235953,4.1514846449226885,,0,False,False,build,
pegy,LOW,0,drawdown,20-30,win_50,1,0.34129524747599116,975,0.10049474335188621,149,0.15282051282051282,0.15862708719851576,0.9633948118158645,0.8296251242357474,1.1143432089385543,-0.5636363636363636,10,True,False,build,
pegy,LOW,0,drawdown,20-30,win_100,1,0.34129524747599116,975,0.10049474335188621,20,0.020512820512820513,0.025252525252525252,0.8123076923076923,0.5273752234335272,1.2462743864670494,,0,False,False,build,
pegy,LOW,0,drawdown,20-30,launch_300,1,0.34129524747599116,975,0.10049474335188621,3,0.003076923076923077,0.0015460729746444033,1.9901538461538462,0.6771810553769111,5.825869614031023,,0,False,False,build,
pegy,LOW,0,drawdown,>30,win_50,1,0.3981435136733858,878,0.10034285714285714,358,0.40774487471526194,0.2754285714285714,1.4804015160823827,1.3640930154256963,1.5996282310646586,-0.9636363636363636,10,True,False,build,
pegy,LOW,0,drawdown,>30,win_100,1,0.3981435136733858,878,0.10034285714285714,146,0.1662870159453303,0.07748571428571428,2.146034497819528,1.8470882583603907,2.482502837168113,,1,True,False,build,
pegy,LOW,0,drawdown,>30,launch_300,1,0.3981435136733858,878,0.10034285714285714,49,0.05580865603644647,0.025028571428571428,2.2297979009995736,1.6968542343975361,2.9173630031178064,,0,False,False,build,
pegy,LOW,0,mst,0-12,win_50,1,0.44010212823140105,13151,0.10038701403784646,1634,0.12424910653182268,0.09444058533010695,1.3156325333808896,1.2570955596001132,1.376493217113738,-0.9636363636363636,10,True,False,build,
pegy,LOW,0,mst,0-12,win_100,1,0.44010212823140105,13151,0.10038701403784646,376,0.028590981674397383,0.015785898032869478,1.8111723270266344,1.6392758862450847,2.0005096785526626,-0.9393939393939394,10,True,True,build,
pegy,LOW,0,mst,0-12,launch_300,1,0.44010212823140105,13151,0.10038701403784646,98,0.0074519047981142115,0.003396868773997542,2.1937570432974294,1.8013836020436518,2.670816254480218,,0,False,False,build,
pegy,LOW,0,mst,13-24,win_50,1,0.4026586494532378,1372,0.1004318863919186,97,0.0706997084548105,0.09786984847375742,0.7223849792080524,0.5957023089022881,0.8735622330542889,-0.43333333333333335,9,False,False,build,
pegy,LOW,0,mst,13-24,win_100,1,0.4026586494532378,1372,0.1004318863919186,9,0.006559766763848397,0.015445428592343166,0.42470603678167274,0.22368613308805405,0.8041249282131622,,0,False,False,build,
pegy,LOW,0,mst,13-24,launch_300,1,0.4026586494532378,1372,0.1004318863919186,1,0.0007288629737609329,0.0004392065002562038,1.6594995140913509,0.2929687952279896,9.373863244449824,,0,False,False,build,
pegy,LOW,0,mst,>24,win_50,1,0.5283729805779711,3278,0.10032748752792826,416,0.12690665039658328,0.08370826064334466,1.5160588623062397,1.3851275300850536,1.657424361383395,-0.8424242424242424,10,True,True,build,
pegy,LOW,0,mst,>24,win_100,1,0.5283729805779711,3278,0.10032748752792826,82,0.025015253203172667,0.012701619073853029,1.9694538985717123,1.5902945781773075,2.4361577794851366,,0,False,False,build,
pegy,LOW,0,mst,>24,launch_300,1,0.5283729805779711,3278,0.10032748752792826,11,0.003355704697986577,0.0014997092400452973,2.2375701958635803,1.2501310174519586,4.000268650720752,,0,False,False,build,
pegy,LOW,3,all,ALL,win_50,1,0.450825943181616,17801,0.1003619593162239,2213,0.124318858491096,0.09524265932975509,1.3052854610104017,1.2552444646362457,1.3570285216559324,-0.8909090909090909,10,True,False,build,
pegy,LOW,3,all,ALL,win_100,1,0.450825943181616,17801,0.1003619593162239,495,0.02780742654907028,0.01604573542014343,1.7330104118606808,1.5887120603665594,1.890007122300544,-0.9515151515151515,10,True,True,build,
pegy,LOW,3,all,ALL,launch_300,1,0.450825943181616,17801,0.1003619593162239,131,0.007359137127127689,0.0030332416219385682,2.426162516662424,2.0458364131810645,2.876571428924445,,1,True,False,build,
pegy,LOW,3,drawdown,0-10,win_50,1,0.46350630176804625,14146,0.10035328670138051,1523,0.10766294358829351,0.08141910585831642,1.3223302129557402,1.2608993642370894,1.3863774825851543,-0.9030303030303031,10,True,False,build,
pegy,LOW,3,drawdown,0-10,win_100,1,0.46350630176804625,14146,0.10035328670138051,292,0.020641877562561854,0.011605964728082745,1.778557668076922,1.5876059405107348,1.991935480182214,-0.7818181818181819,10,True,True,build,
pegy,LOW,3,drawdown,0-10,launch_300,1,0.46350630176804625,14146,0.10035328670138051,59,0.004170790329421745,0.001688398291738199,2.4702644807392775,1.9160324405000886,3.183949197811606,,0,False,False,build,
pegy,LOW,3,drawdown,10-20,win_50,1,0.44697203372403865,1744,0.10029328886077406,131,0.07511467889908256,0.0633733969750992,1.1852714622288083,1.0044679003399677,1.3955456180390517,-0.7142857142857143,7,True,False,build,
pegy,LOW,3,drawdown,10-20,win_100,1,0.44697203372403865,1744,0.10029328886077406,16,0.009174311926605505,0.007993559146586922,1.1477130222427565,0.7074430627958792,1.857888173906901,,0,False,False,build,
pegy,LOW,3,drawdown,10-20,launch_300,1,0.44697203372403865,1744,0.10029328886077406,8,0.0045871559633027525,0.00155270573350969,2.9542983350322802,1.498157691393097,5.81293698682848,,0,False,False,build,
pegy,LOW,3,drawdown,20-30,win_50,1,0.32609842755127166,932,0.1005393743257821,157,0.1684549356223176,0.15900755124056096,1.059414690107791,0.9169265347310375,1.2190206759652347,-0.3939393939393939,10,True,False,build,
pegy,LOW,3,drawdown,20-30,win_100,1,0.32609842755127166,932,0.1005393743257821,21,0.022532188841201718,0.02524271844660194,0.8926213271706834,0.5856729212646762,1.354855581376954,,0,False,False,build,
pegy,LOW,3,drawdown,20-30,launch_300,1,0.32609842755127166,932,0.1005393743257821,1,0.001072961373390558,0.0016181229773462784,0.6630901287553648,0.11706721006384414,3.7404468532224144,,0,False,False,build,
pegy,LOW,3,drawdown,>30,win_50,1,0.4435091231742276,979,0.10044116138298964,402,0.41062308478038817,0.29137170411408636,1.4092757772374802,1.3049132745540446,1.5160361226992674,-0.8909090909090909,10,True,False,build,
pegy,LOW,3,drawdown,>30,win_100,1,0.4435091231742276,979,0.10044116138298964,166,0.16956077630234934,0.08587257617728532,1.9745625885531648,1.715996645170396,2.263208669490916,,2,True,False,build,
pegy,LOW,3,drawdown,>30,launch_300,1,0.4435091231742276,979,0.10044116138298964,63,0.06435137895812053,0.02646968297937827,2.4311352352899256,1.912351417556771,3.078575134693359,,0,False,False,build,
pegy,LOW,3,mst,0-12,win_50,1,0.44714360102800127,13360,0.10037641154328733,1718,0.1285928143712575,0.09776932959676632,1.3152674248828096,1.2582995983011014,1.3744192006753069,-0.9515151515151515,10,True,False,build,
pegy,LOW,3,mst,0-12,win_100,1,0.44714360102800127,13360,0.10037641154328733,402,0.030089820359281438,0.016904710027873988,1.7799666666666667,1.6164342614865785,1.9594799999420776,-0.9636363636363636,10,True,True,build,
pegy,LOW,3,mst,0-12,launch_300,1,0.44714360102800127,13360,0.10037641154328733,119,0.008907185628742514,0.003696496592761779,2.40962906504065,2.0151865449834845,2.8804495599898683,,1,True,False,build,
pegy,LOW,3,mst,13-24,win_50,1,0.36142305538361774,1232,0.10047300603490458,98,0.07954545454545454,0.09435654868700048,0.8430305649406773,0.6963992423335239,1.0173638431487873,-0.32142857142857145,7,False,False,build,
pegy,LOW,3,mst,13-24,win_100,1,0.36142305538361774,1232,0.10047300603490458,11,0.008928571428571428,0.014190181047137498,0.6292077175697864,0.35184981486946215,1.1217051200186514,,0,False,False,build,
pegy,LOW,3,mst,13-24,launch_300,1,0.36142305538361774,1232,0.10047300603490458,1,0.0008116883116883117,0.00016310552927744252,4.976461038961039,0.8785556770750091,28.10087703563329,,0,False,False,build,
pegy,LOW,3,mst,>24,win_50,1,0.5176027297572651,3209,0.10025931827412754,397,0.12371455282019321,0.08507513981316588,1.4541798355181506,1.3255397643000246,1.5933966421453014,-0.8666666666666667,10,True,False,build,
pegy,LOW,3,mst,>24,win_100,1,0.5176027297572651,3209,0.10025931827412754,82,0.025553131816765346,0.01318461586527947,1.9381021091450437,1.5650527029393597,2.3972027274921373,,0,False,False,build,
pegy,LOW,3,mst,>24,launch_300,1,0.5176027297572651,3209,0.10025931827412754,11,0.003427859146151449,0.0013746992845315087,2.4935338111561234,1.3931538912790091,4.457710416553108,,0,False,False,build,
pegy,LOW,6,all,ALL,win_50,1,0.44794613513492904,17686,0.10035464011121514,2219,0.12546647065475516,0.09721111016540415,1.2906597861219224,1.241275764494272,1.3417171202063607,-0.9030303030303031,10,True,False,build,
pegy,LOW,6,all,ALL,win_100,1,0.44794613513492904,17686,0.10035464011121514,472,0.02668777564175054,0.016234005730984196,1.6439427263977304,1.5038376575102208,1.7967104355819585,-0.793939393939394,10,True,True,build,
pegy,LOW,6,all,ALL,launch_300,1,0.44794613513492904,17686,0.10035464011121514,114,0.006445776320253308,0.003086787528016569,2.088182701837944,1.739286299502039,2.506522408841819,,1,True,False,build,
pegy,LOW,6,drawdown,0-10,win_50,1,0.46029705281779293,14046,0.10033860528910034,1537,0.10942617115192937,0.08297258297258298,1.318823245361514,1.2578850954208445,1.382335482709897,-0.8181818181818182,10,True,False,build,
pegy,LOW,6,drawdown,0-10,win_100,1,0.46029705281779293,14046,0.10033860528910034,275,0.01957852769471736,0.011472575829011473,1.7065502975546103,1.517985702028299,1.918013878148711,-0.7833333333333333,9,True,True,build,
pegy,LOW,6,drawdown,0-10,launch_300,1,0.46029705281779293,14046,0.10033860528910034,61,0.004342873415919123,0.001743031446001743,2.4915634344297306,1.9406793092104995,3.1979477387374655,,0,False,False,build,
pegy,LOW,6,drawdown,10-20,win_50,1,0.4278994447871684,1671,0.100378446566949,125,0.07480550568521843,0.06397549107947378,1.1692838057669777,0.9869999962230435,1.3820554433240486,-0.8857142857142857,6,True,False,build,
pegy,LOW,6,drawdown,10-20,win_100,1,0.4278994447871684,1671,0.100378446566949,19,0.011370436864153202,0.008650207244548567,1.3144698783163775,0.8429004195218853,2.045162185114562,,0,False,False,build,
pegy,LOW,6,drawdown,10-20,launch_300,1,0.4278994447871684,1671,0.100378446566949,7,0.004189108318372232,0.0016219138583528565,2.58281800651639,1.2520238717300407,5.315911579203106,,0,False,False,build,
pegy,LOW,6,drawdown,20-30,win_50,1,0.3209272874379991,917,0.10051518140962402,165,0.17993456924754633,0.15871971939055135,1.1336623447827108,0.9855314901225092,1.2986179720483981,-0.6484848484848484,10,True,False,build,
pegy,LOW,6,drawdown,20-30,win_100,1,0.3209272874379991,917,0.10051518140962402,36,0.03925845147219193,0.02488216595418174,1.5777746818537752,1.1450135963926538,2.165029375290705,,0,False,False,build,
pegy,LOW,6,drawdown,20-30,launch_300,1,0.3209272874379991,917,0.10051518140962402,2,0.0021810250817884407,0.0014249698564068837,1.5305762939350727,0.4198823155739134,5.556059052140955,,0,False,False,build,
pegy,LOW,6,drawdown,>30,win_50,1,0.47681667197524685,1052,0.10039125870789198,392,0.3726235741444867,0.28666857524572953,1.2998410231225288,1.1997103741709634,1.403204900914375,-0.9636363636363636,10,True,False,build,
pegy,LOW,6,drawdown,>30,win_100,1,0.47681667197524685,1052,0.10039125870789198,142,0.13498098859315588,0.08435919457963546,1.6000744111625345,1.3709868867398445,1.860647431157435,,4,True,False,build,
pegy,LOW,6,drawdown,>30,launch_300,1,0.47681667197524685,1052,0.10039125870789198,44,0.04182509505703422,0.02481152781753984,1.6857121965486983,1.2616103308369713,2.2441849740930784,,0,False,False,build,
pegy,LOW,6,mst,0-12,win_50,1,0.45151764567550773,13488,0.10035639615776669,1711,0.12685349940688018,0.10027455152863446,1.2650617477023152,1.2101075805597563,1.32213497653544,-0.8666666666666667,10,True,False,build,
pegy,LOW,6,mst,0-12,win_100,1,0.45151764567550773,13488,0.10035639615776669,379,0.028099051008303677,0.017120408330295163,1.6412605626106138,1.4860443584357979,1.8121728642742847,-0.7818181818181819,10,True,True,build,
pegy,LOW,6,mst,0-12,launch_300,1,0.45151764567550773,13488,0.10035639615776669,97,0.007191577698695137,0.003668127469289663,1.9605582845483267,1.6082344702360418,2.3893868941898395,,0,False,False,build,
pegy,LOW,6,mst,13-24,win_50,1,0.32110118784448966,1095,0.10051404442812557,101,0.09223744292237443,0.0927115843583624,0.9948858447488585,0.8250838663845361,1.195439194543175,,4,True,False,build,
pegy,LOW,6,mst,13-24,win_100,1,0.32110118784448966,1095,0.10051404442812557,20,0.0182648401826484,0.013952634477694143,1.3090603220379715,0.8496144525553454,2.009909532028864,,0,False,False,build,
pegy,LOW,6,mst,13-24,launch_300,1,0.32110118784448966,1095,0.10051404442812557,1,0.0009132420091324201,9.179364787956673e-05,9.948858447488584,1.7564159970018602,56.15626334222308,,0,False,False,build,
pegy,LOW,6,mst,>24,win_50,1,0.500347688277245,3103,0.10029088558500324,407,0.13116339026748308,0.08548804137039431,1.5342893364370231,1.4006674948813498,1.6785804735766146,-0.8787878787878788,10,True,True,build,
pegy,LOW,6,mst,>24,win_100,1,0.500347688277245,3103,0.10029088558500324,73,0.0235256203673864,0.013186813186813187,1.7840262111934686,1.4220840781157547,2.235320861558841,,0,False,False,build,
pegy,LOW,6,mst,>24,launch_300,1,0.500347688277245,3103,0.10029088558500324,16,0.00515630035449565,0.0016160310277957336,3.190718659361908,1.9655765034615031,5.173086685271667,,0,False,False,build,
pegy,LOW,12,all,ALL,win_50,1,0.44094360100551816,17410,0.10035738990085312,2203,0.12653647329121195,0.10089347475213281,1.2541591376655117,1.2060284319275572,1.3039229581978538,-0.9151515151515152,10,True,False,build,
pegy,LOW,12,all,ALL,win_100,1,0.44094360100551816,17410,0.10035738990085312,526,0.030212521539345203,0.016520636384597647,1.828774681313889,1.6810315231542623,1.9890638677740777,-0.7454545454545455,10,True,True,build,
pegy,LOW,12,all,ALL,launch_300,1,0.44094360100551816,17410,0.10035738990085312,112,0.006433084434233199,0.003089693336407655,2.0821109844230885,1.731417891062073,2.5032834882695387,,1,True,False,build,
pegy,LOW,12,drawdown,0-10,win_50,1,0.44837416686121645,13687,0.1003740099735993,1492,0.1090085482574706,0.08476826048694631,1.285959480957582,1.2256562347346347,1.3488511190952874,-0.8424242424242424,10,True,False,build,
pegy,LOW,12,drawdown,0-10,win_100,1,0.44837416686121645,13687,0.1003740099735993,317,0.02316066340322934,0.011344969199178644,2.041491959705464,1.8308885928120635,2.2756818970098043,-0.8333333333333334,8,True,True,build,
pegy,LOW,12,drawdown,0-10,launch_300,1,0.44837416686121645,13687,0.1003740099735993,68,0.004968218017096515,0.0018407157524200646,2.699068561001119,2.130262744079298,3.4187928489535446,,0,False,False,build,
pegy,LOW,12,drawdown,10-20,win_50,1,0.39923915278634586,1558,0.10030903940252382,125,0.08023106546854943,0.06464074169456606,1.2411841721688344,1.0481278131217129,1.4661848184068549,,4,True,False,build,
pegy,LOW,12,drawdown,10-20,win_100,1,0.39923915278634586,1558,0.10030903940252382,26,0.01668806161745828,0.007725985063095545,2.1599914420196833,1.4772940594764532,3.150413906720992,,0,False,False,build,
pegy,LOW,12,drawdown,10-20,launch_300,1,0.39923915278634586,1558,0.10030903940252382,2,0.0012836970474967907,0.000708215297450425,1.8125802310654684,0.49717458239175055,6.591982820511756,,0,False,False,build,
pegy,LOW,12,drawdown,20-30,win_50,1,0.3744679354135153,1069,0.100422733677783,222,0.2076707202993452,0.17022076092062,1.2200081774760099,1.0834285695931205,1.3688862366500374,-0.8909090909090909,10,True,False,build,
pegy,LOW,12,drawdown,20-30,win_100,1,0.3744679354135153,1069,0.100422733677783,48,0.04490177736202058,0.023767026773132926,1.8892467194415377,1.431932886078213,2.4836869041634455,,0,False,False,build,
pegy,LOW,12,drawdown,20-30,launch_300,1,0.3744679354135153,1069,0.100422733677783,2,0.0018709073900841909,0.0017848755284170972,1.0482004824971691,0.2875384308468159,3.8074566674202797,,0,False,False,build,
pegy,LOW,12,drawdown,>30,win_50,1,0.4979296537288984,1096,0.10015535045234396,364,0.33211678832116787,0.2858448323128941,1.161877881904904,1.0665324372156453,1.2613260573940073,-0.8909090909090909,10,True,False,build,
pegy,LOW,12,drawdown,>30,win_100,1,0.4979296537288984,1096,0.10015535045234396,135,0.12317518248175183,0.08644795759846477,1.4248478032746408,1.2148866680729475,1.665258487044734,-0.9,5,True,False,build,
pegy,LOW,12,drawdown,>30,launch_300,1,0.4979296537288984,1096,0.10015535045234396,40,0.0364963503649635,0.023302567851594628,1.5661943609560611,1.1550320600349433,2.116302478298566,,0,False,False,build,
pegy,LOW,12,mst,0-12,win_50,1,0.4555893370063662,13609,0.10035173619048321,1673,0.12293335292820927,0.10346353225723198,1.1881805139087194,1.1358854885725946,1.2425324157430095,-0.8787878787878788,10,True,False,build,
pegy,LOW,12,mst,0-12,win_100,1,0.4555893370063662,13609,0.10035173619048321,426,0.031302814314056876,0.01735084394563943,1.804109034242327,1.6429669531909783,1.980496877443874,-0.806060606060606,10,True,True,build,
pegy,LOW,12,mst,0-12,launch_300,1,0.4555893370063662,13609,0.10035173619048321,99,0.007274597692703358,0.0036648403914079034,1.984969852918673,1.6315394162633594,2.41428028315307,,0,False,False,build,
pegy,LOW,12,mst,13-24,win_50,1,0.29819907448344973,1016,0.10042502718197094,160,0.15748031496062992,0.1117920332114263,1.4086899615001707,1.2199238290418593,1.6205378157757828,-0.7714285714285715,6,True,False,build,
pegy,LOW,12,mst,13-24,win_100,1,0.29819907448344973,1016,0.10042502718197094,32,0.031496062992125984,0.01591380844123752,1.9791656477722894,1.4074152320810582,2.7727013035341086,,0,False,False,build,
pegy,LOW,12,mst,13-24,launch_300,1,0.29819907448344973,1016,0.10042502718197094,3,0.002952755905511811,0.0008895917762182465,3.319225721784777,1.1293950789587979,9.718264801571337,,0,False,False,build,
pegy,LOW,12,mst,>24,win_50,1,0.44876045086275207,2785,0.10036036036036036,370,0.13285457809694792,0.08436036036036036,1.5748460240026931,1.4313956887021604,1.7302858862870583,-0.8545454545454545,10,True,True,build,
pegy,LOW,12,mst,>24,win_100,1,0.44876045086275207,2785,0.10036036036036036,68,0.024416517055655295,0.012684684684684684,1.924881671291007,1.5220063948851859,2.431044847216977,,0,False,False,build,
pegy,LOW,12,mst,>24,launch_300,1,0.44876045086275207,2785,0.10036036036036036,10,0.003590664272890485,0.001081081081081081,3.3213644524236985,1.8052036363201454,6.10250635377918,,0,False,False,build,
pct_from_52w_high,LOW,0,all,ALL,win_50,1,0.9927102475923228,39113,0.10014568786950054,2686,0.06867281977859024,0.11684986468182947,0.5877013205413587,0.5666130181704231,0.6095146279380591,1.0,10,True,False,build,
pct_from_52w_high,LOW,0,all,ALL,win_100,1,0.9927102475923228,39113,0.10014568786950054,488,0.012476670160816097,0.027048271588817112,0.46127421191579854,0.422338060699855,0.5037504856241913,1.0,10,True,False,build,
pct_from_52w_high,LOW,0,all,ALL,launch_300,1,0.9927102475923228,39113,0.10014568786950054,101,0.0025822616521361183,0.00649322384979555,0.39768560454256097,0.32739003346971485,0.48302725324025,1.0,9,True,False,build,
pct_from_52w_high,LOW,0,drawdown,0-10,win_50,1,0.9920722344067,30217,0.10015246428689802,1917,0.06344110930932918,0.10195552020151802,0.6222430054197753,0.5958269348709256,0.6497476343459649,1.0,10,True,False,build,
pct_from_52w_high,LOW,0,drawdown,0-10,win_100,1,0.9920722344067,30217,0.10015246428689802,334,0.011053380547373995,0.022210069271817307,0.4976742941274747,0.4473252753722512,0.5536200017832441,1.0,10,True,False,build,
pct_from_52w_high,LOW,0,drawdown,0-10,launch_300,1,0.9920722344067,30217,0.10015246428689802,53,0.001753979547936592,0.005263332339001028,0.3332450688966934,0.25484152951910677,0.43571453984106207,1.0,6,False,False,build,
pct_from_52w_high,LOW,0,drawdown,10-20,win_50,1,0.9933425868805265,3868,0.10009056799068443,170,0.04395036194415719,0.07993272092120585,0.5498419350378616,0.474527772639322,0.6364773932296288,0.9878787878787879,10,True,False,build,
pct_from_52w_high,LOW,0,drawdown,10-20,win_100,1,0.9933425868805265,3868,0.10009056799068443,27,0.006980351602895553,0.01537068184758701,0.45413415436683274,0.3124015757954145,0.659513993066908,,2,False,False,build,
pct_from_52w_high,LOW,0,drawdown,10-20,launch_300,1,0.9933425868805265,3868,0.10009056799068443,9,0.002326783867631851,0.004166127571484021,0.5585003886002043,0.29394965567117687,1.0600904033973182,,0,False,False,build,
pct_from_52w_high,LOW,0,drawdown,20-30,win_50,1,0.9952509937735252,2833,0.10013431358687969,336,0.11860218849276385,0.18715537961261133,0.6337097482223372,0.5728381991002601,0.7001003813050318,0.9030303030303031,10,True,False,build,
pct_from_52w_high,LOW,0,drawdown,20-30,win_100,1,0.9952509937735252,2833,0.10013431358687969,65,0.022943875750088244,0.03930439700268627,0.5837483207927128,0.45904494960620335,0.7413231870286789,0.5,5,False,False,build,
pct_from_52w_high,LOW,0,drawdown,20-30,launch_300,1,0.9952509937735252,2833,0.10013431358687969,7,0.0024708789269325803,0.004842358263820161,0.5102635518304859,0.24727917507140149,1.0515091628855917,,0,False,False,build,
pct_from_52w_high,LOW,0,drawdown,>30,win_50,1,0.9971333667015516,2195,0.10016427854339692,263,0.11981776765375854,0.29624897325910376,0.40444956259464954,0.3608182160657092,0.45256492591472053,1.0,10,True,False,build,
pct_from_52w_high,LOW,0,drawdown,>30,win_100,1,0.9971333667015516,2195,0.10016427854339692,62,0.02824601366742597,0.09843022725198504,0.2869648324098158,0.22448899123523489,0.3661869925330317,1.0,5,False,False,build,
pct_from_52w_high,LOW,0,drawdown,>30,launch_300,1,0.9971333667015516,2195,0.10016427854339692,32,0.01457858769931663,0.02966140366888747,0.4915002628351148,0.3487890247432123,0.6913935215419343,,2,False,False,build,
pct_from_52w_high,LOW,0,mst,0-12,win_50,1,0.9923202257571431,29585,0.10015945615632797,2061,0.06966368091938482,0.11979863158856927,0.5815064829674721,0.5577549734857518,0.6061907190594766,1.0,10,True,False,build,
pct_from_52w_high,LOW,0,mst,0-12,win_100,1,0.9923202257571431,29585,0.10015945615632797,368,0.012438735845867839,0.02843804061900135,0.43739778040673766,0.39516056813328654,0.4840867117294689,1.0,10,True,False,build,
pct_from_52w_high,LOW,0,mst,0-12,launch_300,1,0.9923202257571431,29585,0.10015945615632797,79,0.002670272097346628,0.007400661522992494,0.360815325636848,0.2896092078218413,0.4494705061010683,1.0,7,False,False,build,
pct_from_52w_high,LOW,0,mst,13-24,win_50,1,0.9958440180387302,3383,0.10013023145681643,264,0.07803724504877328,0.12158882377316048,0.6418126487872089,0.5713488242443988,0.7201489571928229,0.8787878787878788,10,True,False,build,
pct_from_52w_high,LOW,0,mst,13-24,win_100,1,0.9958440180387302,3383,0.10013023145681643,49,0.014484185634052616,0.02586870301308234,0.5599115512953109,0.4242047893883786,0.7381938412140777,,3,False,False,build,
pct_from_52w_high,LOW,0,mst,13-24,launch_300,1,0.9958440180387302,3383,0.10013023145681643,8,0.0023647650014779783,0.0036997572959213874,0.6391676027194798,0.3240092998671286,1.2594448721740836,,0,False,False,build,
pct_from_52w_high,LOW,0,mst,>24,win_50,1,0.9928683474295324,6145,0.1000879536126132,361,0.05874694873881204,0.10005537820053424,0.5871443374195188,0.531091841692846,0.6487071956830371,0.9878787878787879,10,True,False,build,
pct_from_52w_high,LOW,0,mst,>24,win_100,1,0.9928683474295324,6145,0.1000879536126132,71,0.011554109031733116,0.021011140790931006,0.5499039365211522,0.43647093875454257,0.6923838294177841,1.0,6,False,False,build,
pct_from_52w_high,LOW,0,mst,>24,launch_300,1,0.9928683474295324,6145,0.1000879536126132,14,0.002278275020341741,0.003664733858883315,0.6216754362173401,0.3704620471624496,1.0425869511636154,,0,False,False,build,
pct_from_52w_high,LOW,3,all,ALL,win_50,1,0.9828634899816739,38728,0.1001533540046601,3058,0.07896095847965297,0.11648439176905352,0.6778672857407715,0.6551665928250615,0.7012849679508386,0.9878787878787879,10,True,False,build,
pct_from_52w_high,LOW,3,all,ALL,win_100,1,0.9828634899816739,38728,0.1001533540046601,514,0.0132720512290849,0.0268408299218748,0.49447246108692094,0.4537723500776237,0.5387696379088788,1.0,10,True,False,build,
pct_from_52w_high,LOW,3,all,ALL,launch_300,1,0.9828634899816739,38728,0.1001533540046601,100,0.00258211113406321,0.006372078709654061,0.40522273055905056,0.3332723637654506,0.49265763731882334,1.0,10,True,False,build,
pct_from_52w_high,LOW,3,drawdown,0-10,win_50,1,0.9813100706626638,29889,0.10015179083022548,2098,0.07019304760948844,0.10143179297473169,0.6920221515454693,0.6640096748842719,0.7211237045375417,0.9878787878787879,10,True,False,build,
pct_from_52w_high,LOW,3,drawdown,0-10,win_100,1,0.9813100706626638,29889,0.10015179083022548,319,0.010672822777610492,0.02190747125859059,0.4871773036527596,0.43679838200999244,0.5432969414273339,0.9878787878787879,10,True,False,build,
pct_from_52w_high,LOW,3,drawdown,0-10,launch_300,1,0.9813100706626638,29889,0.10015179083022548,57,0.001907056107598113,0.005126710159933252,0.37198438142696605,0.28719499420794176,0.48174446249472275,,4,False,False,build,
pct_from_52w_high,LOW,3,drawdown,10-20,win_50,1,0.9847316471314004,3837,0.10015661707126076,207,0.05394839718530102,0.07982250065257113,0.6758545115006155,0.591762284599983,0.7711246219000873,0.9030303030303031,10,True,False,build,
pct_from_52w_high,LOW,3,drawdown,10-20,win_100,1,0.9847316471314004,3837,0.10015661707126076,39,0.010164190774042221,0.015374575828765336,0.661103817578196,0.4841988829332302,0.901739232556488,,1,False,False,build,
pct_from_52w_high,LOW,3,drawdown,10-20,launch_300,1,0.9847316471314004,3837,0.10015661707126076,11,0.0028668230388324213,0.004045941007569825,0.708567681404323,0.3958462559096924,1.2670727656891176,,0,False,False,build,
pct_from_52w_high,LOW,3,drawdown,20-30,win_50,1,0.990959299257748,2822,0.10017749378771743,467,0.1654854712969525,0.1870429534966276,0.8847458201622989,0.8138829660022454,0.960471089354143,0.7818181818181819,10,True,False,build,
pct_from_52w_high,LOW,3,drawdown,20-30,win_100,1,0.990959299257748,2822,0.10017749378771743,92,0.03260099220411056,0.03933262335818247,0.8288537458391645,0.677754561597998,1.0122611674320505,0.8,5,False,False,build,
pct_from_52w_high,LOW,3,drawdown,20-30,launch_300,1,0.990959299257748,2822,0.10017749378771743,9,0.0031892274982282067,0.004863329783457579,0.6557703549276539,0.3451934527872771,1.244085495138006,,0,False,False,build,
pct_from_52w_high,LOW,3,drawdown,>30,win_50,1,0.9905810620193839,2180,0.10013780431786863,286,0.13119266055045872,0.2960496095544327,0.4431441769097729,0.39745653732756003,0.49321450031231345,1.0,10,True,False,build,
pct_from_52w_high,LOW,3,drawdown,>30,win_100,1,0.9905810620193839,2180,0.10013780431786863,64,0.029357798165137616,0.09848415250344511,0.29809667260030126,0.23412404608584456,0.37888169443165864,1.0,6,False,False,build,
pct_from_52w_high,LOW,3,drawdown,>30,launch_300,1,0.9905810620193839,2180,0.10013780431786863,23,0.01055045871559633,0.02949012402388608,0.3577624396238818,0.23874415887932462,0.5351704420014898,,2,False,False,build,
pct_from_52w_high,LOW,3,mst,0-12,win_50,1,0.9818890363327902,29271,0.1001491750891287,2311,0.07895186361928189,0.1194221860309162,0.6611155451370042,0.6357075243687478,0.6874488569639849,1.0,10,True,False,build,
pct_from_52w_high,LOW,3,mst,0-12,win_100,1,0.9818890363327902,29271,0.1001491750891287,380,0.01298213248607837,0.028213251948514064,0.46014307424643097,0.4163920852853775,0.5084243258425939,1.0,10,True,False,build,
pct_from_52w_high,LOW,3,mst,0-12,launch_300,1,0.9818890363327902,29271,0.1001491750891287,80,0.00273308052338492,0.00727399631852303,0.37573300888607913,0.3019989786639183,0.46740810018828993,1.0,7,False,False,build,
pct_from_52w_high,LOW,3,mst,13-24,win_50,1,0.989919533115218,3364,0.10016376358493376,347,0.10315101070154578,0.12145302962632128,0.8493078436899767,0.7683742165073816,0.9376955066264243,0.4303030303030303,10,True,False,build,
pct_from_52w_high,LOW,3,mst,13-24,win_100,1,0.989919533115218,3364,0.10016376358493376,70,0.020808561236623068,0.0257555456304898,0.8079254672046079,0.6407694341918954,1.0175251616111185,,3,False,False,build,
pct_from_52w_high,LOW,3,mst,13-24,launch_300,1,0.989919533115218,3364,0.10016376358493376,9,0.00267538644470868,0.003573023671281822,0.7487737812128419,0.3941167350613395,1.4209563255432553,,0,False,False,build,
pct_from_52w_high,LOW,3,mst,>24,win_50,1,0.9836829082911526,6093,0.1001676859341093,400,0.06564910553093714,0.09962517261787335,0.65896102165608,0.5992459788591272,0.7241701183556736,0.9757575757575757,10,True,False,build,
pct_from_52w_high,LOW,3,mst,>24,win_100,1,0.9836829082911526,6093,0.1001676859341093,64,0.010503856884949942,0.020845663181429604,0.5038869137206112,0.3950326170566085,0.6423318832433088,0.9428571428571428,6,False,False,build,
pct_from_52w_high,LOW,3,mst,>24,launch_300,1,0.9836829082911526,6093,0.1001676859341093,11,0.0018053504021007714,0.0035838758466495693,0.5037424507292922,0.2813718871562715,0.901286102119683,,0,False,False,build,
pct_from_52w_high,LOW,6,all,ALL,win_50,1,0.9715628486969695,38281,0.10014885896594033,3349,0.08748465296099893,0.11601581201388653,0.7540752544190049,0.7300342680074557,0.7788297872940046,1.0,10,True,False,build,
pct_from_52w_high,LOW,6,all,ALL,win_100,1,0.9715628486969695,38281,0.10014885896594033,565,0.014759280060604478,0.026567008771952772,0.555549184603202,0.5118779879794692,0.6028857182263154,1.0,10,True,False,build,
pct_from_52w_high,LOW,6,all,ALL,launch_300,1,0.9715628486969695,38281,0.10014885896594033,114,0.002977978631697187,0.006242135197427801,0.4770769195970513,0.3972611378269954,0.5728714142135262,0.9878787878787879,10,True,False,build,
pct_from_52w_high,LOW,6,drawdown,0-10,win_50,1,0.9690616563801908,29514,0.10014522652623578,2164,0.07332113573219488,0.10077635114959689,0.7275629142729502,0.6986016828638622,0.7576261520130461,1.0,10,True,False,build,
pct_from_52w_high,LOW,6,drawdown,0-10,win_100,1,0.9690616563801908,29514,0.10014522652623578,326,0.011045605475367622,0.021553245202095606,0.5124799245680954,0.460034327685941,0.5708302137745513,0.9878787878787879,10,True,False,build,
pct_from_52w_high,LOW,6,drawdown,0-10,launch_300,1,0.9690616563801908,29514,0.10014522652623578,60,0.0020329335230737954,0.005001492982979994,0.40646533544920244,0.31587196093235953,0.5229731927967237,1.0,5,False,False,build,
pct_from_52w_high,LOW,6,drawdown,10-20,win_50,1,0.9753495784495168,3799,0.10011859269996047,248,0.06528033693077126,0.07990512584003162,0.8169730820706186,0.7240609770017437,0.920876576920279,0.9515151515151515,10,True,False,build,
pct_from_52w_high,LOW,6,drawdown,10-20,win_100,1,0.9753495784495168,3799,0.10011859269996047,40,0.010529086601737299,0.01546975886151008,0.6806238349283166,0.5004596306461907,0.9247116516299269,,1,False,False,build,
pct_from_52w_high,LOW,6,drawdown,10-20,launch_300,1,0.9753495784495168,3799,0.10011859269996047,10,0.0026322716504343247,0.0040057978653314005,0.6571154458929636,0.3570954263127811,1.2079810937062008,,0,False,False,build,
pct_from_52w_high,LOW,6,drawdown,20-30,win_50,1,0.9859992260878742,2808,0.1001819544043669,513,0.18269230769230768,0.1873416818295337,0.9751823828428284,0.9012232659578298,1.0537693738788074,0.696969696969697,10,True,False,build,
pct_from_52w_high,LOW,6,drawdown,20-30,win_100,1,0.9859992260878742,2808,0.1001819544043669,93,0.03311965811965812,0.039423454279496235,0.8401003596704955,0.6877262097848348,1.0248328521126135,,4,False,False,build,
pct_from_52w_high,LOW,6,drawdown,20-30,launch_300,1,0.9859992260878742,2808,0.1001819544043669,10,0.0035612535612535613,0.004852117449784152,0.7339586475615888,0.39891392798045805,1.3485599479055537,,0,False,False,build,
pct_from_52w_high,LOW,6,drawdown,>30,win_50,1,0.9807981071119807,2160,0.10020876826722339,424,0.1962962962962963,0.29519832985386224,0.6649641154591649,0.6100686604255191,0.7235124633924691,0.9878787878787879,10,True,False,build,
pct_from_52w_high,LOW,6,drawdown,>30,win_100,1,0.9807981071119807,2160,0.10020876826722339,106,0.049074074074074076,0.09793551380190212,0.5010855834517606,0.41596257281659427,0.6025566361553262,0.9878787878787879,10,True,False,build,
pct_from_52w_high,LOW,6,drawdown,>30,launch_300,1,0.9807981071119807,2160,0.10020876826722339,34,0.01574074074074074,0.02894919972164231,0.5437366452991452,0.3898541061763995,0.7570131219572409,,2,False,False,build,
pct_from_52w_high,LOW,6,mst,0-12,win_50,1,0.9699360018813096,28916,0.10015378434170603,2525,0.08732189791119103,0.11887460341650619,0.7345715182345337,0.7076583434592605,0.762406951411369,1.0,10,True,False,build,
pct_from_52w_high,LOW,6,mst,0-12,win_100,1,0.9699360018813096,28916,0.10015378434170603,435,0.015043574491630931,0.027899389018966735,0.5392080264339809,0.49117884413934726,0.591855042570545,1.0,10,True,False,build,
pct_from_52w_high,LOW,6,mst,0-12,launch_300,1,0.9699360018813096,28916,0.10015378434170603,100,0.003458292986581823,0.0071211848321533966,0.4856344931488121,0.39943452353778863,0.5903584192208212,0.9878787878787879,10,True,False,build,
pct_from_52w_high,LOW,6,mst,13-24,win_50,1,0.983965573142335,3343,0.10014079022256837,353,0.10559377804367334,0.12140910044034389,0.8697352806395132,0.7876266605977662,0.9593012340954298,0.3696969696969697,10,True,False,build,
pct_from_52w_high,LOW,6,mst,13-24,win_100,1,0.983965573142335,3343,0.10014079022256837,59,0.01764881842656297,0.025701704460354073,0.6866789108787315,0.533324086333656,0.8831153990702485,,1,False,False,build,
pct_from_52w_high,LOW,6,mst,13-24,launch_300,1,0.983965573142335,3343,0.10014079022256837,5,0.0014956625785222854,0.0034748225144534644,0.4304284815414608,0.1839004926155791,1.0062834864337153,,0,False,False,build,
pct_from_52w_high,LOW,6,mst,>24,win_50,1,0.9725892265148698,6022,0.10012969305975856,471,0.07821321819993357,0.09929832729207543,0.7876589700235105,0.722039599218508,0.8586941021484397,0.9515151515151515,10,True,False,build,
pct_from_52w_high,LOW,6,mst,>24,win_100,1,0.9725892265148698,6022,0.10012969305975856,71,0.011790102955828628,0.020651125669249443,0.5709181738884423,0.4531602675423778,0.7188180294057864,,4,False,False,build,
pct_from_52w_high,LOW,6,mst,>24,launch_300,1,0.9725892265148698,6022,0.10012969305975856,9,0.0014945200929923613,0.0035582454856838814,0.4200160160408719,0.22103253735776338,0.7976246063234613,,0,False,False,build,
pct_from_52w_high,LOW,12,all,ALL,win_50,1,0.9485396348515234,37379,0.10016265478331006,3378,0.09037159902619117,0.1146917196120938,0.7879522543723534,0.7629753700056002,0.813663165462744,1.0,10,True,False,build,
pct_from_52w_high,LOW,12,all,ALL,win_100,1,0.9485396348515234,37379,0.10016265478331006,626,0.01674737151876722,0.0258693456025596,0.6473828822755446,0.5989815665100309,0.6996234150211392,0.9636363636363636,10,True,False,build,
pct_from_52w_high,LOW,12,all,ALL,launch_300,1,0.9485396348515234,37379,0.10016265478331006,141,0.003772171540169614,0.005948824035392823,0.6341037350788815,0.5378630635483344,0.7474880793874357,0.9151515151515152,10,True,False,build,
pct_from_52w_high,LOW,12,drawdown,0-10,win_50,1,0.9445187935065319,28770,0.10015735531666017,2204,0.07660757733750434,0.09928702723778755,0.7715769065583257,0.7411891977025018,0.8031032356865221,1.0,10,True,False,build,
pct_from_52w_high,LOW,12,drawdown,0-10,win_100,1,0.9445187935065319,28770,0.10015735531666017,343,0.011922141119221411,0.020825210271263855,0.5724859900057024,0.5153148469897101,0.6359150248217705,1.0,10,True,False,build,
pct_from_52w_high,LOW,12,drawdown,0-10,launch_300,1,0.9445187935065319,28770,0.10015735531666017,59,0.002050747306221759,0.004710215562858575,0.43538289890435167,0.33762940321789775,0.5613639091501057,,4,False,False,build,
pct_from_52w_high,LOW,12,drawdown,10-20,win_50,1,0.9583076290355748,3734,0.10015557105305509,235,0.06293519014461703,0.07958264041628668,0.7908155574558854,0.6984718365880249,0.894447689093009,0.9393939393939394,10,True,False,build,
pct_from_52w_high,LOW,12,drawdown,10-20,win_100,1,0.9583076290355748,3734,0.10015557105305509,35,0.009373326191751474,0.015315701947320423,0.6120076131013633,0.44056218032003874,0.8492975539550457,,1,False,False,build,
pct_from_52w_high,LOW,12,drawdown,10-20,launch_300,1,0.9583076290355748,3734,0.10015557105305509,8,0.0021424745581146223,0.003942921517085993,0.5433723569770704,0.27543823400717,1.070839279419756,,0,False,False,build,
pct_from_52w_high,LOW,12,drawdown,20-30,win_50,1,0.973018609068843,2771,0.10018076644974692,407,0.14687838325514255,0.18698481561822125,0.7855096830698459,0.7176375935601816,0.8586106200542941,0.9878787878787879,10,True,False,build,
pct_from_52w_high,LOW,12,drawdown,20-30,win_100,1,0.973018609068843,2771,0.10018076644974692,83,0.029953085528690002,0.03940708604483008,0.7600938951592344,0.6148190402986291,0.9383946676894674,,4,False,False,build,
pct_from_52w_high,LOW,12,drawdown,20-30,launch_300,1,0.973018609068843,2771,0.10018076644974692,8,0.00288704438830747,0.004844540853217643,0.5959376700043628,0.3021212336138372,1.173866689733498,,0,False,False,build,
pct_from_52w_high,LOW,12,drawdown,>30,win_50,1,0.9552259180051872,2104,0.10022388415186015,532,0.25285171102661597,0.2925737150478731,0.8642324926052994,0.8023327390393078,0.9292112522338515,0.9515151515151515,10,True,False,build,
pct_from_52w_high,LOW,12,drawdown,>30,win_100,1,0.9552259180051872,2104,0.10022388415186015,165,0.07842205323193917,0.09579383604058496,0.8186544820975131,0.7066012779335797,0.946748579994522,0.8666666666666667,10,True,False,build,
pct_from_52w_high,LOW,12,drawdown,>30,launch_300,1,0.9552259180051872,2104,0.10022388415186015,66,0.03136882129277566,0.027914066593626448,1.123763934128395,0.8860258661868168,1.422694236458724,,1,False,False,build,
pct_from_52w_high,LOW,12,mst,0-12,win_50,1,0.9448507550434213,28171,0.10016391169390824,2509,0.08906322104291647,0.11740841745215094,0.758576113839654,0.7307215975997519,0.7873850521682132,1.0,10,True,False,build,
pct_from_52w_high,LOW,12,mst,0-12,win_100,1,0.9448507550434213,28171,0.10016391169390824,467,0.01657733129814348,0.02706854068814467,0.6124205766808821,0.5597235423821179,0.6699875875556734,0.9515151515151515,10,True,False,build,
pct_from_52w_high,LOW,12,mst,0-12,launch_300,1,0.9448507550434213,28171,0.10016391169390824,122,0.004330694686024635,0.006766246279986773,0.6400439042300277,0.5362727683162521,0.7637910584819704,0.9,9,True,False,build,
pct_from_52w_high,LOW,12,mst,13-24,win_50,1,0.9765378607009166,3318,0.10014789773927742,339,0.10216998191681737,0.12106486372279739,0.8439276167753866,0.7625684332684766,0.932887029937169,0.9272727272727272,10,True,False,build,
pct_from_52w_high,LOW,12,mst,13-24,win_100,1,0.9765378607009166,3318,0.10014789773927742,73,0.022001205545509342,0.025414264586037245,0.8657030177295368,0.6899730954232374,1.084933669303335,,2,False,False,build,
pct_from_52w_high,LOW,12,mst,13-24,launch_300,1,0.9765378607009166,3318,0.10014789773927742,7,0.002109704641350211,0.0033503365428148866,0.6296993195727372,0.3051404561737451,1.2979684541475713,,0,False,False,build,
pct_from_52w_high,LOW,12,mst,>24,win_50,1,0.9509355240390057,5890,0.100164957570192,530,0.0899830220713073,0.09810723942655987,0.9171904397398307,0.8453994690410911,0.9944293028204996,0.6606060606060606,10,True,False,build,
pct_from_52w_high,LOW,12,mst,>24,win_100,1,0.9509355240390057,5890,0.100164957570192,86,0.014601018675721562,0.020390116150536538,0.7160831536183945,0.5806146060659625,0.8825834960591513,,4,False,False,build,
pct_from_52w_high,LOW,12,mst,>24,launch_300,1,0.9509355240390057,5890,0.100164957570192,12,0.0020373514431239388,0.0035032226246960187,0.5815649364563931,0.33279759861134633,1.015624315843803,,0,False,False,build,
dist_above_30w_sma,HIGH,0,all,ALL,win_50,10,0.9991129276184522,39382,0.10018825684339065,5784,0.14686912802803312,0.11706268444082629,1.2546195120125885,1.225049338114188,1.2847781273705015,-0.22424242424242424,10,True,False,build,
dist_above_30w_sma,HIGH,0,all,ALL,win_100,10,0.9991129276184522,39382,0.10018825684339065,1861,0.04725509115839724,0.027264170143482244,1.7332304966448433,1.657973425392742,1.8117268393833397,-0.22424242424242424,10,True,False,build,
dist_above_30w_sma,HIGH,0,all,ALL,launch_300,10,0.9991129276184522,39382,0.10018825684339065,485,0.012315270935960592,0.006591533530070214,1.8683468543062098,1.7101626994264443,2.040963415507553,-0.2727272727272727,10,True,False,build,
dist_above_30w_sma,HIGH,0,drawdown,0-10,win_50,10,0.999085890155563,30443,0.10019319187870052,4322,0.14197023946391618,0.10230941637622061,1.387655647861889,1.349775893399143,1.426418456726098,-0.15151515151515152,10,True,False,build,
dist_above_30w_sma,HIGH,0,drawdown,0-10,win_100,10,0.999085890155563,30443,0.10019319187870052,1404,0.04611897644778767,0.022501752549836593,2.0495726430927523,1.9473864575558302,2.1568487329650594,-0.11515151515151516,10,True,False,build,
dist_above_30w_sma,HIGH,0,drawdown,0-10,launch_300,10,0.999085890155563,30443,0.10019319187870052,346,0.011365502742830864,0.005371194992150551,2.116010079589435,1.9055153592664809,2.3494608489808106,-0.37142857142857144,6,True,False,build,
dist_above_30w_sma,HIGH,0,drawdown,10-20,win_50,10,0.9992031667694838,3895,0.10019808093020863,368,0.0944801026957638,0.08000411596738095,1.1809405247885616,1.0710669395026466,1.3008023840530105,-0.24848484848484848,10,True,False,build,
dist_above_30w_sma,HIGH,0,drawdown,10-20,win_100,10,0.9992031667694838,3895,0.10019808093020863,88,0.022593068035943516,0.01553777686311836,1.4540734002669409,1.1826200062133077,1.7860734903894022,,1,False,False,build,
dist_above_30w_sma,HIGH,0,drawdown,10-20,launch_300,10,0.9992031667694838,3895,0.10019808093020863,24,0.0061617458279845955,0.004321765750006431,1.4257472950669356,0.9589226633710872,2.1177437862378996,,0,False,False,build,
dist_above_30w_sma,HIGH,0,drawdown,20-30,win_50,10,0.998874309635206,2844,0.10015847860538828,630,0.22151898734177214,0.18700475435816163,1.1845633984123578,1.1049893156374528,1.268154957435384,0.3333333333333333,10,True,False,build,
dist_above_30w_sma,HIGH,0,drawdown,20-30,win_100,10,0.998874309635206,2844,0.10015847860538828,209,0.07348804500703235,0.03926747666842754,1.871473576658909,1.6416286926327543,2.130621224917563,,3,True,False,build,
dist_above_30w_sma,HIGH,0,drawdown,20-30,launch_300,10,0.998874309635206,2844,0.10015847860538828,34,0.011954992967651195,0.004824793097376299,2.477825002309895,1.7757731122967544,3.4527693648770654,,0,False,False,build,
dist_above_30w_sma,HIGH,0,drawdown,>30,win_50,10,0.9996359830732129,2200,0.10014110792480313,464,0.2109090909090909,0.2962811234011562,0.7118546348412687,0.6560438545599451,0.7710669606486226,-1.0,10,True,False,build,
dist_above_30w_sma,HIGH,0,drawdown,>30,win_100,10,0.9996359830732129,2200,0.10014110792480313,160,0.07272727272727272,0.09836587919340889,0.7393546758655505,0.636444959710535,0.8574072040188526,-0.7696969696969697,10,True,False,build,
dist_above_30w_sma,HIGH,0,drawdown,>30,launch_300,10,0.9996359830732129,2200,0.10014110792480313,81,0.03681818181818182,0.02976922026491875,1.2367869057547958,0.9984142186187804,1.5294008666336296,,1,False,False,build,
dist_above_30w_sma,HIGH,0,mst,0-12,win_50,10,0.9990627047183914,29796,0.1001930151385741,4444,0.14914753658209157,0.11997874815895838,1.2431162924327883,1.2097801255558027,1.2772063917575656,-0.23636363636363636,10,True,False,build,
dist_above_30w_sma,HIGH,0,mst,0-12,win_100,10,0.9990627047183914,29796,0.1001930151385741,1428,0.04792589609343536,0.028686622773096245,1.6706705586264643,1.5881337513829918,1.7572703248587722,-0.22424242424242424,10,True,False,build,
dist_above_30w_sma,HIGH,0,mst,0-12,launch_300,10,0.9990627047183914,29796,0.1001930151385741,406,0.013625990065780642,0.007502034393011103,1.8163059980736183,1.649009042190542,2.0003178446134657,-0.296969696969697,10,True,False,build,
dist_above_30w_sma,HIGH,0,mst,13-24,win_50,10,0.9992336487163616,3395,0.10014453850918852,511,0.15051546391752577,0.12155983599303856,1.2382006169056152,1.1425047205757521,1.3403953126985233,0.1393939393939394,10,True,False,build,
dist_above_30w_sma,HIGH,0,mst,13-24,win_100,10,0.9992336487163616,3395,0.10014453850918852,169,0.04977908689248895,0.025898941034187783,1.9220510532372073,1.6586991923008447,2.2246980627360746,,3,True,False,build,
dist_above_30w_sma,HIGH,0,mst,13-24,launch_300,10,0.9992336487163616,3395,0.10014453850918852,28,0.008247422680412371,0.0036872068670540693,2.2367670103092783,1.5492334401280135,3.225770800764217,,0,False,False,build,
dist_above_30w_sma,HIGH,0,mst,>24,win_50,10,0.9992884518977311,6191,0.10018934183483566,829,0.1339040542723308,0.1005615522793844,1.3315631196733402,1.2494606488078592,1.4181806028535384,-0.11515151515151516,10,True,False,build,
dist_above_30w_sma,HIGH,0,mst,>24,win_100,10,0.9992884518977311,6191,0.10018934183483566,264,0.04264254563075432,0.021167446150858513,2.0145342677073406,1.7898586575239408,2.2660066995983947,0.10714285714285714,7,True,False,build,
dist_above_30w_sma,HIGH,0,mst,>24,launch_300,10,0.9992884518977311,6191,0.10018934183483566,51,0.008237764496850267,0.0038030197595196867,2.1661114108675257,1.649037548247511,2.843555070993788,,0,False,False,build,
dist_above_30w_sma,HIGH,3,all,ALL,win_50,10,0.9973387828553564,39307,0.10017533933768623,6039,0.1536367568117638,0.11701352253671167,1.3129829226665835,1.2828071608691118,1.343737192756478,-0.15151515151515152,10,True,False,build,
dist_above_30w_sma,HIGH,3,all,ALL,win_100,10,0.9973387828553564,39307,0.10017533933768623,1816,0.046200422316635716,0.027192888562676168,1.6989891386547475,1.6242913145626923,1.7769485018437472,-0.24848484848484848,10,True,False,build,
dist_above_30w_sma,HIGH,3,all,ALL,launch_300,10,0.9973387828553564,39307,0.10017533933768623,482,0.012262446892411022,0.006562482478808916,1.8685683248691345,1.7098916992755782,2.041770476952777,-0.3212121212121212,10,True,False,build,
dist_above_30w_sma,HIGH,3,drawdown,0-10,win_50,10,0.9971820426738042,30379,0.10017344623826105,4490,0.14779946673689062,0.10221786957898069,1.4459259163358946,1.4073187154409235,1.4854044037231608,-0.04242424242424243,10,True,False,build,
dist_above_30w_sma,HIGH,3,drawdown,0-10,win_100,10,0.9971820426738042,30379,0.10017344623826105,1347,0.04433984002106718,0.02240951777988815,1.9786164279206764,1.8778672094748237,2.084507341757097,-0.12727272727272726,10,True,False,build,
dist_above_30w_sma,HIGH,3,drawdown,0-10,launch_300,10,0.9971820426738042,30379,0.10017344623826105,345,0.011356529181342374,0.005341880341880342,2.1259422627472926,1.9141683186181089,2.3608472778777525,-0.4,5,True,False,build,
dist_above_30w_sma,HIGH,3,drawdown,10-20,win_50,10,0.9973010487353485,3887,0.10018299440707235,404,0.10393619758168253,0.08000206190881208,1.2991689851712953,1.184096165924772,1.424017476431695,0.10942299786241162,10,True,False,build,
dist_above_30w_sma,HIGH,3,drawdown,10-20,win_100,10,0.9973010487353485,3887,0.10018299440707235,113,0.02907126318497556,0.015464316090620892,1.8798932338564447,1.5672710818773734,2.2526475901191887,,2,True,False,build,
dist_above_30w_sma,HIGH,3,drawdown,10-20,launch_300,10,0.9973010487353485,3887,0.10018299440707235,43,0.011062516079238487,0.004278460785071781,2.585629887701048,1.9220590050490933,3.47485757142675,,0,False,False,build,
dist_above_30w_sma,HIGH,3,drawdown,20-30,win_50,10,0.9976430857987125,2841,0.10017630465444288,740,0.26047166490672297,0.1870944992947814,1.392193067613016,1.3077028188480542,1.480140830739927,0.806060606060606,10,True,False,build,
dist_above_30w_sma,HIGH,3,drawdown,20-30,win_100,10,0.9976430857987125,2841,0.10017630465444288,242,0.08518127419922562,0.03928067700987306,2.1685286681239124,1.9212557757654865,2.444321428074291,,4,True,False,build,
dist_above_30w_sma,HIGH,3,drawdown,20-30,launch_300,10,0.9976430857987125,2841,0.10017630465444288,46,0.016191481872580078,0.004830747531734837,3.3517549336231465,2.517443445973077,4.456541518701426,,0,False,False,build,
dist_above_30w_sma,HIGH,3,drawdown,>30,win_50,10,0.999180961914729,2200,0.10018671159888884,405,0.18409090909090908,0.296233890432169,0.6214377052616868,0.5686438558456385,0.6779492450551629,-1.0,10,True,False,build,
dist_above_30w_sma,HIGH,3,drawdown,>30,win_100,10,0.999180961914729,2200,0.10018671159888884,114,0.05181818181818182,0.09836513502436359,0.526794191919192,0.4403201849722139,0.6291521622571209,-0.9833333333333333,9,True,False,build,
dist_above_30w_sma,HIGH,3,drawdown,>30,launch_300,10,0.999180961914729,2200,0.10018671159888884,48,0.02181818181818182,0.029691698164761603,0.734824316787507,0.5555674666206698,0.9702252324798699,,2,False,False,build,
dist_above_30w_sma,HIGH,3,mst,0-12,win_50,10,0.9972452253372079,29735,0.10017012245447961,4612,0.15510341348579115,0.11993801478886287,1.2931964378336005,1.25926212431744,1.327873657885215,-0.23636363636363636,10,True,False,build,
dist_above_30w_sma,HIGH,3,mst,0-12,win_100,10,0.9972452253372079,29735,0.10017012245447961,1397,0.0469816714309736,0.02861089120584817,1.642090457544726,1.5600547157048401,1.7282167947916247,-0.3212121212121212,10,True,False,build,
dist_above_30w_sma,HIGH,3,mst,0-12,launch_300,10,0.9972452253372079,29735,0.10017012245447961,403,0.01355305195897091,0.00747191295120349,1.8138664151310728,1.6461978275463378,1.998354221435692,-0.38333333333333336,9,True,False,build,
dist_above_30w_sma,HIGH,3,mst,13-24,win_50,10,0.9982314970377575,3392,0.10015649452269171,596,0.17570754716981132,0.12162281867304456,1.4446922796795338,1.3424218586111905,1.55299524554641,0.793939393939394,10,True,False,build,
dist_above_30w_sma,HIGH,3,mst,13-24,win_100,10,0.9982314970377575,3392,0.10015649452269171,177,0.052181603773584904,0.02586588714678005,2.017390839041096,1.7471333558645747,2.3268183004515457,,3,True,False,build,
dist_above_30w_sma,HIGH,3,mst,13-24,launch_300,10,0.9982314970377575,3392,0.10015649452269171,36,0.01061320754716981,0.0036909085540496648,2.8754999999999997,2.0797358935388885,3.971247861819371,,0,False,False,build,
dist_above_30w_sma,HIGH,3,mst,>24,win_50,10,0.9972993515209341,6180,0.10021079941624778,831,0.13446601941747574,0.10040538349278418,1.3392311720729537,1.256776807757218,1.4262086614360014,-0.12727272727272726,10,True,False,build,
dist_above_30w_sma,HIGH,3,mst,>24,win_100,10,0.9972993515209341,6180,0.10021079941624778,242,0.039158576051779935,0.021096156964488407,1.856194761808815,1.6401950503792506,2.0993348579645157,0.02857142857142857,6,True,False,build,
dist_above_30w_sma,HIGH,3,mst,>24,launch_300,10,0.9972993515209341,6180,0.10021079941624778,43,0.0069579288025889965,0.003761958813037133,1.8495494364468252,1.3742622540664138,2.4876678777429873,,0,False,False,build,
dist_above_30w_sma,HIGH,6,all,ALL,win_50,10,0.9904735034783912,39045,0.1001973409019172,6091,0.1559994877705212,0.11677756934518234,1.3358685974136262,1.3053380998814237,1.3669786806823887,0.15151515151515152,10,True,False,build,
dist_above_30w_sma,HIGH,6,all,ALL,win_100,10,0.9904735034783912,39045,0.1001973409019172,1793,0.0459213727750032,0.02699387447681565,1.7011775324970078,1.6259053605722567,1.7797593681317738,-0.15151515151515152,10,True,False,build,
dist_above_30w_sma,HIGH,6,all,ALL,launch_300,10,0.9904735034783912,39045,0.1001973409019172,485,0.012421564861057754,0.006474526599962533,1.9185286629496023,1.756103492786831,2.09577063591777,-0.22424242424242424,10,True,False,build,
dist_above_30w_sma,HIGH,6,drawdown,0-10,win_50,10,0.9895699409116766,30154,0.10019637878843259,4396,0.14578497048484446,0.10185114421380367,1.4313532912189564,1.3926896985073995,1.4709028702235771,0.11515151515151516,10,True,False,build,
dist_above_30w_sma,HIGH,6,drawdown,0-10,win_100,10,0.9895699409116766,30154,0.10019637878843259,1254,0.04158652251774226,0.022139963914151566,1.8783464453237304,1.7791787317211671,1.9827889638100833,-0.15151515151515152,10,True,False,build,
dist_above_30w_sma,HIGH,6,drawdown,0-10,launch_300,10,0.9895699409116766,30154,0.10019637878843259,333,0.011043311003515289,0.005243413335814374,2.106130166791459,1.8927521766770399,2.343264644377144,-0.3,5,True,False,build,
dist_above_30w_sma,HIGH,6,drawdown,10-20,win_50,10,0.9917746247172528,3865,0.1001710553597346,403,0.10426908150064683,0.07990358697905868,1.3049361792477967,1.1892337847883092,1.4304736777524139,0.4303030303030303,10,True,False,build,
dist_above_30w_sma,HIGH,6,drawdown,10-20,win_100,10,0.9917746247172528,3865,0.1001710553597346,119,0.030789133247089262,0.015394982376114452,1.9999459885617712,1.6753368703074891,2.3850800118938027,,1,True,False,build,
dist_above_30w_sma,HIGH,6,drawdown,10-20,launch_300,10,0.9917746247172528,3865,0.1001710553597346,53,0.01371280724450194,0.0041727140783744555,3.2863040665954215,2.5162073480758935,4.287830678929346,,0,False,False,build,
dist_above_30w_sma,HIGH,6,drawdown,20-30,win_50,10,0.9944067259999296,2833,0.1002193292769209,746,0.26332509707024354,0.187137399179284,1.407121709637362,1.3222101585854455,1.4954584354689289,0.8666666666666667,10,True,False,build,
dist_above_30w_sma,HIGH,6,drawdown,20-30,win_100,10,0.9944067259999296,2833,0.1002193292769209,231,0.08153900458877515,0.03926701570680628,2.0765266501941406,1.8340940030754123,2.3478207513437495,,4,True,False,build,
dist_above_30w_sma,HIGH,6,drawdown,20-30,launch_300,10,0.9944067259999296,2833,0.1002193292769209,41,0.01447229085774797,0.00484646950615537,2.9861512260351795,2.2049261991009868,4.038694907647825,,0,False,False,build,
dist_above_30w_sma,HIGH,6,drawdown,>30,win_50,10,0.9955862947627064,2193,0.10022851919561243,546,0.24897400820793433,0.2962065813528336,0.8405417836120357,0.780959524106583,0.9030878606064564,-0.9515151515151515,10,True,False,build,
dist_above_30w_sma,HIGH,6,drawdown,>30,win_100,10,0.9955862947627064,2193,0.10022851919561243,189,0.08618331053351573,0.0983546617915905,0.8762503877664145,0.7640659763056039,1.003149130225741,-0.5878787878787879,10,True,False,build,
dist_above_30w_sma,HIGH,6,drawdown,>30,launch_300,10,0.9955862947627064,2193,0.10022851919561243,58,0.026447788417692658,0.02957038391224863,0.8944012528270716,0.6937666189337308,1.1510423791745792,,1,False,False,build,
dist_above_30w_sma,HIGH,6,mst,0-12,win_50,10,0.9899517914434012,29525,0.10019547024847798,4629,0.15678238780694326,0.11973231435416766,1.3094408861352302,1.2751754528193116,1.3444521462165306,-0.1393939393939394,10,True,False,build,
dist_above_30w_sma,HIGH,6,mst,0-12,win_100,10,0.9899517914434012,29525,0.10019547024847798,1377,0.04663844199830652,0.028383908997739876,1.6431296338365584,1.5604488658064681,1.7299661791313157,-0.2,10,True,False,build,
dist_above_30w_sma,HIGH,6,mst,0-12,launch_300,10,0.9899517914434012,29525,0.10019547024847798,409,0.013852667231160035,0.007377644447762613,1.8776544911107873,1.705329182935498,2.0671245021393245,-0.296969696969697,10,True,False,build,
dist_above_30w_sma,HIGH,6,mst,13-24,win_50,10,0.9947829162613847,3383,0.10023703703703704,624,0.1844516701152823,0.12157037037037037,1.5172419854717956,1.4126999642849223,1.6276720291905735,0.8632258720256917,10,True,True,build,
dist_above_30w_sma,HIGH,6,mst,13-24,win_100,10,0.9947829162613847,3383,0.10023703703703704,182,0.053798403783624,0.025866666666666666,2.0798351978205156,1.8049938981989937,2.393807589677073,,2,True,False,build,
dist_above_30w_sma,HIGH,6,mst,13-24,launch_300,10,0.9947829162613847,3383,0.10023703703703704,42,0.012415016257759386,0.003703703703703704,3.352054389595034,2.483487308932482,4.51925970060245,,0,False,False,build,
dist_above_30w_sma,HIGH,6,mst,>24,win_50,10,0.990620502288274,6137,0.10018446871377965,838,0.13654880234642333,0.09992327407479962,1.3665365112456875,1.2828348207194586,1.4547888969730225,0.4303030303030303,10,True,False,build,
dist_above_30w_sma,HIGH,6,mst,>24,win_100,10,0.990620502288274,6137,0.10018446871377965,234,0.03812937917549291,0.0209282204482753,1.8219121530055922,1.6064311611522468,2.065004411893451,0.2571428571428571,6,True,False,build,
dist_above_30w_sma,HIGH,6,mst,>24,launch_300,10,0.990620502288274,6137,0.10018446871377965,34,0.00554016620498615,0.003656724945720489,1.5150623268698062,1.0849635287242574,2.1143364515790095,,0,False,False,build,
dist_above_30w_sma,HIGH,12,all,ALL,win_50,10,0.9686194967834094,38187,0.10020651669058972,5884,0.15408385052504778,0.11583565784881508,1.330193598297279,1.2992340099289792,1.3617539390812787,0.030303030303030304,10,True,False,build,
dist_above_30w_sma,HIGH,12,all,ALL,win_100,10,0.9686194967834094,38187,0.10020651669058972,1718,0.04498913242726582,0.02648504394055888,1.698661800533017,1.621878773590359,1.778900941235112,-0.17575757575757575,10,True,False,build,
dist_above_30w_sma,HIGH,12,all,ALL,launch_300,10,0.9686194967834094,38187,0.10020651669058972,472,0.012360227302485139,0.006185004316644931,1.9984185409897939,1.8270135541909946,2.185684363634651,-0.10303030303030303,10,True,False,build,
dist_above_30w_sma,HIGH,12,drawdown,0-10,win_50,10,0.9658688482544776,29433,0.10020051678179076,4190,0.14235721808854007,0.10056137890182168,1.4156251599087932,1.376393530725954,1.4557850140043254,0.15151515151515152,10,True,False,build,
dist_above_30w_sma,HIGH,12,drawdown,0-10,win_100,10,0.9658688482544776,29433,0.10020051678179076,1176,0.03995515237998165,0.021454274343724572,1.8623399579892401,1.7608159495734361,1.9694605283748412,-0.12727272727272726,10,True,False,build,
dist_above_30w_sma,HIGH,12,drawdown,0-10,launch_300,10,0.9658688482544776,29433,0.10020051678179076,322,0.01094010124689974,0.004949938891744768,2.210148748532033,1.9826334847374725,2.4634507968835275,0.08571428571428572,6,True,False,build,
dist_above_30w_sma,HIGH,12,drawdown,10-20,win_50,10,0.9732161217355542,3796,0.10025883471554593,395,0.10405690200210749,0.07986899793988696,1.3028447168001964,1.1862009565333014,1.429511881380508,0.09726488698881033,10,True,False,build,
dist_above_30w_sma,HIGH,12,drawdown,10-20,win_100,10,0.9732161217355542,3796,0.10025883471554593,102,0.026870389884088516,0.015450847815751942,1.7390883791305287,1.4358452339841206,2.104245475588238,,2,True,False,build,
dist_above_30w_sma,HIGH,12,drawdown,10-20,launch_300,10,0.9732161217355542,3796,0.10025883471554593,26,0.00684931506849315,0.0039881675558607575,1.717409053796607,1.1730980225111953,2.5117355954878957,,0,False,False,build,
dist_above_30w_sma,HIGH,12,drawdown,20-30,win_50,10,0.9847680022513807,2806,0.1002357648067443,571,0.20349251603706345,0.18746874330213617,1.085474370034595,1.0082023292254536,1.1670710627826861,-0.3575757575757576,10,True,False,build,
dist_above_30w_sma,HIGH,12,drawdown,20-30,win_100,10,0.9847680022513807,2806,0.1002357648067443,161,0.05737704918032787,0.03947274415946274,1.4535865291892294,1.2505329003032657,1.6873007812614373,,4,True,False,build,
dist_above_30w_sma,HIGH,12,drawdown,20-30,launch_300,10,0.9847680022513807,2806,0.1002357648067443,17,0.0060584461867426945,0.004822461956133457,1.2562973522346295,0.785095156608358,2.00755957188683,,0,False,False,build,
dist_above_30w_sma,HIGH,12,drawdown,>30,win_50,10,0.977658461118442,2152,0.10015824257656149,728,0.3382899628252788,0.29470352787861864,1.1478992642552022,1.0811007046783727,1.2166533381815765,-0.503030303030303,10,True,False,build,
dist_above_30w_sma,HIGH,12,drawdown,>30,win_100,10,0.977658461118442,2152,0.10015824257656149,279,0.12964684014869887,0.09778460392813926,1.3258410316206302,1.1874228557785382,1.4777567572590329,-0.4666666666666667,10,True,False,build,
dist_above_30w_sma,HIGH,12,drawdown,>30,launch_300,10,0.977658461118442,2152,0.10015824257656149,107,0.04972118959107807,0.028716373452480685,1.7314578274779633,1.4386527528246256,2.080143530676079,,1,True,False,build,
dist_above_30w_sma,HIGH,12,mst,0-12,win_50,10,0.9668083247946517,28837,0.10020327675174175,4494,0.1558414536879703,0.11865802595687754,1.3133663098744446,1.2784727961423503,1.3490324680702133,-0.15151515151515152,10,True,False,build,
dist_above_30w_sma,HIGH,12,mst,0-12,win_100,10,0.9668083247946517,28837,0.10020327675174175,1305,0.045254360717134234,0.027795055336449086,1.628144292909173,1.5439880282744955,1.7166588789822148,-0.296969696969697,10,True,False,build,
dist_above_30w_sma,HIGH,12,mst,0-12,launch_300,10,0.9668083247946517,28837,0.10020327675174175,422,0.01463397718209245,0.007057351842521327,2.073579085843661,1.8861527186181113,2.279326313185779,-0.06666666666666667,10,True,False,build,
dist_above_30w_sma,HIGH,12,mst,13-24,win_50,10,0.9827276210687653,3340,0.10017695929936114,515,0.15419161676646706,0.1213520890195255,1.2706136170565443,1.172968303716539,1.374806328781778,0.6848484848484848,10,True,False,build,
dist_above_30w_sma,HIGH,12,mst,13-24,win_100,10,0.9827276210687653,3340,0.10017695929936114,165,0.04940119760479042,0.02564410185657299,1.9264155898728859,1.65947008876056,2.2337333495804748,,2,True,False,build,
dist_above_30w_sma,HIGH,12,mst,13-24,launch_300,10,0.9827276210687653,3340,0.10017695929936114,23,0.0068862275449101795,0.0034192135808763986,2.0139799348671077,1.3433206827954505,3.016000199761352,,0,False,False,build,
dist_above_30w_sma,HIGH,12,mst,>24,win_50,10,0.9695974901757847,6010,0.10023850426138733,875,0.14559068219633944,0.09922110846106376,1.467335776171781,1.3797488378701348,1.5594859750256718,0.34545454545454546,10,True,False,build,
dist_above_30w_sma,HIGH,12,mst,>24,win_100,10,0.9695974901757847,6010,0.10023850426138733,248,0.04126455906821963,0.020664809780342578,1.996851628775823,1.7673541905443915,2.2547089929200803,0.1,5,True,False,build,
dist_above_30w_sma,HIGH,12,mst,>24,launch_300,10,0.9695974901757847,6010,0.10023850426138733,27,0.004492512479201331,0.003535867371616325,1.2705545788465764,0.8737441235331709,1.8463961278382384,,0,False,False,build,
atr_contraction,HIGH,0,all,ALL,win_50,10,0.9997636168152322,39413,0.1002018630382167,4555,0.11557100449090402,0.11704751154229463,0.9873854041667764,0.9607385603143097,1.0146724224381176,-0.1393939393939394,10,True,False,build,
atr_contraction,HIGH,0,all,ALL,win_100,10,0.9997636168152322,39413,0.1002018630382167,1157,0.0293557963108619,0.02727184900441353,1.0764138620051436,1.016968600724797,1.1392228638669735,-0.15151515151515152,10,True,False,build,
atr_contraction,HIGH,0,all,ALL,launch_300,10,0.9997636168152322,39413,0.1002018630382167,298,0.007560957044629945,0.006602497610185693,1.1451661918007563,1.0227104054350595,1.2821594400792657,-0.030303030303030304,10,True,False,build,
atr_contraction,HIGH,0,drawdown,0-10,win_50,10,0.9997435231371724,30465,0.10019964281368096,3098,0.10169046446742164,0.10231776426360745,0.9938691018055315,0.9611880538795123,1.0275317618362847,-0.12727272727272726,10,True,False,build,
atr_contraction,HIGH,0,drawdown,0-10,win_100,10,0.9997435231371724,30465,0.10019964281368096,727,0.023863449860495652,0.022516551935088128,1.0598181253191177,0.9863277817736029,1.138640588423228,-0.21212121212121213,10,True,False,build,
atr_contraction,HIGH,0,drawdown,0-10,launch_300,10,0.9997435231371724,30465,0.10019964281368096,186,0.006105366814377154,0.005387395861769552,1.1332686461194585,0.9820604771923084,1.3075935057465284,-0.21212121212121213,10,True,False,build,
atr_contraction,HIGH,0,drawdown,10-20,win_50,10,0.9998457742134484,3897,0.1001850994909764,303,0.07775211701308699,0.07995269679675047,0.9724764783199542,0.8724455460795517,1.0829090608550165,-0.38181818181818183,10,True,False,build,
atr_contraction,HIGH,0,drawdown,10-20,win_100,10,0.9998457742134484,3897,0.1001850994909764,74,0.018988965871182963,0.015527790631909096,1.2229019775782697,0.9758926445314904,1.5309230290327933,,0,False,False,build,
atr_contraction,HIGH,0,drawdown,10-20,launch_300,10,0.9998457742134484,3897,0.1001850994909764,31,0.007954837054144213,0.004318988122782663,1.8418288793577473,1.298884277035561,2.609156942375159,,0,False,False,build,
atr_contraction,HIGH,0,drawdown,20-30,win_50,10,0.9997889330566011,2849,0.10024277822736709,517,0.18146718146718147,0.18683367932162837,0.9712766034799933,0.8978418127918529,1.049302819915677,-0.10303030303030303,10,True,False,build,
atr_contraction,HIGH,0,drawdown,20-30,win_100,10,0.9997889330566011,2849,0.10024277822736709,122,0.04282204282204282,0.03923155413250765,1.0915204296370216,0.91719626577875,1.2972278724606592,-0.11904761904761904,8,True,False,build,
atr_contraction,HIGH,0,drawdown,20-30,launch_300,10,0.9997889330566011,2849,0.10024277822736709,22,0.007722007722007722,0.004820379296998698,1.6019502296874562,1.0590618635487732,2.4198671308166957,,0,False,False,build,
atr_contraction,HIGH,0,drawdown,>30,win_50,10,0.9998634936524549,2202,0.10020933830891053,637,0.28928247048138056,0.29625921543642486,0.9764505386110379,0.9138069297247736,1.04157145938709,-0.5757575757575758,10,True,False,build,
atr_contraction,HIGH,0,drawdown,>30,win_100,10,0.9998634936524549,2202,0.10020933830891053,234,0.10626702997275204,0.0983890051879494,1.0800701742003946,0.9561410036520845,1.2179375579383036,-0.15151515151515152,10,True,False,build,
atr_contraction,HIGH,0,drawdown,>30,launch_300,10,0.9998634936524549,2202,0.10020933830891053,59,0.026793823796548592,0.02976244652771457,0.9002560919042183,0.6998395155955808,1.156050209007646,,0,False,False,build,
atr_contraction,HIGH,0,mst,0-12,win_50,10,0.9997581173466816,29819,0.10020060955734846,3509,0.11767664911633523,0.1199456976474581,0.9810827017923393,0.9510011788865801,1.0119853762422504,-0.2606060606060606,10,True,False,build,
atr_contraction,HIGH,0,mst,0-12,win_100,10,0.9997581173466816,29819,0.10020060955734846,914,0.030651597974445822,0.028686830671420364,1.0684902185790388,1.0023693420194077,1.1388260209849708,-0.15151515151515152,10,True,False,build,
atr_contraction,HIGH,0,mst,0-12,launch_300,10,0.9997581173466816,29819,0.10020060955734846,249,0.008350380629799791,0.0075136175918116355,1.111366199805013,0.9820827910974648,1.2575067442682504,-0.12727272727272726,10,True,False,build,
atr_contraction,HIGH,0,mst,13-24,win_50,10,0.9998231497037757,3400,0.10023289407741517,401,0.11794117647058823,0.12148816367441997,0.9708038454401415,0.8850934642745287,1.0636125066163071,-0.44242424242424244,10,True,False,build,
atr_contraction,HIGH,0,mst,13-24,win_100,10,0.9998231497037757,3400,0.10023289407741517,101,0.029705882352941176,0.02588367088234427,1.1476688329090177,0.9468735841517001,1.3894750986091544,,2,True,False,build,
atr_contraction,HIGH,0,mst,13-24,launch_300,10,0.9998231497037757,3400,0.10023289407741517,19,0.005588235294117647,0.003685032870493205,1.5164682352941177,0.9716378989972482,2.364132333213059,,0,False,False,build,
atr_contraction,HIGH,0,mst,>24,win_50,10,0.9997574267833175,6194,0.10019087056387693,645,0.10413303196641911,0.10065995923781178,1.0345030214089608,0.961359460303384,1.1125216231089834,-0.3939393939393939,10,True,False,build,
atr_contraction,HIGH,0,mst,>24,win_100,10,0.9997574267833175,6194,0.10019087056387693,142,0.02292541168873103,0.021222218627672998,1.0802551840097026,0.918062686444442,1.2703141043510575,-0.15151515151515152,10,True,False,build,
atr_contraction,HIGH,0,mst,>24,launch_300,10,0.9997574267833175,6194,0.10019087056387693,30,0.004843396835647401,0.0038174112775387404,1.2687647422601425,0.8893055457556851,1.8090140532995973,,0,False,False,build,
atr_contraction,HIGH,3,all,ALL,win_50,10,0.9992654328989474,39391,0.1001958589815333,4743,0.12040821507450941,0.11707025487103831,1.0285124535446524,1.0013762926211405,1.0562809638066695,-0.28484848484848485,10,True,False,build,
atr_contraction,HIGH,3,all,ALL,win_100,10,0.9992654328989474,39391,0.1001958589815333,1211,0.030743063136249398,0.027265096403316886,1.1275611382950916,1.066697538537543,1.1917812677289108,-0.16363636363636364,10,True,False,build,
atr_contraction,HIGH,3,all,ALL,launch_300,10,0.9992654328989474,39391,0.1001958589815333,343,0.008707572795816304,0.00659815841684896,1.319697443695922,1.1877237124807463,1.4661924301502627,0.06666666666666667,10,True,False,build,
atr_contraction,HIGH,3,drawdown,0-10,win_50,10,0.9992437220711493,30450,0.10020040080160321,3296,0.10824302134646963,0.10232616299923328,1.0578235142783639,1.024202302747351,1.0924105857508568,-0.2727272727272727,10,True,False,build,
atr_contraction,HIGH,3,drawdown,0-10,win_100,10,0.9992437220711493,30450,0.10020040080160321,807,0.026502463054187193,0.02250477967429111,1.1776370814446557,1.1000861896246152,1.260495926168345,-0.2606060606060606,10,True,False,build,
atr_contraction,HIGH,3,drawdown,0-10,launch_300,10,0.9992437220711493,30450,0.10020040080160321,234,0.007684729064039409,0.005380218565209236,1.4283302752293578,1.2572162217557445,1.622529201749093,0.06666666666666667,10,True,False,build,
atr_contraction,HIGH,3,drawdown,10-20,win_50,10,0.9994345054493111,3896,0.1002006069646623,334,0.08572895277207392,0.07998559744869091,1.0718048687086104,0.9669347053761607,1.1868785990686932,-0.05454545454545454,10,True,False,build,
atr_contraction,HIGH,3,drawdown,10-20,win_100,10,0.9994345054493111,3896,0.1002006069646623,82,0.02104722792607803,0.015534180340517463,1.3548978745393476,1.093671501007354,1.6768654779440435,,0,False,False,build,
atr_contraction,HIGH,3,drawdown,10-20,launch_300,10,0.9994345054493111,3896,0.1002006069646623,22,0.005646817248459959,0.004320765392726711,1.3069020729441676,0.8637600776131148,1.9754450905658154,,0,False,False,build,
atr_contraction,HIGH,3,drawdown,20-30,win_50,10,0.9989798431069054,2845,0.10018311148672442,486,0.17082601054481547,0.18698499894358758,0.9135813648684877,0.84200641813657,0.9899039392270375,-0.6606060606060606,10,True,False,build,
atr_contraction,HIGH,3,drawdown,20-30,win_100,10,0.9989798431069054,2845,0.10018311148672442,110,0.03866432337434095,0.03926332840340869,0.984743905995098,0.8195829955475666,1.1815923059169475,-0.7387687194103584,7,True,False,build,
atr_contraction,HIGH,3,drawdown,20-30,launch_300,10,0.9989798431069054,2845,0.10018311148672442,23,0.008084358523725835,0.004824283400239453,1.6757636011442794,1.1179105524370367,2.5086059041804987,,0,False,False,build,
atr_contraction,HIGH,3,drawdown,>30,win_50,10,0.9996359830732129,2200,0.10014110792480313,627,0.285,0.2962811234011562,0.961924258718697,0.8995659820849681,1.0268123011288606,-0.34545454545454546,10,True,False,build,
atr_contraction,HIGH,3,drawdown,>30,win_100,10,0.9996359830732129,2200,0.10014110792480313,212,0.09636363636363636,0.09836587919340889,0.9796449455218543,0.861346570703118,1.1122484448666317,-0.09090909090909091,10,True,False,build,
atr_contraction,HIGH,3,drawdown,>30,launch_300,10,0.9996359830732129,2200,0.10014110792480313,64,0.02909090909090909,0.02976922026491875,0.9772143452877398,0.767480756095368,1.2420941166170698,,0,False,False,build,
atr_contraction,HIGH,3,mst,0-12,win_50,10,0.9992138813767154,29801,0.10019466699839627,3645,0.1223113318345022,0.11998413077318773,1.0193959071613703,0.9887973402638603,1.0508059011693625,-0.2727272727272727,10,True,False,build,
atr_contraction,HIGH,3,mst,0-12,win_100,10,0.9992138813767154,29801,0.10019466699839627,943,0.031643233448541995,0.028685644737771115,1.1031034420807893,1.0358974011165576,1.174518217759087,-0.18787878787878787,10,True,False,build,
atr_contraction,HIGH,3,mst,0-12,launch_300,10,0.9992138813767154,29801,0.10019466699839627,280,0.009395657863830073,0.0075109857412307395,1.2509220743495266,1.113276470487229,1.4054050312721338,0.04242424242424243,10,True,False,build,
atr_contraction,HIGH,3,mst,13-24,win_50,10,0.9993810239632152,3397,0.10018875715212647,400,0.1177509567265234,0.12154190998643308,0.9688094973961423,0.8831647333450123,1.0615591970905984,-0.6242424242424243,10,True,False,build,
atr_contraction,HIGH,3,mst,13-24,win_100,10,0.9993810239632152,3397,0.10018875715212647,104,0.030615248748896085,0.025895121807349732,1.1822786151253653,0.978227155179458,1.427279783767051,,2,True,False,build,
atr_contraction,HIGH,3,mst,13-24,launch_300,10,0.9993810239632152,3397,0.10018875715212647,25,0.0073594347954077126,0.003686663127470064,1.9962319693847512,1.3535041108167425,2.9408413372765305,,0,False,False,build,
atr_contraction,HIGH,3,mst,>24,win_50,10,0.9994501673755195,6193,0.10020549164280051,698,0.11270789601162604,0.10059382230636053,1.1204256228416478,1.0445047036126514,1.2011198904434157,-0.2,10,True,False,build,
atr_contraction,HIGH,3,mst,>24,win_100,10,0.9994501673755195,6193,0.10020549164280051,164,0.026481511383820443,0.021180201608336165,1.2502955294532123,1.0749010576169538,1.4534080497926345,-0.11515151515151516,10,True,False,build,
atr_contraction,HIGH,3,mst,>24,launch_300,10,0.9994501673755195,6193,0.10020549164280051,38,0.006135959954787664,0.003802404414025209,1.6137052471733702,1.1765803553901695,2.211859436612157,,0,False,False,build,
atr_contraction,HIGH,6,all,ALL,win_50,10,0.998073349956409,39335,0.10017291829546873,4910,0.1248252192703699,0.11703436209956936,1.0665689719757032,1.0389726530805008,1.0947913637110624,-0.030303030303030304,10,True,False,build,
atr_contraction,HIGH,6,all,ALL,win_100,10,0.998073349956409,39335,0.10017291829546873,1267,0.0322104995551036,0.027223808226225006,1.1831739074651155,1.120741752007559,1.2489619412927038,-0.15151515151515152,10,True,False,build,
atr_contraction,HIGH,6,all,ALL,launch_300,10,0.998073349956409,39335,0.10017291829546873,335,0.00851658828015762,0.006572932556771445,1.2957060195884436,1.1646640103839514,1.441351439756217,-0.45454545454545453,10,True,False,build,
atr_contraction,HIGH,6,drawdown,0-10,win_50,10,0.9979942194060917,30404,0.1001742935181921,3390,0.11149848704117879,0.10225659037069497,1.0903794722372475,1.056259977229046,1.1254589026266333,0.01818181818181818,10,True,False,build,
atr_contraction,HIGH,6,drawdown,0-10,win_100,10,0.9979942194060917,30404,0.1001742935181921,835,0.027463491645836075,0.02244729186092102,1.2234656998267068,1.1442500745426867,1.3080001048638712,-0.2,10,True,False,build,
atr_contraction,HIGH,6,drawdown,0-10,launch_300,10,0.9979942194060917,30404,0.1001742935181921,226,0.00743323246941192,0.005357301712293788,1.3874955842704066,1.2185273258409968,1.579694398157242,-0.2,10,True,False,build,
atr_contraction,HIGH,6,drawdown,10-20,win_50,10,0.9979179518815546,3890,0.10019833603791567,343,0.08817480719794345,0.08002987919532235,1.1017735886211004,0.9954499752601833,1.218250535888122,-0.04242424242424243,10,True,False,build,
atr_contraction,HIGH,6,drawdown,10-20,win_100,10,0.9979179518815546,3890,0.10019833603791567,74,0.019023136246786632,0.01553202998222703,1.224768189898835,0.9773849530788664,1.533251803117053,,0,False,False,build,
atr_contraction,HIGH,6,drawdown,10-20,launch_300,10,0.9979179518815546,3890,0.10019833603791567,25,0.006426735218508998,0.004275815882337789,1.5030430204106917,1.0189831116258947,2.2148645532829794,,0,False,False,build,
atr_contraction,HIGH,6,drawdown,20-30,win_50,10,0.9981355753333099,2841,0.10012687671812222,564,0.19852164730728616,0.18703742863184605,1.0614006445632067,0.9851786711278049,1.1419756887554573,0.7212121212121212,10,True,False,build,
atr_contraction,HIGH,6,drawdown,20-30,win_100,10,0.9981355753333099,2841,0.10012687671812222,141,0.04963041182682154,0.03926129555226616,1.264105300874537,1.0757350318805579,1.4834549373364148,0.2857142857142857,8,True,False,build,
atr_contraction,HIGH,6,drawdown,20-30,launch_300,10,0.9981355753333099,2841,0.10012687671812222,22,0.007743752199929602,0.004828363995206879,1.603804561465712,1.0602909057215641,2.422651904125057,,0,False,False,build,
atr_contraction,HIGH,6,drawdown,>30,win_50,10,0.9993629703781226,2200,0.10016846514592724,613,0.2786363636363636,0.2962254701088194,0.9406225721711426,0.8787241600546793,1.0051261161989742,-0.6606060606060606,10,True,False,build,
atr_contraction,HIGH,6,drawdown,>30,win_100,10,0.9993629703781226,2200,0.10016846514592724,217,0.09863636363636363,0.0983472203250922,1.0029400252525251,0.8832741410746927,1.136833185833665,-0.45454545454545453,10,True,False,build,
atr_contraction,HIGH,6,drawdown,>30,launch_300,10,0.9993629703781226,2200,0.10016846514592724,62,0.028181818181818183,0.029686290579611165,0.9493209704406024,0.7426372238182347,1.211411709188129,,0,False,False,build,
atr_contraction,HIGH,6,mst,0-12,win_50,10,0.9979977491475316,29757,0.1001686476879109,3737,0.12558389622609806,0.11994856413829784,1.046981238402344,1.0159940818974174,1.0787742193645002,-0.030303030303030304,10,True,False,build,
atr_contraction,HIGH,6,mst,0-12,win_100,10,0.9979977491475316,29757,0.1001686476879109,988,0.033202271734381825,0.02863981095301092,1.1593048497721055,1.0903041500384794,1.2325131990978837,-0.2606060606060606,10,True,False,build,
atr_contraction,HIGH,6,mst,0-12,launch_300,10,0.9979977491475316,29757,0.1001686476879109,286,0.009611183923110528,0.007483109984549044,1.284383624316024,1.1444739617946078,1.441210912335813,-0.40606060606060607,10,True,False,build,
atr_contraction,HIGH,6,mst,13-24,win_50,10,0.9986146726795767,3393,0.10014757969303424,454,0.13380489242558208,0.12163518299881937,1.100050899145528,1.009271148107655,1.1976399778332698,0.3586642707712381,10,True,False,build,
atr_contraction,HIGH,6,mst,13-24,win_100,10,0.9986146726795767,3393,0.10014757969303424,110,0.032419687592101384,0.025914994096812277,1.2510011567430466,1.0406713834537986,1.5021399353740197,,2,True,False,build,
atr_contraction,HIGH,6,mst,13-24,launch_300,10,0.9986146726795767,3393,0.10014757969303424,16,0.004715590922487474,0.0036894923258559624,1.278113763631005,0.7873046745425062,2.0725488490263553,,0,False,False,build,
atr_contraction,HIGH,6,mst,>24,win_50,10,0.9981402720054336,6185,0.10020738148472182,719,0.11624898949070331,0.10048281001911798,1.1569042452991276,1.0797679623424972,1.238781578824126,0.23636363636363636,10,True,False,build,
atr_contraction,HIGH,6,mst,>24,win_100,10,0.9981402720054336,6185,0.10020738148472182,169,0.02732417138237672,0.021126988756035126,1.2933301426863923,1.1144676743657207,1.4999668789043021,0.2,10,True,False,build,
atr_contraction,HIGH,6,mst,>24,launch_300,10,0.9981402720054336,6185,0.10020738148472182,33,0.005335489086499595,0.0037749910890768285,1.4133779287421804,1.007095152392334,1.9823322719813328,,0,False,False,build,
atr_contraction,HIGH,12,all,ALL,win_50,10,0.9830287040355439,38752,0.10019857686579514,4909,0.12667733278282411,0.11649842793314578,1.087373752850293,1.059264884928139,1.116117883403573,-0.12727272727272726,10,True,False,build,
atr_contraction,HIGH,12,all,ALL,win_100,10,0.9830287040355439,38752,0.10019857686579514,1237,0.03192093311312964,0.026844075790170445,1.1891239379087957,1.1256328791456176,1.2560716814482171,-0.3212121212121212,10,True,False,build,
atr_contraction,HIGH,12,all,ALL,launch_300,10,0.9830287040355439,38752,0.10019857686579514,324,0.008360858794384807,0.0063735934138672845,1.3117966979496603,1.1770050762486388,1.4618798555948804,-0.06666666666666667,10,True,False,build,
atr_contraction,HIGH,12,drawdown,0-10,win_50,10,0.9815007842273306,29908,0.10019598318229786,3414,0.114150060184566,0.10144893549305684,1.1251972199587883,1.0901603351777072,1.1612110134387696,0.006060606060606061,10,True,False,build,
atr_contraction,HIGH,12,drawdown,0-10,win_100,10,0.9815007842273306,29908,0.10019598318229786,835,0.02791895145111676,0.02191326487880869,1.2740662610305913,1.1915918527740557,1.3620740749753202,-0.09090909090909091,10,True,False,build,
atr_contraction,HIGH,12,drawdown,0-10,launch_300,10,0.9815007842273306,29908,0.10019598318229786,217,0.007255583790290223,0.00512906413842778,1.4146018833982235,1.239016063724774,1.614863240251681,0.24848484848484848,10,True,False,build,
atr_contraction,HIGH,12,drawdown,10-20,win_50,10,0.9848601686201933,3838,0.10016964635260342,358,0.09327774882751433,0.0798381834790552,1.168335059276303,1.058131846267806,1.2887259226372154,0.17629260766721871,10,True,False,build,
atr_contraction,HIGH,12,drawdown,10-20,win_100,10,0.9848601686201933,3838,0.10016964635260342,84,0.021886399166232414,0.015372569489755971,1.4237307029782595,1.1522634698266243,1.757395214174692,,0,False,False,build,
atr_contraction,HIGH,12,drawdown,10-20,launch_300,10,0.9848601686201933,3838,0.10016964635260342,23,0.005992704533611256,0.0040454130236199926,1.481357898098808,0.9879445801667313,2.2189777276696607,,0,False,False,build,
atr_contraction,HIGH,12,drawdown,20-30,win_50,10,0.9910296549055475,2823,0.10020587817691325,503,0.1781792419411973,0.18702967485446542,0.9526789910737162,0.8795580163518507,1.0304765447087596,-0.3939393939393939,10,True,False,build,
atr_contraction,HIGH,12,drawdown,20-30,win_100,10,0.9910296549055475,2823,0.10020587817691325,116,0.041091037902940136,0.03932983103790998,1.0447804330339616,0.873908828013798,1.2473644439094496,-0.023809523809523808,8,True,False,build,
atr_contraction,HIGH,12,drawdown,20-30,launch_300,10,0.9910296549055475,2823,0.10020587817691325,17,0.0060219624512929506,0.004862984523640494,1.2383264684512776,0.7738605598706927,1.978868905619011,,0,False,False,build,
atr_contraction,HIGH,12,drawdown,>30,win_50,10,0.9905810620193839,2183,0.10027560863573726,634,0.29042601923957856,0.2960955443270556,0.9808523795913163,0.9178261245091928,1.0463652830381274,-0.6242424242424243,10,True,False,build,
atr_contraction,HIGH,12,drawdown,>30,win_100,10,0.9905810620193839,2183,0.10027560863573726,202,0.09253321117727897,0.09848415250344511,0.939574630284218,0.8233074151659437,1.0703775052198299,-0.7538028741632801,10,True,False,build,
atr_contraction,HIGH,12,drawdown,>30,launch_300,10,0.9905810620193839,2183,0.10027560863573726,67,0.030691708657810353,0.02949012402388608,1.0407453231783979,0.8219770972352987,1.3154236806267474,,0,False,False,build,
atr_contraction,HIGH,12,mst,0-12,win_50,10,0.9820536509162985,29293,0.10020764702059023,3831,0.13078209811217698,0.11943637688447369,1.0949938496432923,1.063071574248105,1.1277268088732983,-0.12727272727272726,10,True,False,build,
atr_contraction,HIGH,12,mst,0-12,win_100,10,0.9820536509162985,29293,0.10020764702059023,968,0.03304543747653023,0.02821878538466012,1.1710439349559638,1.1006444888673577,1.2457829010045416,-0.3696969696969697,10,True,False,build,
atr_contraction,HIGH,12,mst,0-12,launch_300,10,0.9820536509162985,29293,0.10020764702059023,272,0.009285494828115932,0.007276197904372903,1.2761465466099358,1.1337887783893157,1.4361903211729397,-0.16363636363636364,10,True,False,build,
atr_contraction,HIGH,12,mst,13-24,win_50,10,0.9900963834114422,3364,0.10014587240629931,420,0.1248513674197384,0.1214611056533,1.0279123242638315,0.9394557329129619,1.1234148838876172,-0.24848484848484848,10,True,False,build,
atr_contraction,HIGH,12,mst,13-24,win_100,10,0.9900963834114422,3364,0.10014587240629931,98,0.029131985731272295,0.025750945193653063,1.1312977256637775,0.9306018637268969,1.3737074650836354,,1,False,False,build,
atr_contraction,HIGH,12,mst,13-24,launch_300,10,0.9900963834114422,3364,0.10014587240629931,23,0.006837098692033293,0.003572385460391176,1.9138748513674197,1.2765423852395896,2.8661319501435276,,0,False,False,build,
atr_contraction,HIGH,12,mst,>24,win_50,10,0.9838446237689409,6095,0.10018409546664914,658,0.10795734208367515,0.09964167132384365,1.08345575349499,1.007731505299049,1.1641364566284378,-0.11515151515151516,10,True,False,build,
atr_contraction,HIGH,12,mst,>24,win_100,10,0.9838446237689409,6095,0.10018409546664914,171,0.028055783429040197,0.020842236759919787,1.346102328277561,1.1610102054000715,1.5597194203483986,-0.18333333333333332,9,True,False,build,
atr_contraction,HIGH,12,mst,>24,launch_300,10,0.9838446237689409,6095,0.10018409546664914,29,0.00475799835931091,0.0035832867615634965,1.3278307531365008,0.9251160123304036,1.9046518980027565,,0,False,False,build,
inst_pct,LOWMID,0,all,ALL,win_50,3+4+5+6,0.45013712766471203,70809,0.39983173063349464,6523,0.09212105805759155,0.09697510403902945,0.949945441878729,0.9282077258742228,0.9721394943684127,0.3212121212121212,10,True,False,build,
inst_pct,LOWMID,0,all,ALL,win_100,3+4+5+6,0.45013712766471203,70809,0.39983173063349464,1474,0.020816562866302308,0.022287221127404756,0.9340133858458424,0.8879837205965088,0.9823757572728201,-0.7090909090909091,10,True,False,build,
inst_pct,LOWMID,0,all,ALL,launch_300,3+4+5+6,0.45013712766471203,70809,0.39983173063349464,423,0.005973816887683769,0.006798534136659571,0.8786919014602429,0.7990572086316721,0.9662106348060685,-1.0,5,True,False,build,
inst_pct,LOWMID,0,drawdown,0-10,win_50,3+4+5+6,0.5747153271230859,69884,0.39983293569740763,6367,0.09110812203079388,0.09567292013525343,0.9522874592099179,0.93022175238854,0.9748229995660753,0.3090909090909091,10,True,False,build,
inst_pct,LOWMID,0,drawdown,0-10,win_100,3+4+5+6,0.5747153271230859,69884,0.39983293569740763,1443,0.020648503233930512,0.022067363530778164,0.9357032254954827,0.8891062222201,0.9846881950826187,-0.696969696969697,10,True,False,build,
inst_pct,LOWMID,0,drawdown,0-10,launch_300,3+4+5+6,0.5747153271230859,69884,0.39983293569740763,409,0.005852555663671226,0.006642522442113935,0.8810742778324272,0.7999293072312965,0.970397266782185,-1.0,5,True,False,build,
inst_pct,LOWMID,0,drawdown,10-20,win_50,3+4+5+6,0.05947974501336623,925,0.39974070872947276,156,0.16864864864864865,0.19533275713050993,0.8633915331260464,0.7469296161829923,0.9938847613214284,,0,True,False,build,
inst_pct,LOWMID,0,drawdown,10-20,win_100,3+4+5+6,0.05947974501336623,925,0.39974070872947276,31,0.03351351351351351,0.03889369057908384,0.8616696696696696,0.6095859698948028,1.2129608693187972,,0,False,False,build,
inst_pct,LOWMID,0,drawdown,10-20,launch_300,3+4+5+6,0.05947974501336623,925,0.39974070872947276,14,0.015135135135135135,0.018582541054451167,0.8144814582023884,0.48630477988468845,1.3584823695861656,,0,False,False,build,
inst_pct,LOWMID,0,drawdown,20-30,win_50,3+4+5+6,0.0,0,,0,,,,,,,0,False,False,build,
inst_pct,LOWMID,0,drawdown,20-30,win_100,3+4+5+6,0.0,0,,0,,,,,,,0,False,False,build,
inst_pct,LOWMID,0,drawdown,20-30,launch_300,3+4+5+6,0.0,0,,0,,,,,,,0,False,False,build,
inst_pct,LOWMID,0,drawdown,>30,win_50,3+4+5+6,0.0,0,,0,,,,,,,0,False,False,build,
inst_pct,LOWMID,0,drawdown,>30,win_100,3+4+5+6,0.0,0,,0,,,,,,,0,False,False,build,
inst_pct,LOWMID,0,drawdown,>30,launch_300,3+4+5+6,0.0,0,,0,,,,,,,0,False,False,build,
inst_pct,LOWMID,0,mst,0-12,win_50,3+4+5+6,0.5710547091529068,67964,0.3998282181159292,6357,0.09353481254781944,0.09845690451398081,0.9500076506522461,0.9280060231327046,0.97247593742843,0.3212121212121212,10,True,False,build,
inst_pct,LOWMID,0,mst,0-12,win_100,3+4+5+6,0.5710547091529068,67964,0.3998282181159292,1433,0.021084691895709492,0.022619909049728503,0.9321298264001004,0.8855627509837108,0.9810901656152018,-0.6121212121212121,10,True,False,build,
inst_pct,LOWMID,0,mst,0-12,launch_300,3+4+5+6,0.5710547091529068,67964,0.3998282181159292,410,0.006032605497027838,0.0069065730102422,0.873458586202115,0.7931147436371461,0.9618870258937587,-0.9,5,True,False,build,
inst_pct,LOWMID,0,mst,13-24,win_50,3+4+5+6,0.20968550122321455,2845,0.39991565926342426,166,0.05834797891036907,0.061568737700309246,0.9476884063204694,0.8172253868411337,1.0974968330247987,,0,True,False,build,
inst_pct,LOWMID,0,mst,13-24,win_100,3+4+5+6,0.20968550122321455,2845,0.39991565926342426,41,0.014411247803163444,0.014337925217880236,1.005113890899066,0.7421548888704277,1.359408519244364,,0,False,False,build,
inst_pct,LOWMID,0,mst,13-24,launch_300,3+4+5+6,0.20968550122321455,2845,0.39991565926342426,13,0.0045694200351493845,0.004217036828788305,1.0835618043350908,0.6337115306379734,1.8502472007229982,,0,False,False,build,
inst_pct,LOWMID,0,mst,>24,win_50,3+4+5+6,0.0,0,,0,,,,,,,0,False,False,build,
inst_pct,LOWMID,0,mst,>24,win_100,3+4+5+6,0.0,0,,0,,,,,,,0,False,False,build,
inst_pct,LOWMID,0,mst,>24,launch_300,3+4+5+6,0.0,0,,0,,,,,,,0,False,False,build,
inst_pct,LOWMID,3,all,ALL,win_50,3+4+5+6,0.4318314104959218,67930,0.39983519232467113,6306,0.09283085529221258,0.09699520291945025,0.9570664579082745,0.9348045208922042,0.9798031445325212,0.2727272727272727,10,True,False,build,
inst_pct,LOWMID,3,all,ALL,win_100,3+4+5+6,0.4318314104959218,67930,0.39983519232467113,1429,0.02103636095981157,0.022119544424497484,0.951030480379773,0.9034533063444389,1.0010565280640793,-0.6848484848484848,10,True,False,build,
inst_pct,LOWMID,3,all,ALL,launch_300,3+4+5+6,0.4318314104959218,67930,0.39983519232467113,408,0.006006182835271603,0.0068748344565761205,0.873647630820607,0.7930982081993694,0.9623234737263233,-1.0,5,True,False,build,
inst_pct,LOWMID,3,drawdown,0-10,win_50,3+4+5+6,0.5510438279500594,67006,0.39983530647317167,6150,0.09178282541861923,0.09564755585258736,0.9595940492204059,0.9369824451906493,0.9826949867965218,0.16363636363636364,10,True,False,build,
inst_pct,LOWMID,3,drawdown,0-10,win_100,3+4+5+6,0.5510438279500594,67006,0.39983530647317167,1396,0.020833955168193894,0.021887531029215198,0.9518641065721389,0.9036953171615169,1.0025429140894666,-0.6606060606060606,10,True,False,build,
inst_pct,LOWMID,3,drawdown,0-10,launch_300,3+4+5+6,0.5510438279500594,67006,0.39983530647317167,391,0.005835298331492702,0.006713051365285469,0.8692467871865538,0.7874579541897619,0.9594755598934557,,4,True,False,build,
inst_pct,LOWMID,3,drawdown,10-20,win_50,3+4+5+6,0.059402632120090476,924,0.39982691475551707,156,0.16883116883116883,0.1947209000432713,0.8670418470418471,0.7500976984783981,0.9980688048682966,,0,True,False,build,
inst_pct,LOWMID,3,drawdown,10-20,win_100,3+4+5+6,0.059402632120090476,924,0.39982691475551707,33,0.03571428571428571,0.03894418000865426,0.917063492063492,0.655860504398752,1.276984211326717,,0,False,False,build,
inst_pct,LOWMID,3,drawdown,10-20,launch_300,3+4+5+6,0.059402632120090476,924,0.39982691475551707,17,0.0183982683982684,0.018606663781912593,0.9887999597301923,0.6190389135859468,1.5728855654515679,,0,False,False,build,
inst_pct,LOWMID,3,drawdown,20-30,win_50,3+4+5+6,0.0,0,,0,,,,,,,0,False,False,build,
inst_pct,LOWMID,3,drawdown,20-30,win_100,3+4+5+6,0.0,0,,0,,,,,,,0,False,False,build,
inst_pct,LOWMID,3,drawdown,20-30,launch_300,3+4+5+6,0.0,0,,0,,,,,,,0,False,False,build,
inst_pct,LOWMID,3,drawdown,>30,win_50,3+4+5+6,0.0,0,,0,,,,,,,0,False,False,build,
inst_pct,LOWMID,3,drawdown,>30,win_100,3+4+5+6,0.0,0,,0,,,,,,,0,False,False,build,
inst_pct,LOWMID,3,drawdown,>30,launch_300,3+4+5+6,0.0,0,,0,,,,,,,0,False,False,build,
inst_pct,LOWMID,3,mst,0-12,win_50,3+4+5+6,0.5468126921203367,65080,0.39983534745986593,6137,0.09429932390903503,0.09852119901454226,0.9571475464393805,0.9346001352321245,0.9801810614833726,0.3212121212121212,10,True,False,build,
inst_pct,LOWMID,3,mst,0-12,win_100,3+4+5+6,0.5468126921203367,65080,0.39983534745986593,1390,0.021358328211432083,0.022455411723506607,0.9511439146347923,0.9029223823686092,1.0018816314458943,-0.6848484848484848,10,True,False,build,
inst_pct,LOWMID,3,mst,0-12,launch_300,3+4+5+6,0.5468126921203367,65080,0.39983534745986593,397,0.00610018438844499,0.006991589204199868,0.8725032621740121,0.7910097488649693,0.9623358137543844,,4,True,False,build,
inst_pct,LOWMID,3,mst,13-24,win_50,3+4+5+6,0.21009815191440445,2850,0.3998316498316498,169,0.059298245614035086,0.06214927048260382,0.9541261732208625,0.8239187299106001,1.1034235794990865,,0,True,False,build,
inst_pct,LOWMID,3,mst,13-24,win_100,3+4+5+6,0.21009815191440445,2850,0.3998316498316498,39,0.01368421052631579,0.014450056116722784,0.9470005109862034,0.6938713574223054,1.2907332070212099,,0,False,False,build,
inst_pct,LOWMID,3,mst,13-24,launch_300,3+4+5+6,0.21009815191440445,2850,0.3998316498316498,11,0.0038596491228070177,0.004208754208754209,0.9170526315789475,0.5123984786748573,1.6390632330779669,,0,False,False,build,
inst_pct,LOWMID,3,mst,>24,win_50,3+4+5+6,0.0,0,,0,,,,,,,0,False,False,build,
inst_pct,LOWMID,3,mst,>24,win_100,3+4+5+6,0.0,0,,0,,,,,,,0,False,False,build,
inst_pct,LOWMID,3,mst,>24,launch_300,3+4+5+6,0.0,0,,0,,,,,,,0,False,False,build,
inst_pct,LOWMID,6,all,ALL,win_50,3+4+5+6,0.41341893963078474,65032,0.39982539301940967,6103,0.09384610653216878,0.09799509378977074,0.9576612757113862,0.9350342320846499,0.9807779399685851,0.17575757575757575,10,True,False,build,
inst_pct,LOWMID,6,all,ALL,win_100,3+4+5+6,0.41341893963078474,65032,0.39982539301940967,1336,0.02054373231639808,0.02246527841820831,0.9144659564845277,0.8671822275354766,0.9642709046922703,-0.6606060606060606,10,True,False,build,
inst_pct,LOWMID,6,all,ALL,launch_300,3+4+5+6,0.41341893963078474,65032,0.39982539301940967,400,0.006150818058801821,0.007082649353523802,0.8684346424324436,0.7876128739186538,0.9574934669394407,,4,True,False,build,
inst_pct,LOWMID,6,drawdown,0-10,win_50,3+4+5+6,0.5272375140158029,64110,0.39982787007932946,5944,0.09271564498518171,0.09659232649802924,0.9598655332840894,0.9368745689007861,0.9833617746176097,0.17575757575757575,10,True,False,build,
inst_pct,LOWMID,6,drawdown,0-10,win_100,3+4+5+6,0.5272375140158029,64110,0.39982787007932946,1303,0.020324442364685696,0.022227211495285136,0.9143946090132333,0.8665303407687417,0.964844927706224,-0.6606060606060606,10,True,False,build,
inst_pct,LOWMID,6,drawdown,0-10,launch_300,3+4+5+6,0.5272375140158029,64110,0.39982787007932946,382,0.005958508812977694,0.006922616374794193,0.8607307541514373,0.7788462023279108,0.9511673030602877,,4,True,False,build,
inst_pct,LOWMID,6,drawdown,10-20,win_50,3+4+5+6,0.05929981492905614,922,0.399653229302124,159,0.17245119305856832,0.1954919809276116,0.8821394731399493,0.7644228382538263,1.013760007996682,,0,True,False,build,
inst_pct,LOWMID,6,drawdown,10-20,win_100,3+4+5+6,0.05929981492905614,922,0.399653229302124,33,0.03579175704989154,0.03901170351105332,0.9174620390455531,0.6561517576111261,1.2775155877179063,,0,False,False,build,
inst_pct,LOWMID,6,drawdown,10-20,launch_300,3+4+5+6,0.05929981492905614,922,0.399653229302124,18,0.019522776572668113,0.018205461638491547,1.0723582274558414,0.6802471138365654,1.6834776891378742,,0,False,False,build,
inst_pct,LOWMID,6,drawdown,20-30,win_50,3+4+5+6,0.0,0,,0,,,,,,,0,False,False,build,
inst_pct,LOWMID,6,drawdown,20-30,win_100,3+4+5+6,0.0,0,,0,,,,,,,0,False,False,build,
inst_pct,LOWMID,6,drawdown,20-30,launch_300,3+4+5+6,0.0,0,,0,,,,,,,0,False,False,build,
inst_pct,LOWMID,6,drawdown,>30,win_50,3+4+5+6,0.0,0,,0,,,,,,,0,False,False,build,
inst_pct,LOWMID,6,drawdown,>30,win_100,3+4+5+6,0.0,0,,0,,,,,,,0,False,False,build,
inst_pct,LOWMID,6,drawdown,>30,launch_300,3+4+5+6,0.0,0,,0,,,,,,,0,False,False,build,
inst_pct,LOWMID,6,mst,0-12,win_50,3+4+5+6,0.5226109888633195,62198,0.39982515122490564,5944,0.09556577381909385,0.09966380180377082,0.958881480432127,0.9359488557706022,0.9823153308667155,0.17575757575757575,10,True,False,build,
inst_pct,LOWMID,6,mst,0-12,win_100,3+4+5+6,0.5226109888633195,62198,0.39982515122490564,1303,0.02094922666323676,0.02283962124669748,0.9172317893084998,0.8692331212387289,0.9678211482239081,-0.6848484848484848,10,True,False,build,
inst_pct,LOWMID,6,mst,0-12,launch_300,3+4+5+6,0.5226109888633195,62198,0.39982515122490564,393,0.006318531142480465,0.007212511972641309,0.8760513904792234,0.793839236769844,0.9667179525488782,,4,True,False,build,
inst_pct,LOWMID,6,mst,13-24,win_50,3+4+5+6,0.20891914993957614,2834,0.3998306997742664,159,0.0561044460127029,0.06137133182844244,0.9141800306621566,0.7856652531372471,1.0622766393868108,,0,True,False,build,
inst_pct,LOWMID,6,mst,13-24,win_100,3+4+5+6,0.20891914993957614,2834,0.3998306997742664,33,0.011644318983768526,0.01424943566591422,0.8171775540292209,0.582717985241452,1.1444218798216204,,0,False,False,build,
inst_pct,LOWMID,6,mst,13-24,launch_300,3+4+5+6,0.20891914993957614,2834,0.3998306997742664,7,0.0024700070571630206,0.004232505643340858,0.5835803340390496,0.28280923038766603,1.202595109295189,,0,False,False,build,
inst_pct,LOWMID,6,mst,>24,win_50,3+4+5+6,0.0,0,,0,,,,,,,0,False,False,build,
inst_pct,LOWMID,6,mst,>24,win_100,3+4+5+6,0.0,0,,0,,,,,,,0,False,False,build,
inst_pct,LOWMID,6,mst,>24,launch_300,3+4+5+6,0.0,0,,0,,,,,,,0,False,False,build,
inst_pct,LOWMID,12,all,ALL,win_50,3+4+5+6,0.37202392299500037,58526,0.3998633553103543,5397,0.09221542562280012,0.09758480511051139,0.9449772996766184,0.9212301405774244,0.9692729850450521,-0.006060606060606061,10,True,False,build,
inst_pct,LOWMID,12,all,ALL,win_100,3+4+5+6,0.37202392299500037,58526,0.3998633553103543,1181,0.02017906571438335,0.02216376866054043,0.9104528216047223,0.860456827768685,0.9632905559642355,-0.5757575757575758,10,True,False,build,
inst_pct,LOWMID,12,all,ALL,launch_300,3+4+5+6,0.37202392299500037,58526,0.3998633553103543,358,0.00611693947988928,0.007228504082260103,0.8462248081039645,0.7632073476152895,0.9382108661568344,,3,True,False,build,
inst_pct,LOWMID,12,drawdown,0-10,win_50,3+4+5+6,0.4737686644460593,57614,0.3998667434742475,5239,0.09093275939875725,0.09606268609065607,0.9465981339824537,0.9224419772530935,0.9713221087375723,-0.07878787878787878,10,True,False,build,
inst_pct,LOWMID,12,drawdown,0-10,win_100,3+4+5+6,0.4737686644460593,57614,0.3998667434742475,1150,0.019960426285277885,0.02191792230866931,0.9106897088225755,0.8600247632170146,0.9642750848146691,-0.5757575757575758,10,True,False,build,
inst_pct,LOWMID,12,drawdown,0-10,launch_300,3+4+5+6,0.4737686644460593,57614,0.3998667434742475,340,0.005901343423473461,0.00707231248655289,0.8344291113683284,0.7505346953505666,0.9276393547511522,,3,True,False,build,
inst_pct,LOWMID,12,drawdown,10-20,win_50,3+4+5+6,0.058657207485091505,912,0.39964943032427697,158,0.17324561403508773,0.1936897458369851,0.8944490751766294,0.7747807804591152,1.0282694631425937,,0,True,False,build,
inst_pct,LOWMID,12,drawdown,10-20,win_100,3+4+5+6,0.058657207485091505,912,0.39964943032427697,31,0.03399122807017544,0.03768624014022787,0.9019532843737251,0.6381225192848683,1.269517103806319,,0,False,False,build,
inst_pct,LOWMID,12,drawdown,10-20,launch_300,3+4+5+6,0.058657207485091505,912,0.39964943032427697,18,0.019736842105263157,0.017090271691498685,1.1548582995951417,0.7326033792928902,1.8128548000494227,,0,False,False,build,
inst_pct,LOWMID,12,drawdown,20-30,win_50,3+4+5+6,0.0,0,,0,,,,,,,0,False,False,build,
inst_pct,LOWMID,12,drawdown,20-30,win_100,3+4+5+6,0.0,0,,0,,,,,,,0,False,False,build,
inst_pct,LOWMID,12,drawdown,20-30,launch_300,3+4+5+6,0.0,0,,0,,,,,,,0,False,False,build,
inst_pct,LOWMID,12,drawdown,>30,win_50,3+4+5+6,0.0,0,,0,,,,,,,0,False,False,build,
inst_pct,LOWMID,12,drawdown,>30,win_100,3+4+5+6,0.0,0,,0,,,,,,,0,False,False,build,
inst_pct,LOWMID,12,drawdown,>30,launch_300,3+4+5+6,0.0,0,,0,,,,,,,0,False,False,build,
inst_pct,LOWMID,12,mst,0-12,win_50,3+4+5+6,0.4682915357868745,55738,0.39985939136548204,5230,0.09383185618429078,0.09936582636268419,0.9443071085808266,0.9202259071211072,0.9689517059408576,0.030303030303030304,10,True,False,build,
inst_pct,LOWMID,12,mst,0-12,win_100,3+4+5+6,0.4682915357868745,55738,0.39985939136548204,1143,0.020506656141232194,0.022569120622121467,0.908615647218983,0.8579288414566486,0.9622307344424306,-0.5757575757575758,10,True,False,build,
inst_pct,LOWMID,12,mst,0-12,launch_300,3+4+5+6,0.4682915357868745,55738,0.39985939136548204,355,0.006369083928379203,0.007403475041967373,0.8602830282097778,0.7755580740490088,0.954197899769337,,3,True,False,build,
inst_pct,LOWMID,12,mst,13-24,win_50,3+4+5+6,0.20547056916320336,2788,0.3999426194233252,167,0.05989956958393113,0.06197102280877923,0.966573841596259,0.8339690092260799,1.1187220037928924,,0,True,False,build,
inst_pct,LOWMID,12,mst,13-24,win_100,3+4+5+6,0.20547056916320336,2788,0.3999426194233252,38,0.013629842180774749,0.014058241285324917,0.9695268351242936,0.7075086369327599,1.3267525767326414,,0,False,False,build,
inst_pct,LOWMID,12,mst,13-24,launch_300,3+4+5+6,0.20547056916320336,2788,0.3999426194233252,3,0.0010760401721664275,0.0037297374838617127,0.2885029246220064,0.0981347171469714,0.8469929242315213,,0,False,False,build,
inst_pct,LOWMID,12,mst,>24,win_50,3+4+5+6,0.0,0,,0,,,,,,,0,False,False,build,
inst_pct,LOWMID,12,mst,>24,win_100,3+4+5+6,0.0,0,,0,,,,,,,0,False,False,build,
inst_pct,LOWMID,12,mst,>24,launch_300,3+4+5+6,0.0,0,,0,,,,,,,0,False,False,build,
inst_pct_delta_qoq,HIGH,0,all,ALL,win_50,10,0.432609187426448,17054,0.10019917626805953,2448,0.1435440365896564,0.09716159129499827,1.477374286242735,1.424039433394675,1.532361532205587,0.22424242424242424,10,True,False,build,
inst_pct_delta_qoq,HIGH,0,all,ALL,win_100,10,0.432609187426448,17054,0.10019917626805953,785,0.046030256831241935,0.022355920352994402,2.0589739140431558,1.9228088018774763,2.204285137161893,0.2,10,True,False,build,
inst_pct_delta_qoq,HIGH,0,all,ALL,launch_300,10,0.432609187426448,17054,0.10019917626805953,290,0.017004808256127595,0.006938854648327566,2.4506650042346934,2.1862870580408895,2.7463943640728106,,4,True,False,build,
inst_pct_delta_qoq,HIGH,0,drawdown,0-10,win_50,10,0.5520434300821054,16822,0.10019775088154008,2380,0.14148139341338722,0.09580791956542457,1.4767191903877372,1.4226023223384157,1.5325447342907341,0.22424242424242424,10,True,False,build,
inst_pct_delta_qoq,HIGH,0,drawdown,0-10,win_100,10,0.5520434300821054,16822,0.10019775088154008,767,0.04559505409582689,0.02212784713618603,2.0605282481938585,1.9226949787656036,2.207738287963109,0.18787878787878787,10,True,False,build,
inst_pct_delta_qoq,HIGH,0,drawdown,0-10,launch_300,10,0.5520434300821054,16822,0.10019775088154008,276,0.016407085958863393,0.006778328409415801,2.4205209555902085,2.1531625741255525,2.7204560089819445,,4,True,False,build,
inst_pct_delta_qoq,HIGH,0,drawdown,10-20,win_50,10,0.05945404071560765,232,0.10030263726761782,68,0.29310344827586204,0.19541720709035884,1.4998855660665242,1.219352346006428,1.8149090472449023,,0,False,False,build,
inst_pct_delta_qoq,HIGH,0,drawdown,10-20,win_100,10,0.05945404071560765,232,0.10030263726761782,18,0.07758620689655173,0.038910505836575876,1.9939655172413793,1.2756942224149186,3.0658897302380823,,0,False,False,build,
inst_pct_delta_qoq,HIGH,0,drawdown,10-20,launch_300,10,0.05945404071560765,232,0.10030263726761782,14,0.0603448275862069,0.018590575010808474,3.245990376904571,1.9516837133848814,5.310713221915201,,0,False,False,build,
inst_pct_delta_qoq,HIGH,0,drawdown,20-30,win_50,10,0.0,0,,0,,,,,,,0,False,False,build,
inst_pct_delta_qoq,HIGH,0,drawdown,20-30,win_100,10,0.0,0,,0,,,,,,,0,False,False,build,
inst_pct_delta_qoq,HIGH,0,drawdown,20-30,launch_300,10,0.0,0,,0,,,,,,,0,False,False,build,
inst_pct_delta_qoq,HIGH,0,drawdown,>30,win_50,10,0.0,0,,0,,,,,,,0,False,False,build,
inst_pct_delta_qoq,HIGH,0,drawdown,>30,win_100,10,0.0,0,,0,,,,,,,0,False,False,build,
inst_pct_delta_qoq,HIGH,0,drawdown,>30,launch_300,10,0.0,0,,0,,,,,,,0,False,False,build,
inst_pct_delta_qoq,HIGH,0,mst,0-12,win_50,10,0.5479045235415652,16342,0.1002011134819611,2366,0.14478032064618773,0.09871115689304197,1.4667067553778526,1.4128982267867354,1.5222066970238652,0.22424242424242424,10,True,False,build,
inst_pct_delta_qoq,HIGH,0,mst,0-12,win_100,10,0.5479045235415652,16342,0.1002011134819611,753,0.04607759148207074,0.02270497633237682,2.0294049554398814,1.8924705300235862,2.175736169779165,0.2,10,True,False,build,
inst_pct_delta_qoq,HIGH,0,mst,0-12,launch_300,10,0.5479045235415652,16342,0.1002011134819611,280,0.017133765756945293,0.007057366394427685,2.4277846436418087,2.161518694752368,2.726209632419429,,4,True,False,build,
inst_pct_delta_qoq,HIGH,0,mst,13-24,win_50,10,0.209538125976361,712,0.10015473343648895,82,0.1151685393258427,0.06161204107469405,1.8692537581447848,1.5217430954035347,2.283801380627433,,0,False,False,build,
inst_pct_delta_qoq,HIGH,0,mst,13-24,win_100,10,0.209538125976361,712,0.10015473343648895,32,0.0449438202247191,0.014348009565339711,3.13240801938753,2.2312153266526824,4.373995338958691,,0,False,False,build,
inst_pct_delta_qoq,HIGH,0,mst,13-24,launch_300,10,0.209538125976361,712,0.10015473343648895,10,0.014044943820224719,0.004220002813335209,3.328183520599251,1.8119698454806852,6.080323859329665,,0,False,False,build,
inst_pct_delta_qoq,HIGH,0,mst,>24,win_50,10,0.0,0,,0,,,,,,,0,False,False,build,
inst_pct_delta_qoq,HIGH,0,mst,>24,win_100,10,0.0,0,,0,,,,,,,0,False,False,build,
inst_pct_delta_qoq,HIGH,0,mst,>24,launch_300,10,0.0,0,,0,,,,,,,0,False,False,build,
inst_pct_delta_qoq,HIGH,3,all,ALL,win_50,10,0.4135841536846547,16304,0.10019911993903488,2292,0.14057899901864573,0.0983492711226923,1.429385265532585,1.3759965171542816,1.4844957318619771,0.28484848484848485,10,True,False,build,
inst_pct_delta_qoq,HIGH,3,all,ALL,win_100,10,0.4135841536846547,16304,0.10019911993903488,719,0.044099607458292445,0.022579217778214804,1.9531060770777118,1.8182200793828007,2.0975044895215746,0.3090909090909091,10,True,False,build,
inst_pct_delta_qoq,HIGH,3,all,ALL,launch_300,10,0.4135841536846547,16304,0.10019911993903488,269,0.016499018645731108,0.007079820054573613,2.3304290954503326,2.0698985220280885,2.623133653076141,0.3,5,True,False,build,
inst_pct_delta_qoq,HIGH,3,drawdown,0-10,win_50,10,0.527457821064642,16073,0.1001988641676693,2244,0.13961301561625086,0.09696342520151362,1.4398523497504447,1.3854810924590824,1.495999785525939,0.38181818181818183,10,True,False,build,
inst_pct_delta_qoq,HIGH,3,drawdown,0-10,win_100,10,0.527457821064642,16073,0.1001988641676693,700,0.043551297206495365,0.022342607427171455,1.949248642910471,1.8128423570812582,2.095417935228178,0.296969696969697,10,True,False,build,
inst_pct_delta_qoq,HIGH,3,drawdown,0-10,launch_300,10,0.527457821064642,16073,0.1001988641676693,259,0.016113979966403284,0.006919724956517944,2.3287023787303758,2.063639479426737,2.6271832198127103,,4,True,False,build,
inst_pct_delta_qoq,HIGH,3,drawdown,10-20,win_50,10,0.05924840633353897,231,0.1002169197396963,48,0.2077922077922078,0.1947939262472885,1.0667283718508664,0.8237475985116364,1.3587849913714372,,0,False,False,build,
inst_pct_delta_qoq,HIGH,3,drawdown,10-20,win_100,10,0.05924840633353897,231,0.1002169197396963,19,0.08225108225108226,0.039045553145336226,2.1065416065416067,1.3647363712366196,3.198368702137658,,0,False,False,build,
inst_pct_delta_qoq,HIGH,3,drawdown,10-20,launch_300,10,0.05924840633353897,231,0.1002169197396963,10,0.04329004329004329,0.01822125813449024,2.3757988043702327,1.2996683281484533,4.271928679423411,,0,False,False,build,
inst_pct_delta_qoq,HIGH,3,drawdown,20-30,win_50,10,0.0,0,,0,,,,,,,0,False,False,build,
inst_pct_delta_qoq,HIGH,3,drawdown,20-30,win_100,10,0.0,0,,0,,,,,,,0,False,False,build,
inst_pct_delta_qoq,HIGH,3,drawdown,20-30,launch_300,10,0.0,0,,0,,,,,,,0,False,False,build,
inst_pct_delta_qoq,HIGH,3,drawdown,>30,win_50,10,0.0,0,,0,,,,,,,0,False,False,build,
inst_pct_delta_qoq,HIGH,3,drawdown,>30,win_100,10,0.0,0,,0,,,,,,,0,False,False,build,
inst_pct_delta_qoq,HIGH,3,drawdown,>30,launch_300,10,0.0,0,,0,,,,,,,0,False,False,build,
inst_pct_delta_qoq,HIGH,3,mst,0-12,win_50,10,0.5227184922647943,15590,0.10019602172306308,2225,0.14271969211032715,0.10000321347086989,1.4271510600196884,1.3731255578576445,1.4829367872202168,0.2,10,True,False,build,
inst_pct_delta_qoq,HIGH,3,mst,0-12,win_100,10,0.5227184922647943,15590,0.10019602172306308,695,0.04457985888389993,0.022950608952729844,1.9424259711678549,1.8060917094688422,2.0885369058842276,0.296969696969697,10,True,False,build,
inst_pct_delta_qoq,HIGH,3,mst,0-12,launch_300,10,0.5227184922647943,15590,0.10019602172306308,259,0.01661321359846055,0.007211028632025451,2.303861826962985,2.041681739441697,2.5990690284236497,,4,True,False,build,
inst_pct_delta_qoq,HIGH,3,mst,13-24,win_50,10,0.2098918265688095,714,0.10026681645836259,67,0.0938375350140056,0.06221036371296166,1.5083907152025597,1.1986578622103754,1.888000639235861,,0,False,False,build,
inst_pct_delta_qoq,HIGH,3,mst,13-24,win_100,10,0.2098918265688095,714,0.10026681645836259,24,0.03361344537815126,0.014464260637550906,2.3238965489108265,1.568732418903629,3.4241626421893505,,0,False,False,build,
inst_pct_delta_qoq,HIGH,3,mst,13-24,launch_300,10,0.2098918265688095,714,0.10026681645836259,10,0.014005602240896359,0.004212891447830361,3.3244631185807654,1.8099327898866866,6.073657037793412,,0,False,False,build,
inst_pct_delta_qoq,HIGH,3,mst,>24,win_50,10,0.0,0,,0,,,,,,,0,False,False,build,
inst_pct_delta_qoq,HIGH,3,mst,>24,win_100,10,0.0,0,,0,,,,,,,0,False,False,build,
inst_pct_delta_qoq,HIGH,3,mst,>24,launch_300,10,0.0,0,,0,,,,,,,0,False,False,build,
inst_pct_delta_qoq,HIGH,6,all,ALL,win_50,10,0.3929781485350597,15489,0.10018174879858223,2106,0.13596746077861707,0.09850655524581363,1.3802884532843867,1.3264072652207934,1.4360022518909716,0.3696969696969697,10,True,False,build,
inst_pct_delta_qoq,HIGH,6,all,ALL,win_100,10,0.3929781485350597,15489,0.10018174879858223,664,0.04286913293304926,0.022540731781461622,1.9018518719213238,1.7652857943394413,2.048474930835215,0.24848484848484848,10,True,False,build,
inst_pct_delta_qoq,HIGH,6,all,ALL,launch_300,10,0.3929781485350597,15489,0.10018174879858223,245,0.015817677061140165,0.007257016085738864,2.179639244871497,1.9249490748074138,2.4674155434134453,,4,True,False,build,
inst_pct_delta_qoq,HIGH,6,drawdown,0-10,win_50,10,0.5008171089796496,15259,0.10018449336546101,2063,0.1351988990104201,0.09703957087237129,1.393234716466717,1.3382710217256848,1.450090746393117,0.3696969696969697,10,True,False,build,
inst_pct_delta_qoq,HIGH,6,drawdown,0-10,win_100,10,0.5008171089796496,15259,0.10018449336546101,644,0.042204600563601806,0.022296778259984638,1.89285645089565,1.7548752625311845,2.041172868183763,0.17629260766721871,10,True,False,build,
inst_pct_delta_qoq,HIGH,6,drawdown,0-10,launch_300,10,0.5008171089796496,15259,0.10018449336546101,234,0.015335212006029228,0.007097413810083449,2.160676045722762,1.9026507864384699,2.453075468056234,,4,True,False,build,
inst_pct_delta_qoq,HIGH,6,drawdown,10-20,win_50,10,0.05911988484474604,230,0.1,43,0.18695652173913044,0.1956521739130435,0.9555555555555555,0.7250855647709052,1.23859393382357,,0,False,False,build,
inst_pct_delta_qoq,HIGH,6,drawdown,10-20,win_100,10,0.05911988484474604,230,0.1,20,0.08695652173913043,0.03869565217391304,2.247191011235955,1.4729106625959247,3.3721733831147227,,0,False,False,build,
inst_pct_delta_qoq,HIGH,6,drawdown,10-20,launch_300,10,0.05911988484474604,230,0.1,11,0.04782608695652174,0.017826086956521738,2.682926829268293,1.5097087121915516,4.689546211325202,,0,False,False,build,
inst_pct_delta_qoq,HIGH,6,drawdown,20-30,win_50,10,0.0,0,,0,,,,,,,0,False,False,build,
inst_pct_delta_qoq,HIGH,6,drawdown,20-30,win_100,10,0.0,0,,0,,,,,,,0,False,False,build,
inst_pct_delta_qoq,HIGH,6,drawdown,20-30,launch_300,10,0.0,0,,0,,,,,,,0,False,False,build,
inst_pct_delta_qoq,HIGH,6,drawdown,>30,win_50,10,0.0,0,,0,,,,,,,0,False,False,build,
inst_pct_delta_qoq,HIGH,6,drawdown,>30,win_100,10,0.0,0,,0,,,,,,,0,False,False,build,
inst_pct_delta_qoq,HIGH,6,drawdown,>30,launch_300,10,0.0,0,,0,,,,,,,0,False,False,build,
inst_pct_delta_qoq,HIGH,6,mst,0-12,win_50,10,0.4956511514622142,14781,0.10018435928370996,2040,0.13801501928151005,0.10028602800634413,1.3762138358174796,1.3217051331681444,1.4325982222923326,0.3696969696969697,10,True,False,build,
inst_pct_delta_qoq,HIGH,6,mst,0-12,win_100,10,0.4956511514622142,14781,0.10018435928370996,646,0.04370475610581152,0.02293646382626849,1.905470539698351,1.7668740004845223,2.0544048995367254,0.2606060606060606,10,True,False,build,
inst_pct_delta_qoq,HIGH,6,mst,0-12,launch_300,10,0.4956511514622142,14781,0.10018435928370996,236,0.015966443407076654,0.00740148300776749,2.1571951716055637,1.9006790182365627,2.447694678801566,,4,True,False,build,
inst_pct_delta_qoq,HIGH,6,mst,13-24,win_50,10,0.20841807410027413,708,0.10012728044123886,66,0.09322033898305085,0.06137745721962947,1.5188041865187847,1.2047568382016594,1.904382361463877,,0,False,False,build,
inst_pct_delta_qoq,HIGH,6,mst,13-24,win_100,10,0.20841807410027413,708,0.10012728044123886,18,0.025423728813559324,0.014283693961250177,1.7799127370364156,1.1300444481589125,2.788379460395375,,0,False,False,build,
inst_pct_delta_qoq,HIGH,6,mst,13-24,launch_300,10,0.20841807410027413,708,0.10012728044123886,9,0.012711864406779662,0.004242681374628765,2.9961864406779664,1.5796415767842797,5.652350595197283,,0,False,False,build,
inst_pct_delta_qoq,HIGH,6,mst,>24,win_50,10,0.0,0,,0,,,,,,,0,False,False,build,
inst_pct_delta_qoq,HIGH,6,mst,>24,win_100,10,0.0,0,,0,,,,,,,0,False,False,build,
inst_pct_delta_qoq,HIGH,6,mst,>24,launch_300,10,0.0,0,,0,,,,,,,0,False,False,build,
inst_pct_delta_qoq,HIGH,12,all,ALL,win_50,10,0.34970477519450777,13787,0.10020787300848936,1934,0.14027707260462755,0.09868880102337481,1.4214082160285075,1.3636851127747236,1.4811619720389602,0.2,10,True,False,build,
inst_pct_delta_qoq,HIGH,12,all,ALL,win_100,10,0.34970477519450777,13787,0.10020787300848936,598,0.04337419308043809,0.022211885102918945,1.9527470486842258,1.8053090499090154,2.111637815192552,0.3212121212121212,10,True,False,build,
inst_pct_delta_qoq,HIGH,12,all,ALL,launch_300,10,0.34970477519450777,13787,0.10020787300848936,214,0.01552186842677885,0.00734096988021863,2.1144165798316252,1.851155403424233,2.4144445835415853,,3,True,False,build,
inst_pct_delta_qoq,HIGH,12,drawdown,0-10,win_50,10,0.44493803453230785,13560,0.10021061966522558,1881,0.13871681415929205,0.09709936075084064,1.4286068732753332,1.3697443272476666,1.4895769546093174,0.2727272727272727,10,True,False,build,
inst_pct_delta_qoq,HIGH,12,drawdown,0-10,win_100,10,0.44493803453230785,13560,0.10021061966522558,586,0.04321533923303835,0.02196356649299782,1.9675920687478414,1.8175663845378753,2.129397938422762,0.3212121212121212,10,True,False,build,
inst_pct_delta_qoq,HIGH,12,drawdown,0-10,launch_300,10,0.44493803453230785,13560,0.10021061966522558,205,0.015117994100294985,0.007190629272438385,2.102457730402277,1.8353368293823398,2.4077741709427976,,3,True,False,build,
inst_pct_delta_qoq,HIGH,12,drawdown,10-20,win_50,10,0.0583230516142299,227,0.1000440722785368,53,0.23348017621145375,0.19347730277655356,1.2067574483457597,0.9466868908335437,1.512675105563516,,0,False,False,build,
inst_pct_delta_qoq,HIGH,12,drawdown,10-20,win_100,10,0.0583230516142299,227,0.1000440722785368,12,0.05286343612334802,0.0370207139709123,1.4279421019509124,0.8237394414852653,2.434127838416032,,0,False,False,build,
inst_pct_delta_qoq,HIGH,12,drawdown,10-20,launch_300,10,0.0583230516142299,227,0.1000440722785368,9,0.039647577092511016,0.01630674305861613,2.431360876294797,1.287602006024201,4.5147036744374125,,0,False,False,build,
inst_pct_delta_qoq,HIGH,12,drawdown,20-30,win_50,10,0.0,0,,0,,,,,,,0,False,False,build,
inst_pct_delta_qoq,HIGH,12,drawdown,20-30,win_100,10,0.0,0,,0,,,,,,,0,False,False,build,
inst_pct_delta_qoq,HIGH,12,drawdown,20-30,launch_300,10,0.0,0,,0,,,,,,,0,False,False,build,
inst_pct_delta_qoq,HIGH,12,drawdown,>30,win_50,10,0.0,0,,0,,,,,,,0,False,False,build,
inst_pct_delta_qoq,HIGH,12,drawdown,>30,win_100,10,0.0,0,,0,,,,,,,0,False,False,build,
inst_pct_delta_qoq,HIGH,12,drawdown,>30,launch_300,10,0.0,0,,0,,,,,,,0,False,False,build,
inst_pct_delta_qoq,HIGH,12,mst,0-12,win_50,10,0.439067407992206,13097,0.10021041355828456,1854,0.1415591356799267,0.1007383603045258,1.405215801130793,1.34699456506179,1.465523687305902,0.2,10,True,False,build,
inst_pct_delta_qoq,HIGH,12,mst,0-12,win_100,10,0.439067407992206,13097,0.10021041355828456,582,0.04443765747881194,0.022694058686254254,1.958118558392895,1.808407305967002,2.1196021465034685,0.28484848484848485,10,True,False,build,
inst_pct_delta_qoq,HIGH,12,mst,0-12,launch_300,10,0.439067407992206,13097,0.10021041355828456,211,0.01611055967015347,0.007551933891885688,2.1333025289672825,1.8659976668323175,2.4381837728054134,,3,True,False,build,
inst_pct_delta_qoq,HIGH,12,mst,13-24,win_50,10,0.20305361511480532,690,0.10015967484395413,80,0.11594202898550725,0.05980548700827406,1.9386520332066977,1.5742974901463636,2.374115104500507,,0,False,False,build,
inst_pct_delta_qoq,HIGH,12,mst,13-24,win_100,10,0.20305361511480532,690,0.10015967484395413,16,0.02318840579710145,0.0130643054144288,1.7749436392914653,1.0963350177382782,2.8576872203830663,,0,False,False,build,
inst_pct_delta_qoq,HIGH,12,mst,13-24,launch_300,10,0.20305361511480532,690,0.10015967484395413,3,0.004347826086956522,0.0033386558281318043,1.3022684310018904,0.44321177126247585,3.805209596436086,,0,False,False,build,
inst_pct_delta_qoq,HIGH,12,mst,>24,win_50,10,0.0,0,,0,,,,,,,0,False,False,build,
inst_pct_delta_qoq,HIGH,12,mst,>24,win_100,10,0.0,0,,0,,,,,,,0,False,False,build,
inst_pct_delta_qoq,HIGH,12,mst,>24,launch_300,10,0.0,0,,0,,,,,,,0,False,False,build,
insider_buy_count_90d,HIGH,0,all,ALL,win_50,10,0.8238589427825606,22203,0.06850029309227779,3153,0.14200783677881368,0.12680406009934286,1.1198997624173834,1.0841797726155544,1.1565964939719127,0.1,5,True,False,build,
insider_buy_count_90d,HIGH,0,all,ALL,win_100,10,0.8238589427825606,22203,0.06850029309227779,893,0.04021979011845246,0.0297257273316262,1.3530296389303578,1.2687324431361948,1.442678108580672,0.3,5,True,False,build,
insider_buy_count_90d,HIGH,0,all,ALL,launch_300,10,0.8238589427825606,22203,0.06850029309227779,309,0.013917038238075935,0.007719125042421251,1.8029294980445856,1.6139227250714525,2.013722482485292,,4,True,False,build,
insider_buy_count_90d,HIGH,0,drawdown,0-10,win_50,10,0.7962389969781765,16305,0.06733346272810992,1972,0.1209444955535112,0.10853468674763476,1.1143395644079368,1.0690476154152186,1.1612767839512457,,4,True,False,build,
insider_buy_count_90d,HIGH,0,drawdown,0-10,win_100,10,0.7962389969781765,16305,0.06733346272810992,530,0.032505366452008584,0.023840299314895955,1.363463017920186,1.253825177112154,1.482338646910761,,4,True,False,build,
insider_buy_count_90d,HIGH,0,drawdown,0-10,launch_300,10,0.7962389969781765,16305,0.06733346272810992,189,0.011591536338546458,0.006413300681800349,1.8074213129349908,1.568582421800375,2.08213625674642,,4,True,False,build,
insider_buy_count_90d,HIGH,0,drawdown,10-20,win_50,10,0.8115617931318116,2226,0.07050327811737878,237,0.10646900269541779,0.09498622240521964,1.1208889036686982,0.9930601133352552,1.2629925103199362,,4,True,False,build,
insider_buy_count_90d,HIGH,0,drawdown,10-20,win_100,10,0.8115617931318116,2226,0.07050327811737878,57,0.025606469002695417,0.01852848953219523,1.3820052065335082,1.0695299618466674,1.7826971781624388,,1,False,False,build,
insider_buy_count_90d,HIGH,0,drawdown,10-20,launch_300,10,0.8115617931318116,2226,0.07050327811737878,25,0.011230907457322551,0.00500427580527666,2.244262285759778,1.5224480917934344,3.3025994369332885,,1,False,False,build,
insider_buy_count_90d,HIGH,0,drawdown,20-30,win_50,10,1.0,2021,0.0710943821015232,323,0.15982187036120732,0.18679424490801,0.8556038246248663,0.773542776973747,0.9445748724369448,,4,True,False,build,
insider_buy_count_90d,HIGH,0,drawdown,20-30,win_100,10,1.0,2021,0.0710943821015232,62,0.030677882236516577,0.03922327364829212,0.7821346711546697,0.6120000760531246,0.9976699448188583,,1,False,False,build,
insider_buy_count_90d,HIGH,0,drawdown,20-30,launch_300,10,1.0,2021,0.0710943821015232,10,0.004948045522018802,0.004819361874274457,1.0267013872586022,0.5581473319769814,1.885014666483106,,0,False,False,build,
insider_buy_count_90d,HIGH,0,drawdown,>30,win_50,10,1.0,1651,0.07512399326568685,621,0.37613567534827375,0.296218774172999,1.2697901285912463,1.1919641785572554,1.349557426883736,0.9,5,True,False,build,
insider_buy_count_90d,HIGH,0,drawdown,>30,win_100,10,1.0,1651,0.07512399326568685,244,0.14778921865536038,0.09837557446421259,1.50229586419466,1.3365972124634278,1.6846165878103112,,4,True,False,build,
insider_buy_count_90d,HIGH,0,drawdown,>30,launch_300,10,1.0,1651,0.07512399326568685,85,0.0514839491217444,0.029758383764845065,1.730065366740943,1.4055636207597648,2.1245413931635393,,1,False,False,build,
insider_buy_count_90d,HIGH,0,mst,0-12,win_50,10,0.8790855491912049,17785,0.06796650781700825,2634,0.14810233342704526,0.13125924340684747,1.1283192679085572,1.0891273436640219,1.168669076040337,0.3,5,True,False,build,
insider_buy_count_90d,HIGH,0,mst,0-12,win_100,10,0.8790855491912049,17785,0.06796650781700825,774,0.04351982007309531,0.03148586212563008,1.3822019514488493,1.2900586563653123,1.480606839832903,0.4,5,True,False,build,
insider_buy_count_90d,HIGH,0,mst,0-12,launch_300,10,0.8790855491912049,17785,0.06796650781700825,263,0.014787742479617656,0.008502978908790742,1.739124915896176,1.5424817966156767,1.9604136230428078,,4,True,False,build,
insider_buy_count_90d,HIGH,0,mst,13-24,win_50,10,1.0,2254,0.06643676128157515,257,0.11401952085181899,0.12146667845668642,0.9386897073379429,0.8360298928955432,1.0521623904043822,,4,True,False,build,
insider_buy_count_90d,HIGH,0,mst,13-24,win_100,10,1.0,2254,0.06643676128157515,54,0.023957409050576754,0.02587909334748136,0.9257437549645985,0.7113106843960845,1.2027703627080448,,1,False,False,build,
insider_buy_count_90d,HIGH,0,mst,13-24,launch_300,10,1.0,2254,0.06643676128157515,11,0.0048802129547471165,0.003684381171338462,1.3245678793256432,0.7402153924241939,2.36619643119472,,0,False,False,build,
insider_buy_count_90d,HIGH,0,mst,>24,win_50,10,0.46137425813024563,2164,0.07584998247458816,262,0.12107208872458411,0.0922888187872415,1.3118825261345934,1.1701869936683476,1.468129505383893,,4,True,False,build,
insider_buy_count_90d,HIGH,0,mst,>24,win_100,10,0.46137425813024563,2164,0.07584998247458816,65,0.030036968576709795,0.01815632667367683,1.6543527287519895,1.301829092696512,2.098611219052774,,1,False,False,build,
insider_buy_count_90d,HIGH,0,mst,>24,launch_300,10,0.46137425813024563,2164,0.07584998247458816,35,0.016173752310536044,0.005327725201542236,3.035770746181535,2.1871024084652544,4.206283720215453,,0,False,False,build,
insider_buy_count_90d,HIGH,3,all,ALL,win_50,10,0.8051007932816341,21472,0.06778847671665351,2923,0.13613077496274217,0.1292817679558011,1.0529773618912963,1.0180009732460118,1.0889606451989324,0.1,5,True,False,build,
insider_buy_count_90d,HIGH,3,all,ALL,win_100,10,0.8051007932816341,21472,0.06778847671665351,892,0.0415424739195231,0.030336227308602998,1.3694014584253245,1.2840912540049256,1.4601181295416181,0.3,5,True,False,build,
insider_buy_count_90d,HIGH,3,all,ALL,launch_300,10,0.8051007932816341,21472,0.06778847671665351,256,0.011922503725782414,0.007854775059194949,1.5178669835778054,1.3438408042636754,1.7141227311045768,,4,True,False,build,
insider_buy_count_90d,HIGH,3,drawdown,0-10,win_50,10,0.7802026167216338,15971,0.06730979955832027,1952,0.12222152651681172,0.1104578634164433,1.1064991005304672,1.0613309467544643,1.153312119068456,,4,True,False,build,
insider_buy_count_90d,HIGH,3,drawdown,0-10,win_100,10,0.7802026167216338,15971,0.06730979955832027,549,0.034374804332853295,0.02427974173536304,1.415781300621784,1.3039398293015243,1.5368459806795731,,4,True,False,build,
insider_buy_count_90d,HIGH,3,drawdown,0-10,launch_300,10,0.7802026167216338,15971,0.06730979955832027,157,0.009830317450378812,0.00650297543788668,1.5116645517537803,1.293828576918672,1.765751857896982,,4,True,False,build,
insider_buy_count_90d,HIGH,3,drawdown,10-20,win_50,10,0.7474552745219001,2206,0.07586230613157262,197,0.08930190389845875,0.10045049692217752,0.8890140580155023,0.7775405409716172,1.014702208587474,,3,True,False,build,
insider_buy_count_90d,HIGH,3,drawdown,10-20,win_100,10,0.7474552745219001,2206,0.07586230613157262,44,0.019945602901178604,0.019636163554455105,1.0157586458202672,0.7583647973748153,1.3581485707496708,,1,False,False,build,
insider_buy_count_90d,HIGH,3,drawdown,10-20,launch_300,10,0.7474552745219001,2206,0.07586230613157262,17,0.0077062556663644605,0.00529591801643798,1.4551312241702086,0.9095692696423934,2.3238758982702574,,1,False,False,build,
insider_buy_count_90d,HIGH,3,drawdown,20-30,win_50,10,0.9997889330566011,1863,0.06555012138911369,300,0.1610305958132045,0.18683367932162837,0.8618927615079257,0.7763065968372875,0.9549455467231647,,4,True,False,build,
insider_buy_count_90d,HIGH,3,drawdown,20-30,win_100,10,0.9997889330566011,1863,0.06555012138911369,89,0.04777241009125067,0.03923155413250765,1.2177037374021842,0.993671367894251,1.4891756272561745,,1,False,False,build,
insider_buy_count_90d,HIGH,3,drawdown,20-30,launch_300,10,0.9997889330566011,1863,0.06555012138911369,12,0.00644122383252818,0.004820379296998698,1.336248339739295,0.7651873203191535,2.3286917797307516,,1,False,False,build,
insider_buy_count_90d,HIGH,3,drawdown,>30,win_50,10,0.9998634936524549,1432,0.06516792573040867,474,0.33100558659217877,0.29625921543642486,1.1172836804572253,1.0366372486412214,1.2009823627838359,0.5,5,True,False,build,
insider_buy_count_90d,HIGH,3,drawdown,>30,win_100,10,0.9998634936524549,1432,0.06516792573040867,210,0.14664804469273743,0.0983890051879494,1.4904921989260926,1.313879279905815,1.6863218982404262,1.0,5,True,False,build,
insider_buy_count_90d,HIGH,3,drawdown,>30,launch_300,10,0.9998634936524549,1432,0.06516792573040867,70,0.04888268156424581,0.02976244652771457,1.6424282028940937,1.3060602624265516,2.059899824663849,,1,False,False,build,
insider_buy_count_90d,HIGH,3,mst,0-12,win_50,10,0.8543228125577411,16946,0.06663730525123672,2439,0.14392777056532516,0.13447003955926418,1.0703333697012318,1.0316312043819107,1.1102357888915826,0.1,5,True,False,build,
insider_buy_count_90d,HIGH,3,mst,0-12,win_100,10,0.8543228125577411,16946,0.06663730525123672,772,0.04555647350407176,0.03229624619546838,1.4105810696496355,1.3165184401074146,1.51102175651916,0.4,5,True,False,build,
insider_buy_count_90d,HIGH,3,mst,0-12,launch_300,10,0.8543228125577411,16946,0.06663730525123672,221,0.013041425705181164,0.008694386988698477,1.4999821979552148,1.315822290699155,1.7095292344920976,,4,True,False,build,
insider_buy_count_90d,HIGH,3,mst,13-24,win_50,10,0.9998231497037757,2455,0.07237404557648654,238,0.09694501018329939,0.12148816367441997,0.7979790561581409,0.7067577340366323,0.8995667312374589,,4,True,False,build,
insider_buy_count_90d,HIGH,3,mst,13-24,win_100,10,0.9998231497037757,2455,0.07237404557648654,60,0.024439918533604887,0.02588367088234427,0.9442214995198307,0.7353903752013914,1.2104609892139382,,1,False,False,build,
insider_buy_count_90d,HIGH,3,mst,13-24,launch_300,10,0.9998231497037757,2455,0.07237404557648654,5,0.002036659877800407,0.003685032870493205,0.5526843177189409,0.2361562040401843,1.2914449351599273,,0,False,False,build,
insider_buy_count_90d,HIGH,3,mst,>24,win_50,10,0.46132574348690913,2071,0.07259788971851229,246,0.11878319652341864,0.092298524205139,1.2869457832220141,1.1435717778145307,1.4456136991751174,,4,True,False,build,
insider_buy_count_90d,HIGH,3,mst,>24,win_100,10,0.46132574348690913,2071,0.07259788971851229,60,0.028971511347175277,0.018158236057068743,1.5955025177622955,1.243187285546596,2.0438716016611265,,1,False,False,build,
insider_buy_count_90d,HIGH,3,mst,>24,launch_300,10,0.46132574348690913,2071,0.07259788971851229,30,0.014485755673587638,0.005328285483927507,2.7186523164502274,1.9078458156736764,3.866867113885088,,1,False,False,build,
insider_buy_count_90d,HIGH,6,all,ALL,win_50,10,0.7866374873229985,21497,0.06946033100043297,2896,0.13471647206586965,0.1315633017325501,1.0239669443666708,0.9897717862769895,1.0591542266772422,-0.2,5,True,False,build,
insider_buy_count_90d,HIGH,6,all,ALL,win_100,10,0.7866374873229985,21497,0.06946033100043297,813,0.037819230590314924,0.03084469087454683,1.2261179969069982,1.1460862425576732,1.3115040447949784,0.1,5,True,False,build,
insider_buy_count_90d,HIGH,6,all,ALL,launch_300,10,0.7866374873229985,21497,0.06946033100043297,201,0.009350141880262362,0.007984206070710792,1.1710797288364538,1.0205624225123513,1.343555939553654,,4,True,False,build,
insider_buy_count_90d,HIGH,6,drawdown,0-10,win_50,10,0.7798770883957372,16523,0.06966527108446434,1943,0.11759365732615143,0.11047023952575502,1.0644826862961192,1.0208236336431131,1.1097509615184233,0.1,5,True,False,build,
insider_buy_count_90d,HIGH,6,drawdown,0-10,win_100,10,0.7798770883957372,16523,0.06966527108446434,524,0.031713369242873574,0.024268795034931716,1.3067549994643894,1.2010637579770065,1.4214163943296567,,4,True,False,build,
insider_buy_count_90d,HIGH,6,drawdown,0-10,launch_300,10,0.7798770883957372,16523,0.06966527108446434,142,0.008594080978030624,0.006493041062160328,1.3235833403417983,1.1237262207210157,1.5586231107386166,,4,True,False,build,
insider_buy_count_90d,HIGH,6,drawdown,10-20,win_50,10,0.6250771128932757,1658,0.06817994900896455,185,0.11158021712907117,0.1157167530224525,0.9642529211601821,0.8409664497731464,1.1030576051455525,,3,True,False,build,
insider_buy_count_90d,HIGH,6,drawdown,10-20,win_100,10,0.6250771128932757,1658,0.06817994900896455,47,0.028347406513872134,0.022246895303890124,1.274218542706733,0.9612222816451585,1.6852290966491017,,1,False,False,build,
insider_buy_count_90d,HIGH,6,drawdown,10-20,launch_300,10,0.6250771128932757,1658,0.06817994900896455,11,0.0066344993968636915,0.006086026811415413,1.0901199752225084,0.6093673406203702,1.9456483852348987,,1,False,False,build,
insider_buy_count_90d,HIGH,6,drawdown,20-30,win_50,10,0.9153973335209484,1769,0.06798093920528783,310,0.17524024872809496,0.19956190915379293,0.8781247356831287,0.7929028316442275,0.9703991030284508,-0.5,5,True,False,build,
insider_buy_count_90d,HIGH,6,drawdown,20-30,win_100,10,0.9153973335209484,1769,0.06798093920528783,82,0.046353872244205764,0.04181077549765583,1.108658514281914,0.8969124593995138,1.3674248556107618,,2,False,False,build,
insider_buy_count_90d,HIGH,6,drawdown,20-30,launch_300,10,0.9153973335209484,1769,0.06798093920528783,10,0.005652911249293386,0.004957343786027208,1.140310515729554,0.6199793389204359,2.0927963802750678,,0,False,False,build,
insider_buy_count_90d,HIGH,6,drawdown,>30,win_50,10,0.9996359830732129,1547,0.07041740634530474,458,0.2960568842921784,0.2962811234011562,0.9992431542502485,0.924243116981968,1.0776532658776583,0.5,5,True,False,build,
insider_buy_count_90d,HIGH,6,drawdown,>30,win_100,10,0.9996359830732129,1547,0.07041740634530474,160,0.10342598577892695,0.09836587919340889,1.0514416851352366,0.9070313217238976,1.215824830342866,0.6,5,True,False,build,
insider_buy_count_90d,HIGH,6,drawdown,>30,launch_300,10,0.9996359830732129,1547,0.07041740634530474,38,0.02456367162249515,0.02976922026491875,0.8251365472088623,0.6029027552972216,1.1264898667846106,,1,False,False,build,
insider_buy_count_90d,HIGH,6,mst,0-12,win_50,10,0.8299800110862883,17108,0.06924745806618743,2458,0.1436754734627075,0.13747085680979212,1.0451340509319749,1.007481918662006,1.0839499461177902,-0.2,5,True,False,build,
insider_buy_count_90d,HIGH,6,mst,0-12,win_100,10,0.8299800110862883,17108,0.06924745806618743,704,0.04115033902267945,0.03298847224920666,1.2474157248573121,1.1602649353687322,1.3408115892074226,0.2,5,True,False,build,
insider_buy_count_90d,HIGH,6,mst,0-12,launch_300,10,0.8299800110862883,17108,0.06924745806618743,174,0.01017068038344634,0.008880577682792564,1.145272385055934,0.9879193554379515,1.3273901103882244,,4,True,False,build,
insider_buy_count_90d,HIGH,6,mst,13-24,win_50,10,0.9994104990125858,2407,0.07098829150322943,231,0.09597008724553385,0.12153832541952989,0.7896281844781161,0.6980394080721549,0.8918109080981667,,4,True,False,build,
insider_buy_count_90d,HIGH,6,mst,13-24,win_100,10,0.9994104990125858,2407,0.07098829150322943,59,0.024511840465309513,0.02589435809714808,0.9466093105435646,0.7357062035964056,1.2160307699382356,,1,False,False,build,
insider_buy_count_90d,HIGH,6,mst,13-24,launch_300,10,0.9994104990125858,2407,0.07098829150322943,11,0.004570004154549232,0.0036865543987967086,1.2396410469464065,0.6927211712464166,2.214832431866714,,0,False,False,build,
insider_buy_count_90d,HIGH,6,mst,>24,win_50,10,0.46126105729579375,1982,0.06948778179013428,207,0.10443995963673057,0.09231146793815517,1.1313866193385742,0.9937263038459029,1.2856251726953207,,3,True,False,build,
insider_buy_count_90d,HIGH,6,mst,>24,win_100,10,0.46126105729579375,1982,0.06948778179013428,50,0.025227043390514632,0.01816078252638222,1.3890945147251907,1.0565386137712973,1.8227927625652625,,1,False,False,build,
insider_buy_count_90d,HIGH,6,mst,>24,launch_300,10,0.46126105729579375,1982,0.06948778179013428,16,0.008072653884964682,0.005329032710444203,1.5148441234266292,0.9335888834135464,2.4532358244754544,,1,False,False,build,
insider_buy_count_90d,HIGH,12,all,ALL,win_50,10,0.7525347648495663,21245,0.0717569215284275,2761,0.12995999058602023,0.122518737186264,1.0607356357945754,1.0243754024181861,1.0981879055338828,0.0,5,True,False,build,
insider_buy_count_90d,HIGH,12,all,ALL,win_100,10,0.7525347648495663,21245,0.0717569215284275,732,0.03445516592139327,0.026503956847896942,1.3000008307864133,1.210591730472726,1.3957609254217953,0.4,5,True,False,build,
insider_buy_count_90d,HIGH,12,all,ALL,launch_300,10,0.7525347648495663,21245,0.0717569215284275,153,0.00720169451635679,0.006670742293181657,1.0795941740573358,0.9219938873381789,1.2639052039174354,,4,True,False,build,
insider_buy_count_90d,HIGH,12,drawdown,0-10,win_50,10,0.7744022938238398,16908,0.07179252012636299,2009,0.11881949373077832,0.11013026937056286,1.0788995106420582,1.0353972344278943,1.123974173213197,0.0,5,True,False,build,
insider_buy_count_90d,HIGH,12,drawdown,0-10,win_100,10,0.7744022938238398,16908,0.07179252012636299,577,0.0341258575822096,0.023930840042120996,1.4260200445176274,1.3160169168571672,1.5448671154525149,,4,True,False,build,
insider_buy_count_90d,HIGH,12,drawdown,0-10,launch_300,10,0.7744022938238398,16908,0.07179252012636299,122,0.007215519280813816,0.006356364006929583,1.1351645804028212,0.951322697683788,1.354225992485964,,3,True,False,build,
insider_buy_count_90d,HIGH,12,drawdown,10-20,win_50,10,0.6225580917129344,1663,0.06866226259289843,179,0.10763680096211665,0.11556564822460776,0.9313909679537211,0.8102350623156072,1.0681960468089513,,4,True,False,build,
insider_buy_count_90d,HIGH,12,drawdown,10-20,win_100,10,0.6225580917129344,1663,0.06866226259289843,40,0.024052916416115455,0.022047894302229563,1.0909393925062103,0.8033965591148622,1.4779823087341588,,1,False,False,build,
insider_buy_count_90d,HIGH,12,drawdown,10-20,launch_300,10,0.6225580917129344,1663,0.06866226259289843,9,0.005411906193625977,0.005821635012386458,0.929619631273909,0.4895242073097135,1.761304136774441,,1,False,False,build,
insider_buy_count_90d,HIGH,12,drawdown,20-30,win_50,10,0.9121257958982657,1913,0.07377839484746809,404,0.21118661787767903,0.19973774538161904,1.057319524029801,0.9686937402945699,1.1517408911611056,0.1,5,True,False,build,
insider_buy_count_90d,HIGH,12,drawdown,20-30,win_100,10,0.9121257958982657,1913,0.07377839484746809,76,0.03972817564035546,0.041883605229665624,0.9485376299988736,0.76063756068656,1.1804840896555548,,1,False,False,build,
insider_buy_count_90d,HIGH,12,drawdown,20-30,launch_300,10,0.9121257958982657,1913,0.07377839484746809,7,0.0036591740721380033,0.004975124378109453,0.7354939884997387,0.35649965639495484,1.5143557649153863,,0,False,False,build,
insider_buy_count_90d,HIGH,12,drawdown,>30,win_50,10,0.47358602175001135,761,0.07311683320522674,169,0.22207621550591328,0.22665257494235203,0.9798089236903542,0.8558583288510782,1.1160769405343929,-0.3,5,True,False,build,
insider_buy_count_90d,HIGH,12,drawdown,>30,win_100,10,0.47358602175001135,761,0.07311683320522674,39,0.051248357424441525,0.05678324365872406,0.9025260644223136,0.6641647409249858,1.220272784237968,,1,False,False,build,
insider_buy_count_90d,HIGH,12,drawdown,>30,launch_300,10,0.47358602175001135,761,0.07311683320522674,15,0.01971090670170828,0.019984627209838585,0.9863034468816335,0.5995035835418654,1.614516745735252,,1,False,False,build,
insider_buy_count_90d,HIGH,12,mst,0-12,win_50,10,0.7858297078931014,16829,0.07194524483357131,2285,0.13577752688810982,0.12632420462221158,1.074833815848432,1.0345218446359217,1.1164617659368332,0.0,5,True,False,build,
insider_buy_count_90d,HIGH,12,mst,0-12,win_100,10,0.7858297078931014,16829,0.07194524483357131,624,0.03707885198169826,0.02760843728891815,1.3430261044358884,1.2433900486385792,1.4503151996103556,0.4,5,True,False,build,
insider_buy_count_90d,HIGH,12,mst,0-12,launch_300,10,0.7858297078931014,16829,0.07194524483357131,134,0.0079624457781211,0.007284728575459357,1.093032594919847,0.9234958108540565,1.293397966558212,,4,True,False,build,
insider_buy_count_90d,HIGH,12,mst,13-24,win_50,10,0.9957555928906181,2310,0.06837758636000356,263,0.11385281385281386,0.12159962111120978,0.9362925049633911,0.8350016960998199,1.0481275042120957,-0.5,5,True,False,build,
insider_buy_count_90d,HIGH,12,mst,13-24,win_100,10,0.9957555928906181,2310,0.06837758636000356,73,0.0316017316017316,0.025871000207204807,1.221511783411097,0.9744169656922518,1.5287232339742707,,1,False,False,build,
insider_buy_count_90d,HIGH,12,mst,13-24,launch_300,10,0.9957555928906181,2310,0.06837758636000356,9,0.003896103896103896,0.0037000858419915343,1.0529766233766233,0.5543445241555552,1.9968069475397294,,1,False,False,build,
insider_buy_count_90d,HIGH,12,mst,>24,win_50,10,0.45881915358118924,2106,0.07422811222331877,213,0.10113960113960115,0.09223882701254758,1.0964970437649078,0.9646668985705376,1.2440736698414705,,4,True,False,build,
insider_buy_count_90d,HIGH,12,mst,>24,win_100,10,0.45881915358118924,2106,0.07422811222331877,35,0.016619183285849954,0.01815169885802904,0.915571782885699,0.6596529470869448,1.2684630971799074,,1,False,False,build,
insider_buy_count_90d,HIGH,12,mst,>24,launch_300,10,0.45881915358118924,2106,0.07422811222331877,10,0.004748338081671415,0.005145918511208233,0.922738685295763,0.5016137644366365,1.6943243669902692,,1,False,False,build,
net_debt_to_ebitda,LOW,0,all,ALL,win_50,1,0.8823040497777236,34774,0.10017745819937544,4847,0.13938574797262324,0.10837625747571474,1.2861280802564823,1.2529062307293413,1.320085005876627,-0.5636363636363636,10,True,False,build,
net_debt_to_ebitda,LOW,0,all,ALL,win_100,1,0.8823040497777236,34774,0.10017745819937544,1173,0.03373209869442687,0.021490879339947686,1.5696006738879669,1.4836743290706844,1.6603199907315047,-0.11515151515151516,10,True,False,build,
net_debt_to_ebitda,LOW,0,all,ALL,launch_300,1,0.8823040497777236,34774,0.10017745819937544,264,0.007591878990050037,0.0043039374978393885,1.7639380204431923,1.5642404921026125,1.9889100627205112,-0.1393939393939394,10,True,False,build,
net_debt_to_ebitda,LOW,0,drawdown,0-10,win_50,1,0.8826158009476491,26887,0.10016690137172064,3472,0.12913303827128353,0.092973005193315,1.388930453552431,1.346385972052987,1.4326146154264168,-0.5878787878787879,10,True,False,build,
net_debt_to_ebitda,LOW,0,drawdown,0-10,win_100,1,0.8826158009476491,26887,0.10016690137172064,787,0.02927065124409566,0.016395824485325346,1.785250340432321,1.6664042225764286,1.9122992145681628,-0.18787878787878787,10,True,False,build,
net_debt_to_ebitda,LOW,0,drawdown,0-10,launch_300,1,0.8826158009476491,26887,0.10016690137172064,187,0.00695503403131625,0.0030064599772000804,2.3133632524832346,2.005572807653376,2.6680083685065084,,2,True,False,build,
net_debt_to_ebitda,LOW,0,drawdown,10-20,win_50,1,0.9047141682089246,3528,0.10023581555246186,302,0.08560090702947845,0.07364263999772708,1.1623823783628677,1.0430608997788924,1.2939447874260517,-0.24848484848484848,10,True,False,build,
net_debt_to_ebitda,LOW,0,drawdown,10-20,win_100,1,0.9047141682089246,3528,0.10023581555246186,59,0.016723356009070295,0.011705543086058472,1.4286698093476873,1.1095056364565716,1.8376449183859147,,0,False,False,build,
net_debt_to_ebitda,LOW,0,drawdown,10-20,launch_300,1,0.9047141682089246,3528,0.10023581555246186,9,0.002551020408163265,0.0021308634258601585,1.1971768707482993,0.6301206717101535,2.272062555538394,,0,False,False,build,
net_debt_to_ebitda,LOW,0,drawdown,20-30,win_50,1,0.8559468111302635,2439,0.100238369225711,508,0.20828208282082822,0.18095512082853854,1.1510151349526214,1.0645242116303104,1.2425762353696657,-0.5878787878787879,10,True,False,build,
net_debt_to_ebitda,LOW,0,drawdown,20-30,win_100,1,0.8559468111302635,2439,0.100238369225711,137,0.05617056170561706,0.03439914515863883,1.6329057436333025,1.3869884211855388,1.9194018807620978,,3,True,False,build,
net_debt_to_ebitda,LOW,0,drawdown,20-30,launch_300,1,0.8559468111302635,2439,0.100238369225711,7,0.002870028700287003,0.00279467368074963,1.0269637990497553,0.49771112025915615,2.1156773841605365,,0,False,False,build,
net_debt_to_ebitda,LOW,0,drawdown,>30,win_50,1,0.872412067161123,1920,0.1001408230323893,565,0.2942708333333333,0.29567621133886196,0.9952469020109366,0.9277506960832637,1.0655217741954912,0.5515151515151515,10,True,False,build,
net_debt_to_ebitda,LOW,0,drawdown,>30,win_100,1,0.872412067161123,1920,0.1001408230323893,190,0.09895833333333333,0.09440358837949199,1.048247582872928,0.9151330901310233,1.1983272332313124,0.7575757575757576,10,True,False,build,
net_debt_to_ebitda,LOW,0,drawdown,>30,launch_300,1,0.872412067161123,1920,0.1001408230323893,61,0.03177083333333333,0.0283732331925103,1.1197466681985293,0.8745179123574611,1.4308786297833884,,0,False,False,build,
net_debt_to_ebitda,LOW,0,mst,0-12,win_50,1,0.8747921320948046,26087,0.10018241517694272,3727,0.1428680952198413,0.11015956527583094,1.296919562655415,1.2588484671017288,1.3359453089973057,-0.503030303030303,10,True,False,build,
net_debt_to_ebitda,LOW,0,mst,0-12,win_100,1,0.8747921320948046,26087,0.10018241517694272,890,0.03411660980565032,0.022104879125943278,1.5433972568350098,1.4468057583488934,1.6461949755343235,-0.006060606060606061,10,True,False,build,
net_debt_to_ebitda,LOW,0,mst,0-12,launch_300,1,0.8747921320948046,26087,0.10018241517694272,239,0.009161651397247672,0.00497321377138578,1.842199394275141,1.6238133845805927,2.0896483380892525,-0.35714285714285715,7,True,False,build,
net_debt_to_ebitda,LOW,0,mst,13-24,win_50,1,0.8862852595278097,3013,0.10020286673983173,479,0.15897776302688352,0.1161994080282018,1.3681460665298684,1.2595312095054438,1.4842349129984231,-0.806060606060606,10,True,False,build,
net_debt_to_ebitda,LOW,0,mst,13-24,win_100,1,0.8862852595278097,3013,0.10020286673983173,125,0.0414868901427149,0.02254813927965679,1.8399252207983692,1.5491734402069717,2.182463285022361,,2,True,False,build,
net_debt_to_ebitda,LOW,0,mst,13-24,launch_300,1,0.8862852595278097,3013,0.10020286673983173,7,0.0023232658479920344,0.00149655791679138,1.5524062396282772,0.7522939567050273,3.19940950102416,,0,False,False,build,
net_debt_to_ebitda,LOW,0,mst,>24,win_50,1,0.9162798971489561,5674,0.100141193081539,641,0.11297144871342968,0.0960289445817155,1.1764312229558767,1.0933699451052774,1.2649461069660257,-0.3939393939393939,10,True,False,build,
net_debt_to_ebitda,LOW,0,mst,>24,win_100,1,0.9162798971489561,5674,0.100141193081539,158,0.02784631653154741,0.018108012707377337,1.5377897608942266,1.3184334966944193,1.7924282134760183,-0.5,5,True,False,build,
net_debt_to_ebitda,LOW,0,mst,>24,launch_300,1,0.9162798971489561,5674,0.100141193081539,18,0.003172365174480085,0.002717966819625838,1.1671831869223481,0.738665414872573,1.843046745498602,,0,False,False,build,
net_debt_to_ebitda,LOW,3,all,ALL,win_50,1,0.8729122662538857,34403,0.10017499978161425,4771,0.13867976629945064,0.10860760157121269,1.2768882131009955,1.2436332126165723,1.3108860846415513,-0.6121212121212121,10,True,False,build,
net_debt_to_ebitda,LOW,3,all,ALL,win_100,1,0.8729122662538857,34403,0.10017499978161425,1133,0.032933174432462284,0.02159398303579488,1.5251088406372828,1.4401654722753146,1.6148819922832878,-0.18787878787878787,10,True,False,build,
net_debt_to_ebitda,LOW,3,all,ALL,launch_300,1,0.8729122662538857,34403,0.10017499978161425,258,0.007499345987268552,0.004338596915228476,1.728518720175605,1.53069741721908,1.9516877422896004,-0.16363636363636364,10,True,False,build,
net_debt_to_ebitda,LOW,3,drawdown,0-10,win_50,1,0.8735569066259811,26611,0.10016675010445407,3431,0.12893164480853783,0.0929848268697279,1.3865879966542451,1.3438609473797607,1.4304670237915311,-0.6606060606060606,10,True,False,build,
net_debt_to_ebitda,LOW,3,drawdown,0-10,win_100,1,0.8735569066259811,26611,0.10016675010445407,763,0.028672353538010596,0.016340004592215067,1.7547335055016495,1.6361251245730597,1.8816685888013558,-0.28484848484848485,10,True,False,build,
net_debt_to_ebitda,LOW,3,drawdown,0-10,launch_300,1,0.8735569066259811,26611,0.10016675010445407,184,0.006914433880726016,0.0029887039037592173,2.3135225513738518,2.003385116527297,2.6712857221972666,,2,True,False,build,
net_debt_to_ebitda,LOW,3,drawdown,10-20,win_50,1,0.886027143738433,3453,0.10017406440382942,290,0.08398494063133508,0.07264287786480998,1.1561345461510064,1.0350574818089378,1.2899396857196834,-0.3090909090909091,10,True,False,build,
net_debt_to_ebitda,LOW,3,drawdown,10-20,win_100,1,0.886027143738433,3453,0.10017406440382942,57,0.016507384882710686,0.011314186248912098,1.4589988638641982,1.1280818551105316,1.8848917346461538,,0,False,False,build,
net_debt_to_ebitda,LOW,3,drawdown,10-20,launch_300,1,0.886027143738433,3453,0.10017406440382942,14,0.00405444540978859,0.002059762111981433,1.9684046940198971,1.1733053752389622,3.29863938564286,,0,False,False,build,
net_debt_to_ebitda,LOW,3,drawdown,20-30,win_50,1,0.8369156084004643,2384,0.10020596023706443,488,0.20469798657718122,0.17926947164894289,1.1418452048435448,1.0541825229557227,1.2348079464829027,-0.5636363636363636,10,True,False,build,
net_debt_to_ebitda,LOW,3,drawdown,20-30,win_100,1,0.8369156084004643,2384,0.10020596023706443,122,0.051174496644295304,0.033079736034634946,1.5470043833093132,1.300762267594991,1.836901719652755,,3,True,False,build,
net_debt_to_ebitda,LOW,3,drawdown,20-30,launch_300,1,0.8369156084004643,2384,0.10020596023706443,4,0.0016778523489932886,0.0026900928922701864,0.623715394295302,0.24262041414864186,1.6008341837077196,,0,False,False,build,
net_debt_to_ebitda,LOW,3,drawdown,>30,win_50,1,0.8873367611593939,1955,0.10025126916568382,562,0.28746803069053706,0.2988051894774627,0.9620583604764309,0.8963642530681187,1.0305422033777465,0.44242424242424244,10,True,False,build,
net_debt_to_ebitda,LOW,3,drawdown,>30,win_100,1,0.8873367611593939,1955,0.10025126916568382,191,0.09769820971867008,0.0973283421363007,1.003800204280182,0.8765716818043163,1.1472408365663551,0.6727272727272727,10,True,False,build,
net_debt_to_ebitda,LOW,3,drawdown,>30,launch_300,1,0.8873367611593939,1955,0.10025126916568382,56,0.02864450127877238,0.028767755499717964,0.9957155426690555,0.7690703293815355,1.2866250137538682,,0,False,False,build,
net_debt_to_ebitda,LOW,3,mst,0-12,win_50,1,0.868348646968908,25893,0.10017525737299644,3712,0.1433592090526397,0.11089961582655324,1.2926934686307048,1.2546811884289328,1.3316598190941842,-0.6242424242424243,10,True,False,build,
net_debt_to_ebitda,LOW,3,mst,0-12,win_100,1,0.868348646968908,25893,0.10017525737299644,897,0.034642567489282815,0.02248942845978559,1.5403934142314388,1.444378766529803,1.6425469204277103,-0.09090909090909091,10,True,False,build,
net_debt_to_ebitda,LOW,3,mst,0-12,launch_300,1,0.868348646968908,25893,0.10017525737299644,235,0.009075811995520025,0.005060411564665328,1.793492857160573,1.5791849375778566,2.036581915775241,-0.11515151515151516,10,True,False,build,
net_debt_to_ebitda,LOW,3,mst,13-24,win_50,1,0.8555427830341615,2908,0.10018604010197754,428,0.14718019257221457,0.11338110659408807,1.2981015708298693,1.1886375744152733,1.4157760884394162,-0.7818181818181819,10,True,False,build,
net_debt_to_ebitda,LOW,3,mst,13-24,win_100,1,0.8555427830341615,2908,0.10018604010197754,110,0.03782668500687758,0.020877833666368084,1.811810823448232,1.5078348302481603,2.1741955640338886,,1,True,False,build,
net_debt_to_ebitda,LOW,3,mst,13-24,launch_300,1,0.8555427830341615,2908,0.10018604010197754,4,0.001375515818431912,0.001309171087990078,1.0506768985738073,0.4086839411107201,2.697599491212984,,0,False,False,build,
net_debt_to_ebitda,LOW,3,mst,>24,win_50,1,0.904409981079289,5602,0.10016807924757716,631,0.1126383434487683,0.09553695955369595,1.1790028066097353,1.0951104047914864,1.2684520829080659,-0.3212121212121212,10,True,False,build,
net_debt_to_ebitda,LOW,3,mst,>24,win_100,1,0.904409981079289,5602,0.10016807924757716,126,0.022491967154587646,0.017827128705789792,1.2616707673896377,1.0615225178739478,1.4985290397981657,,4,True,False,build,
net_debt_to_ebitda,LOW,3,mst,>24,launch_300,1,0.904409981079289,5602,0.10016807924757716,19,0.003391645840771153,0.002574831026713872,1.3172304534094965,0.8437204050411838,2.0550730610634083,,0,False,False,build,
net_debt_to_ebitda,LOW,6,all,ALL,win_50,1,0.8626918707060232,33999,0.10017147503889125,4702,0.1382981852407424,0.10856844859284401,1.2738340377266655,1.2404116773602774,1.3080091606864876,-0.7454545454545455,10,True,False,build,
net_debt_to_ebitda,LOW,6,all,ALL,win_100,1,0.8626918707060232,33999,0.10017147503889125,1129,0.03320685902526545,0.021593480412954322,1.5378187485396773,1.4520312251500136,1.6284906895903282,-0.21212121212121213,10,True,False,build,
net_debt_to_ebitda,LOW,6,all,ALL,launch_300,1,0.8626918707060232,33999,0.10017147503889125,253,0.007441395335156916,0.004334016876443691,1.7169742405947914,1.5186547965224888,1.9409726952473711,-0.18787878787878787,10,True,False,build,
net_debt_to_ebitda,LOW,6,drawdown,0-10,win_50,1,0.863570749800244,26306,0.10016372843924913,3396,0.12909602372082415,0.09279594867303811,1.3911816794468856,1.348099583279015,1.4354309625741744,-0.7212121212121212,10,True,False,build,
net_debt_to_ebitda,LOW,6,drawdown,0-10,win_100,1,0.863570749800244,26306,0.10016372843924913,759,0.028852733216756632,0.016315729353082283,1.7683998424076532,1.648573886775899,1.896658332738328,-0.2735574946560291,10,True,False,build,
net_debt_to_ebitda,LOW,6,drawdown,0-10,launch_300,1,0.863570749800244,26306,0.10016372843924913,190,0.007222686839504296,0.002966150097094772,2.4350375412824303,2.1134807313034107,2.805108178212533,,2,True,False,build,
net_debt_to_ebitda,LOW,6,drawdown,10-20,win_50,1,0.8697049146617314,3388,0.10013299837446431,274,0.0808736717827627,0.07335599231564947,1.1024821453544624,0.9837064135971733,1.2341998351277503,-0.15197638592001614,10,True,False,build,
net_debt_to_ebitda,LOW,6,drawdown,10-20,win_100,1,0.8697049146617314,3388,0.10013299837446431,55,0.016233766233766232,0.011467415398256244,1.415642991029589,1.0894874929179232,1.8373550800465221,,0,False,False,build,
net_debt_to_ebitda,LOW,6,drawdown,10-20,launch_300,1,0.8697049146617314,3388,0.10013299837446431,7,0.002066115702479339,0.002098418797103591,0.9846059830054709,0.4771180517874839,2.0295836229653808,,0,False,False,build,
net_debt_to_ebitda,LOW,6,drawdown,20-30,win_50,1,0.8154923136454779,2323,0.10020705719955138,482,0.2074903142488162,0.17759468553187818,1.1683362800379056,1.0782395684380122,1.2638713732270803,-0.5757575757575758,10,True,False,build,
net_debt_to_ebitda,LOW,6,drawdown,20-30,win_100,1,0.8154923136454779,2323,0.10020705719955138,132,0.056823073611709,0.032482098179622124,1.7493658598494526,1.4814286996330341,2.062352777581627,,1,True,False,build,
net_debt_to_ebitda,LOW,6,drawdown,20-30,launch_300,1,0.8154923136454779,2323,0.10020705719955138,5,0.002152389151958674,0.0025882149943922007,0.8316114220117664,0.3553458856971206,1.9429964914157705,,0,False,False,build,
net_debt_to_ebitda,LOW,6,drawdown,>30,win_50,1,0.8991673112799745,1982,0.10029856788624057,550,0.27749747729566093,0.2975051869844644,0.9327483668718414,0.8679834989246529,1.000406724970654,0.2727272727272727,10,True,False,build,
net_debt_to_ebitda,LOW,6,drawdown,>30,win_100,1,0.8991673112799745,1982,0.10029856788624057,183,0.09233097880928355,0.09630079449420575,0.9587769165792183,0.8344967175021933,1.0994350622925122,0.4303030303030303,10,True,False,build,
net_debt_to_ebitda,LOW,6,drawdown,>30,launch_300,1,0.8991673112799745,1982,0.10029856788624057,51,0.025731584258324926,0.02838925155609534,0.9063847353453811,0.6912832429800149,1.1861188641403264,,0,False,False,build,
net_debt_to_ebitda,LOW,6,mst,0-12,win_50,1,0.8612500629902743,25682,0.1001778720881247,3701,0.1441087142745892,0.11102182833783214,1.2980214470624267,1.259812477683237,1.3371892458942083,-0.6848484848484848,10,True,False,build,
net_debt_to_ebitda,LOW,6,mst,0-12,win_100,1,0.8612500629902743,25682,0.1001778720881247,914,0.03558912857254108,0.02258117364372533,1.5760530933444328,1.4787486182823162,1.6795091707564527,-0.11515151515151516,10,True,False,build,
net_debt_to_ebitda,LOW,6,mst,0-12,launch_300,1,0.8612500629902743,25682,0.1001778720881247,235,0.009150377696441087,0.005082616904089498,1.800328033592036,1.5852100357800138,2.044332434781141,-0.37142857142857144,6,True,False,build,
net_debt_to_ebitda,LOW,6,mst,13-24,win_50,1,0.8236802546644265,2799,0.1001610305958132,408,0.1457663451232583,0.11157631061012703,1.3064273619209281,1.193614809874851,1.427942442880973,-0.9636363636363636,10,True,False,build,
net_debt_to_ebitda,LOW,6,mst,13-24,win_100,1,0.8236802546644265,2799,0.1001610305958132,101,0.036084315827081104,0.02025407049561639,1.7815834024519106,1.470642600343298,2.155308986464923,,1,True,False,build,
net_debt_to_ebitda,LOW,6,mst,13-24,launch_300,1,0.8236802546644265,2799,0.1001610305958132,5,0.0017863522686673813,0.0012166756128108786,1.4682239455267636,0.6273297170189449,3.4315719590575213,,0,False,False,build,
net_debt_to_ebitda,LOW,6,mst,>24,win_50,1,0.8910361110661902,5518,0.10014700811266992,593,0.10746647335991301,0.09562786983429826,1.1237986744463555,1.0411844694529302,1.2121241735568873,-0.3333333333333333,10,True,False,build,
net_debt_to_ebitda,LOW,6,mst,>24,win_100,1,0.8910361110661902,5518,0.10014700811266992,114,0.020659659296846683,0.01767727181981524,1.1687131084157654,0.9745045915302133,1.4006502514934516,,4,True,False,build,
net_debt_to_ebitda,LOW,6,mst,>24,launch_300,1,0.8910361110661902,5518,0.10014700811266992,13,0.002355926060166727,0.0024319860614530208,0.9687251491725858,0.566357719576374,1.65580079908871,,0,False,False,build,
net_debt_to_ebitda,LOW,12,all,ALL,win_50,1,0.8420782402924034,33190,0.10018170951831885,4637,0.1397107562518831,0.1086484071742057,1.2858978781702004,1.2519527132325337,1.3206105753038733,-0.8545454545454545,10,True,False,build,
net_debt_to_ebitda,LOW,12,all,ALL,win_100,1,0.8420782402924034,33190,0.10018170951831885,1105,0.03329316059053932,0.02146405954759763,1.5511120119989448,1.4636781093313813,1.6435786138228348,-0.22424242424242424,10,True,False,build,
net_debt_to_ebitda,LOW,12,all,ALL,launch_300,1,0.8420782402924034,33190,0.10018170951831885,208,0.006266947875866225,0.004277116070727865,1.4652274505142755,1.2796509607431936,1.6775223025716977,-0.3,9,True,False,build,
net_debt_to_ebitda,LOW,12,drawdown,0-10,win_50,1,0.8419379128702063,25650,0.10017535569085846,3302,0.1287329434697856,0.091915282502314,1.4005608204113902,1.356574929487423,1.4457563968121225,-0.7575757575757576,10,True,False,build,
net_debt_to_ebitda,LOW,12,drawdown,0-10,win_100,1,0.8419379128702063,25650,0.10017535569085846,721,0.02810916179337232,0.015938231055531906,1.7636312144951667,1.6410864467739514,1.8950429515239136,-0.41818181818181815,10,True,False,build,
net_debt_to_ebitda,LOW,12,drawdown,0-10,launch_300,1,0.8419379128702063,25650,0.10017535569085846,148,0.005769980506822612,0.0028900492480013746,1.9964990253411306,1.7003870657809153,2.3438260413277563,,2,True,False,build,
net_debt_to_ebitda,LOW,12,drawdown,10-20,win_50,1,0.8298118445404071,3235,0.10020753957191092,280,0.0865533230293663,0.07452838955487408,1.1613470188516344,1.0378285425908569,1.2980248398244938,-0.15151515151515152,10,True,False,build,
net_debt_to_ebitda,LOW,12,drawdown,10-20,win_100,1,0.8298118445404071,3235,0.10020753957191092,55,0.017001545595054096,0.01158504476040021,1.4675425038639875,1.1295178309721539,1.904464496016122,,0,False,False,build,
net_debt_to_ebitda,LOW,12,drawdown,10-20,launch_300,1,0.8298118445404071,3235,0.10020753957191092,10,0.0030911901081916537,0.002168323885636403,1.4256127180393023,0.7747762094703671,2.6200612295877956,,0,False,False,build,
net_debt_to_ebitda,LOW,12,drawdown,20-30,win_50,1,0.8276990185387132,2357,0.10017425304942837,509,0.21595248196860417,0.1839007182625696,1.1742884095769095,1.0865095459119336,1.2670937876837407,-0.7818181818181819,10,True,False,build,
net_debt_to_ebitda,LOW,12,drawdown,20-30,win_100,1,0.8276990185387132,2357,0.10017425304942837,138,0.05854900296987696,0.034298100216753794,1.7070625661440335,1.4510891970014304,2.0049222159423596,,2,True,False,build,
net_debt_to_ebitda,LOW,12,drawdown,20-30,launch_300,1,0.8276990185387132,2357,0.10017425304942837,7,0.002969876962240136,0.0026775468570699986,1.109178334040447,0.5375648904388927,2.284886431083355,,0,False,False,build,
net_debt_to_ebitda,LOW,12,drawdown,>30,win_50,1,0.8843336215134003,1948,0.10023154103421662,546,0.2802874743326489,0.29467455621301775,0.9511763687192302,0.8850095500352108,1.0202780908907316,-0.030395277184003228,10,True,False,build,
net_debt_to_ebitda,LOW,12,drawdown,>30,win_100,1,0.8843336215134003,1948,0.10023154103421662,191,0.09804928131416837,0.09513763828145098,1.030604533445572,0.8999991882672268,1.1778402554247265,0.5757575757575758,10,True,False,build,
net_debt_to_ebitda,LOW,12,drawdown,>30,launch_300,1,0.8843336215134003,1948,0.10023154103421662,43,0.022073921971252568,0.027990738358631334,0.7886152086604663,0.5869425174447221,1.0574969905767415,,0,False,False,build,
net_debt_to_ebitda,LOW,12,mst,0-12,win_50,1,0.8458938739858566,25226,0.10018546981051896,3675,0.1456830254499326,0.11074176009658727,1.3155202276256952,1.2766952309911392,1.3553195231333464,-0.7454545454545455,10,True,False,build,
net_debt_to_ebitda,LOW,12,mst,0-12,win_100,1,0.8458938739858566,25226,0.10018546981051896,897,0.03555855070165702,0.02240332336482746,1.587199815072208,1.4883102228246996,1.6924023258872993,-0.15151515151515152,10,True,False,build,
net_debt_to_ebitda,LOW,12,mst,0-12,launch_300,1,0.8458938739858566,25226,0.10018546981051896,194,0.007690478078173313,0.005004110519355185,1.5368321799503912,1.3358821634158065,1.7677408993734338,-0.21428571428571427,7,True,False,build,
net_debt_to_ebitda,LOW,12,mst,13-24,win_50,1,0.7776402275473812,2644,0.10021604821286434,428,0.16187594553706505,0.11696926050866088,1.3839186879793866,1.2680959886564713,1.5081290031265784,-0.9272727272727272,10,True,False,build,
net_debt_to_ebitda,LOW,12,mst,13-24,win_100,1,0.7776402275473812,2644,0.10021604821286434,104,0.039334341906202726,0.021036273357844065,1.8698341306510748,1.5482036926982747,2.255005157926623,,1,True,False,build,
net_debt_to_ebitda,LOW,12,mst,13-24,launch_300,1,0.7776402275473812,2644,0.10021604821286434,8,0.0030257186081694403,0.001174999052420119,2.575081743204334,1.305513717918494,5.071892884529185,,0,False,False,build,
net_debt_to_ebitda,LOW,12,mst,>24,win_50,1,0.8590649611074276,5320,0.10014683182109108,534,0.10037593984962406,0.09459357704905688,1.0611284928739761,0.9787889510373574,1.149564681712157,0.01818181818181818,10,True,False,build,
net_debt_to_ebitda,LOW,12,mst,>24,win_100,1,0.8590649611074276,5320,0.10014683182109108,104,0.019548872180451128,0.01722450208952976,1.1349455606228687,0.938231231643375,1.3719133862138513,-0.4857142857142857,6,True,False,build,
net_debt_to_ebitda,LOW,12,mst,>24,launch_300,1,0.8590649611074276,5320,0.10014683182109108,6,0.0011278195488721805,0.002371898648394262,0.47549230218403155,0.2179642450183596,1.036545192628094,,0,False,False,build,
share_count_change_8q,LOW,0,all,ALL,win_50,1,0.9434332497096045,37173,0.10014979497486354,3898,0.10486105506684959,0.11476558164095546,0.9136977617114144,0.8869147753211397,0.9411922758951321,0.7696969696969697,10,True,False,build,
share_count_change_8q,LOW,0,all,ALL,win_100,1,0.9434332497096045,37173,0.10014979497486354,616,0.016571167245043445,0.025888127939995797,0.640106819753539,0.5918736850391909,0.6921990506075175,0.9515151515151515,10,True,False,build,
share_count_change_8q,LOW,0,all,ALL,launch_300,1,0.9434332497096045,37173,0.10014979497486354,124,0.0033357544454308235,0.006061847004369918,0.5502868091237069,0.46169365373894483,0.6558120955466932,0.9761904761904762,8,True,False,build,
share_count_change_8q,LOW,0,drawdown,0-10,win_50,1,0.9414969699560373,28676,0.10015052614300334,2461,0.08582089552238806,0.09971396540343451,0.8606707713925905,0.8287124457950056,0.8937418060792103,0.8545454545454545,10,True,False,build,
share_count_change_8q,LOW,0,drawdown,0-10,win_100,1,0.9414969699560373,28676,0.10015052614300334,304,0.010601199609429488,0.02101778024580116,0.5043919712476463,0.45103023947217535,0.5639914175039249,0.9515151515151515,10,True,False,build,
share_count_change_8q,LOW,0,drawdown,0-10,launch_300,1,0.9414969699560373,28676,0.10015052614300334,63,0.0021969591295857164,0.004872017853588005,0.4509341294732248,0.35256066016096144,0.5766790681773853,1.0,5,False,False,build,
share_count_change_8q,LOW,0,drawdown,10-20,win_50,1,0.947691754061279,3691,0.10011120453497518,308,0.08344622053643999,0.08009438823944234,1.041848528600747,0.9357897968885863,1.158721584066777,0.3333333333333333,10,True,False,build,
share_count_change_8q,LOW,0,drawdown,10-20,win_100,1,0.947691754061279,3691,0.10011120453497518,35,0.00948252506095909,0.015270281266104316,0.6209790701110137,0.4470261773674223,0.8617260200231294,,0,False,False,build,
share_count_change_8q,LOW,0,drawdown,10-20,launch_300,1,0.947691754061279,3691,0.10011120453497518,7,0.001896505012191818,0.004041335539341995,0.4692768006342291,0.22739455126202832,0.9674451518498488,,0,False,False,build,
share_count_change_8q,LOW,0,drawdown,20-30,win_50,1,0.9646111091567876,2745,0.10010575836038073,502,0.18287795992714026,0.1862805878706101,0.9817338565313456,0.9065000141256241,1.0617258181511735,0.28484848484848485,10,True,False,build,
share_count_change_8q,LOW,0,drawdown,20-30,win_100,1,0.9646111091567876,2745,0.10010575836038073,90,0.03278688524590164,0.039276466941395284,0.8347717551790796,0.6810891458691478,1.0217018727544187,0.42857142857142855,6,False,False,build,
share_count_change_8q,LOW,0,drawdown,20-30,launch_300,1,0.9646111091567876,2745,0.10010575836038073,6,0.002185792349726776,0.0047773604171984976,0.45753138947983146,0.20976883199759322,0.9965371324634275,,0,False,False,build,
share_count_change_8q,LOW,0,drawdown,>30,win_50,1,0.9352959912635938,2061,0.1002675747993189,627,0.3042212518195051,0.2912186815859888,1.0446488191028946,0.9777458950836786,1.114053158346964,0.3333333333333333,10,True,False,build,
share_count_change_8q,LOW,0,drawdown,>30,win_100,1,0.9352959912635938,2061,0.1002675747993189,187,0.09073265405143134,0.0949160788129409,0.955925014878099,0.8331759753752429,1.0947178374002333,0.6484848484848484,10,True,False,build,
share_count_change_8q,LOW,0,drawdown,>30,launch_300,1,0.9352959912635938,2061,0.1002675747993189,48,0.023289665211062592,0.027973729019703235,0.8325549015885071,0.6295563423831277,1.0989614055558787,,0,False,False,build,
share_count_change_8q,LOW,0,mst,0-12,win_50,1,0.9397107486604068,28014,0.10015050818857496,3050,0.10887413436139073,0.11748218748100772,0.9267288658460793,0.8961370486854591,0.9582336099487975,0.806060606060606,10,True,False,build,
share_count_change_8q,LOW,0,mst,0-12,win_100,1,0.9397107486604068,28014,0.10015050818857496,507,0.018098093810237737,0.027102198992560392,0.6677721543999326,0.6125645513010078,0.7278555546086269,0.9393939393939394,10,True,False,build,
share_count_change_8q,LOW,0,mst,0-12,launch_300,1,0.9397107486604068,28014,0.10015050818857496,116,0.004140786749482402,0.0069248066809905655,0.5979642378825338,0.49875563476046003,0.7168083536491462,0.9642857142857143,7,True,False,build,
share_count_change_8q,LOW,0,mst,13-24,win_50,1,0.973885106257553,3310,0.10017856602403075,393,0.11873111782477341,0.12091038406827881,0.9819761862448907,0.8944715135244177,1.076791613763648,0.1393939393939394,10,True,False,build,
share_count_change_8q,LOW,0,mst,13-24,win_100,1,0.973885106257553,3310,0.10017856602403075,63,0.019033232628398792,0.025483490209134107,0.7468848447445658,0.5848966971775739,0.9526303026052136,,2,False,False,build,
share_count_change_8q,LOW,0,mst,13-24,launch_300,1,0.973885106257553,3310,0.10017856602403075,7,0.0021148036253776435,0.0033594624860022394,0.6295065458207453,0.3050473036794772,1.2975663577051042,,0,False,False,build,
share_count_change_8q,LOW,0,mst,>24,win_50,1,0.9446447919530379,5849,0.10013010579655562,455,0.07779107539750385,0.09828123395076523,0.791515045857828,0.7244587211717074,0.8642105541239358,0.8545454545454545,10,True,False,build,
share_count_change_8q,LOW,0,mst,>24,win_100,1,0.9446447919530379,5849,0.10013010579655562,46,0.007864592237989399,0.020303351936179683,0.38735437688862795,0.2906734562701379,0.5158535478226176,0.9642857142857143,7,False,False,build,
share_count_change_8q,LOW,0,mst,>24,launch_300,1,0.9446447919530379,5849,0.10013010579655562,1,0.00017096939647803043,0.0034580751189783273,0.04944062537558252,0.008727668659792336,0.27988815677130935,,0,False,False,build,
share_count_change_8q,LOW,3,all,ALL,win_50,1,0.9307956454658909,36679,0.10016056711869406,3822,0.10420131410343793,0.11391527080682247,0.9147264749090799,0.887642079426805,0.9425385758233754,0.7696969696969697,10,True,False,build,
share_count_change_8q,LOW,3,all,ALL,win_100,1,0.9307956454658909,36679,0.10016056711869406,606,0.016521715422994084,0.025496856925958898,0.6479902786046138,0.598776396091204,0.701175651739415,0.9515151515151515,10,True,False,build,
share_count_change_8q,LOW,3,all,ALL,launch_300,1,0.9307956454658909,36679,0.10016056711869406,123,0.003353417486845334,0.0059311527517599575,0.5653905112880916,0.4740294606771939,0.6742892183387881,0.9761904761904762,8,True,False,build,
share_count_change_8q,LOW,3,drawdown,0-10,win_50,1,0.9289657734914721,28296,0.1001564502084823,2372,0.08382810291207238,0.09895298706631082,0.8471508076446153,0.815087203409338,0.8803562013238071,0.8181818181818182,10,True,False,build,
share_count_change_8q,LOW,3,drawdown,0-10,win_100,1,0.9289657734914721,28296,0.1001564502084823,282,0.00996607294317218,0.020660630473102598,0.48237022370380644,0.4294829341466254,0.5416966071986337,0.9636363636363636,10,True,False,build,
share_count_change_8q,LOW,3,drawdown,0-10,launch_300,1,0.9289657734914721,28296,0.1001564502084823,62,0.002191122420130054,0.00475721900905429,0.4605889314659989,0.35940133996922596,0.5901852434439241,1.0,5,False,False,build,
share_count_change_8q,LOW,3,drawdown,10-20,win_50,1,0.9375642607443965,3655,0.1002056202878684,321,0.08782489740082079,0.07978067169294037,1.1008292552216283,0.9911709160897353,1.2213360185664903,0.38181818181818183,10,True,False,build,
share_count_change_8q,LOW,3,drawdown,10-20,win_100,1,0.9375642607443965,3655,0.1002056202878684,43,0.011764705882352941,0.015161069225496916,0.7759812785873843,0.5768797528266262,1.042703857966194,,0,False,False,build,
share_count_change_8q,LOW,3,drawdown,10-20,launch_300,1,0.9375642607443965,3655,0.1002056202878684,8,0.002188782489740082,0.004002741603838246,0.5468208309128048,0.2771884153511593,1.0776030578375142,,0,False,False,build,
share_count_change_8q,LOW,3,drawdown,20-30,win_50,1,0.9526858268547508,2712,0.10014031460010339,491,0.181047197640118,0.18510449745218227,0.9780810306183275,0.9022447615507818,1.0587918125648224,0.41818181818181815,10,True,False,build,
share_count_change_8q,LOW,3,drawdown,20-30,win_100,1,0.9526858268547508,2712,0.10014031460010339,78,0.028761061946902654,0.03902961376560077,0.736903575824047,0.5920263145888088,0.9159369692618388,0.2,5,False,False,build,
share_count_change_8q,LOW,3,drawdown,20-30,launch_300,1,0.9526858268547508,2712,0.10014031460010339,6,0.0022123893805309734,0.00465253674027029,0.4755232476471415,0.21801872132456693,1.0357024196613596,,0,False,False,build,
share_count_change_8q,LOW,3,drawdown,>30,win_50,1,0.9158210856804841,2016,0.10016395886123118,638,0.31646825396825395,0.2900084463655786,1.0912380585264772,1.0224916820796024,1.162391619881515,0.11515151515151516,10,True,False,build,
share_count_change_8q,LOW,3,drawdown,>30,win_100,1,0.9158210856804841,2016,0.10016395886123118,203,0.10069444444444445,0.09390371143240424,1.0723159171075838,0.9404157503026165,1.2203906074914217,0.6727272727272727,10,True,False,build,
share_count_change_8q,LOW,3,drawdown,>30,launch_300,1,0.9158210856804841,2016,0.10016395886123118,47,0.023313492063492064,0.027624583892283998,0.8439400265501884,0.6362901144597392,1.117226529710541,,0,False,False,build,
share_count_change_8q,LOW,3,mst,0-12,win_50,1,0.9260813330421783,27613,0.10016977312796105,2971,0.10759424908557563,0.11661019654504429,0.922683026642649,0.8918075198685059,0.9544946954284618,0.806060606060606,10,True,False,build,
share_count_change_8q,LOW,3,mst,0-12,win_100,1,0.9260813330421783,27613,0.10016977312796105,504,0.01825227248035346,0.02666671503507919,0.6844589765309748,0.6277146985631369,0.7462290212918222,0.9515151515151515,10,True,False,build,
share_count_change_8q,LOW,3,mst,0-12,launch_300,1,0.9260813330421783,27613,0.10016977312796105,113,0.004092275377539565,0.006783669856563473,0.6032539118306479,0.5019664675214468,0.7248784244425648,0.9642857142857143,7,True,False,build,
share_count_change_8q,LOW,3,mst,13-24,win_50,1,0.9664573938161346,3285,0.10018603800054897,407,0.123896499238965,0.12019274756778188,1.0308151011282474,0.9407169098560174,1.1282232079356258,0.030303030303030304,10,True,False,build,
share_count_change_8q,LOW,3,mst,13-24,win_100,1,0.9664573938161346,3285,0.10018603800054897,61,0.01856925418569254,0.025252371222056178,0.7353469510805226,0.5735576590495047,0.9416726220361842,,2,False,False,build,
share_count_change_8q,LOW,3,mst,13-24,launch_300,1,0.9664573938161346,3285,0.10018603800054897,7,0.00213089802130898,0.0033547836164567386,0.6351819565518195,0.3077983379976381,1.3092496616836409,,0,False,False,build,
share_count_change_8q,LOW,3,mst,>24,win_50,1,0.9339230557756683,5781,0.10010216273311284,444,0.07680332122470161,0.09748748939412305,0.7878274607544836,0.7202644476258283,0.8611558558866486,0.8545454545454545,10,True,False,build,
share_count_change_8q,LOW,3,mst,>24,win_100,1,0.9339230557756683,5781,0.10010216273311284,41,0.0070921985815602835,0.020051600838080726,0.3536973750290915,0.2609482015899044,0.479094156286635,0.8571428571428571,7,False,False,build,
share_count_change_8q,LOW,3,mst,>24,launch_300,1,0.9339230557756683,5781,0.10010216273311284,3,0.0005189413596263622,0.0033246177555367007,0.15609053364469813,0.053089481459994495,0.4586233429586383,,0,False,False,build,
share_count_change_8q,LOW,6,all,ALL,win_50,1,0.9185113451219915,36192,0.10015247572425968,3747,0.10353116710875332,0.11312259767716655,0.9152120728717209,0.8878373191679128,0.9433307482121861,0.7575757575757576,10,True,False,build,
share_count_change_8q,LOW,6,all,ALL,win_100,1,0.9185113451219915,36192,0.10015247572425968,609,0.016826923076923076,0.025151576366539464,0.6690206145213572,0.6183369334210034,0.7237818994145813,0.9515151515151515,10,True,False,build,
share_count_change_8q,LOW,6,all,ALL,launch_300,1,0.9185113451219915,36192,0.10015247572425968,130,0.0035919540229885057,0.005816769008963138,0.617517047256581,0.5202329769503682,0.7329155404213104,1.0,7,True,False,build,
share_count_change_8q,LOW,6,drawdown,0-10,win_50,1,0.9170954981734244,27933,0.10015130437276808,2314,0.08284108402248237,0.09823669453726677,0.8432804504741966,0.8109565301509036,0.8767721928465124,0.8545454545454545,10,True,False,build,
share_count_change_8q,LOW,6,drawdown,0-10,win_100,1,0.9170954981734244,27933,0.10015130437276808,275,0.009844986217019297,0.020379479971890373,0.48308328920063653,0.429484204978453,0.5432967548113095,1.0,10,True,False,build,
share_count_change_8q,LOW,6,drawdown,0-10,launch_300,1,0.9170954981734244,27933,0.10015130437276808,65,0.002326996742204561,0.0046646205917363435,0.49886088191759387,0.39152086504706146,0.6355420155003743,1.0,5,False,False,build,
share_count_change_8q,LOW,6,drawdown,10-20,win_50,1,0.9262800740283775,3608,0.10012210012210013,299,0.08287139689578714,0.07939282939282939,1.0438146307363108,0.9360196127329973,1.1627856437001343,0.5757575757575758,10,True,False,build,
share_count_change_8q,LOW,6,drawdown,10-20,win_100,1,0.9262800740283775,3608,0.10012210012210013,40,0.011086474501108648,0.014901764901764902,0.7439705681973021,0.5470727121560978,1.0106582076057813,,0,False,False,build,
share_count_change_8q,LOW,6,drawdown,10-20,launch_300,1,0.9262800740283775,3608,0.10012210012210013,9,0.0024944567627494456,0.003912753912753913,0.6375194603009859,0.3355481403938454,1.2099569155005265,,0,False,False,build,
share_count_change_8q,LOW,6,drawdown,20-30,win_50,1,0.938473985999226,2673,0.10019491716020691,493,0.18443696221473999,0.1843091686033436,1.000693365459596,0.9233970872153118,1.0829037293639756,0.5393939393939394,10,True,False,build,
share_count_change_8q,LOW,6,drawdown,20-30,win_100,1,0.938473985999226,2673,0.10019491716020691,79,0.02955480733258511,0.03853362321013569,0.7669875000181962,0.6170953405997712,0.9519203553768443,0.0,5,False,False,build,
share_count_change_8q,LOW,6,drawdown,20-30,launch_300,1,0.938473985999226,2673,0.10019491716020691,6,0.002244668911335578,0.004535572381737761,0.49490311749264926,0.22690528615387368,1.0778841211037355,,0,False,False,build,
share_count_change_8q,LOW,6,drawdown,>30,win_50,1,0.8985302816580971,1978,0.10016711399199879,641,0.32406471183013147,0.28875272193244544,1.122291452912944,1.0521025045041936,1.1948424244462126,0.09090909090909091,10,True,False,build,
share_count_change_8q,LOW,6,drawdown,>30,win_100,1,0.8985302816580971,1978,0.10016711399199879,215,0.10869565217391304,0.09317871069023143,1.1665288279773156,1.0273764718711735,1.3219612159933594,0.38181818181818183,10,True,False,build,
share_count_change_8q,LOW,6,drawdown,>30,launch_300,1,0.8985302816580971,1978,0.10016711399199879,50,0.025278058645096056,0.02729528535980149,0.9260961485430645,0.7043880804070746,1.2152273515221497,,0,False,False,build,
share_count_change_8q,LOW,6,mst,0-12,win_50,1,0.9130767809450221,27218,0.10014312468036102,2926,0.10750238812550518,0.11578381918459404,0.9284750570726485,0.8971698188778219,0.9607370438600387,0.7818181818181819,10,True,False,build,
share_count_change_8q,LOW,6,mst,0-12,win_100,1,0.9130767809450221,27218,0.10014312468036102,510,0.018737600117569257,0.026266506249287135,0.7133647672719241,0.6545710024117664,0.7773296960711865,0.9151515151515152,10,True,False,build,
share_count_change_8q,LOW,6,mst,0-12,launch_300,1,0.9130767809450221,27218,0.10014312468036102,120,0.004408847086486884,0.006652170233745783,0.6627682292496442,0.5545032722259086,0.7920597776366727,0.9642857142857143,7,True,False,build,
share_count_change_8q,LOW,6,mst,13-24,win_50,1,0.9551684499071535,3247,0.10019749429118065,396,0.12195873113643363,0.11966919706227241,1.0191321921627818,0.9287902517051357,1.116940119628481,0.06666666666666667,10,True,False,build,
share_count_change_8q,LOW,6,mst,13-24,win_100,1,0.9551684499071535,3247,0.10019749429118065,65,0.02001847859562673,0.025242239091526262,0.7930547889607332,0.6234633512399506,1.007585602573689,,2,False,False,build,
share_count_change_8q,LOW,6,mst,13-24,launch_300,1,0.9551684499071535,3247,0.10019749429118065,5,0.001539882968894364,0.0033327161636733937,0.4620504397221367,0.197412466743966,1.0801664883847415,,0,False,False,build,
share_count_change_8q,LOW,6,mst,>24,win_50,1,0.9245597296117212,5727,0.10017141257958441,425,0.07420988301030208,0.09676065206744561,0.7669427750298248,0.6996966704021285,0.840088235334205,0.8909090909090909,10,True,False,build,
share_count_change_8q,LOW,6,mst,>24,win_100,1,0.9245597296117212,5727,0.10017141257958441,34,0.005936790640824166,0.019799902049954524,0.2998393944498226,0.21473054913541742,0.4184006384321897,0.8571428571428571,7,False,False,build,
share_count_change_8q,LOW,6,mst,>24,launch_300,1,0.9245597296117212,5727,0.10017141257958441,5,0.0008730574471800245,0.003253340796193941,0.26835720629127074,0.11464332161305732,0.6277497559613265,,0,False,False,build,
share_count_change_8q,LOW,12,all,ALL,win_50,1,0.8954881312765455,35290,0.1001671818365024,3683,0.10436384244828563,0.11177624314880887,0.9336853655865404,0.9055322221872619,0.9626090108976911,0.8303030303030303,10,True,False,build,
share_count_change_8q,LOW,12,all,ALL,win_100,1,0.8954881312765455,35290,0.1001671818365024,600,0.01700198356474922,0.02449824161039536,0.6940083225211868,0.6410582875239713,0.7512501398524017,0.9515151515151515,10,True,False,build,
share_count_change_8q,LOW,12,all,ALL,launch_300,1,0.8954881312765455,35290,0.1001671818365024,147,0.004165485973363559,0.005557589743153067,0.7495130381826807,0.6379309164091667,0.8805164253753013,0.9285714285714286,8,True,False,build,
share_count_change_8q,LOW,12,drawdown,0-10,win_50,1,0.8952160488752832,27269,0.10016014457087867,2300,0.08434486046426345,0.09711886694043062,0.8684703922256187,0.8351073339445285,0.9030391118724865,0.8181818181818182,10,True,False,build,
share_count_change_8q,LOW,12,drawdown,0-10,win_100,1,0.8952160488752832,27269,0.10016014457087867,305,0.011184861931130588,0.01976463155729576,0.5659028805422834,0.5061413355227475,0.6326315203772414,0.9515151515151515,10,True,False,build,
share_count_change_8q,LOW,12,drawdown,0-10,launch_300,1,0.8952160488752832,27269,0.10016014457087867,84,0.003080420990868752,0.004444379145944596,0.6931049061553564,0.5600365019642701,0.8576704273824328,,4,False,False,build,
share_count_change_8q,LOW,12,drawdown,10-20,win_50,1,0.905176845568579,3528,0.10018458043447395,273,0.07738095238095238,0.07843248615646742,0.9865931347194924,0.8799493340804543,1.1049582971146459,0.696969696969697,10,True,False,build,
share_count_change_8q,LOW,12,drawdown,10-20,win_100,1,0.905176845568579,3528,0.10018458043447395,34,0.00963718820861678,0.01459605281840125,0.6602598886506613,0.47305493463803855,0.9205462807402235,,0,False,False,build,
share_count_change_8q,LOW,12,drawdown,10-20,launch_300,1,0.905176845568579,3528,0.10018458043447395,6,0.0017006802721088435,0.003833593639074258,0.44362559838750315,0.20337649349739678,0.9666289932522596,,0,False,False,build,
share_count_change_8q,LOW,12,drawdown,20-30,win_50,1,0.902627783445316,2571,0.10019876066877119,496,0.1929210423959549,0.18204138898632058,1.0597647242213246,0.978519468559884,1.1460433122405562,0.47878787878787876,10,True,False,build,
share_count_change_8q,LOW,12,drawdown,20-30,win_100,1,0.902627783445316,2571,0.10019876066877119,63,0.024504084014002333,0.037179936864258155,0.6590673917351005,0.5163995896931375,0.8398956742703345,0.7,5,False,False,build,
share_count_change_8q,LOW,12,drawdown,20-30,launch_300,1,0.902627783445316,2571,0.10019876066877119,4,0.0015558148580318942,0.004170076776179898,0.3730902190863586,0.1451261462233472,0.9577091747927015,,0,False,False,build,
share_count_change_8q,LOW,12,drawdown,>30,win_50,1,0.8728670883196069,1922,0.1001928791117135,614,0.3194588969823101,0.28702497002554345,1.1130003670199156,1.041691622807702,1.1868184659915526,0.06666666666666667,10,True,False,build,
share_count_change_8q,LOW,12,drawdown,>30,win_100,1,0.8728670883196069,1922,0.1001928791117135,198,0.10301768990634755,0.09289475056039201,1.108972135506995,0.9710994484726836,1.2638933013641305,0.5757575757575758,10,True,False,build,
share_count_change_8q,LOW,12,drawdown,>30,launch_300,1,0.8728670883196069,1922,0.1001928791117135,53,0.027575442247658687,0.02637752176406193,1.0454144439463173,0.801583781827296,1.3606954177902832,,0,False,False,build,
share_count_change_8q,LOW,12,mst,0-12,win_50,1,0.888912031982262,26504,0.10016704585824533,2867,0.10817235134319347,0.11442641289805668,0.9453442487930214,0.9131603929159781,0.9785205820434508,0.7818181818181819,10,True,False,build,
share_count_change_8q,LOW,12,mst,0-12,win_100,1,0.888912031982262,26504,0.10016704585824533,495,0.018676426199818897,0.025574645311000083,0.7302711718072529,0.6692160490254225,0.7967811008897295,0.9151515151515152,10,True,False,build,
share_count_change_8q,LOW,12,mst,0-12,launch_300,1,0.888912031982262,26504,0.10016704585824533,139,0.005244491397524902,0.006337916386367244,0.8274787923686906,0.7011352802888304,0.9764476881465002,0.8214285714285714,7,True,False,build,
share_count_change_8q,LOW,12,mst,13-24,win_50,1,0.92669555221505,3150,0.10019083969465649,380,0.12063492063492064,0.1171119592875318,1.0300819947750963,0.9368856928764706,1.131169485422201,0.4303030303030303,10,True,False,build,
share_count_change_8q,LOW,12,mst,13-24,win_100,1,0.92669555221505,3150,0.10019083969465649,59,0.01873015873015873,0.02391857506361323,0.783080040526849,0.6082613544572311,1.006914930158959,,2,False,False,build,
share_count_change_8q,LOW,12,mst,13-24,launch_300,1,0.92669555221505,3150,0.10019083969465649,3,0.0009523809523809524,0.0032760814249363866,0.29070735090152566,0.09888250719294535,0.8536173890677915,,0,False,False,build,
share_count_change_8q,LOW,12,mst,>24,win_50,1,0.9100215081585459,5636,0.10015460345103336,436,0.0773598296664301,0.09633394345423205,0.803038128540679,0.7335862991256519,0.8784665102366225,0.9515151515151515,10,True,False,build,
share_count_change_8q,LOW,12,mst,>24,win_100,1,0.9100215081585459,5636,0.10015460345103336,46,0.008161816891412349,0.019760808913688626,0.4130305053331359,0.3099509293145752,0.5500161011871979,0.9428571428571428,6,False,False,build,
share_count_change_8q,LOW,12,mst,>24,launch_300,1,0.9100215081585459,5636,0.10015460345103336,5,0.0008871540099361249,0.0031631510671192224,0.28046526742210987,0.11981622573950562,0.6560646325286794,,0,False,False,build,
shareholder_yield,HIGH,0,all,ALL,win_50,10,0.9433112454852083,37183,0.10018969298836514,3866,0.10397224538095366,0.1147669524635838,0.9059423740814643,0.8792658656254391,0.9333318105284147,-0.8303030303030303,10,True,False,build,
shareholder_yield,HIGH,0,all,ALL,win_100,10,0.9433112454852083,37183,0.10018969298836514,721,0.019390581717451522,0.025886087204884594,0.749073491253348,0.6968159358117928,0.8051669067974934,-0.8787878787878788,10,True,False,build,
shareholder_yield,HIGH,0,all,ALL,launch_300,10,0.9433112454852083,37183,0.10018969298836514,148,0.003980313584164807,0.006057242014841321,0.6571164854255996,0.5595872043369627,0.7715642284922473,-0.8571428571428571,8,True,False,build,
shareholder_yield,HIGH,0,drawdown,0-10,win_50,10,0.9413621551948074,28681,0.10018233387358184,2411,0.08406261985286427,0.09971078075224948,0.8430645033432638,0.8114139775811147,0.875832302779645,-0.8666666666666667,10,True,False,build,
shareholder_yield,HIGH,0,drawdown,0-10,win_100,10,0.9413621551948074,28681,0.10018233387358184,346,0.012063735574073428,0.021013804281003745,0.5740862250715315,0.5169949483105337,0.6373966677699855,-0.9272727272727272,10,True,False,build,
shareholder_yield,HIGH,0,drawdown,0-10,launch_300,10,0.9413621551948074,28681,0.10018233387358184,70,0.0024406401450437574,0.004865729614933214,0.5015979797877151,0.39714273396737015,0.6334418776919967,,4,False,False,build,
shareholder_yield,HIGH,0,drawdown,10-20,win_50,10,0.9475632325724861,3693,0.10017903645833333,261,0.07067424857839155,0.0801052517361111,0.8822673550944214,0.7845559743663082,0.9911170972895821,-0.5636363636363636,10,True,False,build,
shareholder_yield,HIGH,0,drawdown,10-20,win_100,10,0.9475632325724861,3693,0.10017903645833333,35,0.009477389656106146,0.015272352430555556,0.6205586008573658,0.4467232216924837,0.8611435468707725,,0,False,False,build,
shareholder_yield,HIGH,0,drawdown,10-20,launch_300,10,0.9475632325724861,3693,0.10017903645833333,5,0.0013539128080151638,0.004041883680555556,0.33497075003134896,0.14311271255109245,0.7832204881821055,,0,False,False,build,
shareholder_yield,HIGH,0,drawdown,20-30,win_50,10,0.9645407535089879,2748,0.10022247346730369,479,0.1743085880640466,0.18629417557168387,0.9356631120062829,0.8619783759329727,1.0142288592893909,-0.5151515151515151,10,True,False,build,
shareholder_yield,HIGH,0,drawdown,20-30,win_100,10,0.9645407535089879,2748,0.10022247346730369,75,0.027292576419213975,0.03927933185017689,0.6948330109920408,0.5557412628657606,0.8675241269383879,-0.6428571428571429,7,False,False,build,
shareholder_yield,HIGH,0,drawdown,20-30,launch_300,10,0.9645407535089879,2748,0.10022247346730369,6,0.002183406113537118,0.004777708887997374,0.45699856661888727,0.209524458330521,0.9953785284207964,,0,False,False,build,
shareholder_yield,HIGH,0,drawdown,>30,win_50,10,0.9352959912635938,2061,0.1002675747993189,715,0.34691897137311983,0.2912186815859888,1.191266197222599,1.1217383356081736,1.2627499361689731,0.006060606060606061,10,True,False,build,
shareholder_yield,HIGH,0,drawdown,>30,win_100,10,0.9352959912635938,2061,0.1002675747993189,265,0.12857836001940806,0.0949160788129409,1.3546530959502474,1.2096472202436312,1.514219156483488,-0.2606060606060606,10,True,False,build,
shareholder_yield,HIGH,0,drawdown,>30,launch_300,10,0.9352959912635938,2061,0.1002675747993189,67,0.032508491023774864,0.027973729019703235,1.162107883467291,0.9179879131933337,1.4684095888844335,,1,False,False,build,
shareholder_yield,HIGH,0,mst,0-12,win_50,10,0.9396099642215242,28023,0.10019342913021248,3120,0.11133711594047746,0.11748763805512552,0.9476496232585575,0.9167555548134361,0.9794505364134335,-0.7818181818181819,10,True,False,build,
shareholder_yield,HIGH,0,mst,0-12,win_100,10,0.9396099642215242,28023,0.10019342913021248,628,0.022410163080326874,0.027105106028481634,0.8267875084782408,0.7652260682677469,0.8931790472590571,-0.806060606060606,10,True,False,build,
shareholder_yield,HIGH,0,mst,0-12,launch_300,10,0.9396099642215242,28023,0.10019342913021248,137,0.004888841308924812,0.006925549449567198,0.7059138548538315,0.597397523158933,0.83402767908128,-1.0,5,True,False,build,
shareholder_yield,HIGH,0,mst,13-24,win_50,10,0.973678780911958,3311,0.10023006599261367,311,0.09392932648746602,0.12093600532784404,0.7766862005474223,0.6983663981760017,0.8627883290955594,-0.5636363636363636,10,True,False,build,
shareholder_yield,HIGH,0,mst,13-24,win_100,10,0.973678780911958,3311,0.10023006599261367,47,0.014195107218363033,0.025488890234304052,0.5569135057617629,0.4194740664305713,0.7385277235408374,0.7,5,False,False,build,
shareholder_yield,HIGH,0,mst,13-24,launch_300,10,0.973678780911958,3311,0.10023006599261367,6,0.001812141347025068,0.003360174365804928,0.5392997951137486,0.2472422355636985,1.1749902626997502,,0,False,False,build,
shareholder_yield,HIGH,0,mst,>24,win_50,10,0.9444669049274707,5849,0.10014896495043063,435,0.07437168746794323,0.09824837765183296,0.7569762396636961,0.6913439622568295,0.828295272434504,-0.8424242424242424,10,True,False,build,
shareholder_yield,HIGH,0,mst,>24,win_100,10,0.9444669049274707,5849,0.10014896495043063,46,0.007864592237989399,0.020272931185041865,0.38793562540143145,0.29110962925345507,0.5166276170609846,-0.7142857142857143,6,False,False,build,
shareholder_yield,HIGH,0,mst,>24,launch_300,10,0.9444669049274707,5849,0.10014896495043063,5,0.0008548469823901521,0.0034244816190949095,0.24962814156266028,0.1066418536417728,0.5839481176769133,,0,False,False,build,
shareholder_yield,HIGH,3,all,ALL,win_50,10,0.9306151808839714,36693,0.10021822790203506,3681,0.10031886190826589,0.11392643616629021,0.8805582381409498,0.853942804299174,0.9079081632561404,-0.8303030303030303,10,True,False,build,
shareholder_yield,HIGH,3,all,ALL,win_100,10,0.9306151808839714,36693,0.10021822790203506,670,0.018259613550268443,0.0254936074792902,0.7162428293093352,0.6644508572082032,0.7719910107226495,-0.9272727272727272,10,True,False,build,
shareholder_yield,HIGH,3,all,ALL,launch_300,10,0.9306151808839714,36693,0.10021822790203506,147,0.004006213719238001,0.0059268403931926,0.6759442558701976,0.5753082304075284,0.794100942975032,-0.8928571428571429,7,True,False,build,
shareholder_yield,HIGH,3,drawdown,0-10,win_50,10,0.9287586191022652,28304,0.10020711263741126,2251,0.07952939513849633,0.09896089642597936,0.8036446516830273,0.7723667150584865,0.8360757532979439,-0.8303030303030303,10,True,False,build,
shareholder_yield,HIGH,3,drawdown,0-10,win_100,10,0.9287586191022652,28304,0.10020711263741126,316,0.011164499717354438,0.020654617549698183,0.5405328707002652,0.48439793395979763,0.6030912080698113,-0.9272727272727272,10,True,False,build,
shareholder_yield,HIGH,3,drawdown,0-10,launch_300,10,0.9287586191022652,28304,0.10020711263741126,77,0.002720463538722442,0.004751199306084155,0.5725845967435524,0.45829147095410244,0.7152841598710218,,4,False,False,build,
shareholder_yield,HIGH,3,drawdown,10-20,win_50,10,0.9374614435533621,3657,0.10027144854816156,272,0.07437790538692918,0.07978942173233528,0.9321775214318537,0.8311031564461983,1.0444468867417898,-0.6848484848484848,10,True,False,build,
shareholder_yield,HIGH,3,drawdown,10-20,win_100,10,0.9374614435533621,3657,0.10027144854816156,40,0.010937927262783703,0.015162732033670587,0.7213691594954511,0.5304440296565299,0.9799854230131002,,0,False,False,build,
shareholder_yield,HIGH,3,drawdown,10-20,launch_300,10,0.9374614435533621,3657,0.10027144854816156,3,0.0008203445447087777,0.004003180609251186,0.20492319102790293,0.06970195477581266,0.6018403498039437,,0,False,False,build,
shareholder_yield,HIGH,3,drawdown,20-30,win_50,10,0.9525451155591516,2713,0.10019203781667775,459,0.16918540361223738,0.18513184134721913,0.9138644242992547,0.8401993909083492,0.9925826454024478,-0.7090909090909091,10,True,False,build,
shareholder_yield,HIGH,3,drawdown,20-30,win_100,10,0.9525451155591516,2713,0.10019203781667775,69,0.025433099889421305,0.03903537927468794,0.6515397150480133,0.5161012314916426,0.8213578072905371,-0.6,5,False,False,build,
shareholder_yield,HIGH,3,drawdown,20-30,launch_300,10,0.9525451155591516,2713,0.10019203781667775,6,0.0022115739034279398,0.004653224019499224,0.4752777631509663,0.21790614087659355,1.0351684314287084,,0,False,False,build,
shareholder_yield,HIGH,3,drawdown,>30,win_50,10,0.9158210856804841,2019,0.10031301237144134,699,0.3462109955423477,0.2900084463655786,1.1937962493199985,1.1233061259631216,1.266300463159878,-0.1393939393939394,10,True,False,build,
shareholder_yield,HIGH,3,drawdown,>30,win_100,10,0.9158210856804841,2019,0.10031301237144134,245,0.12134720158494304,0.09390371143240424,1.2922513895767982,1.1481823767841857,1.4516356051591202,-0.28484848484848485,10,True,False,build,
shareholder_yield,HIGH,3,drawdown,>30,launch_300,10,0.9158210856804841,2019,0.10031301237144134,61,0.030212976721149084,0.027624583892283998,1.093698889328359,0.8540433104810029,1.3979451114442607,,0,False,False,build,
shareholder_yield,HIGH,3,mst,0-12,win_50,10,0.9259066400147817,27622,0.1002213272377635,2940,0.10643689812468322,0.11663219767062152,0.9125858918072467,0.8818712595141925,0.9442389642610736,-0.7818181818181819,10,True,False,build,
shareholder_yield,HIGH,3,mst,0-12,win_100,10,0.9259066400147817,27622,0.1002213272377635,579,0.02096155238577945,0.02667174630818911,0.7859085094605733,0.7250207766837415,0.8517911743392041,-0.8787878787878788,10,True,False,build,
shareholder_yield,HIGH,3,mst,0-12,launch_300,10,0.9259066400147817,27622,0.1002213272377635,138,0.004996017667076968,0.00678132143245891,0.7367321718689582,0.6238601319149912,0.8699046322340072,-0.9428571428571428,6,True,False,build,
shareholder_yield,HIGH,3,mst,13-24,win_50,10,0.9663100185692811,3286,0.10023182040019522,335,0.10194765672550213,0.12021107857491459,0.8480720573683994,0.7658403751303134,0.9380367199512655,-0.6,10,True,False,build,
shareholder_yield,HIGH,3,mst,13-24,win_100,10,0.9663100185692811,3286,0.10023182040019522,45,0.013694461351186854,0.025256222547584188,0.5422212813252534,0.4058627415714867,0.7235466265339032,,4,False,False,build,
shareholder_yield,HIGH,3,mst,13-24,launch_300,10,0.9663100185692811,3286,0.10023182040019522,4,0.0012172854534388314,0.0033552952659834066,0.36279533005035136,0.14111341764915136,0.9316389897969737,,0,False,False,build,
shareholder_yield,HIGH,3,mst,>24,win_50,10,0.9336966541067646,5785,0.10019571505273915,406,0.07018150388936906,0.09744184838145384,0.72023986670112,0.6555704272509819,0.7907635945845527,-0.8787878787878788,10,True,False,build,
shareholder_yield,HIGH,3,mst,>24,win_100,10,0.9336966541067646,5785,0.10019571505273915,46,0.007951598962834918,0.020004503178204618,0.39749044962528113,0.29828243261665977,0.5293433096083899,-0.8857142857142857,6,False,False,build,
shareholder_yield,HIGH,3,mst,>24,launch_300,10,0.9336966541067646,5785,0.10019571505273915,5,0.000864304235090752,0.0033081039887766944,0.2612687624158887,0.11161494112745646,0.6111732665445536,,0,False,False,build,
shareholder_yield,HIGH,6,all,ALL,win_50,10,0.9183410475587718,36202,0.10019872571975799,3501,0.09670736423402022,0.11312143303939641,0.8548986839685835,0.8283615501393067,0.8821923421856035,-0.8303030303030303,10,True,False,build,
shareholder_yield,HIGH,6,all,ALL,win_100,10,0.9183410475587718,36202,0.10019872571975799,631,0.017429976244406387,0.025153472718113933,0.6929451229155498,0.6413511299656804,0.7486101985904402,-0.9272727272727272,10,True,False,build,
shareholder_yield,HIGH,6,all,ALL,launch_300,10,0.9183410475587718,36202,0.10019872571975799,141,0.0038948124413015857,0.005806776602399101,0.6707357124247596,0.5689401242247194,0.790660815759765,-1.0,6,True,False,build,
shareholder_yield,HIGH,6,drawdown,0-10,win_50,10,0.9169146491034819,27939,0.1001925745823068,2134,0.07638068649557965,0.09823455368957838,0.7775338068613102,0.7464190923472735,0.8098342002815261,-0.8303030303030303,10,True,False,build,
shareholder_yield,HIGH,6,drawdown,0-10,win_100,10,0.9169146491034819,27939,0.1001925745823068,297,0.01063030172876624,0.020379913431090933,0.521606814705552,0.46581421649148613,0.5840016384761196,-0.9272727272727272,10,True,False,build,
shareholder_yield,HIGH,6,drawdown,0-10,launch_300,10,0.9169146491034819,27939,0.1001925745823068,82,0.002934965460467447,0.004654782268793952,0.6305269056608083,0.5081562274590479,0.7822584904175238,-1.0,5,False,False,build,
shareholder_yield,HIGH,6,drawdown,10-20,win_50,10,0.9259716224552745,3609,0.10018321119253831,260,0.07204211692989748,0.07936375749500334,0.9077457923339023,0.8070919229530049,1.0198668274585365,-0.8303030303030303,10,True,False,build,
shareholder_yield,HIGH,6,drawdown,10-20,win_100,10,0.9259716224552745,3609,0.10018321119253831,41,0.011360487669714602,0.014906728847435043,0.7621046700443181,0.5625290854796408,1.031388397180105,,0,False,False,build,
shareholder_yield,HIGH,6,drawdown,10-20,launch_300,10,0.9259716224552745,3609,0.10018321119253831,5,0.0013854253255749516,0.003886298023539862,0.3564897280608004,0.15230729205530588,0.8335109747631819,,0,False,False,build,
shareholder_yield,HIGH,6,drawdown,20-30,win_50,10,0.938473985999226,2674,0.10023240122947748,456,0.1705310396409873,0.1843091686033436,0.9252444733663329,0.8504785794383339,1.0051390861044465,-0.7818181818181819,10,True,False,build,
shareholder_yield,HIGH,6,drawdown,20-30,win_100,10,0.938473985999226,2674,0.10023240122947748,68,0.025430067314884067,0.03853362321013569,0.6599448792086354,0.5218692321590712,0.8333552496712671,-0.7,5,False,False,build,
shareholder_yield,HIGH,6,drawdown,20-30,launch_300,10,0.938473985999226,2674,0.10023240122947748,5,0.0018698578908002991,0.004535572381737761,0.41226503149397015,0.17615147420008667,0.9634812298380685,,0,False,False,build,
shareholder_yield,HIGH,6,drawdown,>30,win_50,10,0.8985302816580971,1980,0.10026839519927078,651,0.3287878787878788,0.28875272193244544,1.1386485868860474,1.0681968755119462,1.2113965930671082,-0.24848484848484848,10,True,False,build,
shareholder_yield,HIGH,6,drawdown,>30,win_100,10,0.8985302816580971,1980,0.10026839519927078,225,0.11363636363636363,0.09317871069023143,1.2195528656126482,1.077487485260489,1.3776765165124571,-0.3212121212121212,10,True,False,build,
shareholder_yield,HIGH,6,drawdown,>30,launch_300,10,0.8985302816580971,1980,0.10026839519927078,49,0.024747474747474747,0.02729528535980149,0.9066574839302112,0.6876578749510176,1.1930875364978049,,0,False,False,build,
shareholder_yield,HIGH,6,mst,0-12,win_50,10,0.9129424016931785,27228,0.10019466349709845,2779,0.10206405171147348,0.11578982230056191,0.881459610902073,0.850888003521351,0.9130008168406195,-0.8303030303030303,10,True,False,build,
shareholder_yield,HIGH,6,mst,0-12,win_100,10,0.9129424016931785,27228,0.10019466349709845,536,0.01968561774643749,0.02627037251012876,0.7493467303841063,0.6890670385946874,0.8147847451927074,-0.8666666666666667,10,True,False,build,
shareholder_yield,HIGH,6,mst,0-12,launch_300,10,0.9129424016931785,27228,0.10019466349709845,133,0.004884677537828706,0.006638430033376142,0.7358181849126877,0.6211583203505213,0.8715202017448265,-0.9428571428571428,6,True,False,build,
shareholder_yield,HIGH,6,mst,13-24,win_50,10,0.9549326495121879,3247,0.10022223594049015,338,0.104096088697259,0.11969874683622446,0.8696506141345531,0.7857701804743077,0.9613478762901428,-0.6484848484848484,10,True,False,build,
shareholder_yield,HIGH,6,mst,13-24,win_100,10,0.9549326495121879,3247,0.10022223594049015,51,0.015706806282722512,0.02524847212790913,0.6220893764641124,0.473958574054248,0.815552051275311,,4,False,False,build,
shareholder_yield,HIGH,6,mst,13-24,launch_300,10,0.9549326495121879,3247,0.10022223594049015,3,0.0009239297813366184,0.003333539107352306,0.27716182459022004,0.09427462145587077,0.8138765303281383,,0,False,False,build,
shareholder_yield,HIGH,6,mst,>24,win_50,10,0.9242524702039232,5727,0.10020471366332476,384,0.06705081194342588,0.09670533480307246,0.6933517378329327,0.6293248895948071,0.7633805625226971,-0.9272727272727272,10,True,False,build,
shareholder_yield,HIGH,6,mst,>24,win_100,10,0.9242524702039232,5727,0.10020471366332476,44,0.007682905535184215,0.019788987454726785,0.38824146777399066,0.28947087025434504,0.5203646221448822,-0.8857142857142857,6,False,False,build,
shareholder_yield,HIGH,6,mst,>24,launch_300,10,0.9242524702039232,5727,0.10020471366332476,5,0.0008730574471800245,0.003254422340034644,0.26826802300365554,0.11460522213935255,0.6275411355638721,,0,False,False,build,
shareholder_yield,HIGH,12,all,ALL,win_50,10,0.8952720821291771,35301,0.10022258436344847,3350,0.09489816152516926,0.11178050456241163,0.8489688062929054,0.822011226622308,0.8767150464230586,-0.8424242424242424,10,True,False,build,
shareholder_yield,HIGH,12,all,ALL,win_100,10,0.8952720821291771,35301,0.10022258436344847,577,0.01634514602985751,0.024498475410673827,0.6671903355559847,0.6153064399065663,0.7233704699909516,-0.9272727272727272,10,True,False,build,
shareholder_yield,HIGH,12,all,ALL,launch_300,10,0.8952720821291771,35301,0.10022258436344847,143,0.004050876745701255,0.005547574568600841,0.7302068130150309,0.6201066604779663,0.8597617264329237,-0.9642857142857143,7,True,False,build,
shareholder_yield,HIGH,12,drawdown,0-10,win_50,10,0.894995741826444,27279,0.1002215388684985,2115,0.07753216760145167,0.09711338160896736,0.7983674990707194,0.7662973840254802,0.831662656612584,-0.8424242424242424,10,True,False,build,
shareholder_yield,HIGH,12,drawdown,0-10,win_100,10,0.894995741826444,27279,0.1002215388684985,300,0.010997470581766193,0.01976214881680609,0.5564916388249107,0.4972586658492414,0.6226926981747795,-0.9272727272727272,10,True,False,build,
shareholder_yield,HIGH,12,drawdown,0-10,launch_300,10,0.894995741826444,27279,0.1002215388684985,90,0.003299241174529858,0.00443077736996991,0.744619036129153,0.6060219133827478,0.9147844795691578,-1.0,5,False,False,build,
shareholder_yield,HIGH,12,drawdown,10-20,win_50,10,0.9048940982932346,3528,0.10021588455857289,242,0.06859410430839002,0.07845699352346325,0.8742892281218546,0.7738517574122669,0.9866880267957677,-0.8303030303030303,10,True,False,build,
shareholder_yield,HIGH,12,drawdown,10-20,win_100,10,0.9048940982932346,3528,0.10021588455857289,33,0.00935374149659864,0.014600613566640155,0.6406403028137325,0.45670562831927386,0.897675817573988,,1,False,False,build,
shareholder_yield,HIGH,12,drawdown,10-20,launch_300,10,0.9048940982932346,3528,0.10021588455857289,6,0.0017006802721088435,0.0038347915009657994,0.44348702443940535,0.20331296541480492,0.9663270503607141,,0,False,False,build,
shareholder_yield,HIGH,12,drawdown,20-30,win_50,10,0.9025222499736166,2572,0.10024945431867789,443,0.17223950233281493,0.18206267539756782,0.9460451020874973,0.868593436366048,1.0288663778329,-0.6727272727272727,10,True,False,build,
shareholder_yield,HIGH,12,drawdown,20-30,win_100,10,0.9025222499736166,2572,0.10024945431867789,65,0.025272161741835147,0.037184284377923295,0.6796463120005477,0.5345762390594491,0.8627959805298344,,4,False,False,build,
shareholder_yield,HIGH,12,drawdown,20-30,launch_300,10,0.9025222499736166,2572,0.10024945431867789,3,0.0011664074650077762,0.004170564390396009,0.27967616749756546,0.09513372265739625,0.8209718448438122,,0,False,False,build,
shareholder_yield,HIGH,12,drawdown,>30,win_50,10,0.8726850798562134,1922,0.10021377548360186,550,0.2861602497398543,0.28708483236873666,0.9967794096913668,0.9279369817755222,1.0685933930890827,-0.6,10,True,False,build,
shareholder_yield,HIGH,12,drawdown,>30,win_100,10,0.8726850798562134,1922,0.10021377548360186,179,0.0931321540062435,0.09291412482402628,1.00234656660255,0.8711143891505377,1.151048115609869,-0.7454545454545455,10,True,False,build,
shareholder_yield,HIGH,12,drawdown,>30,launch_300,10,0.8726850798562134,1922,0.10021377548360186,44,0.022892819979188347,0.026383023098180303,0.8677102655748089,0.6480425887155502,1.1595214157473959,,0,False,False,build,
shareholder_yield,HIGH,12,mst,0-12,win_50,10,0.888723901029681,26514,0.10022605106183517,2613,0.09855170853134193,0.11442039449312397,0.8613124344477273,0.8304636484603658,0.8931777363627501,-0.8303030303030303,10,True,False,build,
shareholder_yield,HIGH,12,mst,0-12,win_100,10,0.888723901029681,26514,0.10022605106183517,481,0.018141359281888814,0.025572498884865163,0.7094089382334708,0.6492640218217272,0.7750131236874029,-0.8909090909090909,10,True,False,build,
shareholder_yield,HIGH,12,mst,0-12,launch_300,10,0.888723901029681,26514,0.10022605106183517,132,0.004978501923512107,0.006324137566057563,0.7872222688880692,0.6641321700812397,0.9329906818184664,-0.9428571428571428,6,True,False,build,
shareholder_yield,HIGH,12,mst,13-24,win_50,10,0.926489226869455,3151,0.10024496548213661,310,0.09838146620120597,0.11713803963986892,0.8398763245797142,0.7552313309183889,0.9328708945815487,-0.8303030303030303,10,True,False,build,
shareholder_yield,HIGH,12,mst,13-24,win_100,10,0.926489226869455,3151,0.10024496548213661,45,0.014281180577594414,0.02392390163204276,0.596941953584475,0.4468507491266847,0.7964757884688558,,3,False,False,build,
shareholder_yield,HIGH,12,mst,13-24,launch_300,10,0.926489226869455,3151,0.10024496548213661,3,0.000952078705172961,0.003276810994814367,0.29055038776409403,0.09882911203952241,0.8531568639723704,,0,False,False,build,
shareholder_yield,HIGH,12,mst,>24,win_50,10,0.9096657341074115,5636,0.10019377433290075,427,0.07576295244854507,0.09637162006008781,0.7861541852394593,0.717428424305204,0.8608767345175661,-0.9030303030303031,10,True,False,build,
shareholder_yield,HIGH,12,mst,>24,win_100,10,0.9096657341074115,5636,0.10019377433290075,51,0.009048970901348475,0.019768537448223142,0.45774609907531755,0.34850661518083353,0.6008172130696575,-0.8857142857142857,6,False,False,build,
shareholder_yield,HIGH,12,mst,>24,launch_300,10,0.9096657341074115,5636,0.10019377433290075,8,0.0014194464158978,0.003164388188654424,0.4485689906779053,0.22735462000741544,0.8844204997037761,,0,False,False,build,
marketcap,LOW,0,all,ALL,win_50,1,0.9968583912217961,39285,0.10016751956307227,6033,0.1535700649102711,0.11740648099277652,1.308020337648307,1.2779426856111196,1.3386749956509467,-1.0,10,True,False,build,
marketcap,LOW,0,all,ALL,win_100,1,0.9968583912217961,39285,0.10016751956307227,2178,0.0554410080183276,0.027361528635136273,2.026239423887052,1.9451132069082675,2.110542851475092,-1.0,10,True,True,build,
marketcap,LOW,0,all,ALL,launch_300,1,0.9968583912217961,39285,0.10016751956307227,605,0.015400280005091001,0.0066370383969117245,2.32035421284543,2.143897747904785,2.5110886256124423,-0.9833333333333333,9,True,True,build,
marketcap,LOW,0,drawdown,0-10,win_50,1,0.9967249877515857,30356,0.10014350515463917,4282,0.14105942811964686,0.10265072164948454,1.3741688889564196,1.3364654051032705,1.41275725861541,-1.0,10,True,False,build,
marketcap,LOW,0,drawdown,0-10,win_100,1,0.9967249877515857,30356,0.10014350515463917,1533,0.05050072473316643,0.022597938144329897,2.234749224049792,2.1282372297156784,2.3462949130149333,-1.0,10,True,True,build,
marketcap,LOW,0,drawdown,0-10,launch_300,1,0.9967249877515857,30356,0.10014350515463917,431,0.014198181578600606,0.005423505154639175,2.6178976830981195,2.3835953580034563,2.874867619870982,-1.0,5,True,True,build,
marketcap,LOW,0,drawdown,10-20,win_50,1,0.9965556241003496,3888,0.10028372452927521,430,0.11059670781893004,0.08021666236781017,1.3787248752861472,1.2605867995404147,1.5064460522499263,-0.9878787878787879,10,True,False,build,
marketcap,LOW,0,drawdown,10-20,win_100,1,0.9965556241003496,3888,0.10028372452927521,129,0.033179012345679014,0.015579055971111684,2.1297190540430058,1.7968981426910788,2.521693442752453,,1,True,False,build,
marketcap,LOW,0,drawdown,10-20,launch_300,1,0.9965556241003496,3888,0.10028372452927521,34,0.00874485596707819,0.00433324735620325,2.0180837252596513,1.4457380766274441,2.8142317404756505,,0,False,False,build,
marketcap,LOW,0,drawdown,20-30,win_50,1,0.9974671966792135,2841,0.10019396931758068,538,0.18936994016191483,0.1872685593369776,1.0112212153090574,0.9365470722951904,1.090375035590666,-0.806060606060606,10,True,False,build,
marketcap,LOW,0,drawdown,20-30,win_100,1,0.9974671966792135,2841,0.10019396931758068,160,0.056318197817669835,0.03932287074590019,1.4321995507802945,1.2314648510573414,1.6634057984352053,-0.8857142857142857,6,True,False,build,
marketcap,LOW,0,drawdown,20-30,launch_300,1,0.9974671966792135,2841,0.10019396931758068,31,0.010911650827173531,0.004831599365191324,2.2583931328796023,1.5932299317868668,3.196934935757476,,0,False,False,build,
marketcap,LOW,0,drawdown,>30,win_50,1,0.9984529280611548,2200,0.10025976393382856,783,0.3559090909090909,0.29667775600419266,1.1996487222454966,1.133112301769263,1.2678783005063212,-0.9030303030303031,10,True,False,build,
marketcap,LOW,0,drawdown,>30,win_100,1,0.9984529280611548,2200,0.10025976393382856,356,0.1618181818181818,0.09852800437497151,1.6423572449751913,1.4921692361327845,1.8045109068089011,-0.9666666666666667,9,True,True,build,
marketcap,LOW,0,drawdown,>30,launch_300,1,0.9984529280611548,2200,0.10025976393382856,109,0.049545454545454545,0.029804493460329033,1.6623484848484849,1.3835741455946915,1.993811230623137,,1,True,False,build,
marketcap,LOW,0,mst,0-12,win_50,1,0.9969159961701913,29722,0.10015939504021945,4661,0.1568198640737501,0.12030113194067674,1.30356100182899,1.269566181810152,1.3382931222241372,-1.0,10,True,False,build,
marketcap,LOW,0,mst,0-12,win_100,1,0.9969159961701913,29722,0.10015939504021945,1733,0.058306977996097166,0.028775354089510593,2.0262818596331944,1.9356731751084442,2.120857815353831,-1.0,10,True,True,build,
marketcap,LOW,0,mst,0-12,launch_300,1,0.9969159961701913,29722,0.10015939504021945,521,0.017529103021331,0.007548517760920919,2.322191399228085,2.1326459039768357,2.5282565682870777,-0.9761904761904762,8,True,True,build,
marketcap,LOW,0,mst,13-24,win_50,1,0.9969640699148171,3390,0.10022469252601703,460,0.13569321533923304,0.12183656575212867,1.1137314524712978,1.0224888216202157,1.2117430791185537,-0.9030303030303031,10,True,False,build,
marketcap,LOW,0,mst,13-24,win_100,1,0.9969640699148171,3390,0.10022469252601703,135,0.03982300884955752,0.025957899716177863,1.5341383272522022,1.2999710054837503,1.8084375732638378,,4,True,False,build,
marketcap,LOW,0,mst,13-24,launch_300,1,0.9969640699148171,3390,0.10022469252601703,33,0.009734513274336283,0.003695600756859035,2.6340814159292036,1.8778946250192161,3.6905858919926566,,0,False,False,build,
marketcap,LOW,0,mst,>24,win_50,1,0.9965231172275498,6173,0.10017526208172406,912,0.14774015875587235,0.10103534451981436,1.4622621366614785,1.376819186636659,1.5520416884135833,-0.9636363636363636,10,True,False,build,
marketcap,LOW,0,mst,>24,win_100,1,0.9965231172275498,6173,0.10017526208172406,310,0.050218694313947834,0.02132355327642725,2.35508095967587,2.1124454242212147,2.623952732735874,-0.9428571428571428,6,True,True,build,
marketcap,LOW,0,mst,>24,launch_300,1,0.9965231172275498,6173,0.10017526208172406,51,0.008261785193584966,0.0038622569861413132,2.1391080974751797,1.6284842783988818,2.808094479926049,,0,False,False,build,
marketcap,LOW,3,all,ALL,win_50,1,0.9997585333058824,39404,0.10017949122120132,5888,0.14942645416708963,0.11704810669812424,1.276624273406417,1.2468428370334514,1.3069896364142441,-0.9878787878787879,10,True,False,build,
marketcap,LOW,3,all,ALL,win_100,1,0.9997585333058824,39404,0.10017949122120132,2108,0.05349710689270125,0.02727198767459716,1.9616137822815096,1.8817300378394726,2.0446894395545767,-1.0,10,True,True,build,
marketcap,LOW,3,all,ALL,launch_300,1,0.9997585333058824,39404,0.10017949122120132,575,0.014592427164754847,0.006602531182150539,2.210126201933648,2.0378340116242466,2.3967514755067194,-1.0,9,True,True,build,
marketcap,LOW,3,drawdown,0-10,win_50,1,0.9997369468073563,30455,0.10016741163198384,4197,0.1378098834345756,0.10231843731601988,1.3468724410727377,1.3094825154021055,1.3851552516890029,-0.9878787878787879,10,True,False,build,
marketcap,LOW,3,drawdown,0-10,win_100,1,0.9997369468073563,30455,0.10016741163198384,1493,0.04902314890822525,0.02251670005032216,2.1771906539885646,2.0719978055520816,2.287435490439144,-1.0,10,True,True,build,
marketcap,LOW,3,drawdown,0-10,launch_300,1,0.9997369468073563,30455,0.10016741163198384,418,0.013725168281070432,0.00538743130038383,2.5476275270726103,2.316213080029098,2.801809343371807,-1.0,5,True,True,build,
marketcap,LOW,3,drawdown,10-20,win_50,1,0.9998457742134484,3896,0.10015939122834079,426,0.10934291581108829,0.07995269679675047,1.367595092996692,1.2498118440494732,1.4950042524541118,-0.9515151515151515,10,True,False,build,
marketcap,LOW,3,drawdown,10-20,win_100,1,0.9998457742134484,3896,0.10015939122834079,119,0.030544147843942507,0.015527790631909096,1.9670633490623768,1.6477606498455,2.345927369546386,,1,True,False,build,
marketcap,LOW,3,drawdown,10-20,launch_300,1,0.9998457742134484,3896,0.10015939122834079,28,0.007186858316221766,0.004318988122782663,1.6640143737166322,1.1523777886016198,2.400442261153588,,0,False,False,build,
marketcap,LOW,3,drawdown,20-30,win_50,1,0.9997889330566011,2849,0.10024277822736709,538,0.18883818883818884,0.18683367932162837,1.0107288446271498,0.9360694553422306,1.0898734117910742,-0.7696969696969697,10,True,False,build,
marketcap,LOW,3,drawdown,20-30,win_100,1,0.9997889330566011,2849,0.10024277822736709,170,0.05967005967005967,0.03923155413250765,1.520971090477817,1.314009194926154,1.7581597218928595,-0.6,6,True,True,build,
marketcap,LOW,3,drawdown,20-30,launch_300,1,0.9997889330566011,2849,0.10024277822736709,31,0.01088101088101088,0.004820379296998698,2.257293505468688,1.5924481783660007,3.1954024785673405,,0,False,False,build,
marketcap,LOW,3,drawdown,>30,win_50,1,0.9998634936524549,2204,0.1003003549649586,727,0.32985480943738654,0.29625921543642486,1.1133993214404196,1.0481940589777128,1.1806030929080003,-0.6363636363636364,10,True,False,build,
marketcap,LOW,3,drawdown,>30,win_100,1,0.9998634936524549,2204,0.1003003549649586,326,0.14791288566243194,0.0983890051879494,1.5033477102434225,1.3589362643516962,1.6602118084329742,-0.9833333333333333,9,True,True,build,
marketcap,LOW,3,drawdown,>30,launch_300,1,0.9998634936524549,2204,0.1003003549649586,98,0.04446460980036298,0.02976244652771457,1.493983693812196,1.2305037085658834,1.810724983018613,,0,False,False,build,
marketcap,LOW,3,mst,0-12,win_50,1,0.9997513983840896,29815,0.10018784170220202,4500,0.15093073956062383,0.1199465037585142,1.2583171233109849,1.2248152553598497,1.2925688154243493,-0.9878787878787879,10,True,False,build,
marketcap,LOW,3,mst,0-12,win_100,1,0.9997513983840896,29815,0.10018784170220202,1662,0.05574375314439041,0.02868702346509135,1.9431696429650096,1.854369024152158,2.0359603589584587,-1.0,10,True,True,build,
marketcap,LOW,3,mst,0-12,launch_300,1,0.9997513983840896,29815,0.10018784170220202,492,0.016501760858628207,0.00751366808808062,2.1962323415384737,2.011900521545388,2.3971439241764094,-0.9761904761904762,8,True,True,build,
marketcap,LOW,3,mst,13-24,win_50,1,0.9998231497037757,3398,0.10017393355148728,446,0.1312536786344909,0.12148816367441997,1.0803824394468735,0.9903443836982154,1.177275469697501,-0.806060606060606,10,True,False,build,
marketcap,LOW,3,mst,13-24,win_100,1,0.9998231497037757,3398,0.10017393355148728,127,0.03737492642731018,0.02588367088234427,1.4439577213448618,1.217060622395201,1.7112207921473628,,4,True,False,build,
marketcap,LOW,3,mst,13-24,launch_300,1,0.9998231497037757,3398,0.10017393355148728,30,0.008828722778104767,0.003685032870493205,2.3958328428487343,1.6801220913582318,3.4125693885665105,,0,False,False,build,
marketcap,LOW,3,mst,>24,win_50,1,0.9997574267833175,6191,0.10014234414933196,942,0.1521563560006461,0.10065995923781178,1.5115876973601066,1.4248502702521568,1.602610839696619,-0.9636363636363636,10,True,True,build,
marketcap,LOW,3,mst,>24,win_100,1,0.9997574267833175,6191,0.10014234414933196,319,0.05152640930382814,0.021222218627672998,2.4279463993759625,2.1813199790532942,2.700781314410405,-1.0,6,True,True,build,
marketcap,LOW,3,mst,>24,launch_300,1,0.9997574267833175,6191,0.10014234414933196,53,0.008560814084962043,0.0038174112775387404,2.2425705439005226,1.7161492186026528,2.928652124382899,,0,False,False,build,
marketcap,LOW,6,all,ALL,win_50,1,0.9992730581629722,39376,0.100156940349949,5866,0.14897399431125558,0.11706681792630162,1.272555254769467,1.2428060540993526,1.302889457909644,-1.0,10,True,False,build,
marketcap,LOW,6,all,ALL,win_100,1,0.9992730581629722,39376,0.100156940349949,2044,0.05190979276716782,0.02726234474478752,1.904083938968339,1.8253006512493488,1.9860738981627883,-1.0,10,True,True,build,
marketcap,LOW,6,all,ALL,launch_300,1,0.9992730581629722,39376,0.100156940349949,553,0.014044087769199512,0.006595564463821053,2.129323099825069,1.9601522383187342,2.312868606130972,-1.0,9,True,True,build,
marketcap,LOW,6,drawdown,0-10,win_50,1,0.9992502984009654,30441,0.10017012566923227,4236,0.13915442988075294,0.10232219893186088,1.3599632468162617,1.3224100840285649,1.398406356271517,-1.0,10,True,False,build,
marketcap,LOW,6,drawdown,0-10,win_100,1,0.9992502984009654,30441,0.10017012566923227,1473,0.04838868631122499,0.022501340932499267,2.150480118335346,2.0458591771816295,2.2601659362323097,-1.0,10,True,True,build,
marketcap,LOW,6,drawdown,0-10,launch_300,1,0.9992502984009654,30441,0.10017012566923227,404,0.013271574521204954,0.005376892524671512,2.4682610746465956,2.240343103726454,2.7190228178502087,-1.0,6,True,True,build,
marketcap,LOW,6,drawdown,10-20,win_50,1,0.9994345054493111,3893,0.10012345043979219,425,0.1091703056768559,0.07998559744869091,1.3648745419059523,1.2471830548852878,1.492199642180087,-0.9878787878787879,10,True,False,build,
marketcap,LOW,6,drawdown,10-20,win_100,1,0.9994345054493111,3893,0.10012345043979219,118,0.030310814282044695,0.015534180340517463,1.9512335776729501,1.6332480046463758,2.328831421510669,,2,True,False,build,
marketcap,LOW,6,drawdown,10-20,launch_300,1,0.9994345054493111,3893,0.10012345043979219,30,0.007706139224248652,0.004320765392726711,1.783512531650215,1.2505470620848103,2.541112875864935,,0,False,False,build,
marketcap,LOW,6,drawdown,20-30,win_50,1,0.9990150209308052,2842,0.10007394626571359,587,0.20654468684025334,0.18697841473291313,1.1046445502027034,1.027188665541632,1.1863375082519114,-0.8303030303030303,10,True,False,build,
marketcap,LOW,6,drawdown,20-30,win_100,1,0.9990150209308052,2842,0.10007394626571359,198,0.06966924700914849,0.03926194584316349,1.7744725971415318,1.5505711489117127,2.027964119036653,-1.0,6,True,True,build,
marketcap,LOW,6,drawdown,20-30,launch_300,1,0.9990150209308052,2842,0.10007394626571359,40,0.014074595355383532,0.004824113525124124,2.917550609471072,2.1461236794729315,3.9609140798714595,,0,False,False,build,
marketcap,LOW,6,drawdown,>30,win_50,1,0.9996359830732129,2200,0.10014110792480313,618,0.2809090909090909,0.2962811234011562,0.948116733473931,0.8860597623745777,1.0127516054279175,0.22424242424242424,10,True,False,build,
marketcap,LOW,6,drawdown,>30,win_100,1,0.9996359830732129,2200,0.10014110792480313,255,0.1159090909090909,0.09836587919340889,1.178346514660721,1.0491132712962998,1.321192179449134,-0.48333333333333334,9,True,False,build,
marketcap,LOW,6,drawdown,>30,launch_300,1,0.9996359830732129,2200,0.10014110792480313,79,0.03590909090909091,0.02976922026491875,1.2062489574645539,0.9710651438908889,1.495780504592113,,0,False,False,build,
marketcap,LOW,6,mst,0-12,win_50,1,0.9992206003393076,29790,0.10015701015018508,4454,0.149513259483048,0.11997996187376653,1.246151916937214,1.2127783275399466,1.2802787969465956,-0.9878787878787879,10,True,False,build,
marketcap,LOW,6,mst,0-12,win_100,1,0.9992206003393076,29790,0.10015701015018508,1576,0.05290365894595502,0.028682089747943233,1.84448411572761,1.7578547838136103,1.9351331140026422,-1.0,10,True,True,build,
marketcap,LOW,6,mst,0-12,launch_300,1,0.9992206003393076,29790,0.10015701015018508,460,0.01544142329640819,0.0075075731341176,2.0567796038157535,1.8784283093358134,2.251774464796084,-0.9833333333333333,9,True,True,build,
marketcap,LOW,6,mst,13-24,win_50,1,0.9994104990125858,3394,0.10009732503612823,464,0.13671184443134943,0.12153832541952989,1.1248455494136775,1.0331231111436432,1.2233266549103736,-0.8424242424242424,10,True,False,build,
marketcap,LOW,6,mst,13-24,win_100,1,0.9994104990125858,3394,0.10009732503612823,135,0.039776075427224514,0.02589435809714808,1.536090420855241,1.3016206968546788,1.810747286294039,-0.6,5,True,True,build,
marketcap,LOW,6,mst,13-24,launch_300,1,0.9994104990125858,3394,0.10009732503612823,36,0.01060695344725987,0.0036865543987967086,2.8771997642899234,2.0809637408908563,3.973600905300168,,0,False,False,build,
marketcap,LOW,6,mst,>24,win_50,1,0.9994501673755195,6192,0.10018931119848551,948,0.15310077519379844,0.10059382230636053,1.5219699548499799,1.4349509170264694,1.6132651916674532,-0.9636363636363636,10,True,True,build,
marketcap,LOW,6,mst,>24,win_100,1,0.9994501673755195,6192,0.10018931119848551,333,0.05377906976744186,0.021180201608336165,2.539119823405049,2.2866621919089147,2.8177018194668397,-1.0,6,True,True,build,
marketcap,LOW,6,mst,>24,launch_300,1,0.9994501673755195,6192,0.10018931119848551,57,0.009205426356589148,0.003802404414025209,2.420948787728847,1.8704829152219422,3.1314689561133062,,0,False,False,build,
marketcap,LOW,12,all,ALL,win_50,1,0.9923061085990103,39102,0.10015829836937311,5802,0.1483811569740678,0.11685647102217714,1.2697727021544907,1.2399168880108613,1.3002196747771608,-1.0,10,True,False,build,
marketcap,LOW,12,all,ALL,win_100,1,0.9923061085990103,39102,0.10015829836937311,1975,0.050508925374661146,0.02704391883238303,1.867662955495213,1.789021265272802,1.9495700427824387,-1.0,10,True,True,build,
marketcap,LOW,12,all,ALL,launch_300,1,0.9923061085990103,39102,0.10015829836937311,529,0.013528719758580124,0.006490745436754934,2.0843090967597466,1.9151159809674547,2.2682269370760397,-0.9666666666666667,9,True,True,build,
marketcap,LOW,12,drawdown,0-10,win_50,1,0.9916677901230102,30207,0.10016015279173174,4196,0.13890820008607277,0.10196394406920722,1.3623266670793934,1.3245263193180563,1.4010276198594152,-1.0,10,True,False,build,
marketcap,LOW,12,drawdown,0-10,win_100,1,0.9916677901230102,30207,0.10016015279173174,1440,0.04767106961962459,0.022202548518337993,2.147098995426183,2.0414441665174707,2.2579348399419303,-1.0,10,True,True,build,
marketcap,LOW,12,drawdown,0-10,launch_300,1,0.9916677901230102,30207,0.10016015279173174,406,0.013440593239977488,0.005262163156899999,2.554195459020221,2.318913629054249,2.812991744475795,-0.9,5,True,True,build,
marketcap,LOW,12,drawdown,10-20,win_50,1,0.9927256837343204,3867,0.10012687398047694,448,0.11585208171709335,0.07993060770047383,1.4494082436008624,1.327949426777756,1.5804061333686759,-0.9757575757575757,10,True,False,build,
marketcap,LOW,12,drawdown,10-20,win_100,1,0.9927256837343204,3867,0.10012687398047694,131,0.03387638996638221,0.015380233551694674,2.2025926883697764,1.8609002069968332,2.6044384024172844,,2,True,False,build,
marketcap,LOW,12,drawdown,10-20,launch_300,1,0.9927256837343204,3867,0.10012687398047694,33,0.008533747090768037,0.0041687165013852565,2.047092213618338,1.4592061001484224,2.86897632471618,,0,False,False,build,
marketcap,LOW,12,drawdown,20-30,win_50,1,0.9950047490062265,2834,0.10019444935478168,623,0.21983062808750883,0.18709563372812446,1.17496396739516,1.0955274542562004,1.2584545861585066,-0.9393939393939394,10,True,False,build,
marketcap,LOW,12,drawdown,20-30,win_100,1,0.9950047490062265,2834,0.10019444935478168,201,0.07092448835568102,0.03931412409404278,1.8040460010255734,1.5781349849448894,2.059504683041119,-0.9428571428571428,6,True,True,build,
marketcap,LOW,12,drawdown,20-30,launch_300,1,0.9950047490062265,2834,0.10019444935478168,39,0.013761467889908258,0.004843556655471098,2.841190651577044,2.0817710324601806,3.8723937430572963,,0,False,False,build,
marketcap,LOW,12,drawdown,>30,win_50,1,0.9969058561223096,2194,0.10014149436304715,535,0.2438468550592525,0.2962709388835638,0.8230535737934314,0.7639526327839836,0.8851768349185758,0.3333333333333333,10,True,False,build,
marketcap,LOW,12,drawdown,>30,win_100,1,0.9969058561223096,2194,0.10014149436304715,203,0.09252506836827712,0.09840704733214661,0.9402280718370052,0.8241491858337066,1.0707814894005452,0.17575757575757575,10,True,False,build,
marketcap,LOW,12,drawdown,>30,launch_300,1,0.9969058561223096,2194,0.10014149436304715,51,0.02324521422060164,0.02962252955406454,0.784714019043392,0.5983310478166419,1.027357380865721,,0,False,False,build,
marketcap,LOW,12,mst,0-12,win_50,1,0.991859976819579,29572,0.10016190108453404,4366,0.1476396591370215,0.11980680255519201,1.2323144929020837,1.1989491948854196,1.266443793135589,-1.0,10,True,False,build,
marketcap,LOW,12,mst,0-12,win_100,1,0.991859976819579,29572,0.10016190108453404,1509,0.051027999458947655,0.02843430135278856,1.7945930454149641,1.7084201931376632,1.8848676154307504,-1.0,10,True,True,build,
marketcap,LOW,12,mst,0-12,launch_300,1,0.991859976819579,29572,0.10016190108453404,439,0.014845123765724335,0.007397321519296035,2.0068241899450476,1.8288324934981284,2.2018529592399987,-0.9666666666666667,9,True,True,build,
marketcap,LOW,12,mst,13-24,win_50,1,0.9956966427918766,3385,0.10020425683076285,520,0.1536189069423929,0.12160682040200113,1.26324252566236,1.1665871087537882,1.366355543132756,-0.9636363636363636,10,True,False,build,
marketcap,LOW,12,mst,13-24,win_100,1,0.9956966427918766,3385,0.10020425683076285,169,0.0499261447562777,0.025872531896628283,1.9296969061920102,1.6653137362553025,2.233518521533272,-0.9,5,True,True,build,
marketcap,LOW,12,mst,13-24,launch_300,1,0.9956966427918766,3385,0.10020425683076285,43,0.012703101920236336,0.0037003049051241824,3.4329878877400293,2.5524155253152614,4.61211986955313,,0,False,False,build,
marketcap,LOW,12,mst,>24,win_50,1,0.9925934311172923,6145,0.10011567474217566,916,0.14906427990235965,0.1000505058733443,1.4898903169071704,1.40307981987337,1.5810835082067984,-0.9878787878787879,10,True,False,build,
marketcap,LOW,12,mst,>24,win_100,1,0.9925934311172923,6145,0.10011567474217566,297,0.0483319772172498,0.02100066798090552,2.301449518710299,2.059275298944519,2.5704969224174725,-0.9428571428571428,6,True,True,build,
marketcap,LOW,12,mst,>24,launch_300,1,0.9925934311172923,6145,0.10011567474217566,47,0.007648494711147274,0.0036657488717639583,2.0864753638911493,1.5704570448589803,2.7703143525458938,,0,False,False,build,
pb,LOW,0,all,ALL,win_50,1,0.9664285042536265,44536,0.11713187856536067,5430,0.12192383689599426,0.11620084108978726,1.049250898294143,1.0233798192492944,1.0756832159524499,0.6484848484848484,10,True,False,build,
pb,LOW,0,all,ALL,win_100,1,0.9664285042536265,44536,0.11713187856536067,1571,0.03527483384228489,0.026608209436091115,1.3257124244684595,1.2628150212829932,1.3916225427168658,0.47878787878787876,10,True,False,build,
pb,LOW,0,all,ALL,launch_300,1,0.9664285042536265,44536,0.11713187856536067,399,0.008959044368600682,0.006293708132901654,1.4234921892493606,1.2910172807994769,1.5694253490521055,0.47878787878787876,10,True,False,build,
pb,LOW,0,drawdown,0-10,win_50,1,0.9645634467859832,33992,0.11587760445074724,3246,0.09549305718992704,0.10147131013417694,0.9410843031755007,0.9107433016141604,0.9723262182511344,0.8181818181818182,10,True,False,build,
pb,LOW,0,drawdown,0-10,win_100,1,0.9645634467859832,33992,0.11587760445074724,745,0.0219169216286185,0.02188215883058798,1.0015886365828734,0.9328895241973997,1.0752253227186797,0.7212121212121212,10,True,False,build,
pb,LOW,0,drawdown,0-10,launch_300,1,0.9645634467859832,33992,0.11587760445074724,177,0.005207107554718757,0.005096405585251445,1.0217215776129893,0.8821727812117989,1.1832115478779954,0.6571428571428571,6,True,False,build,
pb,LOW,0,drawdown,10-20,win_50,1,0.9725735142915896,4482,0.11845548008563046,318,0.07095046854082998,0.0790231783703782,0.8978437719663491,0.8073041214979195,0.9976824000617521,0.9151515151515152,10,True,False,build,
pb,LOW,0,drawdown,10-20,win_100,1,0.9725735142915896,4482,0.11845548008563046,75,0.01673360107095047,0.01506461928799852,1.1107881819676366,0.8875783274600414,1.3889408257615914,,1,False,False,build,
pb,LOW,0,drawdown,10-20,launch_300,1,0.9725735142915896,4482,0.11845548008563046,11,0.0024542614904060687,0.004070090123424162,0.6029992987824313,0.33684771933426144,1.0785193336451289,,0,False,False,build,
pb,LOW,0,drawdown,20-30,win_50,1,0.9707320505153552,3305,0.11976807392643594,593,0.1794251134644478,0.18467113607537597,0.9715926228515379,0.9027827892114033,1.0444331585965632,0.6848484848484848,10,True,False,build,
pb,LOW,0,drawdown,20-30,win_100,1,0.9707320505153552,3305,0.11976807392643594,123,0.03721633888048412,0.037760463852147125,0.9855900877226097,0.8284207007570544,1.1712165932169105,,4,True,False,build,
pb,LOW,0,drawdown,20-30,launch_300,1,0.9707320505153552,3305,0.11976807392643594,13,0.003933434190620273,0.004203660083348433,0.9357165214669518,0.547192037548147,1.5982485949329903,,0,False,False,build,
pb,LOW,0,drawdown,>30,win_50,1,0.9757928743686581,2757,0.12856143623222197,1273,0.4617337685890461,0.2951737001632082,1.5642781465074396,1.5014577568959626,1.6274592997509707,-0.806060606060606,10,True,True,build,
pb,LOW,0,drawdown,>30,win_100,1,0.9757928743686581,2757,0.12856143623222197,628,0.22778382299601016,0.09727209139659594,2.341718161145464,2.184733806162892,2.5064902372936064,-0.5757575757575758,10,True,False,build,
pb,LOW,0,drawdown,>30,launch_300,1,0.9757928743686581,2757,0.12856143623222197,198,0.07181719260065289,0.029284215434833293,2.452419897007964,2.143265506873069,2.802263599337711,,1,True,False,build,
pb,LOW,0,mst,0-12,win_50,1,0.964755681722742,33647,0.11716589941986391,4442,0.1320177133176806,0.11915424098281878,1.1079564791715357,1.077953242896091,1.1386648104962962,0.6363636363636364,10,True,False,build,
pb,LOW,0,mst,0-12,win_100,1,0.964755681722742,33647,0.11716589941986391,1339,0.03979552411804916,0.027976070257056698,1.4224844215928116,1.3496830714954058,1.4990415018729797,0.47878787878787876,10,True,False,build,
pb,LOW,0,mst,0-12,launch_300,1,0.964755681722742,33647,0.11716589941986391,362,0.010758760067762356,0.007173351347963256,1.4998233804366925,1.3537522292774924,1.6614660588892376,0.48333333333333334,9,True,False,build,
pb,LOW,0,mst,13-24,win_50,1,0.9666637191617296,3865,0.11784973777289913,352,0.09107373868046571,0.1199231613611416,0.7594341046947759,0.6871451947424536,0.8384945505376714,0.9030303030303031,10,True,False,build,
pb,LOW,0,mst,13-24,win_100,1,0.9666637191617296,3865,0.11784973777289913,76,0.01966364812419146,0.024972557628979142,0.7874102611489416,0.6302787922637151,0.9827385917758702,,2,False,False,build,
pb,LOW,0,mst,13-24,launch_300,1,0.9666637191617296,3865,0.11784973777289913,11,0.0028460543337645535,0.003384559092572265,0.840893675046327,0.4697695446803478,1.503716201339162,,0,False,False,build,
pb,LOW,0,mst,>24,win_50,1,0.974351925222763,7024,0.11657897794227481,636,0.09054669703872438,0.10009792368591393,0.9045811711623583,0.8397545260393716,0.9738796283015678,0.8545454545454545,10,True,False,build,
pb,LOW,0,mst,>24,win_100,1,0.974351925222763,7024,0.11657897794227481,156,0.022209567198177675,0.020978904914441255,1.0586618933998442,0.9064115700146798,1.2358098957963768,0.6428571428571429,8,True,False,build,
pb,LOW,0,mst,>24,launch_300,1,0.974351925222763,7024,0.11657897794227481,26,0.003701594533029613,0.003684586147947752,1.0046160910340867,0.6859366906780896,1.470546539155159,,0,False,False,build,
pb,LOW,3,all,ALL,win_50,1,0.9690515950781462,45059,0.11818661099060204,5095,0.11307396968419184,0.11581285917750156,0.9763507307153868,0.9513870891287168,1.0018839838375106,0.793939393939394,10,True,False,build,
pb,LOW,3,all,ALL,win_100,1,0.9690515950781462,45059,0.11818661099060204,1465,0.03251292749506203,0.026488971890057257,1.227413718811257,1.1670805449774626,1.290755822856816,0.5878787878787879,10,True,False,build,
pb,LOW,3,all,ALL,launch_300,1,0.9690515950781462,45059,0.11818661099060204,350,0.007767593599502874,0.006268803130729463,1.239087181000531,1.1163060240556788,1.3752556437113435,0.5757575757575758,10,True,False,build,
pb,LOW,3,drawdown,0-10,win_50,1,0.9675523886873975,34492,0.11721885588252286,3090,0.08958599095442421,0.10113065967041968,0.885844028372612,0.8564921769143985,0.9160997348577952,0.9030303030303031,10,True,False,build,
pb,LOW,3,drawdown,0-10,win_100,1,0.9675523886873975,34492,0.11721885588252286,743,0.021541226951177085,0.021770381270539298,0.9894740327918687,0.9215060492807287,1.0623368498585475,0.696969696969697,10,True,False,build,
pb,LOW,3,drawdown,0-10,launch_300,1,0.9675523886873975,34492,0.11721885588252286,164,0.004754725733503421,0.005050075955045488,0.9415156872547659,0.8082765641278966,1.0965962807310992,0.7857142857142857,7,True,False,build,
pb,LOW,3,drawdown,10-20,win_50,1,0.9738330248817603,4464,0.11782716570764927,315,0.07056451612903226,0.07849865385630576,0.8989264485758293,0.8078524424235597,0.9994077364135217,0.7818181818181819,10,True,False,build,
pb,LOW,3,drawdown,10-20,win_100,1,0.9738330248817603,4464,0.11782716570764927,78,0.01747311827956989,0.01501874043182178,1.1634210178203601,0.9337445356652461,1.4483454836051495,,1,False,False,build,
pb,LOW,3,drawdown,10-20,launch_300,1,0.9738330248817603,4464,0.11782716570764927,11,0.00246415770609319,0.004091221031515599,0.6023037345357845,0.3364596906081288,1.0772698441297743,,0,False,False,build,
pb,LOW,3,drawdown,20-30,win_50,1,0.9714004291694516,3364,0.12182226406895054,563,0.1673602853745541,0.1840732961541247,0.9092045879073258,0.8427433826867717,0.9797882664690645,0.8303030303030303,10,True,False,build,
pb,LOW,3,drawdown,20-30,win_100,1,0.9714004291694516,3364,0.12182226406895054,112,0.03329369797859691,0.03733613384515101,0.8917285897002667,0.7430791274930181,1.0688940689878466,0.9,5,True,False,build,
pb,LOW,3,drawdown,20-30,launch_300,1,0.9714004291694516,3364,0.12182226406895054,11,0.0032699167657550534,0.004128340696748027,0.7920656278031583,0.44252124127582815,1.4160955587600972,,0,False,False,build,
pb,LOW,3,drawdown,>30,win_50,1,0.9782954907403194,2739,0.1273953488372093,1127,0.4114640379700621,0.2948372093023256,1.3955634668490826,1.333520326933912,1.458447736328704,-0.7333333333333333,10,True,False,build,
pb,LOW,3,drawdown,>30,win_100,1,0.9782954907403194,2739,0.1273953488372093,532,0.19423147133990507,0.09734883720930232,1.99521100516386,1.847462994141022,2.1517570878321575,-0.5272727272727272,10,True,False,build,
pb,LOW,3,drawdown,>30,launch_300,1,0.9782954907403194,2739,0.1273953488372093,164,0.059875867104782765,0.029534883720930234,2.027293138193432,1.746811101076568,2.349516420103305,,1,True,False,build,
pb,LOW,3,mst,0-12,win_50,1,0.9674902994977576,34025,0.11814728391460755,4112,0.12085231447465099,0.11880356125949693,1.0172448804853507,0.9884519241826842,1.0467583765820876,0.6363636363636364,10,True,False,build,
pb,LOW,3,mst,0-12,win_100,1,0.9674902994977576,34025,0.11814728391460755,1211,0.03559147685525349,0.02785532730530439,1.277726032983139,1.20891555974289,1.3503006910252981,0.4666666666666667,10,True,False,build,
pb,LOW,3,mst,0-12,launch_300,1,0.9674902994977576,34025,0.11814728391460755,314,0.00922850844966936,0.0071634929233162494,1.2882693608353755,1.153967829358247,1.4380388691111161,0.6121212121212121,10,True,False,build,
pb,LOW,3,mst,13-24,win_50,1,0.9678721961859286,3850,0.11724578981027499,337,0.08753246753246753,0.11946889179888541,0.7326799990730656,0.661356096017696,0.8108867357815686,0.9636363636363636,10,True,False,build,
pb,LOW,3,mst,13-24,win_100,1,0.9678721961859286,3850,0.11724578981027499,74,0.01922077922077922,0.024880470201297317,0.7725247579837543,0.6164984438297983,0.9670740140426644,,2,False,False,build,
pb,LOW,3,mst,13-24,launch_300,1,0.9678721961859286,3850,0.11724578981027499,9,0.0023376623376623377,0.0033194262569662273,0.7042368640533778,0.3706542669426735,1.336704440845991,,0,False,False,build,
pb,LOW,3,mst,>24,win_50,1,0.9772142891796174,7184,0.11888528496723373,646,0.08992204899777283,0.09957304560799629,0.9030762135345548,0.838823734998874,0.9717307152295503,0.8181818181818182,10,True,False,build,
pb,LOW,3,mst,>24,win_100,1,0.9772142891796174,7184,0.11888528496723373,180,0.02505567928730512,0.020851261004832197,1.2016385618835508,1.0401003697105857,1.3875233399757683,0.6428571428571429,8,True,False,build,
pb,LOW,3,mst,>24,launch_300,1,0.9772142891796174,7184,0.11888528496723373,27,0.0037583518930957684,0.003607599126232872,1.0417875605320692,0.7163568105651781,1.5142471849661565,,0,False,False,build,
pb,LOW,6,all,ALL,win_50,1,0.9678950967010566,44501,0.11686248352144707,4862,0.10925597177591514,0.11584357060698848,0.9431336689938326,0.9184040258623893,0.9684456021369517,0.8666666666666667,10,True,False,build,
pb,LOW,6,all,ALL,win_100,1,0.9678950967010566,44501,0.11686248352144707,1302,0.029257769488326105,0.026504866096985803,1.103864074667156,1.0463038761557155,1.1644903036914462,0.5757575757575758,10,True,False,build,
pb,LOW,6,all,ALL,launch_300,1,0.9678950967010566,44501,0.11686248352144707,254,0.005707736904788656,0.0062736674037153555,0.9097927157261242,0.8048253975569597,1.0283613598322237,0.6606060606060606,10,True,False,build,
pb,LOW,6,drawdown,0-10,win_50,1,0.966460717937926,34398,0.11703144722561505,3094,0.08994708994708994,0.10109519224553537,0.8897266818448752,0.8602704985644243,0.9200887101229441,0.9272727272727272,10,True,False,build,
pb,LOW,6,drawdown,0-10,win_100,1,0.966460717937926,34398,0.11703144722561505,739,0.02148380719809291,0.021760949370749284,0.9872642425688971,0.9192693816813355,1.060170028378149,0.7090909090909091,10,True,False,build,
pb,LOW,6,drawdown,0-10,launch_300,1,0.966460717937926,34398,0.11703144722561505,139,0.004040932612361184,0.005045573470422325,0.8008866853390503,0.6785459335879224,0.9451797252393518,0.8571428571428571,7,True,False,build,
pb,LOW,6,drawdown,10-20,win_50,1,0.9718280896565906,4409,0.11661553110452814,310,0.07031072805624858,0.07850190435886585,0.8956563363715115,0.804210885567113,0.9966315518914358,0.9151515151515152,10,True,False,build,
pb,LOW,6,drawdown,10-20,win_100,1,0.9718280896565906,4409,0.11661553110452814,80,0.018144704014515765,0.014996826068556918,1.2099029442342364,0.9737916139663162,1.5019546196765834,,1,False,False,build,
pb,LOW,6,drawdown,10-20,launch_300,1,0.9718280896565906,4409,0.11661553110452814,10,0.0022680880018144706,0.003993863732543377,0.56789318657352,0.30859138700344035,1.044170189048072,,0,False,False,build,
pb,LOW,6,drawdown,20-30,win_50,1,0.9685158476096669,3278,0.11906145576056952,602,0.18364856619890177,0.18414935347958739,0.9972805373941152,0.9273264263829208,1.071256334746879,0.6242424242424243,10,True,False,build,
pb,LOW,6,drawdown,20-30,win_100,1,0.9685158476096669,3278,0.11906145576056952,127,0.0387431360585723,0.03722940578236234,1.040659533624012,0.8772242629650752,1.2330993003900672,0.9,5,True,False,build,
pb,LOW,6,drawdown,20-30,launch_300,1,0.9685158476096669,3278,0.11906145576056952,15,0.004575960951799878,0.004140636350428592,1.1051347098680198,0.6702115118786164,1.82016143182886,,0,False,False,build,
pb,LOW,6,drawdown,>30,win_50,1,0.9799790690267097,2416,0.11217904072062032,856,0.3543046357615894,0.29535218461252727,1.1996005251371404,1.1358555494580658,1.2649116921529993,-0.15151515151515152,10,True,False,build,
pb,LOW,6,drawdown,>30,win_100,1,0.9799790690267097,2416,0.11217904072062032,356,0.14735099337748345,0.09773877513116962,1.5076001635966085,1.3687205758382777,1.6579352775850673,-0.296969696969697,10,True,False,build,
pb,LOW,6,drawdown,>30,launch_300,1,0.9799790690267097,2416,0.11217904072062032,90,0.037251655629139076,0.029762733899800345,1.2516207601946463,1.0215848733185557,1.5310207584480575,,1,False,False,build,
pb,LOW,6,mst,0-12,win_50,1,0.9664690171837468,33610,0.11682957689687296,3854,0.11466825349598334,0.11887348618623211,0.9646243007994172,0.9363387913215978,0.9936507072643378,0.806060606060606,10,True,False,build,
pb,LOW,6,mst,0-12,win_100,1,0.9664690171837468,33610,0.11682957689687296,1038,0.03088366557572151,0.027909094701130406,1.106580700894989,1.042207054016584,1.174796219345875,0.5151515151515151,10,True,False,build,
pb,LOW,6,mst,0-12,launch_300,1,0.9664690171837468,33610,0.11682957689687296,217,0.006456411782207677,0.007184966838614591,0.8986000808672633,0.7870256935935315,1.0258747982339622,0.7333333333333333,10,True,False,build,
pb,LOW,6,mst,13-24,win_50,1,0.9658089427299791,3806,0.11615344706564532,344,0.09038360483447189,0.11935789056062501,0.7572486779880185,0.6843493545999825,0.837068628929172,0.9515151515151515,10,True,False,build,
pb,LOW,6,mst,13-24,win_100,1,0.9658089427299791,3806,0.11615344706564532,81,0.021282186022070416,0.024689474166081728,0.8619943008469485,0.6949001934316338,1.068189333060625,,2,False,False,build,
pb,LOW,6,mst,13-24,launch_300,1,0.9658089427299791,3806,0.11615344706564532,11,0.002890173410404624,0.0032959990234076968,0.8768732605437808,0.4898731496982032,1.5680210841300717,,0,False,False,build,
pb,LOW,6,mst,>24,win_50,1,0.9759043938095315,7085,0.11740434487215604,664,0.09371912491178547,0.0994912754569407,0.941983349608847,0.8759703090107395,1.0124221954789625,0.8303030303030303,10,True,False,build,
pb,LOW,6,mst,>24,win_100,1,0.9759043938095315,7085,0.11740434487215604,183,0.02582921665490473,0.020796394186952127,1.2420045716920602,1.0763707222001364,1.4323498394232348,0.6071428571428571,7,True,False,build,
pb,LOW,6,mst,>24,launch_300,1,0.9759043938095315,7085,0.11740434487215604,26,0.003669724770642202,0.0035461580525958207,1.0348452370745091,0.7065737879121572,1.5148090084826014,,0,False,False,build,
pb,LOW,12,all,ALL,win_50,1,0.9582491377097265,44068,0.11689031652268018,4823,0.10944449487156213,0.11533064723622889,0.9489628081891338,0.923983637632813,0.9745323198479624,0.8787878787878788,10,True,False,build,
pb,LOW,12,all,ALL,win_100,1,0.9582491377097265,44068,0.11689031652268018,1225,0.0277979486248525,0.02614037554077819,1.063410454126359,1.0062500592914847,1.1237199096788701,0.6121212121212121,10,True,False,build,
pb,LOW,12,all,ALL,launch_300,1,0.9582491377097265,44068,0.11689031652268018,209,0.004742670418444223,0.006076874719829816,0.7804456463399072,0.681758612144548,0.8933401135148634,0.8787878787878788,10,True,False,build,
pb,LOW,12,drawdown,0-10,win_50,1,0.9559353020672693,33944,0.11675839295542102,3066,0.09032524157435777,0.10013758943313153,0.9020113434493436,0.8720204000434545,0.93292816981853,0.9030303030303031,10,True,False,build,
pb,LOW,12,drawdown,0-10,win_100,1,0.9559353020672693,33944,0.11675839295542102,661,0.019473250058920574,0.021188772702256466,0.9190362430404853,0.8521828754252041,0.9910220731689292,0.6848484848484848,10,True,False,build,
pb,LOW,12,drawdown,0-10,launch_300,1,0.9559353020672693,33944,0.11675839295542102,110,0.003240631628564695,0.004825949367088607,0.6715013735255368,0.5573325395295734,0.8089659911759858,0.9428571428571428,6,True,False,build,
pb,LOW,12,drawdown,10-20,win_50,1,0.9604924943450545,4358,0.11662697032140659,351,0.08054153281321708,0.07865228677710279,1.0240202302250707,0.9259315869680761,1.1315025136452943,0.5515151515151515,10,True,False,build,
pb,LOW,12,drawdown,10-20,win_100,1,0.9604924943450545,4358,0.11662697032140659,87,0.019963285910968333,0.014745631171889635,1.353844110045651,1.0995529416607686,1.6654765601025256,,0,False,False,build,
pb,LOW,12,drawdown,10-20,launch_300,1,0.9604924943450545,4358,0.11662697032140659,10,0.002294630564479119,0.0037198597693151713,0.6168594266395053,0.3352009217824729,1.1341867184153565,,0,False,False,build,
pb,LOW,12,drawdown,20-30,win_50,1,0.9654905547542829,3233,0.11779494279676456,675,0.2087844107639963,0.18487211251184144,1.1293450803761613,1.0554537240789403,1.2069753721653826,0.030303030303030304,10,True,False,build,
pb,LOW,12,drawdown,20-30,win_100,1,0.9654905547542829,3233,0.11779494279676456,173,0.05351067120321683,0.03781971872039641,1.4148881327971958,1.2234240050189185,1.634374158424121,-0.3,5,True,False,build,
pb,LOW,12,drawdown,20-30,launch_300,1,0.9654905547542829,3233,0.11779494279676456,13,0.004021033096195484,0.004080740362894411,0.9853685210551898,0.5762354883671125,1.6829904170091283,,0,False,False,build,
pb,LOW,12,drawdown,>30,win_50,1,0.9769304272648678,2533,0.11797857475547276,731,0.28859060402684567,0.2959944108057755,0.9749866669482891,0.9164895973387497,1.0356468217927082,0.8666666666666667,10,True,False,build,
pb,LOW,12,drawdown,>30,win_100,1,0.9769304272648678,2533,0.11797857475547276,304,0.12001579155151994,0.09809035863996274,1.2235228132056661,1.100332033003211,1.358445594207602,0.24848484848484848,10,True,False,build,
pb,LOW,12,drawdown,>30,launch_300,1,0.9769304272648678,2533,0.11797857475547276,76,0.030003947887879984,0.02966930600838379,1.0112790598944792,0.8102319991815944,1.2603016394239785,,1,False,False,build,
pb,LOW,12,mst,0-12,win_50,1,0.9568071489761981,33191,0.11653815904047639,3700,0.11147600253080654,0.11839906182410606,0.9415277521068163,0.9133099976413348,0.9705050020165771,0.9030303030303031,10,True,False,build,
pb,LOW,12,mst,0-12,win_100,1,0.9568071489761981,33191,0.11653815904047639,954,0.0287427314633485,0.027576472570995197,1.042291808328668,0.9790608103345151,1.1094780653884535,0.6121212121212121,10,True,False,build,
pb,LOW,12,mst,0-12,launch_300,1,0.9568071489761981,33191,0.11653815904047639,177,0.005332770931879124,0.007008230105895902,0.7609297713259666,0.6570056969379464,0.881190396714244,0.9272727272727272,10,True,False,build,
pb,LOW,12,mst,13-24,win_50,1,0.9564948271288355,3889,0.11984222366028782,412,0.10593983029056313,0.11950325105543742,0.8865016587826364,0.8087902976875287,0.970720941103258,0.7818181818181819,10,True,False,build,
pb,LOW,12,mst,13-24,win_100,1,0.9564948271288355,3889,0.11984222366028782,95,0.024427873489328875,0.02419031770977782,1.0098202835696959,0.8278155821675042,1.2306252138880034,,2,False,False,build,
pb,LOW,12,mst,13-24,launch_300,1,0.9564948271288355,3889,0.11984222366028782,9,0.0023142195937258937,0.0030815691350035436,0.7509874003599898,0.3952585145746815,1.425460848501104,,0,False,False,build,
pb,LOW,12,mst,>24,win_50,1,0.9661529504988923,6988,0.11696572040707016,711,0.1017458500286205,0.09843666309587573,1.0336174229059518,0.9638190643640439,1.1078614598143974,0.6,10,True,False,build,
pb,LOW,12,mst,>24,win_100,1,0.9661529504988923,6988,0.11696572040707016,176,0.025186033199771037,0.020353508302088912,1.2374295785255929,1.0693433197832982,1.4311499812433617,0.2857142857142857,8,True,False,build,
pb,LOW,12,mst,>24,launch_300,1,0.9661529504988923,6988,0.11696572040707016,23,0.003291356611333715,0.0032639260846277452,1.0084041507052381,0.6722800849469872,1.5117512181272457,,0,False,False,build,
dividend_yield,LOW,0,all,ALL,win_50,1,0.9998271606821053,192049,0.48822582818327187,29113,0.15159152091393344,0.11704515699319455,1.295154150826997,1.2815102911735727,1.3089170909983145,-0.7857142857142857,7,True,False,build,
dividend_yield,LOW,0,all,ALL,win_100,1,0.9998271606821053,192049,0.48822582818327187,8165,0.04251519143551906,0.027275200134227847,1.558749018386356,1.5259995891619678,1.5921694347232624,-0.32142857142857145,7,True,False,build,
dividend_yield,LOW,0,all,ALL,launch_300,1,0.9998271606821053,192049,0.48822582818327187,2126,0.011070091487068404,0.006612246765693599,1.6741800297749767,1.6048739451666523,1.74644414727736,,2,True,False,build,
dividend_yield,LOW,0,drawdown,0-10,win_50,1,0.9998092864353333,146352,0.481321305124267,20241,0.13830354214496557,0.10231761181071028,1.3517080754467765,1.3345149316685347,1.3690867901722168,-0.8928571428571429,7,True,False,build,
dividend_yield,LOW,0,drawdown,0-10,win_100,1,0.9998092864353333,146352,0.481321305124267,5614,0.038359571444189354,0.022521648474164893,1.703231070682615,1.6600753577492846,1.7474628022281806,-0.37142857142857144,6,True,False,build,
dividend_yield,LOW,0,drawdown,0-10,launch_300,1,0.9998092864353333,146352,0.481321305124267,1439,0.009832458729638133,0.005400196669769094,1.8207593780206819,1.729502222525011,1.916781403951318,,1,True,False,build,
dividend_yield,LOW,0,drawdown,10-20,win_50,1,0.9997943656179313,19994,0.5140374331550802,2074,0.10373111933580074,0.07995680789798437,1.2973394269084584,1.24542925199828,1.3511536484668114,-0.9428571428571428,6,True,False,build,
dividend_yield,LOW,0,drawdown,10-20,win_100,1,0.9997943656179313,19994,0.5140374331550802,468,0.02340702210663199,0.015528589058000824,1.5073502183105263,1.3781728413038283,1.648318814315714,,1,True,False,build,
dividend_yield,LOW,0,drawdown,10-20,launch_300,1,0.9997943656179313,19994,0.5140374331550802,165,0.008252475742722818,0.0043192102015631425,1.9106446219580162,1.6413935229586163,2.2236359351510937,,1,True,False,build,
dividend_yield,LOW,0,drawdown,20-30,win_50,1,0.9999296443522003,14963,0.5264028144239226,3385,0.22622468756265454,0.18680738786279683,1.2110050365288993,1.175498065530877,1.2472643165345882,-0.8857142857142857,6,True,False,build,
dividend_yield,LOW,0,drawdown,20-30,win_100,1,0.9999296443522003,14963,0.5264028144239226,850,0.05680679008220277,0.03922603342128408,1.448191038642703,1.3565079031436054,1.5456739970134197,,1,True,False,build,
dividend_yield,LOW,0,drawdown,20-30,launch_300,1,0.9999296443522003,14963,0.5264028144239226,125,0.008353939717970995,0.0048197009674582235,1.733290047323544,1.4557981510303781,2.063145422946341,,1,True,False,build,
dividend_yield,LOW,0,drawdown,>30,win_50,1,1.0,10740,0.48869272421167587,3413,0.31778398510242084,0.296218774172999,1.0728016345001388,1.0432984458936791,1.102744709529221,0.10714285714285714,7,True,False,build,
dividend_yield,LOW,0,drawdown,>30,win_100,1,1.0,10740,0.48869272421167587,1233,0.11480446927374302,0.09837557446421259,1.1670017674509945,1.1071112492772772,1.2296923018734196,0.2571428571428571,6,True,False,build,
dividend_yield,LOW,0,drawdown,>30,launch_300,1,1.0,10740,0.48869272421167587,397,0.03696461824953445,0.029758383764845065,1.2421581273241875,1.1277052215438679,1.367737862552203,,1,True,False,build,
dividend_yield,LOW,0,mst,0-12,win_50,1,0.999848823341676,141901,0.4767858342853303,22172,0.15624977977604104,0.1199415361870842,1.3027161794253113,1.2870429928575242,1.3185445340600828,-0.6428571428571429,7,True,False,build,
dividend_yield,LOW,0,mst,0-12,win_100,1,0.999848823341676,141901,0.4767858342853303,6444,0.04541194212866717,0.028690948188965795,1.5827968399501022,1.5454663072073231,1.6209852043970323,-0.32142857142857145,7,True,False,build,
dividend_yield,LOW,0,mst,0-12,launch_300,1,0.999848823341676,141901,0.4767858342853303,1801,0.012691947202627184,0.0075263759155970705,1.6863291635919206,1.6106775409248633,1.7654862594811287,,2,True,False,build,
dividend_yield,LOW,0,mst,13-24,win_50,1,0.9997052495062929,17703,0.5219506442197128,2829,0.15980342314861887,0.12150249137600613,1.3152275425701787,1.27141110059568,1.3602588546404741,-0.8857142857142857,6,True,False,build,
dividend_yield,LOW,0,mst,13-24,win_100,1,0.9997052495062929,17703,0.5219506442197128,699,0.03948483307913913,0.02588672347200519,1.5252928058600932,1.4182778981438906,1.640026551810503,,1,True,False,build,
dividend_yield,LOW,0,mst,13-24,launch_300,1,0.9997052495062929,17703,0.5219506442197128,124,0.007004462520476755,0.003685467464693222,1.9005628424560808,1.5950141689399235,2.2641525969510607,,1,True,False,build,
dividend_yield,LOW,0,mst,>24,win_50,1,0.9997897698788751,32445,0.524796195652174,4112,0.12673755586376945,0.10065670289855072,1.2591069666915768,1.223582366502871,1.2955095751045715,-0.9428571428571428,6,True,False,build,
dividend_yield,LOW,0,mst,>24,win_100,1,0.9997897698788751,32445,0.524796195652174,1022,0.03149946062567422,0.021221532091097308,1.4843160470439658,1.3973398841413573,1.5765193044210561,,1,True,False,build,
dividend_yield,LOW,0,mst,>24,launch_300,1,0.9997897698788751,32445,0.524796195652174,201,0.006195099398982894,0.003817287784679089,1.6229060391640613,1.4140469538561198,1.86239374816504,,1,True,False,build,
dividend_yield,LOW,3,all,ALL,win_50,1,0.9994077711607431,193098,0.4910985869642621,29263,0.15154481144289428,0.11707392750689223,1.2944368970108457,1.2808350670246442,1.3081571473951854,-0.7857142857142857,7,True,False,build,
dividend_yield,LOW,3,all,ALL,win_100,1,0.9994077711607431,193098,0.4910985869642621,8167,0.04229458616868119,0.02727392954150093,1.550733131590896,1.5181524326687188,1.583981525482842,-0.42857142857142855,7,True,False,build,
dividend_yield,LOW,3,all,ALL,launch_300,1,0.9994077711607431,193098,0.4910985869642621,2119,0.010973702472319755,0.006599761950782815,1.6627421646652172,1.5937952032336529,1.7346372362888491,,2,True,False,build,
dividend_yield,LOW,3,drawdown,0-10,win_50,1,0.999362096007839,147367,0.4848763025331741,20405,0.13846383518698216,0.1023370743632517,1.3530173307035953,1.3358780232098806,1.370340814339089,-0.8928571428571429,7,True,False,build,
dividend_yield,LOW,3,drawdown,0-10,win_100,1,0.999362096007839,147367,0.4848763025331741,5636,0.038244654502025556,0.022515275049600728,1.6986092516202134,1.655651222723809,1.7426364567499997,-0.37142857142857144,6,True,False,build,
dividend_yield,LOW,3,drawdown,0-10,launch_300,1,0.999362096007839,147367,0.4848763025331741,1436,0.009744379677946894,0.005382871544811748,1.8102567740705169,1.719429965951579,1.9058317185884153,,1,True,False,build,
dividend_yield,LOW,3,drawdown,10-20,win_50,1,0.9996401398313798,20093,0.5166623810748264,2084,0.10371771263624148,0.07996914373875032,1.2969716541554441,1.2451982273708375,1.3506395197985916,-0.8857142857142857,6,True,False,build,
dividend_yield,LOW,3,drawdown,10-20,win_100,1,0.9996401398313798,20093,0.5166623810748264,464,0.02309261932016125,0.015530984829004885,1.4868741148362103,1.3589096159743508,1.626577676508162,,1,True,False,build,
dividend_yield,LOW,3,drawdown,10-20,launch_300,1,0.9996401398313798,20093,0.5166623810748264,164,0.008162046483850096,0.004319876574955001,1.8894165937912515,1.6223980100664521,2.199961209646375,,1,True,False,build,
dividend_yield,LOW,3,drawdown,20-30,win_50,1,0.9992964435220038,14930,0.5255746822966171,3363,0.22525117213663765,0.18692575773576936,1.2050301406563966,1.1695630007093765,1.2412534539172984,-0.7142857142857143,6,True,False,build,
dividend_yield,LOW,3,drawdown,20-30,win_100,1,0.9992964435220038,14930,0.5255746822966171,842,0.05639651707970529,0.0392508888654205,1.4368213997158639,1.345422379117601,1.5340347559668934,,1,True,False,build,
dividend_yield,LOW,3,drawdown,20-30,launch_300,1,0.9992964435220038,14930,0.5255746822966171,125,0.008372404554588079,0.00482275495476467,1.7360211400159384,1.4580939909038066,2.0663922765329574,,1,True,False,build,
dividend_yield,LOW,3,drawdown,>30,win_50,1,0.999772489420758,10708,0.4873475332241034,3411,0.3185468808367576,0.2962861824139814,1.0751324217734621,1.045572294195071,1.105131802707725,-0.14285714285714285,7,True,False,build,
dividend_yield,LOW,3,drawdown,>30,win_100,1,0.999772489420758,10708,0.4873475332241034,1225,0.11440044826298094,0.09839796104132532,1.162630272541266,1.1027615442901628,1.225309687691527,0.37142857142857144,6,True,False,build,
dividend_yield,LOW,3,drawdown,>30,launch_300,1,0.999772489420758,10708,0.4873475332241034,394,0.03679491968621591,0.029765155652648825,1.2361742742286483,1.1218515151742094,1.3616586525513108,,1,True,False,build,
dividend_yield,LOW,3,mst,0-12,win_50,1,0.9993986528480002,142611,0.47938726528307213,22289,0.15629229161845862,0.11998883981094909,1.3025569033312447,1.2869270009997384,1.3183411212796083,-0.7857142857142857,7,True,False,build,
dividend_yield,LOW,3,mst,0-12,win_100,1,0.9993986528480002,142611,0.47938726528307213,6451,0.0452349398012776,0.028697148773387655,1.5762869042664718,1.539126534265016,1.6143009831543857,-0.35714285714285715,7,True,False,build,
dividend_yield,LOW,3,mst,0-12,launch_300,1,0.9993986528480002,142611,0.47938726528307213,1794,0.012579674779645328,0.007512958593009419,1.6743969268445504,1.5991335334421912,1.7531553759431635,,2,True,False,build,
dividend_yield,LOW,3,mst,13-24,win_50,1,0.9995283992100686,17776,0.5241956887145764,2820,0.15864086408640865,0.12152398926601987,1.3054283771012385,1.26184147960646,1.3502290764969898,-0.8857142857142857,6,True,False,build,
dividend_yield,LOW,3,mst,13-24,win_100,1,0.9995283992100686,17776,0.5241956887145764,690,0.03881638163816382,0.025891303706761817,1.4992053732708124,1.3933281781378786,1.6127795111097951,,1,True,False,build,
dividend_yield,LOW,3,mst,13-24,launch_300,1,0.9995283992100686,17776,0.5241956887145764,123,0.00691944194419442,0.003686119548229188,1.877161566156616,1.574247700707172,2.237877950342006,,1,True,False,build,
dividend_yield,LOW,3,mst,>24,win_50,1,0.9993854811844042,32711,0.5293127720513277,4154,0.1269909204854636,0.10060033333872716,1.2623310109508066,1.226898656689708,1.2986341309809928,-0.9428571428571428,6,True,False,build,
dividend_yield,LOW,3,mst,>24,win_100,1,0.9993854811844042,32711,0.5293127720513277,1026,0.03136559567118095,0.02118157251735465,1.4807963688948138,1.3941853462706117,1.57260325024685,,1,True,False,build,
dividend_yield,LOW,3,mst,>24,launch_300,1,0.9993854811844042,32711,0.5293127720513277,202,0.006175292714988841,0.003802650528325701,1.6239443169940229,1.4154325194706772,1.8629538620487196,,1,True,False,build,
dividend_yield,LOW,6,all,ALL,win_50,1,0.9987774160013624,194211,0.49424096827061087,29381,0.15128391285766513,0.11707147001638894,1.2922355278915243,1.2786819571906096,1.3059069309809772,-0.8928571428571429,7,True,False,build,
dividend_yield,LOW,6,all,ALL,win_100,1,0.9987774160013624,194211,0.49424096827061087,8183,0.04213458557960157,0.027260604456569318,1.5456218385299922,1.5131773437439866,1.5787307585656154,-0.6428571428571429,7,True,True,build,
dividend_yield,LOW,6,all,ALL,launch_300,1,0.9987774160013624,194211,0.49424096827061087,2113,0.010879919263069549,0.006583568309292832,1.6525869789658498,1.5839628761322533,1.724150070503941,,2,True,False,build,
dividend_yield,LOW,6,drawdown,0-10,win_50,1,0.998730768345494,148469,0.4888109700890579,20519,0.13820393482814594,0.10231287141751856,1.350797147156227,1.3337307860625973,1.3680464920869648,-0.8571428571428571,7,True,False,build,
dividend_yield,LOW,6,drawdown,0-10,win_100,1,0.998730768345494,148469,0.4888109700890579,5652,0.038068553031272524,0.022493291849803282,1.6924402744369966,1.6496943766920904,1.7362488550396673,-0.37142857142857144,6,True,False,build,
dividend_yield,LOW,6,drawdown,0-10,launch_300,1,0.998730768345494,148469,0.4888109700890579,1435,0.009665317338973118,0.005363227813719196,1.8021455874481278,1.7116917088561292,1.8973303852615981,,1,True,False,build,
dividend_yield,LOW,6,drawdown,10-20,win_50,1,0.9986633765165536,20191,0.5196901060434469,2098,0.1039076816403348,0.07999588180788633,1.2989128851641853,1.247237262641558,1.3524722197821728,-0.8857142857142857,6,True,False,build,
dividend_yield,LOW,6,drawdown,10-20,win_100,1,0.9986633765165536,20191,0.5196901060434469,465,0.023030062899311574,0.015546175229074437,1.4813973572252537,1.354031776249075,1.6204351506790915,,1,True,False,build,
dividend_yield,LOW,6,drawdown,10-20,launch_300,1,0.9986633765165536,20191,0.5196901060434469,162,0.008023376752018226,0.00429836301863482,1.8666121770623478,1.6013016832656748,2.1754665496838026,,1,True,False,build,
dividend_yield,LOW,6,drawdown,20-30,win_50,1,0.9987687761635066,14850,0.5230346576500423,3347,0.22538720538720539,0.18702451394759087,1.2051211930985943,1.16957058235603,1.2414312721099556,-0.6,6,True,False,build,
dividend_yield,LOW,6,drawdown,20-30,win_100,1,0.9987687761635066,14850,0.5230346576500423,835,0.056228956228956226,0.03927162581008735,1.4317959867735652,1.3403402223650371,1.529096521915833,,1,True,False,build,
dividend_yield,LOW,6,drawdown,20-30,launch_300,1,0.9987687761635066,14850,0.5230346576500423,123,0.008282828282828282,0.004825302902225979,1.716540588365406,1.4396912526503671,2.0460981252102344,,1,True,False,build,
dividend_yield,LOW,6,drawdown,>30,win_50,1,0.9996359830732129,10701,0.4870954526833265,3417,0.31931595178020744,0.2962811234011562,1.0777465270639695,1.0481562747128688,1.1077744645274172,-0.35714285714285715,7,True,False,build,
dividend_yield,LOW,6,drawdown,>30,win_100,1,0.9996359830732129,10701,0.4870954526833265,1231,0.11503597794598636,0.09836587919340889,1.1694703375730562,1.1094127590068084,1.232336721271455,0.02857142857142857,6,True,False,build,
dividend_yield,LOW,6,drawdown,>30,launch_300,1,0.9996359830732129,10701,0.4870954526833265,393,0.036725539669189795,0.02976922026491875,1.233674894483839,1.119441482980854,1.3590773716514462,,1,True,False,build,
dividend_yield,LOW,6,mst,0-12,win_50,1,0.9987670703643358,143451,0.48251585950796844,22389,0.15607419955246044,0.11998398912875297,1.3007918863656018,1.2852159137634613,1.316521374539533,-0.7857142857142857,7,True,False,build,
dividend_yield,LOW,6,mst,0-12,win_100,1,0.9987670703643358,143451,0.48251585950796844,6466,0.045074624784769715,0.028678295851300713,1.5717330282972635,1.5347195324216079,1.6095960914885268,-0.6071428571428571,7,True,True,build,
dividend_yield,LOW,6,mst,0-12,launch_300,1,0.9987670703643358,143451,0.48251585950796844,1788,0.012464186377229855,0.007490800476289783,1.66393250183102,1.5890128602775075,1.7423378374666054,,2,True,False,build,
dividend_yield,LOW,6,mst,13-24,win_50,1,0.9989388982226545,17736,0.5233247764893334,2805,0.15815290933694182,0.12159570387418489,1.3006455351463952,1.257092037043075,1.3454165925080492,-0.8857142857142857,6,True,False,build,
dividend_yield,LOW,6,mst,13-24,win_100,1,0.9989388982226545,17736,0.5233247764893334,683,0.038509246729815066,0.025906582868608186,1.486465695808841,1.3809555922778014,1.5996906819381844,,1,True,False,build,
dividend_yield,LOW,6,mst,13-24,launch_300,1,0.9989388982226545,17736,0.5233247764893334,119,0.0067095173658096524,0.003688294827535334,1.8191380243572393,1.5211044004275327,2.175094983064758,,1,True,False,build,
dividend_yield,LOW,6,mst,>24,win_50,1,0.9987386192732507,33024,0.534723683997474,4187,0.12678657945736435,0.10056833821791156,1.2607007503956473,1.22544823195938,1.2968165295352054,-0.9428571428571428,6,True,False,build,
dividend_yield,LOW,6,mst,>24,win_100,1,0.9987386192732507,33024,0.534723683997474,1034,0.031310562015503876,0.021179099402516232,1.4783707947366238,1.3922248015123726,1.5696646117363675,,1,True,False,build,
dividend_yield,LOW,6,mst,>24,launch_300,1,0.9987386192732507,33024,0.534723683997474,206,0.006237887596899225,0.003805113424764002,1.6393434046676563,1.4307744763950716,1.8780976782743166,,1,True,False,build,
dividend_yield,LOW,12,all,ALL,win_50,1,0.987016717120497,193391,0.49801839200043263,29068,0.15030689122037738,0.11661743763535838,1.2888886453701702,1.2752902184358033,1.3026061978433903,-0.9285714285714286,7,True,False,build,
dividend_yield,LOW,12,all,ALL,win_100,1,0.987016717120497,193391,0.49801839200043263,7973,0.041227358046651605,0.02693905299996652,1.5303937390339164,1.4978379982403873,1.5636260245113183,-0.7857142857142857,7,True,True,build,
dividend_yield,LOW,12,all,ALL,launch_300,1,0.987016717120497,193391,0.49801839200043263,2026,0.010476185551551003,0.006427671951813062,1.6298569108829477,1.5607564017556943,1.701982949703235,,2,True,False,build,
dividend_yield,LOW,12,drawdown,0-10,win_50,1,0.9858773317199404,148007,0.49364297959483167,20290,0.137088110697467,0.10162227425239972,1.3489966811506366,1.3318468044903562,1.3663319301556391,-0.9285714285714286,7,True,False,build,
dividend_yield,LOW,12,drawdown,0-10,win_100,1,0.9858773317199404,148007,0.49364297959483167,5467,0.03693744214800651,0.022049455350770113,1.675208823093057,1.6321727929432746,1.7193349736179226,-0.37142857142857144,6,True,False,build,
dividend_yield,LOW,12,drawdown,0-10,launch_300,1,0.9858773317199404,148007,0.49364297959483167,1365,0.009222536771909437,0.00519634721471787,1.774811495619075,1.6835141232128494,1.8710113849979966,,1,True,False,build,
dividend_yield,LOW,12,drawdown,10-20,win_50,1,0.9877390499691548,20079,0.5225232258568194,2061,0.10264455401165397,0.07994378952299165,1.2839590745461675,1.232396175722365,1.3374234695768845,-0.7142857142857143,6,True,False,build,
dividend_yield,LOW,12,drawdown,10-20,win_100,1,0.9877390499691548,20079,0.5225232258568194,453,0.02256088450620051,0.015405834439326515,1.4644376839860929,1.3369206759820451,1.603810572000155,,1,True,False,build,
dividend_yield,LOW,12,drawdown,10-20,launch_300,1,0.9877390499691548,20079,0.5225232258568194,154,0.0076697046665670605,0.004137715668670466,1.853608435359575,1.5838780832471793,2.168858230719887,,1,True,False,build,
dividend_yield,LOW,12,drawdown,20-30,win_50,1,0.9934217469307348,14614,0.5174929178470254,3310,0.22649514164499795,0.1870042492917847,1.2111764438656965,1.175274690609866,1.2478468964600693,-0.6571428571428571,6,True,False,build,
dividend_yield,LOW,12,drawdown,20-30,win_100,1,0.9934217469307348,14614,0.5174929178470254,824,0.056384289037908854,0.039305949008498584,1.4344975877752666,1.3422856946965365,1.5326413500991654,,1,True,False,build,
dividend_yield,LOW,12,drawdown,20-30,launch_300,1,0.9934217469307348,14614,0.5174929178470254,124,0.0084850143697824,0.004851274787535411,1.749027779581423,1.4680015381408744,2.083304537684561,,1,True,False,build,
dividend_yield,LOW,12,drawdown,>30,win_50,1,0.9932201847385903,10691,0.48978376397287887,3407,0.31867926293143767,0.2960875939160711,1.0763006268400777,1.0466938883339238,1.1063472908080338,-0.75,7,True,False,build,
dividend_yield,LOW,12,drawdown,>30,win_100,1,0.9932201847385903,10691,0.48978376397287887,1229,0.11495650547189225,0.09840571742715779,1.1681892930355977,1.1081473598981906,1.2310420996131681,-0.7142857142857143,6,True,False,build,
dividend_yield,LOW,12,drawdown,>30,launch_300,1,0.9932201847385903,10691,0.48978376397287887,383,0.0358245253016556,0.029411764705882353,1.2180338602562903,1.103809484203702,1.3435956225104266,,1,True,False,build,
dividend_yield,LOW,12,mst,0-12,win_50,1,0.9863840223069558,142751,0.486189256569895,22154,0.15519330862831082,0.11955914608394752,1.2980463119010823,1.2824134065876576,1.3138344302595426,-0.8571428571428571,7,True,False,build,
dividend_yield,LOW,12,mst,0-12,win_100,1,0.9863840223069558,142751,0.486189256569895,6285,0.04402771259045471,0.02832309306159149,1.5544810905613982,1.517336919052834,1.5924916913244553,-0.6428571428571429,7,True,True,build,
dividend_yield,LOW,12,mst,0-12,launch_300,1,0.9863840223069558,142751,0.486189256569895,1715,0.012013926347276027,0.007329400705693228,1.6391417019871788,1.5638040316875834,1.7180625991139344,,2,True,False,build,
dividend_yield,LOW,12,mst,13-24,win_50,1,0.9925722875585816,17361,0.5155456570155902,2758,0.158861816715627,0.12157386785449147,1.306710229091045,1.2626052184238652,1.3520567361462907,-0.7142857142857143,6,True,False,build,
dividend_yield,LOW,12,mst,13-24,win_100,1,0.9925722875585816,17361,0.5155456570155902,672,0.038707447727665455,0.025894580549368967,1.4948088328315758,1.3878824282080833,1.6096169923345585,,1,True,False,build,
dividend_yield,LOW,12,mst,13-24,launch_300,1,0.9925722875585816,17361,0.5155456570155902,117,0.00673924313115604,0.0036525612472160358,1.8450732718835743,1.5404516292114319,2.209444434448921,,1,True,False,build,
dividend_yield,LOW,12,mst,>24,win_50,1,0.9870142471335932,33279,0.5452534652816463,4156,0.1248835602031311,0.09973129730969624,1.2522002979198132,1.2170201317432607,1.288248705351429,-1.0,6,True,False,build,
dividend_yield,LOW,12,mst,>24,win_100,1,0.9870142471335932,33279,0.5452534652816463,1016,0.03052976351452868,0.020857227119310547,1.463749871442061,1.3776941059315146,1.5550014950542879,,1,True,False,build,
dividend_yield,LOW,12,mst,>24,launch_300,1,0.9870142471335932,33279,0.5452534652816463,194,0.005829502088404099,0.0036209325949470785,1.6099449342246868,1.3992755840212536,1.8521180278913312,,1,True,False,build,
ret_6m_skip1,HIGH,0,all,ALL,win_50,10,0.9985080872587013,16489,0.10015002156180342,3339,0.20249863545393898,0.16983412595737443,1.1923318373879865,1.1566254854660012,1.228854197846089,-0.3696969696969697,10,True,False,holdout,False
ret_6m_skip1,HIGH,0,all,ALL,win_100,10,0.9985080872587013,16489,0.10015002156180342,1542,0.09351689004791072,0.05844159788147689,1.6001768164787118,1.5257464021471643,1.6778472764163221,-0.2606060606060606,10,True,False,holdout,True
ret_6m_skip1,HIGH,0,all,ALL,launch_300,10,0.9985205732778548,14059,0.10014460028350203,369,0.02624653247030372,0.012721975681508972,2.0630862003967123,1.8653186791784429,2.2811984054223475,-0.14285714285714285,7,True,False,holdout,True
ret_6m_skip1,HIGH,0,drawdown,0-10,win_50,10,0.9982604743733398,12758,0.10014207332867604,2722,0.21335632544285937,0.1732431180778499,1.2315428619045283,1.1910101802578372,1.2730716349966735,-0.296969696969697,10,True,False,holdout,False
ret_6m_skip1,HIGH,0,drawdown,0-10,win_100,10,0.9982604743733398,12758,0.10014207332867604,1252,0.09813450384072739,0.06022810226139923,1.6293806405323639,1.5456669210295102,1.7171112911112103,-0.2606060606060606,10,True,False,holdout,True
ret_6m_skip1,HIGH,0,drawdown,0-10,launch_300,10,0.998219245695704,10328,0.10013282530079598,286,0.02769171185127808,0.012458431498017316,2.222728587919358,1.982468881735268,2.4911793049930084,,4,True,False,holdout,True
ret_6m_skip1,HIGH,0,drawdown,10-20,win_50,10,0.9993097497842968,3481,0.1001841938640419,577,0.1657569663889687,0.15895354860991193,1.0428012953378791,0.9674119474178344,1.1228265564601694,-0.5151515151515151,10,True,False,holdout,False
ret_6m_skip1,HIGH,0,drawdown,10-20,win_100,10,0.9993097497842968,3481,0.1001841938640419,278,0.07986210858948578,0.05373280377597421,1.4862821773166968,1.3271800757328949,1.6626226215306568,-0.10303030303030303,10,True,False,holdout,False
ret_6m_skip1,HIGH,0,drawdown,10-20,launch_300,10,0.9993097497842968,3481,0.1001841938640419,81,0.023269175524274634,0.013440396016807691,1.7312864513200137,1.3959283301633632,2.144844135797213,,1,False,False,holdout,False
ret_6m_skip1,HIGH,0,drawdown,20-30,win_50,10,1.0,250,0.100080064051241,40,0.16,0.14731785428342675,1.086086956521739,0.8128940339740317,1.4291332167171005,,0,False,False,holdout,False
ret_6m_skip1,HIGH,0,drawdown,20-30,win_100,10,1.0,250,0.100080064051241,12,0.048,0.03282626100880705,1.4622439024390244,0.8428678918103192,2.498374747033303,,0,False,False,holdout,False
ret_6m_skip1,HIGH,0,drawdown,20-30,launch_300,10,1.0,250,0.100080064051241,2,0.008,0.013610888710968775,0.587764705882353,0.16138821991774405,2.108203986062675,,0,False,False,holdout,False
ret_6m_skip1,HIGH,0,mst,0-12,win_50,10,0.9984787388811756,15054,0.1001570151160315,3008,0.1998140029228112,0.16972269533744944,1.177296899071353,1.1401153202049636,1.2153809088717185,-0.3696969696969697,10,True,False,holdout,False
ret_6m_skip1,HIGH,0,mst,0-12,win_100,10,0.9984787388811756,15054,0.1001570151160315,1390,0.09233426331871927,0.05950606770278902,1.5516781209589423,1.4757010399815138,1.6311506787353978,-0.2606060606060606,10,True,False,holdout,True
ret_6m_skip1,HIGH,0,mst,0-12,launch_300,10,0.9984869968868575,12624,0.10015232292460015,296,0.023447401774397972,0.011757425742574257,1.9942632246014276,1.781780695310321,2.2314059008874865,-0.3,5,True,False,holdout,True
ret_6m_skip1,HIGH,0,mst,13-24,win_50,10,0.9988158261354138,1435,0.10007671385731222,331,0.23066202090592333,0.1710021619359788,1.3488836532504218,1.22573157622117,1.4804459867061228,0.6121212121212121,10,True,False,holdout,False
ret_6m_skip1,HIGH,0,mst,13-24,win_100,10,0.9988158261354138,1435,0.10007671385731222,152,0.1059233449477352,0.04728363205244438,2.24016938525896,1.9253951823895745,2.599445956109865,,2,True,False,holdout,True
ret_6m_skip1,HIGH,0,mst,13-24,launch_300,10,0.9988158261354138,1435,0.10007671385731222,73,0.050871080139372825,0.021200920566287747,2.39947505960022,1.917523952357661,2.994543600409093,,0,False,False,holdout,False
ret_6m_skip1,HIGH,3,all,ALL,win_50,10,0.9951482512478091,16438,0.10017734278348944,3378,0.20549945248813725,0.16995045371719006,1.2091727205983416,1.1732338194068397,1.2459213504411253,-0.3090909090909091,10,True,False,holdout,False
ret_6m_skip1,HIGH,3,all,ALL,win_100,10,0.9951482512478091,16438,0.10017734278348944,1501,0.09131281177758852,0.05839513922322642,1.5637056952382302,1.4899234936638552,1.6407582153307705,-0.23636363636363636,10,True,False,holdout,True
ret_6m_skip1,HIGH,3,all,ALL,launch_300,10,0.9949358085280415,14012,0.10016942730710665,316,0.022552098201541537,0.01265343179657285,1.7822910467379856,1.5981034968739827,1.9871621269962672,-0.2619047619047619,8,True,False,holdout,True
ret_6m_skip1,HIGH,3,drawdown,0-10,win_50,10,0.9947657517179774,12718,0.10017880632990162,2715,0.2134769617864444,0.17344214000456862,1.2308252295596747,1.190267572504994,1.2723805433287174,-0.23636363636363636,10,True,False,holdout,False
ret_6m_skip1,HIGH,3,drawdown,0-10,win_100,10,0.9947657517179774,12718,0.10017880632990162,1224,0.09624154741311527,0.06023489007743023,1.597770781840882,1.5146897757384379,1.6848998737598517,-0.23636363636363636,10,True,False,holdout,True
ret_6m_skip1,HIGH,3,drawdown,0-10,launch_300,10,0.994386752736458,10292,0.10016837474573467,253,0.02458219976680917,0.01239938878994034,1.9825331863738946,1.7551899154123307,2.2384878829988426,,4,True,False,holdout,True
ret_6m_skip1,HIGH,3,drawdown,10-20,win_50,10,0.9962036238136325,3470,0.10017899416825451,623,0.17953890489913546,0.1587851492580403,1.1307033796175008,1.0525253869965114,1.213344934750304,-0.40606060606060607,10,True,False,holdout,False
ret_6m_skip1,HIGH,3,drawdown,10-20,win_100,10,0.9962036238136325,3470,0.10017899416825451,269,0.07752161383285303,0.05349616028639067,1.449106130567924,1.2913797567510168,1.6242986901407483,-0.2727272727272727,10,True,False,holdout,False
ret_6m_skip1,HIGH,3,drawdown,10-20,launch_300,10,0.9962036238136325,3470,0.10017899416825451,61,0.017579250720461095,0.013337952537675385,1.317987200119765,1.027907073243794,1.6880605143541654,,1,False,False,holdout,False
ret_6m_skip1,HIGH,3,drawdown,20-30,win_50,10,1.0,250,0.100080064051241,40,0.16,0.14731785428342675,1.086086956521739,0.8128940339740317,1.4291332167171005,,0,False,False,holdout,False
ret_6m_skip1,HIGH,3,drawdown,20-30,win_100,10,1.0,250,0.100080064051241,8,0.032,0.03282626100880705,0.9748292682926829,0.4966257169905058,1.8845400370636394,,0,False,False,holdout,False
ret_6m_skip1,HIGH,3,drawdown,20-30,launch_300,10,1.0,250,0.100080064051241,2,0.008,0.013610888710968775,0.587764705882353,0.16138821991774405,2.108203986062675,,0,False,False,holdout,False
ret_6m_skip1,HIGH,3,mst,0-12,win_50,10,0.994924700896149,15004,0.10018094532246326,3017,0.20107971207677952,0.16986158684373937,1.1837856681614463,1.1464823185300106,1.2219899003253218,-0.3090909090909091,10,True,False,holdout,False
ret_6m_skip1,HIGH,3,mst,0-12,win_100,10,0.994924700896149,15004,0.10018094532246326,1334,0.08890962410023993,0.05945823234447716,1.4953290838707283,1.4204954020369378,1.573702195211563,-0.3090909090909091,10,True,False,holdout,False
ret_6m_skip1,HIGH,3,mst,0-12,launch_300,10,0.994645077986993,12578,0.10017282161146197,234,0.018603911591667993,0.011691342194754824,1.591255416338289,1.4014897735652994,1.806164236599583,,4,True,False,holdout,True
ret_6m_skip1,HIGH,3,mst,13-24,win_50,10,0.9974923376985233,1434,0.10013966480446927,361,0.25174337517433754,0.17087988826815642,1.4732182805461846,1.3457601413478253,1.6084393391592726,0.4666666666666667,10,True,False,holdout,False
ret_6m_skip1,HIGH,3,mst,13-24,win_100,10,0.9974923376985233,1434,0.10013966480446927,167,0.11645746164574616,0.047276536312849164,2.463324742639712,2.1336233811868186,2.8363755020242953,,1,True,False,holdout,True
ret_6m_skip1,HIGH,3,mst,13-24,launch_300,10,0.9974923376985233,1434,0.10013966480446927,82,0.05718270571827057,0.021089385474860334,2.711444853925942,2.195702470310751,3.339382839129598,,0,False,False,holdout,False
ret_6m_skip1,HIGH,6,all,ALL,win_50,10,0.9856388236935151,16283,0.10019012927560131,3344,0.20536756126021002,0.17011955378074217,1.2071955086650243,1.1711326613191808,1.244075343942633,-0.22424242424242424,10,True,False,holdout,False
ret_6m_skip1,HIGH,6,all,ALL,win_100,10,0.9856388236935151,16283,0.10019012927560131,1490,0.09150647915003378,0.058306311184400786,1.5694095080142085,1.4950986794530943,1.6470252411336914,-0.296969696969697,10,True,False,holdout,True
ret_6m_skip1,HIGH,6,all,ALL,launch_300,10,0.9845798214730254,13869,0.10018999183685263,262,0.018891051986444588,0.012670938472985761,1.4908960395254076,1.3223110755122354,1.6805088798436574,-0.3333333333333333,8,True,False,holdout,False
ret_6m_skip1,HIGH,6,drawdown,0-10,win_50,10,0.9856293243275009,12603,0.10019318371532829,2755,0.21859874633023882,0.17371429479993958,1.258380875229589,1.2173407498912594,1.3004082124265623,-0.15151515151515152,10,True,False,holdout,False
ret_6m_skip1,HIGH,6,drawdown,0-10,win_100,10,0.9856293243275009,12603,0.10019318371532829,1256,0.0996588113941125,0.06023674942561632,1.6544520138354533,1.5696485323259346,1.7433058088464588,-0.296969696969697,10,True,False,holdout,True
ret_6m_skip1,HIGH,6,drawdown,0-10,launch_300,10,0.9841861275368491,10189,0.10019372031506593,219,0.021493767788791834,0.012449234460582341,1.7265132130692007,1.5143860233033526,1.9676122287981326,-0.3,5,True,False,holdout,True
ret_6m_skip1,HIGH,6,drawdown,10-20,win_50,10,0.9861087144089733,3435,0.10018374310963339,547,0.15924308588064046,0.15857322017091025,1.0042243306215781,0.9294655711330826,1.0837840586670233,-0.7090909090909091,10,True,False,holdout,False
ret_6m_skip1,HIGH,6,drawdown,10-20,win_100,10,0.9861087144089733,3435,0.10018374310963339,223,0.06491994177583697,0.05305217721002129,1.223699859080881,1.0773692608427985,1.3883527576205457,-0.5393939393939394,10,True,False,holdout,False
ret_6m_skip1,HIGH,6,drawdown,10-20,launch_300,10,0.9861087144089733,3435,0.10018374310963339,41,0.011935953420669578,0.013241170122787062,0.9014273897235635,0.6654097786418538,1.2197951672934735,,1,False,False,holdout,False
ret_6m_skip1,HIGH,6,drawdown,20-30,win_50,10,0.9795836669335468,245,0.10012259910093993,42,0.17142857142857143,0.14711892112791172,1.1652380952380954,0.8795623508082945,1.5198686725614365,,0,False,False,holdout,False
ret_6m_skip1,HIGH,6,drawdown,20-30,win_100,10,0.9795836669335468,245,0.10012259910093993,11,0.044897959183673466,0.032693093583980384,1.373316326530612,0.7724097170036276,2.404012841701493,,0,False,False,holdout,False
ret_6m_skip1,HIGH,6,drawdown,20-30,launch_300,10,0.9795836669335468,245,0.10012259910093993,2,0.00816326530612245,0.013894564773191663,0.587515006002401,0.16132378784250465,2.1066037948315564,,0,False,False,holdout,False
ret_6m_skip1,HIGH,6,mst,0-12,win_50,10,0.9847807457501013,14853,0.10019427692556765,3011,0.20271998922776543,0.17003952995777175,1.192193305157393,1.1546247181181464,1.2306659901953916,-0.22424242424242424,10,True,False,holdout,False
ret_6m_skip1,HIGH,6,mst,0-12,win_100,10,0.9847807457501013,14853,0.10019427692556765,1347,0.09068874974752575,0.0593623939234495,1.5277138227355354,1.4516893384817053,1.6073039837527414,-0.296969696969697,10,True,False,holdout,True
ret_6m_skip1,HIGH,6,mst,0-12,launch_300,10,0.9834361805781098,12439,0.10019492863356638,200,0.01607846289894686,0.011703772916196797,1.3737845918640432,1.1972913909259926,1.575808078874866,-0.6,6,True,False,holdout,False
ret_6m_skip1,HIGH,6,mst,13-24,win_50,10,0.9946363889662859,1430,0.10014706912248757,333,0.23286713286713287,0.17095034666293157,1.3621916387586195,1.238337107811208,1.4944191947562093,0.296969696969697,10,True,False,holdout,False
ret_6m_skip1,HIGH,6,mst,13-24,win_100,10,0.9946363889662859,1430,0.10014706912248757,143,0.1,0.047342250857903216,2.112278106508876,1.8061372542344463,2.463691632086232,,2,True,False,holdout,True
ret_6m_skip1,HIGH,6,mst,13-24,launch_300,10,0.9946363889662859,1430,0.10014706912248757,62,0.043356643356643354,0.021079907556551578,2.0567757823571777,1.6113850461377597,2.6182401288660992,,0,False,False,holdout,False
ret_6m_skip1,HIGH,12,all,ALL,win_50,10,0.9624535293439829,15900,0.10019029855448713,3171,0.19943396226415094,0.17043693052212378,1.170133501308645,1.1341209043921483,1.2069980212358993,-0.3939393939393939,10,True,False,holdout,False
ret_6m_skip1,HIGH,12,all,ALL,win_100,10,0.9624535293439829,15900,0.10019029855448713,1211,0.07616352201257862,0.05812927699151848,1.3102437524501032,1.2410623103817484,1.3829475043715018,-0.4666666666666667,10,True,False,holdout,False
ret_6m_skip1,HIGH,12,all,ALL,launch_300,10,0.9589530210889434,13508,0.10018987717320359,197,0.014583950251702695,0.012683201803833146,1.1498634554009146,1.001002384146245,1.3204864297892709,-0.5,9,True,False,holdout,False
ret_6m_skip1,HIGH,12,drawdown,0-10,win_50,10,0.9660400717750214,12353,0.10019710107310584,2543,0.20586092447178822,0.17414650368652007,1.1821134511110085,1.1416982757684961,1.223578789358127,-0.3939393939393939,10,True,False,holdout,False
ret_6m_skip1,HIGH,12,drawdown,0-10,win_100,10,0.9660400717750214,12353,0.10019710107310584,1002,0.08111389945762162,0.06012799403018972,1.3490205480145416,1.2711005945365978,1.4312719977600272,-0.4303030303030303,10,True,False,holdout,False
ret_6m_skip1,HIGH,12,drawdown,0-10,launch_300,10,0.9621202589836151,9961,0.10019816321809019,144,0.014456379881537999,0.012583867301057206,1.14880263242473,0.9768467813896431,1.350507315054241,-0.7,5,True,False,holdout,False
ret_6m_skip1,HIGH,12,drawdown,10-20,win_50,10,0.9511647972389992,3313,0.10017537493952589,591,0.1783881678237247,0.15832123850991775,1.1267481830149397,1.0467742415172672,1.2114275002727874,-0.4303030303030303,10,True,False,holdout,False
ret_6m_skip1,HIGH,12,drawdown,10-20,win_100,10,0.9511647972389992,3313,0.10017537493952589,198,0.05976456383942046,0.05258224479922593,1.1365920962031706,0.992560830225999,1.3000164670597276,-0.5272727272727272,10,True,False,holdout,False
ret_6m_skip1,HIGH,12,drawdown,10-20,launch_300,10,0.9511647972389992,3313,0.10017537493952589,48,0.01448837911258678,0.012971698113207548,1.1169223170430536,0.8437936896962097,1.4767479839229227,,0,False,False,holdout,False
ret_6m_skip1,HIGH,12,drawdown,20-30,win_50,10,0.9363490792634107,234,0.10004275331338179,37,0.1581196581196581,0.14621633176571183,1.0814090068476034,0.7998109411818274,1.4385366177456047,,0,False,False,holdout,False
ret_6m_skip1,HIGH,12,drawdown,20-30,win_100,10,0.9363490792634107,234,0.10004275331338179,11,0.04700854700854701,0.031209918768704575,1.5062053623697458,0.8474432714214356,2.633819691975358,,0,False,False,holdout,False
ret_6m_skip1,HIGH,12,drawdown,20-30,launch_300,10,0.9363490792634107,234,0.10004275331338179,5,0.021367521367521368,0.012825994014536126,1.665954415954416,0.7142245982542863,3.823135775560865,,0,False,False,holdout,False
ret_6m_skip1,HIGH,12,mst,0-12,win_50,10,0.959968910471458,14478,0.10018891818389421,2885,0.19926785467606023,0.1703516092646031,1.1697444804677026,1.1320196653090335,1.2084058564940259,-0.3939393939393939,10,True,False,holdout,False
ret_6m_skip1,HIGH,12,mst,0-12,win_100,10,0.959968910471458,14478,0.10018891818389421,1110,0.07666804807293826,0.05917360404686278,1.2956460791575357,1.2242882954552523,1.3707992442478834,-0.5272727272727272,10,True,False,holdout,False
ret_6m_skip1,HIGH,12,mst,0-12,launch_300,10,0.9555921704069266,12086,0.10018817404856051,154,0.01274201555518782,0.011680054379813152,1.090920910197993,0.9324938696913881,1.2758585581190491,-0.6571428571428571,6,True,False,holdout,False
ret_6m_skip1,HIGH,12,mst,13-24,win_50,10,0.9885065477848983,1422,0.10020435487280671,286,0.2011251758087201,0.17130575717003735,1.1740713162902292,1.0572265155563505,1.3003170795385468,-0.2727272727272727,10,True,False,holdout,False
ret_6m_skip1,HIGH,12,mst,13-24,win_100,10,0.9885065477848983,1422,0.10020435487280671,101,0.0710267229254571,0.04749489112817983,1.4954602745328809,1.2380182531062163,1.8015697119912688,,2,True,False,holdout,False
ret_6m_skip1,HIGH,12,mst,13-24,launch_300,10,0.9885065477848983,1422,0.10020435487280671,43,0.030239099859353025,0.02121062645338595,1.4256580269238497,1.0620406683738393,1.9086132649727696,,0,False,False,holdout,False
ret_12m_skip1,HIGH,0,all,ALL,win_50,10,0.9856388236935151,16283,0.10019012927560131,3394,0.20843824848000983,0.17011955378074217,1.2252456807443461,1.1889780588778278,1.2623217758169205,-0.3696969696969697,10,True,False,holdout,False
ret_12m_skip1,HIGH,0,all,ALL,win_100,10,0.9856388236935151,16283,0.10019012927560131,1493,0.09169072038322176,0.058306311184400786,1.5725693929296733,1.4981891438883976,1.6502530559311557,-0.3575757575757576,10,True,False,holdout,True
ret_12m_skip1,HIGH,0,all,ALL,launch_300,10,0.9845798214730254,13869,0.10018999183685263,294,0.02119835604585767,0.012670938472985761,1.6729902122918698,1.4939933596124144,1.8729140957100088,-0.21428571428571427,7,True,False,holdout,True
ret_12m_skip1,HIGH,0,drawdown,0-10,win_50,10,0.9856293243275009,12603,0.10019318371532829,2789,0.22129651670237246,0.17371429479993958,1.2739108025463972,1.2326827250608632,1.316116627572742,-0.3090909090909091,10,True,False,holdout,False
ret_12m_skip1,HIGH,0,drawdown,0-10,win_100,10,0.9856293243275009,12603,0.10019318371532829,1218,0.09664365627231611,0.06023674942561632,1.6043969369837439,1.5207882234342762,1.6920864688237294,-0.24848484848484848,10,True,False,holdout,True
ret_12m_skip1,HIGH,0,drawdown,0-10,launch_300,10,0.9841861275368491,10189,0.10019372031506593,241,0.02365295907351065,0.012449234460582341,1.8999528965738692,1.6769600151207444,2.1517868727479104,,4,True,False,holdout,True
ret_12m_skip1,HIGH,0,drawdown,10-20,win_50,10,0.9861087144089733,3435,0.10018374310963339,565,0.16448326055312956,0.15857322017091025,1.037270103841301,0.9614620360787286,1.117805310657171,-0.696969696969697,10,True,False,holdout,False
ret_12m_skip1,HIGH,0,drawdown,10-20,win_100,10,0.9861087144089733,3435,0.10018374310963339,265,0.07714701601164484,0.05305217721002129,1.4541724782799705,1.2947417287934764,1.631410615647394,-0.48333333333333334,9,True,False,holdout,False
ret_12m_skip1,HIGH,0,drawdown,10-20,launch_300,10,0.9861087144089733,3435,0.10018374310963339,51,0.014847161572052401,0.013241170122787062,1.1212877286805303,0.8542120769348237,1.4702223440126283,,1,False,False,holdout,False
ret_12m_skip1,HIGH,0,drawdown,20-30,win_50,10,0.9795836669335468,245,0.10012259910093993,40,0.16326530612244897,0.14711892112791172,1.109750566893424,0.8309441780992877,1.4592249521312506,,0,False,False,holdout,False
ret_12m_skip1,HIGH,0,drawdown,20-30,win_100,10,0.9795836669335468,245,0.10012259910093993,10,0.04081632653061224,0.032693093583980384,1.2484693877551019,0.6826897910647809,2.247893508077157,,0,False,False,holdout,False
ret_12m_skip1,HIGH,0,drawdown,20-30,launch_300,10,0.9795836669335468,245,0.10012259910093993,2,0.00816326530612245,0.013894564773191663,0.587515006002401,0.16132378784250465,2.1066037948315564,,0,False,False,holdout,False
ret_12m_skip1,HIGH,0,mst,0-12,win_50,10,0.9847807457501013,14853,0.10019427692556765,3028,0.20386453915034,0.17003952995777175,1.1989243865880392,1.1612742878628461,1.2374751024681434,-0.4303030303030303,10,True,False,holdout,False
ret_12m_skip1,HIGH,0,mst,0-12,win_100,10,0.9847807457501013,14853,0.10019427692556765,1334,0.08981350568908637,0.0593623939234495,1.5129697398138116,1.4372879180673221,1.5922248629306224,-0.3696969696969697,10,True,False,holdout,True
ret_12m_skip1,HIGH,0,mst,0-12,launch_300,10,0.9834361805781098,12439,0.10019492863356638,223,0.01792748613232575,0.011703772916196797,1.5317698199284084,1.344878622626432,1.744093754240997,,4,True,False,holdout,True
ret_12m_skip1,HIGH,0,mst,13-24,win_50,10,0.9946363889662859,1430,0.10014706912248757,366,0.25594405594405595,0.17095034666293157,1.4971836029599241,1.3688226711505942,1.6331942356658833,0.44242424242424244,10,True,False,holdout,False
ret_12m_skip1,HIGH,0,mst,13-24,win_100,10,0.9946363889662859,1430,0.10014706912248757,159,0.11118881118881119,0.047342250857903216,2.34861691562875,2.026213014362847,2.715027121713582,,2,True,False,holdout,True
ret_12m_skip1,HIGH,0,mst,13-24,launch_300,10,0.9946363889662859,1430,0.10014706912248757,71,0.04965034965034965,0.021079907556551578,2.355340008828381,1.8761408184143789,2.949013020109826,,0,False,False,holdout,False
ret_12m_skip1,HIGH,3,all,ALL,win_50,10,0.9742796669274482,16097,0.10020043822518798,3360,0.2087345468099646,0.170353817040984,1.2253000868172321,1.1888563761886999,1.2625596557120282,-0.38181818181818183,10,True,False,holdout,False
ret_12m_skip1,HIGH,3,all,ALL,win_100,10,0.9742796669274482,16097,0.10020043822518798,1425,0.08852581226315462,0.05820178277974204,1.52101547470067,1.4472966804105,1.5981077938888943,-0.34545454545454546,10,True,False,holdout,True
ret_12m_skip1,HIGH,3,all,ALL,launch_300,10,0.9720473701056226,13694,0.10020122196612154,265,0.01935154082079743,0.012673325284454688,1.5269505348003931,1.3552449070579538,1.7199282946618084,-0.5166666666666667,9,True,False,holdout,True
ret_12m_skip1,HIGH,3,drawdown,0-10,win_50,10,0.9756309698247154,12477,0.10020801374978917,2766,0.22168790574657368,0.17401675353984788,1.2739457623303474,1.2325574117449476,1.3163186301776948,-0.2727272727272727,10,True,False,holdout,False
ret_12m_skip1,HIGH,3,drawdown,0-10,win_100,10,0.9756309698247154,12477,0.10020801374978917,1196,0.09585637573134567,0.060163359060645245,1.5932683485096224,1.5094643646655663,1.6812074319469597,-0.296969696969697,10,True,False,holdout,True
ret_12m_skip1,HIGH,3,drawdown,0-10,launch_300,10,0.9729112429471484,10074,0.10021088651917874,222,0.022036926742108397,0.012533821422887156,1.7581969615322801,1.5435968445033488,2.001868716740787,,3,True,False,holdout,True
ret_12m_skip1,HIGH,3,drawdown,10-20,win_50,10,0.9704918032786886,3380,0.10016595542911333,551,0.16301775147928993,0.15851706970128024,1.0283924109024414,0.9522554708644657,1.10935601603575,-0.6727272727272727,10,True,False,holdout,False
ret_12m_skip1,HIGH,3,drawdown,10-20,win_100,10,0.9704918032786886,3380,0.10016595542911333,218,0.06449704142011835,0.05280938833570412,1.221317713625406,1.073680279331154,1.3876790408868616,-0.503030303030303,10,True,False,holdout,False
ret_12m_skip1,HIGH,3,drawdown,10-20,launch_300,10,0.9704918032786886,3380,0.10016595542911333,41,0.0121301775147929,0.013068990042674254,0.9281648754176227,0.6851616303857241,1.2559256140938473,,1,False,False,holdout,False
ret_12m_skip1,HIGH,3,drawdown,20-30,win_50,10,0.9579663730984788,240,0.10029251984956122,43,0.17916666666666667,0.14667781027998328,1.2214981006647674,0.9259926517017663,1.585921714096536,,0,False,False,holdout,False
ret_12m_skip1,HIGH,3,drawdown,20-30,win_100,10,0.9579663730984788,240,0.10029251984956122,11,0.04583333333333333,0.032177183451734225,1.4244047619047617,0.8012659815824124,2.492262728331104,,0,False,False,holdout,False
ret_12m_skip1,HIGH,3,drawdown,20-30,launch_300,10,0.9579663730984788,240,0.10029251984956122,2,0.008333333333333333,0.012954450480568324,0.6432795698924731,0.17664070504840565,2.305751084911408,,0,False,False,holdout,False
ret_12m_skip1,HIGH,3,mst,0-12,win_50,10,0.9726770874160483,14671,0.1001980603742658,2988,0.2036670983573035,0.17029094386012839,1.1959948881638078,1.1581848254022913,1.2347159985654452,-0.44242424242424244,10,True,False,holdout,False
ret_12m_skip1,HIGH,3,mst,0-12,win_100,10,0.9726770874160483,14671,0.1001980603742658,1265,0.08622452457228547,0.05925420024586805,1.4551630806678237,1.3803253871345273,1.5336567084132617,-0.34545454545454546,10,True,False,holdout,False
ret_12m_skip1,HIGH,3,mst,0-12,launch_300,10,0.9698825244179691,12268,0.10019846941692462,189,0.01540593413759374,0.011687643441116656,1.318138614957767,1.1442263779568185,1.5180086342871055,,4,True,False,holdout,False
ret_12m_skip1,HIGH,3,mst,13-24,win_50,10,0.9910838673725272,1426,0.1002249086308687,372,0.2608695652173913,0.17100084340736577,1.5255454886613413,1.3961494774775194,1.6624555640243561,0.4666666666666667,10,True,False,holdout,True
ret_12m_skip1,HIGH,3,mst,13-24,win_100,10,0.9910838673725272,1426,0.1002249086308687,160,0.11220196353436185,0.04737138037672196,2.3685601441645407,2.0445153293369254,2.7365923156749408,,2,True,False,holdout,True
ret_12m_skip1,HIGH,3,mst,13-24,launch_300,10,0.9910838673725272,1426,0.1002249086308687,76,0.05329593267882188,0.021155468091087995,2.5192509307451085,2.0227181148620668,3.1292418623934015,,0,False,False,holdout,False
ret_12m_skip1,HIGH,6,all,ALL,win_50,10,0.9624535293439829,15900,0.10019029855448713,3238,0.20364779874213837,0.17043693052212378,1.1948572302861533,1.158552860795403,1.2320015791087076,-0.4303030303030303,10,True,False,holdout,False
ret_12m_skip1,HIGH,6,all,ALL,win_100,10,0.9624535293439829,15900,0.10019029855448713,1312,0.08251572327044025,0.05812927699151848,1.4195208944793851,1.3476704427026274,1.4948408658888042,-0.4303030303030303,10,True,False,holdout,False
ret_12m_skip1,HIGH,6,all,ALL,launch_300,10,0.9589530210889434,13508,0.10018987717320359,210,0.015546342907906427,0.012683201803833146,1.2257427697167111,1.0717789517026706,1.4014253454106118,-0.6071428571428571,7,True,False,holdout,False
ret_12m_skip1,HIGH,6,drawdown,0-10,win_50,10,0.9660400717750214,12353,0.10019710107310584,2662,0.21549421193232413,0.17414650368652007,1.237430596483486,1.196306430984771,1.2795705312207415,-0.4303030303030303,10,True,False,holdout,False
ret_12m_skip1,HIGH,6,drawdown,0-10,win_100,10,0.9660400717750214,12353,0.10019710107310584,1117,0.09042337893629078,0.06012799403018972,1.503848255621001,1.4218427660721442,1.590088976663844,-0.3696969696969697,10,True,False,holdout,True
ret_12m_skip1,HIGH,6,drawdown,0-10,launch_300,10,0.9621202589836151,9961,0.10019816321809019,178,0.017869691798012247,0.012583867301057206,1.420047698413902,1.2275898726423364,1.642045225153569,,3,True,False,holdout,False
ret_12m_skip1,HIGH,6,drawdown,10-20,win_50,10,0.9511647972389992,3313,0.10017537493952589,538,0.16239058255357683,0.15832123850991775,1.025703083692111,0.948857238655281,1.1074883588441506,-0.7333333333333333,10,True,False,holdout,False
ret_12m_skip1,HIGH,6,drawdown,10-20,win_100,10,0.9511647972389992,3313,0.10017537493952589,184,0.05553878659824932,0.05258224479922593,1.0562269984918353,0.9174634481525454,1.2145698062427774,-0.6833333333333333,9,True,False,holdout,False
ret_12m_skip1,HIGH,6,drawdown,10-20,launch_300,10,0.9511647972389992,3313,0.10017537493952589,29,0.008753395713854513,0.012971698113207548,0.6748072332135114,0.4703816944060214,0.9669538984369163,,1,False,False,holdout,False
ret_12m_skip1,HIGH,6,drawdown,20-30,win_50,10,0.9363490792634107,234,0.10004275331338179,38,0.1623931623931624,0.14621633176571183,1.1106362773029441,0.8252047793705394,1.4706532011521716,,0,False,False,holdout,False
ret_12m_skip1,HIGH,6,drawdown,20-30,win_100,10,0.9363490792634107,234,0.10004275331338179,11,0.04700854700854701,0.031209918768704575,1.5062053623697458,0.8474432714214356,2.633819691975358,,0,False,False,holdout,False
ret_12m_skip1,HIGH,6,drawdown,20-30,launch_300,10,0.9363490792634107,234,0.10004275331338179,3,0.01282051282051282,0.012825994014536126,0.9995726495726496,0.3406781534030447,2.8854446080397578,,0,False,False,holdout,False
ret_12m_skip1,HIGH,6,mst,0-12,win_50,10,0.959968910471458,14478,0.10018891818389421,2924,0.20196159690564996,0.1703516092646031,1.1855573174653598,1.147635833210929,1.224406973548896,-0.44242424242424244,10,True,False,holdout,False
ret_12m_skip1,HIGH,6,mst,0-12,win_100,10,0.959968910471458,14478,0.10018891818389421,1188,0.0820555325321177,0.05917360404686278,1.3866914793145517,1.3130029477356269,1.4641270908052362,-0.4303030303030303,10,True,False,holdout,False
ret_12m_skip1,HIGH,6,mst,0-12,launch_300,10,0.9555921704069266,12086,0.10018817404856051,148,0.012245573390699984,0.011680054379813152,1.048417498112357,0.8933181976355759,1.2300544163015157,,3,True,False,holdout,False
ret_12m_skip1,HIGH,6,mst,13-24,win_50,10,0.9885065477848983,1422,0.10020435487280671,314,0.22081575246132207,0.17130575717003735,1.2890153612417201,1.1676467540471998,1.4191655734203164,0.18787878787878787,10,True,False,holdout,False
ret_12m_skip1,HIGH,6,mst,13-24,win_100,10,0.9885065477848983,1422,0.10020435487280671,124,0.08720112517580872,0.04749489112817983,1.8360106340799727,1.5502100858623389,2.1686435973969855,,2,True,False,holdout,True
ret_12m_skip1,HIGH,6,mst,13-24,launch_300,10,0.9885065477848983,1422,0.10020435487280671,62,0.04360056258790436,0.02121062645338595,2.0555999457971783,1.6105026860491776,2.6166407441601387,,0,False,False,holdout,False
ret_12m_skip1,HIGH,12,all,ALL,win_50,10,0.9380977506079847,15494,0.10016679380923443,2987,0.1927843036013941,0.17043999948280988,1.131097771569976,1.0951023839621539,1.1679867256140517,-0.5272727272727272,10,True,False,holdout,False
ret_12m_skip1,HIGH,12,all,ALL,win_100,10,0.9380977506079847,15494,0.10016679380923443,1104,0.07125338840841616,0.057576188567512704,1.2375495874456128,1.1690281554042936,1.3097626035253862,-0.5272727272727272,10,True,False,holdout,False
ret_12m_skip1,HIGH,12,all,ALL,launch_300,10,0.93186101923966,13123,0.100164103346945,187,0.014249790444258172,0.012548181505934435,1.1356060188895891,0.9849625070397884,1.3089063087314137,-0.5357142857142857,7,True,False,holdout,False
ret_12m_skip1,HIGH,12,drawdown,0-10,win_50,10,0.946137391181702,12095,0.10016812011892635,2419,0.2,0.1742900444731546,1.1475124732715611,1.1071609568676555,1.188957017135202,-0.6242424242424243,10,True,False,holdout,False
ret_12m_skip1,HIGH,12,drawdown,0-10,win_100,10,0.946137391181702,12095,0.10016812011892635,899,0.0743282348077718,0.059744755563285214,1.24409639150735,1.1680943414657956,1.3246228046778845,-0.5272727272727272,10,True,False,holdout,False
ret_12m_skip1,HIGH,12,drawdown,0-10,launch_300,10,0.9395414557666437,9724,0.10016481252575196,140,0.014397367338543809,0.01261845900288422,1.140976670388435,0.9679619725386885,1.344385126998419,,4,True,False,holdout,False
ret_12m_skip1,HIGH,12,drawdown,10-20,win_50,10,0.911417888984757,3174,0.10015777847901547,535,0.16855702583490864,0.15746292205743137,1.070455340422496,0.9903010334308863,1.155698553883016,-0.40606060606060607,10,True,False,holdout,False
ret_12m_skip1,HIGH,12,drawdown,10-20,win_100,10,0.911417888984757,3174,0.10015777847901547,197,0.06206679269061122,0.051214894288419056,1.211889501149396,1.0581049702247323,1.3863471296794248,-0.5636363636363636,10,True,False,holdout,False
ret_12m_skip1,HIGH,12,drawdown,10-20,launch_300,10,0.911417888984757,3174,0.10015777847901547,44,0.013862633900441084,0.012338277059009152,1.123546977762092,0.8382784308947149,1.5040728631803946,,0,False,False,holdout,False
ret_12m_skip1,HIGH,12,drawdown,20-30,win_50,10,0.8987189751801441,225,0.10022271714922049,33,0.14666666666666667,0.1465478841870824,1.0008105369807498,0.7259050302481426,1.356662256575948,,0,False,False,holdout,False
ret_12m_skip1,HIGH,12,drawdown,20-30,win_100,10,0.8987189751801441,225,0.10022271714922049,8,0.035555555555555556,0.030734966592427616,1.1568438003220611,0.5897079229299174,2.2313119667165413,,0,False,False,holdout,False
ret_12m_skip1,HIGH,12,drawdown,20-30,launch_300,10,0.8987189751801441,225,0.10022271714922049,3,0.013333333333333334,0.012472160356347439,1.069047619047619,0.36438839580073157,3.0837372966886103,,0,False,False,holdout,False
ret_12m_skip1,HIGH,12,mst,0-12,win_50,10,0.9342801910544531,14087,0.10016353811149033,2764,0.19620927095904026,0.17042093287827076,1.1513214230507103,1.113328499821783,1.190286289363688,-0.4303030303030303,10,True,False,holdout,False
ret_12m_skip1,HIGH,12,mst,0-12,win_100,10,0.9342801910544531,14087,0.10016353811149033,1037,0.07361397032725207,0.05863196814562002,1.2555261686665937,1.1839424135104453,1.3310750567399496,-0.5272727272727272,10,True,False,holdout,False
ret_12m_skip1,HIGH,12,mst,0-12,launch_300,10,0.9265995453069178,11716,0.10015986595197182,156,0.013315124615909868,0.011515477930804544,1.1562806768350593,0.9893967795730401,1.3508703508472457,-0.7,5,True,False,holdout,False
ret_12m_skip1,HIGH,12,mst,13-24,win_50,10,0.9781276121482307,1407,0.10019940179461616,223,0.15849324804548684,0.17063096425010682,0.9288656882532247,0.8224997956895598,1.04613065028742,-0.8181818181818182,10,True,False,holdout,False
ret_12m_skip1,HIGH,12,mst,13-24,win_100,10,0.9781276121482307,1407,0.10019940179461616,67,0.047619047619047616,0.04700185158809286,1.013131313131313,0.8014667154009516,1.2772087052750412,,1,False,False,holdout,False
ret_12m_skip1,HIGH,12,mst,13-24,launch_300,10,0.9781276121482307,1407,0.10019940179461616,31,0.02203269367448472,0.021150833214641788,1.0416938874650319,0.7358933051659221,1.4705549716162463,,0,False,False,holdout,False
eps_growth_q0,HIGH,0,all,ALL,win_50,10,0.6731983334243036,11113,0.10011441132221652,2101,0.18905786016377216,0.162184805816059,1.1656940316480144,1.1214730160883744,1.2112400420576706,-0.18787878787878787,10,True,False,holdout,False
eps_growth_q0,HIGH,0,all,ALL,win_100,10,0.6731983334243036,11113,0.10011441132221652,767,0.06901826689462791,0.04698972099853157,1.4687949923513002,1.3716359365702666,1.5722927564733562,-0.23636363636363636,10,True,False,holdout,False
eps_growth_q0,HIGH,0,all,ALL,launch_300,10,0.6673779295138519,9393,0.10010657572205052,139,0.014798254018950283,0.00827027603112011,1.7893301219047746,1.5171488777569384,2.109478816436252,,3,True,False,holdout,True
eps_growth_q0,HIGH,0,drawdown,0-10,win_50,10,0.6661913008047265,8511,0.10010585744530699,1676,0.1969216308306897,0.16718419195483417,1.1778723127356998,1.1281604208245335,1.2292199261001324,-0.3090909090909091,10,True,False,holdout,False
eps_growth_q0,HIGH,0,drawdown,0-10,win_100,10,0.6661913008047265,8511,0.10010585744530699,606,0.07120197391610857,0.04855328158080452,1.4664708871965964,1.3578858723565,1.5830245347130034,-0.23636363636363636,10,True,False,holdout,False
eps_growth_q0,HIGH,0,drawdown,0-10,launch_300,10,0.6566241156716057,6791,0.1000928559847893,101,0.014872625533794728,0.007959084410511887,1.868635230724761,1.5398508033017244,2.266338747020112,,2,True,False,holdout,True
eps_growth_q0,HIGH,0,drawdown,10-20,win_50,10,0.6973252804141501,2428,0.10014022931617586,394,0.16227347611202636,0.145756000989854,1.1133227792337836,1.0163786373754577,1.2175872341105802,0.1393939393939394,10,True,False,holdout,False
eps_growth_q0,HIGH,0,drawdown,10-20,win_100,10,0.6973252804141501,2428,0.10014022931617586,152,0.06260296540362438,0.04309989276581704,1.4525086116519395,1.2445752463110353,1.6925039741361816,,4,True,False,holdout,False
eps_growth_q0,HIGH,0,drawdown,10-20,launch_300,10,0.6973252804141501,2428,0.10014022931617586,36,0.014827018121911038,0.008949929885341911,1.6566630478518665,1.1987917447103114,2.2857990680450686,,0,False,False,holdout,False
eps_growth_q0,HIGH,0,drawdown,20-30,win_50,10,0.6953562850280224,174,0.1001727115716753,31,0.1781609195402299,0.14680483592400692,1.2135902636916835,0.8749478303629877,1.6469417707045262,,0,False,False,holdout,False
eps_growth_q0,HIGH,0,drawdown,20-30,win_100,10,0.6953562850280224,174,0.1001727115716753,9,0.05172413793103448,0.02475532527345999,2.0894145950280674,1.1087626242033728,3.852360368002962,,0,False,False,holdout,False
eps_growth_q0,HIGH,0,drawdown,20-30,launch_300,10,0.6953562850280224,174,0.1001727115716753,2,0.011494252873563218,0.010938399539435808,1.0508166969147006,0.2886911515517008,3.7422835694430066,,0,False,False,holdout,False
eps_growth_q0,HIGH,0,mst,0-12,win_50,10,0.6702915639760053,10101,0.10010802667961666,1858,0.18394218394218395,0.16274367944817197,1.1302570063912247,1.0845720785570958,1.1774185213755821,-0.17575757575757575,10,True,False,holdout,False
eps_growth_q0,HIGH,0,mst,0-12,win_100,10,0.6702915639760053,10101,0.10010802667961666,689,0.0682110682110682,0.04839397032735057,1.4094951860669656,1.311257495326432,1.5145167376775157,-0.22424242424242424,10,True,False,holdout,False
eps_growth_q0,HIGH,0,mst,0-12,launch_300,10,0.663249867315172,8381,0.10009793617427862,111,0.013244242930437895,0.007882667685839862,1.6801726849692487,1.3967593579248054,2.0201668281923952,,3,True,False,holdout,True
eps_growth_q0,HIGH,0,mst,13-24,win_50,10,0.7036779047088325,1012,0.10017818253811127,243,0.24011857707509882,0.15660265294001188,1.5332982715629888,1.3717221201167993,1.7074253664393642,0.5878787878787879,10,True,False,holdout,True
eps_growth_q0,HIGH,0,mst,13-24,win_100,10,0.7036779047088325,1012,0.10017818253811127,78,0.07707509881422925,0.03296376955058404,2.3381761207848166,1.8867814989726757,2.8866053467007404,,0,False,False,holdout,False
eps_growth_q0,HIGH,0,mst,13-24,launch_300,10,0.7036779047088325,1012,0.10017818253811127,28,0.02766798418972332,0.011482874678281529,2.409499795556767,1.673006008858788,3.4570914325934408,,0,False,False,holdout,False
eps_growth_q0,HIGH,3,all,ALL,win_50,10,0.6688196301754513,11035,0.10006256744135436,2058,0.18649750792931583,0.16316500575801815,1.1429994260282805,1.0991307215635528,1.1882053929906782,-0.12727272727272726,10,True,False,holdout,False
eps_growth_q0,HIGH,3,all,ALL,win_100,10,0.6688196301754513,11035,0.10006256744135436,713,0.06461259628454916,0.047868626508646095,1.3497900607797624,1.2570976201823696,1.4488128493339092,-0.296969696969697,10,True,False,holdout,False
eps_growth_q0,HIGH,3,all,ALL,launch_300,10,0.6631814787154593,9327,0.10003217503217503,124,0.01329473571351989,0.008708708708708709,1.5266024112421115,1.2817706099475077,1.8174511438030618,,3,True,False,holdout,True
eps_growth_q0,HIGH,3,drawdown,0-10,win_50,10,0.6641305114362056,8478,0.10002713640171314,1614,0.19037508846426043,0.16753778448977666,1.1363113642933325,1.0872715920323264,1.1870251508466314,-0.3333333333333333,10,True,False,holdout,False
eps_growth_q0,HIGH,3,drawdown,0-10,win_100,10,0.6641305114362056,8478,0.10002713640171314,560,0.06605331446095777,0.04928206519815472,1.3403114133989462,1.2369690678362781,1.4516297289428115,-0.38181818181818183,10,True,False,holdout,False
eps_growth_q0,HIGH,3,drawdown,0-10,launch_300,10,0.6553562960310471,6770,0.09997637190619647,86,0.012703101920236336,0.00840274085888121,1.5117807550627833,1.225582654970755,1.8637543059963757,,2,False,False,holdout,False
eps_growth_q0,HIGH,3,drawdown,10-20,win_50,10,0.6860511935576646,2390,0.10019283977529975,412,0.1723849372384937,0.14936698247673347,1.1541033659520148,1.056261925685029,1.2589842777028089,0.28484848484848485,10,True,False,holdout,False
eps_growth_q0,HIGH,3,drawdown,10-20,win_100,10,0.6860511935576646,2390,0.10019283977529975,146,0.06108786610878661,0.04473044353148319,1.3656888080215517,1.1663775838275001,1.5964923904522559,,4,True,False,holdout,False
eps_growth_q0,HIGH,3,drawdown,10-20,launch_300,10,0.6860511935576646,2390,0.10019283977529975,35,0.014644351464435146,0.0095581453844219,1.5321331571606842,1.1036157039452628,2.1236242094456848,,0,False,False,holdout,False
eps_growth_q0,HIGH,3,drawdown,20-30,win_50,10,0.6685348278622898,167,0.1,32,0.19161676646706588,0.13832335329341316,1.3852813852813854,1.0058171016584752,1.8650057755715448,,0,False,False,holdout,False
eps_growth_q0,HIGH,3,drawdown,20-30,win_100,10,0.6685348278622898,167,0.1,7,0.041916167664670656,0.020958083832335328,2.0,0.9757644610495074,4.007173943927076,,0,False,False,holdout,False
eps_growth_q0,HIGH,3,drawdown,20-30,launch_300,10,0.6685348278622898,167,0.1,3,0.017964071856287425,0.008982035928143712,2.0,0.6822400273085696,5.7312056859999485,,0,False,False,holdout,False
eps_growth_q0,HIGH,3,mst,0-12,win_50,10,0.6653624122285479,10030,0.10014077616589623,1844,0.18384845463609173,0.1639692888307591,1.1212371288982714,1.075745431718407,1.1682051842963068,-0.22424242424242424,10,True,False,holdout,False
eps_growth_q0,HIGH,3,mst,0-12,win_100,10,0.6653624122285479,10030,0.10014077616589623,652,0.0650049850448654,0.04966103894807256,1.3089735217347556,1.2151339405802903,1.4095200893371513,-0.3939393939393939,10,True,False,holdout,False
eps_growth_q0,HIGH,3,mst,0-12,launch_300,10,0.6584177631318372,8322,0.10012271710098895,101,0.012136505647680845,0.00832551312591737,1.4577486653525096,1.2009947220357784,1.7685762181265967,,3,True,False,holdout,False
eps_growth_q0,HIGH,3,mst,13-24,win_50,10,0.7050710504318751,1005,0.0992886781268524,214,0.21293532338308457,0.15520648093262202,1.3719486589965513,1.216076063655141,1.5419067834876707,0.5471149893120582,10,True,False,holdout,False
eps_growth_q0,HIGH,3,mst,13-24,win_100,10,0.7050710504318751,1005,0.0992886781268524,61,0.06069651741293532,0.030132384904169137,2.0143283582089553,1.577724889429761,2.5619603091756797,,0,False,False,holdout,False
eps_growth_q0,HIGH,3,mst,13-24,launch_300,10,0.7050710504318751,1005,0.0992886781268524,23,0.022885572139303482,0.011855364552459988,1.9303980099502487,1.2903484323596373,2.8769337700384217,,0,False,False,holdout,False
eps_growth_q0,HIGH,6,all,ALL,win_50,10,0.6639193639357386,10964,0.10015254903035452,2025,0.18469536665450564,0.1635289066710513,1.1294355867371633,1.0856957577709765,1.1745260595366207,-0.1393939393939394,10,True,False,holdout,False
eps_growth_q0,HIGH,6,all,ALL,win_100,10,0.6639193639357386,10964,0.10015254903035452,689,0.0628420284567676,0.048194531985055675,1.3039244467869067,1.2128109431025398,1.4013919277194293,-0.3333333333333333,10,True,False,holdout,False
eps_growth_q0,HIGH,6,all,ALL,launch_300,10,0.6585084818094527,9272,0.10014797533024421,112,0.012079378774805867,0.008986531004612077,1.3441648138315525,1.118251467780783,1.615048892601837,,3,True,False,holdout,False
eps_growth_q0,HIGH,6,drawdown,0-10,win_50,10,0.664843560229116,8494,0.10010842919102395,1600,0.18836825994819872,0.1670045257401471,1.1279230853976545,1.078980154857336,1.178553077786658,-0.296969696969697,10,True,False,holdout,False
eps_growth_q0,HIGH,6,drawdown,0-10,win_100,10,0.664843560229116,8494,0.10010842919102395,542,0.06380974805745232,0.0493470676975297,1.293080846233273,1.1916936658441208,1.4024595976685286,-0.3696969696969697,10,True,False,holdout,False
eps_growth_q0,HIGH,6,drawdown,0-10,launch_300,10,0.6576983750616974,6802,0.10009123282027134,86,0.012643340194060571,0.0086965478678007,1.4538343704026537,1.1786001723392474,1.7923307799837815,,2,False,False,holdout,False
eps_growth_q0,HIGH,6,drawdown,10-20,win_50,10,0.6614610296232384,2307,0.10030870907430758,400,0.17338534893801474,0.15265881125266315,1.1357703333025924,1.0381533256714277,1.2405006195523898,0.3090909090909091,10,True,False,holdout,False
eps_growth_q0,HIGH,6,drawdown,10-20,win_100,10,0.6614610296232384,2307,0.10030870907430758,144,0.06241872561768531,0.0458280794817166,1.3620192319555449,1.1620822281533907,1.5937018039810134,,4,True,False,holdout,False
eps_growth_q0,HIGH,6,drawdown,10-20,launch_300,10,0.6614610296232384,2307,0.10030870907430758,26,0.011270047680970958,0.009696073742336624,1.1623310610522468,0.7943996952396145,1.6978450870774502,,0,False,False,holdout,False
eps_growth_q0,HIGH,6,drawdown,20-30,win_50,10,0.6509207365892714,163,0.1002460024600246,25,0.15337423312883436,0.13591635916359163,1.1284457152374872,0.7806057532093269,1.593724399358729,,0,False,False,holdout,False
eps_growth_q0,HIGH,6,drawdown,20-30,win_100,10,0.6509207365892714,163,0.1002460024600246,3,0.018404907975460124,0.02152521525215252,0.8550394390885189,0.29169281580375855,2.4486695871428474,,0,False,False,holdout,False
eps_growth_q0,HIGH,6,drawdown,20-30,launch_300,10,0.6509207365892714,163,0.1002460024600246,0,0.0,0.01107011070110701,0.0,0.0,2.079889422792069,,0,False,False,holdout,False
eps_growth_q0,HIGH,6,mst,0-12,win_50,10,0.6607255551938778,9959,0.10012969907803058,1869,0.1876694447233658,0.16469772071465197,1.139478093012068,1.093652228818348,1.1867663695679167,-0.16363636363636364,10,True,False,holdout,False
eps_growth_q0,HIGH,6,mst,0-12,win_100,10,0.6607255551938778,9959,0.10012969907803058,660,0.0662717140275128,0.05015031017182614,1.3214616978529374,1.2273397207888956,1.4222530798709263,-0.2727272727272727,10,True,False,holdout,False
eps_growth_q0,HIGH,6,mst,0-12,launch_300,10,0.6540847123313714,8267,0.10011989681607344,96,0.011612434982460385,0.008634992915188142,1.3448111766293638,1.1024084952536817,1.6397525311599104,,2,False,False,holdout,False
eps_growth_q0,HIGH,6,mst,13-24,win_50,10,0.6974087489551407,1005,0.10037954454654414,156,0.15522388059701492,0.15191769876148623,1.021762979971935,0.8830627225265082,1.1777467522678777,0.40606060606060607,10,True,False,holdout,False
eps_growth_q0,HIGH,6,mst,13-24,win_100,10,0.6974087489551407,1005,0.10037954454654414,29,0.028855721393034824,0.028765481422293248,1.0031370923161966,0.7010225371848606,1.429985845103604,,0,False,False,holdout,False
eps_growth_q0,HIGH,6,mst,13-24,launch_300,10,0.6974087489551407,1005,0.10037954454654414,16,0.015920398009950248,0.011885737115461446,1.3394539905514444,0.826453635813208,2.162620156866042,,0,False,False,holdout,False
eps_growth_q0,HIGH,12,all,ALL,win_50,10,0.6499523922153692,10730,0.10012130260334048,1918,0.1787511649580615,0.16182700382569748,1.1045818110220522,1.060496595481279,1.150087920222143,-0.23636363636363636,10,True,False,holdout,False
eps_growth_q0,HIGH,12,all,ALL,win_100,10,0.6499523922153692,10730,0.10012130260334048,607,0.05657036346691519,0.04755062050947093,1.1896871767561423,1.1010538451732652,1.2849953279814155,-0.3212121212121212,10,True,False,holdout,False
eps_growth_q0,HIGH,12,all,ALL,launch_300,10,0.6444041395497706,9072,0.10013245033112583,80,0.008818342151675485,0.008885209713024282,0.9924742843997503,0.7981370343617752,1.2336080742086508,,2,False,False,holdout,False
eps_growth_q0,HIGH,12,drawdown,0-10,win_50,10,0.6679700049364916,8535,0.10012082536628855,1579,0.18500292911540714,0.16506152709186248,1.1208119322223802,1.0717665809979742,1.1715743530145053,-0.28484848484848485,10,True,False,holdout,False
eps_growth_q0,HIGH,12,drawdown,0-10,win_100,10,0.6679700049364916,8535,0.10012082536628855,505,0.05916813122437024,0.04863514258566284,1.2165715587274217,1.1176725658395288,1.3236260409515164,-0.40606060606060607,10,True,False,holdout,False
eps_growth_q0,HIGH,12,drawdown,0-10,launch_300,10,0.6646568660659847,6877,0.10013541651499046,67,0.009742620328631671,0.008692866607452276,1.1207603623273656,0.8834175506607667,1.421074923240308,,2,False,False,holdout,False
eps_growth_q0,HIGH,12,drawdown,10-20,win_50,10,0.5924360080529192,2062,0.10010194669644157,313,0.15179437439379243,0.1493761833098694,1.0161885986797954,0.9168476414475476,1.1241988476949676,0.16363636363636364,10,True,False,holdout,False
eps_growth_q0,HIGH,12,drawdown,10-20,win_100,10,0.5924360080529192,2062,0.10010194669644157,100,0.04849660523763336,0.04456527015874557,1.088215219270163,0.8983458257108999,1.3157631186488932,,2,True,False,holdout,False
eps_growth_q0,HIGH,12,drawdown,10-20,launch_300,10,0.5924360080529192,2062,0.10010194669644157,12,0.005819592628516004,0.009417932909364532,0.6179267451278411,0.35381429706511247,1.0771849562032607,,0,False,False,holdout,False
eps_growth_q0,HIGH,12,drawdown,20-30,win_50,10,0.5300240192153723,133,0.10045317220543806,26,0.19548872180451127,0.1472809667673716,1.3273182957393483,0.9304925996505067,1.840226088829022,,0,False,False,holdout,False
eps_growth_q0,HIGH,12,drawdown,20-30,win_100,10,0.5300240192153723,133,0.10045317220543806,2,0.015037593984962405,0.02416918429003021,0.6221804511278195,0.17102705570833188,2.199894475426906,,0,False,False,holdout,False
eps_growth_q0,HIGH,12,drawdown,20-30,launch_300,10,0.5300240192153723,133,0.10045317220543806,1,0.007518796992481203,0.010574018126888218,0.711063372717508,0.12563696950485434,3.911407913395985,,0,False,False,holdout,False
eps_growth_q0,HIGH,12,mst,0-12,win_50,10,0.6449217115184046,9719,0.10011124616303743,1758,0.1808828068731351,0.16217218433901237,1.1153750417211448,1.068967304870622,1.1633376941596667,-0.23636363636363636,10,True,False,holdout,False
eps_growth_q0,HIGH,12,mst,0-12,win_100,10,0.6449217115184046,9719,0.10011124616303743,572,0.058853791542339745,0.04913372200819925,1.1978288869000897,1.1060990873482945,1.296653416362944,-0.3212121212121212,10,True,False,holdout,False
eps_growth_q0,HIGH,12,mst,0-12,launch_300,10,0.6377743803420496,8061,0.10012172098569157,68,0.008435677955588637,0.008272058823529412,1.0197797350756042,0.8051306902184613,1.2910392929055603,,2,False,False,holdout,False
eps_growth_q0,HIGH,12,mst,13-24,win_50,10,0.7027027027027027,1011,0.10021808088818399,160,0.1582591493570722,0.15850515463917525,0.9984479666755124,0.8647038133032449,1.148514425073188,-0.2606060606060606,10,True,False,holdout,False
eps_growth_q0,HIGH,12,mst,13-24,win_100,10,0.7027027027027027,1011,0.10021808088818399,35,0.03461918892185954,0.03231562252180809,1.07128336761877,0.7735004940926283,1.4780906973754342,,0,False,False,holdout,False
eps_growth_q0,HIGH,12,mst,13-24,launch_300,10,0.7027027027027027,1011,0.10021808088818399,12,0.011869436201780416,0.013778747026169706,0.861430736716265,0.49370798641765085,1.4973506986575162,,0,False,False,holdout,False
rev_growth_accel,HIGH,0,all,ALL,win_50,10,0.899035108466908,14849,0.10016796972497487,2924,0.19691561721328035,0.17068827112607174,1.1536564048260638,1.1166448547587984,1.1915864493053363,-0.11515151515151516,10,True,False,holdout,False
rev_growth_accel,HIGH,0,all,ALL,win_100,10,0.899035108466908,14849,0.10016796972497487,1206,0.08121759041012863,0.05663075667325504,1.434160431207609,1.35847435130624,1.5136716984169216,-0.10303030303030303,10,True,False,holdout,False
rev_growth_accel,HIGH,0,all,ALL,launch_300,10,0.893189658238202,12579,0.10016881937919062,264,0.020987359885523492,0.012072178247782254,1.73848989426403,1.5427846698757974,1.9584226293692781,0.05,9,True,False,holdout,True
rev_growth_accel,HIGH,0,drawdown,0-10,win_50,10,0.9045454901622774,11563,0.10016545534871231,2327,0.2012453515523653,0.17476762619218808,1.1515024603644857,1.110259294352494,1.1938810687185273,-0.22424242424242424,10,True,False,holdout,False
rev_growth_accel,HIGH,0,drawdown,0-10,win_100,10,0.9045454901622774,11563,0.10016545534871231,972,0.08406122978465796,0.05871499233361342,1.4316825472279626,1.347879372049509,1.52019107092472,-0.2727272727272727,10,True,False,holdout,False
rev_growth_accel,HIGH,0,drawdown,0-10,launch_300,10,0.8978872898661531,9293,0.10016599120462188,202,0.021736791133110944,0.011856514615848926,1.833320485605001,1.599427881867368,2.1005481071942893,,4,True,False,holdout,True
rev_growth_accel,HIGH,0,drawdown,10-20,win_50,10,0.8815933275812482,3071,0.10018595243532444,556,0.181048518397916,0.15691775682641176,1.1537796745221038,1.0695475122736144,1.243090576874925,0.006060606060606061,10,True,False,holdout,False
rev_growth_accel,HIGH,0,drawdown,10-20,win_100,10,0.8815933275812482,3071,0.10018595243532444,228,0.0742429176164116,0.050761752520144844,1.4625759342518412,1.2902063186713555,1.6559025313346485,-0.09090909090909091,10,True,False,holdout,False
rev_growth_accel,HIGH,0,drawdown,10-20,launch_300,10,0.8815933275812482,3071,0.10018595243532444,59,0.019211983067404754,0.012690438130036211,1.513894388085239,1.1759812971919799,1.946470525060877,,0,False,False,holdout,False
rev_growth_accel,HIGH,0,drawdown,20-30,win_50,10,0.8602882305844676,215,0.10004653327128897,41,0.19069767441860466,0.14797580269892974,1.2887084978791867,0.971751835712453,1.6790470789479384,,0,False,False,holdout,False
rev_growth_accel,HIGH,0,drawdown,20-30,win_100,10,0.8602882305844676,215,0.10004653327128897,6,0.027906976744186046,0.028385295486272687,0.9831490659550133,0.4527500841716738,2.0974376561200705,,0,False,False,holdout,False
rev_growth_accel,HIGH,0,drawdown,20-30,launch_300,10,0.8602882305844676,215,0.10004653327128897,3,0.013953488372093023,0.012563983248022336,1.110594315245478,0.37858933723661475,3.200747189123439,,0,False,False,holdout,False
rev_growth_accel,HIGH,0,mst,0-12,win_50,10,0.8953651358838262,13501,0.10016916205428024,2660,0.19702244278201614,0.1708239972696651,1.153365135643055,1.1145961210722388,1.1931431667276653,-0.22424242424242424,10,True,False,holdout,False
rev_growth_accel,HIGH,0,mst,0-12,win_100,10,0.8953651358838262,13501,0.10016916205428024,1108,0.08206799496333606,0.057789615824071466,1.4201166384835486,1.3420449281808922,1.5023026162149646,-0.21212121212121213,10,True,False,holdout,False
rev_growth_accel,HIGH,0,mst,0-12,launch_300,10,0.8881486703792013,11231,0.10017035471240379,205,0.018253049594871337,0.011166706802593672,1.6345955810921562,1.4271863312147053,1.8715069422746449,0.2,6,True,False,holdout,True
rev_growth_accel,HIGH,0,mst,13-24,win_50,10,0.937517414321538,1348,0.10015602942269114,264,0.19584569732937684,0.16932907348242812,1.1565981747942444,1.0366642822753562,1.286740588996314,0.296969696969697,10,True,False,holdout,False
rev_growth_accel,HIGH,0,mst,13-24,win_100,10,0.937517414321538,1348,0.10015602942269114,98,0.07270029673590504,0.045025633405156404,1.6146423989579965,1.3330296407815982,1.9501904676374904,,0,False,False,holdout,False
rev_growth_accel,HIGH,0,mst,13-24,launch_300,10,0.937517414321538,1348,0.10015602942269114,59,0.04376854599406528,0.01961512742402853,2.2313668959625934,1.737569637371731,2.857352909757835,,0,False,False,holdout,False
rev_growth_accel,HIGH,3,all,ALL,win_50,10,0.8888464360873072,14689,0.10022447990938926,2888,0.19660970794472055,0.17012029120980343,1.1557099188259008,1.1183982769120568,1.1939540974874379,0.07878787878787878,10,True,False,holdout,False
rev_growth_accel,HIGH,3,all,ALL,win_100,10,0.8888464360873072,14689,0.10022447990938926,1140,0.07760909524133705,0.05608586185956701,1.3837550617598053,1.3085632268856218,1.4628849495928489,0.09090909090909091,10,True,False,holdout,False
rev_growth_accel,HIGH,3,all,ALL,launch_300,10,0.8816814253707458,12423,0.10021781219748306,238,0.019158013362311842,0.011882865440464666,1.612238517577852,1.4215370712600623,1.827957620694973,0.11904761904761904,8,True,False,holdout,True
rev_growth_accel,HIGH,3,drawdown,0-10,win_50,10,0.8970467242851882,11474,0.100225362939152,2295,0.20001743071291617,0.17442043290648312,1.1467545824757646,1.105370181761876,1.189290219882734,-0.06666666666666667,10,True,False,holdout,False
rev_growth_accel,HIGH,3,drawdown,0-10,win_100,10,0.8970467242851882,11474,0.100225362939152,933,0.08131427575387834,0.05833231425027515,1.393983365806454,1.3106332268868937,1.4821379683474807,0.09090909090909091,10,True,False,holdout,False
rev_growth_accel,HIGH,3,drawdown,0-10,launch_300,10,0.8892254686577564,9208,0.10021658449516221,187,0.02030842745438749,0.011863170840543747,1.7118886448959423,1.4853613104620313,1.9721401309837077,0.0,5,True,False,holdout,True
rev_growth_accel,HIGH,3,drawdown,10-20,win_50,10,0.8618349151567444,3003,0.10021357538543683,547,0.18215118215118214,0.15537609290529267,1.1723243823759286,1.0861100192529323,1.2637657401885964,0.6242424242424243,10,True,False,holdout,False
rev_growth_accel,HIGH,3,drawdown,10-20,win_100,10,0.8618349151567444,3003,0.10021357538543683,197,0.0656010656010656,0.04945605019021558,1.3264517758444883,1.1583869703695548,1.5169597915483883,0.17575757575757575,10,True,False,holdout,False
rev_growth_accel,HIGH,3,drawdown,10-20,launch_300,10,0.8618349151567444,3003,0.10021357538543683,45,0.014985014985014986,0.011946873122872589,1.2543043548630142,0.9390022536766564,1.673339365777757,,0,False,False,holdout,False
rev_growth_accel,HIGH,3,drawdown,20-30,win_50,10,0.8458767013610888,212,0.10033128253667771,46,0.2169811320754717,0.14623757690487457,1.4837577089821092,1.140600989251594,1.8958030866200584,,0,False,False,holdout,False
rev_growth_accel,HIGH,3,drawdown,20-30,win_100,10,0.8458767013610888,212,0.10033128253667771,10,0.04716981132075472,0.02839564600094652,1.6611635220125789,0.9093142736611421,2.980655311521266,,0,False,False,holdout,False
rev_growth_accel,HIGH,3,drawdown,20-30,launch_300,10,0.8458767013610888,212,0.10033128253667771,6,0.02830188679245283,0.011831519167061051,2.392075471698113,1.10165027484995,5.1016070214394045,,0,False,False,holdout,False
rev_growth_accel,HIGH,3,mst,0-12,win_50,10,0.8848159539768689,13350,0.10022974007838191,2625,0.19662921348314608,0.17017283060798535,1.1554677252569556,1.1163643209189074,1.195596789795034,0.07878787878787878,10,True,False,holdout,False
rev_growth_accel,HIGH,3,mst,0-12,win_100,10,0.8848159539768689,13350,0.10022974007838191,1051,0.07872659176029963,0.05716473715032209,1.3771880303285196,1.2993752663769385,1.459240696139377,0.09090909090909091,10,True,False,holdout,False
rev_growth_accel,HIGH,3,mst,0-12,launch_300,10,0.8760604884385966,11084,0.10022334144114003,185,0.016690725369902563,0.010950060130388,1.5242587868155524,1.3212479729562776,1.7578531441505219,0.02857142857142857,6,True,False,holdout,True
rev_growth_accel,HIGH,3,mst,13-24,win_50,10,0.9311089439955419,1339,0.10017206553452532,263,0.1964152352501867,0.169596768160395,1.1581307673529975,1.0378554267520623,1.2886476144359813,0.5151515151515151,10,True,False,holdout,False
rev_growth_accel,HIGH,3,mst,13-24,win_100,10,0.9311089439955419,1339,0.10017206553452532,89,0.06646751306945482,0.04533552779232438,1.466124170296044,1.1983321880118158,1.7886283823148408,,0,False,False,holdout,False
rev_growth_accel,HIGH,3,mst,13-24,launch_300,10,0.9311089439955419,1339,0.10017206553452532,53,0.039581777445855115,0.01960050871549338,2.0194260271707836,1.5503548586564946,2.622893276430188,,0,False,False,holdout,False
rev_growth_accel,HIGH,6,all,ALL,win_50,10,0.8783787881544555,14513,0.10020368004971174,2776,0.19127678632949768,0.16974488210722546,1.1268486210304167,1.089635066377043,1.1650247331081776,0.1393939393939394,10,True,False,holdout,False
rev_growth_accel,HIGH,6,all,ALL,win_100,10,0.8783787881544555,14513,0.10020368004971174,1141,0.07861916902087783,0.055704767494044946,1.4113544056939564,1.3347341056185307,1.491978174678104,0.04242424242424243,10,True,False,holdout,False
rev_growth_accel,HIGH,6,all,ALL,launch_300,10,0.8700024894199652,12255,0.10018966954986183,217,0.01770705834353325,0.01170718945698916,1.5124943871957404,1.32556830275896,1.7252392099385143,-0.16666666666666666,8,True,False,holdout,True
rev_growth_accel,HIGH,6,drawdown,0-10,win_50,10,0.8870013555762767,11344,0.10021201413427562,2186,0.19270098730606489,0.1741696113074205,1.106398446086759,1.0653257770867557,1.1486656578655088,-0.09090909090909091,10,True,False,holdout,False
rev_growth_accel,HIGH,6,drawdown,0-10,win_100,10,0.8870013555762767,11344,0.10021201413427562,942,0.0830394922425952,0.05803886925795053,1.430756548228581,1.3456784677010418,1.5206985765526915,-0.04242424242424243,10,True,False,holdout,False
rev_growth_accel,HIGH,6,drawdown,0-10,launch_300,10,0.8776312096547852,9086,0.10019518542615485,171,0.0188201628879595,0.011744207844910292,1.6025059447594658,1.3813256992474334,1.8583162761230796,,4,True,False,holdout,True
rev_growth_accel,HIGH,6,drawdown,10-20,win_50,10,0.8497267759562842,2960,0.10018615671010324,550,0.1858108108108108,0.15451006938568285,1.2025805926408337,1.1145499418467368,1.2958823969635993,0.6121212121212121,10,True,False,holdout,False
rev_growth_accel,HIGH,6,drawdown,10-20,win_100,10,0.8497267759562842,2960,0.10018615671010324,192,0.06486486486486487,0.048671518023354204,1.3327068375747098,1.16175167438434,1.5268370398916928,0.13333333333333333,9,True,False,holdout,False
rev_growth_accel,HIGH,6,drawdown,10-20,launch_300,10,0.8497267759562842,2960,0.10018615671010324,44,0.014864864864864866,0.01157556270096463,1.2841591591591592,0.9582166482310437,1.718742189400057,,0,False,False,holdout,False
rev_growth_accel,HIGH,6,drawdown,20-30,win_50,10,0.8366693354683747,209,0.1,40,0.19138755980861244,0.14545454545454545,1.3157894736842106,0.9887252580095243,1.7194408710827414,,0,False,False,holdout,False
rev_growth_accel,HIGH,6,drawdown,20-30,win_100,10,0.8366693354683747,209,0.1,7,0.03349282296650718,0.028708133971291867,1.1666666666666667,0.5683708376732287,2.351537189793115,,0,False,False,holdout,False
rev_growth_accel,HIGH,6,drawdown,20-30,launch_300,10,0.8366693354683747,209,0.1,2,0.009569377990430622,0.011961722488038277,0.7999999999999999,0.2197177978424528,2.8602552765854514,,0,False,False,holdout,False
rev_growth_accel,HIGH,6,mst,0-12,win_50,10,0.8743597749330712,13189,0.10020513599756876,2509,0.1902342861475472,0.16978422732107581,1.120447341600222,1.081528763155392,1.1604284075836957,0.10303030303030303,10,True,False,holdout,False
rev_growth_accel,HIGH,6,mst,0-12,win_100,10,0.8743597749330712,13189,0.10020513599756876,1047,0.07938433543104102,0.0568302689560857,1.396867142972409,1.3178217044847145,1.480222743248275,-0.04242424242424243,10,True,False,holdout,False
rev_growth_accel,HIGH,6,mst,0-12,launch_300,10,0.8642574798596313,10931,0.10018972897170564,159,0.014545787210685206,0.010769639698266775,1.3506289549339474,1.1574972351928727,1.575431603044727,-0.37142857142857144,6,True,False,holdout,False
rev_growth_accel,HIGH,6,mst,13-24,win_50,10,0.9205210365004179,1324,0.10018917896329928,267,0.20166163141993956,0.16935300794551647,1.190776791427391,1.0683367986685308,1.3234096464577658,0.6242424242424243,10,True,False,holdout,False
rev_growth_accel,HIGH,6,mst,13-24,win_100,10,0.9205210365004179,1324,0.10018917896329928,94,0.07099697885196375,0.04449489216799092,1.5956208767494915,1.3118124529047077,1.9352159338232113,,0,False,False,holdout,False
rev_growth_accel,HIGH,6,mst,13-24,launch_300,10,0.9205210365004179,1324,0.10018917896329928,58,0.04380664652567976,0.019447597427166098,2.2525479915831053,1.7503112467752278,2.890510707540507,,0,False,False,holdout,False
rev_growth_accel,HIGH,12,all,ALL,win_50,10,0.8569886408432339,14161,0.10021371755314631,2546,0.17978956288397713,0.1685184136779234,1.0668837841518937,1.0298689143730897,1.1049292834744793,-0.47878787878787876,10,True,False,holdout,False
rev_growth_accel,HIGH,12,all,ALL,win_100,10,0.8569886408432339,14161,0.10021371755314631,1021,0.07209942800649671,0.05505703852577349,1.3095406134629868,1.2342543698512332,1.3890423123530637,-0.296969696969697,10,True,False,holdout,False
rev_growth_accel,HIGH,12,all,ALL,launch_300,10,0.8466019417475729,11927,0.1002033135060658,160,0.013414940890416702,0.011350270524582451,1.181904947671739,1.013312141930727,1.3781040193088794,-0.2857142857142857,7,True,False,holdout,False
rev_growth_accel,HIGH,12,drawdown,0-10,win_50,10,0.8647401289756388,11060,0.10021837820204968,2084,0.18842676311030743,0.17305339845413606,1.0888359592674843,1.0473498520847029,1.131572326212796,-0.3939393939393939,10,True,False,holdout,False
rev_growth_accel,HIGH,12,drawdown,0-10,win_100,10,0.8647401289756388,11060,0.10021837820204968,844,0.07631103074141049,0.05738544205728577,1.3297977327635118,1.2461146720234977,1.4186078212351383,-0.17575757575757575,10,True,False,holdout,False
rev_growth_accel,HIGH,12,drawdown,0-10,launch_300,10,0.8524296650439865,8826,0.10020549733761737,115,0.013029685021527305,0.011330737179123288,1.1499415100311658,0.9590506149450004,1.3782277549798667,-0.9,5,True,False,holdout,False
rev_growth_accel,HIGH,12,drawdown,10-20,win_50,10,0.8313201035375324,2896,0.10019027849852967,435,0.150207182320442,0.1528801245459263,0.9825160907382612,0.9004357315261979,1.070658392133427,-0.6484848484848484,10,True,False,holdout,False
rev_growth_accel,HIGH,12,drawdown,10-20,win_100,10,0.8313201035375324,2896,0.10019027849852967,169,0.05835635359116022,0.047984777720117625,1.2161430429361832,1.0501125812871186,1.406558373735196,-0.296969696969697,10,True,False,holdout,False
rev_growth_accel,HIGH,12,drawdown,10-20,launch_300,10,0.8313201035375324,2896,0.10019027849852967,42,0.014502762430939226,0.011347517730496455,1.2780559392265192,0.9471131532878758,1.7223529791470165,,0,False,False,holdout,False
rev_growth_accel,HIGH,12,drawdown,20-30,win_50,10,0.8182546036829463,205,0.10029354207436399,27,0.13170731707317074,0.14481409001956946,0.9094924192485169,0.6361226308318653,1.2764225359899326,,0,False,False,holdout,False
rev_growth_accel,HIGH,12,drawdown,20-30,win_100,10,0.8182546036829463,205,0.10029354207436399,8,0.03902439024390244,0.029354207436399216,1.3294308943089432,0.6780844512410176,2.558496874661704,,0,False,False,holdout,False
rev_growth_accel,HIGH,12,drawdown,20-30,launch_300,10,0.8182546036829463,205,0.10029354207436399,3,0.014634146341463415,0.01223091976516634,1.196487804878049,0.4079163420095472,3.444947368313944,,0,False,False,holdout,False
rev_growth_accel,HIGH,12,mst,0-12,win_50,10,0.85532740329363,12902,0.10020581724981555,2329,0.1805146488916447,0.16892547862218943,1.0686052238181019,1.0298827675135576,1.108453569315869,-0.3939393939393939,10,True,False,holdout,False
rev_growth_accel,HIGH,12,mst,0-12,win_100,10,0.85532740329363,12902,0.10020581724981555,965,0.07479460548752132,0.05645605995883655,1.3248286462437484,1.2466498380456652,1.4074910668136715,-0.296969696969697,10,True,False,holdout,False
rev_growth_accel,HIGH,12,mst,0-12,launch_300,10,0.8434398244599529,10668,0.10019253345855834,141,0.013217097862767153,0.010509509274477576,1.257632256423711,1.0674623390372189,1.4811478629814563,-0.6,5,True,False,holdout,False
rev_growth_accel,HIGH,12,mst,13-24,win_50,10,0.8744079130677069,1259,0.10029475025890225,217,0.17235901509134233,0.1643431848960408,1.0487749473783907,0.9279409333374012,1.1817379301640176,0.11515151515151516,10,True,False,holdout,False
rev_growth_accel,HIGH,12,mst,13-24,win_100,10,0.8744079130677069,1259,0.10029475025890225,56,0.04447974583002383,0.04070740062136541,1.0926697640005658,0.8453230846083581,1.4080952092367023,,0,False,False,holdout,False
rev_growth_accel,HIGH,12,mst,13-24,launch_300,10,0.8744079130677069,1259,0.10029475025890225,19,0.015091342335186657,0.01848163785549271,0.8165587083344746,0.5238920980296191,1.2688488209232807,,0,False,False,holdout,False
op_margin_delta,HIGH,0,all,ALL,win_50,10,0.93238481645228,15404,0.1001951346429036,3157,0.2049467670734874,0.17088591127878236,1.1993192741275105,1.1624489194807006,1.2370505799082963,0.296969696969697,10,True,False,holdout,False
op_margin_delta,HIGH,0,all,ALL,win_100,10,0.93238481645228,15404,0.1001951346429036,1348,0.08750973773045963,0.057031351632626515,1.5344145847035655,1.457961193627548,1.6144744631827916,0.2,10,True,False,holdout,True
op_margin_delta,HIGH,0,all,ALL,launch_300,10,0.9296774422988016,13096,0.1001927961563179,324,0.02474037874160049,0.012256327080209321,2.018580165141771,1.8126244068310815,2.247278031587425,0.03571428571428571,7,True,False,holdout,True
op_margin_delta,HIGH,0,drawdown,0-10,win_50,10,0.930818595685663,11903,0.10020035019193212,2527,0.2122994203142065,0.17501178530540779,1.2130578517539787,1.17161500559053,1.2555614235296626,0.17575757575757575,10,True,False,holdout,False
op_margin_delta,HIGH,0,drawdown,0-10,win_100,10,0.930818595685663,11903,0.10020035019193212,1092,0.09174157775350752,0.059170651222304534,1.5504574625828234,1.4650295539543134,1.6403374046475205,0.22424242424242424,10,True,False,holdout,True
op_margin_delta,HIGH,0,drawdown,0-10,launch_300,10,0.9267664792358241,9595,0.1001984126984127,240,0.02501302761855133,0.012019632414369257,2.0810143568657473,1.8364343911717993,2.357224226863032,,4,True,False,holdout,True
op_margin_delta,HIGH,0,drawdown,10-20,win_50,10,0.9383376473971815,3268,0.1001655121682094,585,0.17900856793145656,0.15745111260957517,1.1369152301599577,1.0558463808458882,1.222771280222848,0.17575757575757575,10,True,False,holdout,False
op_margin_delta,HIGH,0,drawdown,10-20,win_100,10,0.9383376473971815,3268,0.1001655121682094,243,0.07435740514075888,0.05112486973579354,1.4544272782508387,1.2880965081246014,1.6403080501448624,0.24848484848484848,10,True,False,holdout,False
op_margin_delta,HIGH,0,drawdown,10-20,launch_300,10,0.9383376473971815,3268,0.1001655121682094,78,0.02386780905752754,0.012873168638509165,1.8540741388354607,1.4889040097778172,2.306095507131963,,0,False,False,holdout,False
op_margin_delta,HIGH,0,drawdown,20-30,win_50,10,0.9295436349079264,233,0.10034453057708871,45,0.19313304721030042,0.14857881136950904,1.2998693786154132,0.993344379380619,1.673392356192229,,0,False,False,holdout,False
op_margin_delta,HIGH,0,drawdown,20-30,win_100,10,0.9295436349079264,233,0.10034453057708871,13,0.055793991416309016,0.0305770887166236,1.8246992685728105,1.075733817706566,3.0449205672963853,,0,False,False,holdout,False
op_margin_delta,HIGH,0,drawdown,20-30,launch_300,10,0.9295436349079264,233,0.10034453057708871,6,0.02575107296137339,0.013350559862187769,1.9288384327841617,0.8879182956998858,4.122084502349252,,0,False,False,holdout,False
op_margin_delta,HIGH,0,mst,0-12,win_50,10,0.930633150206267,14037,0.10019915626271494,2846,0.20274987532948635,0.1709317515043793,1.1861451927162394,1.1477129734644125,1.2255289635851507,-0.01818181818181818,10,True,False,holdout,False
op_margin_delta,HIGH,0,mst,0-12,win_100,10,0.930633150206267,14037,0.10019915626271494,1220,0.0869131580822113,0.058155056356225594,1.4945073313974546,1.4163031007733373,1.5765983149070186,0.09090909090909091,10,True,False,holdout,False
op_margin_delta,HIGH,0,mst,0-12,launch_300,10,0.9272807927819453,11729,0.10019733638592504,258,0.02199676016710717,0.011370334617586004,1.9345745667929362,1.7145215013541346,2.182156007296261,-0.1,5,True,False,holdout,True
op_margin_delta,HIGH,0,mst,13-24,win_50,10,0.950752298690443,1367,0.10015385742545241,311,0.22750548646671542,0.1704154150487215,1.3350053244987958,1.2091856177470341,1.4697866783936817,0.6606060606060606,10,True,False,holdout,False
op_margin_delta,HIGH,0,mst,13-24,win_100,10,0.950752298690443,1367,0.10015385742545241,128,0.0936356986100951,0.0454978386694996,2.0580252018183383,1.7431806780041261,2.422926600956398,,2,True,False,holdout,True
op_margin_delta,HIGH,0,mst,13-24,launch_300,10,0.950752298690443,1367,0.10015385742545241,66,0.048280907095830286,0.01985493442743058,2.4316830293394376,1.920376616588467,3.070497885587323,,0,False,False,holdout,False
op_margin_delta,HIGH,3,all,ALL,win_50,10,0.9228511301542249,15247,0.10019846485463435,3142,0.20607332590017707,0.17072577677304032,1.2070428367365236,1.1698726613445913,1.245080317989571,0.2606060606060606,10,True,False,holdout,False
op_margin_delta,HIGH,3,all,ALL,win_100,10,0.9228511301542249,15247,0.10019846485463435,1333,0.08742703482652325,0.05679906419220861,1.5392337192505368,1.462116759121355,1.6200099283908727,0.18787878787878787,10,True,False,holdout,True
op_margin_delta,HIGH,3,all,ALL,launch_300,10,0.9191294142750454,12947,0.10018959179725286,280,0.02162663165212018,0.012211259431224608,1.77104022512372,1.5771748229073441,1.9881455529505903,-0.047619047619047616,8,True,False,holdout,True
op_margin_delta,HIGH,3,drawdown,0-10,win_50,10,0.9233903511177628,11807,0.10019177896201759,2517,0.21317862285085118,0.17494314517497708,1.2185594504867923,1.1768690970033453,1.2613163016900935,0.23636363636363636,10,True,False,holdout,False
op_margin_delta,HIGH,3,drawdown,0-10,win_100,10,0.9233903511177628,11807,0.10019177896201759,1070,0.09062420597950369,0.05895930212823733,1.5370637492010122,1.4514819884184194,1.6271621467975503,0.07878787878787878,10,True,False,holdout,True
op_margin_delta,HIGH,3,drawdown,0-10,launch_300,10,0.9184530664782681,9507,0.10017808031527592,201,0.021142316188071948,0.01197036912150557,1.7662209054262463,1.5403108257384244,2.0244461339277944,,4,True,False,holdout,True
op_margin_delta,HIGH,3,drawdown,10-20,win_50,10,0.9208800690250216,3209,0.10022174333989194,584,0.18198815830476783,0.15687560510946624,1.1600794028987382,1.0774235406787926,1.2475828426869424,0.3575757575757576,10,True,False,holdout,False
op_margin_delta,HIGH,3,drawdown,10-20,win_100,10,0.9208800690250216,3209,0.10022174333989194,252,0.07852913680274229,0.05071988506824073,1.5482909059649048,1.3745651807810588,1.741887926807304,0.2727272727272727,10,True,False,holdout,True
op_margin_delta,HIGH,3,drawdown,10-20,launch_300,10,0.9208800690250216,3209,0.10022174333989194,72,0.02243689622935494,0.012836128548674225,1.7479488573423743,1.3910061542477143,2.1938595132847296,,0,False,False,holdout,False
op_margin_delta,HIGH,3,drawdown,20-30,win_50,10,0.922738190552442,231,0.1002169197396963,41,0.1774891774891775,0.1475054229934924,1.2032722179781006,0.905821368344513,1.5722529845044522,,0,False,False,holdout,False
op_margin_delta,HIGH,3,drawdown,20-30,win_100,10,0.922738190552442,231,0.1002169197396963,11,0.047619047619047616,0.030802603036876357,1.5459423205902076,0.8698872324951367,2.702469655060155,,0,False,False,holdout,False
op_margin_delta,HIGH,3,drawdown,20-30,launch_300,10,0.922738190552442,231,0.1002169197396963,7,0.030303030303030304,0.013449023861171366,2.2531769305962857,1.0970908319707302,4.551821433280758,,0,False,False,holdout,False
op_margin_delta,HIGH,3,mst,0-12,win_50,10,0.9203031893339002,13881,0.10019778252584166,2833,0.20409192421295297,0.170785932898308,1.1950160106832484,1.1562397087159475,1.2347510286627106,0.15151515151515152,10,True,False,holdout,False
op_margin_delta,HIGH,3,mst,0-12,win_100,10,0.9203031893339002,13881,0.10019778252584166,1198,0.08630502125207118,0.05791996304209736,1.4900738315275341,1.4113824691144972,1.5727173786438606,0.030303030303030304,10,True,False,holdout,False
op_margin_delta,HIGH,3,mst,0-12,launch_300,10,0.9156678997774064,11581,0.10018772763056587,218,0.018823935756843106,0.011332866177017639,1.6610039740005842,1.4562600429719428,1.8939058103861435,,4,True,False,holdout,True
op_margin_delta,HIGH,3,mst,13-24,win_50,10,0.9495681248258567,1366,0.10020539906103286,309,0.22620790629575402,0.1701144366197183,1.3297396199326084,1.2039368296652873,1.4645692474003156,0.7454545454545455,10,True,False,holdout,False
op_margin_delta,HIGH,3,mst,13-24,win_100,10,0.9495681248258567,1366,0.10020539906103286,135,0.09882869692532943,0.04540786384976526,2.176466553289323,1.852323116550065,2.5501612458763665,,2,True,False,holdout,True
op_margin_delta,HIGH,3,mst,13-24,launch_300,10,0.9495681248258567,1366,0.10020539906103286,62,0.04538799414348463,0.01965962441314554,2.308690806582024,1.8091119902701773,2.937964123905916,,0,False,False,holdout,False
op_margin_delta,HIGH,6,all,ALL,win_50,10,0.9130991151623213,15090,0.10022582359192349,3086,0.2045062955599735,0.17071599362380446,1.1979328428397311,1.1606790951065586,1.2360676403040562,0.34545454545454546,10,True,False,holdout,False
op_margin_delta,HIGH,6,all,ALL,win_100,10,0.9130991151623213,15090,0.10022582359192349,1299,0.08608349900596421,0.056734856535600425,1.5172947331231528,1.4402597242321975,1.5980432911929205,0.11515151515151516,10,True,False,holdout,True
op_margin_delta,HIGH,6,all,ALL,launch_300,10,0.9083751200256055,12799,0.10021689256379539,259,0.02023595593405735,0.012136587504795909,1.6673513807782363,1.4778974235077198,1.8805273173242418,-0.10714285714285714,7,True,False,holdout,True
op_margin_delta,HIGH,6,drawdown,0-10,win_50,10,0.9162990416937651,11721,0.10023174475581285,2496,0.21295111338622985,0.17480908849913201,1.2181924590682094,1.1763362636455477,1.2611246514995722,0.04242424242424243,10,True,False,holdout,False
op_margin_delta,HIGH,6,drawdown,0-10,win_100,10,0.9162990416937651,11721,0.10023174475581285,1076,0.09180104086682024,0.058842644455656366,1.5601107277903055,1.473533274851279,1.6512338613229813,0.10303030303030303,10,True,False,holdout,True
op_margin_delta,HIGH,6,drawdown,0-10,launch_300,10,0.9106235543468794,9430,0.10022106023891511,186,0.019724284199363732,0.011860732049483484,1.6629904559915165,1.4423312243949131,1.9166271128232486,,4,True,False,holdout,True
op_margin_delta,HIGH,6,drawdown,10-20,win_50,10,0.9036525740580961,3148,0.10019096117122851,559,0.17757306226175348,0.15706556333545513,1.130566487591549,1.048089684774893,1.2180472312069175,0.5151515151515151,10,True,False,holdout,False
op_margin_delta,HIGH,6,drawdown,10-20,win_100,10,0.9036525740580961,3148,0.10019096117122851,214,0.06797966963151207,0.050795671546785486,1.3382965036479382,1.1753540392653974,1.521970877276895,0.2,10,True,False,holdout,False
op_margin_delta,HIGH,6,drawdown,10-20,launch_300,10,0.9036525740580961,3148,0.10019096117122851,68,0.021601016518424398,0.012921705919796309,1.6716845788396417,1.3214519574718064,2.1121640842607663,,0,False,False,holdout,False
op_margin_delta,HIGH,6,drawdown,20-30,win_50,10,0.8811048839071257,221,0.1004089050431622,31,0.14027149321266968,0.1481144934120854,0.9470477195125337,0.6792836166520807,1.2978020751645523,,0,False,False,holdout,False
op_margin_delta,HIGH,6,drawdown,20-30,win_100,10,0.8811048839071257,221,0.1004089050431622,9,0.04072398190045249,0.029532030895047707,1.378976679429168,0.7304112554476015,2.558952741943894,,0,False,False,holdout,False
op_margin_delta,HIGH,6,drawdown,20-30,launch_300,10,0.8811048839071257,221,0.1004089050431622,5,0.02262443438914027,0.012721490231712857,1.7784421460892048,0.7626166077848425,4.076515556927395,,0,False,False,holdout,False
op_margin_delta,HIGH,6,mst,0-12,win_50,10,0.9100130868314589,13730,0.10022848883470695,2782,0.2026219956300073,0.17076072912028148,1.1865842730577894,1.1477007165777047,1.2264420449527549,0.1393939393939394,10,True,False,holdout,False
op_margin_delta,HIGH,6,mst,0-12,win_100,10,0.9100130868314589,13730,0.10022848883470695,1171,0.08528769118718135,0.057859504916524925,1.4740480636712607,1.3952928220867535,1.5568129543535418,-0.09090909090909091,10,True,False,holdout,False
op_margin_delta,HIGH,6,mst,0-12,launch_300,10,0.9041579860423482,11439,0.10021902926230944,201,0.017571466037241017,0.011249342912213071,1.5619993251485123,1.361915070084562,1.7908773239485578,-0.2571428571428571,6,True,False,holdout,True
op_margin_delta,HIGH,6,mst,13-24,win_50,10,0.9454583449428811,1360,0.10019892433507699,304,0.2235294117647059,0.17026449568997273,1.3128363071754017,1.1874704282221287,1.4473493642577027,0.6121212121212121,10,True,False,holdout,False
op_margin_delta,HIGH,6,mst,13-24,win_100,10,0.9454583449428811,1360,0.10019892433507699,128,0.09411764705882353,0.04538421866941723,2.07379679144385,1.7566044521636532,2.44136906569492,,2,True,False,holdout,True
op_margin_delta,HIGH,6,mst,13-24,launch_300,10,0.9454583449428811,1360,0.10019892433507699,58,0.04264705882352941,0.019597730789066528,2.176122291021672,1.6907270163339274,2.7929819116555317,,0,False,False,holdout,False
op_margin_delta,HIGH,12,all,ALL,win_50,10,0.8927157057171794,14748,0.1001908980359921,2771,0.18788988337401683,0.170089470716513,1.104653230929101,1.0680678780802622,1.1421942590844707,-0.04242424242424243,10,True,False,holdout,False
op_margin_delta,HIGH,12,all,ALL,win_100,10,0.8927157057171794,14748,0.1001908980359921,1140,0.07729861676159479,0.05617565336721037,1.3760163367626064,1.301233476560286,1.4547181087263406,-0.24848484848484848,10,True,False,holdout,False
op_margin_delta,HIGH,12,all,ALL,launch_300,10,0.8859347771969132,12478,0.10017823022206522,233,0.018672864241064274,0.011890043192729492,1.5704622715317245,1.3828053912393334,1.7830366500990127,-0.25,7,True,False,holdout,True
op_margin_delta,HIGH,12,drawdown,0-10,win_50,10,0.9004004043221727,11514,0.10020015664433035,2291,0.19897516067396212,0.17431032982334,1.1414995363477278,1.1002440527605455,1.1839069717063124,-0.15151515151515152,10,True,False,holdout,False
op_margin_delta,HIGH,12,drawdown,0-10,win_100,10,0.9004004043221727,11514,0.10020015664433035,946,0.08216084766371375,0.05836741797928814,1.4076491732573946,1.3240809391276092,1.4959926312747323,-0.2606060606060606,10,True,False,holdout,False
op_margin_delta,HIGH,12,drawdown,0-10,launch_300,10,0.8929805375168155,9244,0.1001853276831872,179,0.019363911726525313,0.01179160931623839,1.6421771793150406,1.4203277567306933,1.897889888296923,,4,True,False,holdout,True
op_margin_delta,HIGH,12,drawdown,10-20,win_50,10,0.8676732815645671,3022,0.10016904769796811,459,0.15188616810059563,0.15565646856044285,0.9757780675951595,0.8964113787192637,1.0608232629030372,0.10942299786241162,10,True,False,holdout,False
op_margin_delta,HIGH,12,drawdown,10-20,win_100,10,0.8676732815645671,3022,0.10016904769796811,190,0.0628722700198544,0.04971991116709205,1.2645290094859918,1.1013832407780852,1.449998059344885,0.04242424242424243,10,True,False,holdout,False
op_margin_delta,HIGH,12,drawdown,10-20,launch_300,10,0.8676732815645671,3022,0.10016904769796811,53,0.01753805426869623,0.012164804932215188,1.4417045210689279,1.1042972387304013,1.8798137649657831,,0,False,False,holdout,False
op_margin_delta,HIGH,12,drawdown,20-30,win_50,10,0.8486789431545236,212,0.1,21,0.09905660377358491,0.14669811320754716,0.6752411575562701,0.44789062924847484,0.9998775752334044,,0,False,False,holdout,False
op_margin_delta,HIGH,12,drawdown,20-30,win_100,10,0.8486789431545236,212,0.1,4,0.018867924528301886,0.029245283018867925,0.6451612903225806,0.25170637491915,1.624214494639515,,0,False,False,holdout,False
op_margin_delta,HIGH,12,drawdown,20-30,launch_300,10,0.8486789431545236,212,0.1,1,0.0047169811320754715,0.012264150943396227,0.3846153846153846,0.06793367437415065,2.138795157008545,,0,False,False,holdout,False
op_margin_delta,HIGH,12,mst,0-12,win_50,10,0.8888947938325815,13407,0.10019580294152816,2495,0.18609681509659134,0.17022151141934713,1.0932626173088946,1.055091649289059,1.132490041382218,-0.05454545454545454,10,True,False,holdout,False
op_margin_delta,HIGH,12,mst,0-12,win_100,10,0.8888947938325815,13407,0.10019580294152816,1032,0.07697471470127545,0.05737325122563673,1.3416481209780209,1.265101199969928,1.4224190722590555,-0.23636363636363636,10,True,False,holdout,False
op_margin_delta,HIGH,12,mst,0-12,launch_300,10,0.880607419260292,11137,0.10018260814810151,196,0.01759899434318039,0.011037448163573722,1.5944803619790826,1.3878257490312491,1.8312752851546723,-0.4,5,True,False,holdout,True
op_margin_delta,HIGH,12,mst,13-24,win_50,10,0.9327807188631931,1341,0.1001418863415727,276,0.2058165548098434,0.16877006944963036,1.219508621884342,1.0963591566202526,1.3526162195444935,-0.3212121212121212,10,True,False,holdout,False
op_margin_delta,HIGH,12,mst,13-24,win_100,10,0.9327807188631931,1341,0.1001418863415727,108,0.08053691275167785,0.04420879695317751,1.8217395247596588,1.51874831857665,2.178935830660467,,1,True,False,holdout,True
op_margin_delta,HIGH,12,mst,13-24,launch_300,10,0.9327807188631931,1341,0.1001418863415727,37,0.027591349739000747,0.01896796355761332,1.4546289935234609,1.058786671875311,1.9927540585302508,,0,False,False,holdout,False
peg,LOW,0,all,ALL,win_50,1,0.3436796875473804,5695,0.10049586193509678,959,0.16839332748024582,0.1432882175439835,1.1752070781992672,1.1089434984855577,1.2445906420788322,-0.9393939393939394,10,True,False,holdout,False
peg,LOW,0,all,ALL,win_100,1,0.3436796875473804,5695,0.10049586193509678,344,0.060403863037752414,0.03673966366090808,1.6441049541241075,1.4836236364648094,1.8207171607035422,-0.9757575757575757,10,True,True,holdout,True
peg,LOW,0,all,ALL,launch_300,1,0.34126391407944806,4823,0.10052105043768236,21,0.0043541364296081275,0.0057732388495206335,0.7541930176628086,0.4936072106602196,1.1514305473343434,,0,False,False,holdout,False
peg,LOW,0,drawdown,0-10,win_50,1,0.3350780827606742,4298,0.1005074480275004,704,0.16379711493718008,0.13890512826508897,1.179201351188322,1.101715313377745,1.2610100874444625,-0.9757575757575757,10,True,False,holdout,False
peg,LOW,0,drawdown,0-10,win_100,1,0.3350780827606742,4298,0.1005074480275004,244,0.05677059097254537,0.03503028318873793,1.6206146740714003,1.434190025862748,1.829636630247984,-0.95,9,True,True,holdout,True
peg,LOW,0,drawdown,0-10,launch_300,1,0.32976859872056674,3426,0.10054587075189293,12,0.0035026269702276708,0.0055174032987028235,0.6348325073592428,0.36336274122214934,1.1078762037448262,,0,False,False,holdout,False
peg,LOW,0,drawdown,10-20,win_50,1,0.3730227207362669,1303,0.10046260601387819,230,0.17651573292402148,0.1553585196607556,1.1361831543546197,1.0091111604686527,1.2754962742797988,-0.9393939393939394,10,True,False,holdout,False
peg,LOW,0,drawdown,10-20,win_100,1,0.3730227207362669,1303,0.10046260601387819,95,0.07290867229470453,0.043253662297609866,1.685606915619105,1.3874566654682152,2.0418070220098277,,0,False,False,holdout,False
peg,LOW,0,drawdown,10-20,launch_300,1,0.3730227207362669,1303,0.10046260601387819,8,0.0061396776669224865,0.006168080185042405,0.9953952417498082,0.5049064993444242,1.9565982985549395,,0,False,False,holdout,False
peg,LOW,0,drawdown,20-30,win_50,1,0.37469975980784626,94,0.10042735042735043,25,0.26595744680851063,0.1762820512820513,1.5087040618955512,1.0614586278745213,2.0602028405006134,,0,False,False,holdout,False
peg,LOW,0,drawdown,20-30,win_100,1,0.37469975980784626,94,0.10042735042735043,5,0.05319148936170213,0.024572649572649572,2.1646623496762256,0.9332224623409936,4.823919782401466,,0,False,False,holdout,False
peg,LOW,0,drawdown,20-30,launch_300,1,0.37469975980784626,94,0.10042735042735043,1,0.010638297872340425,0.009615384615384616,1.106382978723404,0.19556115563998855,6.013583010861394,,0,False,False,holdout,False
peg,LOW,0,mst,0-12,win_50,1,0.34544584908292536,5226,0.10049806734485875,896,0.17145044010715652,0.1406319109247899,1.2191432156450492,1.1482035485030466,1.2935149412147884,-0.9757575757575757,10,True,False,holdout,False
peg,LOW,0,mst,0-12,win_100,1,0.34544584908292536,5226,0.10049806734485875,330,0.06314580941446613,0.03701851887463702,1.7057897326554043,1.536176063733801,1.8927396502780454,-0.9515151515151515,10,True,True,holdout,True
peg,LOW,0,mst,0-12,launch_300,1,0.3430952399813053,4354,0.10052641300332471,20,0.004593477262287551,0.004848540820096048,0.947393748496183,0.6137113346181701,1.4612141979326676,,0,False,False,holdout,False
peg,LOW,0,mst,13-24,win_50,1,0.3251602117581499,469,0.100471293916024,63,0.13432835820895522,0.17287917737789202,0.7770071575209455,0.6155725138373331,0.9728101945543692,,3,False,False,holdout,False
peg,LOW,0,mst,13-24,win_100,1,0.3251602117581499,469,0.100471293916024,14,0.029850746268656716,0.03363324764353042,0.8875368381024812,0.5311191621072207,1.4710861254714283,,0,False,False,holdout,False
peg,LOW,0,mst,13-24,launch_300,1,0.3251602117581499,469,0.100471293916024,1,0.0021321961620469083,0.014353041988003428,0.14855360723037264,0.026230271096885163,0.8344895813408914,,0,False,False,holdout,False
peg,LOW,3,all,ALL,win_50,1,0.34108400196495825,5650,0.10046051812734481,989,0.17504424778761063,0.15097526715385573,1.1594233352753516,1.095261012912125,1.2265104900095276,-0.9515151515151515,10,True,False,holdout,False
peg,LOW,3,all,ALL,win_100,1,0.34108400196495825,5650,0.10046051812734481,338,0.059823008849557525,0.03869063494603581,1.546188345913587,1.3939561759818255,1.7138803218150893,-0.9878787878787879,10,True,True,holdout,True
peg,LOW,3,all,ALL,launch_300,1,0.33974181158647176,4799,0.10046895281162332,30,0.0062513023546572205,0.005631620818155173,1.110036090232553,0.7781847045377529,1.5821367077109665,,0,False,False,holdout,False
peg,LOW,3,drawdown,0-10,win_50,1,0.32732073874989226,4198,0.10049553539367534,742,0.17675083373034778,0.15194024848586407,1.1632917248176804,1.089301324002149,1.2411721390908175,-0.9636363636363636,10,True,False,holdout,False
peg,LOW,3,drawdown,0-10,win_100,1,0.32732073874989226,4198,0.10049553539367534,249,0.059313959028108626,0.03866133626983937,1.5341931953443848,1.3595842075435096,1.7296441622507488,-0.9,9,True,True,holdout,True
peg,LOW,3,drawdown,0-10,launch_300,1,0.32225846100244854,3347,0.10051654754039281,18,0.00537795040334628,0.005465793741365848,0.9839285303880463,0.6228866541931052,1.552458193304656,,0,False,False,holdout,False
peg,LOW,3,drawdown,10-20,win_50,1,0.3867126833477135,1349,0.10032723486538747,223,0.1653076352853966,0.1478506619068868,1.1180716619956954,0.9904668135375175,1.2585323905232337,-0.9151515151515152,10,True,False,holdout,False
peg,LOW,3,drawdown,10-20,win_100,1,0.3867126833477135,1349,0.10032723486538747,84,0.06226834692364715,0.040160642570281124,1.550481838398814,1.2593165559496562,1.903546540870704,,0,False,False,holdout,False
peg,LOW,3,drawdown,10-20,launch_300,1,0.3867126833477135,1349,0.10032723486538747,12,0.008895478131949592,0.005800981704596163,1.5334435764383871,0.8784461816697516,2.6692268656713547,,0,False,False,holdout,False
peg,LOW,3,drawdown,20-30,win_50,1,0.40912730184147317,103,0.10078277886497064,24,0.23300970873786409,0.15264187866927592,1.5265123226288275,1.0604958798255009,2.118307766600253,,0,False,False,holdout,False
peg,LOW,3,drawdown,20-30,win_100,1,0.40912730184147317,103,0.10078277886497064,5,0.04854368932038835,0.02054794520547945,2.3624595469255665,1.0176596127278694,5.287174415276319,,0,False,False,holdout,False
peg,LOW,3,drawdown,20-30,launch_300,1,0.40912730184147317,103,0.10078277886497064,0,0.0,0.008806262230919765,0.0,0.0,4.082862607614169,,0,False,False,holdout,False
peg,LOW,3,mst,0-12,win_50,1,0.34195159865278707,5172,0.10047595920349685,937,0.1811678267594741,0.14989800874210782,1.2086072942514163,1.1401678569694396,1.280203999878093,-0.9757575757575757,10,True,False,holdout,False
peg,LOW,3,mst,0-12,win_100,1,0.34195159865278707,5172,0.10047595920349685,332,0.06419180201082754,0.03953375424963575,1.6237213801018906,1.4628076894232718,1.8009984334804172,-0.9878787878787879,10,True,True,holdout,True
peg,LOW,3,mst,0-12,launch_300,1,0.34062373751376357,4321,0.10048837209302326,30,0.006942837306179125,0.0049767441860465115,1.395056094232254,0.978080193241889,1.9880300822593384,,0,False,False,holdout,False
peg,LOW,3,mst,13-24,win_50,1,0.3319866258010588,478,0.10029374737725556,52,0.1087866108786611,0.16261015526647082,0.6690025644486436,0.5161377179855577,0.8602282470609859,,1,False,False,holdout,False
peg,LOW,3,mst,13-24,win_100,1,0.3319866258010588,478,0.10029374737725556,6,0.012552301255230125,0.029584557280738565,0.4242855871094098,0.19487144213333524,0.9164147921094521,,0,False,False,holdout,False
peg,LOW,3,mst,13-24,launch_300,1,0.3319866258010588,478,0.10029374737725556,0,0.0,0.011540075535039865,0.0,0.0,0.6908493802378226,,0,False,False,holdout,False
peg,LOW,6,all,ALL,win_50,1,0.3396709301408827,5623,0.10039637194686474,937,0.1666370264983105,0.15706684759320097,1.0609306104487182,1.0003708886211198,1.124388305308868,-0.8666666666666667,10,True,False,holdout,False
peg,LOW,6,all,ALL,win_100,1,0.3396709301408827,5623,0.10039637194686474,326,0.05797616930464165,0.0404406513355235,1.4336111657458586,1.2898971707278906,1.5922492916128503,-0.9515151515151515,10,True,False,holdout,False
peg,LOW,6,all,ALL,launch_300,1,0.33995519044062733,4798,0.10038496945351075,43,0.008962067528136724,0.005774541802661311,1.5519963028073291,1.1534275737177362,2.0866204622774873,,0,False,False,holdout,False
peg,LOW,6,drawdown,0-10,win_50,1,0.32049584316060836,4107,0.10041073786122928,713,0.17360603847090333,0.16128795657914038,1.0763732280637999,1.0064505737377332,1.150078005249341,-0.8666666666666667,10,True,False,holdout,False
peg,LOW,6,drawdown,0-10,win_100,1,0.32049584316060836,4107,0.10041073786122928,246,0.05989773557341125,0.04087819666519975,1.4652734332677433,1.2975959812411277,1.6530722452859417,-0.9333333333333333,9,True,False,holdout,False
peg,LOW,6,drawdown,0-10,launch_300,1,0.3163742293882528,3282,0.10039767513000918,27,0.008226691042047532,0.005659223003976751,1.4536785414299125,1.00015358927436,2.1103866606109842,,0,False,False,holdout,False
peg,LOW,6,drawdown,10-20,win_50,1,0.40362381363244176,1408,0.1003277754025937,204,0.14488636363636365,0.14671512042183268,0.987535321647755,0.8688050479824448,1.1194370192675591,-0.7696969696969697,10,True,False,holdout,False
peg,LOW,6,drawdown,10-20,win_100,1,0.40362381363244176,1408,0.1003277754025937,78,0.05539772727272727,0.04075815875730369,1.3591813016528926,1.094601351742892,1.6831217276585646,,0,False,False,holdout,False
peg,LOW,6,drawdown,10-20,launch_300,1,0.40362381363244176,1408,0.1003277754025937,15,0.01065340909090909,0.0059142083511472135,1.8013246166484118,1.0934096028034135,2.9594963477094876,,0,False,False,holdout,False
peg,LOW,6,drawdown,20-30,win_50,1,0.4291433146517214,108,0.10074626865671642,20,0.18518518518518517,0.13152985074626866,1.407932755450486,0.9366659898600841,2.043619351237066,,0,False,False,holdout,False
peg,LOW,6,drawdown,20-30,win_100,1,0.4291433146517214,108,0.10074626865671642,2,0.018518518518518517,0.01958955223880597,0.9453262786596119,0.25999697373686803,3.3190676213952144,,0,False,False,holdout,False
peg,LOW,6,drawdown,20-30,launch_300,1,0.4291433146517214,108,0.10074626865671642,1,0.009259259259259259,0.007462686567164179,1.2407407407407407,0.21927235199746156,6.779523067190059,,0,False,False,holdout,False
peg,LOW,6,mst,0-12,win_50,1,0.3399520370948563,5138,0.10040254816899206,894,0.17399766446087972,0.15799038574276,1.1013180557972861,1.0372541227057235,1.1684651594804127,-0.9636363636363636,10,True,False,holdout,False
peg,LOW,6,mst,0-12,win_100,1,0.3399520370948563,5138,0.10040254816899206,311,0.06052938886726353,0.04189627545237816,1.4447439113308507,1.2968089555058853,1.608352220491096,-0.9757575757575757,10,True,False,holdout,False
peg,LOW,6,mst,0-12,launch_300,1,0.3403227211875886,4313,0.10039104324752106,41,0.00950614421516346,0.005423397420976677,1.7528024367890667,1.2935193971579768,2.373047056575469,,0,False,False,holdout,False
peg,LOW,6,mst,13-24,win_50,1,0.33672332125940374,485,0.10033098882912701,43,0.088659793814433,0.14729002896152255,0.6019402293524847,0.4514063012281688,0.7963662177481015,,0,False,False,holdout,False
peg,LOW,6,mst,13-24,win_100,1,0.33672332125940374,485,0.10033098882912701,15,0.030927835051546393,0.025031030202730658,1.2355797904064072,0.7522943276916402,2.013388168788248,,0,False,False,holdout,False
peg,LOW,6,mst,13-24,launch_300,1,0.33672332125940374,485,0.10033098882912701,2,0.004123711340206186,0.00889532478278858,0.4635818748501559,0.12721286583848646,1.6760831718628144,,0,False,False,holdout,False
peg,LOW,12,all,ALL,win_50,1,0.3421938394920219,5665,0.10040053877782504,1044,0.18428949691085614,0.16721607826456827,1.1021039293797716,1.0430109030640577,1.1637557941574046,-0.8909090909090909,10,True,False,holdout,False
peg,LOW,12,all,ALL,win_100,1,0.3421938394920219,5665,0.10040053877782504,364,0.06425419240953222,0.04404154260598327,1.4589450915555116,1.3205614211083383,1.6107379527428831,-0.9393939393939394,10,True,False,holdout,False
peg,LOW,12,all,ALL,launch_300,1,0.3451331839681354,4870,0.10036270711400544,56,0.011498973305954825,0.006161899266342428,1.86614107256907,1.4388702107380824,2.418381906593717,,0,False,False,holdout,False
peg,LOW,12,drawdown,0-10,win_50,1,0.3259181482671347,4177,0.10042313795258932,798,0.19104620541058176,0.17281338654613645,1.1055058246866636,1.0381732636155585,1.1761237130247284,-0.8424242424242424,10,True,False,holdout,False
peg,LOW,12,drawdown,0-10,win_100,1,0.3259181482671347,4177,0.10042313795258932,287,0.06870960019152501,0.04531903639948069,1.5161310930325154,1.3554547794872827,1.6942958682536866,-0.9393939393939394,10,True,True,holdout,True
peg,LOW,12,drawdown,0-10,launch_300,1,0.3260909539616944,3382,0.10037395381967115,39,0.011531638083973979,0.00599513266456936,1.9235000673337586,1.409010141425016,2.6228730904039983,,0,False,False,holdout,False
peg,LOW,12,drawdown,10-20,win_50,1,0.39698015530629854,1385,0.10034050568716946,230,0.16606498194945848,0.1526479750778816,1.087895085832167,0.9655890919666439,1.2223027252399041,-0.6727272727272727,10,True,False,holdout,False
peg,LOW,12,drawdown,10-20,win_100,1,0.39698015530629854,1385,0.10034050568716946,74,0.053429602888086646,0.04216474679417518,1.2671629014849828,1.0144273235445214,1.5784871908097864,,0,False,False,holdout,False
peg,LOW,12,drawdown,10-20,launch_300,1,0.39698015530629854,1385,0.10034050568716946,16,0.011552346570397111,0.006447873650655654,1.7916521315864196,1.1047503002568038,2.8976128170189757,,0,False,False,holdout,False
peg,LOW,12,drawdown,20-30,win_50,1,0.411128903122498,103,0.1002921129503408,16,0.1553398058252427,0.13631937682570594,1.139528432732316,0.7184469258100599,1.7424208374098256,,0,False,False,holdout,False
peg,LOW,12,drawdown,20-30,win_100,1,0.411128903122498,103,0.1002921129503408,3,0.02912621359223301,0.017526777020447908,1.6618122977346277,0.5679519815657487,4.687591230113469,,0,False,False,holdout,False
peg,LOW,12,drawdown,20-30,launch_300,1,0.411128903122498,103,0.1002921129503408,1,0.009708737864077669,0.007789678675754625,1.2463592233009708,0.22027756618894348,6.798507947770875,,0,False,False,holdout,False
peg,LOW,12,mst,0-12,win_50,1,0.34151315658360626,5162,0.10041043397070552,990,0.19178612940720652,0.16891983893870724,1.135367702291004,1.0731522855514484,1.2002967865213063,-0.9757575757575757,10,True,False,holdout,False
peg,LOW,12,mst,0-12,win_100,1,0.34151315658360626,5162,0.10041043397070552,355,0.06877179387834173,0.04615923281915618,1.48988164833193,1.347163635949107,1.6464938652830503,-0.9393939393939394,10,True,False,holdout,False
peg,LOW,12,mst,0-12,launch_300,1,0.3446557719880544,4367,0.10037003838286332,51,0.011678497824593542,0.0060217426279620305,1.9393884040085514,1.476964287337332,2.544355157722125,,0,False,False,holdout,False
peg,LOW,12,mst,13-24,win_50,1,0.34933129005293956,503,0.10029910269192423,54,0.1073558648111332,0.1497507477567298,0.7168970200104301,0.555707808381818,0.9178313841222644,,1,False,False,holdout,False
peg,LOW,12,mst,13-24,win_100,1,0.34933129005293956,503,0.10029910269192423,9,0.017892644135188866,0.022333000997008974,0.8011750923033228,0.4227544944232392,1.5068238912396084,,0,False,False,holdout,False
peg,LOW,12,mst,13-24,launch_300,1,0.34933129005293956,503,0.10029910269192423,5,0.009940357852882704,0.007377866400797607,1.3473214765461288,0.5764797680487316,3.125030409870454,,0,False,False,holdout,False
pe,LOW,0,all,ALL,win_50,1,0.68657703060847,11550,0.10202369069596941,2471,0.21393939393939393,0.15325636654329602,1.3959576281547463,1.347783272939936,1.4453731763482514,-0.44242424242424244,10,True,False,holdout,False
pe,LOW,0,all,ALL,win_100,1,0.68657703060847,11550,0.10202369069596941,870,0.07532467532467532,0.04277928433251773,1.760774554786531,1.651536557445202,1.8766137582428875,-0.2727272727272727,10,True,False,holdout,True
pe,LOW,0,all,ALL,launch_300,1,0.6817952274262954,9776,0.10198524886028146,93,0.009513093289689035,0.006947849400669747,1.3692140892938767,1.1186623173723569,1.675224779235134,,0,False,False,holdout,False
pe,LOW,0,drawdown,0-10,win_50,1,0.6778273168208994,8821,0.10197098433616554,1821,0.20643917923137967,0.15637246401942084,1.3201760330753676,1.2669837193152635,1.3750027420664088,-0.34545454545454546,10,True,False,holdout,False
pe,LOW,0,drawdown,0-10,win_100,1,0.6778273168208994,8821,0.10197098433616554,620,0.07028681555379208,0.043500375700826543,1.6157749081798523,1.4973932124792275,1.7427567324467697,-0.12727272727272726,10,True,False,holdout,True
pe,LOW,0,drawdown,0-10,launch_300,1,0.6692636000270984,7047,0.10190447269098954,63,0.008939974457215836,0.006579613321186355,1.3587385794282345,1.0630117681294684,1.7357895244728694,,0,False,False,holdout,False
pe,LOW,0,drawdown,10-20,win_50,1,0.7169974115616912,2544,0.10204572803850782,603,0.23702830188679244,0.1430806257521059,1.6566065506133265,1.5439365270865175,1.7748187712083738,-0.2,10,True,False,holdout,True
pe,LOW,0,drawdown,10-20,win_100,1,0.7169974115616912,2544,0.10204572803850782,238,0.09355345911949685,0.041716807059767345,2.2425843613933236,1.9858248749170762,2.5287234665864395,,3,True,False,holdout,True
pe,LOW,0,drawdown,10-20,launch_300,1,0.7169974115616912,2544,0.10204572803850782,27,0.01061320754716981,0.007902125952667469,1.3430825591418447,0.9243443934510209,1.948571357212959,,0,False,False,holdout,False
pe,LOW,0,drawdown,20-30,win_50,1,0.7101681345076061,185,0.10428410372040586,47,0.25405405405405407,0.14430665163472378,1.760515202702703,1.3635316426625794,2.226838494319217,,0,False,False,holdout,False
pe,LOW,0,drawdown,20-30,win_100,1,0.7101681345076061,185,0.10428410372040586,12,0.06486486486486487,0.02254791431792559,2.876756756756757,1.66274235707737,4.875910270901119,,0,False,False,holdout,False
pe,LOW,0,drawdown,20-30,launch_300,1,0.7101681345076061,185,0.10428410372040586,3,0.016216216216216217,0.007891770011273957,2.054826254826255,0.70073527598582,5.902970498781693,,0,False,False,holdout,False
pe,LOW,0,mst,0-12,win_50,1,0.6837437638258721,10493,0.10194702990498028,2295,0.2187172400648051,0.15291568699842606,1.4303126406321958,1.3792669313120258,1.4827047019567856,-0.47878787878787876,10,True,False,holdout,False
pe,LOW,0,mst,0-12,win_100,1,0.6837437638258721,10493,0.10194702990498028,839,0.07995806728295053,0.04378874142587879,1.825996013571104,1.7109619031556096,1.9480511039229615,-0.28484848484848485,10,True,False,holdout,True
pe,LOW,0,mst,0-12,launch_300,1,0.6778729235814606,8719,0.1018884240540351,87,0.009978208510150247,0.006368756865403043,1.5667435138488022,1.2713782679010446,1.929877424687893,,0,False,False,holdout,False
pe,LOW,0,mst,13-24,win_50,1,0.7162858735023684,1057,0.10279101429543908,176,0.1665089877010407,0.15666634250705047,1.0628255248477974,0.9272339186611336,1.213833572200356,0.09090909090909091,10,True,False,holdout,False
pe,LOW,0,mst,13-24,win_100,1,0.7162858735023684,1057,0.10279101429543908,31,0.0293282876064333,0.03267528931245745,0.8975678019552192,0.6346511981411616,1.2648060339551344,,0,False,False,holdout,False
pe,LOW,0,mst,13-24,launch_300,1,0.7162858735023684,1057,0.10279101429543908,6,0.005676442762535478,0.011766994067879023,0.48240380931530846,0.22130411211329262,1.0477471220214423,,0,False,False,holdout,False
pe,LOW,3,all,ALL,win_50,1,0.6856551983455537,11522,0.10191319422945948,2463,0.21376497135913905,0.15620439247459247,1.3684952642667148,1.3211880447923612,1.4170239545187733,-0.503030303030303,10,True,False,holdout,False
pe,LOW,3,all,ALL,win_100,1,0.6856551983455537,11522,0.10191319422945948,924,0.08019441069258809,0.04405742236217129,1.8202247519919559,1.710814232680938,1.9359868645020704,-0.3575757575757576,10,True,False,holdout,True
pe,LOW,3,all,ALL,launch_300,1,0.6806856573846866,9763,0.10201565291898726,99,0.010140325719553415,0.007502533933814694,1.3515867850793613,1.1111899580311184,1.643344883733283,,1,False,False,holdout,False
pe,LOW,3,drawdown,0-10,win_50,1,0.676291519420785,8807,0.1020403434172566,1851,0.21017372544566823,0.16014552364179865,1.312392133518317,1.26005268531221,1.3663096716540462,-0.5757575757575758,10,True,False,holdout,False
pe,LOW,3,drawdown,0-10,win_100,1,0.676291519420785,8807,0.1020403434172566,699,0.07936868400136256,0.04514013602289448,1.758273035799179,1.6372312063966041,1.8874403173536176,-0.24848484848484848,10,True,False,holdout,True
pe,LOW,3,drawdown,0-10,launch_300,1,0.6673279975224288,7048,0.10221455194117732,77,0.010925085130533484,0.007193305584963671,1.5187850705759585,1.2165113369275071,1.8951336101656244,,0,False,False,holdout,False
pe,LOW,3,drawdown,10-20,win_50,1,0.7182628702904803,2536,0.101545607431729,574,0.22634069400630916,0.14338912468967727,1.578506699836237,1.4678594756879353,1.6949270838540653,-0.2727272727272727,10,True,False,holdout,True
pe,LOW,3,drawdown,10-20,win_100,1,0.7182628702904803,2536,0.101545607431729,215,0.08477917981072555,0.041883558901257306,2.024163706111912,1.7800759265302493,2.298240011798087,-0.6,5,True,True,holdout,True
pe,LOW,3,drawdown,10-20,launch_300,1,0.7182628702904803,2536,0.101545607431729,19,0.00749211356466877,0.008248578521662529,0.9082914765244556,0.5821205784877758,1.4150773068551101,,0,False,False,holdout,False
pe,LOW,3,drawdown,20-30,win_50,1,0.7101681345076061,179,0.10090191657271702,38,0.2122905027932961,0.14487034949267194,1.4653826924331022,1.0958384280697995,1.9183769291122272,,0,False,False,holdout,False
pe,LOW,3,drawdown,20-30,win_100,1,0.7101681345076061,179,0.10090191657271702,10,0.055865921787709494,0.021984216459977453,2.541183211574273,1.39304425935932,4.538218409430614,,0,False,False,holdout,False
pe,LOW,3,drawdown,20-30,launch_300,1,0.7101681345076061,179,0.10090191657271702,3,0.01675977653631285,0.009019165727170236,1.8582402234636872,0.6337538720359773,5.334103528249275,,0,False,False,holdout,False
pe,LOW,3,mst,0-12,win_50,1,0.6829266672423987,10465,0.10179664017587035,2314,0.22111801242236026,0.15629894069239225,1.4147121627493093,1.3645010056786964,1.4662327790825755,-0.503030303030303,10,True,False,holdout,False
pe,LOW,3,mst,0-12,win_100,1,0.6829266672423987,10465,0.10179664017587035,896,0.08561872909698996,0.04529050708636907,1.8904343228861382,1.7754018098647297,2.0121814413253953,-0.4303030303030303,10,True,False,holdout,True
pe,LOW,3,mst,0-12,launch_300,1,0.6768668953334548,8706,0.10188771987313773,99,0.011371467953135768,0.0070453029363231005,1.6140495385242393,1.3271027559851325,1.9621742943750147,,0,False,False,holdout,False
pe,LOW,3,mst,13-24,win_50,1,0.7142658122039566,1057,0.10308172420518821,149,0.14096499526963102,0.1552564852740394,0.9079491592303998,0.7811876049971832,1.0514587053981135,0.2727272727272727,10,True,False,holdout,False
pe,LOW,3,mst,13-24,win_100,1,0.7142658122039566,1057,0.10308172420518821,28,0.026490066225165563,0.03169494831285352,0.8357819663779928,0.5802271707697655,1.19953364437349,,0,False,False,holdout,False
pe,LOW,3,mst,13-24,launch_300,1,0.7142658122039566,1057,0.10308172420518821,0,0.0,0.011312658474741564,0.0,-1.9167946683907523e-17,0.3200965760281694,,0,False,False,holdout,False
pe,LOW,6,all,ALL,win_50,1,0.683732692902498,11501,0.10201348234876707,2407,0.2092861490305191,0.15935781444030514,1.3133096093566026,1.2672687681518044,1.3605687047282127,-0.6363636363636364,10,True,False,holdout,False
pe,LOW,6,all,ALL,win_100,1,0.683732692902498,11501,0.10201348234876707,930,0.08086253369272237,0.04561823665070073,1.7725922707597743,1.6664143796055626,1.8849058537081242,-0.38181818181818183,10,True,False,holdout,True
pe,LOW,6,all,ALL,launch_300,1,0.6785305309577154,9725,0.10194134048931844,130,0.013367609254498715,0.007987588838340427,1.6735474903683312,1.410894891529603,1.984311752299106,,2,True,False,holdout,True
pe,LOW,6,drawdown,0-10,win_50,1,0.6751475070717202,8789,0.10200434061023873,1827,0.20787347821140062,0.16360850945301347,1.2705541961501676,1.2194872714373257,1.3231812553665927,-0.7090909090909091,10,True,False,holdout,False
pe,LOW,6,drawdown,0-10,win_100,1,0.6751475070717202,8789,0.10200434061023873,715,0.08135168961201501,0.04673699847962583,1.7406271745815867,1.6222190409043689,1.8668621304349167,-0.3575757575757576,10,True,False,holdout,True
pe,LOW,6,drawdown,0-10,launch_300,1,0.6660504998693468,7013,0.10190203571584255,96,0.013688863539141595,0.007744729079786693,1.7675070874807948,1.4491603645622335,2.154606945306517,,0,False,False,holdout,False
pe,LOW,6,drawdown,10-20,win_50,1,0.7132873166522865,2532,0.10209265755413088,545,0.21524486571879936,0.14571993064795774,1.47711342409849,1.3702592295225313,1.5898880956177426,-0.16363636363636364,10,True,False,holdout,False
pe,LOW,6,drawdown,10-20,win_100,1,0.7132873166522865,2532,0.10209265755413088,209,0.0825434439178515,0.04330470545542518,1.9061079633208893,1.6729452650645655,2.1684772132091905,,4,True,False,holdout,True
pe,LOW,6,drawdown,10-20,launch_300,1,0.7132873166522865,2532,0.10209265755413088,30,0.011848341232227487,0.00858836337244466,1.3795808023496428,0.9678193233253335,1.9635483471531319,,0,False,False,holdout,False
pe,LOW,6,drawdown,20-30,win_50,1,0.710968775020016,180,0.10135135135135136,35,0.19444444444444445,0.14358108108108109,1.354248366013072,0.9977917425077157,1.7996406003467407,,0,False,False,holdout,False
pe,LOW,6,drawdown,20-30,win_100,1,0.710968775020016,180,0.10135135135135136,6,0.03333333333333333,0.02364864864864865,1.4095238095238094,0.6497111578405506,2.994012125251422,,0,False,False,holdout,False
pe,LOW,6,drawdown,20-30,launch_300,1,0.710968775020016,180,0.10135135135135136,4,0.022222222222222223,0.009009009009009009,2.466666666666667,0.9629164937097013,6.1867326867428325,,0,False,False,holdout,False
pe,LOW,6,mst,0-12,win_50,1,0.681059966917553,10464,0.10206589805115,2271,0.21702981651376146,0.1598973878777238,1.3573068290504393,1.3085652454934715,1.407347290591232,-0.5272727272727272,10,True,False,holdout,False
pe,LOW,6,mst,0-12,win_100,1,0.681059966917553,10464,0.10206589805115,906,0.08658256880733944,0.04707282339400324,1.8393323910621746,1.7280643820746266,1.957046359728093,-0.3939393939393939,10,True,False,holdout,True
pe,LOW,6,mst,0-12,launch_300,1,0.6747518595679624,8688,0.10199577365578774,130,0.01496316758747698,0.007630899272129608,1.960865561694291,1.6533120245625275,2.324603193417311,,1,True,False,holdout,True
pe,LOW,6,mst,13-24,win_50,1,0.7117581499024798,1037,0.10148757095321981,136,0.13114754098360656,0.15394402035623408,0.8519170844059072,0.7272540964878417,0.99426614725333,0.1393939393939394,10,True,False,holdout,False
pe,LOW,6,mst,13-24,win_100,1,0.7117581499024798,1037,0.10148757095321981,24,0.023143683702989394,0.03102368369543942,0.7460005049752227,0.502876306661732,1.1025828740867436,,0,False,False,holdout,False
pe,LOW,6,mst,13-24,launch_300,1,0.7117581499024798,1037,0.10148757095321981,0,0.0,0.01096104912898806,0.0,0.0,0.336712688035043,,0,False,False,holdout,False
pe,LOW,12,all,ALL,win_50,1,0.6788627500924864,11464,0.10241475115466736,2429,0.21188066992323795,0.1632704110347785,1.2977285264389082,1.2525078275370933,1.3441314755906661,-0.6363636363636364,10,True,False,holdout,False
pe,LOW,12,all,ALL,win_100,1,0.6788627500924864,11464,0.10241475115466736,926,0.08077459874389394,0.04741953062883586,1.7034035907300784,1.6011517728879068,1.8115783146033977,-0.40606060606060607,10,True,False,holdout,True
pe,LOW,12,all,ALL,launch_300,1,0.673466339485757,9683,0.10226432629955855,152,0.015697614375710007,0.008512346070168769,1.8440996461271435,1.57499161523432,2.1583320655007947,,2,True,False,holdout,True
pe,LOW,12,drawdown,0-10,win_50,1,0.678172087665823,8874,0.10253151394008019,1927,0.21715122830741493,0.16696900021952882,1.3005481737442706,1.2499096076628051,1.3526527508962178,-0.7090909090909091,10,True,False,holdout,False
pe,LOW,12,drawdown,0-10,win_100,1,0.678172087665823,8874,0.10253151394008019,748,0.0842911877394636,0.048631411108158384,1.7332663358666751,1.6180717838347747,1.8558584932517863,-0.40606060606060607,10,True,False,holdout,True
pe,LOW,12,drawdown,0-10,launch_300,1,0.6706669118429839,7093,0.10235504632168317,123,0.017341040462427744,0.008369649917746544,2.071895555112617,1.7389036754093237,2.467317553518673,,1,True,False,holdout,True
pe,LOW,12,drawdown,10-20,win_50,1,0.6816508484325569,2418,0.1020210117716552,474,0.19602977667493796,0.15109067127969283,1.2974313702800069,1.1959288238744945,1.4053161674921695,-0.10303030303030303,10,True,False,holdout,False
pe,LOW,12,drawdown,10-20,win_100,1,0.6816508484325569,2418,0.1020210117716552,172,0.07113316790736146,0.04485042825197249,1.5860086665779625,1.3724169308208838,1.8299348673950917,-0.6,6,True,True,holdout,True
pe,LOW,12,drawdown,10-20,launch_300,1,0.6816508484325569,2418,0.1020210117716552,26,0.010752688172043012,0.008944770262858108,1.2021201054980726,0.8215385535694861,1.7562177393415626,,0,False,False,holdout,False
pe,LOW,12,drawdown,20-30,win_50,1,0.6753402722177743,172,0.1019561351511559,28,0.16279069767441862,0.14463544754001187,1.1255242089210826,0.795771365794753,1.5571431590698883,,0,False,False,holdout,False
pe,LOW,12,drawdown,20-30,win_100,1,0.6753402722177743,172,0.1019561351511559,6,0.03488372093023256,0.02133965619442798,1.6346899224806202,0.7537031469202319,3.467988196641933,,0,False,False,holdout,False
pe,LOW,12,drawdown,20-30,launch_300,1,0.6753402722177743,172,0.1019561351511559,3,0.01744186046511628,0.008298755186721992,2.1017441860465116,0.7168836936770068,6.027235712183484,,0,False,False,holdout,False
pe,LOW,12,mst,0-12,win_50,1,0.6751875004151914,10413,0.10245183887915937,2289,0.21982137712474792,0.16426926936775615,1.3381771159682037,1.2903897118031902,1.3872224858369955,-0.6363636363636364,10,True,False,holdout,False
pe,LOW,12,mst,0-12,win_100,1,0.6751875004151914,10413,0.10245183887915937,900,0.08643042350907519,0.04925323205887562,1.7548172961676756,1.648310711347808,1.867516922321542,-0.4666666666666667,10,True,False,holdout,True
pe,LOW,12,mst,0-12,launch_300,1,0.6684701241296271,8632,0.10229063718345242,147,0.017029657089898054,0.008129214215459727,2.094871243214617,1.784584404987183,2.4580139750149623,,1,True,False,holdout,True
pe,LOW,12,mst,13-24,win_50,1,0.7174003900808025,1051,0.10204874259636858,140,0.13320647002854424,0.15341295271385572,0.8682869840658083,0.7430471533908434,1.0109408184002346,-0.23636363636363636,10,True,False,holdout,False
pe,LOW,12,mst,13-24,win_100,1,0.7174003900808025,1051,0.10204874259636858,26,0.024738344433872503,0.029323235265559765,0.8436430772332877,0.5776034582796739,1.2277310365042302,,0,False,False,holdout,False
pe,LOW,12,mst,13-24,launch_300,1,0.7174003900808025,1051,0.10204874259636858,5,0.004757373929590866,0.011651616661811826,0.40830161750713606,0.17454455940686547,0.951637198510664,,0,False,False,holdout,False
pe_vs_5y_median,LOW,0,all,ALL,win_50,1,0.6253115732401797,10334,0.10022597883751831,2003,0.19382620476098317,0.1512409438738398,1.2815723030839228,1.2319359025689371,1.3327132131722992,-0.3939393939393939,10,True,False,holdout,False
pe_vs_5y_median,LOW,0,all,ALL,win_100,1,0.6253115732401797,10334,0.10022597883751831,737,0.0713179794851945,0.04080227336650276,1.7478923011124197,1.6301481913012683,1.873444544328753,-0.3090909090909091,10,True,False,holdout,True
pe_vs_5y_median,LOW,0,all,ALL,launch_300,1,0.6199793733774316,8737,0.10023403620677787,68,0.007782991873640838,0.0061147695202257765,1.272818517181571,1.0048470771449565,1.6115437076923815,,0,False,False,holdout,False
pe_vs_5y_median,LOW,0,drawdown,0-10,win_50,1,0.6188871737409988,7915,0.10021143790435917,1501,0.18963992419456727,0.15384323208791764,1.2326829176742249,1.1775297779592364,1.2897933330260871,-0.3090909090909091,10,True,False,holdout,False
pe_vs_5y_median,LOW,0,drawdown,0-10,win_100,1,0.6188871737409988,7915,0.10021143790435917,529,0.06683512318382817,0.04126204373092944,1.6197724867837682,1.4914623078651166,1.7582678064768322,-0.1393939393939394,10,True,False,holdout,True
pe_vs_5y_median,LOW,0,drawdown,0-10,launch_300,1,0.6101212654969176,6318,0.10021890168459123,42,0.006647673314339981,0.00555185431934266,1.1973789173789173,0.8865512083415867,1.6162011426322502,,0,False,False,holdout,False
pe_vs_5y_median,LOW,0,drawdown,10-20,win_50,1,0.647886108714409,2259,0.10027966440271674,458,0.20274457724656927,0.14262884538553736,1.4214836886503162,1.30882647235505,1.5412170133408714,-0.8424242424242424,10,True,False,holdout,False
pe_vs_5y_median,LOW,0,drawdown,10-20,win_100,1,0.647886108714409,2259,0.10027966440271674,198,0.08764940239043825,0.04061792515647889,2.1578995493436093,1.8877639797648655,2.4625035051537987,,3,True,False,holdout,True
pe_vs_5y_median,LOW,0,drawdown,10-20,launch_300,1,0.647886108714409,2259,0.10027966440271674,24,0.010624169986719787,0.007546499755848537,1.4078275134755096,0.947430288063809,2.0884002489479023,,0,False,False,holdout,False
pe_vs_5y_median,LOW,0,drawdown,20-30,win_50,1,0.6393114491593275,160,0.10018785222291797,44,0.275,0.14402003757044457,1.9094565217391308,1.4699429364743077,2.422229274045628,,0,False,False,holdout,False
pe_vs_5y_median,LOW,0,drawdown,20-30,win_100,1,0.6393114491593275,160,0.10018785222291797,10,0.0625,0.020663744520976832,3.024621212121212,1.659895986035559,5.382168483131906,,0,False,False,holdout,False
pe_vs_5y_median,LOW,0,drawdown,20-30,launch_300,1,0.6393114491593275,160,0.10018785222291797,2,0.0125,0.008140262993112084,1.5355769230769234,0.421936131565571,5.457485784519105,,0,False,False,holdout,False
pe_vs_5y_median,LOW,0,mst,0-12,win_50,1,0.6222555851540859,9389,0.10023486708658055,1857,0.19778464160187453,0.1510942671079321,1.3090148646115725,1.256512357101318,1.3631534265109118,-0.3939393939393939,10,True,False,holdout,False
pe_vs_5y_median,LOW,0,mst,0-12,win_100,1,0.6222555851540859,9389,0.10023486708658055,707,0.07530088401320695,0.04201985694459272,1.7920309465236521,1.669099736214223,1.923229309925982,-0.3090909090909091,10,True,False,holdout,True
pe_vs_5y_median,LOW,0,mst,0-12,launch_300,1,0.6157288951908682,7792,0.10024572553358463,58,0.007443531827515401,0.005570636441997195,1.3362085113647681,1.03450370163081,1.725052687282806,,0,False,False,holdout,False
pe_vs_5y_median,LOW,0,mst,13-24,win_50,1,0.6573558094176651,945,0.10013775564268305,146,0.1544973544973545,0.1526968316202183,1.011791488127366,0.8700687945167505,1.1718353803738661,-0.04242424242424243,10,True,False,holdout,False
pe_vs_5y_median,LOW,0,mst,13-24,win_100,1,0.6573558094176651,945,0.10013775564268305,30,0.031746031746031744,0.02871675320546784,1.1054881977391202,0.7774666528285882,1.5655415786965337,,0,False,False,holdout,False
pe_vs_5y_median,LOW,0,mst,13-24,launch_300,1,0.6573558094176651,945,0.10013775564268305,10,0.010582010582010581,0.01059658789869662,0.9986243386243385,0.5433781520784308,1.8278488359165967,,0,False,False,holdout,False
pe_vs_5y_median,LOW,3,all,ALL,win_50,1,0.6209086112475666,10260,0.10021390687725261,2018,0.19668615984405458,0.15381760287553356,1.278697341312811,1.2294360679215772,1.3294346693568744,-0.47878787878787876,10,True,False,holdout,False
pe_vs_5y_median,LOW,3,all,ALL,win_100,1,0.6209086112475666,10260,0.10021390687725261,716,0.06978557504873294,0.041794864281458476,1.6697165129853533,1.5555706494805417,1.7915674768218446,-0.40606060606060607,10,True,False,holdout,True
pe_vs_5y_median,LOW,3,all,ALL,launch_300,1,0.6151356733881006,8667,0.10021390992657686,73,0.008422752971039576,0.0065213620859108515,1.2915634586885776,1.0281102037331296,1.6218077831759368,,0,False,False,holdout,False
pe_vs_5y_median,LOW,3,drawdown,0-10,win_50,1,0.6137469538712281,7850,0.10022086892131704,1541,0.19630573248407643,0.15717440984590245,1.248967517527435,1.1940142211196896,1.3058109749887759,-0.47878787878787876,10,True,False,holdout,False
pe_vs_5y_median,LOW,3,drawdown,0-10,win_100,1,0.6137469538712281,7850,0.10022086892131704,543,0.069171974522293,0.04257791055447036,1.624597675684451,1.4976518215512569,1.7614418991785503,-0.34545454545454546,10,True,False,holdout,True
pe_vs_5y_median,LOW,3,drawdown,0-10,launch_300,1,0.6042079998451518,6257,0.10022264580096427,47,0.007511587022534761,0.006054684371546187,1.2406240460419777,0.9337844531170423,1.6472791390024453,,0,False,False,holdout,False
pe_vs_5y_median,LOW,3,drawdown,10-20,win_50,1,0.6459016393442623,2250,0.10018701576275715,435,0.19333333333333333,0.14275536557128862,1.3542981908920775,1.2436934732473433,1.4722257048344451,-0.6484848484848484,10,True,False,holdout,False
pe_vs_5y_median,LOW,3,drawdown,10-20,win_100,1,0.6459016393442623,2250,0.10018701576275715,162,0.072,0.04060913705583756,1.773,1.5275639134644425,2.0543632416776187,,2,True,False,holdout,True
pe_vs_5y_median,LOW,3,drawdown,10-20,launch_300,1,0.6459016393442623,2250,0.10018701576275715,24,0.010666666666666666,0.007614213197969543,1.4008888888888889,0.942766095155549,2.078081521660842,,0,False,False,holdout,False
pe_vs_5y_median,LOW,3,drawdown,20-30,win_50,1,0.6389111289031225,160,0.10025062656641603,42,0.2625,0.14473684210526316,1.8136363636363637,1.38504034022556,2.3191785378408927,,0,False,False,holdout,False
pe_vs_5y_median,LOW,3,drawdown,20-30,win_100,1,0.6389111289031225,160,0.10025062656641603,11,0.06875,0.020050125313283207,3.4289062500000003,1.936118609336573,5.9302832800558525,,0,False,False,holdout,False
pe_vs_5y_median,LOW,3,drawdown,20-30,launch_300,1,0.6389111289031225,160,0.10025062656641603,2,0.0125,0.009398496240601503,1.33,0.36544900261834556,4.726859321945414,,0,False,False,holdout,False
pe_vs_5y_median,LOW,3,mst,0-12,win_50,1,0.6180239548803252,9324,0.10022250169294766,1894,0.20313170313170315,0.15410660733288187,1.3181245544710707,1.2659311671692524,1.3719046153518457,-0.47878787878787876,10,True,False,holdout,False
pe_vs_5y_median,LOW,3,mst,0-12,win_100,1,0.6180239548803252,9324,0.10022250169294766,690,0.074002574002574,0.04318897595476874,1.713459797705691,1.594452618294238,1.840591148881699,-0.44242424242424244,10,True,False,holdout,True
pe_vs_5y_median,LOW,3,mst,0-12,launch_300,1,0.611039377688353,7731,0.10022427628764406,68,0.008795757340576898,0.006015271529875416,1.462237788750173,1.1544965510980854,1.8510903785420165,,0,False,False,holdout,False
pe_vs_5y_median,LOW,3,mst,13-24,win_50,1,0.6511563109501254,936,0.10012836970474968,124,0.13247863247863248,0.15094137783483097,0.8776826764069855,0.7436999001171463,1.0315697050585737,0.5106406566912542,10,True,False,holdout,False
pe_vs_5y_median,LOW,3,mst,13-24,win_100,1,0.6511563109501254,936,0.10012836970474968,26,0.027777777777777776,0.0279204107830552,0.9948914431673052,0.6814273169175593,1.4466154579989048,,0,False,False,holdout,False
pe_vs_5y_median,LOW,3,mst,13-24,launch_300,1,0.6511563109501254,936,0.10012836970474968,5,0.005341880341880342,0.01069747539580659,0.49935897435897436,0.21349206070910592,1.1632290490019868,,0,False,False,holdout,False
pe_vs_5y_median,LOW,6,all,ALL,win_50,1,0.6157718222561844,10177,0.10023243445545335,1959,0.19249287609315122,0.15678491933736483,1.2277512206320758,1.179639277723409,1.277343271535913,-0.47878787878787876,10,True,False,holdout,False
pe_vs_5y_median,LOW,6,all,ALL,win_100,1,0.6157718222561844,10177,0.10023243445545335,721,0.0708460253512823,0.04333523745740343,1.634836440458431,1.5235074342943433,1.7536387819358348,-0.44242424242424244,10,True,False,holdout,True
pe_vs_5y_median,LOW,6,all,ALL,launch_300,1,0.6095878231800562,8590,0.10022752464850358,94,0.010942956926658906,0.007094101861034946,1.5425429661172723,1.2617786483956503,1.884938529388064,,0,False,False,holdout,False
pe_vs_5y_median,LOW,6,drawdown,0-10,win_50,1,0.6088339693310661,7789,0.10024453024453024,1497,0.1921941199126974,0.16047619047619047,1.1976488184470757,1.1440714940822643,1.2531171651086515,-0.4666666666666667,10,True,False,holdout,False
pe_vs_5y_median,LOW,6,drawdown,0-10,win_100,1,0.6088339693310661,7789,0.10024453024453024,553,0.07099756066247272,0.04424710424710425,1.6045696519703694,1.4803923635770457,1.7383057816737906,-0.296969696969697,10,True,False,holdout,True
pe_vs_5y_median,LOW,6,drawdown,0-10,launch_300,1,0.5987883128320768,6202,0.1002408236492056,62,0.00999677523379555,0.006788317628614375,1.4726440011670583,1.1499839333304616,1.8846680055122231,,0,False,False,holdout,False
pe_vs_5y_median,LOW,6,drawdown,10-20,win_50,1,0.639631866551625,2228,0.10017985611510791,422,0.18940754039497307,0.14487410071942447,1.3073940715034764,1.1988150141389173,1.4233532416468848,-0.8303030303030303,10,True,False,holdout,False
pe_vs_5y_median,LOW,6,drawdown,10-20,win_100,1,0.639631866551625,2228,0.10017985611510791,158,0.07091561938958707,0.041726618705035974,1.6995294991642418,1.461403645431509,1.9730544639584626,,3,True,False,holdout,True
pe_vs_5y_median,LOW,6,drawdown,10-20,launch_300,1,0.639631866551625,2228,0.10017985611510791,28,0.012567324955116697,0.007823741007194244,1.6063063620792837,1.1131722939617559,2.3139086846613877,,0,False,False,holdout,False
pe_vs_5y_median,LOW,6,drawdown,20-30,win_50,1,0.6381104883907126,160,0.10037641154328733,40,0.25,0.14303638644918445,1.7478070175438596,1.323435291879706,2.254137593381579,,0,False,False,holdout,False
pe_vs_5y_median,LOW,6,drawdown,20-30,win_100,1,0.6381104883907126,160,0.10037641154328733,10,0.0625,0.02132998745294856,2.930147058823529,1.608049074688616,5.214056255289412,,0,False,False,holdout,False
pe_vs_5y_median,LOW,6,drawdown,20-30,launch_300,1,0.6381104883907126,160,0.10037641154328733,4,0.025,0.00878293601003764,2.8464285714285715,1.111700286476198,7.117197848894442,,0,False,False,holdout,False
pe_vs_5y_median,LOW,6,mst,0-12,win_50,1,0.6128556529133147,9247,0.1002330496992033,1837,0.1986590245485022,0.1573790038480299,1.2622968737324933,1.2114235912060096,1.314760373084237,-0.4909090909090909,10,True,False,holdout,False
pe_vs_5y_median,LOW,6,mst,0-12,win_100,1,0.6128556529133147,9247,0.1002330496992033,696,0.0752676543743917,0.04485393745596444,1.6780612504372903,1.5620703373105111,1.80191645699486,-0.44242424242424244,10,True,False,holdout,True
pe_vs_5y_median,LOW,6,mst,0-12,launch_300,1,0.6054072037959743,7660,0.10022767121136786,92,0.012010443864229765,0.006607698950618899,1.8176439262725228,1.4837216519801766,2.2256016900172364,,0,False,False,holdout,False
pe_vs_5y_median,LOW,6,mst,13-24,win_50,1,0.6463499582056283,930,0.10022631749110895,122,0.13118279569892474,0.15087832740597046,0.8694608294930877,0.7356528596238601,1.0233799696856998,0.3696969696969697,10,True,False,holdout,False
pe_vs_5y_median,LOW,6,mst,13-24,win_100,1,0.6463499582056283,930,0.10022631749110895,25,0.026881720430107527,0.02823580127168876,0.9520438315685792,0.647175195111204,1.3947675068527035,,0,False,False,holdout,False
pe_vs_5y_median,LOW,6,mst,13-24,launch_300,1,0.6463499582056283,930,0.10022631749110895,2,0.002150537634408602,0.01110033408772497,0.19373629815220797,0.05314733934784229,0.7033156219150386,,0,False,False,holdout,False
pe_vs_5y_median,LOW,12,all,ALL,win_50,1,0.606608081800484,10025,0.10022694780200554,1941,0.19361596009975063,0.1605830658948442,1.2057059629596163,1.158273676872164,1.2545998937324059,-0.4666666666666667,10,True,False,holdout,False
pe_vs_5y_median,LOW,12,all,ALL,win_100,1,0.606608081800484,10025,0.10022694780200554,727,0.07251870324189526,0.04493966387730822,1.6136903791688741,1.504329335954749,1.73033865641164,-0.41818181818181815,10,True,False,holdout,True
pe_vs_5y_median,LOW,12,all,ALL,launch_300,1,0.5999928873715281,8455,0.10022997771349992,113,0.013364872856298048,0.007847693110152211,1.7030320463230788,1.4180986419446278,2.044287278806626,,1,True,False,holdout,True
pe_vs_5y_median,LOW,12,drawdown,0-10,win_50,1,0.6058328958400263,7748,0.10021082038878901,1533,0.19785751161590087,0.16403895650374434,1.206161730316692,1.1530037167101734,1.2611452618676622,-0.4666666666666667,10,True,False,holdout,False
pe_vs_5y_median,LOW,12,drawdown,0-10,win_100,1,0.6058328958400263,7748,0.10021082038878901,584,0.07537429013939081,0.046147677742281776,1.6333279121937443,1.5104586302620364,1.7653168350188224,-0.4303030303030303,10,True,False,holdout,True
pe_vs_5y_median,LOW,12,drawdown,0-10,launch_300,1,0.5966494720644169,6178,0.10021086780210868,81,0.013111039171252833,0.007737226277372263,1.694539968360036,1.365078508709331,2.1022097470548213,,0,False,False,holdout,False
pe_vs_5y_median,LOW,12,drawdown,10-20,win_50,1,0.6096635030198447,2126,0.10029248042268138,380,0.17873941674506114,0.14907066704406077,1.1990247329625967,1.0936902350616173,1.3121332240672188,-0.2727272727272727,10,True,False,holdout,False
pe_vs_5y_median,LOW,12,drawdown,10-20,win_100,1,0.6096635030198447,2126,0.10029248042268138,138,0.06491063029162747,0.042315312765355224,1.5339749620088283,1.3045613360213095,1.8004788435158001,,3,True,False,holdout,True
pe_vs_5y_median,LOW,12,drawdown,10-20,launch_300,1,0.6096635030198447,2126,0.10029248042268138,30,0.014111006585136407,0.008113973016322294,1.739099520882102,1.2203763522321132,2.473836943803498,,0,False,False,holdout,False
pe_vs_5y_median,LOW,12,drawdown,20-30,win_50,1,0.6036829463570856,151,0.10013262599469495,28,0.18543046357615894,0.14522546419098142,1.2768453838942817,0.9056537035227391,1.7555133920268577,,0,False,False,holdout,False
pe_vs_5y_median,LOW,12,drawdown,20-30,win_100,1,0.6036829463570856,151,0.10013262599469495,5,0.033112582781456956,0.01989389920424403,1.6644591611479032,0.715045609566187,3.7783504407762676,,0,False,False,holdout,False
pe_vs_5y_median,LOW,12,drawdown,20-30,launch_300,1,0.6036829463570856,151,0.10013262599469495,2,0.013245033112582781,0.008620689655172414,1.5364238410596027,0.42221828820268326,5.452237021131862,,0,False,False,holdout,False
pe_vs_5y_median,LOW,12,mst,0-12,win_50,1,0.60268512552065,9093,0.10022706229884044,1793,0.19718464753106785,0.16164410740267185,1.2198690734816637,1.1700729877147449,1.2712473307990348,-0.503030303030303,10,True,False,holdout,False
pe_vs_5y_median,LOW,12,mst,0-12,win_100,1,0.60268512552065,9093,0.10022706229884044,691,0.0759925217200044,0.04675719765442441,1.6252582603785193,1.512564532100252,1.7456107864033978,-0.45454545454545453,10,True,False,holdout,True
pe_vs_5y_median,LOW,12,mst,0-12,launch_300,1,0.5945626945714082,7523,0.10023049149313189,105,0.013957197926359166,0.007314441024821136,1.908170136172568,1.578167547726333,2.306000377586758,,1,True,False,holdout,True
pe_vs_5y_median,LOW,12,mst,13-24,win_50,1,0.647743103928671,932,0.10022583073448758,148,0.15879828326180256,0.15023120765673728,1.0570259384763794,0.9102011440887084,1.222496272310614,0.4255338805760452,10,True,False,holdout,False
pe_vs_5y_median,LOW,12,mst,13-24,win_100,1,0.647743103928671,932,0.10022583073448758,36,0.03862660944206009,0.027207226583503604,1.4197187399277342,1.0302325096265699,1.94842193894326,,0,False,False,holdout,False
pe_vs_5y_median,LOW,12,mst,13-24,launch_300,1,0.647743103928671,932,0.10022583073448758,8,0.008583690987124463,0.012151844284331649,0.7063694025599149,0.35844634780046897,1.3862872511618785,,0,False,False,holdout,False
fcf_ps_slope,HIGH,0,all,ALL,win_50,10,0.9945539120256658,16427,0.10017013128769262,2867,0.17452973762707738,0.17018007085754705,1.0255592017773416,0.9919002221830137,1.060112452054287,0.503030303030303,10,True,False,holdout,False
fcf_ps_slope,HIGH,0,all,ALL,win_100,10,0.9945539120256658,16427,0.10017013128769262,1004,0.06111888963292141,0.05853979791573928,1.0440570656033765,0.9832162044222088,1.1084035242767625,0.3696969696969697,10,True,False,holdout,False
fcf_ps_slope,HIGH,0,all,ALL,launch_300,10,0.9939827163128134,13998,0.10016529635274671,182,0.013001857408201171,0.012744277239908694,1.0202114379217886,0.8830909050517989,1.1782997832219047,0.3939393939393939,10,True,False,holdout,False
fcf_ps_slope,HIGH,0,drawdown,0-10,win_50,10,0.994201581244466,12710,0.10017260267494739,2227,0.17521636506687646,0.17353268022793011,1.009702407850411,0.9721846875363261,1.0483511272573185,0.6,10,True,False,holdout,False
fcf_ps_slope,HIGH,0,drawdown,0-10,win_100,10,0.994201581244466,12710,0.10017260267494739,801,0.06302124311565696,0.06029271522134914,1.045254685981395,0.9773530513819226,1.117536025747404,0.38181818181818183,10,True,False,holdout,False
fcf_ps_slope,HIGH,0,drawdown,0-10,launch_300,10,0.9933415273839364,10281,0.10016660333791248,136,0.013228285186265927,0.012490378900807685,1.0590779744408334,0.8962556390218248,1.2510127296170173,0.23809523809523808,8,True,False,holdout,False
fcf_ps_slope,HIGH,0,drawdown,10-20,win_50,10,0.9957434570031637,3468,0.1001675235399457,602,0.17358708189158017,0.15949396337588817,1.0883614540474988,1.0116017925221248,1.16964998070107,0.4909090909090909,10,True,False,holdout,False
fcf_ps_slope,HIGH,0,drawdown,10-20,win_100,10,0.9957434570031637,3468,0.1001675235399457,197,0.05680507497116494,0.05395413321009763,1.0528400993852636,0.9189352376943798,1.2049225533720311,0.3696969696969697,10,True,False,holdout,False
fcf_ps_slope,HIGH,0,drawdown,10-20,launch_300,10,0.9957434570031637,3468,0.1001675235399457,42,0.012110726643598616,0.013430766564612097,0.9017152211928414,0.668044760040268,1.2157728576912403,,0,False,False,holdout,False
fcf_ps_slope,HIGH,0,drawdown,20-30,win_50,10,0.9959967974379503,249,0.10008038585209003,38,0.15261044176706828,0.14790996784565916,1.0317792910773531,0.7656641360457028,1.3692614089240966,,0,False,False,holdout,False
fcf_ps_slope,HIGH,0,drawdown,20-30,win_100,10,0.9959967974379503,249,0.10008038585209003,6,0.024096385542168676,0.03295819935691318,0.7311196003526301,0.3364661488691467,1.5645395137620393,,0,False,False,holdout,False
fcf_ps_slope,HIGH,0,drawdown,20-30,launch_300,10,0.9959967974379503,249,0.10008038585209003,4,0.01606425702811245,0.013665594855305467,1.1755256319395226,0.4584031092401691,2.9687095620079678,,0,False,False,holdout,False
fcf_ps_slope,HIGH,0,mst,0-12,win_50,10,0.9941873210525267,14992,0.1001750658167288,2627,0.17522678762006402,0.17009448208582234,1.030173262949542,0.9948873067160847,1.0664374589646073,0.5151515151515151,10,True,False,holdout,False
fcf_ps_slope,HIGH,0,mst,0-12,win_100,10,0.9941873210525267,14992,0.1001750658167288,943,0.06290021344717182,0.05959587860321533,1.055445693920489,0.9920947924778354,1.1225542746587638,0.41818181818181815,10,True,False,holdout,False
fcf_ps_slope,HIGH,0,mst,0-12,launch_300,10,0.9934806200936319,12563,0.10017063213625056,153,0.012178619756427604,0.0117528863940805,1.0362237282036122,0.8852533193553346,1.2125697382826808,0.34545454545454546,10,True,False,holdout,False
fcf_ps_slope,HIGH,0,mst,13-24,win_50,10,0.998397882418501,1435,0.10011860740947463,240,0.1672473867595819,0.17107374590106747,0.9776332766823358,0.8699880634260446,1.0956645624732422,0.5515151515151515,10,True,False,holdout,False
fcf_ps_slope,HIGH,0,mst,13-24,win_100,10,0.998397882418501,1435,0.10011860740947463,61,0.04250871080139373,0.04751273285425243,0.894680399289833,0.6994860502178388,1.1412893008131073,,0,False,False,holdout,False
fcf_ps_slope,HIGH,0,mst,13-24,launch_300,10,0.998397882418501,1435,0.10011860740947463,29,0.020209059233449476,0.021419102769831857,0.9435063387395157,0.6586296132762908,1.3479921057640907,,0,False,False,holdout,False
fcf_ps_slope,HIGH,3,all,ALL,win_50,10,0.982357828599846,16226,0.10017286084701815,2813,0.17336373721188217,0.1704840103716508,1.0168914775875675,0.9831799233438574,1.051510001267574,0.4303030303030303,10,True,False,holdout,False
fcf_ps_slope,HIGH,3,all,ALL,win_100,10,0.982357828599846,16226,0.10017286084701815,985,0.060705041291753976,0.05831584146190888,1.0409699966587243,0.9797310727811752,1.1057749225155304,0.5515151515151515,10,True,False,holdout,False
fcf_ps_slope,HIGH,3,all,ALL,launch_300,10,0.9804971727301824,13810,0.10017917636903077,181,0.013106444605358435,0.012672919704322721,1.0342087625543654,0.894856806348791,1.1949289738834283,0.3939393939393939,10,True,False,holdout,False
fcf_ps_slope,HIGH,3,drawdown,0-10,win_50,10,0.9830122001864897,12567,0.10017297314532135,2234,0.1777671679796292,0.17398547663268316,1.0217356725408173,0.9838846546403828,1.0607186179808412,0.6121212121212121,10,True,False,holdout,False
fcf_ps_slope,HIGH,3,drawdown,0-10,win_100,10,0.9830122001864897,12567,0.10017297314532135,800,0.06365878889154133,0.06018190079153149,1.0577729858027198,0.9890376542490222,1.1309395256775079,0.5515151515151515,10,True,False,holdout,False
fcf_ps_slope,HIGH,3,drawdown,0-10,launch_300,10,0.9806342969407802,10151,0.10018159208890116,141,0.013890257117525368,0.012464717841422734,1.1143659482900836,0.9459044652914056,1.3123330625513163,0.09523809523809523,8,True,False,holdout,False
fcf_ps_slope,HIGH,3,drawdown,10-20,win_50,10,0.9805579522576934,3415,0.10016425177450577,539,0.15783308931185944,0.15926555992256702,0.9910057729279071,0.916648316438637,1.0701911860308595,0.05454545454545454,10,True,False,holdout,False
fcf_ps_slope,HIGH,3,drawdown,10-20,win_100,10,0.9805579522576934,3415,0.10016425177450577,177,0.05183016105417277,0.05326450401830234,0.9730713166194749,0.842695569056452,1.122355341414414,-0.23636363636363636,10,True,False,holdout,False
fcf_ps_slope,HIGH,3,drawdown,10-20,launch_300,10,0.9805579522576934,3415,0.10016425177450577,36,0.010541727672035138,0.01319880330850003,0.7986881405563689,0.5776548354824412,1.1030566181214316,,0,False,False,holdout,False
fcf_ps_slope,HIGH,3,drawdown,20-30,win_50,10,0.9739791833466773,244,0.10028771064529388,40,0.16393442622950818,0.14714344430743936,1.1141130140122721,0.8342804558228953,1.46474591102401,,0,False,False,holdout,False
fcf_ps_slope,HIGH,3,drawdown,20-30,win_100,10,0.9739791833466773,244,0.10028771064529388,8,0.03278688524590164,0.032881216605014384,0.9971311475409838,0.5080550482150418,1.9266803304062863,,0,False,False,holdout,False
fcf_ps_slope,HIGH,3,drawdown,20-30,launch_300,10,0.9739791833466773,244,0.10028771064529388,4,0.01639344262295082,0.013974517057131115,1.1730954676952747,0.45748146312472476,2.9614818945082315,,0,False,False,holdout,False
fcf_ps_slope,HIGH,3,mst,0-12,win_50,10,0.981127061840261,14795,0.10017468786393305,2571,0.17377492396079758,0.17040868835143408,1.0197538965995754,0.9844224580016638,1.056079192594364,0.40606060606060607,10,True,False,holdout,False
fcf_ps_slope,HIGH,3,mst,0-12,win_100,10,0.981127061840261,14795,0.10017468786393305,911,0.061574856370395406,0.05936001950004063,1.0373119296288853,0.9739568060882083,1.1045014749683597,0.45454545454545453,10,True,False,holdout,False
fcf_ps_slope,HIGH,3,mst,0-12,launch_300,10,0.9788179564160046,12379,0.10018209039776636,146,0.011794167541804668,0.011669971270181686,1.0106423802379292,0.8601652163492276,1.1870756208147137,0.2,10,True,False,holdout,False
fcf_ps_slope,HIGH,3,mst,13-24,win_50,10,0.995263304541655,1431,0.10015397536394177,242,0.16911250873515024,0.1712625979843225,0.9874456578699742,0.879249066490502,1.1059874777944052,0.583589321932862,10,True,False,holdout,False
fcf_ps_slope,HIGH,3,mst,13-24,win_100,10,0.995263304541655,1431,0.10015397536394177,74,0.0517120894479385,0.04752239641657335,1.088162494892703,0.8709893273721825,1.3558460803396521,,1,False,False,holdout,False
fcf_ps_slope,HIGH,3,mst,13-24,launch_300,10,0.995263304541655,1431,0.10015397536394177,35,0.02445842068483578,0.021346584546472563,1.14577676965552,0.8262818867684039,1.5845556996753904,,0,False,False,holdout,False
fcf_ps_slope,HIGH,6,all,ALL,win_50,10,0.9697311524722693,16018,0.1001763624310498,2737,0.17087027094518667,0.17051495328271773,1.0020837918061052,0.968363308109037,1.036729864954588,0.296969696969697,10,True,False,holdout,False
fcf_ps_slope,HIGH,6,all,ALL,win_100,10,0.9697311524722693,16018,0.1001763624310498,914,0.05706080659258334,0.05813080839034885,0.9815932062981055,0.9216062441109774,1.045234025116082,0.11515151515151516,10,True,False,holdout,False
fcf_ps_slope,HIGH,6,all,ALL,launch_300,10,0.9664497314982752,13612,0.10017810094349343,164,0.012048192771084338,0.01262161645005078,0.9545681267343428,0.8198752170775913,1.1110754554091833,0.3575757575757576,10,True,False,holdout,False
fcf_ps_slope,HIGH,6,drawdown,0-10,win_50,10,0.9719952045509751,12428,0.10018783203140745,2177,0.1751689732861281,0.17417591719267697,1.005701454652612,0.9679112162437148,1.0446442439774772,0.2727272727272727,10,True,False,holdout,False
fcf_ps_slope,HIGH,6,drawdown,0-10,win_100,10,0.9719952045509751,12428,0.10018783203140745,735,0.059140650144834245,0.06007400420808242,0.9844632620123798,0.9176698127494809,1.0557919922358532,0.10303030303030303,10,True,False,holdout,False
fcf_ps_slope,HIGH,6,drawdown,0-10,launch_300,10,0.9680625586729509,10022,0.1001929479040659,130,0.012971462781879864,0.012476631309546422,1.03966066320761,0.8764673246087474,1.2327671704488286,-0.07142857142857142,8,True,False,holdout,False
fcf_ps_slope,HIGH,6,drawdown,10-20,win_50,10,0.9614897900488927,3348,0.1001465705482935,516,0.15412186379928317,0.15865514043851514,0.9714268530682194,0.8968409676788344,1.05100976525407,0.006060606060606061,10,True,False,holdout,False
fcf_ps_slope,HIGH,6,drawdown,10-20,win_100,10,0.9614897900488927,3348,0.1001465705482935,169,0.0504778972520908,0.05273548502886542,0.957190347722432,0.8260783159658599,1.1078408616074809,0.47878787878787876,10,True,False,holdout,False
fcf_ps_slope,HIGH,6,drawdown,10-20,launch_300,10,0.9614897900488927,3348,0.1001465705482935,28,0.008363201911589008,0.012952050492058269,0.6457048570585038,0.4472357736502376,0.9311798134408634,,0,False,False,holdout,False
fcf_ps_slope,HIGH,6,drawdown,20-30,win_50,10,0.9687750200160128,242,0.1,44,0.18181818181818182,0.14669421487603307,1.2394366197183098,0.9429229683620077,1.603735244825592,,0,False,False,holdout,False
fcf_ps_slope,HIGH,6,drawdown,20-30,win_100,10,0.9687750200160128,242,0.1,10,0.04132231404958678,0.03305785123966942,1.25,0.6835838283869378,2.2500309265899103,,0,False,False,holdout,False
fcf_ps_slope,HIGH,6,drawdown,20-30,launch_300,10,0.9687750200160128,242,0.1,6,0.024793388429752067,0.014049586776859505,1.7647058823529411,0.8122273073517754,3.774220955972814,,0,False,False,holdout,False
fcf_ps_slope,HIGH,6,mst,0-12,win_50,10,0.9676615758670857,14590,0.10016132907699173,2504,0.17162440027416037,0.17045275117564274,1.0068737470673637,0.9714881756273986,1.0432735180824089,0.07878787878787878,10,True,False,holdout,False
fcf_ps_slope,HIGH,6,mst,0-12,win_100,10,0.9676615758670857,14590,0.10016132907699173,846,0.05798492117888965,0.05920433872241101,0.9794032402044249,0.9172916927039467,1.045445218111945,0.07878787878787878,10,True,False,holdout,False
fcf_ps_slope,HIGH,6,mst,0-12,launch_300,10,0.9636087104619017,12184,0.10016030251962678,129,0.010587655942219304,0.011607546549385507,0.9121355574300759,0.7683191336454253,1.082530689670723,0.3090909090909091,10,True,False,holdout,False
fcf_ps_slope,HIGH,6,mst,13-24,win_50,10,0.9914321538032879,1428,0.1003302185062882,233,0.16316526610644258,0.1711515492166093,0.9533379443731516,0.8466646477188372,1.0705713229083857,0.6261427099904665,10,True,False,holdout,False
fcf_ps_slope,HIGH,6,mst,13-24,win_100,10,0.9914321538032879,1428,0.1003302185062882,68,0.047619047619047616,0.04714396121689032,1.0100773543396495,0.8004340762518884,1.2712090436558832,,1,False,False,holdout,False
fcf_ps_slope,HIGH,6,mst,13-24,launch_300,10,0.9914321538032879,1428,0.1003302185062882,35,0.024509803921568627,0.021288554767090566,1.1513136607778425,0.8302799286411668,1.5921942471349204,,0,False,False,holdout,False
fcf_ps_slope,HIGH,12,all,ALL,win_50,10,0.9449083929188727,15611,0.10019575751740958,2653,0.16994427006597912,0.17066204550559994,0.9957941706517442,0.9617483868979959,1.0307915204481708,-0.22424242424242424,10,True,False,holdout,False
fcf_ps_slope,HIGH,12,all,ALL,win_100,10,0.9449083929188727,15611,0.10019575751740958,886,0.05675485234770354,0.05780302300953114,0.9818665078874029,0.920941582446466,1.0465643919600942,0.030303030303030304,10,True,False,holdout,False
fcf_ps_slope,HIGH,12,all,ALL,launch_300,10,0.9388527330274903,13227,0.1002060637282383,173,0.013079307477130113,0.012575948120426067,1.0400255592567595,0.8969187351618519,1.205615484433085,-0.12727272727272726,10,True,False,holdout,False
fcf_ps_slope,HIGH,12,drawdown,0-10,win_50,10,0.9515283534841444,12167,0.10019351916663236,2118,0.17407742253636888,0.17427430312512868,0.9988702833106815,0.9608019756670672,1.0381191471661595,-0.10303030303030303,10,True,False,holdout,False
fcf_ps_slope,HIGH,12,drawdown,0-10,win_100,10,0.9515283534841444,12167,0.10019351916663236,710,0.05835456562833895,0.05971919133692922,0.9771492935848511,0.9097087524500307,1.0492582061892652,0.06666666666666667,10,True,False,holdout,False
fcf_ps_slope,HIGH,12,drawdown,0-10,launch_300,10,0.9448450066294386,9783,0.1002069078543041,129,0.013186139221097824,0.012496414962920473,1.0551937703912608,0.8889896196664603,1.2519795862456855,-0.023809523809523808,8,True,False,holdout,False
fcf_ps_slope,HIGH,12,drawdown,10-20,win_50,10,0.9234972677595629,3218,0.10021800062285892,509,0.1581727781230578,0.15857988165680473,0.9974328172685362,0.9205056248251816,1.0795002163103877,-0.24848484848484848,10,True,False,holdout,False
fcf_ps_slope,HIGH,12,drawdown,10-20,win_100,10,0.9234972677595629,3218,0.10021800062285892,173,0.053760099440646365,0.0524758642167549,1.0244728742072136,0.8858547337604902,1.1833692808267724,0.11515151515151516,10,True,False,holdout,False
fcf_ps_slope,HIGH,12,drawdown,10-20,launch_300,10,0.9234972677595629,3218,0.10021800062285892,41,0.0127408328154133,0.012768607910308314,0.9978247358607831,0.7366343567706226,1.350014506026977,,0,False,False,holdout,False
fcf_ps_slope,HIGH,12,drawdown,20-30,win_50,10,0.9047237790232185,226,0.1,26,0.11504424778761062,0.14823008849557523,0.7761194029850745,0.5378743288044895,1.1011749777471518,,0,False,False,holdout,False
fcf_ps_slope,HIGH,12,drawdown,20-30,win_100,10,0.9047237790232185,226,0.1,3,0.01327433628318584,0.030530973451327433,0.43478260869565216,0.14819560669621526,1.254264321077896,,0,False,False,holdout,False
fcf_ps_slope,HIGH,12,drawdown,20-30,launch_300,10,0.9047237790232185,226,0.1,3,0.01327433628318584,0.01327433628318584,1.0,0.3408498954012951,2.884807938479161,,0,False,False,holdout,False
fcf_ps_slope,HIGH,12,mst,0-12,win_50,10,0.9414148392711232,14198,0.10018770199133466,2436,0.17157346105085222,0.17067473926358723,1.0052656989027358,0.9694530410174396,1.0421193562857956,-0.15151515151515152,10,True,False,holdout,False
fcf_ps_slope,HIGH,12,mst,0-12,win_100,10,0.9414148392711232,14198,0.10018770199133466,841,0.059233694886603745,0.05892148976106806,1.0052986631329537,0.941399835572086,1.0732443321702005,0.12727272727272726,10,True,False,holdout,False
fcf_ps_slope,HIGH,12,mst,0-12,launch_300,10,0.9339982097450075,11814,0.1001976133732518,160,0.013543253766717453,0.011576920793506747,1.1698493933130805,1.0029848323728214,1.3640313436743823,0.15151515151515152,10,True,False,holdout,False
fcf_ps_slope,HIGH,12,mst,13-24,win_50,10,0.9815408191696852,1413,0.10027677240791995,217,0.15357395612172683,0.17053438364913776,0.9005454081195392,0.7958302876972946,1.016276010575417,-0.49848254581765294,10,True,False,holdout,False
fcf_ps_slope,HIGH,12,mst,13-24,win_100,10,0.9815408191696852,1413,0.10027677240791995,45,0.03184713375796178,0.046554538357817046,0.6840822588162188,0.5130674942456156,0.9096264072176704,,1,False,False,holdout,False
fcf_ps_slope,HIGH,12,mst,13-24,launch_300,10,0.9815408191696852,1413,0.10027677240791995,13,0.009200283085633405,0.020935348804201264,0.4394616574903739,0.2571985491110662,0.7488491993604435,,0,False,False,holdout,False
pegy,LOW,0,all,ALL,win_50,1,0.3578225351600167,5924,0.10040507788003593,1011,0.17066171505739366,0.14353994000101694,1.1889493269690972,1.1236988631164129,1.257173503907086,-0.9757575757575757,10,True,False,holdout,False
pegy,LOW,0,all,ALL,win_100,1,0.3578225351600167,5924,0.10040507788003593,364,0.06144496961512492,0.036558702394874666,1.6807207474557186,1.5210963068405214,1.8558927726835202,-0.9515151515151515,10,True,True,holdout,True
pegy,LOW,0,all,ALL,launch_300,1,0.3551193143426153,5012,0.10038455375741068,23,0.0045889864325618515,0.005588046787373818,0.8212147476879861,0.5475801909957053,1.2306456263446086,,0,False,False,holdout,False
pegy,LOW,0,drawdown,0-10,win_50,1,0.3489159307637458,4470,0.10038401940308563,745,0.16666666666666666,0.139459677962676,1.1950885668276974,1.1188083865788234,1.2754733928322781,-0.9878787878787879,10,True,False,holdout,False
pegy,LOW,0,drawdown,0-10,win_100,1,0.3489159307637458,4470,0.10038401940308563,257,0.05749440715883669,0.034786319028049136,1.6527878995324978,1.467317137184113,1.860103854745183,-0.9833333333333333,9,True,True,holdout,True
pegy,LOW,0,drawdown,0-10,launch_300,1,0.34314361202783394,3558,0.10034972924187725,13,0.0036537380550871277,0.005302346570397112,0.6890794493679213,0.40294531059296346,1.177128430771328,,0,False,False,holdout,False
pegy,LOW,0,drawdown,10-20,win_50,1,0.3882657463330457,1356,0.10044444444444445,240,0.17699115044247787,0.15496296296296297,1.1421513054366401,1.0170029494916033,1.2790763831847978,-0.9393939393939394,10,True,False,holdout,False
pegy,LOW,0,drawdown,10-20,win_100,1,0.3882657463330457,1356,0.10044444444444445,102,0.0752212389380531,0.043333333333333335,1.7358747447243024,1.438885761248371,2.088246999319877,,1,True,False,holdout,True
pegy,LOW,0,drawdown,10-20,launch_300,1,0.3882657463330457,1356,0.10044444444444445,9,0.00663716814159292,0.006074074074074074,1.0927045111159077,0.5755179555846138,2.068797610976026,,0,False,False,holdout,False
pegy,LOW,0,drawdown,20-30,win_50,1,0.389111289031225,98,0.10082304526748971,26,0.2653061224489796,0.17181069958847736,1.544176952218013,1.0939786733574437,2.0974264484758303,,0,False,False,holdout,False
pegy,LOW,0,drawdown,20-30,win_100,1,0.389111289031225,98,0.10082304526748971,5,0.05102040816326531,0.023662551440329218,2.156166814551908,0.9292028934533036,4.814549158022868,,0,False,False,holdout,False
pegy,LOW,0,drawdown,20-30,launch_300,1,0.389111289031225,98,0.10082304526748971,1,0.01020408163265306,0.009259259259259259,1.1020408163265305,0.19478315558164094,5.999919533382232,,0,False,False,holdout,False
pegy,LOW,0,mst,0-12,win_50,1,0.3592634173237762,5429,0.10038645735101052,939,0.17296002947135752,0.14121410476877277,1.2248070386068464,1.155207287073734,1.2976818701235733,-0.9757575757575757,10,True,False,holdout,False
pegy,LOW,0,mst,0-12,win_100,1,0.3592634173237762,5429,0.10038645735101052,348,0.06410020261558298,0.03696307390765703,1.7341686131332383,1.566107899329186,1.9189063196657599,-0.9393939393939394,10,True,True,holdout,True
pegy,LOW,0,mst,0-12,launch_300,1,0.3565300739074296,4517,0.10035993601137576,22,0.004870489262785035,0.004710273729114824,1.0340140600916454,0.6833305522340979,1.563337923044849,,0,False,False,holdout,False
pegy,LOW,0,mst,13-24,win_50,1,0.342713847868487,495,0.10060975609756098,72,0.14545454545454545,0.16910569105691056,0.8601398601398601,0.6926210601931351,1.059949351346424,,2,False,False,holdout,False
pegy,LOW,0,mst,13-24,win_100,1,0.342713847868487,495,0.10060975609756098,16,0.03232323232323232,0.03211382113821138,1.0065209052550825,0.6225479544213791,1.614787752809729,,0,False,False,holdout,False
pegy,LOW,0,mst,13-24,launch_300,1,0.342713847868487,495,0.10060975609756098,1,0.00202020202020202,0.01361788617886179,0.1483491632745364,0.026193809468275105,0.8337084367217215,,0,False,False,holdout,False
pegy,LOW,3,all,ALL,win_50,1,0.35499639151186557,5875,0.10036730161441873,1035,0.17617021276595746,0.1511915947723584,1.1652116840966464,1.102185119037941,1.231037382467677,-0.9636363636363636,10,True,False,holdout,False
pegy,LOW,3,all,ALL,win_100,1,0.35499639151186557,5875,0.10036730161441873,356,0.06059574468085106,0.038438541043819933,1.576431962174941,1.4250603538869437,1.7427429238085448,-0.9757575757575757,10,True,True,holdout,True
pegy,LOW,3,all,ALL,launch_300,1,0.3536185497350546,4989,0.10034796950741195,32,0.006414111044297455,0.005430737976949534,1.181075402923469,0.8373078809596056,1.6646993086439743,,0,False,False,holdout,False
pegy,LOW,3,drawdown,0-10,win_50,1,0.3417149215254543,4378,0.10038981884888787,781,0.17839195979899497,0.15280898876404495,1.1674179722140112,1.0950594339273882,1.2434666902417733,-0.9757575757575757,10,True,False,holdout,False
pegy,LOW,3,drawdown,0-10,win_100,1,0.3417149215254543,4378,0.10038981884888787,266,0.060758337140246685,0.03845448291676221,1.5800066086381381,1.4058129516607043,1.7742277349532747,-0.9333333333333333,9,True,True,holdout,True
pegy,LOW,3,drawdown,0-10,launch_300,1,0.33671741171233077,3492,0.10036790066681996,20,0.0057273768613974796,0.005231087606346286,1.0948730536359401,0.7093586254344338,1.6880456501904786,,0,False,False,holdout,False
pegy,LOW,3,drawdown,10-20,win_50,1,0.3991084268047167,1392,0.10030986524464942,229,0.16451149425287356,0.14614109677884268,1.1257031586524293,0.998787013895218,1.265254889003071,-0.9272727272727272,10,True,False,holdout,False
pegy,LOW,3,drawdown,10-20,win_100,1,0.3991084268047167,1392,0.10030986524464942,85,0.0610632183908046,0.03970598832600706,1.5378843586373783,1.250487797927438,1.886127482899298,,0,False,False,holdout,False
pegy,LOW,3,drawdown,10-20,launch_300,1,0.3991084268047167,1392,0.10030986524464942,12,0.008620689655172414,0.005692873099373063,1.5142950676560454,0.8674394739173503,2.63624018588715,,0,False,False,holdout,False
pegy,LOW,3,drawdown,20-30,win_50,1,0.41953562850280224,105,0.10019083969465649,25,0.23809523809523808,0.15076335877862596,1.5792646172393008,1.1063086372122544,2.1748457102955556,,0,False,False,holdout,False
pegy,LOW,3,drawdown,20-30,win_100,1,0.41953562850280224,105,0.10019083969465649,5,0.047619047619047616,0.02099236641221374,2.2683982683982684,0.9769820677577454,5.080973929012702,,0,False,False,holdout,False
pegy,LOW,3,drawdown,20-30,launch_300,1,0.41953562850280224,105,0.10019083969465649,0,0.0,0.008587786259541985,0.0,0.0,4.109799242736533,,0,False,False,holdout,False
pegy,LOW,3,mst,0-12,win_50,1,0.3554768721808507,5370,0.100353198407804,977,0.1819366852886406,0.15013735493636823,1.2118015890565654,1.1445971067181646,1.282034840420938,-0.9878787878787879,10,True,False,holdout,False
pegy,LOW,3,mst,0-12,win_100,1,0.3554768721808507,5370,0.100353198407804,349,0.06499068901303538,0.03937508175889069,1.6505537540467663,1.4908795649902415,1.8260228990570926,-0.9515151515151515,10,True,True,holdout,True
pegy,LOW,3,mst,0-12,launch_300,1,0.35403480699308454,4484,0.10032891056765042,32,0.007136485280999108,0.0048105967377441656,1.4834927286683404,1.0517949163986313,2.090585212545618,,0,False,False,holdout,False
pegy,LOW,3,mst,13-24,win_50,1,0.3499582056283087,505,0.10051751592356688,58,0.11485148514851486,0.1624203821656051,0.7071248301300719,0.5535238397843274,0.8965298078225928,,2,False,False,holdout,False
pegy,LOW,3,mst,13-24,win_100,1,0.3499582056283087,505,0.10051751592356688,7,0.013861386138613862,0.028463375796178345,0.48699023748528697,0.23645566997907883,0.9954046538851983,,0,False,False,holdout,False
pegy,LOW,3,mst,13-24,launch_300,1,0.3499582056283087,505,0.10051751592356688,0,0.0,0.010947452229299362,0.0,3.961477610594309e-17,0.6896053800355041,,0,False,False,holdout,False
pegy,LOW,6,all,ALL,win_50,1,0.35334679693612064,5848,0.10037244906716097,970,0.1658686730506156,0.1566345708253952,1.0589531555936902,0.999493964793754,1.1212130245685548,-0.8666666666666667,10,True,False,holdout,False
pegy,LOW,6,all,ALL,win_100,1,0.35334679693612064,5848,0.10037244906716097,337,0.057626538987688096,0.04021420112249627,1.432989774238016,1.2915633243995068,1.5888587532081653,-0.9272727272727272,10,True,False,holdout,False
pegy,LOW,6,all,ALL,launch_300,1,0.3536825633913013,4990,0.10034991754816394,44,0.008817635270541082,0.005610746892973494,1.5715617615158632,1.171893977381717,2.105912775284942,,0,False,False,holdout,False
pegy,LOW,6,drawdown,0-10,win_50,1,0.33510942556475815,4295,0.10042790001636775,742,0.17275902211874272,0.16091846517174457,1.0735810954594986,1.0051480027756816,1.1456486202135074,-0.8666666666666667,10,True,False,holdout,False
pegy,LOW,6,drawdown,0-10,win_100,1,0.33510942556475815,4295,0.10042790001636775,256,0.05960419091967404,0.04049851521032572,1.4717623747469397,1.3064558255349936,1.656503668315476,-0.9636363636363636,10,True,False,holdout,False
pegy,LOW,6,drawdown,0-10,launch_300,1,0.33127836867420907,3437,0.10040899795501022,28,0.008146639511201629,0.005433829973707274,1.4992444648840417,1.0383960452422463,2.162204428625655,,0,False,False,holdout,False
pegy,LOW,6,drawdown,10-20,win_50,1,0.41429393155018696,1444,0.10024297119055883,208,0.1440443213296399,0.1458521346754599,0.9876051636142137,0.869903836947733,1.1182570432354557,-0.7696969696969697,10,True,False,holdout,False
pegy,LOW,6,drawdown,10-20,win_100,1,0.41429393155018696,1444,0.10024297119055883,79,0.054709141274238225,0.04088858035404373,1.3380053990753848,1.0789639564441642,1.6548360738033616,,0,False,False,holdout,False
pegy,LOW,6,drawdown,10-20,launch_300,1,0.41429393155018696,1444,0.10024297119055883,15,0.01038781163434903,0.005900728913571677,1.7604285481505622,1.0685430950340888,2.892617091513627,,0,False,False,holdout,False
pegy,LOW,6,drawdown,20-30,win_50,1,0.43674939951961567,109,0.0999083409715857,20,0.1834862385321101,0.1310724106324473,1.3998845191505744,0.9310635443207554,2.0331194966799835,,0,False,False,holdout,False
pegy,LOW,6,drawdown,20-30,win_100,1,0.43674939951961567,109,0.0999083409715857,2,0.01834862385321101,0.02016498625114574,0.9099249374478733,0.2502536951474369,3.19586511949426,,0,False,False,holdout,False
pegy,LOW,6,drawdown,20-30,launch_300,1,0.43674939951961567,109,0.0999083409715857,1,0.009174311926605505,0.007332722273143905,1.2511467889908257,0.22110905257763258,6.838609625596839,,0,False,False,holdout,False
pegy,LOW,6,mst,0-12,win_50,1,0.35309865610862734,5335,0.10037062818655579,925,0.1733833177132146,0.15748875886591537,1.1009250372011106,1.0379191593393784,1.1669153901831426,-0.9636363636363636,10,True,False,holdout,False
pegy,LOW,6,mst,0-12,win_100,1,0.35309865610862734,5335,0.10037062818655579,322,0.06035613870665417,0.041709781197674635,1.4470499957937706,1.3012923235514906,1.6079761549814506,-0.9393939393939394,10,True,False,holdout,False
pegy,LOW,6,mst,0-12,launch_300,1,0.35342485285846686,4477,0.10034516765285996,42,0.009381282108554836,0.005289582212659136,1.7735393328613667,1.3135451529102646,2.3925672806167535,,0,False,False,holdout,False
pegy,LOW,6,mst,13-24,win_50,1,0.35594873223739204,513,0.10039138943248532,45,0.08771929824561403,0.14774951076320939,0.5937028000464738,0.4480797418870782,0.7808055762819667,,1,False,False,holdout,False
pegy,LOW,6,mst,13-24,win_100,1,0.35594873223739204,513,0.10039138943248532,15,0.029239766081871343,0.024657534246575342,1.1858349577647822,0.7218221075156583,1.9336521044644301,,0,False,False,holdout,False
pegy,LOW,6,mst,13-24,launch_300,1,0.35594873223739204,513,0.10039138943248532,2,0.003898635477582846,0.008414872798434442,0.46330296024298473,0.12713184966346738,1.6758525555140091,,0,False,False,holdout,False
pegy,LOW,12,all,ALL,win_50,1,0.3553481432963994,5884,0.10042155206253307,1086,0.18456832087015634,0.16496851159694845,1.1188093963113046,1.0599762054709585,1.180137608862267,-0.9515151515151515,10,True,False,holdout,False
pegy,LOW,12,all,ALL,win_100,1,0.3553481432963994,5884,0.10042155206253307,378,0.06424201223657376,0.04329868755653406,1.4836942148118117,1.3454719874076102,1.635048739379151,-0.9515151515151515,10,True,False,holdout,False
pegy,LOW,12,all,ALL,launch_300,1,0.35791457733205306,5053,0.10041533355855409,60,0.011874134177716208,0.006061087816219868,1.9590764129733027,1.523903472140542,2.5166061485928637,,0,False,False,holdout,False
pegy,LOW,12,drawdown,0-10,win_50,1,0.3407276231968093,4369,0.1004737374666544,835,0.19111924925612267,0.170131542636372,1.1233616429647524,1.0564403168768106,1.1934728058004067,-0.8545454545454545,10,True,False,holdout,False
pegy,LOW,12,drawdown,0-10,win_100,1,0.3407276231968093,4369,0.1004737374666544,299,0.06843671320668346,0.044430135222150675,1.5403219653620204,1.380201201542475,1.7175086336287448,-0.9393939393939394,10,True,True,holdout,True
pegy,LOW,12,drawdown,0-10,launch_300,1,0.340782176972137,3538,0.10047711007611042,43,0.01215375918598078,0.0059070771327956375,2.0574911945036307,1.5296452201716493,2.7644832813309033,,0,False,False,holdout,False
pegy,LOW,12,drawdown,10-20,win_50,1,0.40460166810468795,1411,0.10029854990048337,235,0.16654854712969525,0.15112311629229458,1.102071947798943,0.9794614386474911,1.236664203277269,-0.7090909090909091,10,True,False,holdout,False
pegy,LOW,12,drawdown,10-20,win_100,1,0.40460166810468795,1411,0.10029854990048337,76,0.05386250885896527,0.04172590275803242,1.2908650334376888,1.0364955723759945,1.6032950766809522,,0,False,False,holdout,False
pegy,LOW,12,drawdown,10-20,launch_300,1,0.40460166810468795,1411,0.10029854990048337,16,0.011339475549255847,0.006326414557861814,1.7924015958082165,1.1051777202569053,2.8990637060942555,,0,False,False,holdout,False
pegy,LOW,12,drawdown,20-30,win_50,1,0.4167333867093675,104,0.09990393852065321,16,0.15384615384615385,0.13640730067243034,1.1278439869989167,0.7109077763136655,1.7255691869544276,,0,False,False,holdout,False
pegy,LOW,12,drawdown,20-30,win_100,1,0.4167333867093675,104,0.09990393852065321,3,0.028846153846153848,0.01729106628242075,1.6682692307692306,0.57013157344312,4.707656559920133,,0,False,False,holdout,False
pegy,LOW,12,drawdown,20-30,launch_300,1,0.4167333867093675,104,0.09990393852065321,1,0.009615384615384616,0.007684918347742555,1.2512019230769231,0.22113088961733784,6.827362749228243,,0,False,False,holdout,False
pegy,LOW,12,mst,0-12,win_50,1,0.35440069619286135,5358,0.10043299780689423,1028,0.19186263531168346,0.16648859397551968,1.152407085255911,1.090413261357147,1.2170529004514161,-0.9757575757575757,10,True,False,holdout,False
pegy,LOW,12,mst,0-12,win_100,1,0.35440069619286135,5358,0.10043299780689423,369,0.06886898096304592,0.04538041950177135,1.5175924268473924,1.3748820063932035,1.6739158202188962,-0.9636363636363636,10,True,True,holdout,True
pegy,LOW,12,mst,0-12,launch_300,1,0.3570766561839051,4527,0.10042815626594494,55,0.012149326264634415,0.005901013820795528,2.058854060266637,1.5838498454889882,2.6740452279461597,,0,False,False,holdout,False
pegy,LOW,12,mst,13-24,win_50,1,0.36528280858177764,526,0.10030511060259344,58,0.11026615969581749,0.14950419527078565,0.7375455885776364,0.5770563129600341,0.9358351413342746,,1,False,False,holdout,False
pegy,LOW,12,mst,13-24,win_100,1,0.36528280858177764,526,0.10030511060259344,9,0.017110266159695818,0.02212051868802441,0.7735020322538351,0.40809957157629906,1.4554476379422658,,0,False,False,holdout,False
pegy,LOW,12,mst,13-24,launch_300,1,0.36528280858177764,526,0.10030511060259344,5,0.009505703422053232,0.007437070938215103,1.2781515062883884,0.5468429545387136,2.9657999776712205,,0,False,False,holdout,False
pct_from_52w_high,LOW,0,all,ALL,win_50,1,0.9893867996045824,16335,0.1001293375587689,1885,0.11539638812366085,0.1700329167151938,0.6786708735753237,0.6503856738975133,0.7080196902763793,1.0,10,True,False,holdout,False
pct_from_52w_high,LOW,0,all,ALL,win_100,1,0.9893867996045824,16335,0.1001293375587689,485,0.029690847872666053,0.05834901525692814,0.5088491680952691,0.4661003570572451,0.5553881154051917,0.9878787878787879,10,True,False,holdout,False
pct_from_52w_high,LOW,0,all,ALL,launch_300,1,0.9886980333582275,13919,0.1001323683869761,86,0.006178604784826496,0.012661323971627125,0.4879904185906772,0.3953872112546504,0.602115946083209,0.9285714285714286,8,False,False,holdout,False
pct_from_52w_high,LOW,0,drawdown,0-10,win_50,1,0.9891318826838843,12640,0.10013150181409129,1536,0.12151898734177215,0.1735903163965334,0.7000332153562391,0.6678815878014016,0.73350968996788,1.0,10,True,False,holdout,False
pct_from_52w_high,LOW,0,drawdown,0-10,win_100,1,0.9891318826838843,12640,0.10013150181409129,384,0.030379746835443037,0.06023733700904669,0.5043341612342604,0.45698302681831937,0.556422566295108,0.9878787878787879,10,True,False,holdout,False
pct_from_52w_high,LOW,0,drawdown,0-10,launch_300,1,0.9881347566463751,10224,0.1001361397048021,59,0.005770735524256651,0.01242886945279674,0.4643009202223234,0.36018641543023766,0.5982856867531343,,4,False,False,holdout,False
pct_from_52w_high,LOW,0,drawdown,10-20,win_50,1,0.9903652574058096,3448,0.10013068099317554,333,0.09657772621809745,0.15861768549440977,0.6088711099084924,0.5495137395453503,0.6738893558340351,1.0,10,True,False,holdout,False
pct_from_52w_high,LOW,0,drawdown,10-20,win_100,1,0.9903652574058096,3448,0.10013068099317554,97,0.028132250580046404,0.053259764774212286,0.5282083144623216,0.43403093561927303,0.6421052158622107,0.9642857142857143,7,False,False,holdout,False
pct_from_52w_high,LOW,0,drawdown,10-20,launch_300,1,0.9903652574058096,3448,0.10013068099317554,26,0.0075406032482598605,0.013271380862494554,0.5681852797676769,0.3881408688742129,0.8308201078672032,,1,False,False,holdout,False
pct_from_52w_high,LOW,0,drawdown,20-30,win_50,1,0.988791032826261,247,0.1,16,0.06477732793522267,0.14736842105263157,0.4395604395604396,0.27321060146806664,0.6963655628403385,,0,False,False,holdout,False
pct_from_52w_high,LOW,0,drawdown,20-30,win_100,1,0.988791032826261,247,0.1,4,0.016194331983805668,0.03279352226720648,0.4938271604938272,0.19257512153409043,1.2469452913383752,,0,False,False,holdout,False
pct_from_52w_high,LOW,0,drawdown,20-30,launch_300,1,0.988791032826261,247,0.1,1,0.004048582995951417,0.013765182186234818,0.29411764705882354,0.051944983328356065,1.6398200417090643,,0,False,False,holdout,False
pct_from_52w_high,LOW,0,mst,0-12,win_50,1,0.9887798688659629,14903,0.1001249630485609,1642,0.11017915855867946,0.16994302759936578,0.6483299733745043,0.6193382629036831,0.6785039146068823,1.0,10,True,False,holdout,False
pct_from_52w_high,LOW,0,mst,0-12,win_100,1,0.9887798688659629,14903,0.1001249630485609,442,0.02965845802858485,0.05940447717072909,0.4992630091389599,0.455415011741497,0.5471917069562072,0.9878787878787879,10,True,False,holdout,False
pct_from_52w_high,LOW,0,mst,0-12,launch_300,1,0.9878959750948597,12487,0.10012749476790339,67,0.005365580203411548,0.011699048199437099,0.4586339086687166,0.3613604948683488,0.5819130071413283,,4,False,False,holdout,False
pct_from_52w_high,LOW,0,mst,13-24,win_50,1,0.99575090554472,1432,0.10017488632388948,243,0.1696927374301676,0.17096887023434768,0.9925358762537831,0.884026210971172,1.1113831665924496,0.17575757575757575,10,True,False,holdout,False
pct_from_52w_high,LOW,0,mst,13-24,win_100,1,0.99575090554472,1432,0.10017488632388948,43,0.030027932960893854,0.04735921650926898,0.6340462358581649,0.4723201378334891,0.848871442759837,,1,False,False,holdout,False
pct_from_52w_high,LOW,0,mst,13-24,launch_300,1,0.99575090554472,1432,0.10017488632388948,19,0.013268156424581005,0.02105631339629241,0.6301272295328422,0.40417598430477036,0.9797663473139167,,0,False,False,holdout,False
pct_from_52w_high,LOW,3,all,ALL,win_50,1,0.9782338421604837,16151,0.10013019218846869,1915,0.1185685096898025,0.17031618102913826,0.6961670287188826,0.6674249240907529,0.7259742179797215,1.0,10,True,False,holdout,False
pct_from_52w_high,LOW,3,all,ALL,win_100,1,0.9782338421604837,16151,0.10013019218846869,462,0.0286050399356077,0.0582393056416615,0.4911638217600088,0.44890988262112225,0.537267153708624,0.9878787878787879,10,True,False,holdout,False
pct_from_52w_high,LOW,3,all,ALL,launch_300,1,0.976442974501227,13747,0.10013621497199217,92,0.006692369244198734,0.012659979749859778,0.5286240086026093,0.4313184474946386,0.6477007378603241,0.9761904761904762,8,False,False,holdout,False
pct_from_52w_high,LOW,3,drawdown,0-10,win_50,1,0.9790551711708888,12514,0.10015366392419246,1518,0.12130413936391242,0.17400038415981048,0.6971486870540513,0.6649405098010593,0.7306926509259981,1.0,10,True,False,holdout,False
pct_from_52w_high,LOW,3,drawdown,0-10,win_100,1,0.9790551711708888,12514,0.10015366392419246,358,0.028607959085823878,0.060217050292921855,0.47508071130456164,0.4289277064149372,0.5260383412889676,0.9878787878787879,10,True,False,holdout,False
pct_from_52w_high,LOW,3,drawdown,0-10,launch_300,1,0.9768114819940577,10110,0.10016744112314353,76,0.00751730959446093,0.012503591562552634,0.6012120243094581,0.4807116680888651,0.7516327005965281,,4,False,False,holdout,False
pct_from_52w_high,LOW,3,drawdown,10-20,win_50,1,0.9758987633016969,3395,0.10005304727101261,380,0.11192930780559647,0.15843451609100553,0.7064704747878533,0.6422812348225306,0.7761964826866079,0.9878787878787879,10,True,False,holdout,False
pct_from_52w_high,LOW,3,drawdown,10-20,win_100,1,0.9758987633016969,3395,0.10005304727101261,102,0.03004418262150221,0.05284097606978663,0.5685773590143965,0.4695556229581682,0.6877030488044098,0.9272727272727272,10,True,False,holdout,False
pct_from_52w_high,LOW,3,drawdown,10-20,launch_300,1,0.9758987633016969,3395,0.10005304727101261,16,0.00471281296023564,0.013084993516444654,0.36016930037548595,0.22186042131677183,0.5840397718331811,,1,False,False,holdout,False
pct_from_52w_high,LOW,3,drawdown,20-30,win_50,1,0.9687750200160128,242,0.1,17,0.07024793388429752,0.14669421487603307,0.4788732394366197,0.3021159612544984,0.7471842483992859,,0,False,False,holdout,False
pct_from_52w_high,LOW,3,drawdown,20-30,win_100,1,0.9687750200160128,242,0.1,2,0.008264462809917356,0.031818181818181815,0.25974025974025977,0.0713223443967071,0.9311361167451663,,0,False,False,holdout,False
pct_from_52w_high,LOW,3,drawdown,20-30,launch_300,1,0.9687750200160128,242,0.1,0,0.0,0.013223140495867768,0.0,0.0,1.1816978682927612,,0,False,False,holdout,False
pct_from_52w_high,LOW,3,mst,0-12,win_50,1,0.9769020746281546,14724,0.10012512240235012,1633,0.11090736212985602,0.17025486889348276,0.6514196207759758,0.6222223383905334,0.681809079661863,1.0,10,True,False,holdout,False
pct_from_52w_high,LOW,3,mst,0-12,win_100,1,0.9769020746281546,14724,0.10012512240235012,380,0.02580820429231187,0.05929033837449679,0.4352851577486196,0.3941296254238936,0.4806128139124277,1.0,10,True,False,holdout,False
pct_from_52w_high,LOW,3,mst,0-12,launch_300,1,0.9746512567431618,12320,0.10013085281902487,56,0.004545454545454545,0.01167922366079048,0.389191497437844,0.2998727886098368,0.5049568109529842,1.0,5,False,False,holdout,False
pct_from_52w_high,LOW,3,mst,13-24,win_50,1,0.9921983839509613,1427,0.10018253299634934,282,0.19761737911702873,0.17094917158101658,1.1560008000587092,1.0399614976521512,1.2815379347303302,-0.006060606060606061,10,True,False,holdout,False
pct_from_52w_high,LOW,3,mst,13-24,win_100,1,0.9921983839509613,1427,0.10018253299634934,82,0.05746320953048353,0.04738837405223252,1.2126014171143813,0.9819779005661008,1.4933681564207166,,1,False,False,holdout,False
pct_from_52w_high,LOW,3,mst,13-24,launch_300,1,0.9921983839509613,1427,0.10018253299634934,36,0.025227750525578137,0.02113170457736591,1.1938341477951329,0.8649399838079019,1.6433666829944122,,0,False,False,holdout,False
pct_from_52w_high,LOW,6,all,ALL,win_50,1,0.9665957098411658,15960,0.10013740659175184,1957,0.12261904761904761,0.17042809368745335,0.7194767304263677,0.690150215411406,0.749868927289368,0.9878787878787879,10,True,False,holdout,False
pct_from_52w_high,LOW,6,all,ALL,win_100,1,0.9665957098411658,15960,0.10013740659175184,470,0.02944862155388471,0.0581687905082789,0.506261541568299,0.46308123390391775,0.5533350409863602,1.0,10,True,False,holdout,False
pct_from_52w_high,LOW,6,all,ALL,launch_300,1,0.9635620043387033,13566,0.10013877406401323,95,0.0070028011204481795,0.012688968938230778,0.5518810200054426,0.45176222329109356,0.6739971243450635,0.9428571428571428,6,False,False,holdout,False
pct_from_52w_high,LOW,6,drawdown,0-10,win_50,1,0.9693545733069009,12387,0.10012933473445962,1612,0.13013643335755226,0.17412496968717162,0.7473737603018796,0.71400377551022,0.7820608060751859,0.9878787878787879,10,True,False,holdout,False
pct_from_52w_high,LOW,6,drawdown,0-10,win_100,1,0.9693545733069009,12387,0.10012933473445962,382,0.030838782594655688,0.06015681836553229,0.5126398541769491,0.46439894673273097,0.5657164981439581,1.0,10,True,False,holdout,False
pct_from_52w_high,LOW,6,drawdown,0-10,launch_300,1,0.9658753278426743,9993,0.10012925722187152,77,0.00770539377564295,0.012575024298353724,0.6127537882095155,0.49066036767093185,0.7649342599085952,,3,False,False,holdout,False
pct_from_52w_high,LOW,6,drawdown,10-20,win_50,1,0.9579522576934139,3336,0.10015611865017414,326,0.09772182254196643,0.15834033865737962,0.6171631522995483,0.5564178608813903,0.6837527805414398,1.0,10,True,False,holdout,False
pct_from_52w_high,LOW,6,drawdown,10-20,win_100,1,0.9579522576934139,3336,0.10015611865017414,87,0.026079136690647483,0.05262999879908731,0.49551847398293575,0.4026571463271119,0.6090942227493592,0.9285714285714286,8,False,False,holdout,False
pct_from_52w_high,LOW,6,drawdown,10-20,launch_300,1,0.9579522576934139,3336,0.10015611865017414,17,0.005095923261390888,0.013029902726071815,0.39109449767375043,0.24437174886990493,0.625190838588931,,1,False,False,holdout,False
pct_from_52w_high,LOW,6,drawdown,20-30,win_50,1,0.9459567654123299,237,0.10029623360135421,19,0.08016877637130802,0.1472704189589505,0.544364421164945,0.3525613427138442,0.8271073316492805,,0,False,False,holdout,False
pct_from_52w_high,LOW,6,drawdown,20-30,win_100,1,0.9459567654123299,237,0.10029623360135421,1,0.004219409282700422,0.03216250528988574,0.13119031756606706,0.023170397919959444,0.7309491596981529,,0,False,False,holdout,False
pct_from_52w_high,LOW,6,drawdown,20-30,launch_300,1,0.9459567654123299,237,0.10029623360135421,1,0.004219409282700422,0.012695725772323318,0.3323488045007032,0.0586983413972306,1.8517378712353207,,0,False,False,holdout,False
pct_from_52w_high,LOW,6,mst,0-12,win_50,1,0.9644264048414634,14538,0.10013913953904861,1691,0.1163158618792131,0.17034261389466723,0.6828347834977921,0.6528337571953432,0.7140258381765839,1.0,10,True,False,holdout,False
pct_from_52w_high,LOW,6,mst,0-12,win_100,1,0.9644264048414634,14538,0.10013913953904861,396,0.02723895996698308,0.05921696124757195,0.4599857776069175,0.41736732767232504,0.5068221864150464,1.0,10,True,False,holdout,False
pct_from_52w_high,LOW,6,mst,0-12,launch_300,1,0.9606302331292231,12144,0.10014100883160577,66,0.005434782608695652,0.011693013053624586,0.46478889433985404,0.3655569817137889,0.5907708326925663,,4,False,False,holdout,False
pct_from_52w_high,LOW,6,mst,13-24,win_50,1,0.9893424352187239,1422,0.10011969302260086,266,0.18706047819971872,0.17130183763993523,1.0919934121950698,0.9786527144308238,1.2151776959341003,0.4666666666666667,10,True,False,holdout,False
pct_from_52w_high,LOW,6,mst,13-24,win_100,1,0.9893424352187239,1422,0.10011969302260086,74,0.052039381153305204,0.04745476307822291,1.0966102826712074,0.8777778447587276,1.3663072431690464,,1,False,False,holdout,False
pct_from_52w_high,LOW,6,mst,13-24,launch_300,1,0.9893424352187239,1422,0.10011969302260086,29,0.020393811533052038,0.021192705766387383,0.9623033395479671,0.6717668248277078,1.3747818548615756,,0,False,False,holdout,False
pct_from_52w_high,LOW,12,all,ALL,win_50,1,0.9422459957911079,15557,0.10013130285905539,1977,0.12708105675901524,0.1704362601856262,0.7456221852122795,0.715453446566206,0.776871226791867,1.0,10,True,False,holdout,False
pct_from_52w_high,LOW,12,all,ALL,win_100,1,0.9422459957911079,15557,0.10013130285905539,464,0.029825801889824515,0.057638093276521245,0.517466838237239,0.4730662959055138,0.5658949431161917,1.0,10,True,False,holdout,False
pct_from_52w_high,LOW,12,all,ALL,launch_300,1,0.9364984530033074,13182,0.10011620223746269,89,0.006751631011986042,0.012546803678978027,0.5381156177089383,0.43757912789078607,0.6615581936971036,1.0,6,False,False,holdout,False
pct_from_52w_high,LOW,12,drawdown,0-10,win_50,1,0.9497888278574843,12136,0.10012127412076262,1589,0.130932762030323,0.1742552366495343,0.7513849485835404,0.7176131083272861,0.7864971839224799,1.0,10,True,False,holdout,False
pct_from_52w_high,LOW,12,drawdown,0-10,win_100,1,0.9497888278574843,12136,0.10012127412076262,392,0.032300593276203035,0.059770816661579206,0.5404074275760384,0.49020804039296195,0.595558930640111,0.9878787878787879,10,True,False,holdout,False
pct_from_52w_high,LOW,12,drawdown,0-10,launch_300,1,0.9437417132017769,9761,0.10009844740242427,68,0.006966499334084622,0.01259306356010419,0.5532013160129705,0.43670034771310895,0.7005062068385542,,4,False,False,holdout,False
pct_from_52w_high,LOW,12,drawdown,10-20,win_50,1,0.9170549324129997,3194,0.1001693533212068,364,0.11396368190356919,0.1575613121746221,0.7232973648839982,0.6562783171313313,0.7962027863583918,0.9878787878787879,10,True,False,holdout,False
pct_from_52w_high,LOW,12,drawdown,10-20,win_100,1,0.9170549324129997,3194,0.1001693533212068,69,0.021603005635566688,0.05146459261117732,0.4197644349151002,0.3323865725756481,0.5294754048888188,1.0,7,False,False,holdout,False
pct_from_52w_high,LOW,12,drawdown,10-20,launch_300,1,0.9170549324129997,3194,0.1001693533212068,20,0.006261740763932373,0.01238788182901587,0.5054730784778422,0.3275159043353958,0.7791869113171705,,0,False,False,holdout,False
pct_from_52w_high,LOW,12,drawdown,20-30,win_50,1,0.9075260208166533,227,0.10013233348037054,24,0.10572687224669604,0.14733127481252756,0.717613231686407,0.4892578879379601,1.0350351204033954,,0,False,False,holdout,False
pct_from_52w_high,LOW,12,drawdown,20-30,win_100,1,0.9075260208166533,227,0.10013233348037054,3,0.013215859030837005,0.030436700485222762,0.43420800612909405,0.14799829349108354,1.252711294211029,,0,False,False,holdout,False
pct_from_52w_high,LOW,12,drawdown,20-30,launch_300,1,0.9075260208166533,227,0.10013233348037054,1,0.004405286343612335,0.012792236435818262,0.3443718669299712,0.06082321384797354,1.9173350556285909,,0,False,False,holdout,False
pct_from_52w_high,LOW,12,mst,0-12,win_50,1,0.938491892143251,14147,0.10013873748885145,1757,0.12419594260267194,0.17042060110140578,0.72876132228152,0.6974689130994824,0.7612509771779338,1.0,10,True,False,holdout,False
pct_from_52w_high,LOW,12,mst,0-12,win_100,1,0.938491892143251,14147,0.10013873748885145,418,0.029546900402912277,0.0586944519161346,0.5034019304776929,0.4579941600272174,0.5531614435525467,1.0,10,True,False,holdout,False
pct_from_52w_high,LOW,12,mst,0-12,launch_300,1,0.9313682776321105,11772,0.10012332553689135,69,0.005861365953109072,0.011516053582819477,0.5089734873979315,0.4024341817511089,0.6435077218895546,,4,False,False,holdout,False
pct_from_52w_high,LOW,12,mst,13-24,win_50,1,0.9816104764558373,1410,0.10005676979846721,220,0.15602836879432624,0.1705932443939824,0.9146222017677393,0.8090857831218804,1.0311154843636237,0.7333333333333333,10,True,False,holdout,False
pct_from_52w_high,LOW,12,mst,13-24,win_100,1,0.9816104764558373,1410,0.10005676979846721,46,0.032624113475177303,0.0470479704797048,0.693422333472396,0.5217492771188991,0.9190776271312753,,2,False,False,holdout,False
pct_from_52w_high,LOW,12,mst,13-24,launch_300,1,0.9816104764558373,1410,0.10005676979846721,20,0.014184397163120567,0.021146749929037752,0.6707601504117283,0.4350923394479312,1.0312678295071553,,0,False,False,holdout,False
dist_above_30w_sma,HIGH,0,all,ALL,win_50,10,0.9986111869196853,16492,0.1001579011296004,3223,0.1954280863448945,0.16983481112595653,1.15069510808333,1.1154807561021587,1.1867447069214059,-0.296969696969697,10,True,False,holdout,False
dist_above_30w_sma,HIGH,0,all,ALL,win_100,10,0.9986111869196853,16492,0.1001579011296004,1512,0.09168081494057725,0.05844163731325155,1.5687584940367298,1.4950155961337261,1.64575547865433,-0.22424242424242424,10,True,False,holdout,True
dist_above_30w_sma,HIGH,0,all,ALL,launch_300,10,0.9986130374479889,14062,0.10015669515669516,361,0.025672023894182903,0.012727920227920228,2.016984977472456,1.8215626816182156,2.2327627727433823,-0.25,7,True,False,holdout,True
dist_above_30w_sma,HIGH,0,drawdown,0-10,win_50,10,0.9983858455896757,12761,0.1001530432052741,2649,0.2075856124128203,0.17324490837028608,1.1982205674358748,1.158113308302745,1.2393437220232333,-0.1393939393939394,10,True,False,holdout,False
dist_above_30w_sma,HIGH,0,drawdown,0-10,win_100,10,0.9983858455896757,12761,0.1001530432052741,1277,0.10007052738813572,0.06022838755248597,1.6615176240760117,1.5770564766275814,1.7499753922253394,-0.2,10,True,False,holdout,True
dist_above_30w_sma,HIGH,0,drawdown,0-10,launch_300,10,0.9983353818459841,10331,0.10015025931850129,276,0.02671570999903204,0.012466676360816248,2.1429697239114693,1.907309393254604,2.406852443303775,,4,True,False,holdout,True
dist_above_30w_sma,HIGH,0,drawdown,10-20,win_50,10,0.9993385102099511,3481,0.10018131061674389,539,0.15484056305659294,0.15894897401214494,0.9741526424999881,0.9009452315585885,1.0521475137079552,-0.7538028741632801,10,True,False,holdout,False
dist_above_30w_sma,HIGH,0,drawdown,10-20,win_100,10,0.9993385102099511,3481,0.10018131061674389,221,0.06348750359092215,0.053731257374737385,1.181574872669401,1.0395930411482603,1.3414674156351476,-0.503030303030303,10,True,False,holdout,False
dist_above_30w_sma,HIGH,0,drawdown,10-20,launch_300,10,0.9993385102099511,3481,0.10018131061674389,81,0.023269175524274634,0.013440009209428153,1.7313362782483313,1.3959685053872783,2.144905865036141,,1,False,False,holdout,False
dist_above_30w_sma,HIGH,0,drawdown,20-30,win_50,10,1.0,250,0.100080064051241,35,0.14,0.14731785428342675,0.9503260869565218,0.6952060057719094,1.2794085256504146,,0,False,False,holdout,False
dist_above_30w_sma,HIGH,0,drawdown,20-30,win_100,10,1.0,250,0.100080064051241,14,0.056,0.03282626100880705,1.705951219512195,1.0250222855558497,2.7962587956825096,,0,False,False,holdout,False
dist_above_30w_sma,HIGH,0,drawdown,20-30,launch_300,10,1.0,250,0.100080064051241,4,0.016,0.013610888710968775,1.175529411764706,0.45839949614190706,2.9689324826728813,,0,False,False,holdout,False
dist_above_30w_sma,HIGH,0,mst,0-12,win_50,10,0.9985916709292979,15057,0.10016564551859021,2922,0.19406256226339907,0.1697234584655504,1.1434044770115788,1.10664767844275,1.1810808093855092,-0.40606060606060607,10,True,False,holdout,False
dist_above_30w_sma,HIGH,0,mst,0-12,win_100,10,0.9985916709292979,15057,0.10016564551859021,1388,0.09218303778973234,0.05950599051363416,1.5491387840794137,1.4732268067380914,1.6285468428888692,-0.22424242424242424,10,True,False,holdout,True
dist_above_30w_sma,HIGH,0,mst,0-12,launch_300,10,0.9985899761563384,12627,0.10016579275112843,301,0.023837807872020274,0.011764145929351663,2.0263101133882317,1.8121513992031046,2.2650888478576587,-0.3,5,True,False,holdout,True
dist_above_30w_sma,HIGH,0,mst,13-24,win_50,10,0.9988158261354138,1435,0.10007671385731222,301,0.2097560975609756,0.1710021619359788,1.226628337245852,1.108055818204437,1.3542639139887314,0.5515151515151515,10,True,False,holdout,False
dist_above_30w_sma,HIGH,0,mst,13-24,win_100,10,0.9988158261354138,1435,0.10007671385731222,124,0.08641114982578398,0.04728363205244438,1.8275066037638885,1.5429354484241402,2.158783604191225,,2,True,False,holdout,True
dist_above_30w_sma,HIGH,0,mst,13-24,launch_300,10,0.9988158261354138,1435,0.10007671385731222,60,0.041811846689895474,0.021200920566287747,1.9721712818631947,1.538647666107638,2.5210939861677835,,0,False,False,holdout,False
dist_above_30w_sma,HIGH,3,all,ALL,win_50,10,0.9957668492137135,16451,0.10019428592310176,3289,0.1999270561060118,0.16991796139861504,1.1766093146385956,1.141055681363213,1.2129875036787183,-0.3333333333333333,10,True,False,holdout,False
dist_above_30w_sma,HIGH,3,all,ALL,win_100,10,0.9957668492137135,16451,0.10019428592310176,1474,0.0895994164488481,0.05839540535108502,1.5343572993484373,1.4612506130972085,1.6107454052501111,-0.2727272727272727,10,True,False,holdout,True
dist_above_30w_sma,HIGH,3,all,ALL,launch_300,10,0.9956043956043956,14024,0.1001878880101731,333,0.02374500855675984,0.012666366617372854,1.8746503456004355,1.6857652025785401,2.0841286404709267,-0.21428571428571427,7,True,False,holdout,True
dist_above_30w_sma,HIGH,3,drawdown,0-10,win_50,10,0.9954161149027198,12728,0.1001920715387764,2661,0.20906662476429919,0.17340753802071854,1.2056374662289486,1.1654074913941408,1.2468798606435338,-0.296969696969697,10,True,False,holdout,False
dist_above_30w_sma,HIGH,3,drawdown,0-10,win_100,10,0.9954161149027198,12728,0.1001920715387764,1198,0.09412319296040227,0.060227022261406214,1.5628066842135226,1.4805995914801986,1.649080436407479,-0.2727272727272727,10,True,False,holdout,True
dist_above_30w_sma,HIGH,3,drawdown,0-10,launch_300,10,0.9951126036757092,10301,0.10018284024819592,262,0.025434423842345403,0.01240007002392484,2.05115163005305,1.8198604819576147,2.3109764041651726,,4,True,False,holdout,True
dist_above_30w_sma,HIGH,3,drawdown,10-20,win_50,10,0.9967500719010641,3473,0.10021063565802002,595,0.1713216239562338,0.15875580690769542,1.079151857770119,1.0025155826418914,1.1603630455832847,-0.3696969696969697,10,True,False,holdout,False
dist_above_30w_sma,HIGH,3,drawdown,10-20,win_100,10,0.9967500719010641,3473,0.10021063565802002,270,0.07774258566081198,0.05352454049686932,1.452466194742189,1.2946672857271107,1.6276978429687818,-0.05454545454545454,10,True,False,holdout,False
dist_above_30w_sma,HIGH,3,drawdown,10-20,launch_300,10,0.9967500719010641,3473,0.10021063565802002,69,0.019867549668874173,0.013388348674149522,1.483943251883992,1.1748555698883978,1.8722765674522162,,1,False,False,holdout,False
dist_above_30w_sma,HIGH,3,drawdown,20-30,win_50,10,1.0,250,0.100080064051241,33,0.132,0.14731785428342675,0.8960217391304348,0.6486519691931739,1.2189974745216268,,0,False,False,holdout,False
dist_above_30w_sma,HIGH,3,drawdown,20-30,win_100,10,1.0,250,0.100080064051241,6,0.024,0.03282626100880705,0.7311219512195122,0.3364616286483025,1.564665683011104,,0,False,False,holdout,False
dist_above_30w_sma,HIGH,3,drawdown,20-30,launch_300,10,1.0,250,0.100080064051241,2,0.008,0.013610888710968775,0.587764705882353,0.16138821991774405,2.108203986062675,,0,False,False,holdout,False
dist_above_30w_sma,HIGH,3,mst,0-12,win_50,10,0.9955956501232288,15017,0.10020017348368586,2938,0.19564493573949523,0.16982718355908455,1.1520236727674897,1.115123910934505,1.1898400881986606,-0.4303030303030303,10,True,False,holdout,False
dist_above_30w_sma,HIGH,3,mst,0-12,win_100,10,0.9955956501232288,15017,0.10020017348368586,1318,0.08776719717653327,0.05945819710415694,1.476116018499275,1.4017643414545502,1.5540138915235007,-0.2727272727272727,10,True,False,holdout,False
dist_above_30w_sma,HIGH,3,mst,0-12,launch_300,10,0.9953817758378948,12590,0.10019418093843509,254,0.02017474185861795,0.011706563952377921,1.7233700632131184,1.5257424793335974,1.9460023458292184,-0.2571428571428571,6,True,False,holdout,True
dist_above_30w_sma,HIGH,3,mst,13-24,win_50,10,0.9975619949846753,1434,0.10013267229942042,351,0.24476987447698745,0.17086795614831365,1.4325089384490959,1.3063764427532012,1.5666229704247727,0.5878787878787879,10,True,False,holdout,False
dist_above_30w_sma,HIGH,3,mst,13-24,win_100,10,0.9975619949846753,1434,0.10013267229942042,156,0.1087866108786611,0.047273235109280075,2.3012305087050304,1.982171107894011,2.664509383142819,,2,True,False,holdout,True
dist_above_30w_sma,HIGH,3,mst,13-24,launch_300,10,0.9975619949846753,1434,0.10013267229942042,79,0.05509065550906555,0.02108791285524754,2.6124280713421446,2.106728012583944,3.230861661552669,,0,False,False,holdout,False
dist_above_30w_sma,HIGH,6,all,ALL,win_50,10,0.9866940790471166,16298,0.1001751744060973,3383,0.20757148116333293,0.1700789821445035,1.2204416944768333,1.184239395619767,1.257454317135931,-0.296969696969697,10,True,False,holdout,False
dist_above_30w_sma,HIGH,6,all,ALL,win_100,10,0.9866940790471166,16298,0.1001751744060973,1508,0.09252669039145907,0.05831156458403761,1.5867639815788377,1.5121102668576036,1.6647110167569832,-0.24848484848484848,10,True,False,holdout,True
dist_above_30w_sma,HIGH,6,all,ALL,launch_300,10,0.9857178420285216,13883,0.1001753411214616,269,0.01937621551537852,0.01266352543889398,1.530080672153711,1.3592341929970615,1.7219249292654735,-0.23333333333333334,9,True,False,holdout,True
dist_above_30w_sma,HIGH,6,drawdown,0-10,win_50,10,0.9866793082643138,12614,0.10017391856799104,2728,0.21626763913112415,0.173656498915987,1.245376018065134,1.2045043918251328,1.287242497385635,-0.17575757575757575,10,True,False,holdout,False
dist_above_30w_sma,HIGH,6,drawdown,0-10,win_100,10,0.9866793082643138,12614,0.10017391856799104,1246,0.09877913429522753,0.06022823833991153,1.6400800856526034,1.5556466347387268,1.728569784272988,-0.17575757575757575,10,True,False,holdout,True
dist_above_30w_sma,HIGH,6,drawdown,0-10,launch_300,10,0.9853474890396509,10199,0.1001738481333425,207,0.020296107461515833,0.012434561401785626,1.6322334826060914,1.4262349963347243,1.8672820813144286,,4,True,False,holdout,True
dist_above_30w_sma,HIGH,6,drawdown,10-20,win_50,10,0.9872016105838366,3439,0.10018936635105608,607,0.17650479790636814,0.15860160233066278,1.1128815554989138,1.0348297119815837,1.1954850550334326,-0.5757575757575758,10,True,False,holdout,False
dist_above_30w_sma,HIGH,6,drawdown,10-20,win_100,10,0.9872016105838366,3439,0.10018936635105608,252,0.07327711544053504,0.053109978150036416,1.379724074326037,1.2245464474977534,1.5528316467494891,-0.3575757575757576,10,True,False,holdout,False
dist_above_30w_sma,HIGH,6,drawdown,10-20,launch_300,10,0.9872016105838366,3439,0.10018936635105608,60,0.017446932247746436,0.01325564457392571,1.3161888997887834,1.0243830704892603,1.6892316381109433,,1,False,False,holdout,False
dist_above_30w_sma,HIGH,6,drawdown,20-30,win_50,10,0.9803843074459567,245,0.1000408329930584,48,0.19591836734693877,0.14699877501020825,1.3327891156462583,1.027731031019985,1.701714700539523,,0,False,False,holdout,False
dist_above_30w_sma,HIGH,6,drawdown,20-30,win_100,10,0.9803843074459567,245,0.1000408329930584,10,0.04081632653061224,0.032666394446712946,1.2494897959183673,0.6832477720954836,2.249730772897817,,0,False,False,holdout,False
dist_above_30w_sma,HIGH,6,drawdown,20-30,launch_300,10,0.9803843074459567,245,0.1000408329930584,2,0.00816326530612245,0.013883217639853002,0.5879951980792317,0.16145564218483607,2.108325579706776,,0,False,False,holdout,False
dist_above_30w_sma,HIGH,6,mst,0-12,win_50,10,0.985890137046362,14866,0.10016912720926628,3028,0.20368626395802503,0.16998969065218417,1.1982271582268327,1.1605949557328408,1.2367599961912956,-0.296969696969697,10,True,False,holdout,False
dist_above_30w_sma,HIGH,6,mst,0-12,win_100,10,0.985890137046362,14866,0.10016912720926628,1364,0.09175299340777614,0.05936297663888308,1.54562656057374,1.4692217760463957,1.6255846067279371,-0.296969696969697,10,True,False,holdout,True
dist_above_30w_sma,HIGH,6,mst,0-12,launch_300,10,0.9846481673650773,12451,0.10016814024022333,199,0.01598265199582363,0.011697411927498572,1.3663408705177942,1.1903864543678448,1.5678198972343929,-0.37142857142857144,6,True,False,holdout,False
dist_above_30w_sma,HIGH,6,mst,13-24,win_50,10,0.9951239899693508,1432,0.1002379952400952,355,0.2479050279329609,0.17100657986840262,1.449681223516283,1.3229603520339424,1.5842901704881738,0.15151515151515152,10,True,False,holdout,False
dist_above_30w_sma,HIGH,6,mst,13-24,win_100,10,0.9951239899693508,1432,0.1002379952400952,144,0.1005586592178771,0.04738905221895562,2.121980805888615,1.8155018068371025,2.473561688910862,,1,True,False,holdout,True
dist_above_30w_sma,HIGH,6,mst,13-24,launch_300,10,0.9951239899693508,1432,0.1002379952400952,70,0.04888268156424581,0.02106957860842783,2.3200597635442377,1.844913438700406,2.909771454066165,,0,False,False,holdout,False
dist_above_30w_sma,HIGH,12,all,ALL,win_50,10,0.9635573021851064,15917,0.100182527693857,3268,0.20531507193566628,0.17044310171198387,1.2045959611941899,1.1681984117899813,1.241827842139706,-0.3333333333333333,10,True,False,holdout,False
dist_above_30w_sma,HIGH,12,all,ALL,win_100,10,0.9635573021851064,15917,0.100182527693857,1326,0.08330715587108123,0.058175981873111786,1.4319853862163134,1.3599073032707665,1.507519936739108,-0.2727272727272727,10,True,False,holdout,False
dist_above_30w_sma,HIGH,12,all,ALL,launch_300,10,0.9601763931861019,13525,0.10018815372307327,219,0.016192236598890943,0.012681857240214525,1.2768032546167534,1.1195821734711224,1.4556891789584736,-0.48333333333333334,9,True,False,holdout,False
dist_above_30w_sma,HIGH,12,drawdown,0-10,win_50,10,0.9670116987016243,12364,0.10018555882376773,2667,0.2157068909737949,0.1741741011741255,1.2384555999984648,1.1973407605762465,1.280584385896366,-0.12727272727272726,10,True,False,holdout,False
dist_above_30w_sma,HIGH,12,drawdown,0-10,win_100,10,0.9670116987016243,12364,0.10018555882376773,1127,0.09115173083144613,0.0601810211407411,1.5146258588447017,1.4324207850036241,1.6010511506918668,-0.2727272727272727,10,True,False,holdout,True
dist_above_30w_sma,HIGH,12,drawdown,0-10,launch_300,10,0.9632235524112768,9972,0.10019391722849076,168,0.01684717208182912,0.012569453515126549,1.3403265354022438,1.1536602653804773,1.5565964223467212,-0.7,5,True,False,holdout,False
dist_above_30w_sma,HIGH,12,drawdown,10-20,win_50,10,0.9527466206499856,3318,0.10015999034020587,568,0.17118746232670284,0.15826968937724514,1.0816187420363694,1.0030527289366569,1.1649898050385377,-0.5393939393939394,10,True,False,holdout,False
dist_above_30w_sma,HIGH,12,drawdown,10-20,win_100,10,0.9527466206499856,3318,0.10015999034020587,192,0.05786618444846293,0.052615691128082835,1.0997894963994443,0.9582865351073772,1.260727511000882,-0.6484848484848484,10,True,False,holdout,False
dist_above_30w_sma,HIGH,12,drawdown,10-20,launch_300,10,0.9527466206499856,3318,0.10015999034020587,48,0.014466546112115732,0.013010535212968273,1.1119101463017584,0.8400052248518317,1.4701270875567287,,0,False,False,holdout,False
dist_above_30w_sma,HIGH,12,drawdown,20-30,win_50,10,0.9375500400320256,235,0.10034158838599487,33,0.14042553191489363,0.14602903501280956,0.9616274729376634,0.6969129775704753,1.305549430851433,,0,False,False,holdout,False
dist_above_30w_sma,HIGH,12,drawdown,20-30,win_100,10,0.9375500400320256,235,0.10034158838599487,7,0.029787234042553193,0.03116994022203245,0.9556397551734188,0.4652679152863448,1.931272066341659,,0,False,False,holdout,False
dist_above_30w_sma,HIGH,12,drawdown,20-30,launch_300,10,0.9375500400320256,235,0.10034158838599487,3,0.01276595744680851,0.012809564474807857,0.996595744680851,0.33966042815385655,2.877075450107884,,0,False,False,holdout,False
dist_above_30w_sma,HIGH,12,mst,0-12,win_50,10,0.9611447323842612,14495,0.10018384893975837,2981,0.2056571231459124,0.17035746869038731,1.207209315370139,1.169045814310144,1.2462883731098382,-0.3333333333333333,10,True,False,holdout,False
dist_above_30w_sma,HIGH,12,mst,0-12,win_100,10,0.9611447323842612,14495,0.10018384893975837,1217,0.08395998620213867,0.059225622736446326,1.4176294367686113,1.3432485516900472,1.4957326816511383,-0.296969696969697,10,True,False,holdout,False
dist_above_30w_sma,HIGH,12,mst,0-12,launch_300,10,0.9569150579456428,12103,0.10019039735099337,174,0.014376600842766256,0.01168046357615894,1.23082450872159,1.0620043903085197,1.426028275751149,-0.6571428571428571,6,True,False,holdout,False
dist_above_30w_sma,HIGH,12,mst,13-24,win_50,10,0.988854834215659,1422,0.10016906170752325,287,0.20182841068917018,0.17131586362355594,1.178106956473462,1.0610999586104561,1.3044922436521285,0.09090909090909091,10,True,False,holdout,False
dist_above_30w_sma,HIGH,12,mst,13-24,win_100,10,0.988854834215659,1422,0.10016906170752325,109,0.07665260196905767,0.04747816286277825,1.6144812129862651,1.3466668269857733,1.9303416762243242,,2,True,False,holdout,True
dist_above_30w_sma,HIGH,12,mst,13-24,launch_300,10,0.988854834215659,1422,0.10016906170752325,45,0.03164556962025317,0.021203155818540435,1.492493376508684,1.1193578365065657,1.9846514181096175,,0,False,False,holdout,False
atr_contraction,HIGH,0,all,ALL,win_50,10,0.9995451485544821,16509,0.10016746150205687,2636,0.1596704827669756,0.1698096035530962,0.9402912404600821,0.9078529543640779,0.9736620113166687,-0.296969696969697,10,True,False,holdout,False
atr_contraction,HIGH,0,all,ALL,win_100,10,0.9995451485544821,16509,0.10016746150205687,1029,0.062329638379065966,0.058441637239554894,1.0665279297972776,1.0051522085742501,1.1313880601019595,-0.22424242424242424,10,True,False,holdout,False
atr_contraction,HIGH,0,all,ALL,launch_300,10,0.9995305665208578,14078,0.10017861082054239,214,0.015201022872567126,0.012766048288965267,1.1907383184275282,1.0424624875607786,1.359733299842033,-0.40606060606060607,10,True,False,holdout,False
atr_contraction,HIGH,0,drawdown,0-10,win_50,10,0.9994671723305726,12777,0.10017012535965442,2150,0.1682711121546529,0.17319075207952772,0.9715940957250664,0.9347164453682697,1.0096231437126473,0.11515151515151516,10,True,False,holdout,False
atr_contraction,HIGH,0,drawdown,0-10,win_100,10,0.9994671723305726,12777,0.10017012535965442,848,0.06636925725913752,0.060218105415003956,1.1021478806372567,1.032613703762717,1.1760107796949577,-0.05454545454545454,10,True,False,holdout,False
atr_contraction,HIGH,0,drawdown,0-10,launch_300,10,0.9994289972611224,10346,0.10018592400356355,163,0.015754881113473805,0.012511136073130109,1.259268624478493,1.081343409158624,1.4659255178618869,-0.4166666666666667,9,True,False,holdout,False
atr_contraction,HIGH,0,drawdown,10-20,win_50,10,0.9997986770204199,3482,0.10016396743664241,463,0.13296955772544514,0.15901964732618012,0.8361832010147702,0.7677989936153563,0.9096545034931642,-0.7575757575757576,10,True,False,holdout,False
atr_contraction,HIGH,0,drawdown,10-20,win_100,10,0.9997986770204199,3482,0.10016396743664241,174,0.049971280873061456,0.053764059488536665,0.9294551294757813,0.803830012002143,1.073528987801472,-0.5878787878787879,10,True,False,holdout,False
atr_contraction,HIGH,0,drawdown,10-20,launch_300,10,0.9997986770204199,3482,0.10016396743664241,49,0.014072372199885124,0.013462589534850272,1.0452946042406124,0.7919101870715075,1.3782329334742616,,0,False,False,holdout,False
atr_contraction,HIGH,0,drawdown,20-30,win_50,10,1.0,250,0.100080064051241,23,0.092,0.14731785428342675,0.6244999999999999,0.42144935671705214,0.9113746484601325,,0,False,False,holdout,False
atr_contraction,HIGH,0,drawdown,20-30,win_100,10,1.0,250,0.100080064051241,7,0.028,0.03282626100880705,0.8529756097560975,0.41515719754380953,1.7259893353129663,,0,False,False,holdout,False
atr_contraction,HIGH,0,drawdown,20-30,launch_300,10,1.0,250,0.100080064051241,2,0.008,0.013610888710968775,0.587764705882353,0.16138821991774405,2.108203986062675,,0,False,False,holdout,False
atr_contraction,HIGH,0,mst,0-12,win_50,10,0.9995416287458564,15071,0.10016349425776265,2383,0.15811824032910887,0.16968843045512547,0.9318150913707911,0.8980016032903749,0.9666554060950963,-0.3333333333333333,10,True,False,holdout,False
atr_contraction,HIGH,0,mst,0-12,win_100,10,0.9995416287458564,15071,0.10016349425776265,958,0.06356578860062372,0.059489313058273076,1.0685245018438438,1.0048986958284338,1.1358892889093324,-0.23636363636363636,10,True,False,holdout,False
atr_contraction,HIGH,0,mst,0-12,launch_300,10,0.9995247110639343,12640,0.10017514800402602,180,0.014240506329113924,0.01177692008971382,1.2091876501354413,1.0459142698122192,1.397524241551621,-0.3696969696969697,10,True,False,holdout,False
atr_contraction,HIGH,0,mst,13-24,win_50,10,0.9995820562830872,1438,0.10020905923344947,253,0.17593880389429764,0.1710801393728223,1.028399933149968,0.918454269533304,1.1484389648351736,-0.030303030303030304,10,True,False,holdout,False
atr_contraction,HIGH,0,mst,13-24,win_100,10,0.9995820562830872,1438,0.10020905923344947,71,0.04937413073713491,0.04745644599303136,1.040409362816279,0.8287141538191846,1.3027021330183646,,0,False,False,holdout,False
atr_contraction,HIGH,0,mst,13-24,launch_300,10,0.9995820562830872,1438,0.10020905923344947,34,0.02364394993045897,0.021463414634146343,1.10159312176002,0.7905817103864582,1.5308655327062448,,0,False,False,holdout,False
atr_contraction,HIGH,3,all,ALL,win_50,10,0.9988477096713547,16498,0.10017061427209636,2696,0.16341374712086312,0.1698249533998385,0.9622481493406877,0.9294878234546274,0.9959312349802342,-0.8909090909090909,10,True,False,holdout,False
atr_contraction,HIGH,3,all,ALL,win_100,10,0.9988477096713547,16498,0.10017061427209636,1010,0.06121954176263789,0.0584460136369984,1.0474545303100664,0.9865951249221575,1.111809249376387,-0.47878787878787876,10,True,False,holdout,False
atr_contraction,HIGH,3,all,ALL,launch_300,10,0.9988406415590881,14068,0.10017659792639855,215,0.01528291157236281,0.012732140822604534,1.2003410726678154,1.0511997808141882,1.3702679445637773,-0.23636363636363636,10,True,False,holdout,False
atr_contraction,HIGH,3,drawdown,0-10,win_50,10,0.9986600951254104,12766,0.1001647704982346,2102,0.16465611781294062,0.1732208709297764,0.9505558823780079,0.9139992631628083,0.9882772465777963,-0.9393939393939394,10,True,False,holdout,False
atr_contraction,HIGH,3,drawdown,0-10,win_100,10,0.9986600951254104,12766,0.1001647704982346,789,0.06180479398402006,0.060227540211847785,1.0261882482104425,0.958996962714811,1.0977569028759955,-0.6242424242424243,10,True,False,holdout,False
atr_contraction,HIGH,3,drawdown,0-10,launch_300,10,0.9986063661966379,10336,0.10017153988544625,154,0.01489938080495356,0.012472984890921954,1.1945320975893732,1.021207587420231,1.3967550037260763,-0.04242424242424243,10,True,False,holdout,False
atr_contraction,HIGH,3,drawdown,10-20,win_50,10,0.9994535519125683,3482,0.1001985554372536,565,0.16226306720275704,0.1589882305545164,1.0205979816041648,0.9459207284628997,1.0999572425436024,0.6606060606060606,10,True,False,holdout,False
atr_contraction,HIGH,3,drawdown,10-20,win_100,10,0.9994535519125683,3482,0.1001985554372536,215,0.0617461229178633,0.05375384881010618,1.1486828252241261,1.0087514518427445,1.3065836473809644,-0.01818181818181818,10,True,False,holdout,False
atr_contraction,HIGH,3,drawdown,10-20,launch_300,10,0.9994535519125683,3482,0.1001985554372536,58,0.01665709362435382,0.013438462202526546,1.239508909079057,0.9605177374254967,1.5977729045572402,,0,False,False,holdout,False
atr_contraction,HIGH,3,drawdown,20-30,win_50,10,1.0,250,0.100080064051241,29,0.116,0.14731785428342675,0.7874130434782608,0.5565625911247194,1.097156677175035,,0,False,False,holdout,False
atr_contraction,HIGH,3,drawdown,20-30,win_100,10,1.0,250,0.100080064051241,6,0.024,0.03282626100880705,0.7311219512195122,0.3364616286483025,1.564665683011104,,0,False,False,holdout,False
atr_contraction,HIGH,3,drawdown,20-30,launch_300,10,1.0,250,0.100080064051241,3,0.012,0.013610888710968775,0.8816470588235295,0.3004447347700223,2.5480173576275815,,0,False,False,holdout,False
atr_contraction,HIGH,3,mst,0-12,win_50,10,0.9988241780871968,15062,0.10017558328234324,2435,0.16166511751427434,0.16971055361940993,0.9525931892062638,0.9184592517225048,0.9877437749401693,-0.8666666666666667,10,True,False,holdout,False
atr_contraction,HIGH,3,mst,0-12,win_100,10,0.9988241780871968,15062,0.10017558328234324,933,0.06194396494489444,0.05950544042139988,1.0409798584167371,0.978143930233789,1.1075698861559267,-0.5757575757575758,10,True,False,holdout,False
atr_contraction,HIGH,3,mst,0-12,launch_300,10,0.9988117776598358,12632,0.10018320392738463,181,0.014328689043698543,0.011761533519973987,1.2182670754085676,1.054196180016823,1.4074452999321023,-0.24848484848484848,10,True,False,holdout,False
atr_contraction,HIGH,3,mst,13-24,win_50,10,0.9990944552800223,1436,0.10011852471588928,261,0.1817548746518106,0.17102419298612564,1.0627436474239378,0.9511314626541101,1.1842850656149502,0.05454545454545454,10,True,False,holdout,False
atr_contraction,HIGH,3,mst,13-24,win_100,10,0.9990944552800223,1436,0.10011852471588928,77,0.05362116991643454,0.047340165934602246,1.1326781150389111,0.9107623073784413,1.4049075147116032,,0,False,False,holdout,False
atr_contraction,HIGH,3,mst,13-24,launch_300,10,0.9990944552800223,1436,0.10011852471588928,34,0.023676880222841225,0.02126472843895977,1.1134344033974153,0.7990830243924915,1.547309290342231,,0,False,False,holdout,False
atr_contraction,HIGH,6,all,ALL,win_50,10,0.9969979804595819,16471,0.10019222112729174,2853,0.17321352680468702,0.16988454566468364,1.0195955501836764,0.986026061203599,1.0540620860412897,-0.24848484848484848,10,True,False,holdout,False
atr_contraction,HIGH,6,all,ALL,win_100,10,0.9969979804595819,16471,0.10019222112729174,1069,0.06490194887984943,0.058426706570799423,1.11082675524768,1.0481549247224293,1.176971392964298,-0.18845071854082002,10,True,False,holdout,False
atr_contraction,HIGH,6,all,ALL,launch_300,10,0.9969415697571037,14042,0.10018192844147969,214,0.015239994302805869,0.012685049762779581,1.201413836587618,1.051811061549555,1.3719198238157542,-0.41818181818181815,10,True,False,holdout,False
atr_contraction,HIGH,6,drawdown,0-10,win_50,10,0.9965914700558686,12744,0.10019970751497806,2286,0.17937853107344634,0.17332096299907224,1.0349500024091518,0.9970765036687015,1.0739383886260179,-0.3212121212121212,10,True,False,holdout,False
atr_contraction,HIGH,6,drawdown,0-10,win_100,10,0.9965914700558686,12744,0.10019970751497806,853,0.06693345888261143,0.06022675451700659,1.1113575589352243,1.0414610025381899,1.1855877739956249,-0.01818181818181818,10,True,False,holdout,False
atr_contraction,HIGH,6,drawdown,0-10,launch_300,10,0.9964191353663612,10315,0.1001874568994823,152,0.014735821619001454,0.012412949095253359,1.1871330097242039,1.013829117250707,1.3895439730923445,-0.3212121212121212,10,True,False,holdout,False
atr_contraction,HIGH,6,drawdown,10-20,win_50,10,0.998274374460742,3477,0.10017286084701815,535,0.1538682772505033,0.15891673869201958,0.9682320346927067,0.8951699366209234,1.0461015708712285,-0.2,10,True,False,holdout,False
atr_contraction,HIGH,6,drawdown,10-20,win_100,10,0.998274374460742,3477,0.10017286084701815,210,0.060396893874029335,0.053673292999135695,1.1252690211312713,0.9865870475549968,1.2820287478926045,-0.40606060606060607,10,True,False,holdout,False
atr_contraction,HIGH,6,drawdown,10-20,launch_300,10,0.998274374460742,3477,0.10017286084701815,57,0.01639344262295082,0.013425525785076347,1.2210652219798777,0.944103389273424,1.577533588357734,,0,False,False,holdout,False
atr_contraction,HIGH,6,drawdown,20-30,win_50,10,1.0,250,0.100080064051241,32,0.128,0.14731785428342675,0.8688695652173912,0.6254973864635097,1.1886695133975296,,0,False,False,holdout,False
atr_contraction,HIGH,6,drawdown,20-30,win_100,10,1.0,250,0.100080064051241,6,0.024,0.03282626100880705,0.7311219512195122,0.3364616286483025,1.564665683011104,,0,False,False,holdout,False
atr_contraction,HIGH,6,drawdown,20-30,launch_300,10,1.0,250,0.100080064051241,5,0.02,0.013610888710968775,1.4694117647058824,0.6298137110528451,3.3763881541791276,,0,False,False,holdout,False
atr_contraction,HIGH,6,mst,0-12,win_50,10,0.9968910471458086,15036,0.10019658148135807,2565,0.17059058260175577,0.16978642588211776,1.0047362839252907,0.9698216600602272,1.0406420043556242,-0.3333333333333333,10,True,False,holdout,False
atr_contraction,HIGH,6,mst,0-12,win_100,10,0.9968910471458086,15036,0.10019658148135807,1000,0.06650704974727321,0.059494219171692266,1.1178741510220156,1.0527762237400837,1.1866941968115872,-0.10303030303030303,10,True,False,holdout,False
atr_contraction,HIGH,6,mst,0-12,launch_300,10,0.9968076426460919,12607,0.10018595632410439,178,0.014119140160228444,0.011721605899742521,1.20453974318814,1.0410402725752799,1.3932929008633552,-0.3696969696969697,10,True,False,holdout,False
atr_contraction,HIGH,6,mst,13-24,win_50,10,0.9981192532738925,1435,0.10014655593551539,288,0.20069686411149826,0.17091213622723148,1.1742692388132538,1.0577682041408014,1.3001211345891244,-0.2006088294144213,10,True,False,holdout,False
atr_contraction,HIGH,6,mst,13-24,win_100,10,0.9981192532738925,1435,0.10014655593551539,69,0.04808362369337979,0.047246842068532344,1.0177108477140901,0.8078847023545738,1.278610835796199,,0,False,False,holdout,False
atr_contraction,HIGH,6,mst,13-24,launch_300,10,0.9981192532738925,1435,0.10014655593551539,36,0.025087108013937282,0.021145927838648895,1.1863801014247766,0.8595251885891211,1.6331574538229525,,0,False,False,holdout,False
atr_contraction,HIGH,12,all,ALL,win_50,10,0.9784400414824518,16161,0.10017107367324929,2705,0.1673782562960213,0.1702864864194776,0.9829215448353765,0.9495873030481186,1.0171841653623328,-0.7696969696969697,10,True,False,holdout,False
atr_contraction,HIGH,12,all,ALL,win_100,10,0.9784400414824518,16161,0.10017107367324929,1014,0.06274364210135512,0.058220833798207444,1.077683674521455,1.0152343343766843,1.1437025562629959,-0.44242424242424244,10,True,False,holdout,False
atr_contraction,HIGH,12,all,ALL,launch_300,10,0.9766421280984388,13754,0.10016677469394294,189,0.013741457030681983,0.012657398169119736,1.0856462637169009,0.9423110261472478,1.2504350275552598,-0.6,10,True,False,holdout,False
atr_contraction,HIGH,12,drawdown,0-10,win_50,10,0.9792745707994766,12522,0.10019523748559724,2139,0.17081935793004313,0.17396140058891307,0.9819382768347854,0.9446276238577084,1.0204095781836573,-0.7212121212121212,10,True,False,holdout,False
atr_contraction,HIGH,12,drawdown,0-10,win_100,10,0.9792745707994766,12522,0.10019523748559724,813,0.06492573071394346,0.060195557547049035,1.0785801039087861,1.0090801875923312,1.1525132294899652,-0.3333333333333333,10,True,False,holdout,False
atr_contraction,HIGH,12,drawdown,0-10,launch_300,10,0.9770243982695713,10115,0.10019514031281884,138,0.013643104300543748,0.012500866739968104,1.0913726691385048,0.9247329875171323,1.287552340850282,-0.6333333333333333,9,True,False,holdout,False
atr_contraction,HIGH,12,drawdown,10-20,win_50,10,0.9760713258556226,3397,0.10009428958689374,524,0.15425375331174565,0.15843597147739996,0.9736031020818344,0.8994089933129297,1.0527271718235949,-0.34545454545454546,10,True,False,holdout,False
atr_contraction,HIGH,12,drawdown,10-20,win_100,10,0.9760713258556226,3397,0.10009428958689374,185,0.054459817486017074,0.05283163415640285,1.030818341238398,0.8956728504488224,1.1850154836919249,-0.395138603392042,10,True,False,holdout,False
atr_contraction,HIGH,12,drawdown,10-20,launch_300,10,0.9760713258556226,3397,0.10009428958689374,47,0.0138357374153665,0.013082680181507454,1.0575613882943882,0.7965374553361116,1.4025363658786076,,0,False,False,holdout,False
atr_contraction,HIGH,12,drawdown,20-30,win_50,10,0.9687750200160128,242,0.1,42,0.17355371900826447,0.14669421487603307,1.1830985915492958,0.8932790485419406,1.5424637569764876,,0,False,False,holdout,False
atr_contraction,HIGH,12,drawdown,20-30,win_100,10,0.9687750200160128,242,0.1,16,0.06611570247933884,0.031818181818181815,2.077922077922078,1.2918050182770775,3.2901961449153325,,0,False,False,holdout,False
atr_contraction,HIGH,12,drawdown,20-30,launch_300,10,0.9687750200160128,242,0.1,4,0.01652892561983471,0.013223140495867768,1.25,0.487483950388124,3.1551495255643807,,0,False,False,holdout,False
atr_contraction,HIGH,12,mst,0-12,win_50,10,0.9771080095394366,14733,0.10016520834608089,2442,0.1657503563429037,0.1702257847396439,0.9737088690553828,0.9389477838696608,1.0094936416961893,-0.7575757575757576,10,True,False,holdout,False
atr_contraction,HIGH,12,mst,0-12,win_100,10,0.9771080095394366,14733,0.10016520834608089,924,0.06271635104866626,0.05927104366803321,1.0581280026032545,0.9939797848851538,1.1261225139637256,-0.44242424242424244,10,True,False,holdout,False
atr_contraction,HIGH,12,mst,0-12,launch_300,10,0.9748492937998559,12326,0.10015926672300592,141,0.011439234139217913,0.011676851069362284,0.9796505985446856,0.8314111966949993,1.1539612314699828,-0.7666666666666667,9,True,False,holdout,False
atr_contraction,HIGH,12,mst,13-24,win_50,10,0.9924073558094176,1428,0.10023162771109707,263,0.18417366946778713,0.17091317470344633,1.0775861473953032,0.9649663044716981,1.2001212488956436,-0.2606060606060606,10,True,False,holdout,False
atr_contraction,HIGH,12,mst,13-24,win_100,10,0.9924073558094176,1428,0.10023162771109707,90,0.06302521008403361,0.047378395451674035,1.330252100840336,1.088177355798592,1.621815687113366,,0,False,False,holdout,False
atr_contraction,HIGH,12,mst,13-24,launch_300,10,0.9924073558094176,1428,0.10023162771109707,48,0.03361344537815126,0.021127254860672424,1.5909991903738239,1.2044077623269385,2.0960403829637104,,0,False,False,holdout,False
inst_pct,LOWMID,0,all,ALL,win_50,3+4+5+6,0.9575835865339714,63132,0.39983533360777734,10267,0.16262751061268454,0.16986605022324963,0.9573867785761092,0.9405614772606666,0.9744537668902918,0.5151515151515151,10,True,False,holdout,False
inst_pct,LOWMID,0,all,ALL,win_100,3+4+5+6,0.9575835865339714,63132,0.39983533360777734,3370,0.05338021922321485,0.0578675702207163,0.9224548226167789,0.8926200670220332,0.9532287670404616,-0.2727272727272727,10,True,False,holdout,False
inst_pct,LOWMID,0,all,ALL,launch_300,3+4+5+6,0.9567623315196131,53784,0.3998334770584912,632,0.011750706529822996,0.012645335870825775,0.9292522278457791,0.8599390275110623,1.004080527309309,-0.7090909090909091,10,True,False,holdout,False
inst_pct,LOWMID,0,drawdown,0-10,win_50,3+4+5+6,0.9563081311069495,48798,0.3998361260190913,8132,0.16664617402352555,0.17319841042238518,0.9621691886035186,0.9432304180000037,0.9814109654084443,0.24848484848484848,10,True,False,holdout,False
inst_pct,LOWMID,0,drawdown,0-10,win_100,3+4+5+6,0.9563081311069495,48798,0.3998361260190913,2644,0.05418254846510103,0.05955999836126019,0.9097137333090185,0.8765761457945513,0.9440297198163397,-0.28484848484848485,10,True,False,holdout,False
inst_pct,LOWMID,0,drawdown,0-10,launch_300,3+4+5+6,0.954890783628674,39450,0.39983378266069364,448,0.011356147021546262,0.012385218819046074,0.916911294621836,0.836247363272422,1.00525813419409,-0.6904761904761905,8,True,False,holdout,False
inst_pct,LOWMID,0,drawdown,10-20,win_50,3+4+5+6,0.9594190394017832,13338,0.39983212926046946,2002,0.15009746588693956,0.15932731796516683,0.9420698710296174,0.904658627167762,0.9807457558727651,0.6242424242424243,10,True,False,holdout,False
inst_pct,LOWMID,0,drawdown,10-20,win_100,3+4+5+6,0.9594190394017832,13338,0.39983212926046946,695,0.052106762633078424,0.05353877514313978,0.9732527965715919,0.9051837198062289,1.0461393152069518,0.15151515151515152,10,True,False,holdout,False
inst_pct,LOWMID,0,drawdown,10-20,launch_300,3+4+5+6,0.9594190394017832,13338,0.39983212926046946,171,0.01282051282051282,0.013339728409124974,0.9610774992797464,0.8281055648125251,1.1150800701626098,,0,True,False,holdout,False
inst_pct,LOWMID,0,drawdown,20-30,win_50,3+4+5+6,0.9971977582065652,996,0.3998394219189081,133,0.13353413654618473,0.14773183460457648,0.9038954731971364,0.7703897788440134,1.0564625536546517,,0,True,False,holdout,False
inst_pct,LOWMID,0,drawdown,20-30,win_100,3+4+5+6,0.9971977582065652,996,0.3998394219189081,31,0.03112449799196787,0.03291850662384584,0.9455015182681947,0.6686935404952413,1.331758663109524,,0,False,False,holdout,False
inst_pct,LOWMID,0,drawdown,20-30,launch_300,3+4+5+6,0.9971977582065652,996,0.3998394219189081,13,0.013052208835341365,0.01364913689281413,0.9562662414363335,0.5599955265363429,1.6266768589883775,,0,False,False,holdout,False
inst_pct,LOWMID,0,mst,0-12,win_50,3+4+5+6,0.9580490656533783,57664,0.39983913242452396,9323,0.16167799667036625,0.1696182168661332,0.9531876920859652,0.9356051234122846,0.9710359966652314,0.6484848484848484,10,True,False,holdout,False
inst_pct,LOWMID,0,mst,0-12,win_100,3+4+5+6,0.9580490656533783,57664,0.39983913242452396,3149,0.054609461709211986,0.05885534399312153,0.9278590184706802,0.8968500657027211,0.9598761732816851,-0.23636363636363636,10,True,False,holdout,False
inst_pct,LOWMID,0,mst,0-12,launch_300,3+4+5+6,0.9572239957540855,48316,0.39983780071003566,546,0.01130060435466512,0.011718071152525262,0.9643741028343068,0.8871924385254918,1.0481868790190776,-0.8833333333333333,9,True,False,holdout,False
inst_pct,LOWMID,0,mst,13-24,win_50,3+4+5+6,0.9527027027027027,5468,0.39979527674197557,944,0.17264081931236283,0.17247934488557431,1.0009361957334406,0.9441952261432929,1.0603420603729388,-0.6,10,True,False,holdout,False
inst_pct,LOWMID,0,mst,13-24,win_100,3+4+5+6,0.9527027027027027,5468,0.39979527674197557,221,0.04041697147037308,0.04745192659208891,0.8517456375967527,0.7483710255530625,0.968719119315338,,2,True,False,holdout,False
inst_pct,LOWMID,0,mst,13-24,launch_300,3+4+5+6,0.9527027027027027,5468,0.39979527674197557,86,0.01572787125091441,0.020837903048914235,0.7547722635044085,0.6120437259779639,0.9301316325351429,,0,False,False,holdout,False
inst_pct,LOWMID,3,all,ALL,win_50,3+4+5+6,0.954551243563852,62931,0.39982845706661585,10148,0.16125597877039932,0.16926204771434925,0.9527001530936152,0.9358466442476123,0.9697979752285408,0.5151515151515151,10,True,False,holdout,False
inst_pct,LOWMID,3,all,ALL,win_100,3+4+5+6,0.954551243563852,62931,0.39982845706661585,3311,0.05261317951407097,0.05747958956764827,0.9153367292602189,0.8854622140777046,0.9461614215655093,-0.22424242424242424,10,True,False,holdout,False
inst_pct,LOWMID,3,all,ALL,launch_300,3+4+5+6,0.9534122835093709,53595,0.39982841583050466,594,0.011083123425692695,0.012548024917005483,0.8832564087972516,0.8153610425302434,0.9567368684385918,-0.503030303030303,10,True,False,holdout,False
inst_pct,LOWMID,3,drawdown,0-10,win_50,3+4+5+6,0.957804750001959,48873,0.3998249288262051,8033,0.16436478219057557,0.17227330737262345,0.9540931482499381,0.9351738746920238,0.9733186693307625,0.3212121212121212,10,True,False,holdout,False
inst_pct,LOWMID,3,drawdown,0-10,win_100,3+4+5+6,0.957804750001959,48873,0.3998249288262051,2592,0.053035418329138787,0.05888608920448968,0.9006442615838578,0.8674964323245637,0.9349852089845896,-0.15151515151515152,10,True,False,holdout,False
inst_pct,LOWMID,3,drawdown,0-10,launch_300,3+4+5+6,0.9570199463838106,39537,0.39982403980340997,426,0.010774717353365203,0.012317213761300893,0.8747690477872507,0.7959219133311923,0.9613336831941163,-0.5,7,True,False,holdout,False
inst_pct,LOWMID,3,drawdown,10-20,win_50,3+4+5+6,0.9397181478285879,13064,0.3998286099038991,1977,0.15133190447030007,0.1596682377425476,0.9477896581680245,0.9099438611963024,0.9869193102237435,0.7090909090909091,10,True,False,holdout,False
inst_pct,LOWMID,3,drawdown,10-20,win_100,3+4+5+6,0.9397181478285879,13064,0.3998286099038991,683,0.05228107777097367,0.054140907143294364,0.9656483522265651,0.8975465383663477,1.0386120238495202,-0.04242424242424243,10,True,False,holdout,False
inst_pct,LOWMID,3,drawdown,10-20,launch_300,3+4+5+6,0.9397181478285879,13064,0.3998286099038991,155,0.011864666258420085,0.013160310950602926,0.9015490821572508,0.770967895128828,1.053937294214726,,0,True,False,holdout,False
inst_pct,LOWMID,3,drawdown,20-30,win_50,3+4+5+6,0.9947958366693355,994,0.4,138,0.13883299798792756,0.1472837022132797,0.9426229508196721,0.8060935624754009,1.098033035704996,,0,True,False,holdout,False
inst_pct,LOWMID,3,drawdown,20-30,win_100,3+4+5+6,0.9947958366693355,994,0.4,36,0.03621730382293763,0.03219315895372234,1.125,0.8161327174188525,1.5447887451363604,,0,False,False,holdout,False
inst_pct,LOWMID,3,drawdown,20-30,launch_300,3+4+5+6,0.9947958366693355,994,0.4,13,0.013078470824949699,0.013682092555331992,0.9558823529411765,0.5597729908346437,1.6260046683549605,,0,False,False,holdout,False
inst_pct,LOWMID,3,mst,0-12,win_50,3+4+5+6,0.9521433838427454,57307,0.3998283669041157,9159,0.15982340726263808,0.16905859944602977,0.9453728339543004,0.9277612995293256,0.9632541153397192,0.6,10,True,False,holdout,False
inst_pct,LOWMID,3,mst,0-12,win_100,3+4+5+6,0.9521433838427454,57307,0.3998283669041157,3066,0.05350131746558012,0.05845292997230149,0.9152888912657118,0.8842782280442569,0.9473235623612605,-0.09090909090909091,10,True,False,holdout,False
inst_pct,LOWMID,3,mst,0-12,launch_300,3+4+5+6,0.9504115210038102,47971,0.39982830328640845,498,0.010381272018511184,0.011543686811858743,0.899302985927042,0.8240559729884351,0.9813424437337115,-0.3,9,True,False,holdout,False
inst_pct,LOWMID,3,mst,13-24,win_50,3+4+5+6,0.9797993870158819,5624,0.39982937579980093,989,0.17585348506401138,0.17133513436655765,1.0263714194648896,0.9695975925354569,1.0857279778813556,-0.6686960980480711,10,True,False,holdout,False
inst_pct,LOWMID,3,mst,13-24,win_100,3+4+5+6,0.9797993870158819,5624,0.39982937579980093,245,0.04356330014224751,0.047561495805488414,0.915936292676911,0.8101686942007827,1.0348050400358864,,2,True,False,holdout,False
inst_pct,LOWMID,3,mst,13-24,launch_300,3+4+5+6,0.9797993870158819,5624,0.39982937579980093,96,0.017069701280227598,0.02111474477463387,0.8084256505309138,0.6630039493993168,0.985070949705962,,0,False,False,holdout,False
inst_pct,LOWMID,6,all,ALL,win_50,3+4+5+6,0.9546786019685971,62941,0.39983864410225134,10174,0.16164344386012297,0.16984931646084261,0.9516873380964624,0.9348768910267541,0.9687409365989889,0.41818181818181815,10,True,False,holdout,False
inst_pct,LOWMID,6,all,ALL,win_100,3+4+5+6,0.9546786019685971,62941,0.39983864410225134,3317,0.05270014775742362,0.057980129084718196,0.908934640011241,0.8792967887772825,0.9395141328034523,-0.16363636363636364,10,True,False,holdout,False
inst_pct,LOWMID,6,all,ALL,launch_300,3+4+5+6,0.9509868772004695,53459,0.3998309699036678,581,0.010868141940552573,0.012572548315682403,0.864434295074147,0.7972696038609792,0.9371898226916713,-0.503030303030303,10,True,False,holdout,False
inst_pct,LOWMID,6,drawdown,0-10,win_50,3+4+5+6,0.9538320495843161,48672,0.39983898660138506,7995,0.1642628205128205,0.17296617897132155,0.9496817325198351,0.9308044831571632,0.9688653552166316,0.296969696969697,10,True,False,holdout,False
inst_pct,LOWMID,6,drawdown,0-10,win_100,3+4+5+6,0.9538320495843161,48672,0.39983898660138506,2572,0.05284352399737015,0.05961603233411923,0.886397868633853,0.8536469011147735,0.9203327202117256,-0.09090909090909091,10,True,False,holdout,False
inst_pct,LOWMID,6,drawdown,0-10,launch_300,3+4+5+6,0.9486097535010211,39190,0.3998286011610231,409,0.010436335799948966,0.012303988083699766,0.8482075672500812,0.7702453269400209,0.9339693949385617,-0.42857142857142855,6,True,False,holdout,False
inst_pct,LOWMID,6,drawdown,10-20,win_50,3+4+5+6,0.9556226632154156,13285,0.3998254431636922,2048,0.15415882574331954,0.16014084930929665,0.9626452364167034,0.9249263021156551,1.0016127428404435,0.6727272727272727,10,True,False,holdout,False
inst_pct,LOWMID,6,drawdown,10-20,win_100,3+4+5+6,0.9556226632154156,13285,0.3998254431636922,711,0.05351900639819345,0.05390194721160502,0.9928956033460491,0.9242575896959184,1.0663225370391238,-0.18787878787878787,10,True,False,holdout,False
inst_pct,LOWMID,6,drawdown,10-20,launch_300,3+4+5+6,0.9556226632154156,13285,0.3998254431636922,159,0.011968385397064359,0.013272338760646462,0.9017540625584068,0.7726755964795193,1.052091368613372,,0,True,False,holdout,False
inst_pct,LOWMID,6,drawdown,20-30,win_50,3+4+5+6,0.9847878302642114,984,0.4,131,0.133130081300813,0.1467479674796748,0.9072022160664819,0.7722368926436239,1.0616112409394,,0,True,False,holdout,False
inst_pct,LOWMID,6,drawdown,20-30,win_100,3+4+5+6,0.9847878302642114,984,0.4,34,0.034552845528455285,0.03211382113821138,1.0759493670886076,0.7731957220573519,1.4914272559695803,,0,False,False,holdout,False
inst_pct,LOWMID,6,drawdown,20-30,launch_300,3+4+5+6,0.9847878302642114,984,0.4,13,0.013211382113821139,0.013821138211382113,0.9558823529411765,0.5597844891540804,1.6259076577452996,,0,False,False,holdout,False
inst_pct,LOWMID,6,mst,0-12,win_50,3+4+5+6,0.9523891771239529,57322,0.399829806230208,9191,0.1603398346184711,0.16974735990402187,0.9445792541876943,0.9270181686486635,0.9624085141372348,0.6121212121212121,10,True,False,holdout,False
inst_pct,LOWMID,6,mst,0-12,win_100,3+4+5+6,0.9523891771239529,57322,0.399829806230208,3082,0.05376644220369143,0.05900980706722654,0.9111441788385846,0.8803569625593789,0.942944871841302,-0.05454545454545454,10,True,False,holdout,False
inst_pct,LOWMID,6,mst,0-12,launch_300,3+4+5+6,0.9478370392667876,47840,0.39981947949922275,485,0.010137959866220736,0.011583398799872966,0.8752146102689582,0.8010429281804559,0.95617735787062,-0.503030303030303,10,True,False,holdout,False
inst_pct,LOWMID,6,mst,13-24,win_50,3+4+5+6,0.9786848704374478,5619,0.3999288256227758,983,0.17494216052678413,0.1708896797153025,1.0237140172433639,0.9668899639776884,1.083137123623313,-0.503030303030303,10,True,False,holdout,False
inst_pct,LOWMID,6,mst,13-24,win_100,3+4+5+6,0.9786848704374478,5619,0.3999288256227758,235,0.04182238832532479,0.047473309608540924,0.8809663507808295,0.777146055441831,0.9979739101210462,,2,True,False,holdout,False
inst_pct,LOWMID,6,mst,13-24,launch_300,3+4+5+6,0.9786848704374478,5619,0.3999288256227758,96,0.017084890549919914,0.02099644128113879,0.8137041092419484,0.6673337396886088,0.9915009377206585,,0,False,False,holdout,False
inst_pct,LOWMID,12,all,ALL,win_50,3+4+5+6,0.9323362989647581,61467,0.39983217547420186,9970,0.16220085574373241,0.17064762053443655,0.9505017136233693,0.933548039754077,0.9677027964018563,0.5151515151515151,10,True,False,holdout,False
inst_pct,LOWMID,12,all,ALL,win_100,3+4+5+6,0.9323362989647581,61467,0.39983217547420186,3185,0.05181642181983829,0.05772383108266334,0.8976608247923574,0.8677865920342843,0.9285054732608802,-0.15151515151515152,10,True,False,holdout,False
inst_pct,LOWMID,12,all,ALL,launch_300,3+4+5+6,0.9290301931078631,52225,0.39983309982620946,560,0.010722833891814266,0.01252516900556589,0.8561029305911394,0.7883958188485423,0.9295563271194658,-0.503030303030303,10,True,False,holdout,False
inst_pct,LOWMID,12,drawdown,0-10,win_50,3+4+5+6,0.9320958149520847,47562,0.39983186919423314,7914,0.16639333922038602,0.17439367828170316,0.9541248333073521,0.9350867877053427,0.9734718621870736,0.15151515151515152,10,True,False,holdout,False
inst_pct,LOWMID,12,drawdown,0-10,win_100,3+4+5+6,0.9320958149520847,47562,0.39983186919423314,2510,0.05277322232033977,0.05963599680551469,0.8849222809579951,0.8518305620824737,0.9192252959274878,-0.15151515151515152,10,True,False,holdout,False
inst_pct,LOWMID,12,drawdown,0-10,launch_300,3+4+5+6,0.927540720237692,38320,0.3998330550918197,383,0.009994780793319415,0.0123330550918197,0.8104059147476588,0.7335392119488153,0.8952376432944035,-0.2619047619047619,8,True,False,holdout,False
inst_pct,LOWMID,12,drawdown,10-20,win_50,3+4+5+6,0.9310612597066437,12944,0.3998393723164365,1920,0.14833127317676142,0.1586198375189201,0.935136963301129,0.8971930127359654,0.9743964569024631,0.47878787878787876,10,True,False,holdout,False
inst_pct,LOWMID,12,drawdown,10-20,win_100,3+4+5+6,0.9310612597066437,12944,0.3998393723164365,643,0.049675525339925836,0.05263645630618108,0.9437475245477811,0.8751404421698312,1.017431145837779,-0.01818181818181818,10,True,False,holdout,False
inst_pct,LOWMID,12,drawdown,10-20,launch_300,3+4+5+6,0.9310612597066437,12944,0.3998393723164365,165,0.012747218788627935,0.01303555431995799,0.9778808384934884,0.8403244353548585,1.137616837802582,,0,True,False,holdout,False
inst_pct,LOWMID,12,drawdown,20-30,win_50,3+4+5+6,0.9623698959167334,961,0.3997504159733777,136,0.14151925078043703,0.14725457570715475,0.9610516352434199,0.8210734194223144,1.1204149163407262,,0,True,False,holdout,False
inst_pct,LOWMID,12,drawdown,20-30,win_100,3+4+5+6,0.9623698959167334,961,0.3997504159733777,32,0.03329864724245578,0.03161397670549085,1.0532887890903118,0.7491764751339008,1.4749531398978846,,0,False,False,holdout,False
inst_pct,LOWMID,12,drawdown,20-30,launch_300,3+4+5+6,0.9623698959167334,961,0.3997504159733777,12,0.012486992715920915,0.013311148086522463,0.9380853277835587,0.5376927923977104,1.6301137204800589,,0,False,False,holdout,False
inst_pct,LOWMID,12,mst,0-12,win_50,3+4+5+6,0.9326924993190862,56137,0.3998333345204094,9025,0.1607674083046832,0.1704759937607282,0.9430501313300951,0.9253625759742632,0.9610100079826539,0.696969696969697,10,True,False,holdout,False
inst_pct,LOWMID,12,mst,0-12,win_100,3+4+5+6,0.9326924993190862,56137,0.3998333345204094,2973,0.052959723533498405,0.05875314278388331,0.9013938833587961,0.8703794470655399,0.9334495883601845,-0.07878787878787878,10,True,False,holdout,False
inst_pct,LOWMID,12,mst,0-12,launch_300,3+4+5+6,0.9290789692567273,46895,0.399834592363965,478,0.01019298432668728,0.011621165356479035,0.8771051795596803,0.802256752180688,0.9588582207189076,-0.55,9,True,False,holdout,False
inst_pct,LOWMID,12,mst,13-24,win_50,3+4+5+6,0.9286012816940652,5330,0.39981996849448653,945,0.1772983114446529,0.1724551796564399,1.0280834231703644,0.9699831307626992,1.0888790401889754,-0.5393939393939394,10,True,False,holdout,False
inst_pct,LOWMID,12,mst,13-24,win_100,3+4+5+6,0.9286012816940652,5330,0.39981996849448653,212,0.03977485928705441,0.04688320456079814,0.8483818386491557,0.7433615888046056,0.9675417538808903,,1,True,False,holdout,False
inst_pct,LOWMID,12,mst,13-24,launch_300,3+4+5+6,0.9286012816940652,5330,0.39981996849448653,82,0.015384615384615385,0.020478583752156627,0.7512538743307975,0.6061101836402197,0.930484139596928,,0,False,False,holdout,False
inst_pct_delta_qoq,HIGH,0,all,ALL,win_50,10,0.9566920777007563,15806,0.10019778380708472,2899,0.18341136277363027,0.16991023657986154,1.0794603460364374,1.044406007574641,1.115420155296082,0.06666666666666667,10,True,False,holdout,False
inst_pct_delta_qoq,HIGH,0,all,ALL,win_100,10,0.9566920777007563,15806,0.10019778380708472,1241,0.07851448816904973,0.057870781246037985,1.3567207229369325,1.2860178213353217,1.4309629620189461,-0.01818181818181818,10,True,False,holdout,False
inst_pct_delta_qoq,HIGH,0,all,ALL,launch_300,10,0.9558874782175754,13465,0.10019123019800139,254,0.018863720757519496,0.01261970489534425,1.4947830328804939,1.3232734892266356,1.688040352462625,-0.15151515151515152,10,True,False,holdout,False
inst_pct_delta_qoq,HIGH,0,drawdown,0-10,win_50,10,0.9553129970772836,12218,0.10021489853836185,2287,0.18718284498281224,0.17324759264423628,1.0804354746053642,1.0410834219396017,1.12092257178028,-0.01818181818181818,10,True,False,holdout,False
inst_pct_delta_qoq,HIGH,0,drawdown,0-10,win_100,10,0.9553129970772836,12218,0.10021489853836185,987,0.08078245211982321,0.05956462540396004,1.3562152296260817,1.2772900694395946,1.439564649161018,-0.01818181818181818,10,True,False,holdout,False
inst_pct_delta_qoq,HIGH,0,drawdown,0-10,launch_300,10,0.9538939483387692,9877,0.10021001795805728,189,0.01913536498936924,0.012357578401631444,1.5484720685116589,1.3444823306378106,1.7827185174046984,-0.37142857142857144,6,True,False,holdout,True
inst_pct_delta_qoq,HIGH,0,drawdown,10-20,win_50,10,0.9589013517400058,3339,0.10014696619777451,578,0.1731057202755316,0.15935334872979215,1.0863011141928287,1.0081399317203585,1.1691770234572114,-0.17575757575757575,10,True,False,holdout,False
inst_pct_delta_qoq,HIGH,0,drawdown,10-20,win_100,10,0.9589013517400058,3339,0.10014696619777451,243,0.07277628032345014,0.053537686332143605,1.359346757570953,1.2037796936099154,1.533254110022971,0.006060606060606061,10,True,False,holdout,False
inst_pct_delta_qoq,HIGH,0,drawdown,10-20,launch_300,10,0.9589013517400058,3339,0.10014696619777451,63,0.018867924528301886,0.013316937104465973,1.4168366479687233,1.1095282115073835,1.8071818390513348,,0,False,False,holdout,False
inst_pct_delta_qoq,HIGH,0,drawdown,20-30,win_50,10,0.9963971176941553,249,0.10004017677782241,34,0.13654618473895583,0.1478505423865006,0.9235419940632094,0.6722046081436426,1.249576560090914,,0,False,False,holdout,False
inst_pct_delta_qoq,HIGH,0,drawdown,20-30,win_100,10,0.9963971176941553,249,0.10004017677782241,11,0.04417670682730924,0.03294495781438329,1.340924674306984,0.7541028002507327,2.3481685694866257,,0,False,False,holdout,False
inst_pct_delta_qoq,HIGH,0,drawdown,20-30,launch_300,10,0.9963971176941553,249,0.10004017677782241,2,0.008032128514056224,0.013660104459622338,0.5879990550437042,0.16145338087537003,2.108905755950689,,0,False,False,holdout,False
inst_pct_delta_qoq,HIGH,0,mst,0-12,win_50,10,0.9571256800834369,14436,0.1001950318922258,2640,0.1828761429758936,0.1696708055997057,1.0778291664821966,1.0411625095620944,1.1154902793571166,0.06666666666666667,10,True,False,holdout,False
inst_pct_delta_qoq,HIGH,0,mst,0-12,win_100,10,0.9571256800834369,14436,0.1001950318922258,1143,0.07917705735660847,0.05887048077790657,1.34493648277326,1.2720044379540572,1.4216718714015366,-0.01818181818181818,10,True,False,holdout,False
inst_pct_delta_qoq,HIGH,0,mst,0-12,launch_300,10,0.9563130252932929,12095,0.10018720386998443,202,0.01670111616370401,0.01171266690964514,1.4259020846867065,1.2436079148107269,1.6343987345570277,0.030303030303030304,10,True,False,holdout,False
inst_pct_delta_qoq,HIGH,0,mst,13-24,win_50,10,0.9521454444134857,1370,0.10022679054795523,259,0.18905109489051095,0.17243397468724853,1.0963680169955001,0.9812320309852155,1.2215885352609974,0.12727272727272726,10,True,False,holdout,False
inst_pct_delta_qoq,HIGH,0,mst,13-24,win_100,10,0.9521454444134857,1370,0.10022679054795523,98,0.07153284671532846,0.04733338210549418,1.5112557677771634,1.247551938376727,1.8255816279388954,,0,False,False,holdout,False
inst_pct_delta_qoq,HIGH,0,mst,13-24,launch_300,10,0.9521454444134857,1370,0.10022679054795523,52,0.03795620437956204,0.02063062403979808,1.8397991406533105,1.4086486576274948,2.396194608518007,,0,False,False,holdout,False
inst_pct_delta_qoq,HIGH,3,all,ALL,win_50,10,0.9523315685097247,15734,0.10019805258901222,3071,0.19518240752510488,0.16936362073247616,1.152445883484102,1.1163210168652808,1.189449369764367,0.07878787878787878,10,True,False,holdout,False
inst_pct_delta_qoq,HIGH,3,all,ALL,win_100,10,0.9523315685097247,15734,0.10019805258901222,1306,0.0830049574170586,0.05746709206579676,1.4443911190429184,1.3711361159980968,1.5211884820360475,0.06666666666666667,10,True,False,holdout,False
inst_pct_delta_qoq,HIGH,3,all,ALL,launch_300,10,0.9511149045129628,13397,0.10018545938589013,266,0.0198551914607748,0.012511030346539836,1.5870148909251214,1.4089093109493116,1.7871230340099906,-0.22424242424242424,10,True,False,holdout,True
inst_pct_delta_qoq,HIGH,3,drawdown,0-10,win_50,10,0.9554853824997454,12219,0.10020501886173527,2414,0.19756117521892136,0.17239626045596196,1.1459713493575905,1.1055749327666515,1.1874704820262636,0.07878787878787878,10,True,False,holdout,False
inst_pct_delta_qoq,HIGH,3,drawdown,0-10,win_100,10,0.9554853824997454,12219,0.10020501886173527,1034,0.08462230951796383,0.05888961784484172,1.436964826990741,1.3553673937608053,1.5229958799110295,0.06666666666666667,10,True,False,holdout,False
inst_pct_delta_qoq,HIGH,3,drawdown,0-10,launch_300,10,0.9545714092154035,9882,0.10018959171879593,192,0.019429265330904676,0.012277838046090051,1.582466331447664,1.3755458001941367,1.8198060749290277,-0.42857142857142855,6,True,False,holdout,True
inst_pct_delta_qoq,HIGH,3,drawdown,10-20,win_50,10,0.9377336784584411,3266,0.1001686857843889,621,0.19014084507042253,0.1596994326023616,1.1906169106051712,1.1086438550557498,1.2771488701592586,0.22424242424242424,10,True,False,holdout,False
inst_pct_delta_qoq,HIGH,3,drawdown,10-20,win_100,10,0.9377336784584411,3266,0.1001686857843889,259,0.07930189834660134,0.05407146143229566,1.4666128165575365,1.3042255384219443,1.6472811782257648,0.2606060606060606,10,True,False,holdout,False
inst_pct_delta_qoq,HIGH,3,drawdown,10-20,launch_300,10,0.9377336784584411,3266,0.1001686857843889,68,0.020820575627679118,0.013126821039717835,1.5861095054684056,1.2537133694362956,2.0042761698873117,,0,False,False,holdout,False
inst_pct_delta_qoq,HIGH,3,drawdown,20-30,win_50,10,0.9943955164131305,249,0.10024154589371981,36,0.14457831325301204,0.1473429951690821,0.9812364210942129,0.7214158832131958,1.3143549930764318,,0,False,False,holdout,False
inst_pct_delta_qoq,HIGH,3,drawdown,20-30,win_100,10,0.9943955164131305,249,0.10024154589371981,13,0.05220883534136546,0.0322061191626409,1.6210843373493977,0.9551512684178715,2.7095060325006872,,0,False,False,holdout,False
inst_pct_delta_qoq,HIGH,3,drawdown,20-30,launch_300,10,0.9943955164131305,249,0.10024154589371981,6,0.024096385542168676,0.013687600644122383,1.7604535790219704,0.8101725568713205,3.7672347796382897,,0,False,False,holdout,False
inst_pct_delta_qoq,HIGH,3,mst,0-12,win_50,10,0.9498183122637561,14327,0.10020352639198764,2811,0.1962029734068542,0.16917869057693788,1.1597381013989254,1.1217844745881769,1.1986544312707887,0.07878787878787878,10,True,False,holdout,False
inst_pct_delta_qoq,HIGH,3,mst,0-12,win_100,10,0.9498183122637561,14327,0.10020352639198764,1210,0.08445592238430935,0.0584491428811224,1.4449471492863668,1.36893830828458,1.5247674685156682,0.09090909090909091,10,True,False,holdout,False
inst_pct_delta_qoq,HIGH,3,mst,0-12,launch_300,10,0.9479796259476073,11990,0.10019052075673508,213,0.017764804003336115,0.011514807139514674,1.542779118060406,1.3504495128780938,1.7619356001528284,-0.42857142857142855,7,True,False,holdout,True
inst_pct_delta_qoq,HIGH,3,mst,13-24,win_50,10,0.9786848704374478,1407,0.1001423487544484,260,0.1847903340440654,0.1712455516014235,1.0790956746962255,0.9657342720328518,1.2024807805688473,0.5106406566912542,10,True,False,holdout,False
inst_pct_delta_qoq,HIGH,3,mst,13-24,win_100,10,0.9786848704374478,1407,0.1001423487544484,96,0.06823027718550106,0.047473309608540924,1.4372344744472114,1.1837522763918118,1.7402446560101201,,0,False,False,holdout,False
inst_pct_delta_qoq,HIGH,3,mst,13-24,launch_300,10,0.9786848704374478,1407,0.1001423487544484,53,0.037668798862828715,0.02099644128113879,1.7940563526194693,1.3770588572612759,2.3309638700586026,,0,False,False,holdout,False
inst_pct_delta_qoq,HIGH,6,all,ALL,win_50,10,0.9477102778232629,15655,0.10018110029628777,3009,0.19220696263174705,0.16995910844900075,1.1309012172738135,1.0950300815038037,1.167660901066255,0.04242424242424243,10,True,False,holdout,False
inst_pct_delta_qoq,HIGH,6,all,ALL,win_100,10,0.9477102778232629,15655,0.10018110029628777,1321,0.08438198658575535,0.05785610525574818,1.458480245304306,1.3849728518240587,1.5355122541090296,0.18787878787878787,10,True,False,holdout,False
inst_pct_delta_qoq,HIGH,6,all,ALL,launch_300,10,0.9435043920480813,13290,0.10018695534179659,263,0.019789315274642588,0.012513946265416277,1.5813808733806558,1.4029525671401453,1.781986712029639,-0.06666666666666667,10,True,False,holdout,True
inst_pct_delta_qoq,HIGH,6,drawdown,0-10,win_50,10,0.947077675304221,12110,0.10019277387541678,2362,0.19504541701073494,0.17318209271347845,1.1262447170760796,1.086055848530998,1.1675503883855218,-0.06666666666666667,10,True,False,holdout,False
inst_pct_delta_qoq,HIGH,6,drawdown,0-10,win_100,10,0.947077675304221,12110,0.10019277387541678,1050,0.08670520231213873,0.059586156684620285,1.4551232557430258,1.3731952128699723,1.541450348263858,0.17575757575757575,10,True,False,holdout,False
inst_pct_delta_qoq,HIGH,6,drawdown,0-10,launch_300,10,0.9412060739206597,9745,0.10020359478468309,192,0.01970241149307337,0.012297947600049356,1.6020894001039896,1.3926265478920274,1.8423309999513977,0.3,5,True,False,holdout,True
inst_pct_delta_qoq,HIGH,6,drawdown,10-20,win_50,10,0.948173712970952,3301,0.10012739626304296,610,0.1847924871251136,0.15985197767532153,1.156022526668073,1.0755017869131063,1.2411273666120066,0.01818181818181818,10,True,False,holdout,False
inst_pct_delta_qoq,HIGH,6,drawdown,10-20,win_100,10,0.948173712970952,3301,0.10012739626304296,259,0.07846107240230234,0.05341543314729435,1.4688839494373103,1.3061833631273612,1.6499307510661603,0.1393939393939394,10,True,False,holdout,False
inst_pct_delta_qoq,HIGH,6,drawdown,10-20,launch_300,10,0.948173712970952,3301,0.10012739626304296,67,0.020296879733414118,0.013042950740111624,1.5561570489562713,1.227833871199482,1.9699814333365318,,0,False,False,holdout,False
inst_pct_delta_qoq,HIGH,6,drawdown,20-30,win_50,10,0.9735788630904724,244,0.10032894736842106,37,0.15163934426229508,0.14679276315789475,1.0330164852826376,0.7633882141188443,1.3762106783183612,,0,False,False,holdout,False
inst_pct_delta_qoq,HIGH,6,drawdown,20-30,win_100,10,0.9735788630904724,244,0.10032894736842106,12,0.04918032786885246,0.032072368421052634,1.5334174022698612,0.8840613265000051,2.618510092204229,,0,False,False,holdout,False
inst_pct_delta_qoq,HIGH,6,drawdown,20-30,launch_300,10,0.9735788630904724,244,0.10032894736842106,4,0.01639344262295082,0.013980263157894737,1.1726133076181293,0.4572934312862025,2.960264680412667,,0,False,False,holdout,False
inst_pct_delta_qoq,HIGH,6,mst,0-12,win_50,10,0.9449888064411126,14250,0.100174338497877,2751,0.19305263157894736,0.1698745887579788,1.1364420834830713,1.0987830008273345,1.1750751006529605,0.030303030303030304,10,True,False,holdout,False
inst_pct_delta_qoq,HIGH,6,mst,0-12,win_100,10,0.9449888064411126,14250,0.100174338497877,1221,0.0856842105263158,0.058874391924190875,1.455373172034564,1.3792000641406015,1.5353394237557192,0.07878787878787878,10,True,False,holdout,False
inst_pct_delta_qoq,HIGH,6,mst,0-12,launch_300,10,0.9397808918004737,11885,0.10017953926683919,217,0.01825830879259571,0.011522543557237624,1.5845727726607002,1.3887836092910415,1.8073798940993802,-0.07142857142857142,7,True,False,holdout,True
inst_pct_delta_qoq,HIGH,6,mst,13-24,win_50,10,0.9762468654221231,1405,0.10024973242953977,258,0.18362989323843418,0.1708169818052087,1.075009588027007,0.9615929987468893,1.1985263420653158,-0.1458973304832155,10,True,False,holdout,False
inst_pct_delta_qoq,HIGH,6,mst,13-24,win_100,10,0.9762468654221231,1405,0.10024973242953977,100,0.0711743772241993,0.047520513735283626,1.4977611063020317,1.238767087957945,1.8059662913068508,,1,True,False,holdout,False
inst_pct_delta_qoq,HIGH,6,mst,13-24,launch_300,10,0.9762468654221231,1405,0.10024973242953977,46,0.032740213523131674,0.020906171958615768,1.5660549232992849,1.1783560461333475,2.0756381514368867,,0,False,False,holdout,False
inst_pct_delta_qoq,HIGH,12,all,ALL,win_50,10,0.9211045006034363,15221,0.1002172767974717,3009,0.1976874055581105,0.17078614695812483,1.157514289531818,1.1209174250159177,1.1950044122348198,-0.04242424242424243,10,True,False,holdout,False
inst_pct_delta_qoq,HIGH,12,all,ALL,win_100,10,0.9211045006034363,15221,0.1002172767974717,1289,0.08468563169305565,0.05762444034764288,1.46961308747044,1.394664181292548,1.5481989964991338,0.07878787878787878,10,True,False,holdout,False
inst_pct_delta_qoq,HIGH,12,all,ALL,launch_300,10,0.9165688680251787,12915,0.10022116168082877,268,0.020751064653503678,0.012493694952081635,1.6609229481824543,1.47525001450938,1.8694083814883824,0.08333333333333333,9,True,False,holdout,True
inst_pct_delta_qoq,HIGH,12,drawdown,0-10,win_50,10,0.9226224524177056,11799,0.10020722572316682,2377,0.20145775065683533,0.1745706860530294,1.1540182101113954,1.113121084470097,1.1960285380476996,-0.04242424242424243,10,True,False,holdout,False
inst_pct_delta_qoq,HIGH,12,drawdown,0-10,win_100,10,0.9226224524177056,11799,0.10020722572316682,1024,0.08678701584880075,0.059602873982980316,1.4560877697539032,1.373102250051561,1.5435860923920213,-0.06666666666666667,10,True,False,holdout,False
inst_pct_delta_qoq,HIGH,12,drawdown,0-10,launch_300,10,0.9168078043492989,9493,0.10021006850978033,191,0.02012008848625303,0.012371874043343783,1.626276537876481,1.4131704784114953,1.8707619569971996,0.14285714285714285,6,True,False,holdout,True
inst_pct_delta_qoq,HIGH,12,drawdown,10-20,win_50,10,0.9142364106988783,3187,0.10025795897823078,591,0.18544085346721054,0.1584874795520322,1.1700662663786598,1.0873349133489205,1.2575765235287717,0.34545454545454546,10,True,False,holdout,False
inst_pct_delta_qoq,HIGH,12,drawdown,10-20,win_100,10,0.9142364106988783,3187,0.10025795897823078,252,0.07907122685911515,0.052189505473763685,1.5150790593113637,1.3451214157199296,1.7044565761147294,0.24848484848484848,10,True,False,holdout,True
inst_pct_delta_qoq,HIGH,12,drawdown,10-20,launch_300,10,0.9142364106988783,3187,0.10025795897823078,71,0.022278004392845937,0.012835032087580219,1.735718636372026,1.3790458412235513,2.182010254840187,,0,False,False,holdout,False
inst_pct_delta_qoq,HIGH,12,drawdown,20-30,win_50,10,0.9391513210568455,235,0.10017050298380221,41,0.17446808510638298,0.1474850809889173,1.1829541261837413,0.8901893561756333,1.5467194851352633,,0,False,False,holdout,False
inst_pct_delta_qoq,HIGH,12,drawdown,20-30,win_100,10,0.9391513210568455,235,0.10017050298380221,13,0.05531914893617021,0.0319693094629156,1.730382978723404,1.0200536491800267,2.8881490480361967,,0,False,False,holdout,False
inst_pct_delta_qoq,HIGH,12,drawdown,20-30,launch_300,10,0.9391513210568455,235,0.10017050298380221,6,0.02553191489361702,0.01278772378516624,1.996595744680851,0.9190747556431311,4.26763818071115,,0,False,False,holdout,False
inst_pct_delta_qoq,HIGH,12,mst,0-12,win_50,10,0.9206286993549587,13889,0.10022008153840603,2739,0.1972064223486212,0.17061731067575855,1.155840644583788,1.1175496712644604,1.1951130464181092,-0.030303030303030304,10,True,False,holdout,False
inst_pct_delta_qoq,HIGH,12,mst,0-12,win_100,10,0.9206286993549587,13889,0.10022008153840603,1192,0.0858233134134927,0.05865714182631598,1.4631349353436938,1.385658063720461,1.5445166165177802,0.12727272727272726,10,True,False,holdout,False
inst_pct_delta_qoq,HIGH,12,mst,0-12,launch_300,10,0.9154857056852478,11583,0.10022497187851519,230,0.01985668652335319,0.011568746214415506,1.7164078246102679,1.5101647670647325,1.9501707098994767,0.17857142857142858,7,True,False,holdout,True
inst_pct_delta_qoq,HIGH,12,mst,13-24,win_50,10,0.9260936193925885,1332,0.10018804061677322,270,0.20270270270270271,0.17254606995110944,1.1747743820542427,1.0546898412310628,1.3047685464060803,0.15151515151515152,10,True,False,holdout,False
inst_pct_delta_qoq,HIGH,12,mst,13-24,win_100,10,0.9260936193925885,1332,0.10018804061677322,97,0.07282282282282282,0.046859721699887176,1.5540600793409782,1.2817593664801026,1.8787907614660349,,0,False,False,holdout,False
inst_pct_delta_qoq,HIGH,12,mst,13-24,launch_300,10,0.9260936193925885,1332,0.10018804061677322,38,0.028528528528528527,0.020534035351635952,1.3893288893288893,1.015609369716506,1.8951026580563906,,0,False,False,holdout,False
insider_buy_count_90d,HIGH,0,all,ALL,win_50,10,1.0,10733,0.06509227419658073,2160,0.2012484859778254,0.16980514164074012,1.185173099196316,1.1411368610488932,1.2304682886208491,0.1,5,True,False,holdout,False
insider_buy_count_90d,HIGH,0,all,ALL,win_100,10,1.0,10733,0.06509227419658073,840,0.07826330010248765,0.058439313720139004,1.3392234631173814,1.254833611939802,1.4287773107136261,0.1,5,True,False,holdout,False
insider_buy_count_90d,HIGH,0,all,ALL,launch_300,10,1.0,9214,0.06553575873964224,150,0.016279574560451485,0.012781393363917636,1.2736932583899145,1.0867291475515342,1.492201108577627,,3,True,False,holdout,False
insider_buy_count_90d,HIGH,0,drawdown,0-10,win_50,10,1.0,8095,0.06342999976492897,1714,0.21173563928350833,0.17318466396596172,1.2226003991041814,1.1720078553319286,1.2747719526131192,0.1,5,True,False,holdout,False
insider_buy_count_90d,HIGH,0,drawdown,0-10,win_100,10,1.0,8095,0.06342999976492897,669,0.08264360716491662,0.060217362346322315,1.372421573193731,1.2760709943432333,1.4753470441252385,0.1,5,True,False,holdout,False
insider_buy_count_90d,HIGH,0,drawdown,0-10,launch_300,10,1.0,6576,0.0636426103535378,109,0.01657542579075426,0.012533026217735926,1.3225397843098574,1.0978881399112235,1.592229888509314,,3,True,False,holdout,False
insider_buy_count_90d,HIGH,0,drawdown,10-20,win_50,10,1.0,2488,0.07155593902789761,418,0.1680064308681672,0.15901639344262294,1.0565352869029072,0.9673834809079505,1.1521242417127195,0.1,5,True,False,holdout,False
insider_buy_count_90d,HIGH,0,drawdown,10-20,win_100,10,1.0,2488,0.07155593902789761,163,0.0655144694533762,0.05375323554788611,1.218800483089294,1.0500989448765605,1.4124236536292176,,4,True,False,holdout,False
insider_buy_count_90d,HIGH,0,drawdown,10-20,launch_300,10,1.0,2488,0.07155593902789761,40,0.01607717041800643,0.013459879206212251,1.194451315030093,0.8788272216424288,1.6209266918659315,,1,False,False,holdout,False
insider_buy_count_90d,HIGH,0,drawdown,20-30,win_50,10,1.0,150,0.0600480384307446,28,0.18666666666666668,0.14731785428342675,1.2671014492753623,0.8989009181048284,1.7415214208579475,,1,False,False,holdout,False
insider_buy_count_90d,HIGH,0,drawdown,20-30,win_100,10,1.0,150,0.0600480384307446,8,0.05333333333333334,0.03282626100880705,1.6247154471544716,0.8307232971947726,3.098247431779333,,0,False,False,holdout,False
insider_buy_count_90d,HIGH,0,drawdown,20-30,launch_300,10,1.0,150,0.0600480384307446,1,0.006666666666666667,0.013610888710968775,0.4898039215686275,0.08653375595205634,2.7031916099017073,,0,False,False,holdout,False
insider_buy_count_90d,HIGH,0,mst,0-12,win_50,10,1.0,9915,0.06586595630194043,1992,0.20090771558245082,0.16967708077298665,1.184059241632334,1.1382649238168323,1.231218919719999,0.1,5,True,False,holdout,False
insider_buy_count_90d,HIGH,0,mst,0-12,win_100,10,1.0,9915,0.06586595630194043,788,0.0794755421079173,0.05948197405220118,1.336128186300102,1.2493359735768574,1.4283964958976032,0.1,5,True,False,holdout,False
insider_buy_count_90d,HIGH,0,mst,0-12,launch_300,10,1.0,8396,0.06650876512012928,128,0.015245354930919485,0.01177924413216201,1.29425579093769,1.089833785640991,1.5363186661512398,,3,True,False,holdout,False
insider_buy_count_90d,HIGH,0,mst,13-24,win_50,10,1.0,818,0.05697966007244358,168,0.20537897310513448,0.17114795207578712,1.2000083589325643,1.0464777244390386,1.3696317399431692,,3,True,False,holdout,False
insider_buy_count_90d,HIGH,0,mst,13-24,win_100,10,1.0,818,0.05697966007244358,52,0.06356968215158924,0.04750626915575369,1.3381324882231895,1.0273291579335442,1.73481781383237,,1,False,False,holdout,False
insider_buy_count_90d,HIGH,0,mst,13-24,launch_300,10,1.0,818,0.05697966007244358,22,0.02689486552567237,0.02159375870716077,1.2454925467308147,0.825563006659159,1.8702398201779677,,1,False,False,holdout,False
insider_buy_count_90d,HIGH,3,all,ALL,win_50,10,0.999514825124781,10768,0.06533623770546511,2215,0.20570208023774145,0.16981475526215195,1.211332195015612,1.1669950514384237,1.2569054226372571,0.1,5,True,False,holdout,False
insider_buy_count_90d,HIGH,3,all,ALL,win_100,10,0.999514825124781,10768,0.06533623770546511,819,0.07605869242199108,0.058443410250653784,1.3014074999352085,1.2182980653667772,1.3896906961507742,0.1,5,True,False,holdout,False
insider_buy_count_90d,HIGH,3,all,ALL,launch_300,10,0.9994950033784985,9395,0.06685690700520908,158,0.016817456093666843,0.012766502519142638,1.3173111483313487,1.1285659844591533,1.5369942357123123,,3,True,False,holdout,False
insider_buy_count_90d,HIGH,3,drawdown,0-10,win_50,10,0.9994279938254675,8199,0.06428168219023427,1831,0.22331991706305648,0.1731975413177784,1.2893942683245996,1.2381003917513427,1.3421843738062496,0.1,5,True,False,holdout,False
insider_buy_count_90d,HIGH,3,drawdown,0-10,win_100,10,0.9994279938254675,8199,0.06428168219023427,690,0.08415660446395902,0.06022046602063537,1.397475144664633,1.3008919636617573,1.5005259913540516,0.1,5,True,False,holdout,False
insider_buy_count_90d,HIGH,3,drawdown,0-10,launch_300,10,0.9993806071985057,6826,0.06610305724218743,114,0.01670084969235277,0.012511741863009984,1.33481411902587,1.1126652538886723,1.6004153890897304,,3,True,False,holdout,False
insider_buy_count_90d,HIGH,3,drawdown,10-20,win_50,10,0.9997986770204199,2355,0.06774444092857348,360,0.15286624203821655,0.15901964732618012,0.9613041193875764,0.8734670763779366,1.0562512261711914,,4,True,False,holdout,False
insider_buy_count_90d,HIGH,3,drawdown,10-20,win_100,10,0.9997986770204199,2355,0.06774444092857348,122,0.05180467091295117,0.053764059488536665,0.9635557918389093,0.8102221843516348,1.1440414543744406,,3,True,False,holdout,False
insider_buy_count_90d,HIGH,3,drawdown,10-20,launch_300,10,0.9997986770204199,2355,0.06774444092857348,39,0.016560509554140127,0.013462589534850272,1.2301132342533616,0.9016060348251025,1.6755814009041692,,1,False,False,holdout,False
insider_buy_count_90d,HIGH,3,drawdown,20-30,win_50,10,1.0,214,0.08566853482786228,24,0.11214953271028037,0.14731785428342675,0.7612759041040227,0.5194980322364827,1.0959064856632312,,1,False,False,holdout,False
insider_buy_count_90d,HIGH,3,drawdown,20-30,win_100,10,1.0,214,0.08566853482786228,7,0.03271028037383177,0.03282626100880705,0.9964668338272166,0.485388503286367,2.0095991926744725,,0,False,False,holdout,False
insider_buy_count_90d,HIGH,3,drawdown,20-30,launch_300,10,1.0,214,0.08566853482786228,5,0.02336448598130841,0.013610888710968775,1.7166025288620121,0.7361937591394535,3.9320642082183306,,0,False,False,holdout,False
insider_buy_count_90d,HIGH,3,mst,0-12,win_50,10,0.9995084134375851,9830,0.06533341308928013,2027,0.206205493387589,0.16969406948072233,1.2151602823751861,1.1687097160563094,1.262963481725,0.1,5,True,False,holdout,False
insider_buy_count_90d,HIGH,3,mst,0-12,win_100,10,0.9995084134375851,9830,0.06533341308928013,769,0.07822990844354018,0.05949128998597625,1.3149808730316848,1.2284938082397778,1.4070068614392395,0.3,5,True,False,holdout,False
insider_buy_count_90d,HIGH,3,mst,0-12,launch_300,10,0.9994851036525955,8457,0.06702648723191783,142,0.016790824169327184,0.011777386783330956,1.4256833437016743,1.2111046112642225,1.677518302358608,,3,True,False,holdout,False
insider_buy_count_90d,HIGH,3,mst,13-24,win_50,10,0.9995820562830872,938,0.06536585365853659,188,0.20042643923240938,0.1710801393728223,1.1715353983645926,1.029067056214074,1.3282878202887896,,3,True,False,holdout,False
insider_buy_count_90d,HIGH,3,mst,13-24,win_100,10,0.9995820562830872,938,0.06536585365853659,50,0.053304904051172705,0.04745644599303136,1.123238433383742,0.8568918067457341,1.4663679323875678,,1,False,False,holdout,False
insider_buy_count_90d,HIGH,3,mst,13-24,launch_300,10,0.9995820562830872,938,0.06536585365853659,16,0.017057569296375266,0.021463414634146343,0.7947276603993021,0.4904357388001776,1.2825655839569263,,1,False,False,holdout,False
insider_buy_count_90d,HIGH,6,all,ALL,win_50,10,0.9988355802994742,10996,0.06676502911407008,2096,0.1906147690069116,0.16982701567120226,1.1224054562435224,1.0798150711037497,1.1662682674547755,0.1,5,True,False,holdout,False
insider_buy_count_90d,HIGH,6,all,ALL,win_100,10,0.9988355802994742,10996,0.06676502911407008,835,0.07593670425609313,0.05844672337686782,1.2992465594084532,1.217044846074082,1.3865159654712564,0.1,5,True,False,holdout,False
insider_buy_count_90d,HIGH,6,all,ALL,launch_300,10,0.9988264163021444,9600,0.06836146122623371,178,0.018541666666666668,0.012732322153386029,1.4562674776286355,1.2589548824200454,1.683830554352775,,4,True,False,holdout,False
insider_buy_count_90d,HIGH,6,drawdown,0-10,win_50,10,0.9986444237233684,8398,0.06589354089511017,1679,0.1999285544177185,0.1732235892285481,1.1541647145639982,1.1055812411530264,1.20433223963072,0.1,5,True,False,holdout,False
insider_buy_count_90d,HIGH,6,drawdown,0-10,win_100,10,0.9986444237233684,8398,0.06589354089511017,670,0.07978090021433674,0.06022848534304187,1.3246373333138077,1.2315791571422359,1.4240755810317003,0.1,5,True,False,holdout,False
insider_buy_count_90d,HIGH,6,drawdown,0-10,launch_300,10,0.9985870101715911,7002,0.0678613310590128,131,0.018708940302770635,0.012473226659947084,1.499927870536268,1.2658389062108413,1.7763318849836303,,3,True,False,holdout,False
insider_buy_count_90d,HIGH,6,drawdown,10-20,win_50,10,0.9994535519125683,2411,0.06937929843745504,393,0.16300290335960183,0.1589882305545164,1.0252513836469725,0.9359005950302681,1.121345880066345,,4,True,False,holdout,False
insider_buy_count_90d,HIGH,6,drawdown,10-20,win_100,10,0.9994535519125683,2411,0.06937929843745504,159,0.06594773952716715,0.05375384881010618,1.226846839565624,1.0550911573161612,1.4242928716359364,,3,True,False,holdout,False
insider_buy_count_90d,HIGH,6,drawdown,10-20,launch_300,10,0.9994535519125683,2411,0.06937929843745504,45,0.018664454583160513,0.013438462202526546,1.3888832146025931,1.0401688296670677,1.8515532649641901,,1,False,False,holdout,False
insider_buy_count_90d,HIGH,6,drawdown,20-30,win_50,10,1.0,187,0.07485988791032826,24,0.12834224598930483,0.14731785428342675,0.8711927458730528,0.5958791689972496,1.2480706672990376,,1,False,False,holdout,False
insider_buy_count_90d,HIGH,6,drawdown,20-30,win_100,10,1.0,187,0.07485988791032826,6,0.03208556149732621,0.03282626100880705,0.9774357636624494,0.45044526384497224,2.0782763941196607,,0,False,False,holdout,False
insider_buy_count_90d,HIGH,6,drawdown,20-30,launch_300,10,1.0,187,0.07485988791032826,2,0.0106951871657754,0.013610888710968775,0.7857816923560867,0.21585092320441562,2.8029721355211774,,0,False,False,holdout,False
insider_buy_count_90d,HIGH,6,mst,0-12,win_50,10,0.9988108919638883,9939,0.06610399457280818,1926,0.19378207063084818,0.16971281109913935,1.1418234685750892,1.0967368060424842,1.1883043522313772,0.1,5,True,False,holdout,False
insider_buy_count_90d,HIGH,6,mst,0-12,win_100,10,0.9988108919638883,9939,0.06610399457280818,810,0.08149713250830064,0.05950623195924285,1.3695562603278233,1.2818589747792253,1.4626879465726035,0.1,5,True,False,holdout,False
insider_buy_count_90d,HIGH,6,mst,0-12,launch_300,10,0.9987959346953001,8543,0.0677548042224813,168,0.019665222989582114,0.01176172008216549,1.6719682879888333,1.4393801613345798,1.941267204484036,,3,True,False,holdout,True
insider_buy_count_90d,HIGH,6,mst,13-24,win_50,10,0.9990944552800223,1057,0.0736944851146901,170,0.1608325449385052,0.17102419298612564,0.9404081500419813,0.8181264111382741,1.077052464402185,,4,True,False,holdout,False
insider_buy_count_90d,HIGH,6,mst,13-24,win_100,10,0.9990944552800223,1057,0.0736944851146901,25,0.023651844843897825,0.047340165934602246,0.49961474314584164,0.339480265207288,0.7326228525794578,,1,False,False,holdout,False
insider_buy_count_90d,HIGH,6,mst,13-24,launch_300,10,0.9990944552800223,1057,0.0736944851146901,10,0.00946073793755913,0.02126472843895977,0.4449028335685593,0.24203959100674324,0.8148326756035642,,1,False,False,holdout,False
insider_buy_count_90d,HIGH,12,all,ALL,win_50,10,0.9892776352576582,11598,0.07110059403755495,1955,0.16856354543886878,0.1700455490096309,0.9912846670824758,0.951864391725313,1.0319956690506737,,4,True,False,holdout,False
insider_buy_count_90d,HIGH,12,all,ALL,win_100,10,0.9892776352576582,11598,0.07110059403755495,813,0.07009829280910501,0.05836158434536326,1.2011033215665985,1.1239018959813138,1.283182742194855,,4,True,False,holdout,False
insider_buy_count_90d,HIGH,12,all,ALL,launch_300,10,0.9885486681603186,10019,0.07208691585422887,168,0.016768140532987325,0.012663237039968342,1.324159097714343,1.139738559942895,1.537831001157172,,4,True,False,holdout,False
insider_buy_count_90d,HIGH,12,drawdown,0-10,win_50,10,0.9890300185706115,9153,0.07251566696508505,1606,0.17546159729050584,0.1736002725378503,1.0107218999454608,0.9666225757577124,1.056389766239046,,4,True,False,holdout,False
insider_buy_count_90d,HIGH,12,drawdown,0-10,win_100,10,0.9890300185706115,9153,0.07251566696508505,674,0.07363705888779636,0.06025146370255346,1.2221621577746935,1.1362948137085747,1.3139668475534523,,4,True,False,holdout,False
insider_buy_count_90d,HIGH,12,drawdown,0-10,launch_300,10,0.9879799084460015,7574,0.07419307439878532,128,0.016899920781621336,0.012430817456041535,1.359518055943116,1.1449269294662006,1.6135111663380082,,2,True,False,holdout,False
insider_buy_count_90d,HIGH,12,drawdown,10-20,win_50,10,0.9902502157031924,2274,0.06604513374575237,329,0.14467897977132807,0.15863611280532078,0.9120179334504938,0.8246519929361333,1.006938648926209,,4,True,False,holdout,False
insider_buy_count_90d,HIGH,12,drawdown,10-20,win_100,10,0.9902502157031924,2274,0.06604513374575237,128,0.056288478452066845,0.05326595219424356,1.0567440575698548,0.8925466427823134,1.2490380680596367,,3,True,False,holdout,False
insider_buy_count_90d,HIGH,12,drawdown,10-20,launch_300,10,0.9902502157031924,2274,0.06604513374575237,35,0.015391380826737027,0.013272922656908019,1.1596075125719532,0.8353545731913045,1.607008423236726,,1,False,False,holdout,False
insider_buy_count_90d,HIGH,12,drawdown,20-30,win_50,10,0.9883907125700561,171,0.0692588092345079,20,0.11695906432748537,0.14742810854597002,0.7933294775400038,0.5222980701775117,1.178529480517461,,1,False,False,holdout,False
insider_buy_count_90d,HIGH,12,drawdown,20-30,win_100,10,0.9883907125700561,171,0.0692588092345079,11,0.06432748538011696,0.032806804374240585,1.9607970543643056,1.106348476664116,3.3987955285656035,,0,False,False,holdout,False
insider_buy_count_90d,HIGH,12,drawdown,20-30,launch_300,10,0.9883907125700561,171,0.0692588092345079,5,0.029239766081871343,0.01377075739165654,2.1233230134158925,0.911554964951281,4.837277046932014,,0,False,False,holdout,False
insider_buy_count_90d,HIGH,12,mst,0-12,win_50,10,0.9886602937561864,10667,0.07167430422103664,1824,0.17099465641698697,0.1699568623761977,1.0061062202860167,0.9647653358866088,1.0488408767763457,,4,True,False,holdout,False
insider_buy_count_90d,HIGH,12,mst,0-12,win_100,10,0.9886602937561864,10667,0.07167430422103664,768,0.0719977500703103,0.05941838119683389,1.211708374077123,1.1317212545011925,1.2968817353611495,,4,True,False,holdout,False
insider_buy_count_90d,HIGH,12,mst,0-12,launch_300,10,0.9877296239672367,9088,0.07288475419039217,141,0.015514964788732395,0.011701018525944342,1.32594993797604,1.1256313982923385,1.5612574374046224,,4,True,False,holdout,False
insider_buy_count_90d,HIGH,12,mst,13-24,win_50,10,0.99575090554472,931,0.06512766701643931,131,0.14070891514500536,0.17096887023434768,0.8230089779041946,0.7009841901636655,0.9623047710189855,,3,True,False,holdout,False
insider_buy_count_90d,HIGH,12,mst,13-24,win_100,10,0.99575090554472,931,0.06512766701643931,45,0.04833512352309345,0.04735921650926898,1.0206064856168697,0.7668620641243107,1.3527299634188732,,1,False,False,holdout,False
insider_buy_count_90d,HIGH,12,mst,13-24,launch_300,10,0.99575090554472,931,0.06512766701643931,27,0.02900107411385607,0.02105631339629241,1.3773101476995766,0.9501508001776974,1.9883034799317554,,1,False,False,holdout,False
net_debt_to_ebitda,LOW,0,all,ALL,win_50,1,0.7861167209456058,12988,0.10019904028637114,2158,0.16615337234370187,0.16116091404236935,1.0309780962151902,0.9918712375746055,1.0713099736285279,0.3212121212121212,10,True,False,holdout,False
net_debt_to_ebitda,LOW,0,all,ALL,win_100,1,0.7861167209456058,12988,0.10019904028637114,723,0.05566676932553126,0.04876487016092947,1.1415342467195084,1.063336104817768,1.2251207559536497,0.5515151515151515,10,True,False,holdout,False
net_debt_to_ebitda,LOW,0,all,ALL,launch_300,1,0.7806963263273943,10999,0.10020772216249704,98,0.008909900900081825,0.009101510540988685,0.9789474900848661,0.803949013552622,1.191622334716733,,2,False,False,holdout,False
net_debt_to_ebitda,LOW,0,drawdown,0-10,win_50,1,0.78187759067865,9999,0.1002064459231941,1786,0.1786178617861786,0.16540727972420427,1.0798669930610147,1.0352267858715096,1.1259995475898497,0.296969696969697,10,True,False,holdout,False
net_debt_to_ebitda,LOW,0,drawdown,0-10,win_100,1,0.78187759067865,9999,0.1002064459231941,596,0.059605960596059604,0.05025855848633047,1.1859862755966524,1.0969742855361826,1.2817285622514987,0.5393939393939394,10,True,False,holdout,False
net_debt_to_ebitda,LOW,0,drawdown,0-10,launch_300,1,0.773505472916082,8010,0.10022020919873881,78,0.009737827715355805,0.008808367949552075,1.1055200885257064,0.8866629107026753,1.3777375802070473,,0,False,False,holdout,False
net_debt_to_ebitda,LOW,0,drawdown,10-20,win_50,1,0.8011216566005177,2790,0.10016155088852989,356,0.12759856630824373,0.1470113085621971,0.867950687305526,0.7872071117983934,0.9556602877977787,-0.030303030303030304,10,True,False,holdout,False
net_debt_to_ebitda,LOW,0,drawdown,10-20,win_100,1,0.8011216566005177,2790,0.10016155088852989,123,0.04408602150537634,0.044947047208759645,0.9808435535401422,0.8248590294155178,1.1647217804321524,0.7166666666666667,9,True,False,holdout,False
net_debt_to_ebitda,LOW,0,drawdown,10-20,launch_300,1,0.8011216566005177,2790,0.10016155088852989,20,0.007168458781362007,0.009836654101597559,0.7287497056745939,0.47224519824817757,1.123030831662659,,0,False,False,holdout,False
net_debt_to_ebitda,LOW,0,drawdown,20-30,win_50,1,0.7938350680544436,199,0.10035300050428643,16,0.08040201005025126,0.14624306606152296,0.5497833997574076,0.3425403169154493,0.8657009635270004,,0,False,False,holdout,False
net_debt_to_ebitda,LOW,0,drawdown,20-30,win_100,1,0.7938350680544436,199,0.10035300050428643,4,0.020100502512562814,0.02723146747352496,0.7381351200446679,0.28804107070285756,1.8557252326578983,,0,False,False,holdout,False
net_debt_to_ebitda,LOW,0,drawdown,20-30,launch_300,1,0.7938350680544436,199,0.10035300050428643,0,0.0,0.01059001512859304,0.0,0.0,1.788310320597029,,0,False,False,holdout,False
net_debt_to_ebitda,LOW,0,mst,0-12,win_50,1,0.7840407086818173,11825,0.10019148647732665,1915,0.16194503171247357,0.16127228360333493,1.004171504824681,0.9636807450339168,1.0460237455402426,0.3212121212121212,10,True,False,holdout,False
net_debt_to_ebitda,LOW,0,mst,0-12,win_100,1,0.7840407086818173,11825,0.10019148647732665,659,0.05572938689217759,0.050091506812173794,1.1125516168068958,1.0328532991261608,1.1980105311008447,0.5757575757575758,10,True,False,holdout,False
net_debt_to_ebitda,LOW,0,mst,0-12,launch_300,1,0.7776043853325835,9836,0.10019966586528667,75,0.0076250508336722245,0.008546921478342366,0.892140035800477,0.7122804830154504,1.1169800926972282,,2,False,False,holdout,False
net_debt_to_ebitda,LOW,0,mst,13-24,win_50,1,0.8078852047924213,1163,0.10027590963959303,243,0.20894239036973344,0.1600275909639593,1.3056647863729356,1.1657608521853757,1.4575443520564635,0.38181818181818183,10,True,False,holdout,False
net_debt_to_ebitda,LOW,0,mst,13-24,win_100,1,0.8078852047924213,1163,0.10027590963959303,64,0.055030094582975066,0.035264700810484564,1.5604866429666133,1.2286774618329317,1.97537740824469,,0,False,False,holdout,False
net_debt_to_ebitda,LOW,0,mst,13-24,launch_300,1,0.8078852047924213,1163,0.10027590963959303,23,0.019776440240756664,0.013795481979651664,1.4335447119518487,0.9578308948850631,2.138461856078533,,0,False,False,holdout,False
net_debt_to_ebitda,LOW,3,all,ALL,win_50,1,0.7793000139487777,12873,0.10018054755716042,2123,0.16491882234133456,0.16284300144749334,1.012747375542022,0.9739947529050147,1.0527277137685203,0.4666666666666667,10,True,False,holdout,False
net_debt_to_ebitda,LOW,3,all,ALL,win_100,1,0.7793000139487777,12873,0.10018054755716042,695,0.0539889691602579,0.04942489377266572,1.0923436559840687,1.0160132845614191,1.1740581717115008,0.5878787878787879,10,True,False,holdout,False
net_debt_to_ebitda,LOW,3,all,ALL,launch_300,1,0.7736761620256766,10896,0.10017007584463342,100,0.009177679882525698,0.009367961388186625,0.9796880561547916,0.8061647703015874,1.1901418443803669,1.0,5,True,False,holdout,False
net_debt_to_ebitda,LOW,3,drawdown,0-10,win_50,1,0.7746295672342326,9905,0.10019320446292194,1770,0.17869762746087833,0.1676933814827178,1.065621230133609,1.0213766315134813,1.1113514267843676,0.47878787878787876,10,True,False,holdout,False
net_debt_to_ebitda,LOW,3,drawdown,0-10,win_100,1,0.7746295672342326,9905,0.10019320446292194,578,0.058354366481574965,0.051244702050395004,1.1387395017769482,1.0519512180407677,1.2322101209658785,0.5757575757575758,10,True,False,holdout,False
net_debt_to_ebitda,LOW,3,drawdown,0-10,launch_300,1,0.7658791990476835,7928,0.10018196522442378,77,0.009712411705348133,0.009110897695107157,1.0660213768577391,0.8537656883847882,1.3304015637263709,,0,False,False,holdout,False
net_debt_to_ebitda,LOW,3,drawdown,10-20,win_50,1,0.7958584987057808,2771,0.10013732292570107,336,0.12125586430891375,0.14671870482798496,0.8264512997921826,0.7471677657210756,0.9128822396997894,0.01818181818181818,10,True,False,holdout,False
net_debt_to_ebitda,LOW,3,drawdown,10-20,win_100,1,0.7958584987057808,2771,0.10013732292570107,112,0.040418621436304585,0.04455767562879445,0.9071079419184269,0.7563165895569507,1.0864573019443864,0.6333333333333333,9,True,False,holdout,False
net_debt_to_ebitda,LOW,3,drawdown,10-20,launch_300,1,0.7958584987057808,2771,0.10013732292570107,23,0.008300252616383976,0.010010118531367447,0.8291862469334924,0.5531704407414835,1.241205142910593,,0,False,False,holdout,False
net_debt_to_ebitda,LOW,3,drawdown,20-30,win_50,1,0.7874299439551641,197,0.10015251652262329,17,0.08629441624365482,0.14590747330960854,0.5914324625479757,0.3740383326625566,0.9172908537676433,,0,False,False,holdout,False
net_debt_to_ebitda,LOW,3,drawdown,20-30,win_100,1,0.7874299439551641,197,0.10015251652262329,5,0.025380710659898477,0.026436197254702594,0.9600741897696212,0.4118883508907693,2.1950425252916754,,0,False,False,holdout,False
net_debt_to_ebitda,LOW,3,drawdown,20-30,launch_300,1,0.7874299439551641,197,0.10015251652262329,0,0.0,0.010676156583629894,0.0,0.0,1.791545682610891,,0,False,False,holdout,False
net_debt_to_ebitda,LOW,3,mst,0-12,win_50,1,0.7773511455959823,11722,0.10017347906714409,1878,0.16021156799181027,0.16322414691882375,0.9815433011360033,0.9415449465522969,1.0229056305256345,0.3696969696969697,10,True,False,holdout,False
net_debt_to_ebitda,LOW,3,mst,0-12,win_100,1,0.7773511455959823,11722,0.10017347906714409,638,0.054427572086674626,0.050872950084175805,1.0698725353378808,0.991977424571519,1.1535063465106148,0.5878787878787879,10,True,False,holdout,False
net_debt_to_ebitda,LOW,3,mst,0-12,launch_300,1,0.7707126957596305,9745,0.10016033876703599,80,0.008209338122113904,0.008839188439163771,0.9287434223871515,0.7468453616576869,1.1544886020481362,,3,False,False,holdout,False
net_debt_to_ebitda,LOW,3,mst,13-24,win_50,1,0.7997353023126219,1151,0.10025259123769706,245,0.21285838401390095,0.1589582788955666,1.3390833462266283,1.1964538315172688,1.4937304349683476,0.3333333333333333,10,True,False,holdout,False
net_debt_to_ebitda,LOW,3,mst,13-24,win_100,1,0.7997353023126219,1151,0.10025259123769706,57,0.04952215464813206,0.03466596986325233,1.428552405817096,1.1082432251878382,1.8353133585276056,,0,False,False,holdout,False
net_debt_to_ebitda,LOW,3,mst,13-24,launch_300,1,0.7997353023126219,1151,0.10025259123769706,20,0.01737619461337967,0.013848967859942513,1.254692392177434,0.8142268551313003,1.9270015497019901,,0,False,False,holdout,False
net_debt_to_ebitda,LOW,6,all,ALL,win_50,1,0.771810126812583,12748,0.10017051303206745,2021,0.1585346721054283,0.16406182472517541,0.9663105501294661,0.9282927025278915,1.0055823827692294,0.7090909090909091,10,True,False,holdout,False
net_debt_to_ebitda,LOW,6,all,ALL,win_100,1,0.771810126812583,12748,0.10017051303206745,679,0.05326325698148729,0.04985738195704958,1.0683123519676936,0.9927913325700375,1.1492319009274856,0.7090909090909091,10,True,False,holdout,False
net_debt_to_ebitda,LOW,6,all,ALL,launch_300,1,0.7657242433941464,10785,0.10017927306166807,97,0.00899397311080204,0.009455957346015587,0.9511435787717242,0.780332196756548,1.1589320475014233,,4,False,False,holdout,False
net_debt_to_ebitda,LOW,6,drawdown,0-10,win_50,1,0.767491243604109,9810,0.10015518438355045,1690,0.17227319062181448,0.16914076857107854,1.0185196158040373,0.9751010115513943,1.0634550986309301,0.6606060606060606,10,True,False,holdout,False
net_debt_to_ebitda,LOW,6,drawdown,0-10,win_100,1,0.767491243604109,9810,0.10015518438355045,570,0.0581039755351682,0.051833626005635645,1.1209706905098786,1.0349516110357906,1.213663915178586,0.5878787878787879,10,True,False,holdout,False
net_debt_to_ebitda,LOW,6,drawdown,0-10,launch_300,1,0.7581948571041451,7847,0.10016338617855046,76,0.009685230024213076,0.009279824359858059,1.0436867820590106,0.8346639408658643,1.3044161298441035,,0,False,False,holdout,False
net_debt_to_ebitda,LOW,6,drawdown,10-20,win_50,1,0.7863100373885533,2740,0.10021945866861741,317,0.11569343065693431,0.14725676664228238,0.7856578226926438,0.7079559658089749,0.8706671946299355,0.030303030303030304,10,True,False,holdout,False
net_debt_to_ebitda,LOW,6,drawdown,10-20,win_100,1,0.7863100373885533,2740,0.10021945866861741,107,0.03905109489051095,0.04451353328456474,0.8772858950752419,0.728306119098889,1.0552609900019765,0.75,9,True,False,holdout,False
net_debt_to_ebitda,LOW,6,drawdown,10-20,launch_300,1,0.7863100373885533,2740,0.10021945866861741,21,0.007664233576642336,0.009912216532553036,0.7732108707948393,0.506284119627468,1.1792154106465842,,0,False,False,holdout,False
net_debt_to_ebitda,LOW,6,drawdown,20-30,win_50,1,0.7906325060048038,198,0.10025316455696202,14,0.0707070707070707,0.1448101265822785,0.4882743519107155,0.2940588826494748,0.7953317783938393,,0,False,False,holdout,False
net_debt_to_ebitda,LOW,6,drawdown,20-30,win_100,1,0.7906325060048038,198,0.10025316455696202,2,0.010101010101010102,0.025822784810126582,0.3911665676371559,0.10744178609094107,1.3970278145235044,,0,False,False,holdout,False
net_debt_to_ebitda,LOW,6,drawdown,20-30,launch_300,1,0.7906325060048038,198,0.10025316455696202,0,0.0,0.010126582278481013,0.0,0.0,1.8794159863414097,,0,False,False,holdout,False
net_debt_to_ebitda,LOW,6,mst,0-12,win_50,1,0.7695521912138866,11604,0.1001700577505762,1811,0.15606687349189935,0.16480926771578774,0.9469544744354754,0.9075801376377618,0.987710044706515,0.5878787878787879,10,True,False,holdout,False
net_debt_to_ebitda,LOW,6,mst,0-12,win_100,1,0.7695521912138866,11604,0.1001700577505762,628,0.0541192692175112,0.05152663518727933,1.050316385318169,0.9732494078184393,1.1331108171899993,0.7090909090909091,10,True,False,holdout,False
net_debt_to_ebitda,LOW,6,mst,0-12,launch_300,1,0.7623396890026062,9641,0.10017976453962613,84,0.008712789129758324,0.008988226981306566,0.9693557080700022,0.7836305106780459,1.198621315934855,,2,False,False,holdout,False
net_debt_to_ebitda,LOW,6,mst,13-24,win_50,1,0.7954862078573419,1144,0.10017513134851139,210,0.18356643356643357,0.1564798598949212,1.1730994243585178,1.0365853755043528,1.3231487884538569,0.28484848484848485,10,True,False,holdout,False
net_debt_to_ebitda,LOW,6,mst,13-24,win_100,1,0.7954862078573419,1144,0.10017513134851139,51,0.044580419580419584,0.0329246935201401,1.3540116798095523,1.0347383371487713,1.7658686590567074,,0,False,False,holdout,False
net_debt_to_ebitda,LOW,6,mst,13-24,launch_300,1,0.7954862078573419,1144,0.10017513134851139,13,0.011363636363636364,0.013397548161120841,0.8481877599524659,0.49657456028486274,1.4439217312918218,,0,False,False,holdout,False
net_debt_to_ebitda,LOW,12,all,ALL,win_50,1,0.7584193002565363,12528,0.10017992083483267,2010,0.16044061302681992,0.16546319619367478,0.9696453151976109,0.9314343933152283,1.0091143673872969,0.38181818181818183,10,True,False,holdout,False
net_debt_to_ebitda,LOW,12,all,ALL,win_100,1,0.7584193002565363,12528,0.10017992083483267,659,0.05260217113665389,0.05027387949302307,1.046312153888063,0.9712483445453047,1.1268318175454055,0.696969696969697,10,True,False,holdout,False
net_debt_to_ebitda,LOW,12,all,ALL,launch_300,1,0.7524663039226146,10599,0.1001862126983827,84,0.007925275969431078,0.009660374504929438,0.8203901376066751,0.6631611555767428,1.0145288618059878,-0.1,5,False,False,holdout,False
net_debt_to_ebitda,LOW,12,drawdown,0-10,win_50,1,0.7592402504290047,9707,0.10018060787450332,1677,0.17276192438446483,0.17003973373239073,1.0160091444059676,0.9725449264168164,1.0609959515587741,0.21212121212121213,10,True,False,holdout,False
net_debt_to_ebitda,LOW,12,drawdown,0-10,win_100,1,0.7592402504290047,9707,0.10018060787450332,553,0.05696919748635006,0.05207699055678828,1.0939418134046548,1.0087200630144662,1.185894219321013,0.4909090909090909,10,True,False,holdout,False
net_debt_to_ebitda,LOW,12,drawdown,0-10,launch_300,1,0.7513331462250912,7778,0.10018935246609045,66,0.008485471843661609,0.009609315626086844,0.8830464284704849,0.6947173101371064,1.1218751199018875,,1,False,False,holdout,False
net_debt_to_ebitda,LOW,12,drawdown,10-20,win_50,1,0.7568881219442047,2636,0.10016339248394573,316,0.11987860394537178,0.14986510620511456,0.7999100456466403,0.7208386099095933,0.8863634148941997,-0.05454545454545454,10,True,False,holdout,False
net_debt_to_ebitda,LOW,12,drawdown,10-20,win_100,1,0.7568881219442047,2636,0.10016339248394573,104,0.03945371775417299,0.04533191473192233,0.8703298324698832,0.720631223050937,1.0495961428316787,0.7454545454545455,10,True,False,holdout,False
net_debt_to_ebitda,LOW,12,drawdown,10-20,launch_300,1,0.7568881219442047,2636,0.10016339248394573,18,0.006828528072837633,0.009765550784663905,0.6992465886882023,0.4427574274502347,1.1027128055235293,,0,False,False,holdout,False
net_debt_to_ebitda,LOW,12,drawdown,20-30,win_50,1,0.7377902321857486,185,0.10037981551817689,17,0.0918918918918919,0.1475854584915898,0.6226351351351351,0.39410891066225906,0.9636634240879826,,0,False,False,holdout,False
net_debt_to_ebitda,LOW,12,drawdown,20-30,win_100,1,0.7377902321857486,185,0.10037981551817689,2,0.010810810810810811,0.026044492674986434,0.4150900900900901,0.11402557074162045,1.4803242615464443,,0,False,False,holdout,False
net_debt_to_ebitda,LOW,12,drawdown,20-30,launch_300,1,0.7377902321857486,185,0.10037981551817689,0,0.0,0.010309278350515464,0.0,-1.682681771697503e-16,1.9731975896243126,,0,False,False,holdout,False
net_debt_to_ebitda,LOW,12,mst,0-12,win_50,1,0.7555220450000997,11395,0.10019255963633486,1803,0.15822729267222466,0.16634866483192798,0.95117861530233,0.9115899667909539,0.9921520525758228,0.3696969696969697,10,True,False,holdout,False
net_debt_to_ebitda,LOW,12,mst,0-12,win_100,1,0.7555220450000997,11395,0.10019255963633486,615,0.05397103992979377,0.05199110181041229,1.0380822496626712,0.9611360128031659,1.1208107717118683,0.6363636363636364,10,True,False,holdout,False
net_debt_to_ebitda,LOW,12,mst,0-12,launch_300,1,0.748334508353203,9466,0.10020218272660873,73,0.0077118106908937245,0.009198784786543734,0.838351028950563,0.667300889718222,1.0528194301427152,,4,False,False,holdout,False
net_debt_to_ebitda,LOW,12,mst,13-24,win_50,1,0.7887991083867373,1133,0.10005298481102085,207,0.18270079435127978,0.15657011656658423,1.1668944135554948,1.030112618507459,1.317371976622072,0.2,10,True,False,holdout,False
net_debt_to_ebitda,LOW,12,mst,13-24,win_100,1,0.7887991083867373,1133,0.10005298481102085,44,0.038834951456310676,0.03302719886965737,1.1758475676236952,0.8797270063217505,1.5663331246796681,,0,False,False,holdout,False
net_debt_to_ebitda,LOW,12,mst,13-24,launch_300,1,0.7887991083867373,1133,0.10005298481102085,11,0.009708737864077669,0.013511126810314376,0.7185735135478138,0.40187261653888134,1.280513031101131,,0,False,False,holdout,False
share_count_change_8q,LOW,0,all,ALL,win_50,1,0.9474980138153546,15648,0.10015873828665062,3040,0.19427402862985685,0.17063725741205388,1.1385205761993995,1.1026337398215873,1.1752868789038386,0.3575757575757576,10,True,False,holdout,False
share_count_change_8q,LOW,0,all,ALL,win_100,1,0.9474980138153546,15648,0.10015873828665062,977,0.06243609406952965,0.057888268728557526,1.0785621239131753,1.0149133547814002,1.1459212156606802,0.6727272727272727,10,True,False,holdout,False
share_count_change_8q,LOW,0,all,ALL,launch_300,1,0.9416124328745687,13259,0.10015409484386567,157,0.01184101365110491,0.012659948937198797,0.9353129076462857,0.8006391730943117,1.0923233385744326,0.8571428571428571,8,True,False,holdout,False
share_count_change_8q,LOW,0,drawdown,0-10,win_50,1,0.9540044350067779,12195,0.10016344834950021,2440,0.2000820008200082,0.17441335184105264,1.1471713530415266,1.1070053728839466,1.1884203380434974,0.3090909090909091,10,True,False,holdout,False
share_count_change_8q,LOW,0,drawdown,0-10,win_100,1,0.9540044350067779,12195,0.10016344834950021,789,0.06469864698646986,0.05991737234191095,1.0797978025016715,1.0091946641721958,1.1549765071585658,0.6606060606060606,10,True,False,holdout,False
share_count_change_8q,LOW,0,drawdown,0-10,launch_300,1,0.947525816098406,9806,0.10015831673561106,113,0.011523557005914746,0.01261426893417088,0.9135334806996626,0.7605829501236095,1.0968121483705997,0.9,5,True,False,holdout,False
share_count_change_8q,LOW,0,drawdown,10-20,win_50,1,0.9262582686223756,3225,0.10013662050549588,562,0.17426356589147288,0.15804508476681364,1.1026193326327653,1.0222470370099839,1.1878957902522314,0.44242424242424244,10,True,False,holdout,False
share_count_change_8q,LOW,0,drawdown,10-20,win_100,1,0.9262582686223756,3225,0.10013662050549588,183,0.05674418604651163,0.052164193007514126,1.0877995570321153,0.9445978767359724,1.2512203182834647,0.696969696969697,10,True,False,holdout,False
share_count_change_8q,LOW,0,drawdown,10-20,launch_300,1,0.9262582686223756,3225,0.10013662050549588,41,0.012713178294573644,0.012761597217909705,0.9962058884550822,0.7354369727679684,1.3478319513955632,,0,False,False,holdout,False
share_count_change_8q,LOW,0,drawdown,20-30,win_50,1,0.910728582866293,228,0.10021978021978022,38,0.16666666666666666,0.1468131868131868,1.1352295409181636,0.8439367894665096,1.5017622882413495,,0,False,False,holdout,False
share_count_change_8q,LOW,0,drawdown,20-30,win_100,1,0.910728582866293,228,0.10021978021978022,5,0.021929824561403508,0.03032967032967033,0.7230485634375794,0.31001418867829345,1.6584298660570844,,0,False,False,holdout,False
share_count_change_8q,LOW,0,drawdown,20-30,launch_300,1,0.910728582866293,228,0.10021978021978022,3,0.013157894736842105,0.013186813186813187,0.9978070175438596,0.3400957370799622,2.878960230876692,,0,False,False,holdout,False
share_count_change_8q,LOW,0,mst,0-12,win_50,1,0.9440720639328254,14234,0.10015902725980551,2788,0.1958690459463257,0.17065173030102593,1.1477706414158062,1.110048610411953,1.1864543554664972,0.3575757575757576,10,True,False,holdout,False
share_count_change_8q,LOW,0,mst,0-12,win_100,1,0.9440720639328254,14234,0.10015902725980551,917,0.0644232120275397,0.05898785482077769,1.0921436662390285,1.025743434193181,1.1625284930236397,0.6727272727272727,10,True,False,holdout,False
share_count_change_8q,LOW,0,mst,0-12,launch_300,1,0.9368578648436695,11845,0.1001538877802956,138,0.011650485436893204,0.011600771129975986,1.0042854312321323,0.8508227618021057,1.1850437982328608,0.9428571428571428,6,True,False,holdout,False
share_count_change_8q,LOW,0,mst,13-24,win_50,1,0.9834215658957927,1414,0.10015582943759739,252,0.1782178217821782,0.17049157104405724,1.0453174939429961,0.933480943612785,1.1673812640246095,0.7090909090909091,10,True,False,holdout,False
share_count_change_8q,LOW,0,mst,13-24,win_100,1,0.9834215658957927,1414,0.10015582943759739,60,0.042432814710042434,0.04681966284176229,0.9063032951231151,0.7071231984334594,1.1584406025265777,,3,False,False,holdout,False
share_count_change_8q,LOW,0,mst,13-24,launch_300,1,0.9834215658957927,1414,0.10015582943759739,19,0.013437057991513438,0.021532795013457996,0.6240275813295616,0.4002731230236453,0.9702259345446563,,0,False,False,holdout,False
share_count_change_8q,LOW,3,all,ALL,win_50,1,0.9349441139190607,15440,0.10015438305159508,2977,0.19281088082901554,0.1705673252811977,1.1304092416947211,1.0943767160779982,1.1673377112576746,0.3575757575757576,10,True,False,holdout,False
share_count_change_8q,LOW,3,all,ALL,win_100,1,0.9349441139190607,15440,0.10015438305159508,964,0.06243523316062176,0.05756931020614678,1.0845228636065094,1.0201045801233177,1.152722281963578,0.6363636363636364,10,True,False,holdout,False
share_count_change_8q,LOW,3,all,ALL,launch_300,1,0.9277570326114015,13064,0.10015486284671644,149,0.01140538885486834,0.012611355586562198,0.9043745358366666,0.7709542628672917,1.0605724752697527,0.8095238095238095,8,True,False,holdout,False
share_count_change_8q,LOW,3,drawdown,0-10,win_50,1,0.943285196010061,12056,0.10014703072692988,2415,0.20031519575315196,0.1744349285198076,1.1483663131745176,1.1079593121071856,1.1898678144706456,0.3212121212121212,10,True,False,holdout,False
share_count_change_8q,LOW,3,drawdown,0-10,win_100,1,0.943285196010061,12056,0.10014703072692988,789,0.06544459190444592,0.05973434787303855,1.0955939795901701,1.0239837419227302,1.1718387464104252,0.6363636363636364,10,True,False,holdout,False
share_count_change_8q,LOW,3,drawdown,0-10,launch_300,1,0.9354670124943142,9680,0.10014587363825407,106,0.010950413223140497,0.01267341892632864,0.8640457075392142,0.7150869450121377,1.0436197066054447,0.8857142857142857,6,True,False,holdout,False
share_count_change_8q,LOW,3,drawdown,10-20,win_50,1,0.9072763876905379,3160,0.10017117859633551,532,0.16835443037974684,0.15745260888860713,1.0692387478879593,0.988948708275907,1.1546436717591653,0.5757575757575758,10,True,False,holdout,False
share_count_change_8q,LOW,3,drawdown,10-20,win_100,1,0.9072763876905379,3160,0.10017117859633551,171,0.05411392405063291,0.05119508020034236,1.0570141474311243,0.9132385417429518,1.2219395964489712,0.6848484848484848,10,True,False,holdout,False
share_count_change_8q,LOW,3,drawdown,10-20,launch_300,1,0.9072763876905379,3160,0.10017117859633551,40,0.012658227848101266,0.012426298104355544,1.018664427796435,0.7491999741944732,1.383365362882649,,0,False,False,holdout,False
share_count_change_8q,LOW,3,drawdown,20-30,win_50,1,0.8939151321056845,224,0.10031347962382445,30,0.13392857142857142,0.14733542319749215,0.9090045592705167,0.6478366997195958,1.2539546826430947,,0,False,False,holdout,False
share_count_change_8q,LOW,3,drawdown,20-30,win_100,1,0.8939151321056845,224,0.10031347962382445,4,0.017857142857142856,0.03090013434841021,0.5778985507246377,0.22542475326446476,1.456521411124209,,0,False,False,holdout,False
share_count_change_8q,LOW,3,drawdown,20-30,launch_300,1,0.8939151321056845,224,0.10031347962382445,3,0.013392857142857142,0.012539184952978056,1.0680803571428572,0.3640623572959461,3.080685361740831,,0,False,False,holdout,False
share_count_change_8q,LOW,3,mst,0-12,win_50,1,0.9311048075837192,14038,0.10015553431029808,2717,0.1935460891864938,0.17063826144033334,1.134247897000349,1.096441101328784,1.1730373245962191,0.3696969696969697,10,True,False,holdout,False
share_count_change_8q,LOW,3,mst,0-12,win_100,1,0.9311048075837192,14038,0.10015553431029808,903,0.0643254024789856,0.058696365634052027,1.0959009435103415,1.0287698168638584,1.1670932586457594,0.6606060606060606,10,True,False,holdout,False
share_count_change_8q,LOW,3,mst,0-12,launch_300,1,0.9223615522936652,11662,0.10015630636046652,133,0.011404561824729893,0.0115426235421426,0.9880389655862345,0.834466914534153,1.1694885915064814,0.8857142857142857,6,True,False,holdout,False
share_count_change_8q,LOW,3,mst,13-24,win_50,1,0.9752020061298412,1402,0.10014285714285714,260,0.18544935805991442,0.16985714285714285,1.0917960524973935,0.9771391599663175,1.2165733198874988,0.41818181818181815,10,True,False,holdout,False
share_count_change_8q,LOW,3,mst,13-24,win_100,1,0.9752020061298412,1402,0.10014285714285714,61,0.043509272467902996,0.046285714285714284,0.9400151459114845,0.7350031651772221,1.1989253969400202,,2,False,False,holdout,False
share_count_change_8q,LOW,3,mst,13-24,launch_300,1,0.9752020061298412,1402,0.10014285714285714,16,0.011412268188302425,0.0215,0.5308031715489501,0.32729168496203814,0.8585067481390913,,0,False,False,holdout,False
share_count_change_8q,LOW,6,all,ALL,win_50,1,0.9224569255681094,15233,0.10014924097486572,2927,0.19214862469638286,0.1705423298685759,1.1266916831994573,1.0904619808127847,1.1638315925253842,0.3333333333333333,10,True,False,holdout,False
share_count_change_8q,LOW,6,all,ALL,win_100,1,0.9224569255681094,15233,0.10014924097486572,939,0.061642486706492486,0.05736901967745541,1.0744908498186598,1.0098241759827404,1.1430103750781653,0.6606060606060606,10,True,False,holdout,False
share_count_change_8q,LOW,6,all,ALL,launch_300,1,0.9140083217753121,12869,0.10014396326991168,143,0.011111974512394126,0.012536477179876269,0.8863713747456282,0.7530950600039615,1.0429224729717497,0.8333333333333334,8,True,False,holdout,False
share_count_change_8q,LOW,6,drawdown,0-10,win_50,1,0.9310379953142508,11900,0.10015148964820737,2396,0.20134453781512604,0.17458340346742973,1.1532856721554798,1.1125719361768658,1.1951035034230872,0.3333333333333333,10,True,False,holdout,False
share_count_change_8q,LOW,6,drawdown,0-10,win_100,1,0.9310379953142508,11900,0.10015148964820737,778,0.0653781512605042,0.05962800875273523,1.0964335826073548,1.0242773976968114,1.1732941248110798,0.6363636363636364,10,True,False,holdout,False
share_count_change_8q,LOW,6,drawdown,0-10,launch_300,1,0.9215597084982627,9536,0.10014492449223919,102,0.010696308724832215,0.012654638633929134,0.8452480575900192,0.6969556250698833,1.0246801432972394,0.9428571428571428,6,True,False,holdout,False
share_count_change_8q,LOW,6,drawdown,10-20,win_50,1,0.8936439459303998,3112,0.10015447991761071,501,0.16098971722365038,0.15679711637487126,1.026739017564299,0.947060475791839,1.1117487674068898,0.6121212121212121,10,True,False,holdout,False
share_count_change_8q,LOW,6,drawdown,10-20,win_100,1,0.8936439459303998,3112,0.10015447991761071,156,0.05012853470437018,0.05059217301750772,0.9908357699326911,0.8499584238745094,1.153638941156838,0.793939393939394,10,True,False,holdout,False
share_count_change_8q,LOW,6,drawdown,10-20,launch_300,1,0.8936439459303998,3112,0.10015447991761071,38,0.012210796915167094,0.01216529351184346,1.0037404279049522,0.7323560542929003,1.373993865935451,,0,False,False,holdout,False
share_count_change_8q,LOW,6,drawdown,20-30,win_50,1,0.8851080864691754,221,0.09995477159656264,30,0.13574660633484162,0.14654002713704206,0.9263448969331322,0.6603565729478168,1.2772702622922185,,0,False,False,holdout,False
share_count_change_8q,LOW,6,drawdown,20-30,win_100,1,0.8851080864691754,221,0.09995477159656264,5,0.02262443438914027,0.031207598371777476,0.7249655715128861,0.31087364080058494,1.661754045251244,,0,False,False,holdout,False
share_count_change_8q,LOW,6,drawdown,20-30,launch_300,1,0.8851080864691754,221,0.09995477159656264,3,0.013574660633484163,0.012663952962460425,1.0719133807369101,0.3653800763532418,3.0909387663310643,,0,False,False,holdout,False
share_count_change_8q,LOW,6,mst,0-12,win_50,1,0.918815143523347,13852,0.10015038463763086,2670,0.19275194917701416,0.17065764358840882,1.1294656666061338,1.091475042008139,1.1684545810894644,0.3212121212121212,10,True,False,holdout,False
share_count_change_8q,LOW,6,mst,0-12,win_100,1,0.918815143523347,13852,0.10015038463763086,883,0.06374530753681779,0.05851986812424085,1.0892934242688832,1.0218191709758435,1.160901292821183,0.6484848484848484,10,True,False,holdout,False
share_count_change_8q,LOW,6,mst,0-12,launch_300,1,0.9087049168640436,11488,0.10014470770786478,132,0.01149025069637883,0.011472008647593145,1.0015901355504568,0.8453777900344126,1.1862713575697308,0.8285714285714286,6,True,False,holdout,False
share_count_change_8q,LOW,6,mst,13-24,win_50,1,0.9606436333240457,1381,0.10013777101007904,257,0.18609703113685735,0.16938583133927923,1.098657601202226,0.9826774649983712,1.2249189531122078,0.3575757575757576,10,True,False,holdout,False
share_count_change_8q,LOW,6,mst,13-24,win_100,1,0.9606436333240457,1381,0.10013777101007904,56,0.04055032585083273,0.045826988615763904,0.884856873115244,0.6842766833197407,1.1410585704731822,,2,False,False,holdout,False
share_count_change_8q,LOW,6,mst,13-24,launch_300,1,0.9606436333240457,1381,0.10013777101007904,11,0.007965242577842143,0.02139076209121891,0.3723683403085457,0.20819461304180087,0.6641552833391643,,0,False,False,holdout,False
share_count_change_8q,LOW,12,all,ALL,win_50,1,0.8979555943695455,14829,0.10015331311671383,2787,0.18794254501314991,0.17017080567055914,1.1044347135371495,1.0679614867002363,1.1418577823035108,0.5272727272727272,10,True,False,holdout,False
share_count_change_8q,LOW,12,all,ALL,win_100,1,0.8979555943695455,14829,0.10015331311671383,877,0.059140872614471644,0.05709056280096986,1.0359132878169306,0.9713898349878881,1.1044365320447398,0.7090909090909091,10,True,False,holdout,False
share_count_change_8q,LOW,12,all,ALL,launch_300,1,0.8867456168427043,12488,0.10016683778234087,134,0.010730301089045484,0.012216054928131418,0.878376951656913,0.742281830597611,1.039105058954448,0.8571428571428571,7,True,False,holdout,False
share_count_change_8q,LOW,12,drawdown,0-10,win_50,1,0.905854052232783,11579,0.10015916128920645,2297,0.19837637101649538,0.17430756189125132,1.1380824151522488,1.0969889713901104,1.1803236430168167,0.28484848484848485,10,True,False,holdout,False
share_count_change_8q,LOW,12,drawdown,0-10,win_100,1,0.905854052232783,11579,0.10015916128920645,730,0.06304516797650919,0.0593567807899244,1.0621392726744858,0.9899722586057605,1.1391891805567007,0.7090909090909091,10,True,False,holdout,False
share_count_change_8q,LOW,12,drawdown,0-10,launch_300,1,0.8924579248405548,9238,0.10017892967521552,108,0.011690842173630657,0.012286504364799652,0.9515189859146964,0.7889103155487293,1.1471672121263752,0.8285714285714286,6,True,False,holdout,False
share_count_change_8q,LOW,12,drawdown,10-20,win_50,1,0.8715559390278976,3034,0.10011879619852165,466,0.15359261700725116,0.15605200633579724,0.9842399377855232,0.9048370284945377,1.0692569305100903,0.806060606060606,10,True,False,holdout,False
share_count_change_8q,LOW,12,drawdown,10-20,win_100,1,0.8715559390278976,3034,0.10011879619852165,143,0.04713249835201055,0.05035638859556494,0.9359785255958897,0.7972656387587829,1.0974359787175412,0.8333333333333334,9,True,False,holdout,False
share_count_change_8q,LOW,12,drawdown,10-20,launch_300,1,0.8715559390278976,3034,0.10011879619852165,25,0.008239947264337508,0.011978616684266103,0.687888049307118,0.4664621368614343,1.0131403289582432,,0,False,False,holdout,False
share_count_change_8q,LOW,12,drawdown,20-30,win_50,1,0.8618895116092874,216,0.10032512772875057,24,0.1111111111111111,0.14677194612169067,0.7570323488045007,0.5165262214088547,1.0901359352135331,,0,False,False,holdout,False
share_count_change_8q,LOW,12,drawdown,20-30,win_100,1,0.8618895116092874,216,0.10032512772875057,4,0.018518518518518517,0.030190431955411056,0.6133903133903134,0.23929662810097643,1.5448325138840349,,0,False,False,holdout,False
share_count_change_8q,LOW,12,drawdown,20-30,launch_300,1,0.8618895116092874,216,0.10032512772875057,1,0.004629629629629629,0.012540640966093822,0.3691700960219479,0.0652049058583616,2.0536049881963945,,0,False,False,holdout,False
share_count_change_8q,LOW,12,mst,0-12,win_50,1,0.8959696544943634,13507,0.10014606333365463,2545,0.18842081883467832,0.1704937237252823,1.1051481234481222,1.0669894106325282,1.1443460474720455,0.45454545454545453,10,True,False,holdout,False
share_count_change_8q,LOW,12,mst,0-12,win_100,1,0.8959696544943634,13507,0.10014606333365463,826,0.06115347597542015,0.058440162226687326,1.046428922257402,0.9793951880431694,1.117732825208796,0.7090909090909091,10,True,False,holdout,False
share_count_change_8q,LOW,12,mst,0-12,launch_300,1,0.883102686174637,11166,0.10015966703144902,109,0.009761776822496866,0.01119463231732477,0.872005131190381,0.7234980545528601,1.0506337020052239,0.8571428571428571,7,True,False,holdout,False
share_count_change_8q,LOW,12,mst,13-24,win_50,1,0.9187796043466147,1322,0.10022744503411675,242,0.18305597579425115,0.166868840030326,1.0970051434466936,0.9776442663328417,1.2273723348512013,0.5515151515151515,10,True,False,holdout,False
share_count_change_8q,LOW,12,mst,13-24,win_100,1,0.9187796043466147,1322,0.10022744503411675,51,0.038577912254160365,0.043290371493555725,0.8911430168693086,0.6805798507737203,1.1634710707168952,,2,False,False,holdout,False
share_count_change_8q,LOW,12,mst,13-24,launch_300,1,0.9187796043466147,1322,0.10022744503411675,25,0.018910741301059002,0.02084912812736922,0.9070279191307935,0.6159254249270408,1.3318430188574348,,0,False,False,holdout,False
shareholder_yield,HIGH,0,all,ALL,win_50,10,0.9473706554106096,15650,0.10018500617754192,2969,0.18971246006389778,0.1706409919916011,1.1117636966927347,1.0762138495367826,1.14820599863408,-0.5636363636363636,10,True,False,holdout,False
shareholder_yield,HIGH,0,all,ALL,win_100,10,0.9473706554106096,15650,0.10018500617754192,925,0.05910543130990415,0.05788324765861559,1.0211146350753635,0.9591346938105703,1.0868329879117131,-0.7333333333333333,10,True,False,holdout,False
shareholder_yield,HIGH,0,all,ALL,launch_300,10,0.9414701803051317,13261,0.10018433736760195,149,0.011235955056179775,0.012654306997265158,0.8879154787858461,0.7569145736459162,1.041287363682932,-1.0,6,True,False,holdout,False
shareholder_yield,HIGH,0,drawdown,0-10,win_50,10,0.9538477209863581,12197,0.10019633454091398,2444,0.2003771419201443,0.17441736287387766,1.1488371261812869,1.1086523019661747,1.1901036872535056,-0.45454545454545453,10,True,False,holdout,False
shareholder_yield,HIGH,0,drawdown,0-10,win_100,10,0.9538477209863581,12197,0.10019633454091398,761,0.06239239157169796,0.05991078689898218,1.0414216671348366,0.9720496569994841,1.1153932367681398,-0.7090909090909091,10,True,False,holdout,False
shareholder_yield,HIGH,0,drawdown,0-10,launch_300,10,0.9473419338604624,9808,0.10019818973091146,115,0.011725122349102774,0.012606501440451136,0.930085353536689,0.7756134241333823,1.1148854011691862,-1.0,6,True,False,holdout,False
shareholder_yield,HIGH,0,drawdown,10-20,win_50,10,0.9262295081967213,3225,0.10013972985561248,493,0.15286821705426357,0.15804999223723024,0.9672143281399919,0.8912487305554219,1.0484060455566961,-0.8424242424242424,10,True,False,holdout,False
shareholder_yield,HIGH,0,drawdown,10-20,win_100,10,0.9262295081967213,3225,0.10013972985561248,159,0.04930232558139535,0.05216581276199348,0.9451079734219269,0.8118675934220554,1.0989062559430547,-0.8166666666666667,9,True,False,holdout,False
shareholder_yield,HIGH,0,drawdown,10-20,launch_300,10,0.9262295081967213,3225,0.10013972985561248,32,0.00992248062015504,0.012761993479273405,0.7775024047982799,0.5514351581989773,1.094944301379196,,0,False,False,holdout,False
shareholder_yield,HIGH,0,drawdown,20-30,win_50,10,0.910728582866293,228,0.10021978021978022,32,0.14035087719298245,0.1468131868131868,0.9559827712995063,0.68933183543642,1.3038137027081922,,0,False,False,holdout,False
shareholder_yield,HIGH,0,drawdown,20-30,win_100,10,0.910728582866293,228,0.10021978021978022,5,0.021929824561403508,0.03032967032967033,0.7230485634375794,0.31001418867829345,1.6584298660570844,,0,False,False,holdout,False
shareholder_yield,HIGH,0,drawdown,20-30,launch_300,10,0.910728582866293,228,0.10021978021978022,2,0.008771929824561403,0.013186813186813187,0.665204678362573,0.1826737752406233,2.3821995137486742,,0,False,False,holdout,False
shareholder_yield,HIGH,0,mst,0-12,win_50,10,0.943932559638086,14235,0.10018086746004377,2761,0.19395855286266245,0.17065583807787857,1.1365480082442285,1.098972781486823,1.1750908679036465,-0.45454545454545453,10,True,False,holdout,False
shareholder_yield,HIGH,0,mst,0-12,win_100,10,0.943932559638086,14235,0.10018086746004377,878,0.061678960309097294,0.05898249737847747,1.0457163234936837,0.9806978456373532,1.1147445826913598,-0.7333333333333333,10,True,False,holdout,False
shareholder_yield,HIGH,0,mst,0-12,launch_300,10,0.9366994351983143,11846,0.10017928421622353,132,0.011143001857166976,0.011594276435965091,0.9610778144465941,0.8111636265467207,1.1383290638902415,-0.9428571428571428,6,True,False,holdout,False
shareholder_yield,HIGH,0,mst,13-24,win_50,10,0.9834215658957927,1415,0.10022666100014166,208,0.1469964664310954,0.17049157104405724,0.8621919871517262,0.7595820169566542,0.9760135795347207,-0.8206724839680871,10,True,False,holdout,False
shareholder_yield,HIGH,0,mst,13-24,win_100,10,0.9834215658957927,1415,0.10022666100014166,47,0.033215547703180213,0.04681966284176229,0.7094358585075616,0.5354541319141183,0.9374034936342895,,2,False,False,holdout,False
shareholder_yield,HIGH,0,mst,13-24,launch_300,10,0.9834215658957927,1415,0.10022666100014166,17,0.012014134275618375,0.021532795013457996,0.5579458806025666,0.3489775364674929,0.8896296484881682,,0,False,False,holdout,False
shareholder_yield,HIGH,3,all,ALL,win_50,10,0.9347015264814511,15442,0.10019335331750172,2922,0.18922419375728533,0.17057266321485576,1.1093465400076203,1.0735832431071066,1.1460160960139745,-0.5636363636363636,10,True,False,holdout,False
shareholder_yield,HIGH,3,all,ALL,win_100,10,0.9347015264814511,15442,0.10019335331750172,904,0.05854163968397876,0.05755829797173668,1.0170842736302756,0.9546403455335514,1.0833432181732396,-0.7212121212121212,10,True,False,holdout,False
shareholder_yield,HIGH,3,all,ALL,launch_300,10,0.9275009779864148,13064,0.10018251253815126,145,0.011099203919167177,0.012599500007668595,0.8809241567055618,0.7493095257556415,1.0353521742958307,-0.9285714285714286,8,True,False,holdout,False
shareholder_yield,HIGH,3,drawdown,0-10,win_50,10,0.9429874393712634,12058,0.10019527192654452,2431,0.2016088903632443,0.17444015123187503,1.1557481975308261,1.1152446225066366,1.1973413346692157,-0.3575757575757576,10,True,False,holdout,False
shareholder_yield,HIGH,3,drawdown,0-10,win_100,10,0.9429874393712634,12058,0.10019527192654452,750,0.06219936971305357,0.05971997174789148,1.041517065273053,0.9716418554049362,1.1160617641515855,-0.7212121212121212,10,True,False,holdout,False
shareholder_yield,HIGH,3,drawdown,0-10,launch_300,10,0.9351379600685203,9680,0.1001811125485123,113,0.011673553719008264,0.012657179818887452,0.9222871039240993,0.7678798312347265,1.1073035646110176,-0.9428571428571428,6,True,False,holdout,False
shareholder_yield,HIGH,3,drawdown,10-20,win_50,10,0.9072188668392293,3160,0.10017752979964493,461,0.1458860759493671,0.1574625919350748,0.9264808495564396,0.8510497992666959,1.0073729615022435,-0.793939393939394,10,True,False,holdout,False
shareholder_yield,HIGH,3,drawdown,10-20,win_100,10,0.9072188668392293,3160,0.10017752979964493,150,0.04746835443037975,0.05119832614760335,0.9271466081435906,0.792761682838082,1.0829952371326068,-0.8166666666666667,9,True,False,holdout,False
shareholder_yield,HIGH,3,drawdown,10-20,launch_300,10,0.9072188668392293,3160,0.10017752979964493,30,0.00949367088607595,0.012427085975145828,0.7639498837509687,0.5357781836256282,1.0879704069206584,,0,False,False,holdout,False
shareholder_yield,HIGH,3,drawdown,20-30,win_50,10,0.8939151321056845,224,0.10031347962382445,30,0.13392857142857142,0.14733542319749215,0.9090045592705167,0.6478366997195958,1.2539546826430947,,0,False,False,holdout,False
shareholder_yield,HIGH,3,drawdown,20-30,win_100,10,0.8939151321056845,224,0.10031347962382445,4,0.017857142857142856,0.03090013434841021,0.5778985507246377,0.22542475326446476,1.456521411124209,,0,False,False,holdout,False
shareholder_yield,HIGH,3,drawdown,20-30,launch_300,10,0.8939151321056845,224,0.10031347962382445,2,0.008928571428571428,0.012539184952978056,0.7120535714285714,0.19554389017696608,2.549155642795928,,0,False,False,holdout,False
shareholder_yield,HIGH,3,mst,0-12,win_50,10,0.9308523712408575,14040,0.10019696839941766,2697,0.1920940170940171,0.17065599040849533,1.125621296001424,1.0879329469375565,1.1642966898465585,-0.5515151515151515,10,True,False,holdout,False
shareholder_yield,HIGH,3,mst,0-12,win_100,10,0.9308523712408575,14040,0.10019696839941766,861,0.06132478632478632,0.058698010333704434,1.0447506819421712,0.9791623377204025,1.1144274883224916,-0.7212121212121212,10,True,False,holdout,False
shareholder_yield,HIGH,3,mst,0-12,launch_300,10,0.9220922218965613,11662,0.1001855606336552,132,0.011318813239581546,0.011545994982990275,0.9803237621579244,0.8274179791288047,1.1611038708691102,-0.9428571428571428,6,True,False,holdout,False
shareholder_yield,HIGH,3,mst,13-24,win_50,10,0.9750626915575369,1402,0.1001571653093299,225,0.16048502139800286,0.1697385340762966,0.9454837245493452,0.8377775853281046,1.0641210760906257,-0.6484848484848484,10,True,False,holdout,False
shareholder_yield,HIGH,3,mst,13-24,win_100,10,0.9750626915575369,1402,0.1001571653093299,43,0.030670470756062766,0.04614944992141735,0.6645901697265737,0.49510879284731146,0.8896493257992215,,2,False,False,holdout,False
shareholder_yield,HIGH,3,mst,13-24,launch_300,10,0.9750626915575369,1402,0.1001571653093299,13,0.009272467902995721,0.021360194313473354,0.4341003535322211,0.25406362924064835,0.7396894906636643,,0,False,False,holdout,False
shareholder_yield,HIGH,6,all,ALL,win_50,10,0.9222507262461414,15236,0.10019136050082528,2828,0.18561302179049619,0.17054758037469833,1.088335708913012,1.052603772730105,1.1249969638952935,-0.7212121212121212,10,True,False,holdout,False
shareholder_yield,HIGH,6,all,ALL,win_100,10,0.9222507262461414,15236,0.10019136050082528,896,0.05880808611184038,0.057362118511991265,1.0252077091529812,0.9620011994264683,1.0922916857624836,-0.7212121212121212,10,True,False,holdout,False
shareholder_yield,HIGH,6,all,ALL,launch_300,10,0.9138020555496283,12872,0.10018991873968679,128,0.009944064636420136,0.012515956287555653,0.7945109752666127,0.6687622158609191,0.94362292677105,-0.8928571428571429,7,True,False,holdout,False
shareholder_yield,HIGH,6,drawdown,0-10,win_50,10,0.930802924283621,11902,0.1001936189914976,2361,0.19837002184506805,0.1745854028116845,1.1362348664340436,1.0957600751986971,1.1778245493194857,-0.47878787878787876,10,True,False,holdout,False
shareholder_yield,HIGH,6,drawdown,0-10,win_100,10,0.930802924283621,11902,0.1001936189914976,745,0.06259452192908754,0.05961781294721778,1.0499298587907806,0.9792753580853704,1.1253188610915292,-0.7333333333333333,10,True,False,holdout,False
shareholder_yield,HIGH,6,drawdown,0-10,launch_300,10,0.9213177581851791,9538,0.10019223294851728,97,0.010169846928077165,0.01262644831244682,0.8054400316240948,0.6608582870643387,0.9812579836719353,,4,False,False,holdout,False
shareholder_yield,HIGH,6,drawdown,10-20,win_50,10,0.8935289042277825,3112,0.10016737479078151,438,0.14074550128534705,0.15681730397837002,0.8975125685412895,0.8224203636102208,0.9782536107564681,-0.793939393939394,10,True,False,holdout,False
shareholder_yield,HIGH,6,drawdown,10-20,win_100,10,0.8935289042277825,3112,0.10016737479078151,146,0.04691516709511568,0.05059868675164156,0.927201279459958,0.7910880411023177,1.0853941132761014,-0.8166666666666667,9,True,False,holdout,False
shareholder_yield,HIGH,6,drawdown,10-20,launch_300,10,0.8935289042277825,3112,0.10016737479078151,29,0.009318766066838046,0.01216685979142526,0.7659138205410699,0.5339263671633239,1.0973437153627554,,0,False,False,holdout,False
shareholder_yield,HIGH,6,drawdown,20-30,win_50,10,0.8851080864691754,222,0.10040705563093623,29,0.13063063063063063,0.14654002713704206,0.8914330997664331,0.6313320929085028,1.2372827236322546,,0,False,False,holdout,False
shareholder_yield,HIGH,6,drawdown,20-30,win_100,10,0.8851080864691754,222,0.10040705563093623,5,0.02252252252252252,0.031207598371777476,0.7216999608303956,0.30946782833689723,1.65442528924454,,0,False,False,holdout,False
shareholder_yield,HIGH,6,drawdown,20-30,launch_300,10,0.8851080864691754,222,0.10040705563093623,2,0.009009009009009009,0.012663952962460425,0.7113899613899614,0.19536411530704295,2.546360998348613,,0,False,False,holdout,False
shareholder_yield,HIGH,6,mst,0-12,win_50,10,0.9186025655504109,13855,0.10019525600231415,2620,0.1891014074341393,0.17067544113393116,1.1079590958007195,1.0702623534397857,1.1466656651653504,-0.5636363636363636,10,True,False,holdout,False
shareholder_yield,HIGH,6,mst,0-12,win_100,10,0.9186025655504109,13855,0.10019525600231415,863,0.06228798267773367,0.05852617876771767,1.0642755770019785,0.9975675853750974,1.1351296474929518,-0.7212121212121212,10,True,False,holdout,False
shareholder_yield,HIGH,6,mst,0-12,launch_300,10,0.9084910368428141,11491,0.10019444226459844,115,0.010007832216517274,0.0114659900424634,0.8728275691374271,0.7277698568113198,1.0464480813209747,-1.0,5,True,False,holdout,False
shareholder_yield,HIGH,6,mst,13-24,win_50,10,0.9605043187517415,1381,0.10015229530785409,208,0.15061549601737872,0.16926535644354196,0.889818798022123,0.7841045711297554,1.0069845067023433,-0.6606060606060606,10,True,False,holdout,False
shareholder_yield,HIGH,6,mst,13-24,win_100,10,0.9605043187517415,1381,0.10015229530785409,33,0.02389572773352643,0.04568859235622598,0.5230129995517395,0.3735068516046482,0.7303314715684005,,2,False,False,holdout,False
shareholder_yield,HIGH,6,mst,13-24,launch_300,10,0.9605043187517415,1381,0.10015229530785409,13,0.00941346850108617,0.02124882152440351,0.44301132137022936,0.25928454108795185,0.7548256461106184,,0,False,False,holdout,False
shareholder_yield,HIGH,12,all,ALL,win_50,10,0.8977675891053982,14832,0.10019455252918288,2670,0.18001618122977348,0.170179420665802,1.0578022919897518,1.0219577329510927,1.0946205730164456,-0.7333333333333333,10,True,False,holdout,False
shareholder_yield,HIGH,12,all,ALL,win_100,10,0.8977675891053982,14832,0.10019455252918288,837,0.05643203883495146,0.057089007782101166,0.9884921988895438,0.9254316597787211,1.0555764017054692,-0.7575757575757576,10,True,False,holdout,False
shareholder_yield,HIGH,12,all,ALL,launch_300,10,0.8865606885024361,12489,0.10019575437639394,120,0.009608455440787894,0.012210580363589687,0.7868958849359052,0.6586105294960106,0.9398797997936416,-0.9642857142857143,7,True,False,holdout,False
shareholder_yield,HIGH,12,drawdown,0-10,win_50,10,0.9056581597072582,11582,0.10020678139140517,2254,0.19461232947677432,0.17431930853687025,1.1164129270029308,1.0756348598210332,1.1583527225889183,-0.5515151515151515,10,True,False,holdout,False
shareholder_yield,HIGH,12,drawdown,0-10,win_100,10,0.9056581597072582,11582,0.10020678139140517,715,0.06173372474529442,0.05935231569202551,1.0401232711058126,0.968694544480874,1.1164486468867083,-0.7575757575757576,10,True,False,holdout,False
shareholder_yield,HIGH,12,drawdown,0-10,launch_300,10,0.8922643645900877,9239,0.1002115082162807,106,0.011473103149691525,0.012278323119475026,0.9344193859415284,0.7733602998501624,1.1285512063698475,-0.9428571428571428,6,True,False,holdout,False
shareholder_yield,HIGH,12,drawdown,10-20,win_50,10,0.8714121368996262,3034,0.10013531799729364,391,0.12887277521423862,0.15604475395227566,0.8258706041066447,0.7524638430096491,0.9052923525910979,-0.9272727272727272,10,True,False,holdout,False
shareholder_yield,HIGH,12,drawdown,10-20,win_100,10,0.8714121368996262,3034,0.10013531799729364,119,0.03922214897824654,0.050364698504901155,0.7787627076617901,0.6527825182992009,0.9278809300262503,-0.8333333333333334,9,True,False,holdout,False
shareholder_yield,HIGH,12,drawdown,10-20,launch_300,10,0.8714121368996262,3034,0.10013531799729364,14,0.004614370468029005,0.011980593418924717,0.38515374879011244,0.22959773453902368,0.6452843490423849,,0,False,False,holdout,False
shareholder_yield,HIGH,12,drawdown,20-30,win_50,10,0.8614891913530824,216,0.10037174721189591,25,0.11574074074074074,0.14684014869888476,0.7882090951711205,0.5423352185677971,1.1255355835184948,,0,False,False,holdout,False
shareholder_yield,HIGH,12,drawdown,20-30,win_100,10,0.8614891913530824,216,0.10037174721189591,3,0.013888888888888888,0.03020446096654275,0.4598290598290598,0.1567489395496936,1.3253554558577505,,0,False,False,holdout,False
shareholder_yield,HIGH,12,drawdown,20-30,launch_300,10,0.8614891913530824,216,0.10037174721189591,0,0.0,0.01254646840148699,0.0,0.0,1.3927241113792799,,0,False,False,holdout,False
shareholder_yield,HIGH,12,mst,0-12,win_50,10,0.89577700570639,13510,0.10018984901070867,2474,0.18312361213915618,0.17050072676574413,1.0740342027442205,1.0363131387147269,1.1128118677539516,-0.7333333333333333,10,True,False,holdout,False
shareholder_yield,HIGH,12,mst,0-12,win_100,10,0.89577700570639,13510,0.10018984901070867,804,0.05951147298297557,0.058437898608762716,1.0183712008777104,0.952224201420157,1.088803560967716,-0.7575757575757576,10,True,False,holdout,False
shareholder_yield,HIGH,12,mst,0-12,launch_300,10,0.8829125706002107,11167,0.10019020617631753,100,0.008954956568460643,0.011188070842828688,0.8004022046571663,0.658622374311191,0.9723680942695793,-1.0,6,True,False,holdout,False
shareholder_yield,HIGH,12,mst,13-24,win_50,10,0.9186402897743104,1322,0.10024264482863209,196,0.14826021180030258,0.16689414619350926,0.8883487838357066,0.7796814474110174,1.009228912891377,-0.6848484848484848,10,True,False,holdout,False
shareholder_yield,HIGH,12,mst,13-24,win_100,10,0.9186402897743104,1322,0.10024264482863209,33,0.024962178517397883,0.04329693660903852,0.5765345188921949,0.4117823253908819,0.8048645288360267,,2,False,False,holdout,False
shareholder_yield,HIGH,12,mst,13-24,launch_300,10,0.9186402897743104,1322,0.10024264482863209,20,0.015128593040847202,0.020852289960570217,0.7255123091734287,0.4706697745419257,1.1150982148179185,,0,False,False,holdout,False
marketcap,LOW,0,all,ALL,win_50,1,0.9975559315660838,16474,0.10015442043699768,3133,0.1901784630326575,0.17022117383850296,1.117243282631155,1.082463666372577,1.1528715396508653,-0.9030303030303031,10,True,False,holdout,False
marketcap,LOW,0,all,ALL,win_100,1,0.9975559315660838,16474,0.10015442043699768,1594,0.09675852859050625,0.05858249334289849,1.651662861533625,1.576200140813239,1.730334977489264,-1.0,10,True,True,holdout,True
marketcap,LOW,0,all,ALL,launch_300,1,0.9975461431772111,14046,0.10014973262032086,394,0.028050690588067778,0.01281283422459893,2.18926508345938,1.9860094118354326,2.412662862546436,-1.0,8,True,True,holdout,True
marketcap,LOW,0,drawdown,0-10,win_50,1,0.9976257825906395,12751,0.1001508034998979,2460,0.19292604501607716,0.1735968205595438,1.111345498115868,1.0724270216335865,1.151329471854111,-0.8666666666666667,10,True,False,holdout,False
marketcap,LOW,0,drawdown,0-10,win_100,1,0.9976257825906395,12751,0.1001508034998979,1272,0.09975688181319112,0.06036067170392246,1.6526801143385643,1.568493606653329,1.7408607403719085,-1.0,10,True,True,holdout,True
marketcap,LOW,0,drawdown,0-10,launch_300,1,0.9976288869317796,10323,0.10014357501794688,305,0.02954567470696503,0.01256281407035176,2.351835706674416,2.1054297805092004,2.6261021522221797,-1.0,5,True,True,holdout,True
marketcap,LOW,0,drawdown,10-20,win_50,1,0.9972389991371873,3473,0.10016150429716791,629,0.18111143103944716,0.15945665340024226,1.1358035376852578,1.0577043725818462,1.2183218411910999,-0.8909090909090909,10,True,False,holdout,False
marketcap,LOW,0,drawdown,10-20,win_100,1,0.9972389991371873,3473,0.10016150429716791,302,0.08695652173913043,0.053902059179788894,1.6132319073208177,1.447733303480221,1.795663425433449,-0.9333333333333333,9,True,True,holdout,True
marketcap,LOW,0,drawdown,10-20,launch_300,1,0.9972389991371873,3473,0.10016150429716791,81,0.023322775698243592,0.013497144834746497,1.7279784712839705,1.393267715326612,2.14073040060063,,0,False,False,holdout,False
marketcap,LOW,0,drawdown,20-30,win_50,1,0.9983987189751802,250,0.10024057738572574,44,0.176,0.1475541299117883,1.1927826086956521,0.90678425099812,1.5452404970838696,,0,False,False,holdout,False
marketcap,LOW,0,drawdown,20-30,win_100,1,0.9983987189751802,250,0.10024057738572574,20,0.08,0.03287890938251804,2.433170731707317,1.5931893478734043,3.659782086316309,,0,False,False,holdout,False
marketcap,LOW,0,drawdown,20-30,launch_300,1,0.9983987189751802,250,0.10024057738572574,8,0.032,0.0136327185244587,2.347294117647059,1.1958264509289123,4.537789218431342,,0,False,False,holdout,False
marketcap,LOW,0,mst,0-12,win_50,1,0.9975619963728883,15040,0.10015582755084373,2844,0.18909574468085105,0.17009176511327465,1.1117278050170183,1.0754031735328844,1.1489859289620772,-0.9030303030303031,10,True,False,holdout,False
marketcap,LOW,0,mst,0-12,win_100,1,0.9975619963728883,15040,0.10015582755084373,1472,0.09787234042553192,0.059627345737383965,1.641400253779364,1.5634717978578792,1.7227728902152146,-1.0,10,True,True,holdout,True
marketcap,LOW,0,mst,0-12,launch_300,1,0.9975522619792616,12612,0.10015087747161121,321,0.02545195052331113,0.011808147383467006,2.1554567110965506,1.9346326734822987,2.400754942212947,-1.0,5,True,True,holdout,True
marketcap,LOW,0,mst,13-24,win_50,1,0.9974923376985233,1434,0.10013966480446927,289,0.201534170153417,0.1715782122905028,1.1745906864456377,1.05830264333463,1.300173692480458,-0.5272727272727272,10,True,False,holdout,False
marketcap,LOW,0,mst,13-24,win_100,1,0.9974923376985233,1434,0.10013966480446927,122,0.08507670850767085,0.047625698324022345,1.7863613868472825,1.5059490967670928,2.113326030240865,,1,True,False,holdout,True
marketcap,LOW,0,mst,13-24,launch_300,1,0.9974923376985233,1434,0.10013966480446927,73,0.05090655509065551,0.02164804469273743,2.3515544158006025,1.8792347294786529,2.9347234704829144,,0,False,False,holdout,False
marketcap,LOW,3,all,ALL,win_50,1,0.999514825124781,16500,0.10011589172921381,3011,0.18248484848484847,0.16981475526215195,1.0746112621552646,1.0403427867671704,1.1097501601704864,-0.8545454545454545,10,True,False,holdout,False
marketcap,LOW,3,all,ALL,win_100,1,0.999514825124781,16500,0.10011589172921381,1521,0.09218181818181818,0.058443410250653784,1.577283354726669,1.5033735577060288,1.6544415717492515,-1.0,10,True,True,holdout,True
marketcap,LOW,3,all,ALL,launch_300,1,0.9994950033784985,14068,0.10011101306538385,390,0.027722490759169747,0.012766502519142638,2.1715023921078984,1.9688843480601104,2.3943180739614376,-0.9285714285714286,8,True,True,holdout,True
marketcap,LOW,3,drawdown,0-10,win_50,1,0.9994279938254675,12770,0.10011917082196506,2411,0.18880187940485513,0.1731975413177784,1.090095609720269,1.051447914882741,1.1298239915046666,-0.8545454545454545,10,True,False,holdout,False
marketcap,LOW,3,drawdown,0-10,win_100,1,0.9994279938254675,12770,0.10011917082196506,1238,0.09694596711041503,0.06022046602063537,1.6098508284076574,1.5266348497446347,1.6970923440626895,-1.0,10,True,True,holdout,True
marketcap,LOW,3,drawdown,0-10,launch_300,1,0.9993806071985057,10338,0.10011330292553965,307,0.029696266202360225,0.012511741863009984,2.373471777751025,2.1255830250349654,2.6492852590010667,-0.9,5,True,True,holdout,True
marketcap,LOW,3,drawdown,10-20,win_50,1,0.9997986770204199,3480,0.1001064350027328,564,0.16206896551724137,0.15901964732618012,1.0191757323219721,0.9445308926329669,1.0985070339395926,-0.7575757575757576,10,True,False,holdout,False
marketcap,LOW,3,drawdown,10-20,win_100,1,0.9997986770204199,3480,0.1001064350027328,267,0.07672413793103448,0.053764059488536665,1.4270525451559934,1.271120833646813,1.600346236656684,-0.9333333333333333,9,True,False,holdout,False
marketcap,LOW,3,drawdown,10-20,launch_300,1,0.9997986770204199,3480,0.1001064350027328,77,0.022126436781609197,0.013462589534850272,1.6435498329894882,1.3177680737664887,2.047611841869669,,0,False,False,holdout,False
marketcap,LOW,3,drawdown,20-30,win_50,1,1.0,250,0.100080064051241,36,0.144,0.14731785428342675,0.977478260869565,0.7185997171447797,1.309497358131306,,0,False,False,holdout,False
marketcap,LOW,3,drawdown,20-30,win_100,1,1.0,250,0.100080064051241,16,0.064,0.03282626100880705,1.9496585365853658,1.2116745528379198,3.0896449707951787,,0,False,False,holdout,False
marketcap,LOW,3,drawdown,20-30,launch_300,1,1.0,250,0.100080064051241,6,0.024,0.013610888710968775,1.763294117647059,0.8114662808576707,3.7736054707914866,,0,False,False,holdout,False
marketcap,LOW,3,mst,0-12,win_50,1,0.9995084134375851,15064,0.10012029855309419,2739,0.1818242166755178,0.16969406948072233,1.071482446215797,1.0356658040670779,1.1082551273444263,-0.8424242424242424,10,True,False,holdout,False
marketcap,LOW,3,mst,0-12,win_100,1,0.9995084134375851,15064,0.10012029855309419,1401,0.0930031864046734,0.05949128998597625,1.5633076106871582,1.487081373506899,1.6430221393343079,-1.0,10,True,True,holdout,True
marketcap,LOW,3,mst,0-12,launch_300,1,0.9994851036525955,12632,0.10011571322142439,322,0.025490816972767574,0.011777386783330956,2.1643865011587993,1.942977779781992,2.4102924931603487,-1.0,6,True,True,holdout,True
marketcap,LOW,3,mst,13-24,win_50,1,0.9995820562830872,1436,0.10006968641114983,272,0.1894150417827298,0.1710801393728223,1.10717142549172,0.9936123306050838,1.2304175880462864,-0.6363636363636364,10,True,False,holdout,False
marketcap,LOW,3,mst,13-24,win_100,1,0.9995820562830872,1436,0.10006968641114983,120,0.08356545961002786,0.04745644599303136,1.760887438184875,1.4821873854412189,2.086410901412359,,2,True,False,holdout,True
marketcap,LOW,3,mst,13-24,launch_300,1,0.9995820562830872,1436,0.10006968641114983,68,0.04735376044568245,0.021463414634146343,2.2062547480374777,1.7482983854560383,2.7767419637368125,,0,False,False,holdout,False
marketcap,LOW,6,all,ALL,win_50,1,0.9988355802994742,16494,0.10014754367110512,2933,0.17782223838971747,0.16982701567120226,1.0470786269600036,1.0131614345212558,1.0818792813307536,-0.8666666666666667,10,True,False,holdout,False
marketcap,LOW,6,all,ALL,win_100,1,0.9988355802994742,16494,0.10014754367110512,1466,0.0888808051412635,0.05844672337686782,1.5207149350042255,1.448038654725716,1.5966669343150124,-0.9878787878787879,10,True,True,holdout,True
marketcap,LOW,6,all,ALL,launch_300,1,0.9988264163021444,14063,0.10014241971088798,377,0.026807935717841142,0.012732322153386029,2.10550246804051,1.9057665694747628,2.3255366553390084,-0.9642857142857143,7,True,True,holdout,True
marketcap,LOW,6,drawdown,0-10,win_50,1,0.9986444237233684,12764,0.1001506496767309,2349,0.18403321842682543,0.1732235892285481,1.0624027549966957,1.024144550912777,1.1017585565491066,-0.8666666666666667,10,True,False,holdout,False
marketcap,LOW,6,drawdown,0-10,win_100,1,0.9986444237233684,12764,0.1001506496767309,1190,0.0932309620808524,0.06022848534304187,1.5479546189786966,1.466225273134268,1.633747973720391,-0.9878787878787879,10,True,True,holdout,True
marketcap,LOW,6,drawdown,0-10,launch_300,1,0.9985870101715911,10333,0.10014440643141663,295,0.02854930804219491,0.012473226659947084,2.2888470498070808,2.045125303898285,2.5606616452055744,-0.9,5,True,True,holdout,True
marketcap,LOW,6,drawdown,10-20,win_50,1,0.9994535519125683,3480,0.10014100313660039,545,0.15660919540229884,0.1589882305545164,0.9850364071357985,0.9114744613896177,1.0633614724847733,-0.7212121212121212,10,True,False,holdout,False
marketcap,LOW,6,drawdown,10-20,win_100,1,0.9994535519125683,3480,0.10014100313660039,259,0.07442528735632184,0.05375384881010618,1.3845573666592828,1.2309178498788667,1.5556564738224736,-0.9166666666666666,9,True,False,holdout,False
marketcap,LOW,6,drawdown,10-20,launch_300,1,0.9994535519125683,3480,0.10014100313660039,77,0.022126436781609197,0.013438462202526546,1.6465006522434715,1.3201339864551729,2.0512881115673656,,0,False,False,holdout,False
marketcap,LOW,6,drawdown,20-30,win_50,1,1.0,250,0.100080064051241,39,0.156,0.14731785428342675,1.0589347826086957,0.7892170675307367,1.3993276393066338,,0,False,False,holdout,False
marketcap,LOW,6,drawdown,20-30,win_100,1,1.0,250,0.100080064051241,17,0.068,0.03282626100880705,2.0715121951219513,1.3064515149030462,3.2348872299274216,,0,False,False,holdout,False
marketcap,LOW,6,drawdown,20-30,launch_300,1,1.0,250,0.100080064051241,5,0.02,0.013610888710968775,1.4694117647058824,0.6298137110528451,3.3763881541791276,,0,False,False,holdout,False
marketcap,LOW,6,mst,0-12,win_50,1,0.9988108919638883,15056,0.10013700998975751,2651,0.1760759829968119,0.16971281109913935,1.037493762883672,1.0021332804480525,1.0738279658050258,-0.8666666666666667,10,True,False,holdout,False
marketcap,LOW,6,mst,0-12,win_100,1,0.9988108919638883,15056,0.10013700998975751,1349,0.08959883103081828,0.05950623195924285,1.5057050006491173,1.43078859683047,1.5841398588363231,-0.9757575757575757,10,True,True,holdout,True
marketcap,LOW,6,mst,0-12,launch_300,1,0.9987959346953001,12625,0.10012927581749109,318,0.02518811881188119,0.01176172008216549,2.1415336052823086,1.9211329958533419,2.3864933692381425,-1.0,6,True,True,holdout,True
marketcap,LOW,6,mst,13-24,win_50,1,0.9990944552800223,1438,0.10025796555811198,282,0.19610570236439498,0.17102419298612564,1.1466547448073856,1.0314624501409506,1.271315375808634,-0.7598819296000807,10,True,False,holdout,False
marketcap,LOW,6,mst,13-24,win_100,1,0.9990944552800223,1438,0.10025796555811198,117,0.08136300417246176,0.047340165934602246,1.7186886139110735,1.443231208836105,2.0412672366726943,,1,True,False,holdout,True
marketcap,LOW,6,mst,13-24,launch_300,1,0.9990944552800223,1438,0.10025796555811198,59,0.04102920723226704,0.02126472843895977,1.9294489158439545,1.5020513031589093,2.471856073183955,,0,False,False,holdout,False
marketcap,LOW,12,all,ALL,win_50,1,0.9892776352576582,16338,0.10015877783976312,2837,0.173644264903905,0.1700455490096309,1.021163246643229,0.9874570634379853,1.0557717302945673,-0.8666666666666667,10,True,False,holdout,False
marketcap,LOW,12,all,ALL,win_100,1,0.9892776352576582,16338,0.10015877783976312,1456,0.08911739502999143,0.05836158434536326,1.5269872473410957,1.4537754297904728,1.6035089725211604,-0.9878787878787879,10,True,True,holdout,True
marketcap,LOW,12,all,ALL,launch_300,1,0.9885486681603186,13918,0.10014030291038602,321,0.023063658571633856,0.012663237039968342,1.821308287828711,1.6345236497089464,2.0288776939040134,-0.9761904761904762,8,True,True,holdout,True
marketcap,LOW,12,drawdown,0-10,win_50,1,0.9890300185706115,12643,0.10016558258926803,2268,0.17938780352764375,0.1736002725378503,1.0333382598148375,0.9953764084399591,1.0724220618204636,-0.8666666666666667,10,True,False,holdout,False
marketcap,LOW,12,drawdown,0-10,win_100,1,0.9890300185706115,12643,0.10016558258926803,1188,0.09396503994305148,0.06025146370255346,1.5595478378240502,1.4771694690977704,1.6460201320661556,-0.9878787878787879,10,True,True,holdout,True
marketcap,LOW,12,drawdown,0-10,launch_300,1,0.9879799084460015,10223,0.10014203849733065,258,0.025237210212266457,0.012430817456041535,2.0302132423319317,1.7996000154222607,2.2895185236275832,-1.0,5,True,True,holdout,True
marketcap,LOW,12,drawdown,10-20,win_50,1,0.9902502157031924,3448,0.10014231361273271,535,0.15516241299303946,0.15863611280532078,0.978102717276335,0.904345588991697,1.0566980908451038,-0.6727272727272727,10,True,False,holdout,False
marketcap,LOW,12,drawdown,10-20,win_100,1,0.9902502157031924,3448,0.10014231361273271,254,0.07366589327146171,0.05326595219424356,1.3829827542146664,1.228045211165984,1.555734882956002,-0.9272727272727272,10,True,False,holdout,False
marketcap,LOW,12,drawdown,10-20,launch_300,1,0.9902502157031924,3448,0.10014231361273271,61,0.01769141531322506,0.013272922656908019,1.3328952311808577,1.0395453678941504,1.70712372189075,,0,False,False,holdout,False
marketcap,LOW,12,drawdown,20-30,win_50,1,0.9883907125700561,247,0.10004050222762252,34,0.13765182186234817,0.14742810854597002,0.9336877697201584,0.6796866412245276,1.2629676925739703,,0,False,False,holdout,False
marketcap,LOW,12,drawdown,20-30,win_100,1,0.9883907125700561,247,0.10004050222762252,14,0.05668016194331984,0.032806804374240585,1.727695306642675,1.0381976898691514,2.83107832041301,,0,False,False,holdout,False
marketcap,LOW,12,drawdown,20-30,launch_300,1,0.9883907125700561,247,0.10004050222762252,2,0.008097165991902834,0.01377075739165654,0.5879971421767087,0.16145450234489306,2.1086179809191146,,0,False,False,holdout,False
marketcap,LOW,12,mst,0-12,win_50,1,0.9886602937561864,14906,0.10015723059142892,2571,0.17248088018247684,0.1699568623761977,1.0148509320011583,0.9796633612420681,1.0510315070220244,-0.8666666666666667,10,True,False,holdout,False
marketcap,LOW,12,mst,0-12,win_100,1,0.9886602937561864,14906,0.10015723059142892,1330,0.0892258151080102,0.05941838119683389,1.5016534161783022,1.426405008389268,1.580464164939698,-0.9878787878787879,10,True,True,holdout,True
marketcap,LOW,12,mst,0-12,launch_300,1,0.9877296239672367,12486,0.10013633811853397,257,0.02058305301938171,0.011701018525944342,1.759082166543321,1.558504681143725,1.9848630427590097,-0.9642857142857143,7,True,True,holdout,True
marketcap,LOW,12,mst,13-24,win_50,1,0.99575090554472,1432,0.10017488632388948,266,0.1857541899441341,0.17096887023434768,1.0864796011666926,0.9736354326399962,1.2091587195353022,-0.7575757575757576,10,True,False,holdout,False
marketcap,LOW,12,mst,13-24,win_100,1,0.99575090554472,1432,0.10017488632388948,126,0.08798882681564246,0.04735921650926898,1.8579029236774136,1.570915391599403,2.1914409375346624,,1,True,False,holdout,True
marketcap,LOW,12,mst,13-24,launch_300,1,0.99575090554472,1432,0.10017488632388948,64,0.0446927374301676,0.02105631339629241,2.1225338257948367,1.6695211175997953,2.691248819362271,,0,False,False,holdout,False
pb,LOW,0,all,ALL,win_50,1,0.9411907404375064,18205,0.11730630444868292,4096,0.22499313375446306,0.17035671941852673,1.3207176947432722,1.2854537538997592,1.356662762653959,-0.5515151515151515,10,True,False,holdout,False
pb,LOW,0,all,ALL,win_100,1,0.9411907404375064,18205,0.11730630444868292,1591,0.08739357319417743,0.05842440331975875,1.495840235044754,1.427105101083678,1.5675551584172294,-0.22424242424242424,10,True,False,holdout,False
pb,LOW,0,all,ALL,launch_300,1,0.9408442689996088,15470,0.11695066450959343,358,0.023141564318034907,0.012488849241748439,1.8529781143226522,1.6725329487300769,2.0523813920772964,-0.07878787878787878,10,True,False,holdout,True
pb,LOW,0,drawdown,0-10,win_50,1,0.9424781188048988,14191,0.11798303957432657,3347,0.2358537100979494,0.17386099102095112,1.3565648551349154,1.3168049766109655,1.397147048261648,-0.6484848484848484,10,True,False,holdout,False
pb,LOW,0,drawdown,0-10,win_100,1,0.9424781188048988,14191,0.11798303957432657,1275,0.08984567683743218,0.06012637179913535,1.494280698286275,1.4178658753458067,1.5743876592997683,-0.11515151515151516,10,True,False,holdout,False
pb,LOW,0,drawdown,0-10,launch_300,1,0.9423093673483214,11456,0.11765914179487706,283,0.024703212290502794,0.012242466569439024,2.0178296710378314,1.7983472532728406,2.263340252382781,-0.6,5,True,True,holdout,True
pb,LOW,0,drawdown,10-20,win_50,1,0.9367270635605407,3746,0.11501381639545594,704,0.18793379604911906,0.1590420632483881,1.181660953150542,1.1050263104735907,1.2623157991216634,0.06666666666666667,10,True,False,holdout,False
pb,LOW,0,drawdown,10-20,win_100,1,0.9367270635605407,3746,0.11501381639545594,304,0.0811532301121196,0.054037457783236105,1.501795854972577,1.347800088022754,1.6716724644534602,-0.5393939393939394,10,True,False,holdout,True
pb,LOW,0,drawdown,10-20,launch_300,1,0.9367270635605407,3746,0.11501381639545594,69,0.018419647624132406,0.013140927233650599,1.4017007549485805,1.1095927511313184,1.768894250253692,,0,False,False,holdout,False
pb,LOW,0,drawdown,20-30,win_50,1,0.9375500400320256,268,0.11443210930828351,45,0.16791044776119404,0.14773697694278395,1.1365499094124751,0.8658786183954954,1.470750855426801,,0,False,False,holdout,False
pb,LOW,0,drawdown,20-30,win_100,1,0.9375500400320256,268,0.11443210930828351,12,0.04477611940298507,0.03202391118701964,1.3982089552238806,0.8055402802959053,2.392632506069152,,0,False,False,holdout,False
pb,LOW,0,drawdown,20-30,launch_300,1,0.9375500400320256,268,0.11443210930828351,6,0.022388059701492536,0.013663535439795047,1.638526119402985,0.7538383397471875,3.511135725084919,,0,False,False,holdout,False
pb,LOW,0,mst,0-12,win_50,1,0.9408634651538201,16637,0.11746722115920949,3824,0.2298491314539881,0.17012518445820476,1.3510588228661462,1.3138484165794864,1.3890023720992988,-0.7454545454545455,10,True,False,holdout,False
pb,LOW,0,mst,0-12,win_100,1,0.9408634651538201,16637,0.11746722115920949,1537,0.09238444431087335,0.0594573221964118,1.553794232536908,1.4813643608544287,1.629389268858766,-0.40606060606060607,10,True,False,holdout,True
pb,LOW,0,mst,0-12,launch_300,1,0.9404146103818947,13902,0.11710201571805218,332,0.02388145590562509,0.0115232022372533,2.0724669596111798,1.863364831959312,2.3043972428468535,-0.15151515151515152,10,True,False,holdout,True
pb,LOW,0,mst,13-24,win_50,1,0.9446224575090555,1568,0.11562569132069907,272,0.17346938775510204,0.17277486910994763,1.0040197897340755,0.9001964033144839,1.1170808106587105,0.7212121212121212,10,True,False,holdout,False
pb,LOW,0,mst,13-24,win_100,1,0.9446224575090555,1568,0.11562569132069907,54,0.03443877551020408,0.047636604970134944,0.7229477317242686,0.5560896558351723,0.9375756100063404,,0,False,False,holdout,False
pb,LOW,0,mst,13-24,launch_300,1,0.9446224575090555,1568,0.11562569132069907,26,0.016581632653061226,0.020942408376963352,0.7917729591836735,0.5415138535906213,1.154859305747995,,0,False,False,holdout,False
pb,LOW,3,all,ALL,win_50,1,0.9429252406164147,18220,0.11718699751733364,4022,0.22074643249176729,0.17007550907523894,1.297931922662141,1.2628706882036842,1.3336853756278004,-0.6848484848484848,10,True,False,holdout,False
pb,LOW,3,all,ALL,win_100,1,0.9429252406164147,18220,0.11718699751733364,1615,0.08863885839736553,0.05834909118975032,1.5191129217268076,1.4498619167844522,1.591336108838485,-0.16363636363636364,10,True,False,holdout,True
pb,LOW,3,all,ALL,launch_300,1,0.9426722145168747,15560,0.1174029501641076,371,0.02384318766066838,0.012479722337495756,1.910554338939954,1.7276853626399464,2.11225783129534,-0.11515151515151516,10,True,False,holdout,True
pb,LOW,3,drawdown,0-10,win_50,1,0.9438650378856145,14092,0.11698780477680833,3314,0.23516889015043996,0.17348929493512208,1.3555239257752678,1.3155823002294162,1.396297566973643,-0.8545454545454545,10,True,False,holdout,False
pb,LOW,3,drawdown,0-10,win_100,1,0.9438650378856145,14092,0.11698780477680833,1337,0.09487652568833381,0.060021418431473475,1.580711155579478,1.5019306142917734,1.663170582882886,-0.12727272727272726,10,True,False,holdout,True
pb,LOW,3,drawdown,0-10,launch_300,1,0.9437417132017769,11432,0.1172344483868983,303,0.026504548635409377,0.012182866050003077,2.1755593902637287,1.946609760767358,2.430620073632181,,4,True,False,holdout,True
pb,LOW,3,drawdown,10-20,win_50,1,0.9397181478285879,3815,0.11675950296872131,656,0.17195281782437746,0.15917855175368795,1.0802511766186713,1.007110904668324,1.157537611059594,0.4303030303030303,10,True,False,holdout,False
pb,LOW,3,drawdown,10-20,win_100,1,0.9397181478285879,3815,0.11675950296872131,261,0.06841415465268676,0.054079696394686905,1.265061736911085,1.1248138798627456,1.4213652295932002,-0.3333333333333333,10,True,False,holdout,False
pb,LOW,3,drawdown,10-20,launch_300,1,0.9397181478285879,3815,0.11675950296872131,61,0.01598951507208388,0.013252127073514109,1.2065621604278722,0.940859492069288,1.5457439128067345,,0,False,False,holdout,False
pb,LOW,3,drawdown,20-30,win_50,1,0.9395516413130505,313,0.13336173838943333,52,0.16613418530351437,0.1465700894759267,1.1334794561260124,0.8801219038530304,1.4420715533172235,,0,False,False,holdout,False
pb,LOW,3,drawdown,20-30,win_100,1,0.9395516413130505,313,0.13336173838943333,17,0.054313099041533544,0.031955688112484025,1.6996379126730563,1.069719754443731,2.6677500538734797,,0,False,False,holdout,False
pb,LOW,3,drawdown,20-30,launch_300,1,0.9395516413130505,313,0.13336173838943333,7,0.022364217252396165,0.01406050276949297,1.5905702391325394,0.7734114125677146,3.231450154882427,,0,False,False,holdout,False
pb,LOW,3,mst,0-12,win_50,1,0.9427102362937031,16493,0.11622236785545667,3726,0.2259140241314497,0.16993284428753638,1.3294311942969064,1.292252596392637,1.3673609563844857,-0.9393939393939394,10,True,False,holdout,False
pb,LOW,3,mst,0-12,win_100,1,0.9427102362937031,16493,0.11622236785545667,1553,0.09416115927969441,0.059418359653017075,1.5847148899694206,1.511283822108102,1.6613269187571003,-0.34545454545454546,10,True,False,holdout,True
pb,LOW,3,mst,0-12,launch_300,1,0.9423870594665674,13833,0.11627691945597902,341,0.02465119641437143,0.011583141401745036,2.1281961049579907,1.9162485032592194,2.3629300830435813,-0.28484848484848485,10,True,False,holdout,True
pb,LOW,3,mst,13-24,win_50,1,0.9451797157982725,1727,0.1272754071781266,296,0.17139548349739434,0.1715675436657086,0.9989971286839107,0.8996804263827546,1.1068155606249517,0.6363636363636364,10,True,False,holdout,False
pb,LOW,3,mst,13-24,win_100,1,0.9451797157982725,1727,0.1272754071781266,62,0.03590040532715692,0.0471663350283735,0.7611446873190504,0.5958817553971201,0.9700841316892859,,0,False,False,holdout,False
pb,LOW,3,mst,13-24,launch_300,1,0.9451797157982725,1727,0.1272754071781266,30,0.017371163867979156,0.02034048198098607,0.8540192845094535,0.5995334227119445,1.213827588830599,,0,False,False,holdout,False
pb,LOW,6,all,ALL,win_50,1,0.9419306321222155,18010,0.11595863862884222,3910,0.21710161021654636,0.1701070090268746,1.2762649314599803,1.241225653590644,1.3120135063169576,-0.6242424242424243,10,True,False,holdout,False
pb,LOW,6,all,ALL,win_100,1,0.9419306321222155,18010,0.11595863862884222,1644,0.09128262076624098,0.05810165213696125,1.5710847696905976,1.5001816200918747,1.6449881487511224,-0.16363636363636364,10,True,False,holdout,True
pb,LOW,6,all,ALL,launch_300,1,0.9419111632703866,15337,0.11581387621953061,397,0.025885114429158244,0.012497357054399371,2.0712470898033644,1.8794580226787978,2.2820356675921474,-0.21212121212121213,10,True,False,holdout,True
pb,LOW,6,drawdown,0-10,win_50,1,0.9426269971242978,13922,0.11572831029351865,3182,0.22855911506967388,0.17349271398764746,1.317398925962661,1.2776299852230892,1.3580310415157564,-0.9030303030303031,10,True,False,holdout,False
pb,LOW,6,drawdown,0-10,win_100,1,0.9426269971242978,13922,0.11572831029351865,1334,0.09581956615428817,0.059800995852002096,1.6023071988872273,1.5224011340656094,1.6859420853241949,-0.15151515151515152,10,True,False,holdout,True
pb,LOW,6,drawdown,0-10,launch_300,1,0.9427642339369187,11249,0.11547740034697627,320,0.02844697306427238,0.012185231950561013,2.33454506074976,2.095332241071413,2.6001795782182398,-0.1,5,True,False,holdout,True
pb,LOW,6,drawdown,10-20,win_50,1,0.9393155018694277,3819,0.11693202694427435,685,0.17936632626341975,0.15921616656460502,1.1265585030314018,1.0521694867919318,1.2049947863563075,0.40606060606060607,10,True,False,holdout,False
pb,LOW,6,drawdown,10-20,win_100,1,0.9393155018694277,3819,0.11693202694427435,295,0.07724535218643624,0.05376607470912431,1.4366931676588883,1.2869884551290098,1.6022001676219104,-0.23636363636363636,10,True,False,holdout,False
pb,LOW,6,drawdown,10-20,launch_300,1,0.9393155018694277,3819,0.11693202694427435,72,0.018853102906520033,0.013319044703000613,1.4154996343148143,1.126072991837223,1.7775275956536631,,0,False,False,holdout,False
pb,LOW,6,drawdown,20-30,win_50,1,0.9427542033626901,269,0.11422505307855627,43,0.15985130111524162,0.14819532908704883,1.078652762539811,0.8157714636905996,1.4061664371574907,,0,False,False,holdout,False
pb,LOW,6,drawdown,20-30,win_100,1,0.9427542033626901,269,0.11422505307855627,15,0.055762081784386616,0.031422505307855626,1.7745905757058174,1.0845834908581065,2.8626962497740074,,0,False,False,holdout,False
pb,LOW,6,drawdown,20-30,launch_300,1,0.9427542033626901,269,0.11422505307855627,5,0.01858736059479554,0.014012738853503185,1.3264616424467726,0.5684036927404931,3.0519289443781954,,0,False,False,holdout,False
pb,LOW,6,mst,0-12,win_50,1,0.9418399952169956,16478,0.11622395576182483,3627,0.2201116640368977,0.17002637926899802,1.2945736125372638,1.257753273066709,1.3321612939656016,-0.8787878787878788,10,True,False,holdout,False
pb,LOW,6,mst,0-12,win_100,1,0.9418399952169956,16478,0.11622395576182483,1583,0.09606748391795121,0.05921228963590966,1.6224247450767466,1.5480197726471683,1.700009646424688,-0.296969696969697,10,True,False,holdout,True
pb,LOW,6,mst,0-12,launch_300,1,0.941800869778753,13805,0.11611378393836423,364,0.0263672582397682,0.011640816875820073,2.26506941231396,2.0465387668878217,2.5062374919364783,-0.5714285714285714,8,True,False,holdout,True
pb,LOW,6,mst,13-24,win_50,1,0.9428810253552522,1532,0.11317966903073286,283,0.18472584856396868,0.170951536643026,1.0805743673992567,0.9715616918650887,1.1988126542668225,0.503030303030303,10,True,False,holdout,False
pb,LOW,6,mst,13-24,win_100,1,0.9428810253552522,1532,0.11317966903073286,61,0.03981723237597911,0.04646867612293144,0.8568617765361737,0.6697392744764192,1.0935235767719573,,0,False,False,holdout,False
pb,LOW,6,mst,13-24,launch_300,1,0.9428810253552522,1532,0.11317966903073286,33,0.02154046997389034,0.02002068557919622,1.0759107068877476,0.768135996543234,1.5032344486585285,,0,False,False,holdout,False
pb,LOW,12,all,ALL,win_50,1,0.930680639703073,17622,0.11483197466424257,3629,0.2059357621155374,0.1701561980724493,1.2102748207141643,1.1755646441067371,1.2457383021717616,-0.793939393939394,10,True,False,holdout,False
pb,LOW,12,all,ALL,win_100,1,0.930680639703073,17622,0.11483197466424257,1505,0.08540460787651799,0.057761356453515274,1.4785769088585936,1.4086924375537562,1.5515900764921844,-0.45454545454545453,10,True,False,holdout,False
pb,LOW,12,all,ALL,launch_300,1,0.9299690600661474,14991,0.11465479659500263,349,0.023280635047695283,0.012504875754307872,1.8617246188691807,1.6782340315332127,2.0647481508408476,-0.3575757575757576,10,True,False,holdout,True
pb,LOW,12,drawdown,0-10,win_50,1,0.9312495592418175,13700,0.11527426018326083,3003,0.2191970802919708,0.17370232315498077,1.2619121973193108,1.2224869814035757,1.3022437296611415,-0.9272727272727272,10,True,False,holdout,False
pb,LOW,12,drawdown,0-10,win_100,1,0.9312495592418175,13700,0.11527426018326083,1228,0.08963503649635036,0.059664947369306755,1.5023064705234455,1.4240519006103574,1.5844170213115596,-0.7333333333333333,10,True,True,holdout,True
pb,LOW,12,drawdown,0-10,launch_300,1,0.9304150899571264,11069,0.11513777213767852,286,0.0258379257385491,0.01225334678635697,2.108642331686668,1.880532142379955,2.3636022058192534,-0.4,5,True,False,holdout,True
pb,LOW,12,drawdown,10-20,win_50,1,0.9290480299108427,3673,0.11370460947899576,589,0.1603593792540158,0.15877782249326688,1.0099608165417182,0.937463270586269,1.0869280901820904,0.8181818181818182,10,True,False,holdout,False
pb,LOW,12,drawdown,10-20,win_100,1,0.9290480299108427,3673,0.11370460947899576,263,0.07160359379254015,0.052688604773550446,1.3589958227264538,1.209091179948521,1.5258899578103657,0.006060606060606061,10,True,False,holdout,False
pb,LOW,12,drawdown,10-20,launch_300,1,0.9290480299108427,3673,0.11370460947899576,60,0.016335420637081405,0.01315667275485249,1.2416072772697426,0.9662307790707232,1.5937993868332154,,0,False,False,holdout,False
pb,LOW,12,drawdown,20-30,win_50,1,0.9243394715772618,249,0.10783889129493288,37,0.14859437751004015,0.14681680381117368,1.0121074267571761,0.7476470258212655,1.34929736717811,,0,False,False,holdout,False
pb,LOW,12,drawdown,20-30,win_100,1,0.9243394715772618,249,0.10783889129493288,14,0.05622489959839357,0.030749242096145518,1.8284970869393065,1.0986927222443235,2.996838624163743,,0,False,False,holdout,False
pb,LOW,12,drawdown,20-30,launch_300,1,0.9243394715772618,249,0.10783889129493288,3,0.012048192771084338,0.013858813339107838,0.8693524096385543,0.2962574122597161,2.512311920259849,,0,False,False,holdout,False
pb,LOW,12,mst,0-12,win_50,1,0.9298824842393362,16079,0.11486805069368043,3378,0.21008769202064806,0.17013387818085698,1.2348374954300347,1.198236824678192,1.2722521940165579,-0.806060606060606,10,True,False,holdout,False
pb,LOW,12,mst,0-12,win_100,1,0.9298824842393362,16079,0.11486805069368043,1430,0.08893587909695877,0.05879495349269171,1.5126447732969739,1.439472311437062,1.5891571310080679,-0.6,10,True,True,holdout,True
pb,LOW,12,mst,0-12,launch_300,1,0.9289363825759076,13448,0.11467749087560118,308,0.022903033908387865,0.011614421666609817,1.9719478563647783,1.7657044905539974,2.201652599812281,-0.4642857142857143,7,True,False,holdout,True
pb,LOW,12,mst,13-24,win_50,1,0.9390498746168849,1543,0.11445738446702766,251,0.16267012313674659,0.1703879534159187,0.9547043665679062,0.8515675554530312,1.0676744100542335,0.24848484848484848,10,True,False,holdout,False
pb,LOW,12,mst,13-24,win_100,1,0.9390498746168849,1543,0.11445738446702766,75,0.04860661049902787,0.047029152140048956,1.0335421390179726,0.8282658324754318,1.2864910003364887,,0,False,False,holdout,False
pb,LOW,12,mst,13-24,launch_300,1,0.9390498746168849,1543,0.11445738446702766,41,0.026571613739468567,0.020250723240115717,1.3121315927537573,0.9701815676919575,1.77019817128558,,0,False,False,holdout,False
dividend_yield,LOW,0,all,ALL,win_50,1,0.9998301887936734,83924,0.5090591467963921,15577,0.1856084076068824,0.16980365277415518,1.0930766480845269,1.077670730238127,1.1086520559099324,-0.7142857142857143,7,True,False,holdout,False
dividend_yield,LOW,0,all,ALL,win_100,1,0.9998301887936734,83924,0.5090591467963921,6443,0.07677184118964778,0.0584371076239984,1.313751558061711,1.2832591960136108,1.3449069085770176,-0.4642857142857143,7,True,False,holdout,False
dividend_yield,LOW,0,all,ALL,launch_300,1,0.99980795903126,72226,0.5138153776108361,1344,0.018608257414227565,0.012776734391895738,1.4564173319616593,1.3812614645342904,1.5355808356073837,,3,True,False,holdout,False
dividend_yield,LOW,0,drawdown,0-10,win_50,1,0.9998119431754962,64923,0.5088129031246816,12139,0.18697534001817537,0.1731937271252459,1.079573395189788,1.062363989810408,1.0969966697976454,-0.4642857142857143,7,True,False,holdout,False
dividend_yield,LOW,0,drawdown,0-10,win_100,1,0.9998119431754962,64923,0.5088129031246816,5123,0.0789088612664233,0.06021301441256456,1.3104951153210742,1.2764666654597863,1.3453511026030363,-0.5,7,True,False,holdout,False
dividend_yield,LOW,0,drawdown,0-10,launch_300,1,0.9997774057119629,53225,0.5152269031208859,972,0.018262094880225458,0.012526136451637884,1.4579192036374118,1.3698429668611065,1.5515464611828305,,1,True,False,holdout,False
dividend_yield,LOW,0,drawdown,10-20,win_50,1,0.9998849582973828,17707,0.5093194500373929,3227,0.18224431015982379,0.15897716159466146,1.1463552898528013,1.1110233047087248,1.182554327879226,-0.8285714285714286,6,True,False,holdout,False
dividend_yield,LOW,0,drawdown,10-20,win_100,1,0.9998849582973828,17707,0.5093194500373929,1259,0.07110182413734681,0.05375942012310878,1.3225928399994646,1.2538978532652754,1.3947487073041698,,4,True,False,holdout,False
dividend_yield,LOW,0,drawdown,10-20,launch_300,1,0.9998849582973828,17707,0.5093194500373929,347,0.01959676963912577,0.01346142783178968,1.4557719941748857,1.3116687635780548,1.6153563235232067,,1,True,False,holdout,False
dividend_yield,LOW,0,drawdown,20-30,win_50,1,1.0,1294,0.5180144115292233,211,0.16306027820710975,0.14731785428342675,1.1068602580471743,0.9770342699589712,1.2502257069444638,,1,True,False,holdout,False
dividend_yield,LOW,0,drawdown,20-30,win_100,1,1.0,1294,0.5180144115292233,61,0.04714064914992272,0.03282626100880705,1.436065141176914,1.1232737074322552,1.830523548644941,,0,False,False,holdout,False
dividend_yield,LOW,0,drawdown,20-30,launch_300,1,1.0,1294,0.5180144115292233,25,0.019319938176197836,0.013610888710968775,1.4194472224747705,0.9639403362566036,2.0840156589733367,,0,False,False,holdout,False
dividend_yield,LOW,0,mst,0-12,win_50,1,0.9998206373353351,76910,0.5110095278593545,14177,0.1843323364972045,0.16967429869905518,1.0863892640814607,1.0703313716078382,1.1026329950650733,-0.7142857142857143,7,True,False,holdout,False
dividend_yield,LOW,0,mst,0-12,win_100,1,0.9998206373353351,76910,0.5110095278593545,5946,0.07731114289429203,0.059479356304732035,1.29979790800361,1.2684166039296254,1.3318890778251595,-0.4642857142857143,7,True,False,holdout,False
dividend_yield,LOW,0,mst,0-12,launch_300,1,0.9997940414610382,65212,0.5166821167391632,1102,0.016898730295037724,0.011773747553738521,1.4352889951060541,1.3536511224150638,1.521760755328429,,2,True,False,holdout,False
dividend_yield,LOW,0,mst,13-24,win_50,1,0.9999303427138478,7014,0.4886102403343783,1400,0.1996007984031936,0.17115987460815046,1.1661658368245196,1.1124821045295692,1.2217709764628697,-0.42857142857142855,6,True,False,holdout,False
dividend_yield,LOW,0,mst,13-24,win_100,1,0.9999303427138478,7014,0.4886102403343783,497,0.07085828343313373,0.0475095785440613,1.4914525787135406,1.3699426436966344,1.6228512817294691,,1,True,False,holdout,False
dividend_yield,LOW,0,mst,13-24,launch_300,1,0.9999303427138478,7014,0.4886102403343783,242,0.03450242372398061,0.02159526297457332,1.5976848147023925,1.411395140302412,1.8075728347957214,,1,True,False,holdout,True
dividend_yield,LOW,3,all,ALL,win_50,1,0.9991509439683666,84047,0.5101518066877493,15607,0.1856937189905648,0.16982197160529047,1.0934610947879249,1.078065284108901,1.1090260832385512,-0.7142857142857143,7,True,False,holdout,False
dividend_yield,LOW,3,all,ALL,win_100,1,0.9991509439683666,84047,0.5101518066877493,6428,0.07648101657405976,0.05844041541982045,1.308700768545884,1.278285980326345,1.3397779924296995,-0.5714285714285714,7,True,False,holdout,False
dividend_yield,LOW,3,all,ALL,launch_300,1,0.9991322593264341,72345,0.5150100019220776,1339,0.018508535489667566,0.012756899902472361,1.4508646795982545,1.3758558161832126,1.5298816383986193,,3,True,False,holdout,False
dividend_yield,LOW,3,drawdown,0-10,win_50,1,0.9990205373723761,64882,0.5088943966869549,12138,0.18707808020714528,0.17322112066260903,1.079995785107095,1.062780001652374,1.0974254688578011,-0.4642857142857143,7,True,False,holdout,False
dividend_yield,LOW,3,drawdown,0-10,win_100,1,0.9990205373723761,64882,0.5088943966869549,5104,0.07866588576184458,0.06021365376168664,1.3064459777376756,1.2724560455746743,1.3412644392298796,-0.6071428571428571,7,True,False,holdout,False
dividend_yield,LOW,3,drawdown,0-10,launch_300,1,0.9989644526600018,53180,0.5152102305754699,965,0.01814591951861602,0.012497577988761869,1.4519548935748416,1.3639264305255214,1.5455531125845767,,1,True,False,holdout,False
dividend_yield,LOW,3,drawdown,10-20,win_50,1,0.9995685936151855,17862,0.5139404402244281,3257,0.18234240286642034,0.15896993238382967,1.1470244726918442,1.1118350578081517,1.1830731918373407,-0.8285714285714286,6,True,False,holdout,False
dividend_yield,LOW,3,drawdown,10-20,win_100,1,0.9995685936151855,17862,0.5139404402244281,1263,0.07070876721531744,0.05377643504531722,1.3148652779927006,1.246663925027466,1.3864995433427127,,4,True,False,holdout,False
dividend_yield,LOW,3,drawdown,10-20,launch_300,1,0.9995685936151855,17862,0.5139404402244281,349,0.019538685477550107,0.01346568839015969,1.4509978926757563,1.307754721514159,1.609584851285421,,1,True,False,holdout,False
dividend_yield,LOW,3,drawdown,20-30,win_50,1,1.0,1303,0.521617293835068,212,0.1627014581734459,0.14731785428342675,1.104424572057793,0.9751515028629799,1.2471581774366516,,1,True,False,holdout,False
dividend_yield,LOW,3,drawdown,20-30,win_100,1,1.0,1303,0.521617293835068,61,0.04681504221028396,0.03282626100880705,1.426146041966943,1.115478884811677,1.8179760603264006,,0,False,False,holdout,False
dividend_yield,LOW,3,drawdown,20-30,launch_300,1,1.0,1303,0.521617293835068,25,0.01918649270913277,0.013610888710968775,1.4096429055121664,0.9572654259302475,2.069699802768187,,0,False,False,holdout,False
dividend_yield,LOW,3,mst,0-12,win_50,1,0.9991297589232926,77004,0.5119878725016954,14201,0.18441899122123526,0.169711838938312,1.086659554070763,1.0706119981895164,1.102892629618576,-0.7142857142857143,7,True,False,holdout,False
dividend_yield,LOW,3,mst,0-12,win_100,1,0.9991297589232926,77004,0.5119878725016954,5934,0.07706093189964158,0.05950053855666813,1.2951299898949484,1.2638260531122025,1.327143093062937,-0.5714285714285714,7,True,False,holdout,False
dividend_yield,LOW,3,mst,0-12,launch_300,1,0.9991048725037429,65302,0.5177520891806606,1102,0.01687544026216655,0.011781868924726067,1.4323228657510219,1.3508528206395063,1.5186170417618632,,2,True,False,holdout,False
dividend_yield,LOW,3,mst,13-24,win_50,1,0.9993730844246308,7043,0.4909040217467066,1406,0.19963083913105212,0.17097651076880185,1.167592192830495,1.1139564640449553,1.2231432823291828,-0.4857142857142857,6,True,False,holdout,False
dividend_yield,LOW,3,mst,13-24,win_100,1,0.9993730844246308,7043,0.4909040217467066,494,0.07014056510009939,0.047326967310239075,1.4820422496187422,1.3609064804074837,1.6130806241763744,,1,True,False,holdout,False
dividend_yield,LOW,3,mst,13-24,launch_300,1,0.9993730844246308,7043,0.4909040217467066,237,0.03365043305409626,0.02132850073186032,1.5777214478010428,1.3918786366086509,1.7874029790375303,,1,True,False,holdout,True
dividend_yield,LOW,6,all,ALL,win_50,1,0.9981745295319882,84151,0.5112827180596399,15653,0.18601086142767168,0.16986050015797022,1.0950801466773123,1.0796870180388247,1.1106420352336106,-0.7142857142857143,7,True,False,holdout,False
dividend_yield,LOW,6,all,ALL,win_100,1,0.9981745295319882,84151,0.5112827180596399,6427,0.07637461230407244,0.05844897562398231,1.3066886372040203,1.2763165878009446,1.3377223729235121,-0.6071428571428571,7,True,False,holdout,False
dividend_yield,LOW,6,all,ALL,launch_300,1,0.9981222660834311,72424,0.5160940918257548,1330,0.01836407820611952,0.012719926459584838,1.443725186970845,1.368834828866182,1.5226321111178065,,3,True,False,holdout,False
dividend_yield,LOW,6,drawdown,0-10,win_50,1,0.9979000321263742,64798,0.5088062314982764,12157,0.18761381524121115,0.1732742848617622,1.0827562519786995,1.0655154119822465,1.100210837259047,-0.5,7,True,False,holdout,False
dividend_yield,LOW,6,drawdown,0-10,win_100,1,0.9979000321263742,64798,0.5088062314982764,5098,0.07867526775517764,0.06023415231678877,1.3061571339362714,1.2721551332697563,1.3409884371281562,-0.6071428571428571,7,True,False,holdout,False
dividend_yield,LOW,6,drawdown,0-10,launch_300,1,0.9977643791071066,53071,0.5147726390936602,956,0.018013604416724765,0.012454411422363622,1.4463633652232526,1.358269425541973,1.5400593816085544,,1,True,False,holdout,False
dividend_yield,LOW,6,drawdown,10-20,win_50,1,0.9990509059534081,18036,0.5192158217462648,3278,0.1817476158793524,0.1589659440941935,1.1433116502718335,1.1083352046628072,1.1791407267267309,-0.7714285714285715,6,True,False,holdout,False
dividend_yield,LOW,6,drawdown,10-20,win_100,1,0.9990509059534081,18036,0.5192158217462648,1266,0.07019294743845642,0.05374672539367245,1.3059948661862135,1.2383146456853804,1.377080854181858,,4,True,False,holdout,False
dividend_yield,LOW,6,drawdown,10-20,launch_300,1,0.9990509059534081,18036,0.5192158217462648,348,0.01929474384564205,0.013443878285401733,1.4352066744455414,1.2933143322269904,1.5923271884377064,,1,True,False,holdout,False
dividend_yield,LOW,6,drawdown,20-30,win_50,1,1.0,1317,0.5272217774219375,218,0.16552771450265755,0.14731785428342675,1.1236093229011916,0.9939991414313899,1.2664257766028106,,1,True,False,holdout,False
dividend_yield,LOW,6,drawdown,20-30,win_100,1,1.0,1317,0.5272217774219375,63,0.04783599088838269,0.03282626100880705,1.4572476248680482,1.1444089430032924,1.8502079900186863,,0,False,False,holdout,False
dividend_yield,LOW,6,drawdown,20-30,launch_300,1,1.0,1317,0.5272217774219375,26,0.019741837509491267,0.013610888710968775,1.4504444146679172,0.9924045900979261,2.11372507015717,,0,False,False,holdout,False
dividend_yield,LOW,6,mst,0-12,win_50,1,0.9981266566135001,77091,0.5130814437175127,14252,0.1848724234995006,0.16975594172418154,1.0890483220898401,1.072998481930173,1.1052831582290776,-0.7142857142857143,7,True,False,holdout,False
dividend_yield,LOW,6,mst,0-12,win_100,1,0.9981266566135001,77091,0.5130814437175127,5940,0.07705179592948594,0.059520402526439094,1.2945442681651784,1.263269968699375,1.3265267126267277,-0.6071428571428571,7,True,False,holdout,False
dividend_yield,LOW,6,mst,0-12,launch_300,1,0.9980592368443983,65364,0.5187866088861375,1100,0.016828835444587235,0.011762464879279965,1.4307235445380055,1.34927088700414,1.5170041736920663,,2,True,False,holdout,False
dividend_yield,LOW,6,mst,13-24,win_50,1,0.9986765115631095,7060,0.492432168515031,1401,0.19844192634560906,0.17095626700146474,1.1607759681831893,1.1073232861479254,1.2161471916199695,-0.2571428571428571,6,True,False,holdout,False
dividend_yield,LOW,6,mst,13-24,win_100,1,0.9986765115631095,7060,0.492432168515031,487,0.06898016997167139,0.04722047848224873,1.460810482841732,1.3405236703454586,1.5910250745252446,,1,True,False,holdout,False
dividend_yield,LOW,6,mst,13-24,launch_300,1,0.9986765115631095,7060,0.492432168515031,230,0.032577903682719546,0.021134128478761248,1.54148318514571,1.3572516548205142,1.7497699799823363,,1,True,False,holdout,True
dividend_yield,LOW,12,all,ALL,win_50,1,0.9824487988889495,82342,0.5082996388777431,15464,0.1878020937067353,0.17028920645698942,1.1028420274785249,1.087262648614037,1.118592458036122,-0.75,7,True,False,holdout,False
dividend_yield,LOW,12,all,ALL,win_100,1,0.9824487988889495,82342,0.5082996388777431,6301,0.07652230939253359,0.05831661471033057,1.3121870974958694,1.2813894938679766,1.3436622220968772,-0.7142857142857143,7,True,False,holdout,False
dividend_yield,LOW,12,all,ALL,launch_300,1,0.9809808314662684,70607,0.5119379934890264,1304,0.01846842381067033,0.012659420972875778,1.4588679727327964,1.382464979016397,1.5394096834081785,,3,True,False,holdout,False
dividend_yield,LOW,12,drawdown,0-10,win_50,1,0.9828711575681118,63141,0.5033762506477458,11999,0.19003500102944204,0.1738350540120381,1.093191486087047,1.0756964237714588,1.1109035003770629,-0.5,7,True,False,holdout,False
dividend_yield,LOW,12,drawdown,0-10,win_100,1,0.9828711575681118,63141,0.5033762506477458,5000,0.07918784941638556,0.06023837047076175,1.3145748930048071,1.2800333252975225,1.349966430254267,-0.37142857142857144,6,True,False,holdout,False
dividend_yield,LOW,12,drawdown,0-10,launch_300,1,0.9809730273790974,51406,0.5071575852645495,942,0.018324709177916974,0.012460413768609228,1.4706340831218072,1.3804323409615624,1.5666128180549532,,1,True,False,holdout,False
dividend_yield,LOW,12,drawdown,10-20,win_50,1,0.9811619211964338,17894,0.5245200058625238,3249,0.1815692410863977,0.15890370804631393,1.1426369045678764,1.1075237199457102,1.1786103031932658,-0.8857142857142857,6,True,False,holdout,False
dividend_yield,LOW,12,drawdown,10-20,win_100,1,0.9811619211964338,17894,0.5245200058625238,1240,0.06929697105174919,0.053085153158434706,1.3053926932249715,1.2370254846088742,1.3772427166234684,,4,True,False,holdout,False
dividend_yield,LOW,12,drawdown,10-20,launch_300,1,0.9811619211964338,17894,0.5245200058625238,336,0.01877724376886107,0.013161365968049244,1.4266941451552237,1.28324439194013,1.5858392380315218,,1,True,False,holdout,False
dividend_yield,LOW,12,drawdown,20-30,win_50,1,0.9787830264211369,1307,0.534560327198364,216,0.16526396327467482,0.147239263803681,1.122417750573833,0.9923609302553409,1.2657991913826194,,1,True,False,holdout,False
dividend_yield,LOW,12,drawdown,20-30,win_100,1,0.9787830264211369,1307,0.534560327198364,61,0.046671767406273906,0.032719836400818,1.4264058913542461,1.1156661929375666,1.8183496340732022,,0,False,False,holdout,False
dividend_yield,LOW,12,drawdown,20-30,launch_300,1,0.9787830264211369,1307,0.534560327198364,26,0.019892884468247895,0.013905930470347648,1.4305324272019442,0.9787999408104687,2.0846199904846725,,0,False,False,holdout,False
dividend_yield,LOW,12,mst,0-12,win_50,1,0.9813462828748514,75270,0.5095278388898291,14071,0.18694034808024446,0.17023523438822136,1.098129589635522,1.0818629423113695,1.1145839350048383,-0.75,7,True,False,holdout,False
dividend_yield,LOW,12,mst,0-12,win_100,1,0.9813462828748514,75270,0.5095278388898291,5813,0.07722864354988708,0.05937383652056186,1.3007184321522138,1.2689603746476539,1.3332032522193311,-0.5714285714285714,7,True,False,holdout,False
dividend_yield,LOW,12,mst,0-12,launch_300,1,0.9794992038910321,63535,0.5138252015754018,1077,0.016951286692374282,0.011686116570023697,1.4505491701029565,1.3671209998254121,1.5389754710758616,,3,True,False,holdout,False
dividend_yield,LOW,12,mst,13-24,win_50,1,0.9940094733909167,7072,0.4955851436580238,1393,0.19697398190045248,0.1708479327259986,1.1529199022639283,1.099634411376727,1.2081312246328255,-0.37142857142857144,6,True,False,holdout,False
dividend_yield,LOW,12,mst,13-24,win_100,1,0.9940094733909167,7072,0.4955851436580238,488,0.06900452488687783,0.04737210932025228,1.4566487723901578,1.3368240423150226,1.5863521633872153,,1,True,False,holdout,False
dividend_yield,LOW,12,mst,13-24,launch_300,1,0.9940094733909167,7072,0.4955851436580238,227,0.03209841628959276,0.021093202522775054,1.5217421941943143,1.338709406269527,1.7288607270961185,,1,True,False,holdout,True
