feature,direction,lag,bucket_type,bucket,label,decile,rows,row_share,events,rate,base,coverage,lift,ci_low,ci_high,sufficient,window
realized_vol_12m,n/a,0,all,ALL,win_50,1,39106,0.10014238010366092,1074,0.027463816294174808,0.11685411673119865,0.9925653675758523,0.2350265190686457,0.2215570279745645,0.24929039543090079,True,build
realized_vol_12m,n/a,0,all,ALL,win_50,2,39026,0.099937516645156,2404,0.06159995900169118,0.11685411673119865,0.9925653675758523,0.5271526645774108,0.5071063754033225,0.547937463047615,True,build
realized_vol_12m,n/a,0,all,ALL,win_50,3,39049,0.09999641488947617,3293,0.08432994442879459,0.11685411673119865,0.9925653675758523,0.7216685794885607,0.6984307631745664,0.7456062027806031,True,build
realized_vol_12m,n/a,0,all,ALL,win_50,4,39017,0.0999144695060742,3591,0.09203680446984648,0.11685411673119865,0.9925653675758523,0.787621412445059,0.7634172735555959,0.8125129465769332,True,build
realized_vol_12m,n/a,0,all,ALL,win_50,5,39013,0.09990422633314895,4412,0.11309050829210776,0.11685411673119865,0.9925653675758523,0.9677922477669454,0.9412237921654718,0.9950126911283593,True,build
realized_vol_12m,n/a,0,all,ALL,win_50,6,39055,0.10001177964886403,4939,0.12646268083472026,0.11685411673119865,0.9925653675758523,1.0822270055373773,1.0543320301089796,1.1107507581980811,True,build
realized_vol_12m,n/a,0,all,ALL,win_50,7,39038,0.09996824616393174,5691,0.14578103386443977,0.11685411673119865,0.9925653675758523,1.2475472661333975,1.2178887145364599,1.277802335911668,True,build
realized_vol_12m,n/a,0,all,ALL,win_50,8,39028,0.09994263823161863,6217,0.15929589013016296,0.11685411673119865,0.9925653675758523,1.3632030653793206,1.3324203259898355,1.3945597104168947,True,build
realized_vol_12m,n/a,0,all,ALL,win_50,9,39047,0.09999129330301354,6814,0.17450764463339052,0.11685411673119865,0.9925653675758523,1.4933803747352195,1.4614386250088511,1.5258701396107301,True,build
realized_vol_12m,n/a,0,all,ALL,win_50,10,39125,0.10019103517505583,7197,0.18394888178913738,0.11685411673119865,0.9925653675758523,1.5741754499952951,1.5415878286030085,1.607294130064829,True,build
realized_vol_12m,n/a,0,all,ALL,win_100,1,39106,0.10014238010366092,39,0.0009972894185035545,0.027044537315878966,0.9925653675758523,0.036875817354730805,0.02698004971396308,0.05039621330413201,False,build
realized_vol_12m,n/a,0,all,ALL,win_100,2,39026,0.099937516645156,173,0.004432942141136678,0.027044537315878966,0.9925653675758523,0.16391266337301746,0.14127977321640184,0.19015260443209625,True,build
realized_vol_12m,n/a,0,all,ALL,win_100,3,39049,0.09999641488947617,272,0.006965607313887679,0.027044537315878966,0.9925653675758523,0.257560602073894,0.2288009000996175,0.2899068071094919,True,build
realized_vol_12m,n/a,0,all,ALL,win_100,4,39017,0.0999144695060742,403,0.010328831022374863,0.027044537315878966,0.9925653675758523,0.3819193096829347,0.346566044830643,0.42083753347821945,True,build
realized_vol_12m,n/a,0,all,ALL,win_100,5,39013,0.09990422633314895,614,0.015738343629046726,0.027044537315878966,0.9925653675758523,0.5819416854954326,0.5380062854199987,0.6294030230151594,True,build
realized_vol_12m,n/a,0,all,ALL,win_100,6,39055,0.10001177964886403,849,0.021738573806170784,0.027044537315878966,0.9925653675758523,0.803806460146285,0.7520423059836822,0.8590491192610353,True,build
realized_vol_12m,n/a,0,all,ALL,win_100,7,39038,0.09996824616393174,1205,0.03086736000819714,0.027044537315878966,0.9925653675758523,1.141352859827764,1.0795993924408116,1.2065199221485108,True,build
realized_vol_12m,n/a,0,all,ALL,win_100,8,39028,0.09994263823161863,1711,0.043840319770421236,0.027044537315878966,0.9925653675758523,1.6210415899657773,1.5475796132423891,1.6978236156107942,True,build
realized_vol_12m,n/a,0,all,ALL,win_100,9,39047,0.09999129330301354,2222,0.056905780213588754,0.027044537315878966,0.9925653675758523,2.104150629346394,2.020788098999644,2.1907365457053847,True,build
realized_vol_12m,n/a,0,all,ALL,win_100,10,39125,0.10019103517505583,3073,0.07854313099041534,0.027044537315878966,0.9925653675758523,2.90421426231239,2.807169835835741,3.0043185573812057,True,build
realized_vol_12m,n/a,0,all,ALL,launch_300,1,39106,0.10014238010366092,2,5.114304710274638e-05,0.006489050048142913,0.9925653675758523,0.0078814382264447,0.0021613918849679556,0.028736559837860342,False,build
realized_vol_12m,n/a,0,all,ALL,launch_300,2,39026,0.099937516645156,11,0.00028186337313585813,0.006489050048142913,0.9925653675758523,0.04343676979599256,0.02425632000314719,0.07777631845964418,False,build
realized_vol_12m,n/a,0,all,ALL,launch_300,3,39049,0.09999641488947617,27,0.0006914389613050271,0.006489050048142913,0.9925653675758523,0.10655472776063862,0.07324079701938271,0.155006412207451,False,build
realized_vol_12m,n/a,0,all,ALL,launch_300,4,39017,0.0999144695060742,77,0.0019734987313222443,0.006489050048142913,0.9925653675758523,0.3041275250892903,0.24340471747785825,0.3799615998571226,False,build
realized_vol_12m,n/a,0,all,ALL,launch_300,5,39013,0.09990422633314895,94,0.0024094532591700203,0.006489050048142913,0.9925653675758523,0.37131062964440786,0.30351315427765285,0.4542076921549924,False,build
realized_vol_12m,n/a,0,all,ALL,launch_300,6,39055,0.10001177964886403,135,0.00345666367942645,0.006489050048142913,0.9925653675758523,0.5326917890571217,0.4502041877285817,0.6302309970782991,True,build
realized_vol_12m,n/a,0,all,ALL,launch_300,7,39038,0.09996824616393174,192,0.004918284748194068,0.006489050048142913,0.9925653675758523,0.7579360170910718,0.6582403030197281,0.8726455666969415,True,build
realized_vol_12m,n/a,0,all,ALL,launch_300,8,39028,0.09994263823161863,391,0.010018448293532848,0.006489050048142913,0.9925653675758523,1.5439006047426012,1.3988959529257605,1.7037682315986438,True,build
realized_vol_12m,n/a,0,all,ALL,launch_300,9,39047,0.09999129330301354,556,0.014239250134453351,0.006489050048142913,0.9925653675758523,2.194350487176232,2.0204802848269603,2.382948462625798,True,build
realized_vol_12m,n/a,0,all,ALL,launch_300,10,39125,0.10019103517505583,1049,0.02681150159744409,0.006489050048142913,0.9925653675758523,4.13180687443106,3.892214038515105,4.385717706827408,True,build
realized_vol_12m,n/a,0,drawdown,0-10,win_50,1,30211,0.1001488425749434,661,0.021879447883221343,0.10195550634652806,0.9919111143262057,0.21459800129732193,0.19900460833531367,0.23138382342870037,True,build
realized_vol_12m,n/a,0,drawdown,0-10,win_50,2,30148,0.099939998872907,1411,0.046802441289637786,0.10195550634652806,0.9919111143262057,0.4590477058744123,0.43622384404741554,0.48300420072392874,True,build
realized_vol_12m,n/a,0,drawdown,0-10,win_50,3,30161,0.09998309360507325,2047,0.06786910248333941,0.10195550634652806,0.9919111143262057,0.6656737327424453,0.6383687622324115,0.6940582209618118,True,build
realized_vol_12m,n/a,0,drawdown,0-10,win_50,4,30146,0.0999333689141122,2266,0.07516751807868374,0.10195550634652806,0.9919111143262057,0.737258052774542,0.7085936318168178,0.7669842870805665,True,build
realized_vol_12m,n/a,0,drawdown,0-10,win_50,5,30133,0.09989027418194596,2868,0.09517804400491156,0.10195550634652806,0.9919111143262057,0.9335252936846673,0.9015308280572999,0.9665319954178122,True,build
realized_vol_12m,n/a,0,drawdown,0-10,win_50,6,30170,0.10001292841964987,3326,0.11024196221411998,0.10195550634652806,0.9919111143262057,1.0812752166560557,1.047098249668434,1.11642555816648,True,build
realized_vol_12m,n/a,0,drawdown,0-10,win_50,7,30160,0.09997977862567584,3845,0.12748673740053051,0.10195550634652806,0.9919111143262057,1.2504154210879646,1.2139619694525776,1.2877994888813902,True,build
realized_vol_12m,n/a,0,drawdown,0-10,win_50,8,30147,0.0999366838935096,4300,0.1426344246525359,0.10195550634652806,0.9919111143262057,1.398986967587093,1.3607156484072187,1.438151445762654,True,build
realized_vol_12m,n/a,0,drawdown,0-10,win_50,9,30162,0.09998640858447065,4864,0.16126251574829256,0.10195550634652806,0.9919111143262057,1.5816950111570323,1.5414098092839006,1.6228263941134273,True,build
realized_vol_12m,n/a,0,drawdown,0-10,win_50,10,30223,0.10018862232771224,5168,0.1709955993779572,0.10195550634652806,0.9919111143262057,1.6771590422666778,1.63593659967368,1.7192016936842283,True,build
realized_vol_12m,n/a,0,drawdown,0-10,win_100,1,30211,0.1001488425749434,14,0.000463407368177154,0.022203732003805595,0.9919111143262057,0.02087069723674059,0.01243362915177814,0.035028439262173805,False,build
realized_vol_12m,n/a,0,drawdown,0-10,win_100,2,30148,0.099939998872907,73,0.002421387820087568,0.022203732003805595,0.9919111143262057,0.10905319068310479,0.08676115203944472,0.1370553866164555,False,build
realized_vol_12m,n/a,0,drawdown,0-10,win_100,3,30161,0.09998309360507325,148,0.004906999104804217,0.022203732003805595,0.9919111143262057,0.22099884397646238,0.18821013006075113,0.25946674199428194,True,build
realized_vol_12m,n/a,0,drawdown,0-10,win_100,4,30146,0.0999333689141122,190,0.006302660386120878,0.022203732003805595,0.9919111143262057,0.2838559024690371,0.24635755469344264,0.32702024230889093,True,build
realized_vol_12m,n/a,0,drawdown,0-10,win_100,5,30133,0.09989027418194596,315,0.010453655460790495,0.022203732003805595,0.9919111143262057,0.4708062346905825,0.4218242593459526,0.5254089861423461,True,build
realized_vol_12m,n/a,0,drawdown,0-10,win_100,6,30170,0.10001292841964987,458,0.0151806430228704,0.022203732003805595,0.9919111143262057,0.6836978135147966,0.6242813739042732,0.7486739300445718,True,build
realized_vol_12m,n/a,0,drawdown,0-10,win_100,7,30160,0.09997977862567584,712,0.023607427055702918,0.022203732003805595,0.9919111143262057,1.0632188792252013,0.9887388322254366,1.1431637799310759,True,build
realized_vol_12m,n/a,0,drawdown,0-10,win_100,8,30147,0.0999366838935096,1090,0.036156168109596314,0.022203732003805595,0.9919111143262057,1.628382476576431,1.5361066008851632,1.725981549484768,True,build
realized_vol_12m,n/a,0,drawdown,0-10,win_100,9,30162,0.09998640858447065,1500,0.04973145016908693,0.022203732003805595,0.9919111143262057,2.239778887646601,2.1318461757950744,2.352876433610645,True,build
realized_vol_12m,n/a,0,drawdown,0-10,win_100,10,30223,0.10018862232771224,2198,0.07272606954968071,0.022203732003805595,0.9919111143262057,3.2753984572150245,3.145972983417974,3.4097151131494603,True,build
realized_vol_12m,n/a,0,drawdown,0-10,launch_300,1,30211,0.1001488425749434,0,0.0,0.00525755732428123,0.9919111143262057,0.0,-2.5777231364608272e-18,0.02418197971406445,False,build
realized_vol_12m,n/a,0,drawdown,0-10,launch_300,2,30148,0.099939998872907,2,6.633939233116624e-05,0.00525755732428123,0.9919111143262057,0.01261791136822947,0.0034603222392392582,0.04600479149568954,False,build
realized_vol_12m,n/a,0,drawdown,0-10,launch_300,3,30161,0.09998309360507325,11,0.00036470939292463777,0.00525755732428123,0.9919111143262057,0.06936860036509404,0.03873789506990354,0.12420370040128403,False,build
realized_vol_12m,n/a,0,drawdown,0-10,launch_300,4,30146,0.0999333689141122,43,0.0014263915610694619,0.00525755732428123,0.9919111143262057,0.27130309249922757,0.20146245768093635,0.3653087062567137,False,build
realized_vol_12m,n/a,0,drawdown,0-10,launch_300,5,30133,0.09989027418194596,45,0.0014933793515414994,0.00525755732428123,0.9919111143262057,0.28404433074738983,0.21233111827172474,0.3799296979255379,False,build
realized_vol_12m,n/a,0,drawdown,0-10,launch_300,6,30170,0.10001292841964987,65,0.002154458070931389,0.00525755732428123,0.9919111143262057,0.4097830870966164,0.32160470025948856,0.5220719722425218,False,build
realized_vol_12m,n/a,0,drawdown,0-10,launch_300,7,30160,0.09997977862567584,70,0.0023209549071618036,0.00525755732428123,0.9919111143262057,0.4414511842681821,0.3495173471922142,0.5574954467708583,False,build
realized_vol_12m,n/a,0,drawdown,0-10,launch_300,8,30147,0.0999366838935096,213,0.007065379639765151,0.00525755732428123,0.9919111143262057,1.3438521358834774,1.1755794065329457,1.5360157400130636,True,build
realized_vol_12m,n/a,0,drawdown,0-10,launch_300,9,30162,0.09998640858447065,398,0.0131954114448644,0.00525755732428123,0.9919111143262057,2.509798872553114,2.2763810775077387,2.766798708426144,True,build
realized_vol_12m,n/a,0,drawdown,0-10,launch_300,10,30223,0.10018862232771224,739,0.024451576613837143,0.00525755732428123,0.9919111143262057,4.650748457066031,4.330878301571328,4.993608886494501,True,build
realized_vol_12m,n/a,0,drawdown,10-20,win_50,1,3868,0.10010092906498279,59,0.015253360910031023,0.07994099531585622,0.9932397696894921,0.190807743258177,0.14815980577971588,0.24548812543059123,False,build
realized_vol_12m,n/a,0,drawdown,10-20,win_50,2,3862,0.09994565358039388,189,0.04893837389953392,0.07994099531585622,0.9932397696894921,0.6121811932184817,0.5325316721241289,0.7030444024879581,True,build
realized_vol_12m,n/a,0,drawdown,10-20,win_50,3,3866,0.10004917057011982,224,0.05794102431453699,0.07994099531585622,0.9932397696894921,0.724797384440927,0.6380434286076576,0.8225298571384877,True,build
realized_vol_12m,n/a,0,drawdown,10-20,win_50,4,3859,0.09986801583809943,273,0.07074371598859808,0.07994099531585622,0.9932397696894921,0.8849491516721976,0.7890050038851153,0.9915731803967792,True,build
realized_vol_12m,n/a,0,drawdown,10-20,win_50,5,3862,0.09994565358039388,304,0.07871569135163128,0.07994099531585622,0.9932397696894921,0.9846723954413675,0.8835899565803955,1.0962282388149263,True,build
realized_vol_12m,n/a,0,drawdown,10-20,win_50,6,3864,0.09999741207525685,340,0.08799171842650104,0.07994099531585622,0.9932397696894921,1.1007083171636214,0.9940326229994575,1.217621511328043,True,build
realized_vol_12m,n/a,0,drawdown,10-20,win_50,7,3861,0.0999197743329624,387,0.10023310023310024,0.07994099531585622,0.9932397696894921,1.253838532245784,1.140268916720805,1.3773491868782166,True,build
realized_vol_12m,n/a,0,drawdown,10-20,win_50,8,3864,0.09999741207525685,431,0.11154244306418219,0.07994099531585622,0.9932397696894921,1.3953096608750613,1.2759389138696609,1.5243327241495486,True,build
realized_vol_12m,n/a,0,drawdown,10-20,win_50,9,3864,0.09999741207525685,438,0.11335403726708075,0.07994099531585622,0.9932397696894921,1.4179713026990182,1.2977034470415716,1.5478464604923854,True,build
realized_vol_12m,n/a,0,drawdown,10-20,win_50,10,3871,0.10017856680727724,444,0.11469904417463188,0.07994099531585622,0.9932397696894921,1.434796298462917,1.3139740684772538,1.5651751146582231,True,build
realized_vol_12m,n/a,0,drawdown,10-20,win_100,1,3868,0.10010092906498279,3,0.0007755946225439503,0.015372272974301908,0.9932397696894921,0.050454127625792565,0.01716118579378325,0.148188673071475,False,build
realized_vol_12m,n/a,0,drawdown,10-20,win_100,2,3862,0.09994565358039388,9,0.002330398757120663,0.015372272974301908,0.9932397696894921,0.15159753934999923,0.07978879112025218,0.287746897167416,False,build
realized_vol_12m,n/a,0,drawdown,10-20,win_100,3,3866,0.10004917057011982,12,0.0031039834454216243,0.015372272974301908,0.9932397696894921,0.20192091635443937,0.1155674495789402,0.3524485794905409,False,build
realized_vol_12m,n/a,0,drawdown,10-20,win_100,4,3859,0.09986801583809943,23,0.005960093288416689,0.015372272974301908,0.9932397696894921,0.3877171123867159,0.258574479305156,0.5807806988390721,False,build
realized_vol_12m,n/a,0,drawdown,10-20,win_100,5,3862,0.09994565358039388,32,0.008285862247540134,0.015372272974301908,0.9932397696894921,0.5390134732444416,0.38221340000144644,0.7593842112153164,False,build
realized_vol_12m,n/a,0,drawdown,10-20,win_100,6,3864,0.09999741207525685,53,0.013716356107660456,0.015372272974301908,0.9932397696894921,0.892278983764491,0.6831868595826588,1.164207189515781,False,build
realized_vol_12m,n/a,0,drawdown,10-20,win_100,7,3861,0.0999197743329624,67,0.017353017353017353,0.015372272974301908,0.9932397696894921,1.1288517567978846,0.8904346890268052,1.4296833983139208,False,build
realized_vol_12m,n/a,0,drawdown,10-20,win_100,8,3864,0.09999741207525685,103,0.02665631469979296,0.015372272974301908,0.9932397696894921,1.734051609957407,1.432996391876105,2.0962708478314385,True,build
realized_vol_12m,n/a,0,drawdown,10-20,win_100,9,3864,0.09999741207525685,137,0.035455486542443064,0.015372272974301908,0.9932397696894921,2.30645699576859,1.9561627297231499,2.7167782795985844,True,build
realized_vol_12m,n/a,0,drawdown,10-20,win_100,10,3871,0.10017856680727724,155,0.04004133298889176,0.015372272974301908,0.9932397696894921,2.604776343474354,2.231773638923573,3.03710612694285,True,build
realized_vol_12m,n/a,0,drawdown,10-20,launch_300,1,3868,0.10010092906498279,1,0.0002585315408479835,0.004166558836469035,0.9932397696894921,0.062049175589484036,0.010953552879008701,0.35114454146533475,False,build
realized_vol_12m,n/a,0,drawdown,10-20,launch_300,2,3862,0.09994565358039388,3,0.0007767995857068876,0.004166558836469035,0.9932397696894921,0.18643672541180029,0.06341356158668117,0.5475818151529432,False,build
realized_vol_12m,n/a,0,drawdown,10-20,launch_300,3,3866,0.10004917057011982,1,0.0002586652871184687,0.004166558836469035,0.9932397696894921,0.062081275525122666,0.010959219667926304,0.3513260131409728,False,build
realized_vol_12m,n/a,0,drawdown,10-20,launch_300,4,3859,0.09986801583809943,1,0.0002591344908007256,0.004166558836469035,0.9932397696894921,0.0621938873231729,0.010979099687123541,0.35196264379058173,False,build
realized_vol_12m,n/a,0,drawdown,10-20,launch_300,5,3862,0.09994565358039388,4,0.0010357327809425167,0.004166558836469035,0.9932397696894921,0.24858230054906702,0.09668594018264204,0.6384770796085303,False,build
realized_vol_12m,n/a,0,drawdown,10-20,launch_300,6,3864,0.09999741207525685,7,0.0018115942028985507,0.004166558836469035,0.9932397696894921,0.43479386083355837,0.21068235346782999,0.8964108388328547,False,build
realized_vol_12m,n/a,0,drawdown,10-20,launch_300,7,3861,0.0999197743329624,9,0.002331002331002331,0.004166558836469035,0.9932397696894921,0.5594550377159073,0.29445230934960337,1.0618997812905349,False,build
realized_vol_12m,n/a,0,drawdown,10-20,launch_300,8,3864,0.09999741207525685,32,0.008281573498964804,0.004166558836469035,0.9932397696894921,1.987629078096267,1.4094231584717114,2.8002559817227866,False,build
realized_vol_12m,n/a,0,drawdown,10-20,launch_300,9,3864,0.09999741207525685,36,0.009316770186335404,0.004166558836469035,0.9932397696894921,2.2360827128583005,1.6170249527891967,3.089067939068311,False,build
realized_vol_12m,n/a,0,drawdown,10-20,launch_300,10,3871,0.10017856680727724,67,0.01730818909842418,0.004166558836469035,0.9932397696894921,4.1540728879019175,3.2767056392069778,5.261142074230067,False,build
realized_vol_12m,n/a,0,drawdown,20-30,win_50,1,2833,0.10014493265933755,130,0.04588775150017649,0.187175227120082,0.9951454603018257,0.24515932052662753,0.20717686666467763,0.28971238856753423,True,build
realized_vol_12m,n/a,0,drawdown,20-30,win_50,2,2827,0.09993283608469723,337,0.11920764060841882,0.187175227120082,0.9951454603018257,0.636877232327018,0.5758061054318645,0.7034697755352058,True,build
realized_vol_12m,n/a,0,drawdown,20-30,win_50,3,2830,0.1000388843720174,444,0.1568904593639576,0.187175227120082,0.9951454603018257,0.8382009829928228,0.7691021782846824,0.9122695436294471,True,build
realized_vol_12m,n/a,0,drawdown,20-30,win_50,4,2824,0.09982678779737707,466,0.165014164305949,0.187175227120082,0.9951454603018257,0.881602586223039,0.8109009323598683,0.9571666235126545,True,build
realized_vol_12m,n/a,0,drawdown,20-30,win_50,5,2828,0.09996818551380396,572,0.20226308345120225,0.187175227120082,0.9951454603018257,1.0806081903212579,1.003695364088111,1.1618366203511385,True,build
realized_vol_12m,n/a,0,drawdown,20-30,win_50,6,2830,0.1000388843720174,588,0.207773851590106,0.187175227120082,0.9951454603018257,1.1100499504499546,1.032332916455047,1.1919997219864233,True,build
realized_vol_12m,n/a,0,drawdown,20-30,win_50,7,2827,0.09993283608469723,701,0.2479660417403608,0.187175227120082,0.9951454603018257,1.3247802369769721,1.241599980631779,1.4116149374680427,True,build
realized_vol_12m,n/a,0,drawdown,20-30,win_50,8,2827,0.09993283608469723,726,0.25680933852140075,0.187175227120082,0.9951454603018257,1.3720263224611722,1.287791348421558,1.4597875145362817,True,build
realized_vol_12m,n/a,0,drawdown,20-30,win_50,9,2830,0.1000388843720174,671,0.2371024734982332,0.187175227120082,0.9951454603018257,1.2667406747481624,1.18496389357987,1.3523253842488874,True,build
realized_vol_12m,n/a,0,drawdown,20-30,win_50,10,2833,0.10014493265933755,660,0.23296858453935756,0.187175227120082,0.9951454603018257,1.2446550119044166,1.1634574489577663,1.3297162900678419,True,build
realized_vol_12m,n/a,0,drawdown,20-30,win_100,1,2833,0.10014493265933755,2,0.0007059654076950229,0.03930856516667256,0.9951454603018257,0.017959582210687504,0.004925708402175068,0.06539360353807451,False,build
realized_vol_12m,n/a,0,drawdown,20-30,win_100,2,2827,0.09993283608469723,17,0.006013441811107181,0.03930856516667256,0.9951454603018257,0.15298044549857107,0.09560111169004062,0.24446639102899437,False,build
realized_vol_12m,n/a,0,drawdown,20-30,win_100,3,2830,0.1000388843720174,31,0.010954063604240283,0.03930856516667256,0.9951454603018257,0.2786686198744185,0.19659354028305281,0.39447344757052627,False,build
realized_vol_12m,n/a,0,drawdown,20-30,win_100,4,2824,0.09982678779737707,45,0.01593484419263456,0.03930856516667256,0.9951454603018257,0.40537842388978335,0.30350742347770676,0.5407064829625338,False,build
realized_vol_12m,n/a,0,drawdown,20-30,win_100,5,2828,0.09996818551380396,73,0.025813295615275813,0.03930856516667256,0.9951454603018257,0.6566837407019221,0.5235662941728667,0.822529184485146,False,build
realized_vol_12m,n/a,0,drawdown,20-30,win_100,6,2830,0.1000388843720174,115,0.04063604240282685,0.03930856516667256,0.9951454603018257,1.033770686630907,0.8639991369328538,1.2352248031903514,True,build
realized_vol_12m,n/a,0,drawdown,20-30,win_100,7,2827,0.09993283608469723,172,0.060841881853555005,0.03930856516667256,0.9951454603018257,1.5478021544561307,1.3384369593758658,1.7874884082207712,True,build
realized_vol_12m,n/a,0,drawdown,20-30,win_100,8,2827,0.09993283608469723,201,0.07110010611956137,0.03930856516667256,0.9951454603018257,1.8087687967772226,1.5822837583194838,2.0648666291574784,True,build
realized_vol_12m,n/a,0,drawdown,20-30,win_100,9,2830,0.1000388843720174,226,0.07985865724381626,0.03930856516667256,0.9951454603018257,2.031584131987696,1.7917605128068705,2.300385114244055,True,build
realized_vol_12m,n/a,0,drawdown,20-30,win_100,10,2833,0.10014493265933755,230,0.08118602188492764,0.03930856516667256,0.9951454603018257,2.065351954229063,1.8236922351197908,2.3358669402391086,True,build
realized_vol_12m,n/a,0,drawdown,20-30,launch_300,1,2833,0.10014493265933755,1,0.00035298270384751147,0.00484287178762063,0.9951454603018257,0.07288706357038141,0.012866917495338009,0.41232332273905764,False,build
realized_vol_12m,n/a,0,drawdown,20-30,launch_300,2,2827,0.09993283608469723,1,0.00035373187124159886,0.00484287178762063,0.9951454603018257,0.07304175843469775,0.012894227321832126,0.41319720836220736,False,build
realized_vol_12m,n/a,0,drawdown,20-30,launch_300,3,2830,0.1000388843720174,1,0.00035335689045936394,0.00484287178762063,0.9951454603018257,0.07296432900879524,0.01288055793277991,0.41275980300851195,False,build
realized_vol_12m,n/a,0,drawdown,20-30,launch_300,4,2824,0.09982678779737707,1,0.0003541076487252125,0.00484287178762063,0.9951454603018257,0.07311935237071195,0.01290792575476642,0.4136355417442241,False,build
realized_vol_12m,n/a,0,drawdown,20-30,launch_300,5,2828,0.09996818551380396,3,0.0010608203677510608,0.00484287178762063,0.9951454603018257,0.21904779111904935,0.074509255764414,0.6430992457337544,False,build
realized_vol_12m,n/a,0,drawdown,20-30,launch_300,6,2830,0.1000388843720174,6,0.0021201413427561835,0.00484287178762063,0.9951454603018257,0.43778597405277137,0.20071371463688245,0.9535808568204959,False,build
realized_vol_12m,n/a,0,drawdown,20-30,launch_300,7,2827,0.09993283608469723,13,0.004598514326140785,0.00484287178762063,0.9951454603018257,0.9495428596510707,0.5553342207417343,1.6213805890382185,False,build
realized_vol_12m,n/a,0,drawdown,20-30,launch_300,8,2827,0.09993283608469723,35,0.012380615493455961,0.00484287178762063,0.9951454603018257,2.5564615452144213,1.8409591167345625,3.545231878887899,False,build
realized_vol_12m,n/a,0,drawdown,20-30,launch_300,9,2830,0.1000388843720174,25,0.0088339222614841,0.00484287178762063,0.9951454603018257,1.824108225219881,1.2370379396843578,2.686142631734149,False,build
realized_vol_12m,n/a,0,drawdown,20-30,launch_300,10,2833,0.10014493265933755,51,0.018002117896223083,0.00484287178762063,0.9951454603018257,3.7172402420894515,2.832776806753788,4.871249917219784,False,build
realized_vol_12m,n/a,0,drawdown,>30,win_50,1,2194,0.10012321453018756,224,0.10209662716499544,0.2962624925843107,0.9970878645857032,0.34461543300470504,0.30417231969679687,0.3897534941470212,True,build
realized_vol_12m,n/a,0,drawdown,>30,win_50,2,2189,0.09989503947428467,467,0.21333942439470077,0.2962624925843107,0.9970878645857032,0.7201027120704063,0.6638971300473598,0.7796983764369242,True,build
realized_vol_12m,n/a,0,drawdown,>30,win_50,3,2192,0.1000319445078264,578,0.2636861313868613,0.2962624925843107,0.9970878645857032,0.8900422361491515,0.8292140409392124,0.9536612893688471,True,build
realized_vol_12m,n/a,0,drawdown,>30,win_50,4,2188,0.0998494044631041,586,0.26782449725776963,0.2962624925843107,0.9970878645857032,0.904010814604052,0.8427944179631213,0.9679741992900114,True,build
realized_vol_12m,n/a,0,drawdown,>30,win_50,5,2190,0.09994067448546524,668,0.3050228310502283,0.2962624925843107,0.9970878645857032,1.0295695158354363,0.9656807203972212,1.0957630836115695,True,build
realized_vol_12m,n/a,0,drawdown,>30,win_50,6,2191,0.09998630949664583,685,0.31264262893655864,0.2962624925843107,0.9970878645857032,1.0552892680047457,0.9909253646749954,1.1218668630559439,True,build
realized_vol_12m,n/a,0,drawdown,>30,win_50,7,2190,0.09994067448546524,758,0.3461187214611872,0.2962624925843107,0.9970878645857032,1.1682839715617677,1.1019932640843377,1.2363936679803647,True,build
realized_vol_12m,n/a,0,drawdown,>30,win_50,8,2190,0.09994067448546524,760,0.3470319634703196,0.2962624925843107,0.9970878645857032,1.1713665150223527,1.1050288999421432,1.2395123238571348,True,build
realized_vol_12m,n/a,0,drawdown,>30,win_50,9,2191,0.09998630949664583,841,0.38384299406663624,0.2962624925843107,0.9970878645857032,1.295617918820425,1.2276267071207996,1.3649815654606317,True,build
realized_vol_12m,n/a,0,drawdown,>30,win_50,10,2198,0.10030575457490987,925,0.4208371246587807,0.2962624925843107,0.9970878645857032,1.4204873556142732,1.3513477225379096,1.4905593516838829,True,build
realized_vol_12m,n/a,0,drawdown,>30,win_100,1,2194,0.10012321453018756,20,0.009115770282588878,0.09843471911650618,0.9970878645857032,0.09260726666776546,0.060027741930039735,0.14261932845247582,False,build
realized_vol_12m,n/a,0,drawdown,>30,win_100,2,2189,0.09989503947428467,74,0.03380539058931019,0.09843471911650618,0.9970878645857032,0.3434295428760103,0.2744336722748899,0.42901890936660364,False,build
realized_vol_12m,n/a,0,drawdown,>30,win_100,3,2192,0.1000319445078264,81,0.03695255474452555,0.09843471911650618,0.9970878645857032,0.3754016375135783,0.30305205720279643,0.46421017783453655,False,build
realized_vol_12m,n/a,0,drawdown,>30,win_100,4,2188,0.0998494044631041,145,0.06627056672760512,0.09843471911650618,0.9970878645857032,0.6732438241548497,0.5748896131425376,0.7870430253132544,True,build
realized_vol_12m,n/a,0,drawdown,>30,win_100,5,2190,0.09994067448546524,194,0.08858447488584476,0.09843471911650618,0.9970878645857032,0.8999311998950005,0.7862373237685479,1.0282621178817908,True,build
realized_vol_12m,n/a,0,drawdown,>30,win_100,6,2191,0.09998630949664583,223,0.10178000912825194,0.09843471911650618,0.9970878645857032,1.033984858612603,0.912365269467003,1.1697655735685066,True,build
realized_vol_12m,n/a,0,drawdown,>30,win_100,7,2190,0.09994067448546524,254,0.11598173515981736,0.09843471911650618,0.9970878645857032,1.1782604369759284,1.0488000926249248,1.3213831034185464,True,build
realized_vol_12m,n/a,0,drawdown,>30,win_100,8,2190,0.09994067448546524,317,0.14474885844748858,0.09843471911650618,0.9970878645857032,1.4705061359109028,1.3271196923903779,1.626531445765882,True,build
realized_vol_12m,n/a,0,drawdown,>30,win_100,9,2191,0.09998630949664583,359,0.163852122318576,0.09843471911650618,0.9970878645857032,1.6645765212642354,1.5131264815865988,1.827980336482604,True,build
realized_vol_12m,n/a,0,drawdown,>30,win_100,10,2198,0.10030575457490987,490,0.2229299363057325,0.09843471911650618,0.9970878645857032,2.264749046948315,2.092979235129584,2.446340440562381,True,build
realized_vol_12m,n/a,0,drawdown,>30,launch_300,1,2194,0.10012321453018756,0,0.0,0.02966275726737553,0.9970878645857032,0.0,0.0,0.05892346932954699,False,build
realized_vol_12m,n/a,0,drawdown,>30,launch_300,2,2189,0.09989503947428467,5,0.0022841480127912287,0.02966275726737553,0.9970878645857032,0.07700390062199107,0.03290435594782889,0.17989147515376447,False,build
realized_vol_12m,n/a,0,drawdown,>30,launch_300,3,2192,0.1000319445078264,14,0.006386861313868613,0.02966275726737553,0.9970878645857032,0.21531583380123526,0.12838846844885402,0.3604669791229843,False,build
realized_vol_12m,n/a,0,drawdown,>30,launch_300,4,2188,0.0998494044631041,32,0.014625228519195612,0.02966275726737553,0.9970878645857032,0.4930502039094361,0.3498909183315465,0.6935660008876978,False,build
realized_vol_12m,n/a,0,drawdown,>30,launch_300,5,2190,0.09994067448546524,42,0.019178082191780823,0.02966275726737553,0.9970878645857032,0.6465374077976819,0.4793718981100892,0.8704696220959874,False,build
realized_vol_12m,n/a,0,drawdown,>30,launch_300,6,2191,0.09998630949664583,57,0.02601551802829758,0.02966275726737553,0.9970878645857032,0.877043148544746,0.6787692549509189,1.1312510108142235,False,build
realized_vol_12m,n/a,0,drawdown,>30,launch_300,7,2190,0.09994067448546524,100,0.045662100456621,0.02966275726737553,0.9970878645857032,1.5393747804706708,1.2704911062846385,1.8618984082062375,True,build
realized_vol_12m,n/a,0,drawdown,>30,launch_300,8,2190,0.09994067448546524,111,0.050684931506849315,0.02966275726737553,0.9970878645857032,1.7087060063224448,1.4246533311830094,2.0458056304998116,True,build
realized_vol_12m,n/a,0,drawdown,>30,launch_300,9,2191,0.09998630949664583,97,0.04427202190780465,0.02966275726737553,0.9970878645857032,1.4925120247164976,1.2280455386472304,1.8107580656462718,False,build
realized_vol_12m,n/a,0,drawdown,>30,launch_300,10,2198,0.10030575457490987,192,0.08735213830755233,0.02966275726737553,0.9970878645857032,2.944842164205222,2.5707857477182325,3.3674395249963935,True,build
realized_vol_12m,n/a,0,mst,0-12,win_50,1,29578,0.10015135457263495,857,0.02897423760903374,0.11980036094848866,0.992165689617523,0.24185434317257176,0.22640167722079027,0.258328154356732,True,build
realized_vol_12m,n/a,0,mst,0-12,win_50,2,29513,0.09993126403077204,1865,0.0631924914444482,0.11980036094848866,0.992165689617523,0.5274816448309324,0.5047820083113091,0.5511303295520835,True,build
realized_vol_12m,n/a,0,mst,0-12,win_50,3,29532,0.09999559818916275,2559,0.08665176757415685,0.11980036094848866,0.992165689617523,0.7233013898131332,0.6969656635039703,0.7505346168195844,True,build
realized_vol_12m,n/a,0,mst,0-12,win_50,4,29509,0.09991771999742663,2755,0.0933613473855434,0.11980036094848866,0.992165689617523,0.7793077303472115,0.7520392975317672,0.8074597834752631,True,build
realized_vol_12m,n/a,0,mst,0-12,win_50,5,29504,0.09990078995574488,3434,0.1163909978308026,0.11980036094848866,0.992165689617523,0.9715412951121909,0.9414123578134367,1.002503950850188,True,build
realized_vol_12m,n/a,0,mst,0-12,win_50,6,29537,0.1000125282308445,3762,0.1273656769475573,0.11980036094848866,0.992165689617523,1.0631493589766523,1.031817549465946,1.0952901303559208,True,build
realized_vol_12m,n/a,0,mst,0-12,win_50,7,29524,0.09996851012247192,4331,0.14669421487603307,0.11980036094848866,0.992165689617523,1.2244889223589914,1.1911856856547434,1.2585594977710046,True,build
realized_vol_12m,n/a,0,mst,0-12,win_50,8,29517,0.09994480806411746,4704,0.15936578920622013,0.11980036094848866,0.992165689617523,1.3302613443271984,1.2957774591046054,1.3654852225110032,True,build
realized_vol_12m,n/a,0,mst,0-12,win_50,9,29528,0.09998205415581733,5345,0.1810146301815226,0.11980036094848866,0.992165689617523,1.5109689883100992,1.4746581651431547,1.5479725164324494,True,build
realized_vol_12m,n/a,0,mst,0-12,win_50,10,29591,0.10019537268100755,5769,0.1949579263965395,0.11980036094848866,0.992165689617523,1.6273567529597581,1.590010079365244,1.6653644422695832,True,build
realized_vol_12m,n/a,0,mst,0-12,win_100,1,29578,0.10015135457263495,34,0.0011495030089931706,0.028432312000352143,0.992165689617523,0.04042945958735025,0.02893716250713868,0.056478548743650284,False,build
realized_vol_12m,n/a,0,mst,0-12,win_100,2,29513,0.09993126403077204,149,0.005048622640870125,0.028432312000352143,0.992165689617523,0.17756637732477037,0.15130453825725207,0.20835934785772872,True,build
realized_vol_12m,n/a,0,mst,0-12,win_100,3,29532,0.09999559818916275,221,0.007483407828795883,0.028432312000352143,0.992165689617523,0.26320081985253957,0.230812005905269,0.3000955750610549,True,build
realized_vol_12m,n/a,0,mst,0-12,win_100,4,29509,0.09991771999742663,333,0.011284692805584737,0.028432312000352143,0.992165689617523,0.39689677031698906,0.3566902111732806,0.44157797795926856,True,build
realized_vol_12m,n/a,0,mst,0-12,win_100,5,29504,0.09990078995574488,467,0.015828362255965293,0.028432312000352143,0.992165689617523,0.5567033119138975,0.5087846819412096,0.6090557399801482,True,build
realized_vol_12m,n/a,0,mst,0-12,win_100,6,29537,0.1000125282308445,653,0.022107864712056065,0.028432312000352143,0.992165689617523,0.7775612729553,0.7207348228940381,0.8387591278674829,True,build
realized_vol_12m,n/a,0,mst,0-12,win_100,7,29524,0.09996851012247192,933,0.03160140902316759,0.028432312000352143,0.992165689617523,1.111461108853061,1.043393715518479,1.183814953428915,True,build
realized_vol_12m,n/a,0,mst,0-12,win_100,8,29517,0.09994480806411746,1306,0.044245688925026255,0.028432312000352143,0.992165689617523,1.5561762590561843,1.4757307801171786,1.6407934667353155,True,build
realized_vol_12m,n/a,0,mst,0-12,win_100,9,29528,0.09998205415581733,1741,0.05896098618260634,0.028432312000352143,0.992165689617523,2.0737316818229936,1.9812398649701475,2.1702590278236564,True,build
realized_vol_12m,n/a,0,mst,0-12,win_100,10,29591,0.10019537268100755,2560,0.08651279105133318,0.028432312000352143,0.992165689617523,3.042763143927996,2.9319880999063277,3.1573135627263307,True,build
realized_vol_12m,n/a,0,mst,0-12,launch_300,1,29578,0.10015135457263495,0,0.0,0.007395042206593912,0.992165689617523,0.0,0.0,0.017560235126028122,False,build
realized_vol_12m,n/a,0,mst,0-12,launch_300,2,29513,0.09993126403077204,7,0.0002371836140006099,0.007395042206593912,0.992165689617523,0.03207332796412185,0.015537232571019554,0.06619998010636083,False,build
realized_vol_12m,n/a,0,mst,0-12,launch_300,3,29532,0.09999559818916275,26,0.0008804009210348097,0.007395042206593912,0.992165689617523,0.11905285952929187,0.08125791946169487,0.17440441530636794,False,build
realized_vol_12m,n/a,0,mst,0-12,launch_300,4,29509,0.09991771999742663,64,0.0021688298485207902,0.007395042206593912,0.992165689617523,0.2932816051525598,0.22974110390527414,0.3743470483389596,False,build
realized_vol_12m,n/a,0,mst,0-12,launch_300,5,29504,0.09990078995574488,81,0.002745390455531453,0.007395042206593912,0.992165689617523,0.3712474356242998,0.29879639154339405,0.4612060913236717,False,build
realized_vol_12m,n/a,0,mst,0-12,launch_300,6,29537,0.1000125282308445,109,0.003690286758980262,0.007395042206593912,0.992165689617523,0.49902173048988907,0.41384021704478013,0.6016580665838203,True,build
realized_vol_12m,n/a,0,mst,0-12,launch_300,7,29524,0.09996851012247192,172,0.0058257688660073165,0.007395042206593912,0.992165689617523,0.7877938628683786,0.6787845979138505,0.9141904988818952,True,build
realized_vol_12m,n/a,0,mst,0-12,launch_300,8,29517,0.09994480806411746,315,0.010671816241487955,0.007395042206593912,0.992165689617523,1.4431041694356055,1.292979780982366,1.6104495047080718,True,build
realized_vol_12m,n/a,0,mst,0-12,launch_300,9,29528,0.09998205415581733,481,0.016289623408290436,0.007395042206593912,0.992165689617523,2.202776259176117,2.0158672490066447,2.406702167642633,True,build
realized_vol_12m,n/a,0,mst,0-12,launch_300,10,29591,0.10019537268100755,929,0.0313946808151127,0.007395042206593912,0.992165689617523,4.24536871298978,3.9848093488512744,4.522378487023587,True,build
realized_vol_12m,n/a,0,mst,13-24,win_50,1,3383,0.10014208750222012,79,0.023352054389595034,0.12160322065005032,0.9957261178412474,0.1920348348075218,0.1544199367635859,0.23854141573253898,False,build
realized_vol_12m,n/a,0,mst,13-24,win_50,2,3376,0.09993487656148245,210,0.06220379146919431,0.12160322065005032,0.9957261178412474,0.5115307895356188,0.4485374755342248,0.5827079368356227,True,build
realized_vol_12m,n/a,0,mst,13-24,win_50,3,3380,0.10005328281333255,301,0.08905325443786982,0.12160322065005032,0.9957261178412474,0.7323264463048,0.6571528858148364,0.8151728556907349,True,build
realized_vol_12m,n/a,0,mst,13-24,win_50,4,3372,0.09981647030963235,364,0.10794780545670225,0.12160322065005032,0.9957261178412474,0.8877051518837186,0.8052133814579484,0.9775343351254053,True,build
realized_vol_12m,n/a,0,mst,13-24,win_50,5,3377,0.09996447812444498,407,0.12052117263843648,0.12160322065005032,0.9957261178412474,0.9911018145257209,0.9043305225651834,1.0849647002863496,True,build
realized_vol_12m,n/a,0,mst,13-24,win_50,6,3378,0.09999407968740749,525,0.15541740674955595,0.12160322065005032,0.9957261178412474,1.2780698234696932,1.1808223290470485,1.3817548765361674,True,build
realized_vol_12m,n/a,0,mst,13-24,win_50,7,3375,0.09990527499851992,537,0.15911111111111112,0.12160322065005032,0.9957261178412474,1.308444877204371,1.210158399426276,1.413105561626342,True,build
realized_vol_12m,n/a,0,mst,13-24,win_50,8,3377,0.09996447812444498,616,0.18241042345276873,0.12160322065005032,0.9957261178412474,1.5000459895524425,1.3959232557533332,1.6101037482057048,True,build
realized_vol_12m,n/a,0,mst,13-24,win_50,9,3379,0.10002368125037002,568,0.16809707013909442,0.12160322065005032,0.9957261178412474,1.3823406094057662,1.2817653378386253,1.4891147227150294,True,build
realized_vol_12m,n/a,0,mst,13-24,win_50,10,3385,0.10020129062814516,501,0.1480059084194978,0.12160322065005032,0.9957261178412474,1.2171216159268439,1.122029605509215,1.318776064585344,True,build
realized_vol_12m,n/a,0,mst,13-24,win_100,1,3383,0.10014208750222012,0,0.0,0.025871766029246346,0.9957261178412474,0.0,0.0,0.04384047454311692,False,build
realized_vol_12m,n/a,0,mst,13-24,win_100,2,3376,0.09993487656148245,13,0.0038507109004739335,0.025871766029246346,0.9957261178412474,0.14883834741397073,0.08703717579354205,0.2542324584574588,False,build
realized_vol_12m,n/a,0,mst,13-24,win_100,3,3380,0.10005328281333255,19,0.005621301775147929,0.025871766029246346,0.9957261178412474,0.21727553383071777,0.13921434158802176,0.33872275005987723,False,build
realized_vol_12m,n/a,0,mst,13-24,win_100,4,3372,0.09981647030963235,29,0.00860023724792408,0.025871766029246346,0.9957261178412474,0.33241786580019594,0.23171102788674497,0.47635149602937893,False,build
realized_vol_12m,n/a,0,mst,13-24,win_100,5,3377,0.09996447812444498,52,0.015398282499259699,0.025871766029246346,0.9957261178412474,0.5951770931235596,0.4546279053464225,0.778292027283442,False,build
realized_vol_12m,n/a,0,mst,13-24,win_100,6,3378,0.09999407968740749,101,0.02989934872705743,0.025871766029246346,0.9957261178412474,1.1556748268849588,0.9534938493154633,1.399135617184228,True,build
realized_vol_12m,n/a,0,mst,13-24,win_100,7,3375,0.09990527499851992,118,0.03496296296296296,0.025871766029246346,0.9957261178412474,1.351394524959742,1.1315650571970435,1.6120954231935523,True,build
realized_vol_12m,n/a,0,mst,13-24,win_100,8,3377,0.09996447812444498,183,0.054190109564702396,0.025871766029246346,0.9957261178412474,2.0945655392617577,1.818529916325517,2.40975956805148,True,build
realized_vol_12m,n/a,0,mst,13-24,win_100,9,3379,0.10002368125037002,190,0.05622965374371116,0.025871766029246346,0.9957261178412474,2.17339835557214,1.892192537074385,2.49356038810779,True,build
realized_vol_12m,n/a,0,mst,13-24,win_100,10,3385,0.10020129062814516,169,0.0499261447562777,0.025871766029246346,0.9957261178412474,1.9297540299274292,1.665363033603997,2.233584639129599,True,build
realized_vol_12m,n/a,0,mst,13-24,launch_300,1,3383,0.10014208750222012,0,0.0,0.003700195370315553,0.9957261178412474,0.0,0.0,0.3065325980054735,False,build
realized_vol_12m,n/a,0,mst,13-24,launch_300,2,3376,0.09993487656148245,0,0.0,0.003700195370315553,0.9957261178412474,0.0,0.0,0.3071674586082985,False,build
realized_vol_12m,n/a,0,mst,13-24,launch_300,3,3380,0.10005328281333255,0,0.0,0.003700195370315553,0.9957261178412474,0.0,0.0,0.30680435949465407,False,build
realized_vol_12m,n/a,0,mst,13-24,launch_300,4,3372,0.09981647030963235,0,0.0,0.003700195370315553,0.9957261178412474,0.0,-2.9301214232724246e-17,0.30753141818679136,False,build
realized_vol_12m,n/a,0,mst,13-24,launch_300,5,3377,0.09996447812444498,0,0.0,0.003700195370315553,0.9957261178412474,0.0,-2.9301214232724246e-17,0.3070766032806103,False,build
realized_vol_12m,n/a,0,mst,13-24,launch_300,6,3378,0.09999407968740749,4,0.0011841326228537595,0.003700195370315553,0.9957261178412474,0.32001894612196563,0.12447434436185693,0.8218223257612179,False,build
realized_vol_12m,n/a,0,mst,13-24,launch_300,7,3375,0.09990527499851992,5,0.0014814814814814814,0.003700195370315553,0.9957261178412474,0.4003792592592592,0.17106155141872598,0.9360449396511615,False,build
realized_vol_12m,n/a,0,mst,13-24,launch_300,8,3377,0.09996447812444498,30,0.008883624518803672,0.003700195370315553,0.9957261178412474,2.400852827953805,1.683653914700435,3.419672438003676,False,build
realized_vol_12m,n/a,0,mst,13-24,launch_300,9,3379,0.10002368125037002,29,0.00858242083456644,0.003700195370315553,0.9957261178412474,2.319450725066588,1.616763618800462,3.3237650800970973,False,build
realized_vol_12m,n/a,0,mst,13-24,launch_300,10,3385,0.10020129062814516,57,0.016838995568685376,0.003700195370315553,0.9957261178412474,4.550839586410635,3.518776152289666,5.878937401987019,False,build
realized_vol_12m,n/a,0,mst,>24,win_50,1,6145,0.10009936633598854,138,0.022457282343368593,0.10006678720943492,0.9927551465950806,0.22442293761632012,0.19027542190835917,0.2645333208296522,True,build
realized_vol_12m,n/a,0,mst,>24,win_50,2,6137,0.09996904982977406,329,0.05360925533648363,0.10006678720943492,0.9927551465950806,0.5357347510746204,0.48215738272423475,0.5948932672365899,True,build
realized_vol_12m,n/a,0,mst,>24,win_50,3,6137,0.09996904982977406,433,0.07055564608114714,0.10006678720943492,0.9927551465950806,0.705085553845929,0.6437077513401882,0.7718326263124033,True,build
realized_vol_12m,n/a,0,mst,>24,win_50,4,6136,0.09995276026649726,472,0.07692307692307693,0.10006678720943492,0.9927551465950806,0.7687173643546751,0.704702051672144,0.8380231976197184,True,build
realized_vol_12m,n/a,0,mst,>24,win_50,5,6132,0.09988760201339002,571,0.0931180691454664,0.10006678720943492,0.9927551465950806,0.9305591969348912,0.8603972617093397,1.0058124534291981,True,build
realized_vol_12m,n/a,0,mst,>24,win_50,6,6140,0.1000179185196045,652,0.10618892508143322,0.10006678720943492,0.9927551465950806,1.0611805179593201,0.9866178512291999,1.1406645335647656,True,build
realized_vol_12m,n/a,0,mst,>24,win_50,7,6139,0.10000162895632768,823,0.13406092197426292,0.10006678720943492,0.9927551465950806,1.3397144618391708,1.2568238636057876,1.4271788447057712,True,build
realized_vol_12m,n/a,0,mst,>24,win_50,8,6134,0.09992018113994364,897,0.1462341049885882,0.10006678720943492,0.9927551465950806,1.4613650449527007,1.3752126737169332,1.5519426530775349,True,build
realized_vol_12m,n/a,0,mst,>24,win_50,9,6140,0.1000179185196045,901,0.14674267100977198,0.10006678720943492,0.9927551465950806,1.4664473108609624,1.3802058534050827,1.557103328164063,True,build
realized_vol_12m,n/a,0,mst,>24,win_50,10,6149,0.10016452458909576,927,0.1507562205236624,0.10006678720943492,0.9927551465950806,1.5065560185132851,1.4193626728917945,1.5981073837731512,True,build
realized_vol_12m,n/a,0,mst,>24,win_100,1,6145,0.10009936633598854,5,0.0008136696501220504,0.021013536627083027,0.9927551465950806,0.03872121407080818,0.016541696182141546,0.090582954853053,False,build
realized_vol_12m,n/a,0,mst,>24,win_100,2,6137,0.09996904982977406,11,0.0017924067133778718,0.021013536627083027,0.9927551465950806,0.08529771761825905,0.04764405011267389,0.15261400391852467,False,build
realized_vol_12m,n/a,0,mst,>24,win_100,3,6137,0.09996904982977406,32,0.005214274075281082,0.021013536627083027,0.9927551465950806,0.24813881488948092,0.17588914025902203,0.3498473748740025,False,build
realized_vol_12m,n/a,0,mst,>24,win_100,4,6136,0.09995276026649726,41,0.006681877444589309,0.021013536627083027,0.9927551465950806,0.3179796701130954,0.23458588078283008,0.43074974939733146,False,build
realized_vol_12m,n/a,0,mst,>24,win_100,5,6132,0.09988760201339002,95,0.015492498369210697,0.021013536627083027,0.9927551465950806,0.7372627770445547,0.6039354161617505,0.8994605783591767,False,build
realized_vol_12m,n/a,0,mst,>24,win_100,6,6140,0.1000179185196045,95,0.015472312703583062,0.021013536627083027,0.9927551465950806,0.7363021740777214,0.6031475241746995,0.8982908729640912,False,build
realized_vol_12m,n/a,0,mst,>24,win_100,7,6139,0.10000162895632768,154,0.02508551881413911,0.021013536627083027,0.9927551465950806,1.1937790034737876,1.0212709521967518,1.394553626479078,True,build
realized_vol_12m,n/a,0,mst,>24,win_100,8,6134,0.09992018113994364,222,0.03619171829149005,0.021013536627083027,0.9927551465950806,1.7223049567413045,1.5133382742581971,1.9588996658546927,True,build
realized_vol_12m,n/a,0,mst,>24,win_100,9,6140,0.1000179185196045,291,0.04739413680781759,0.021013536627083027,0.9927551465950806,2.255409817438073,2.0156773938296766,2.5220766350379717,True,build
realized_vol_12m,n/a,0,mst,>24,win_100,10,6149,0.10016452458909576,344,0.055944055944055944,0.021013536627083027,0.9927551465950806,2.662286550658644,2.4018948797774224,2.9490651595227466,True,build
realized_vol_12m,n/a,0,mst,>24,launch_300,1,6145,0.10009936633598854,2,0.00032546786004882016,0.0036651517372819236,0.9927551465950806,0.0888006509357201,0.02435357935587746,0.32359223376678653,False,build
realized_vol_12m,n/a,0,mst,>24,launch_300,2,6137,0.09996904982977406,4,0.0006517842594101353,0.0036651517372819236,0.9927551465950806,0.1778328173374613,0.06916342389842499,0.45695724910806784,False,build
realized_vol_12m,n/a,0,mst,>24,launch_300,3,6137,0.09996904982977406,1,0.00016294606485253382,0.0036651517372819236,0.9927551465950806,0.04445820433436533,0.007848122652642365,0.25169019173711676,False,build
realized_vol_12m,n/a,0,mst,>24,launch_300,4,6136,0.09995276026649726,13,0.00211864406779661,0.0036651517372819236,0.9927551465950806,0.5780508474576271,0.33794068021823775,0.9881430135871547,False,build
realized_vol_12m,n/a,0,mst,>24,launch_300,5,6132,0.09988760201339002,13,0.0021200260926288322,0.0036651517372819236,0.9927551465950806,0.5784279191128505,0.33816119596861177,0.9887869815120467,False,build
realized_vol_12m,n/a,0,mst,>24,launch_300,6,6140,0.1000179185196045,22,0.0035830618892508143,0.0036651517372819236,0.9927551465950806,0.9776026058631921,0.6459382906549429,1.478638609405491,False,build
realized_vol_12m,n/a,0,mst,>24,launch_300,7,6139,0.10000162895632768,15,0.0024433946896888744,0.0036651517372819236,0.9927551465950806,0.6666558071347125,0.40416653064376795,1.0989332486649304,False,build
realized_vol_12m,n/a,0,mst,>24,launch_300,8,6134,0.09992018113994364,46,0.007499184871209651,0.0036651517372819236,0.9927551465950806,2.046077600260841,1.5353306291541424,2.725024385935947,False,build
realized_vol_12m,n/a,0,mst,>24,launch_300,9,6140,0.1000179185196045,46,0.00749185667752443,0.0036651517372819236,0.9927551465950806,2.0440781758957653,1.5338290954480136,2.722365309336354,False,build
realized_vol_12m,n/a,0,mst,>24,launch_300,10,6149,0.10016452458909576,63,0.010245568385103269,0.0036651517372819236,0.9927551465950806,2.795400878191576,2.1872623745232205,3.5703934789422305,False,build
realized_vol_12m,n/a,3,all,ALL,win_50,1,38720,0.1001497590663725,1172,0.030268595041322312,0.11648875772397257,0.982695734173129,0.2598413411965955,0.24558728144079675,0.27489544396076615,True,build
realized_vol_12m,n/a,3,all,ALL,win_50,2,38639,0.09994025156419335,2443,0.06322627397189368,0.11648875772397257,0.982695734173129,0.5427671751956725,0.5223062667959414,0.5639735526554779,True,build
realized_vol_12m,n/a,3,all,ALL,win_50,3,38653,0.09997646273740951,3202,0.08283962434998578,0.11648875772397257,0.982695734173129,0.7111383619205509,0.6879034651429469,0.7350849945689972,True,build
realized_vol_12m,n/a,3,all,ALL,win_50,4,38635,0.09992990551470303,3540,0.09162676329752815,0.11648875772397257,0.982695734173129,0.7865717266437292,0.762223578057177,0.8116169435523402,True,build
realized_vol_12m,n/a,3,all,ALL,win_50,5,38620,0.0998911078291143,4401,0.11395649922320042,0.11648875772397257,0.982695734173129,0.9782617777865525,0.9513853445583254,1.0057974197449706,True,build
realized_vol_12m,n/a,3,all,ALL,win_50,6,38669,0.10001784693537082,4968,0.1284750058186144,0.11648875772397257,0.982695734173129,1.1028961792437,1.0745819622270627,1.131844009325787,True,build
realized_vol_12m,n/a,3,all,ALL,win_50,7,38648,0.0999635301755466,5650,0.14619126474849928,0.11648875772397257,0.982695734173129,1.2549817476370437,1.225046406585653,1.2855208155958935,True,build
realized_vol_12m,n/a,3,all,ALL,win_50,8,38640,0.09994283807656594,6055,0.15670289855072464,0.11648875772397257,0.982695734173129,1.3452190718871087,1.3143968701393696,1.3766271851259277,True,build
realized_vol_12m,n/a,3,all,ALL,win_50,9,38652,0.09997387622503692,6626,0.17142709303528925,0.11648875772397257,0.982695734173129,1.47161920501802,1.4396459224411267,1.5041530949474982,True,build
realized_vol_12m,n/a,3,all,ALL,win_50,10,38745,0.10021442187568705,6980,0.18015227771325332,0.11648875772397257,0.982695734173129,1.54652072211239,1.513942872131305,1.579642982866852,True,build
realized_vol_12m,n/a,3,all,ALL,win_100,1,38720,0.1001497590663725,61,0.0015754132231404958,0.026840238890282732,0.982695734173129,0.05869594639527818,0.04570600185090805,0.07537024053090785,False,build
realized_vol_12m,n/a,3,all,ALL,win_100,2,38639,0.09994025156419335,181,0.004684386241879966,0.026840238890282732,0.982695734173129,0.1745284854217861,0.1509318060559843,0.20179420754497215,True,build
realized_vol_12m,n/a,3,all,ALL,win_100,3,38653,0.09997646273740951,321,0.008304659405479522,0.026840238890282732,0.982695734173129,0.3094107857768043,0.2774767827481772,0.34498569537323537,True,build
realized_vol_12m,n/a,3,all,ALL,win_100,4,38635,0.09992990551470303,421,0.01089685518312411,0.026840238890282732,0.982695734173129,0.40598950060273936,0.3691912103255064,0.4464111899351322,True,build
realized_vol_12m,n/a,3,all,ALL,win_100,5,38620,0.0998911078291143,655,0.01696012428793371,0.026840238890282732,0.982695734173129,0.6318917039920227,0.5856711531611392,0.6816921253992381,True,build
realized_vol_12m,n/a,3,all,ALL,win_100,6,38669,0.10001784693537082,877,0.022679665882231245,0.026840238890282732,0.982695734173129,0.8449874822255108,0.7914422743420153,0.902065690299569,True,build
realized_vol_12m,n/a,3,all,ALL,win_100,7,38648,0.0999635301755466,1207,0.031230594079900642,0.026840238890282732,0.982695734173129,1.1635736256880858,1.1006794987797284,1.2299393461878134,True,build
realized_vol_12m,n/a,3,all,ALL,win_100,8,38640,0.09994283807656594,1581,0.04091614906832298,0.026840238890282732,0.982695734173129,1.5244331183332465,1.4525274160612633,1.599739389139217,True,build
realized_vol_12m,n/a,3,all,ALL,win_100,9,38652,0.09997387622503692,2173,0.056219600538135156,0.026840238890282732,0.982695734173129,2.094601347176867,2.010676007858713,2.181812877427368,True,build
realized_vol_12m,n/a,3,all,ALL,win_100,10,38745,0.10021442187568705,2900,0.07484836753129435,0.026840238890282732,0.982695734173129,2.788662494296671,2.6926021915608067,2.8878634860541164,True,build
realized_vol_12m,n/a,3,all,ALL,launch_300,1,38720,0.1001497590663725,4,0.00010330578512396694,0.006370579973669304,0.982695734173129,0.016216072249457255,0.0063062252450159124,0.041694500733368146,False,build
realized_vol_12m,n/a,3,all,ALL,launch_300,2,38639,0.09994025156419335,13,0.00033644763063226275,0.006370579973669304,0.982695734173129,0.052812715957237535,0.030866984254939354,0.09035238664530786,False,build
realized_vol_12m,n/a,3,all,ALL,launch_300,3,38653,0.09997646273740951,40,0.0010348485240472926,0.006370579973669304,0.982695734173129,0.1624418072333286,0.11931482314308224,0.22113529437825602,False,build
realized_vol_12m,n/a,3,all,ALL,launch_300,4,38635,0.09992990551470303,72,0.001863595185712437,0.006370579973669304,0.982695734173129,0.29253147961645476,0.23235552556528416,0.3682553214850856,False,build
realized_vol_12m,n/a,3,all,ALL,launch_300,5,38620,0.0998911078291143,109,0.0028223718280683584,0.006370579973669304,0.982695734173129,0.44303216343467994,0.36738314916171455,0.5342051666578552,True,build
realized_vol_12m,n/a,3,all,ALL,launch_300,6,38669,0.10001784693537082,121,0.0031291215185290542,0.006370579973669304,0.982695734173129,0.49118314681900993,0.4112108072399942,0.5866502399607791,True,build
realized_vol_12m,n/a,3,all,ALL,launch_300,7,38648,0.0999635301755466,211,0.005459532187952805,0.006370579973669304,0.982695734173129,0.8569913901902156,0.7491372109050077,0.9802760289519944,True,build
realized_vol_12m,n/a,3,all,ALL,launch_300,8,38640,0.09994283807656594,344,0.008902691511387164,0.006370579973669304,0.982695734173129,1.3974695472285898,1.2579227500923404,1.5523425438764298,True,build
realized_vol_12m,n/a,3,all,ALL,launch_300,9,38652,0.09997387622503692,548,0.014177791576115078,0.006370579973669304,0.982695734173129,2.2255103357487567,2.047936411184325,2.41824112749545,True,build
realized_vol_12m,n/a,3,all,ALL,launch_300,10,38745,0.10021442187568705,1001,0.025835591689250224,0.006370579973669304,0.982695734173129,4.055453631542676,3.814772128773992,4.310892792332332,True,build
realized_vol_12m,n/a,3,drawdown,0-10,win_50,1,29882,0.10014712733049357,691,0.023124288869553578,0.10143742396466263,0.9811259334278133,0.22796605006066892,0.2117609455083122,0.245379713142075,True,build
realized_vol_12m,n/a,3,drawdown,0-10,win_50,2,29825,0.09995609640023996,1389,0.04657166806370495,0.10143742396466263,0.9811259334278133,0.4591172196952571,0.43611167664252665,0.4832740938586262,True,build
realized_vol_12m,n/a,3,drawdown,0-10,win_50,3,29828,0.099966150659727,1972,0.0661123776317554,0.10143742396466263,0.9811259334278133,0.6517552895939739,0.6245035947753915,0.680108587569111,True,build
realized_vol_12m,n/a,3,drawdown,0-10,win_50,4,29817,0.09992928504160788,2218,0.07438709461045712,0.10143742396466263,0.9811259334278133,0.7333298865749102,0.7045055852596185,0.7632351808541752,True,build
realized_vol_12m,n/a,3,drawdown,0-10,win_50,5,29806,0.09989241942348875,2812,0.09434342078776085,0.10143742396466263,0.9811259334278133,0.9300652274117974,0.8978644715620061,0.9632966703383568,True,build
realized_vol_12m,n/a,3,drawdown,0-10,win_50,6,29844,0.10001977337699117,3320,0.11124514140195685,0.10143742396466263,0.9811259334278133,1.0966873669890405,1.0620109917291605,1.1323502281292122,True,build
realized_vol_12m,n/a,3,drawdown,0-10,win_50,7,29825,0.09995609640023996,3837,0.12865046102263203,0.10143742396466263,0.9811259334278133,1.268274133888194,1.2312855769389182,1.3062056100311608,True,build
realized_vol_12m,n/a,3,drawdown,0-10,win_50,8,29820,0.09993933930109491,4238,0.1421193829644534,0.10143742396466263,0.9811259334278133,1.4010547331521648,1.362439695705322,1.4405786422730305,True,build
realized_vol_12m,n/a,3,drawdown,0-10,win_50,9,29833,0.09998290775887204,4710,0.1578788589816646,0.10143742396466263,0.9811259334278133,1.556416289087391,1.5160611216384314,1.5976399269704786,True,build
realized_vol_12m,n/a,3,drawdown,0-10,win_50,10,29901,0.10021080430724476,5080,0.1698939834788134,0.10143742396466263,0.9811259334278133,1.6748649249807324,1.6333209299664984,1.7172449847358724,True,build
realized_vol_12m,n/a,3,drawdown,0-10,win_100,1,29882,0.10014712733049357,19,0.0006358342815072619,0.021908231422242033,0.9811259334278133,0.02902262027694941,0.01858254219717626,0.04532233587039659,False,build
realized_vol_12m,n/a,3,drawdown,0-10,win_100,2,29825,0.09995609640023996,80,0.002682313495389774,0.021908231422242033,0.9811259334278133,0.12243404972738199,0.09840709374666896,0.15230778073789408,False,build
realized_vol_12m,n/a,3,drawdown,0-10,win_100,3,29828,0.099966150659727,161,0.005397612981091592,0.021908231422242033,0.9811259334278133,0.24637374314075117,0.21121841971133418,0.2873433340928982,True,build
realized_vol_12m,n/a,3,drawdown,0-10,win_100,4,29817,0.09992928504160788,188,0.0063051279471442465,0.021908231422242033,0.9811259334278133,0.28779721309420947,0.24959081293229057,0.33180935331424305,True,build
realized_vol_12m,n/a,3,drawdown,0-10,win_100,5,29806,0.09989241942348875,330,0.01107159632288801,0.021908231422242033,0.9811259334278133,0.5053623959644558,0.4539434575868605,0.562533143477065,True,build
realized_vol_12m,n/a,3,drawdown,0-10,win_100,6,29844,0.10001977337699117,469,0.015715051601661974,0.021908231422242033,0.9811259334278133,0.7173126528920761,0.655692323718585,0.7846229118468129,True,build
realized_vol_12m,n/a,3,drawdown,0-10,win_100,7,29825,0.09995609640023996,679,0.022766135792120706,0.021908231422242033,0.9811259334278133,1.0391589970611548,0.9646513147673368,1.1192773365190816,True,build
realized_vol_12m,n/a,3,drawdown,0-10,win_100,8,29820,0.09993933930109491,1026,0.03440643863179074,0.021908231422242033,0.9811259334278133,1.570479970229823,1.4787550466386932,1.667679618058307,True,build
realized_vol_12m,n/a,3,drawdown,0-10,win_100,9,29833,0.09998290775887204,1477,0.04950893306070459,0.021908231422242033,0.9811259334278133,2.2598324851745595,2.1500968832102725,2.3748629193422452,True,build
realized_vol_12m,n/a,3,drawdown,0-10,win_100,10,29901,0.10021080430724476,2108,0.07049931440420053,0.021908231422242033,0.9811259334278133,3.2179372695792807,3.0880013601979868,3.352909822573775,True,build
realized_vol_12m,n/a,3,drawdown,0-10,launch_300,1,29882,0.10014712733049357,0,0.0,0.005124320918557147,0.9811259334278133,0.0,-2.644745981265511e-18,0.02508386070299894,False,build
realized_vol_12m,n/a,3,drawdown,0-10,launch_300,2,29825,0.09995609640023996,5,0.00016764459346186087,0.005124320918557147,0.9811259334278133,0.03271547510905396,0.01397449708482349,0.07657982022331046,False,build
realized_vol_12m,n/a,3,drawdown,0-10,launch_300,3,29828,0.099966150659727,8,0.00026820437173125924,0.005124320918557147,0.9811259334278133,0.05233949551441783,0.026522904570511586,0.10327187306303116,False,build
realized_vol_12m,n/a,3,drawdown,0-10,launch_300,4,29817,0.09992928504160788,38,0.0012744407552738371,0.005124320918557147,0.9811259334278133,0.2487043211245015,0.1812335724602488,0.3412495302237864,False,build
realized_vol_12m,n/a,3,drawdown,0-10,launch_300,5,29806,0.09989241942348875,53,0.0017781654700395892,0.005124320918557147,0.9811259334278133,0.3470050955630364,0.2653648499213217,0.4537037191087209,False,build
realized_vol_12m,n/a,3,drawdown,0-10,launch_300,6,29844,0.10001977337699117,53,0.0017759013537059375,0.005124320918557147,0.9811259334278133,0.34656325822114536,0.2650269028339974,0.4531262028228972,False,build
realized_vol_12m,n/a,3,drawdown,0-10,launch_300,7,29825,0.09995609640023996,81,0.0027158424140821457,0.005124320918557147,0.9811259334278133,0.5299906967666741,0.4265589047555958,0.6584177743048846,False,build
realized_vol_12m,n/a,3,drawdown,0-10,launch_300,8,29820,0.09993933930109491,201,0.006740442655935613,0.005124320918557147,0.9811259334278133,1.3153826161679032,1.1461377807683755,1.5094246028230716,True,build
realized_vol_12m,n/a,3,drawdown,0-10,launch_300,9,29833,0.09998290775887204,368,0.012335333355679951,0.005124320918557147,0.9811259334278133,2.407213277960196,2.17475087274796,2.6641808863623377,True,build
realized_vol_12m,n/a,3,drawdown,0-10,launch_300,10,29901,0.10021080430724476,722,0.024146349620414034,0.005124320918557147,0.9811259334278133,4.712107224387678,4.384311286700045,5.063760488081669,True,build
realized_vol_12m,n/a,3,drawdown,10-20,win_50,1,3836,0.10014619883040936,69,0.017987486965589154,0.07983500417710944,0.9845774213448488,0.2253082736199892,0.17834784999134512,0.2843490009166117,False,build
realized_vol_12m,n/a,3,drawdown,10-20,win_50,2,3827,0.09991123642439433,201,0.05252155735563104,0.07983500417710944,0.9845774213448488,0.6578763024689639,0.5748352834893827,0.7521584721800562,True,build
realized_vol_12m,n/a,3,drawdown,10-20,win_50,3,3833,0.10006787802840435,229,0.05974432559352987,0.07983500417710944,0.9845774213448488,0.7483474975587208,0.6597690599608274,0.8479683469867869,True,build
realized_vol_12m,n/a,3,drawdown,10-20,win_50,4,3826,0.09988512949039265,245,0.06403554626241506,0.07983500417710944,0.9845774213448488,0.8020986147925266,0.7103025773594397,0.9048494185137588,True,build
realized_vol_12m,n/a,3,drawdown,10-20,win_50,5,3825,0.09985902255639098,317,0.08287581699346405,0.07983500417710944,0.9845774213448488,1.0380887161928212,0.9338224251760487,1.152839099066606,True,build
realized_vol_12m,n/a,3,drawdown,10-20,win_50,6,3833,0.10006787802840435,358,0.0933994260370467,0.07983500417710944,0.9845774213448488,1.1699056948734587,1.0595606735586989,1.290448996980707,True,build
realized_vol_12m,n/a,3,drawdown,10-20,win_50,7,3826,0.09988512949039265,383,0.10010454783063251,0.07983500417710944,0.9845774213448488,1.2538929365940312,1.1397453322681188,1.3780889776230987,True,build
realized_vol_12m,n/a,3,drawdown,10-20,win_50,8,3833,0.10006787802840435,404,0.1054004696060527,0.07983500417710944,0.9845774213448488,1.320228772985691,1.2033732428817263,1.4469815759152178,True,build
realized_vol_12m,n/a,3,drawdown,10-20,win_50,9,3827,0.09991123642439433,411,0.10739482623464855,0.07983500417710944,0.9845774213448488,1.3452097528096723,1.2272334503806963,1.4730487290921348,True,build
realized_vol_12m,n/a,3,drawdown,10-20,win_50,10,3838,0.1001984126984127,441,0.11490359562272016,0.07983500417710944,0.9845774213448488,1.4392633507955113,1.3176817429964844,1.5704913050748401,True,build
realized_vol_12m,n/a,3,drawdown,10-20,win_100,1,3836,0.10014619883040936,2,0.0005213764337851929,0.015376984126984126,0.9845774213448488,0.033906286790675776,0.00929908408034849,0.12350529939003112,False,build
realized_vol_12m,n/a,3,drawdown,10-20,win_100,2,3827,0.09991123642439433,10,0.0026130128037627383,0.015376984126984126,0.9845774213448488,0.16993012298018326,0.09234462813834968,0.3123873147637632,False,build
realized_vol_12m,n/a,3,drawdown,10-20,win_100,3,3833,0.10006787802840435,13,0.0033915992695016956,0.015376984126984126,0.9845774213448488,0.22056335894565868,0.12897118369541943,0.37682439732812484,False,build
realized_vol_12m,n/a,3,drawdown,10-20,win_100,4,3826,0.09988512949039265,25,0.006534239414532148,0.015376984126984126,0.9845774213448488,0.42493634386118745,0.28808825891726947,0.6261615047168759,False,build
realized_vol_12m,n/a,3,drawdown,10-20,win_100,5,3825,0.09985902255639098,40,0.01045751633986928,0.015376984126984126,0.9845774213448488,0.6800759013282732,0.5000526872838343,0.9239810443366522,False,build
realized_vol_12m,n/a,3,drawdown,10-20,win_100,6,3833,0.10006787802840435,59,0.015392642838507697,0.015376984126984126,0.9845774213448488,1.0010183213687587,0.7772888196815979,1.2878538977961933,False,build
realized_vol_12m,n/a,3,drawdown,10-20,win_100,7,3826,0.09988512949039265,90,0.023523261892315735,0.015376984126984126,0.9845774213448488,1.529770837900275,1.2471556077788386,1.874546772146265,False,build
realized_vol_12m,n/a,3,drawdown,10-20,win_100,8,3833,0.10006787802840435,71,0.01852334985650926,0.015376984126984126,0.9845774213448488,1.2046152680878282,0.9567458123118097,1.5151831146757853,False,build
realized_vol_12m,n/a,3,drawdown,10-20,win_100,9,3827,0.09991123642439433,132,0.03449176900966815,0.015376984126984126,0.9845774213448488,2.243077623338419,1.8964028818693541,2.6504662750264076,True,build
realized_vol_12m,n/a,3,drawdown,10-20,win_100,10,3838,0.1001984126984127,147,0.038301198540906724,0.015376984126984126,0.9845774213448488,2.490813427692515,2.125026585463024,2.9166449211796657,True,build
realized_vol_12m,n/a,3,drawdown,10-20,launch_300,1,3836,0.10014619883040936,0,0.0,0.0040465747702589806,0.9845774213448488,0.0,0.0,0.24722667390145722,False,build
realized_vol_12m,n/a,3,drawdown,10-20,launch_300,2,3827,0.09991123642439433,0,0.0,0.0040465747702589806,0.9845774213448488,0.0,0.0,0.24780749670213842,False,build
realized_vol_12m,n/a,3,drawdown,10-20,launch_300,3,3833,0.10006787802840435,2,0.0005217845030002609,0.0040465747702589806,0.9845774213448488,0.12894473292207737,0.03536417883237722,0.4696870659312753,False,build
realized_vol_12m,n/a,3,drawdown,10-20,launch_300,4,3826,0.09988512949039265,4,0.0010454783063251437,0.0040465747702589806,0.9845774213448488,0.25836129706760197,0.10048964282318273,0.663586862370901,False,build
realized_vol_12m,n/a,3,drawdown,10-20,launch_300,5,3825,0.09985902255639098,8,0.0020915032679738564,0.0040465747702589806,0.9845774213448488,0.5168576850094877,0.261995592567682,1.0186195948638062,False,build
realized_vol_12m,n/a,3,drawdown,10-20,launch_300,6,3833,0.10006787802840435,10,0.0026089225150013043,0.0040465747702589806,0.9845774213448488,0.6447236646103869,0.35036005857381125,1.1852162502813437,False,build
realized_vol_12m,n/a,3,drawdown,10-20,launch_300,7,3826,0.09988512949039265,14,0.0036591740721380033,0.0040465747702589806,0.9845774213448488,0.904264539736607,0.5389719920205808,1.5156152734666788,False,build
realized_vol_12m,n/a,3,drawdown,10-20,launch_300,8,3833,0.10006787802840435,26,0.006783198539003391,0.0040465747702589806,0.9845774213448488,1.6762815279870058,1.1449955529297364,2.451630884108423,False,build
realized_vol_12m,n/a,3,drawdown,10-20,launch_300,9,3827,0.09991123642439433,26,0.00679383328978312,0.0040465747702589806,0.9845774213448488,1.6789096150442107,1.146792263184877,2.4554673379645777,False,build
realized_vol_12m,n/a,3,drawdown,10-20,launch_300,10,3838,0.1001984126984127,65,0.016935904116727463,0.0040465747702589806,0.9845774213448488,4.185244330884702,3.289276690306907,5.319940288076755,False,build
realized_vol_12m,n/a,3,drawdown,20-30,win_50,1,2822,0.10018105009052504,141,0.049964564138908575,0.18704959352479678,0.9909241214338481,0.2671193409050893,0.227320086358965,0.31345995972670637,True,build
realized_vol_12m,n/a,3,drawdown,20-30,win_50,2,2813,0.09986154993077496,355,0.12619978670458584,0.18704959352479678,0.9909241214338481,0.6746862386945299,0.6117939421049696,0.7430291634550343,True,build
realized_vol_12m,n/a,3,drawdown,20-30,win_50,3,2816,0.09996804998402499,430,0.15269886363636365,0.18704959352479678,0.9909241214338481,0.8163549610500527,0.7478626286948624,0.8899061332277949,True,build
realized_vol_12m,n/a,3,drawdown,20-30,win_50,4,2816,0.09996804998402499,474,0.16832386363636365,0.18704959352479678,0.9909241214338481,0.8998889570644766,0.8284357380143926,0.9761734198714764,True,build
realized_vol_12m,n/a,3,drawdown,20-30,win_50,5,2815,0.09993254996627499,583,0.20710479573712257,0.18704959352479678,0.9909241214338481,1.107218635627065,1.0293482357485277,1.1893569039718008,True,build
realized_vol_12m,n/a,3,drawdown,20-30,win_50,6,2815,0.09993254996627499,601,0.21349911190053286,0.18704959352479678,0.9909241214338481,1.141403773605259,1.0625911709964395,1.2243910710812576,True,build
realized_vol_12m,n/a,3,drawdown,20-30,win_50,7,2820,0.10011005005502503,677,0.24007092198581562,0.18704959352479678,0.9909241214338481,1.2834613401819017,1.2011081540132293,1.3695953286809037,True,build
realized_vol_12m,n/a,3,drawdown,20-30,win_50,8,2812,0.09982604991302496,677,0.24075391180654337,0.18704959352479678,0.9909241214338481,1.2871127237955058,1.2045584876873032,1.3734485410913178,True,build
realized_vol_12m,n/a,3,drawdown,20-30,win_50,9,2817,0.10000355000177501,678,0.24068157614483493,0.18704959352479678,0.9909241214338481,1.286726004635387,1.2042524958017922,1.3729754450039386,True,build
realized_vol_12m,n/a,3,drawdown,20-30,win_50,10,2823,0.10021655010827506,653,0.23131420474672335,0.18704959352479678,0.9909241214338481,1.2366463908731162,1.1554725814498426,1.3217242260206292,True,build
realized_vol_12m,n/a,3,drawdown,20-30,win_100,1,2822,0.10018105009052504,2,0.0007087172218284905,0.039334019667009834,0.9909241214338481,0.01801792005567396,0.004941710632648597,0.06560564611497989,False,build
realized_vol_12m,n/a,3,drawdown,20-30,win_100,2,2813,0.09986154993077496,13,0.004621400639886242,0.039334019667009834,0.9909241214338481,0.11749118648461693,0.06871422956760297,0.20061861395759586,False,build
realized_vol_12m,n/a,3,drawdown,20-30,win_100,3,2816,0.09996804998402499,40,0.014204545454545454,0.039334019667009834,0.9909241214338481,0.3611262102067607,0.26564506943197413,0.4902574703681966,False,build
realized_vol_12m,n/a,3,drawdown,20-30,win_100,4,2816,0.09996804998402499,63,0.022372159090909092,0.039334019667009834,0.9909241214338481,0.5687737810756482,0.44555949456487237,0.725072432041865,False,build
realized_vol_12m,n/a,3,drawdown,20-30,win_100,5,2815,0.09993254996627499,79,0.028063943161634103,0.039334019667009834,0.9909241214338481,0.7134776307942879,0.5739663416064346,0.8856906224721622,False,build
realized_vol_12m,n/a,3,drawdown,20-30,win_100,6,2815,0.09993254996627499,117,0.04156305506216696,0.039334019667009834,0.9909241214338481,1.0566694025687555,0.884562193960356,1.2605429243599717,True,build
realized_vol_12m,n/a,3,drawdown,20-30,win_100,7,2820,0.10011005005502503,171,0.06063829787234042,0.039334019667009834,0.9909241214338481,1.5416247407634993,1.3325102158839623,1.781129898354991,True,build
realized_vol_12m,n/a,3,drawdown,20-30,win_100,8,2812,0.09982604991302496,181,0.0643669985775249,0.039334019667009834,0.9909241214338481,1.636420562211461,1.420593768053681,1.8824656841251766,True,build
realized_vol_12m,n/a,3,drawdown,20-30,win_100,9,2817,0.10000355000177501,213,0.07561235356762513,0.039334019667009834,0.9909241214338481,1.9223144292837837,1.6885371530394901,2.185477802638461,True,build
realized_vol_12m,n/a,3,drawdown,20-30,win_100,10,2823,0.10021655010827506,229,0.08111937654976975,0.039334019667009834,0.9909241214338481,2.0623210451538485,1.82051283792147,2.3330724608815885,True,build
realized_vol_12m,n/a,3,drawdown,20-30,launch_300,1,2822,0.10018105009052504,0,0.0,0.004863502431751216,0.9909241214338481,0.0,0.0,0.2795112284995903,False,build
realized_vol_12m,n/a,3,drawdown,20-30,launch_300,2,2813,0.09986154993077496,0,0.0,0.004863502431751216,0.9909241214338481,0.0,0.0,0.2804042858807804,False,build
realized_vol_12m,n/a,3,drawdown,20-30,launch_300,3,2816,0.09996804998402499,1,0.0003551136363636364,0.004863502431751216,0.9909241214338481,0.0730160293629728,0.012889687511276393,0.41304939899529186,False,build
realized_vol_12m,n/a,3,drawdown,20-30,launch_300,4,2816,0.09996804998402499,2,0.0007102272727272727,0.004863502431751216,0.9909241214338481,0.1460320587259456,0.04005170104841467,0.5317205052873113,False,build
realized_vol_12m,n/a,3,drawdown,20-30,launch_300,5,2815,0.09993254996627499,5,0.0017761989342806395,0.004863502431751216,0.9909241214338481,0.3652098378084039,0.15604335131743138,0.8535862593197614,False,build
realized_vol_12m,n/a,3,drawdown,20-30,launch_300,6,2815,0.09993254996627499,5,0.0017761989342806395,0.004863502431751216,0.9909241214338481,0.3652098378084039,0.15604335131743138,0.8535862593197614,False,build
realized_vol_12m,n/a,3,drawdown,20-30,launch_300,7,2820,0.10011005005502503,22,0.007801418439716312,0.004863502431751216,0.9909241214338481,1.6040741315939329,1.0604774206105092,2.4230157793950484,False,build
realized_vol_12m,n/a,3,drawdown,20-30,launch_300,8,2812,0.09982604991302496,27,0.009601706970128023,0.004863502431751216,0.9909241214338481,1.9742371068725275,1.3585452536857345,2.8650461950647315,False,build
realized_vol_12m,n/a,3,drawdown,20-30,launch_300,9,2817,0.10000355000177501,31,0.011004614838480652,0.004863502431751216,0.9909241214338481,2.2626933969719816,1.5962818862935824,3.2029488445345335,False,build
realized_vol_12m,n/a,3,drawdown,20-30,launch_300,10,2823,0.10021655010827506,44,0.015586255756287637,0.004863502431751216,0.9909241214338481,3.2047389664150834,2.3915085885783474,4.28867171045041,False,build
realized_vol_12m,n/a,3,drawdown,>30,win_50,1,2180,0.10015160564156751,271,0.1243119266055046,0.29599852988468783,0.9904445556718388,0.41997481086792154,0.3754044110157635,0.46901043144776844,True,build
realized_vol_12m,n/a,3,drawdown,>30,win_50,2,2174,0.09987595902053567,498,0.22907083716651333,0.29599852988468783,0.9904445556718388,0.7738918070159081,0.7158581890369764,0.8351544107152267,True,build
realized_vol_12m,n/a,3,drawdown,>30,win_50,3,2176,0.09996784122754629,571,0.2624080882352941,0.29599852988468783,0.9904445556718388,0.8865182145922158,0.8255227249138719,0.9503427721917901,True,build
realized_vol_12m,n/a,3,drawdown,>30,win_50,4,2176,0.09996784122754629,603,0.2771139705882353,0.29599852988468783,0.9904445556718388,0.9362004963206763,0.8740375114106461,1.0010174424334082,True,build
realized_vol_12m,n/a,3,drawdown,>30,win_50,5,2174,0.09987595902053567,689,0.3169273229070837,0.29599852988468783,0.9904445556718388,1.070705732999921,1.005770222896389,1.1378231383780097,True,build
realized_vol_12m,n/a,3,drawdown,>30,win_50,6,2177,0.1000137823310516,689,0.3164905833716123,0.29599852988468783,0.9904445556718388,1.0692302542681802,1.0043656369572949,1.136278963389236,True,build
realized_vol_12m,n/a,3,drawdown,>30,win_50,7,2177,0.1000137823310516,753,0.34588883785025265,0.29599852988468783,0.9904445556718388,1.1685491748388095,1.1020164702621904,1.2369160791709035,True,build
realized_vol_12m,n/a,3,drawdown,>30,win_50,8,2175,0.09992190012404098,736,0.33839080459770116,0.29599852988468783,0.9904445556718388,1.1432178556073507,1.0770529657145225,1.2113079508867324,True,build
realized_vol_12m,n/a,3,drawdown,>30,win_50,9,2175,0.09992190012404098,827,0.38022988505747124,0.29599852988468783,0.9904445556718388,1.2845668024283683,1.216413782585524,1.3541466103315174,True,build
realized_vol_12m,n/a,3,drawdown,>30,win_50,10,2183,0.10028942895208343,806,0.3692166743014201,0.29599852988468783,0.9904445556718388,1.2473598245412092,1.1797985348839648,1.3164734000838085,True,build
realized_vol_12m,n/a,3,drawdown,>30,win_100,1,2180,0.10015160564156751,38,0.01743119266055046,0.09845178481187118,0.9904445556718388,0.17705308942706574,0.12926056783384945,0.24208971887190744,False,build
realized_vol_12m,n/a,3,drawdown,>30,win_100,2,2174,0.09987595902053567,78,0.035878564857405704,0.09845178481187118,0.9904445556718388,0.36442777473222115,0.2929680513935987,0.45251809953272126,False,build
realized_vol_12m,n/a,3,drawdown,>30,win_100,3,2176,0.09996784122754629,107,0.04917279411764706,0.09845178481187118,0.9904445556718388,0.49946066708297876,0.41497909314956327,0.6000816563850186,True,build
realized_vol_12m,n/a,3,drawdown,>30,win_100,4,2176,0.09996784122754629,145,0.0666360294117647,0.09845178481187118,0.9904445556718388,0.6768392217479619,0.5779748979151421,0.7912177848189188,True,build
realized_vol_12m,n/a,3,drawdown,>30,win_100,5,2174,0.09987595902053567,206,0.09475620975160993,0.09845178481187118,0.9904445556718388,0.9624630973697123,0.844573763420535,1.0948733033584475,True,build
realized_vol_12m,n/a,3,drawdown,>30,win_100,6,2177,0.1000137823310516,232,0.1065686724850712,0.09845178481187118,0.9904445556718388,1.0824453075046871,0.9577562105669039,1.2212126142859168,True,build
realized_vol_12m,n/a,3,drawdown,>30,win_100,7,2177,0.1000137823310516,267,0.12264584290307763,0.09845178481187118,0.9904445556718388,1.2457452461368599,1.1124954529974727,1.3924979574156413,True,build
realized_vol_12m,n/a,3,drawdown,>30,win_100,8,2175,0.09992190012404098,303,0.1393103448275862,0.09845178481187118,0.9904445556718388,1.4150108613448757,1.2736472097169316,1.5692929700628766,True,build
realized_vol_12m,n/a,3,drawdown,>30,win_100,9,2175,0.09992190012404098,351,0.16137931034482758,0.09845178481187118,0.9904445556718388,1.639170997795549,1.4882195157091889,1.8022505151232437,True,build
realized_vol_12m,n/a,3,drawdown,>30,win_100,10,2183,0.10028942895208343,416,0.19056344480073292,0.09845178481187118,0.9904445556718388,1.9356017279409956,1.7738352595158577,2.10841042943635,True,build
realized_vol_12m,n/a,3,drawdown,>30,launch_300,1,2180,0.10015160564156751,4,0.001834862385321101,0.029494188450406578,0.9904445556718388,0.06221098059390095,0.02420023609664587,0.1596429990847244,False,build
realized_vol_12m,n/a,3,drawdown,>30,launch_300,2,2174,0.09987595902053567,8,0.0036798528058877645,0.029494188450406578,0.9904445556718388,0.12476535206504513,0.06326035739627524,0.24563465035094206,False,build
realized_vol_12m,n/a,3,drawdown,>30,launch_300,3,2176,0.09996784122754629,29,0.01332720588235294,0.029494188450406578,0.9904445556718388,0.4518587078522998,0.31515387166019465,0.6467205305193997,False,build
realized_vol_12m,n/a,3,drawdown,>30,launch_300,4,2176,0.09996784122754629,28,0.012867647058823529,0.029494188450406578,0.9904445556718388,0.43627737309877224,0.3023522889095595,0.6284143606529468,False,build
realized_vol_12m,n/a,3,drawdown,>30,launch_300,5,2174,0.09987595902053567,43,0.019779208831646734,0.029494188450406578,0.9904445556718388,0.6706137673496175,0.49899033225379386,0.8996758799026058,False,build
realized_vol_12m,n/a,3,drawdown,>30,launch_300,6,2177,0.1000137823310516,53,0.024345429490124023,0.029494188450406578,0.9904445556718388,0.8254314076503577,0.6326974464696642,1.0749796234419537,False,build
realized_vol_12m,n/a,3,drawdown,>30,launch_300,7,2177,0.1000137823310516,94,0.04317868626550299,0.029494188450406578,0.9904445556718388,1.4639726852666723,1.2007369216595676,1.7817731772277532,False,build
realized_vol_12m,n/a,3,drawdown,>30,launch_300,8,2175,0.09992190012404098,90,0.041379310344827586,0.029494188450406578,0.9904445556718388,1.402964872703835,1.1455178867356128,1.715241795612528,False,build
realized_vol_12m,n/a,3,drawdown,>30,launch_300,9,2175,0.09992190012404098,123,0.05655172413793103,0.029494188450406578,0.9904445556718388,1.9173853260285745,1.6139895462944864,2.2737971199772837,True,build
realized_vol_12m,n/a,3,drawdown,>30,launch_300,10,2183,0.10028942895208343,170,0.07787448465414568,0.029494188450406578,0.9904445556718388,2.640333189200606,2.283846415079952,3.0471021364205,True,build
realized_vol_12m,n/a,3,mst,0-12,win_50,1,29265,0.1001471494079803,944,0.03225696224158551,0.11942372185339813,0.9817076243428015,0.27010514947091857,0.2536623143044107,0.2875760894268407,True,build
realized_vol_12m,n/a,3,mst,0-12,win_50,2,29205,0.09994182465265895,1883,0.06447526108543057,0.11942372185339813,0.9817076243428015,0.5398865492115457,0.5167769171727988,0.5639554362695594,True,build
realized_vol_12m,n/a,3,mst,0-12,win_50,3,29215,0.0999760454452125,2469,0.08451138113982543,0.11942372185339813,0.9817076243428015,0.7076599173786402,0.6814073310275283,0.7348273154557284,True,build
realized_vol_12m,n/a,3,mst,0-12,win_50,4,29201,0.09992813633563753,2749,0.09414061162288963,0.11942372185339813,0.9817076243428015,0.7882907194807957,0.7606895945781541,0.8167858830996239,True,build
realized_vol_12m,n/a,3,mst,0-12,win_50,5,29192,0.09989733762233934,3378,0.11571663469443683,0.11942372185339813,0.9817076243428015,0.9689585360309567,0.9386540947618399,1.0001097486809312,True,build
realized_vol_12m,n/a,3,mst,0-12,win_50,6,29225,0.10001026623776607,3752,0.12838323353293413,0.11942372185339813,0.9817076243428015,1.0750228810531839,1.0433171502836378,1.1075465477433417,True,build
realized_vol_12m,n/a,3,mst,0-12,win_50,7,29211,0.09996235712819108,4346,0.148779569340317,0.11942372185339813,0.9817076243428015,1.2458125323120932,1.212026782323141,1.280371695928279,True,build
realized_vol_12m,n/a,3,mst,0-12,win_50,8,29205,0.09994182465265895,4649,0.15918507104947782,0.11942372185339813,0.9817076243428015,1.332943477049642,1.298184894117169,1.368452714082848,True,build
realized_vol_12m,n/a,3,mst,0-12,win_50,9,29215,0.0999760454452125,5198,0.17792230018825947,0.11942372185339813,0.9817076243428015,1.489840522695088,1.4534738088428019,1.5269163786106914,True,build
realized_vol_12m,n/a,3,mst,0-12,win_50,10,29286,0.10021901307234275,5530,0.18882742607389197,0.11942372185339813,0.9817076243428015,1.5811550933380913,1.5439644446855165,1.6190292126475898,True,build
realized_vol_12m,n/a,3,mst,0-12,win_100,1,29265,0.1001471494079803,59,0.0020160601400990943,0.028211621381151186,0.9817076243428015,0.07146204441287693,0.055416979512633295,0.09214059624522676,False,build
realized_vol_12m,n/a,3,mst,0-12,win_100,2,29205,0.09994182465265895,159,0.005444273240883411,0.028211621381151186,0.9817076243428015,0.19297980670195905,0.16528447424285947,0.225286180774361,True,build
realized_vol_12m,n/a,3,mst,0-12,win_100,3,29215,0.0999760454452125,255,0.008728392948827657,0.028211621381151186,0.9817076243428015,0.3093899790764699,0.2738049048428529,0.349553907466589,True,build
realized_vol_12m,n/a,3,mst,0-12,win_100,4,29201,0.09992813633563753,329,0.011266737440498614,0.028211621381151186,0.9817076243428015,0.39936511582514617,0.3586760313784606,0.4446115796458388,True,build
realized_vol_12m,n/a,3,mst,0-12,win_100,5,29192,0.09989733762233934,512,0.017539051795012334,0.028211621381151186,0.9817076243428015,0.6216959868435837,0.5705258823542885,0.6773663689656636,True,build
realized_vol_12m,n/a,3,mst,0-12,win_100,6,29225,0.10001026623776607,670,0.022925577416595382,0.028211621381151186,0.9817076243428015,0.8126288491845588,0.7539919078981232,0.875710799726355,True,build
realized_vol_12m,n/a,3,mst,0-12,win_100,7,29211,0.09996235712819108,924,0.03163191948238677,0.028211621381151186,0.9817076243428015,1.1212372041658252,1.0522487680383767,1.1945916218227486,True,build
realized_vol_12m,n/a,3,mst,0-12,win_100,8,29205,0.09994182465265895,1234,0.04225303886320835,0.028211621381151186,0.9817076243428015,1.4977174935233801,1.4180492034810661,1.5816536348349453,True,build
realized_vol_12m,n/a,3,mst,0-12,win_100,9,29215,0.0999760454452125,1724,0.059010782132466195,0.028211621381151186,0.9817076243428015,2.0917189173640556,1.9979782065592484,2.189569829703459,True,build
realized_vol_12m,n/a,3,mst,0-12,win_100,10,29286,0.10021901307234275,2378,0.0811992078126067,0.028211621381151186,0.9817076243428015,2.8782184021106176,2.76926957965734,2.9910611587902682,True,build
realized_vol_12m,n/a,3,mst,0-12,launch_300,1,29265,0.1001471494079803,4,0.00013668204339654878,0.007271918417630552,0.9817076243428015,0.018795871398277406,0.007309518228220527,0.04832581339674646,False,build
realized_vol_12m,n/a,3,mst,0-12,launch_300,2,29205,0.09994182465265895,13,0.0004451292586885807,0.007271918417630552,0.9817076243428015,0.06121208092893038,0.03577668348749189,0.10471697493911868,False,build
realized_vol_12m,n/a,3,mst,0-12,launch_300,3,29215,0.0999760454452125,36,0.001232243710422728,0.007271918417630552,0.9817076243428015,0.16945235626340216,0.12242393366005025,0.23451563011593823,False,build
realized_vol_12m,n/a,3,mst,0-12,launch_300,4,29201,0.09992813633563753,59,0.002020478750727715,0.007271918417630552,0.9817076243428015,0.2778467296647778,0.2154630942302564,0.3582453464532777,False,build
realized_vol_12m,n/a,3,mst,0-12,launch_300,5,29192,0.09989733762233934,85,0.002911756645656344,0.007271918417630552,0.9817076243428015,0.4004110715264456,0.3239376915205204,0.49487273329873643,False,build
realized_vol_12m,n/a,3,mst,0-12,launch_300,6,29225,0.10001026623776607,100,0.003421727972626176,0.007271918417630552,0.9817076243428015,0.4705399285462688,0.3870181022513031,0.572011293794576,True,build
realized_vol_12m,n/a,3,mst,0-12,launch_300,7,29211,0.09996235712819108,187,0.006401697990483037,0.007271918417630552,0.9817076243428015,0.880331382013625,0.7631779998478064,1.0153351377652258,True,build
realized_vol_12m,n/a,3,mst,0-12,launch_300,8,29205,0.09994182465265895,275,0.009416195856873822,0.007271918417630552,0.9817076243428015,1.2948709427273735,1.1511763355771159,1.456310552248429,True,build
realized_vol_12m,n/a,3,mst,0-12,launch_300,9,29215,0.0999760454452125,493,0.016874893034400137,0.007271918417630552,0.9817076243428015,2.3205558788293685,2.1260108953707655,2.5325700938671916,True,build
realized_vol_12m,n/a,3,mst,0-12,launch_300,10,29286,0.10021901307234275,873,0.029809465273509528,0.007271918417630552,0.9817076243428015,4.0992573845764495,3.8397813557955387,4.375693733583956,True,build
realized_vol_12m,n/a,3,mst,13-24,win_50,1,3364,0.10017867778439547,94,0.02794292508917955,0.12147111375818939,0.9897721578683645,0.2300376132617429,0.18843364853665764,0.280506931193391,False,build
realized_vol_12m,n/a,3,mst,13-24,win_50,2,3356,0.09994044073853484,227,0.06764004767580453,0.12147111375818939,0.9897721578683645,0.5568405984195921,0.49088662998293214,0.6309337317400191,True,build
realized_vol_12m,n/a,3,mst,13-24,win_50,3,3357,0.09997022036926742,311,0.09264224009532321,0.12147111375818939,0.9897721578683645,0.7626688949254605,0.6857163421348844,0.8472876652562293,True,build
realized_vol_12m,n/a,3,mst,13-24,win_50,4,3356,0.09994044073853484,340,0.10131108462455304,0.12147111375818939,0.9897721578683645,0.8340343764874948,0.7537091267965099,0.9218649346653716,True,build
realized_vol_12m,n/a,3,mst,13-24,win_50,5,3353,0.09985110184633711,449,0.1339099314047122,0.12147111375818939,0.9897721578683645,1.1024014455921147,1.0109463346162326,1.2007543516463355,True,build
realized_vol_12m,n/a,3,mst,13-24,win_50,6,3360,0.10005955926146516,507,0.15089285714285713,0.12147111375818939,0.9897721578683645,1.2422118516443106,1.1458596581535399,1.3451281632457857,True,build
realized_vol_12m,n/a,3,mst,13-24,win_50,7,3357,0.09997022036926742,574,0.17098599940422995,0.12147111375818939,0.9897721578683645,1.40762683500712,1.3058888549553926,1.515556652187288,True,build
realized_vol_12m,n/a,3,mst,13-24,win_50,8,3356,0.09994044073853484,537,0.1600119189511323,0.12147111375818939,0.9897721578683645,1.3172837063934844,1.2183800575905857,1.4225876220002271,True,build
realized_vol_12m,n/a,3,mst,13-24,win_50,9,3357,0.09997022036926742,536,0.15966636878165028,0.12147111375818939,0.9897721578683645,1.3144389957557776,1.2156419803880534,1.4196408766004085,True,build
realized_vol_12m,n/a,3,mst,13-24,win_50,10,3364,0.10017867778439547,504,0.14982164090368608,0.12147111375818939,0.9897721578683645,1.233393160467217,1.1373972408183417,1.3359655197113889,True,build
realized_vol_12m,n/a,3,mst,13-24,win_100,1,3364,0.10017867778439547,0,0.0,0.025759380583680762,0.9897721578683645,0.0,0.0,0.04428015519367576,False,build
realized_vol_12m,n/a,3,mst,13-24,win_100,2,3356,0.09994044073853484,11,0.0032777115613825984,0.025759380583680762,0.9897721578683645,0.12724341529621694,0.07109004821667929,0.22749140516808591,False,build
realized_vol_12m,n/a,3,mst,13-24,win_100,3,3357,0.09997022036926742,26,0.0077450104259755735,0.025759380583680762,0.9897721578683645,0.3006675723748668,0.20539859795115634,0.43962160008978357,False,build
realized_vol_12m,n/a,3,mst,13-24,win_100,4,3356,0.09994044073853484,40,0.011918951132300357,0.025759380583680762,0.9897721578683645,0.46270332834987976,0.3402772090229329,0.628456977451175,False,build
realized_vol_12m,n/a,3,mst,13-24,win_100,5,3353,0.09985110184633711,67,0.01998210557709514,0.025759380583680762,0.9897721578683645,0.7757215089928957,0.6120389591077321,0.9820538949398453,False,build
realized_vol_12m,n/a,3,mst,13-24,win_100,6,3360,0.10005955926146516,100,0.02976190476190476,0.025759380583680762,0.9897721578683645,1.1553812276355628,0.9523276700198311,1.4001287370100186,True,build
realized_vol_12m,n/a,3,mst,13-24,win_100,7,3357,0.09997022036926742,149,0.04438486744116771,0.025759380583680762,0.9897721578683645,1.7230564724559672,1.4722172254542352,2.0143291772543104,True,build
realized_vol_12m,n/a,3,mst,13-24,win_100,8,3356,0.09994044073853484,129,0.03843861740166865,0.025759380583680762,0.9897721578683645,1.4922182339283623,1.2595117309332668,1.765898084677099,True,build
realized_vol_12m,n/a,3,mst,13-24,win_100,9,3357,0.09997022036926742,176,0.052427762883526956,0.025759380583680762,0.9897721578683645,2.035288182229867,1.7619412465551507,2.3483548108365278,True,build
realized_vol_12m,n/a,3,mst,13-24,win_100,10,3364,0.10017867778439547,167,0.049643281807372173,0.025759380583680762,0.9897721578683645,1.9271923735162515,1.6616562580390892,2.2326122197415823,True,build
realized_vol_12m,n/a,3,mst,13-24,launch_300,1,3364,0.10017867778439547,0,0.0,0.00357355568790947,0.9897721578683645,0.0,0.0,0.3191861186877461,False,build
realized_vol_12m,n/a,3,mst,13-24,launch_300,2,3356,0.09994044073853484,0,0.0,0.00357355568790947,0.9897721578683645,0.0,0.0,0.31994612149762636,False,build
realized_vol_12m,n/a,3,mst,13-24,launch_300,3,3357,0.09997022036926742,0,0.0,0.00357355568790947,0.9897721578683645,0.0,0.0,0.3198509232785458,False,build
realized_vol_12m,n/a,3,mst,13-24,launch_300,4,3356,0.09994044073853484,0,0.0,0.00357355568790947,0.9897721578683645,0.0,0.0,0.31994612149762636,False,build
realized_vol_12m,n/a,3,mst,13-24,launch_300,5,3353,0.09985110184633711,3,0.000894721145243066,0.00357355568790947,0.9897721578683645,0.25037280047718463,0.08516210882918147,0.7352425118089906,False,build
realized_vol_12m,n/a,3,mst,13-24,launch_300,6,3360,0.10005955926146516,8,0.002380952380952381,0.00357355568790947,0.9897721578683645,0.6662698412698413,0.3377489791872425,1.312834630301846,False,build
realized_vol_12m,n/a,3,mst,13-24,launch_300,7,3357,0.09997022036926742,10,0.002978850163836759,0.00357355568790947,0.9897721578683645,0.8335815708469865,0.45301748066800035,1.532091008354095,False,build
realized_vol_12m,n/a,3,mst,13-24,launch_300,8,3356,0.09994044073853484,24,0.007151370679380214,0.00357355568790947,0.9897721578683645,2.00119189511323,1.3461289016047504,2.971624903494817,False,build
realized_vol_12m,n/a,3,mst,13-24,launch_300,9,3357,0.09997022036926742,17,0.00506404527852249,0.00357355568790947,0.9897721578683645,1.4170886704398769,0.885450549389856,2.2653382356527243,False,build
realized_vol_12m,n/a,3,mst,13-24,launch_300,10,3364,0.10017867778439547,58,0.017241379310344827,0.00357355568790947,0.9897721578683645,4.824712643678161,3.7389744484420264,6.218630539716256,False,build
realized_vol_12m,n/a,3,mst,>24,win_50,1,6091,0.10014633103697736,134,0.02199967164669184,0.0996366386609888,0.9835697074567007,0.22079901472334065,0.18673981826268002,0.26090566971049955,True,build
realized_vol_12m,n/a,3,mst,>24,win_50,2,6078,0.09993258907285313,333,0.05478775913129319,0.0996366386609888,0.9835697074567007,0.5498756267531986,0.4952278252877002,0.6101681055146195,True,build
realized_vol_12m,n/a,3,mst,>24,win_50,3,6081,0.09998191414149718,422,0.06939648084196678,0.0996366386609888,0.9835697074567007,0.6964956041731455,0.6350810709350898,0.763366904591719,True,build
realized_vol_12m,n/a,3,mst,>24,win_50,4,6078,0.09993258907285313,451,0.07420204014478447,0.0996366386609888,0.9835697074567007,0.7447264494465241,0.681259057529669,0.8135923723470632,True,build
realized_vol_12m,n/a,3,mst,>24,win_50,5,6075,0.09988326400420908,574,0.09448559670781893,0.0996366386609888,0.9835697074567007,0.948301728938326,0.8770301087960355,1.024717249877224,True,build
realized_vol_12m,n/a,3,mst,>24,win_50,6,6084,0.10003123921014123,709,0.11653517422748191,0.0996366386609888,0.9835697074567007,1.169601622391036,1.091098903325424,1.2529613550205259,True,build
realized_vol_12m,n/a,3,mst,>24,win_50,7,6080,0.09996547245194916,730,0.12006578947368421,0.0996366386609888,0.9835697074567007,1.2050365316136877,1.1254351544906551,1.2894533670692634,True,build
realized_vol_12m,n/a,3,mst,>24,win_50,8,6079,0.09994903076240115,869,0.14295114328014477,0.0996366386609888,0.9835697074567007,1.4347246675646346,1.348676692433628,1.525298785646036,True,build
realized_vol_12m,n/a,3,mst,>24,win_50,9,6080,0.09996547245194916,892,0.14671052631578949,0.0996366386609888,0.9835697074567007,1.4724555975334377,1.3854347419595119,1.5639542039724295,True,build
realized_vol_12m,n/a,3,mst,>24,win_50,10,6095,0.10021209779516943,946,0.15520918785890073,0.0996366386609888,0.9835697074567007,1.5577521476511882,1.468696548570569,1.6511670336807613,True,build
realized_vol_12m,n/a,3,mst,>24,win_100,1,6091,0.10014633103697736,2,0.0003283533081595797,0.020848062346886766,0.9835697074567007,0.01574982378199826,0.004319391267666115,0.05739248620424684,False,build
realized_vol_12m,n/a,3,mst,>24,win_100,2,6078,0.09993258907285313,11,0.0018098058571898651,0.020848062346886766,0.9835697074567007,0.08680930760263784,0.04848850023813684,0.15531715757238077,False,build
realized_vol_12m,n/a,3,mst,>24,win_100,3,6081,0.09998191414149718,40,0.00657786548265088,0.020848062346886766,0.9835697074567007,0.31551447675103245,0.23189277432904426,0.429019568158567,False,build
realized_vol_12m,n/a,3,mst,>24,win_100,4,6078,0.09993258907285313,52,0.008555445870352089,0.020848062346886766,0.9835697074567007,0.4103712723033789,0.31324160680581686,0.5372792390763234,False,build
realized_vol_12m,n/a,3,mst,>24,win_100,5,6075,0.09988326400420908,76,0.012510288065843622,0.020848062346886766,0.9835697074567007,0.6000695823759266,0.4800133406181706,0.7496790658115382,False,build
realized_vol_12m,n/a,3,mst,>24,win_100,6,6084,0.10003123921014123,107,0.017587113740959896,0.020848062346886766,0.9835697074567007,0.8435850511347963,0.6991364734933896,1.0172358612318366,True,build
realized_vol_12m,n/a,3,mst,>24,win_100,7,6080,0.09996547245194916,134,0.022039473684210525,0.020848062346886766,0.9835697074567007,1.0571473414411423,0.8940803901243161,1.2491660300956586,True,build
realized_vol_12m,n/a,3,mst,>24,win_100,8,6079,0.09994903076240115,218,0.035861161375226186,0.020848062346886766,0.9835697074567007,1.7201196340714762,1.5096029294324667,1.9587554701188497,True,build
realized_vol_12m,n/a,3,mst,>24,win_100,9,6080,0.09996547245194916,273,0.044901315789473685,0.020848062346886766,0.9835697074567007,2.1537404792047155,1.9175421988741965,2.4175056753003368,True,build
realized_vol_12m,n/a,3,mst,>24,win_100,10,6095,0.10021209779516943,355,0.05824446267432322,0.020848062346886766,0.9835697074567007,2.7937590412578963,2.524850763379822,3.0893601814023537,True,build
realized_vol_12m,n/a,3,mst,>24,launch_300,1,6091,0.10014633103697736,0,0.0,0.003584288321467914,0.9835697074567007,0.0,1.512437163594974e-17,0.1758453298155663,False,build
realized_vol_12m,n/a,3,mst,>24,launch_300,2,6078,0.09993258907285313,0,0.0,0.003584288321467914,0.9835697074567007,0.0,-1.512437163594974e-17,0.176221201055068,False,build
realized_vol_12m,n/a,3,mst,>24,launch_300,3,6081,0.09998191414149718,4,0.000657786548265088,0.003584288321467914,0.9835697074567007,0.1835194295964721,0.07137515636305651,0.4715663042465439,False,build
realized_vol_12m,n/a,3,mst,>24,launch_300,4,6078,0.09993258907285313,13,0.0021388614675880223,0.003584288321467914,0.9835697074567007,0.5967325381659225,0.34886347199967305,1.0200689799138223,False,build
realized_vol_12m,n/a,3,mst,>24,launch_300,5,6075,0.09988326400420908,21,0.0034567901234567903,0.003584288321467914,0.9835697074567007,0.9644285876090158,0.6311253549603086,1.4728210684612695,False,build
realized_vol_12m,n/a,3,mst,>24,launch_300,6,6084,0.10003123921014123,13,0.002136752136752137,0.003584288321467914,0.9835697074567007,0.59614404453854,0.3485193123465654,1.0190639594401223,False,build
realized_vol_12m,n/a,3,mst,>24,launch_300,7,6080,0.09996547245194916,14,0.002302631578947368,0.003584288321467914,0.9835697074567007,0.642423647996137,0.3828275046136581,1.077371783317347,False,build
realized_vol_12m,n/a,3,mst,>24,launch_300,8,6079,0.09994903076240115,45,0.007402533311399902,0.003584288321467914,0.9835697074567007,2.06527283730575,1.5448380522968443,2.7592913154425744,False,build
realized_vol_12m,n/a,3,mst,>24,launch_300,9,6080,0.09996547245194916,38,0.00625,0.003584288321467914,0.9835697074567007,1.7437213302752295,1.2713939740416476,2.390009915788412,False,build
realized_vol_12m,n/a,3,mst,>24,launch_300,10,6095,0.10021209779516943,70,0.011484823625922888,0.003584288321467914,0.9835697074567007,3.2042131089553028,2.539074392468369,4.041045368840677,False,build
realized_vol_12m,n/a,6,all,ALL,win_50,1,38276,0.10015438155794541,1282,0.03349357299613335,0.11601119920454248,0.97138238411505,0.2887098247909663,0.27357187144292466,0.3046548529059519,True,build
realized_vol_12m,n/a,6,all,ALL,win_50,2,38194,0.09993981735876704,2483,0.06501021102791014,0.11601119920454248,0.97138238411505,0.560378751996942,0.5394405587015803,0.5820711105277584,True,build
realized_vol_12m,n/a,6,all,ALL,win_50,3,38209,0.09997906690739723,3125,0.08178701353084351,0.11601119920454248,0.97138238411505,0.7049923980756602,0.6816678943940526,0.7290416955252825,True,build
realized_vol_12m,n/a,6,all,ALL,win_50,4,38192,0.09993458408561635,3506,0.09179932970255551,0.11601119920454248,0.97138238411505,0.7912971362420075,0.7666881485653889,0.8166138804729821,True,build
realized_vol_12m,n/a,6,all,ALL,win_50,5,38174,0.09988748462726012,4255,0.11146329962801907,0.11601119920454248,0.97138238411505,0.9607977539435233,0.9339215555358831,0.9883479322529051,True,build
realized_vol_12m,n/a,6,all,ALL,win_50,6,38225,0.10002093309260277,4925,0.12884238064094178,0.11601119920454248,0.97138238411505,1.1106029549248628,1.0819738713213272,1.1398750126771717,True,build
realized_vol_12m,n/a,6,all,ALL,win_50,7,38207,0.09997383363424654,5667,0.14832360562200644,0.11601119920454248,0.97138238411505,1.2785283372555531,1.248113271920338,1.309552915467316,True,build
realized_vol_12m,n/a,6,all,ALL,win_50,8,38194,0.09993981735876704,5928,0.15520762423417292,0.11601119920454248,0.97138238411505,1.337867596390605,1.306863912498713,1.3694690654026191,True,build
realized_vol_12m,n/a,6,all,ALL,win_50,9,38209,0.09997906690739723,6292,0.16467324452354157,0.11601119920454248,0.97138238411505,1.419459893981457,1.3876950763341995,1.4518058574813815,True,build
realized_vol_12m,n/a,6,all,ALL,win_50,10,38290,0.10019101447000026,6873,0.1794985635936276,0.11601119920454248,0.97138238411505,1.5472520310487337,1.5143955362786794,1.5806628034008754,True,build
realized_vol_12m,n/a,6,all,ALL,win_100,1,38276,0.10015438155794541,86,0.00224683875013063,0.0265640945129131,0.97138238411505,0.08458179325624733,0.06850819734703956,0.10441614436228275,False,build
realized_vol_12m,n/a,6,all,ALL,win_100,2,38194,0.09993981735876704,205,0.0053673351835366815,0.0265640945129131,0.97138238411505,0.2020522544417074,0.1762781801375094,0.23157152981862578,True,build
realized_vol_12m,n/a,6,all,ALL,win_100,3,38209,0.09997906690739723,346,0.009055458138134994,0.0265640945129131,0.97138238411505,0.34089090195538324,0.30694626969627736,0.3785513508215602,True,build
realized_vol_12m,n/a,6,all,ALL,win_100,4,38192,0.09993458408561635,451,0.011808755760368663,0.0265640945129131,0.97138238411505,0.4445382376812541,0.4055627715727674,0.48721032602783443,True,build
realized_vol_12m,n/a,6,all,ALL,win_100,5,38174,0.09988748462726012,616,0.016136637501964687,0.0265640945129131,0.97138238411505,0.6074604761747286,0.5616783214786303,0.6569082094743286,True,build
realized_vol_12m,n/a,6,all,ALL,win_100,6,38225,0.10002093309260277,946,0.02474820143884892,0.0265640945129131,0.97138238411505,0.9316410701226253,0.8747856254337992,0.9920920521254415,True,build
realized_vol_12m,n/a,6,all,ALL,win_100,7,38207,0.09997383363424654,1181,0.030910566126626012,0.0265640945129131,0.97138238411505,1.163622050493761,1.1000458548694638,1.2307488335943209,True,build
realized_vol_12m,n/a,6,all,ALL,win_100,8,38194,0.09993981735876704,1528,0.04000628370948316,0.0265640945129131,0.97138238411505,1.5060285111557508,1.4337664761207083,1.5817734721725112,True,build
realized_vol_12m,n/a,6,all,ALL,win_100,9,38209,0.09997906690739723,1997,0.05226517312675024,0.0265640945129131,0.97138238411505,1.9675119398985559,1.8851856156808056,2.0532270389440095,True,build
realized_vol_12m,n/a,6,all,ALL,win_100,10,38290,0.10019101447000026,2796,0.0730216766779838,0.0265640945129131,0.97138238411505,2.7488863451561336,2.652389965271411,2.848607564211564,True,build
realized_vol_12m,n/a,6,all,ALL,launch_300,1,38276,0.10015438155794541,11,0.00028738635176089454,0.006235444959049638,0.97138238411505,0.04608914899389889,0.025737506013532297,0.08252534201118504,False,build
realized_vol_12m,n/a,6,all,ALL,launch_300,2,38194,0.09993981735876704,22,0.0005760067026234487,0.006235444959049638,0.97138238411505,0.09237619871657715,0.06101156304280857,0.13985060348336226,False,build
realized_vol_12m,n/a,6,all,ALL,launch_300,3,38209,0.09997906690739723,44,0.0011515611505142768,0.006235444959049638,0.97138238411505,0.18467986776837647,0.1375982294105027,0.24784639332096747,False,build
realized_vol_12m,n/a,6,all,ALL,launch_300,4,38192,0.09993458408561635,83,0.002173229995810641,0.006235444959049638,0.97138238411505,0.34852845467853655,0.2812337682083876,0.43188222992926134,False,build
realized_vol_12m,n/a,6,all,ALL,launch_300,5,38174,0.09988748462726012,126,0.0033006758526745953,0.006235444959049638,0.97138238411505,0.5293408689117289,0.4447389701005617,0.6299730412727275,True,build
realized_vol_12m,n/a,6,all,ALL,launch_300,6,38225,0.10002093309260277,142,0.0037148463047743624,0.006235444959049638,0.97138238411505,0.5957628251345438,0.5056322212956564,0.7018889680576692,True,build
realized_vol_12m,n/a,6,all,ALL,launch_300,7,38207,0.09997383363424654,198,0.00518229643782553,0.006235444959049638,0.97138238411505,0.831102907949552,0.7233484973449869,0.9548130736728377,True,build
realized_vol_12m,n/a,6,all,ALL,launch_300,8,38194,0.09993981735876704,322,0.008430643556579567,0.006235444959049638,0.97138238411505,1.3520516357608112,1.2127202861397586,1.5072393898233514,True,build
realized_vol_12m,n/a,6,all,ALL,launch_300,9,38209,0.09997906690739723,485,0.012693344499986913,0.006235444959049638,0.97138238411505,2.0356758151741494,1.8633535496113047,2.2237108142498636,True,build
realized_vol_12m,n/a,6,all,ALL,launch_300,10,38290,0.10019101447000026,950,0.024810655523635414,0.006235444959049638,0.97138238411505,3.9789711378379127,3.736648776012799,4.236583112670098,True,build
realized_vol_12m,n/a,6,drawdown,0-10,win_50,1,29509,0.10014831004605418,719,0.024365447829475754,0.10077277339786121,0.9688676546506161,0.24178602025051424,0.22493414765268566,0.25986659139559243,True,build
realized_vol_12m,n/a,6,drawdown,0-10,win_50,2,29449,0.09994468069220405,1422,0.04828686882406873,0.10077277339786121,0.9688676546506161,0.4791658222348137,0.4554488799003211,0.504052044483323,True,build
realized_vol_12m,n/a,6,drawdown,0-10,win_50,3,29459,0.09997861891784574,1909,0.06480192810346583,0.10077277339786121,0.9688676546506161,0.6430499619934166,0.6157131902381084,0.6715128813270748,True,build
realized_vol_12m,n/a,6,drawdown,0-10,win_50,4,29448,0.09994128686963988,2152,0.07307796794349361,0.10077277339786121,0.9688676546506161,0.7251757144261012,0.696227086441019,0.7552294869639796,True,build
realized_vol_12m,n/a,6,drawdown,0-10,win_50,5,29429,0.09987680424092067,2703,0.09184817696829657,0.10077277339786121,0.9688676546506161,0.9114384160657222,0.8792209122464792,0.9447131572972156,True,build
realized_vol_12m,n/a,6,drawdown,0-10,win_50,6,29472,0.10002273861117993,3257,0.11051167209554831,0.10077277339786121,0.9688676546506161,1.0966421620573736,1.06162450758116,1.132667238019105,True,build
realized_vol_12m,n/a,6,drawdown,0-10,win_50,7,29457,0.0999718312727174,3870,0.13137794072716164,0.10077277339786121,0.9688676546506161,1.303704723978054,1.265899863323577,1.3424635204321467,True,build
realized_vol_12m,n/a,6,drawdown,0-10,win_50,8,29450,0.09994807451476821,4140,0.1405772495755518,0.10077277339786121,0.9688676546506161,1.394992365850034,1.3560639896251985,1.4348510925674347,True,build
realized_vol_12m,n/a,6,drawdown,0-10,win_50,9,29458,0.09997522509528158,4500,0.15275986149772558,0.10077277339786121,0.9688676546506161,1.515884264637771,1.4755665084179779,1.55710059311516,True,build
realized_vol_12m,n/a,6,drawdown,0-10,win_50,10,29522,0.10019242973938837,5021,0.1700765530790597,0.10077277339786121,0.9688676546506161,1.6877232544506846,1.6456220117946014,1.7306764074105114,True,build
realized_vol_12m,n/a,6,drawdown,0-10,win_100,1,29509,0.10014831004605418,28,0.0009488630587278457,0.021547379459907076,0.9688676546506161,0.04403612330183272,0.03047226200467272,0.06362926871122405,False,build
realized_vol_12m,n/a,6,drawdown,0-10,win_100,2,29449,0.09994468069220405,90,0.003056130938232198,0.021547379459907076,0.9688676546506161,0.1418330680962249,0.11543110359508775,0.1742510884837837,False,build
realized_vol_12m,n/a,6,drawdown,0-10,win_100,3,29459,0.09997861891784574,144,0.004888149631691503,0.021547379459907076,0.9688676546506161,0.2268558754806736,0.19277120503159784,0.26693238881563813,True,build
realized_vol_12m,n/a,6,drawdown,0-10,win_100,4,29448,0.09994128686963988,193,0.006553925563705515,0.021547379459907076,0.9688676546506161,0.30416346339935757,0.26427810703457455,0.3500227338027144,True,build
realized_vol_12m,n/a,6,drawdown,0-10,win_100,5,29429,0.09987680424092067,327,0.011111488667640763,0.021547379459907076,0.9688676546506161,0.5156770310893611,0.4629821894127669,0.5742944313490388,True,build
realized_vol_12m,n/a,6,drawdown,0-10,win_100,6,29472,0.10002273861117993,493,0.016727741585233442,0.021547379459907076,0.9688676546506161,0.7763237110275303,0.7112359537090424,0.8472574490634863,True,build
realized_vol_12m,n/a,6,drawdown,0-10,win_100,7,29457,0.0999718312727174,652,0.022133957972638084,0.021547379459907076,0.9688676546506161,1.0272227309043518,0.9520957764067591,1.1081332121386522,True,build
realized_vol_12m,n/a,6,drawdown,0-10,win_100,8,29450,0.09994807451476821,995,0.033786078098471985,0.021547379459907076,0.9688676546506161,1.567990119695868,1.4750095766024705,1.6666145070096752,True,build
realized_vol_12m,n/a,6,drawdown,0-10,win_100,9,29458,0.09997522509528158,1395,0.04735555706429493,0.021547379459907076,0.9688676546506161,2.1977408970965024,2.0878890815218045,2.3130708009868313,True,build
realized_vol_12m,n/a,6,drawdown,0-10,win_100,10,29522,0.10019242973938837,2032,0.06883002506605243,0.021547379459907076,0.9688676546506161,3.1943571232930457,3.06291950014592,3.3310016310317674,True,build
realized_vol_12m,n/a,6,drawdown,0-10,launch_300,1,29509,0.10014831004605418,0,0.0,0.004992312991892158,0.9688676546506161,0.0,0.0,0.026072540967882467,False,build
realized_vol_12m,n/a,6,drawdown,0-10,launch_300,2,29449,0.09994468069220405,4,0.0001358280416992088,0.004992312991892158,0.9688676546506161,0.02720743709775457,0.010580686797209162,0.06995274497745615,False,build
realized_vol_12m,n/a,6,drawdown,0-10,launch_300,3,29459,0.09997861891784574,8,0.00027156386842730576,0.004992312991892158,0.9688676546506161,0.05439640280333849,0.0275652524074499,0.10733015589623064,False,build
realized_vol_12m,n/a,6,drawdown,0-10,launch_300,4,29448,0.09994128686963988,36,0.0012224938875305623,0.004992312991892158,0.9688676546506161,0.24487524911117795,0.1769143720035471,0.33889878897916453,False,build
realized_vol_12m,n/a,6,drawdown,0-10,launch_300,5,29429,0.09987680424092067,58,0.0019708450847803188,0.004992312991892158,0.9688676546506161,0.39477594613580913,0.3054732401585863,0.5101190103963883,False,build
realized_vol_12m,n/a,6,drawdown,0-10,launch_300,6,29472,0.10002273861117993,56,0.0019001085776330076,0.004992312991892158,0.9688676546506161,0.380606861132086,0.293180593678119,0.49403919181823186,False,build
realized_vol_12m,n/a,6,drawdown,0-10,launch_300,7,29457,0.0999718312727174,84,0.0028516142173337406,0.004992312991892158,0.9688676546506161,0.5712010088239555,0.4615277068505574,0.7068439111126208,False,build
realized_vol_12m,n/a,6,drawdown,0-10,launch_300,8,29450,0.09994807451476821,178,0.006044142614601018,0.004992312991892158,0.9688676546506161,1.210689839442579,1.0458182083142182,1.4013704346955038,True,build
realized_vol_12m,n/a,6,drawdown,0-10,launch_300,9,29458,0.09997522509528158,342,0.011609749473827143,0.004992312991892158,0.9688676546506161,2.3255251609188234,2.092934352392099,2.583627204053815,True,build
realized_vol_12m,n/a,6,drawdown,0-10,launch_300,10,29522,0.10019242973938837,705,0.023880495901361695,0.004992312991892158,0.9688676546506161,4.7834532690849265,4.446807233528751,5.144915663929225,True,build
realized_vol_12m,n/a,6,drawdown,10-20,win_50,1,3799,0.10013178703215604,68,0.017899447222953408,0.07991565629942014,0.9752210569607238,0.22397923075160034,0.17699189211779762,0.28315432461633067,False,build
realized_vol_12m,n/a,6,drawdown,10-20,win_50,2,3792,0.09994728518713758,197,0.05195147679324894,0.07991565629942014,0.9752210569607238,0.6500788355989,0.5672268442809085,0.7442786171570162,True,build
realized_vol_12m,n/a,6,drawdown,10-20,win_50,3,3794,0.1,227,0.059831312598840274,0.07991565629942014,0.9752210569607238,0.7486807387862796,0.6597000322412067,0.8488037910045169,True,build
realized_vol_12m,n/a,6,drawdown,10-20,win_50,4,3790,0.09989457037427517,252,0.06649076517150396,0.07991565629942014,0.9752210569607238,0.8320117515194129,0.7381513480103215,0.9368574946850321,True,build
realized_vol_12m,n/a,6,drawdown,10-20,win_50,5,3791,0.09992092778070638,307,0.08098127143233975,0.07991565629942014,0.9752210569607238,1.0133342474086313,0.9099012903969816,1.1273825493934222,True,build
realized_vol_12m,n/a,6,drawdown,10-20,win_50,6,3796,0.10005271481286242,335,0.08825079030558483,0.07991565629942014,0.9752210569607238,1.1042991372671136,0.9965302134936889,1.2224855155224394,True,build
realized_vol_12m,n/a,6,drawdown,10-20,win_50,7,3792,0.09994728518713758,397,0.10469409282700422,0.07991565629942014,0.9752210569607238,1.3100573488972755,1.1930871442487556,1.437039523863598,True,build
realized_vol_12m,n/a,6,drawdown,10-20,win_50,8,3792,0.09994728518713758,403,0.10627637130801688,0.07991565629942014,0.9752210569607238,1.329856704296227,1.2120590029942278,1.4576263013183592,True,build
realized_vol_12m,n/a,6,drawdown,10-20,win_50,9,3794,0.1,389,0.10253031101739589,0.07991565629942014,0.9752210569607238,1.2829815303430079,1.167186207777481,1.4088383243307694,True,build
realized_vol_12m,n/a,6,drawdown,10-20,win_50,10,3800,0.10015814443858724,457,0.12026315789473684,0.07991565629942014,0.9752210569607238,1.5048760588807109,1.3802413600815593,1.6391081807808565,True,build
realized_vol_12m,n/a,6,drawdown,10-20,win_100,1,3799,0.10013178703215604,2,0.0005264543300868649,0.015471797575118608,0.9752210569607238,0.03402670746762463,0.009332117866602523,0.12394263159785818,False,build
realized_vol_12m,n/a,6,drawdown,10-20,win_100,2,3792,0.09994728518713758,6,0.0015822784810126582,0.015471797575118608,0.9752210569607238,0.10226856144739396,0.046883231826195935,0.22285737785281115,False,build
realized_vol_12m,n/a,6,drawdown,10-20,win_100,3,3794,0.1,15,0.003953610964681075,0.015471797575118608,0.9752210569607238,0.2555366269165247,0.15495640590984144,0.42097594094313767,False,build
realized_vol_12m,n/a,6,drawdown,10-20,win_100,4,3790,0.09989457037427517,29,0.007651715039577837,0.015471797575118608,0.9752210569607238,0.49455889029230515,0.34469005304214817,0.7088711595396642,False,build
realized_vol_12m,n/a,6,drawdown,10-20,win_100,5,3791,0.09992092778070638,37,0.009759957794777103,0.015471797575118608,0.9752210569607238,0.6308224850661726,0.45820464934255967,0.8675908959083216,False,build
realized_vol_12m,n/a,6,drawdown,10-20,win_100,6,3796,0.10005271481286242,67,0.017650158061116965,0.015471797575118608,0.9752210569607238,1.1407955653130795,0.8998812192813093,1.444744957260882,False,build
realized_vol_12m,n/a,6,drawdown,10-20,win_100,7,3792,0.09994728518713758,86,0.02267932489451477,0.015471797575118608,0.9752210569607238,1.46584938074598,1.1893664654701672,1.8047758468574733,False,build
realized_vol_12m,n/a,6,drawdown,10-20,win_100,8,3792,0.09994728518713758,75,0.01977848101265823,0.015471797575118608,0.9752210569607238,1.2783570180924246,1.0217567401501155,1.5977803380633382,False,build
realized_vol_12m,n/a,6,drawdown,10-20,win_100,9,3794,0.1,101,0.02662098049551924,0.015471797575118608,0.9752210569607238,1.7206132879045997,1.4192205613894517,2.0839013019137926,True,build
realized_vol_12m,n/a,6,drawdown,10-20,win_100,10,3800,0.10015814443858724,169,0.04447368421052632,0.015471797575118608,0.9752210569607238,2.874500134492962,2.4797732767780643,3.3286940529804476,True,build
realized_vol_12m,n/a,6,drawdown,10-20,launch_300,1,3799,0.10013178703215604,0,0.0,0.0040063257775434895,0.9752210569607238,0.0,-2.7062256857960552e-17,0.25213997621089107,False,build
realized_vol_12m,n/a,6,drawdown,10-20,launch_300,2,3792,0.09994728518713758,0,0.0,0.0040063257775434895,0.9752210569607238,0.0,0.0,0.2526049534373098,False,build
realized_vol_12m,n/a,6,drawdown,10-20,launch_300,3,3794,0.1,1,0.0002635740643120717,0.0040063257775434895,0.9752210569607238,0.06578947368421054,0.011613835656109845,0.3723039495063598,False,build
realized_vol_12m,n/a,6,drawdown,10-20,launch_300,4,3790,0.09989457037427517,6,0.0015831134564643799,0.0040063257775434895,0.9752210569607238,0.3951534509095959,0.18115120834430054,0.861093586470299,False,build
realized_vol_12m,n/a,6,drawdown,10-20,launch_300,5,3791,0.09992092778070638,11,0.0029016090741229225,0.0040063257775434895,0.9752210569607238,0.7242568965277875,0.4046133759623285,1.2951056279381101,False,build
realized_vol_12m,n/a,6,drawdown,10-20,launch_300,6,3796,0.10005271481286242,14,0.0036880927291886197,0.0040063257775434895,0.9752210569607238,0.9205673562198436,0.5486914177270905,1.542921037529679,False,build
realized_vol_12m,n/a,6,drawdown,10-20,launch_300,7,3792,0.09994728518713758,16,0.004219409282700422,0.0040063257775434895,0.9752210569607238,1.0531867643793027,0.6487047217289708,1.7081420730961652,False,build
realized_vol_12m,n/a,6,drawdown,10-20,launch_300,8,3792,0.09994728518713758,26,0.006856540084388186,0.0040063257775434895,0.9752210569607238,1.7114284921163672,1.1690140165329854,2.5029839291595426,False,build
realized_vol_12m,n/a,6,drawdown,10-20,launch_300,9,3794,0.1,20,0.005271481286241434,0.0040063257775434895,0.9752210569607238,1.3157894736842106,0.852434394913218,2.0289546782671386,False,build
realized_vol_12m,n/a,6,drawdown,10-20,launch_300,10,3800,0.10015814443858724,58,0.015263157894736841,0.0040063257775434895,0.9752210569607238,3.8097645429362883,2.951844863602953,4.912063031782702,False,build
realized_vol_12m,n/a,6,drawdown,20-30,win_50,1,2808,0.10018552875695733,165,0.05876068376068376,0.18734836591979448,0.9859640482639744,0.31364396199665673,0.27035243652628704,0.36337065189072043,True,build
realized_vol_12m,n/a,6,drawdown,20-30,win_50,2,2801,0.09993577850720708,358,0.12781149589432345,0.18734836591979448,0.9859640482639744,0.682213027409274,0.6189248150092613,0.7509428936516213,True,build
realized_vol_12m,n/a,6,drawdown,20-30,win_50,3,2802,0.09997145711431425,411,0.14668094218415417,0.18734836591979448,0.9859640482639744,0.7829315268591647,0.7155928349709407,0.8554341471324196,True,build
realized_vol_12m,n/a,6,drawdown,20-30,win_50,4,2800,0.0999000999000999,482,0.17214285714285715,0.18734836591979448,0.9859640482639744,0.9188383165111409,0.8466137383332422,0.9958581029282758,True,build
realized_vol_12m,n/a,6,drawdown,20-30,win_50,5,2801,0.09993577850720708,572,0.20421278114958943,0.18734836591979448,0.9859640482639744,1.0900163454695664,1.0125179709895302,1.1718393340583544,True,build
realized_vol_12m,n/a,6,drawdown,20-30,win_50,6,2803,0.10000713572142143,614,0.21905101676774885,0.18734836591979448,0.9859640482639744,1.1692176533929661,1.0895722369419234,1.2529678117680567,True,build
realized_vol_12m,n/a,6,drawdown,20-30,win_50,7,2802,0.09997145711431425,680,0.2426837972876517,0.18734836591979448,0.9859640482639744,1.2953611636599318,1.2125514506696198,1.3819316770195442,True,build
realized_vol_12m,n/a,6,drawdown,20-30,win_50,8,2800,0.0999000999000999,649,0.2317857142857143,0.18734836591979448,0.9859640482639744,1.2371910112359552,1.1557601130601987,1.3225447867403244,True,build
realized_vol_12m,n/a,6,drawdown,20-30,win_50,9,2803,0.10000713572142143,661,0.23581876560827686,0.18734836591979448,0.9859640482639744,1.258718027512623,1.176800107238869,1.3444957082876565,True,build
realized_vol_12m,n/a,6,drawdown,20-30,win_50,10,2808,0.10018552875695733,659,0.23468660968660968,0.18734836591979448,0.9859640482639744,1.2526749754896775,1.1709756900303625,1.3382436697429008,True,build
realized_vol_12m,n/a,6,drawdown,20-30,win_100,1,2808,0.10018552875695733,4,0.0014245014245014246,0.03942486085343228,0.9859640482639744,0.03613205966147143,0.014054479008867688,0.09276346436890257,False,build
realized_vol_12m,n/a,6,drawdown,20-30,win_100,2,2801,0.09993577850720708,21,0.007497322384862549,0.03942486085343228,0.9859640482639744,0.19016737719721946,0.1245152110105777,0.2900376750572897,False,build
realized_vol_12m,n/a,6,drawdown,20-30,win_100,3,2802,0.09997145711431425,39,0.013918629550321198,0.03942486085343228,0.9859640482639744,0.35304194482932355,0.2586822899683352,0.48116155507001596,False,build
realized_vol_12m,n/a,6,drawdown,20-30,win_100,4,2800,0.0999000999000999,61,0.021785714285714287,0.03942486085343228,0.9859640482639744,0.5525882352941177,0.43114510302418263,0.7072686194135447,False,build
realized_vol_12m,n/a,6,drawdown,20-30,win_100,5,2801,0.09993577850720708,84,0.029989289539450195,0.03942486085343228,0.9859640482639744,0.7606695087888778,0.616065403176322,0.9379290477816937,False,build
realized_vol_12m,n/a,6,drawdown,20-30,win_100,6,2803,0.10000713572142143,123,0.04388155547627542,0.03942486085343228,0.9859640482639744,1.11304274831588,0.9360199688470994,1.3217331727456596,True,build
realized_vol_12m,n/a,6,drawdown,20-30,win_100,7,2802,0.09997145711431425,192,0.06852248394004283,0.03942486085343228,0.9859640482639744,1.7380526514674393,1.5154538756255373,1.9906189647939683,True,build
realized_vol_12m,n/a,6,drawdown,20-30,win_100,8,2800,0.0999000999000999,160,0.05714285714285714,0.03942486085343228,0.9859640482639744,1.4494117647058824,1.2463349031440933,1.6832684562104419,True,build
realized_vol_12m,n/a,6,drawdown,20-30,win_100,9,2803,0.10000713572142143,193,0.0688547984302533,0.03942486085343228,0.9859640482639744,1.746481710772072,1.5233785712546895,1.9995186390539184,True,build
realized_vol_12m,n/a,6,drawdown,20-30,win_100,10,2808,0.10018552875695733,228,0.0811965811965812,0.03942486085343228,0.9859640482639744,2.0595274007038715,1.817556746105703,2.3305232675080956,True,build
realized_vol_12m,n/a,6,drawdown,20-30,launch_300,1,2808,0.10018552875695733,0,0.0,0.004852290566576281,0.9859640482639744,0.0,-2.2344131242958614e-17,0.28155196278960243,False,build
realized_vol_12m,n/a,6,drawdown,20-30,launch_300,2,2801,0.09993577850720708,0,0.0,0.004852290566576281,0.9859640482639744,0.0,0.0,0.2822546277239382,False,build
realized_vol_12m,n/a,6,drawdown,20-30,launch_300,3,2802,0.09997145711431425,0,0.0,0.004852290566576281,0.9859640482639744,0.0,0.0,0.2821540323653407,False,build
realized_vol_12m,n/a,6,drawdown,20-30,launch_300,4,2800,0.0999000999000999,4,0.0014285714285714286,0.004852290566576281,0.9859640482639744,0.2944117647058823,0.11451898645720256,0.7558531083786578,False,build
realized_vol_12m,n/a,6,drawdown,20-30,launch_300,5,2801,0.09993577850720708,9,0.0032131381649410924,0.004852290566576281,0.9859640482639744,0.6621899741688893,0.3485740648817526,1.256246664946822,False,build
realized_vol_12m,n/a,6,drawdown,20-30,launch_300,6,2803,0.10000713572142143,8,0.0028540849090260435,0.004852290566576281,0.9859640482639744,0.5881933222807496,0.2981934650522481,1.1586366788693299,False,build
realized_vol_12m,n/a,6,drawdown,20-30,launch_300,7,2802,0.09997145711431425,26,0.009279086366880799,0.004852290566576281,0.9859640482639744,1.9123105344921694,1.306638845520974,2.7948999925585416,False,build
realized_vol_12m,n/a,6,drawdown,20-30,launch_300,8,2800,0.0999000999000999,23,0.008214285714285714,0.004852290566576281,0.9859640482639744,1.6928676470588233,1.1293404239461,2.534111470879985,False,build
realized_vol_12m,n/a,6,drawdown,20-30,launch_300,9,2803,0.10000713572142143,25,0.008919015340706386,0.004852290566576281,0.9859640482639744,1.8381041321273424,1.2465433044024972,2.706687189395889,False,build
realized_vol_12m,n/a,6,drawdown,20-30,launch_300,10,2808,0.10018552875695733,41,0.0146011396011396,0.004852290566576281,0.9859640482639744,3.009123093681917,2.2219204683303353,4.069655722795769,False,build
realized_vol_12m,n/a,6,drawdown,>30,win_50,1,2160,0.10023666991507726,330,0.1527777777777778,0.29514130586106085,0.9805250944168904,0.517642819706499,0.46832785873242333,0.5711349133084989,True,build
realized_vol_12m,n/a,6,drawdown,>30,win_50,2,2152,0.09986542298946587,506,0.23513011152416358,0.29514130586106085,0.9805250944168904,0.7966696184330504,0.7375939235201021,0.8589435600366205,True,build
realized_vol_12m,n/a,6,drawdown,>30,win_50,3,2154,0.09995823472086872,578,0.2683379758588672,0.29514130586106085,0.9805250944168904,0.9091847549972845,0.8472228028666723,0.9739413833749784,True,build
realized_vol_12m,n/a,6,drawdown,>30,win_50,4,2154,0.09995823472086872,620,0.2878365831012071,0.29514130586106085,0.9805250944168904,0.9752500832150803,0.9117922938472711,1.0412673255787137,True,build
realized_vol_12m,n/a,6,drawdown,>30,win_50,5,2153,0.09991182885516729,673,0.31258708778448674,0.29514130586106085,0.9805250944168904,1.0591099299792301,0.9939480608455109,1.1265337203404395,True,build
realized_vol_12m,n/a,6,drawdown,>30,win_50,6,2154,0.09995823472086872,719,0.33379758588672237,0.29514130586106085,0.9805250944168904,1.130975499728456,1.0645560899509232,1.1993999076952777,True,build
realized_vol_12m,n/a,6,drawdown,>30,win_50,7,2156,0.10005104645227157,720,0.3339517625231911,0.29514130586106085,0.9805250944168904,1.1314978821717365,1.0651000993700919,1.1998969483447615,True,build
realized_vol_12m,n/a,6,drawdown,>30,win_50,8,2152,0.09986542298946587,736,0.3420074349442379,0.29514130586106085,0.9805250944168904,1.158792172266255,1.0918911888950111,1.227600881733659,True,build
realized_vol_12m,n/a,6,drawdown,>30,win_50,9,2154,0.09995823472086872,742,0.34447539461467036,0.29514130586106085,0.9805250944168904,1.167154131847725,1.100152569240108,1.2360318799117997,True,build
realized_vol_12m,n/a,6,drawdown,>30,win_50,10,2160,0.10023666991507726,736,0.34074074074074073,0.29514130586106085,0.9805250944168904,1.1545003494060098,1.0877894149396072,1.223127195371087,True,build
realized_vol_12m,n/a,6,drawdown,>30,win_100,1,2160,0.10023666991507726,52,0.024074074074074074,0.09796278249570746,0.9805250944168904,0.2457471445865572,0.18788405126054739,0.32085983670743773,False,build
realized_vol_12m,n/a,6,drawdown,>30,win_100,2,2152,0.09986542298946587,88,0.040892193308550186,0.09796278249570746,0.9805250944168904,0.4174258046451672,0.3400330263267061,0.5115203695659102,False,build
realized_vol_12m,n/a,6,drawdown,>30,win_100,3,2154,0.09995823472086872,148,0.06870937790157845,0.09796278249570746,0.9805250944168904,0.7013824653723895,0.5999884102074478,0.8184518094622254,True,build
realized_vol_12m,n/a,6,drawdown,>30,win_100,4,2154,0.09995823472086872,168,0.07799442896935933,0.09796278249570746,0.9805250944168904,0.7961638796119016,0.6880801192802158,0.9195854630143397,True,build
realized_vol_12m,n/a,6,drawdown,>30,win_100,5,2153,0.09991182885516729,168,0.07803065490013934,0.09796278249570746,0.9805250944168904,0.7965336724031751,0.6884014024331495,0.9200095594421234,True,build
realized_vol_12m,n/a,6,drawdown,>30,win_100,6,2154,0.09995823472086872,263,0.12209842154131847,0.09796278249570746,0.9805250944168904,1.246375597249584,1.1120641982780541,1.3944218564846917,True,build
realized_vol_12m,n/a,6,drawdown,>30,win_100,7,2156,0.10005104645227157,251,0.11641929499072357,0.09796278249570746,0.9805250944168904,1.1884033101634779,1.05711805617914,1.3336169231480475,True,build
realized_vol_12m,n/a,6,drawdown,>30,win_100,8,2152,0.09986542298946587,298,0.13847583643122677,0.09796278249570746,0.9805250944168904,1.4135555657302252,1.2711532476012393,1.5691096955763923,True,build
realized_vol_12m,n/a,6,drawdown,>30,win_100,9,2154,0.09995823472086872,308,0.14298978644382543,0.09796278249570746,0.9805250944168904,1.4596337792884861,1.315209335681213,1.617033784987518,True,build
realized_vol_12m,n/a,6,drawdown,>30,win_100,10,2160,0.10023666991507726,367,0.1699074074074074,0.09796278249570746,0.9805250944168904,1.734407731985894,1.578752522342557,1.9020269143342337,True,build
realized_vol_12m,n/a,6,drawdown,>30,launch_300,1,2160,0.10023666991507726,11,0.005092592592592593,0.02895726019768899,0.9805250944168904,0.1758658297720798,0.09828336057177692,0.3141313254596406,False,build
realized_vol_12m,n/a,6,drawdown,>30,launch_300,2,2152,0.09986542298946587,18,0.008364312267657992,0.02895726019768899,0.9805250944168904,0.28885026451243917,0.18293789273417677,0.45526819800795576,False,build
realized_vol_12m,n/a,6,drawdown,>30,launch_300,3,2154,0.09995823472086872,35,0.016248839368616527,0.02895726019768899,0.9805250944168904,0.5611317941575602,0.40426756075630793,0.7774760608643926,False,build
realized_vol_12m,n/a,6,drawdown,>30,launch_300,4,2154,0.09995823472086872,37,0.017177344475394613,0.02895726019768899,0.9805250944168904,0.5931964681094207,0.431246597947263,0.8145122064460536,False,build
realized_vol_12m,n/a,6,drawdown,>30,launch_300,5,2153,0.09991182885516729,48,0.02229447282861124,0.02895726019768899,0.9805250944168904,0.769909607345743,0.5821235510116355,1.016459583740429,False,build
realized_vol_12m,n/a,6,drawdown,>30,launch_300,6,2154,0.09995823472086872,64,0.029712163416898793,0.02895726019768899,0.9805250944168904,1.0260695664595385,0.8058989955864648,1.3040647762371733,False,build
realized_vol_12m,n/a,6,drawdown,>30,launch_300,7,2156,0.10005104645227157,72,0.03339517625231911,0.02895726019768899,0.9805250944168904,1.1532574568288854,0.9186867445841604,1.4451468340904026,False,build
realized_vol_12m,n/a,6,drawdown,>30,launch_300,8,2152,0.09986542298946587,95,0.04414498141263941,0.02895726019768899,0.9805250944168904,1.524487507148985,1.2517812749472124,1.8532957772001204,False,build
realized_vol_12m,n/a,6,drawdown,>30,launch_300,9,2154,0.09995823472086872,98,0.04549675023212628,0.02895726019768899,0.9805250944168904,1.5711690236411686,1.2941874613856814,1.9040344175724355,False,build
realized_vol_12m,n/a,6,drawdown,>30,launch_300,10,2160,0.10023666991507726,146,0.06759259259259259,0.02895726019768899,0.9805250944168904,2.3342191951566953,1.9944845857701725,2.726973399247707,True,build
realized_vol_12m,n/a,6,mst,0-12,win_50,1,28911,0.10015797459934732,1039,0.03593787831621182,0.1188689572983572,0.969727714040952,0.3023319050911578,0.2847943301758328,0.32090680068941374,True,build
realized_vol_12m,n/a,6,mst,0-12,win_50,2,28849,0.09994318457391894,1924,0.06669208638081042,0.1188689572983572,0.969727714040952,0.5610555345700179,0.5373181846397614,0.5857635414374895,True,build
realized_vol_12m,n/a,6,mst,0-12,win_50,3,28856,0.09996743506066086,2397,0.08306764624341557,0.1188689572983572,0.969727714040952,0.6988169841089671,0.6724932092257015,0.7260745063543301,True,build
realized_vol_12m,n/a,6,mst,0-12,win_50,4,28851,0.09995011328441664,2728,0.09455478146338082,0.1188689572983572,0.969727714040952,0.7954539487214598,0.7675027868769584,0.8243132890779858,True,build
realized_vol_12m,n/a,6,mst,0-12,win_50,5,28829,0.09987389746894206,3222,0.11176246141038537,0.1188689572983572,0.969727714040952,0.940215712752197,0.9100529079123076,0.9712488152451427,True,build
realized_vol_12m,n/a,6,mst,0-12,win_50,6,28871,0.10001940038939353,3752,0.12995739669564615,0.1188689572983572,0.969727714040952,1.0932828860394337,1.0610663989253122,1.1263276773290831,True,build
realized_vol_12m,n/a,6,mst,0-12,win_50,7,28859,0.09997782812640739,4326,0.14990124397934787,0.1188689572983572,0.969727714040952,1.261063000688234,1.2268072311382963,1.2961027578769937,True,build
realized_vol_12m,n/a,6,mst,0-12,win_50,8,28848,0.0999397202186701,4615,0.15997642817526345,0.1188689572983572,0.969727714040952,1.3458217503643768,1.31061560016542,1.3817896168112533,True,build
realized_vol_12m,n/a,6,mst,0-12,win_50,9,28857,0.09997089941590971,4909,0.17011470353813632,0.1188689572983572,0.969727714040952,1.43111126238917,1.395011352908665,1.4679499460369185,True,build
realized_vol_12m,n/a,6,mst,0-12,win_50,10,28923,0.10019954686233346,5400,0.18670262420910694,0.1188689572983572,0.969727714040952,1.570659223841675,1.5332304787957927,1.6087879937634755,True,build
realized_vol_12m,n/a,6,mst,0-12,win_100,1,28911,0.10015797459934732,82,0.0028362906852063227,0.02789498846369702,0.969727714040952,0.10167742814798135,0.08194349064248355,0.1261470048075389,False,build
realized_vol_12m,n/a,6,mst,0-12,win_100,2,28849,0.09994318457391894,176,0.006100731394502409,0.02789498846369702,0.969727714040952,0.2187034922936784,0.18876474445754454,0.2533568937597868,True,build
realized_vol_12m,n/a,6,mst,0-12,win_100,3,28856,0.09996743506066086,286,0.009911283615192681,0.02789498846369702,0.969727714040952,0.35530696232735076,0.31660781146109557,0.398683257407484,True,build
realized_vol_12m,n/a,6,mst,0-12,win_100,4,28851,0.09995011328441664,358,0.012408582024886487,0.02789498846369702,0.969727714040952,0.4448319468221043,0.4013107921659719,0.4930072191447866,True,build
realized_vol_12m,n/a,6,mst,0-12,win_100,5,28829,0.09987389746894206,466,0.016164279024593293,0.02789498846369702,0.969727714040952,0.5794689266722495,0.5295470474870336,0.6340125987787535,True,build
realized_vol_12m,n/a,6,mst,0-12,win_100,6,28871,0.10001940038939353,721,0.024973156454573795,0.02789498846369702,0.969727714040952,0.8952560237504402,0.8329598910079441,0.9620832032328553,True,build
realized_vol_12m,n/a,6,mst,0-12,win_100,7,28859,0.09997782812640739,886,0.030700994490453586,0.02789498846369702,0.969727714040952,1.1005917615061338,1.0314517660815123,1.1742100297596858,True,build
realized_vol_12m,n/a,6,mst,0-12,win_100,8,28848,0.0999397202186701,1211,0.041978646699944534,0.02789498846369702,0.969727714040952,1.5048813070697702,1.4240847391474496,1.5900501974838799,True,build
realized_vol_12m,n/a,6,mst,0-12,win_100,9,28857,0.09997089941590971,1600,0.05544581903870811,0.02789498846369702,0.969727714040952,1.9876623756581286,1.8951109981719543,2.084456193139247,True,build
realized_vol_12m,n/a,6,mst,0-12,win_100,10,28923,0.10019954686233346,2266,0.07834595304774747,0.02789498846369702,0.969727714040952,2.808603170770554,2.6995819870725337,2.921639074417904,True,build
realized_vol_12m,n/a,6,mst,0-12,launch_300,1,28911,0.10015797459934732,11,0.00038047801874718963,0.007112321325878041,0.969727714040952,0.053495617157063455,0.029873930928880247,0.09578253568705604,False,build
realized_vol_12m,n/a,6,mst,0-12,launch_300,2,28849,0.09994318457391894,22,0.0007625914243128011,0.007112321325878041,0.969727714040952,0.10722117145328168,0.07081798431402589,0.1623153933924601,False,build
realized_vol_12m,n/a,6,mst,0-12,launch_300,3,28856,0.09996743506066086,43,0.001490158026060438,0.007112321325878041,0.969727714040952,0.2095178153212127,0.15558344448960942,0.28211145452924213,False,build
realized_vol_12m,n/a,6,mst,0-12,launch_300,4,28851,0.09995011328441664,69,0.0023915982115004677,0.007112321325878041,0.969727714040952,0.3362612713796668,0.26578880968511454,0.4253624879158812,False,build
realized_vol_12m,n/a,6,mst,0-12,launch_300,5,28829,0.09987389746894206,92,0.0031912310520656284,0.007112321325878041,0.969727714040952,0.4486905056517057,0.36599203896535026,0.5500019829127161,False,build
realized_vol_12m,n/a,6,mst,0-12,launch_300,6,28871,0.10001940038939353,117,0.00405250943853694,0.007112321325878041,0.969727714040952,0.5697871697376726,0.4756187703747446,0.6825092850759044,True,build
realized_vol_12m,n/a,6,mst,0-12,launch_300,7,28859,0.09997782812640739,173,0.005994663709761253,0.007112321325878041,0.969727714040952,0.8428561414892473,0.7265482963674809,0.9776527290159068,True,build
realized_vol_12m,n/a,6,mst,0-12,launch_300,8,28848,0.0999397202186701,267,0.00925540765391015,0.007112321325878041,0.969727714040952,1.3013202342580519,1.1548794975150256,1.4661346786079281,True,build
realized_vol_12m,n/a,6,mst,0-12,launch_300,9,28857,0.09997089941590971,436,0.01510898568804796,0.007112321325878041,0.969727714040952,2.1243395785668757,1.9353296700410245,2.331498372657675,True,build
realized_vol_12m,n/a,6,mst,0-12,launch_300,10,28923,0.10019954686233346,823,0.028454862911869445,0.007112321325878041,0.969727714040952,4.000784217712013,3.740045941898353,4.279131589901465,True,build
realized_vol_12m,n/a,6,mst,13-24,win_50,1,3343,0.10014679009017105,109,0.03260544421178582,0.12141637458434439,0.9839066230435936,0.2685423965540643,0.2232077939001741,0.32271384818389576,True,build
realized_vol_12m,n/a,6,mst,13-24,win_50,2,3335,0.09990713280009586,247,0.07406296851574212,0.12141637458434439,0.9839066230435936,0.6099915993150723,0.5407581041073715,0.6872974174244626,True,build
realized_vol_12m,n/a,6,mst,13-24,win_50,3,3340,0.10005691860639286,308,0.09221556886227544,0.12141637458434439,0.9839066230435936,0.7594986193416275,0.6824964824709575,0.8442174965395964,True,build
realized_vol_12m,n/a,6,mst,13-24,win_50,4,3333,0.09984721847757706,329,0.09870987098709871,0.12141637458434439,0.9839066230435936,0.8129864799951498,0.7333526417889448,0.9002300934070546,True,build
realized_vol_12m,n/a,6,mst,13-24,win_50,5,3337,0.09996704712261466,447,0.133952652082709,0.12141637458434439,0.9839066230435936,1.1032503032748358,1.0115298907401717,1.2019038614258104,True,build
realized_vol_12m,n/a,6,mst,13-24,win_50,6,3338,0.09999700428387406,488,0.14619532654284004,0.12141637458434439,0.9839066230435936,1.2040824562858483,1.10871914205443,1.3061450276338857,True,build
realized_vol_12m,n/a,6,mst,13-24,win_50,7,3337,0.09996704712261466,605,0.18130056937368894,0.12141637458434439,0.9839066230435936,1.4932134977209748,1.388591218818018,1.6038721256725976,True,build
realized_vol_12m,n/a,6,mst,13-24,win_50,8,3336,0.09993708996135527,490,0.14688249400479617,0.12141637458434439,0.9839066230435936,1.2097420509188503,1.1141531355667982,1.3120212158683706,True,build
realized_vol_12m,n/a,6,mst,13-24,win_50,9,3339,0.10002696144513346,534,0.15992812219227315,0.12141637458434439,0.9839066230435936,1.3171874283000913,1.2180182629897747,1.422793895301855,True,build
realized_vol_12m,n/a,6,mst,13-24,win_50,10,3343,0.10014679009017105,496,0.1483697277894107,0.12141637458434439,0.9839066230435936,1.2219910889065677,1.1260732260149924,1.3245570900197234,True,build
realized_vol_12m,n/a,6,mst,13-24,win_100,1,3343,0.10014679009017105,2,0.0005982650314089142,0.025703244360564394,0.9839066230435936,0.02327585665904541,0.00638367597177186,0.08476991541639689,False,build
realized_vol_12m,n/a,6,mst,13-24,win_100,2,3335,0.09990713280009586,15,0.004497751124437781,0.025703244360564394,0.9839066230435936,0.17498768098468245,0.10612044828714517,0.2882145596920737,False,build
realized_vol_12m,n/a,6,mst,13-24,win_100,3,3340,0.10005691860639286,34,0.010179640718562874,0.025703244360564394,0.9839066230435936,0.39604497299108077,0.28377182931407463,0.5521035239620903,False,build
realized_vol_12m,n/a,6,mst,13-24,win_100,4,3333,0.09984721847757706,43,0.012901290129012902,0.025703244360564394,0.9839066230435936,0.5019323610682747,0.37319328593098516,0.6743048955422304,False,build
realized_vol_12m,n/a,6,mst,13-24,win_100,5,3337,0.09996704712261466,60,0.017980221756068324,0.025703244360564394,0.9839066230435936,0.6995312149642385,0.5444701720596182,0.897719057550272,False,build
realized_vol_12m,n/a,6,mst,13-24,win_100,6,3338,0.09999700428387406,114,0.0341521869382864,0.025703244360564394,0.9839066230435936,1.3287111330850097,1.1090715388744417,1.5900181326794203,True,build
realized_vol_12m,n/a,6,mst,13-24,win_100,7,3337,0.09996704712261466,157,0.047048246928378785,0.025703244360564394,0.9839066230435936,1.8304400124897577,1.5706250541318987,2.130781024760241,True,build
realized_vol_12m,n/a,6,mst,13-24,win_100,8,3336,0.09993708996135527,113,0.03387290167865707,0.025703244360564394,0.9839066230435936,1.31784537405041,1.099100916481556,1.5783071841475773,True,build
realized_vol_12m,n/a,6,mst,13-24,win_100,9,3339,0.10002696144513346,159,0.047619047619047616,0.025703244360564394,0.9839066230435936,1.8526473526473524,1.5912802335642953,2.1544652396089585,True,build
realized_vol_12m,n/a,6,mst,13-24,win_100,10,3343,0.10014679009017105,161,0.048160335028417586,0.025703244360564394,0.9839066230435936,1.8737064610531555,1.6109551811217167,2.1768118211432363,True,build
realized_vol_12m,n/a,6,mst,13-24,launch_300,1,3343,0.10014679009017105,0,0.0,0.003475030706090291,0.9839066230435936,0.0,-3.119978682736088e-17,0.33029530640274324,False,build
realized_vol_12m,n/a,6,mst,13-24,launch_300,2,3335,0.09990713280009586,0,0.0,0.003475030706090291,0.9839066230435936,0.0,3.119978682736088e-17,0.3310867073972987,False,build
realized_vol_12m,n/a,6,mst,13-24,launch_300,3,3340,0.10005691860639286,0,0.0,0.003475030706090291,0.9839066230435936,0.0,0.0,0.3305916380115807,False,build
realized_vol_12m,n/a,6,mst,13-24,launch_300,4,3333,0.09984721847757706,3,0.0009000900090009,0.003475030706090291,0.9839066230435936,0.25901641888326765,0.0881022389602269,0.7606193764706519,False,build
realized_vol_12m,n/a,6,mst,13-24,launch_300,5,3337,0.09996704712261466,10,0.0029967036260113876,0.003475030706090291,0.9839066230435936,0.8623531356886736,0.46865499691900864,1.584956626730499,False,build
realized_vol_12m,n/a,6,mst,13-24,launch_300,6,3338,0.09999700428387406,9,0.0026962252846015576,0.003475030706090291,0.9839066230435936,0.7758853122869361,0.40838826957087976,1.4723880770348088,False,build
realized_vol_12m,n/a,6,mst,13-24,launch_300,7,3337,0.09996704712261466,11,0.003296373988612526,0.003475030706090291,0.9839066230435936,0.9485884492575408,0.5299716136969259,1.6959123221356753,False,build
realized_vol_12m,n/a,6,mst,13-24,launch_300,8,3336,0.09993708996135527,21,0.006294964028776978,0.003475030706090291,0.9839066230435936,1.8114844331431406,1.1859032738617643,2.7638860576031727,False,build
realized_vol_12m,n/a,6,mst,13-24,launch_300,9,3339,0.10002696144513346,10,0.002994908655286014,0.003475030706090291,0.9839066230435936,0.8618366019146761,0.46837414570660996,1.5840088156513057,False,build
realized_vol_12m,n/a,6,mst,13-24,launch_300,10,3343,0.10014679009017105,52,0.015554890816631767,0.003475030706090291,0.9839066230435936,4.476188020258491,3.4192058822563145,5.853190049806731,False,build
realized_vol_12m,n/a,6,mst,>24,win_50,1,6022,0.10014134863224412,134,0.02225174360677516,0.09929325683877942,0.9724760256804179,0.22410125637136563,0.1895361215830982,0.2648010135908866,True,build
realized_vol_12m,n/a,6,mst,>24,win_50,2,6010,0.09994179762201713,312,0.0519134775374376,0.09929325683877942,0.9724760256804179,0.522829839509933,0.4691691066620564,0.5822557983419496,True,build
realized_vol_12m,n/a,6,mst,>24,win_50,3,6013,0.09999168537457387,420,0.06984866123399301,0.09929325683877942,0.9724760256804179,0.7034582554523814,0.6413017366789844,0.7711464808538198,True,build
realized_vol_12m,n/a,6,mst,>24,win_50,4,6008,0.09990853912031263,449,0.07473368841544607,0.09929325683877942,0.9724760256804179,0.752656230591668,0.6883923378334952,0.822393557405936,True,build
realized_vol_12m,n/a,6,mst,>24,win_50,5,6008,0.09990853912031263,586,0.09753661784287616,0.09929325683877942,0.9724760256804179,0.9823085771196379,0.9093235083346947,1.0604735924985687,True,build
realized_vol_12m,n/a,6,mst,>24,win_50,6,6016,0.10004157312713062,685,0.11386303191489362,0.09929325683877942,0.9724760256804179,1.1467347888464459,1.0683659737887756,1.230066815116553,True,build
realized_vol_12m,n/a,6,mst,>24,win_50,7,6011,0.09995842687286938,736,0.12244218931958077,0.09929325683877942,0.9724760256804179,1.233137004644614,1.152100651014524,1.31903033143136,True,build
realized_vol_12m,n/a,6,mst,>24,win_50,8,6010,0.09994179762201713,823,0.13693843594009983,0.09929325683877942,0.9724760256804179,1.379131275373958,1.293930129263238,1.4690036888806648,True,build
realized_vol_12m,n/a,6,mst,>24,win_50,9,6013,0.09999168537457387,849,0.14119407949442875,0.09929325683877942,0.9724760256804179,1.4219906163787426,1.3356542094612565,1.512941234411635,True,build
realized_vol_12m,n/a,6,mst,>24,win_50,10,6024,0.10017460713394861,977,0.16218459495351925,0.09929325683877942,0.9724760256804179,1.6333898203868498,1.5418141862346764,1.729301801839801,True,build
realized_vol_12m,n/a,6,mst,>24,win_100,1,6022,0.10014134863224412,2,0.00033211557622052476,0.02065352955849339,0.9724760256804179,0.016080330254445455,0.004410035303692996,0.058596396874749136,False,build
realized_vol_12m,n/a,6,mst,>24,win_100,2,6010,0.09994179762201713,14,0.002329450915141431,0.02065352955849339,0.9724760256804179,0.11278706182128014,0.06721135592411455,0.1891465423087204,False,build
realized_vol_12m,n/a,6,mst,>24,win_100,3,6013,0.09999168537457387,26,0.00432396474305671,0.02065352955849339,0.9724760256804179,0.2093571818226371,0.14295740887596337,0.3064020699616661,False,build
realized_vol_12m,n/a,6,mst,>24,win_100,4,6008,0.09990853912031263,50,0.008322237017310254,0.02065352955849339,0.9724760256804179,0.4029450265989952,0.30593354826830976,0.5303797090945385,False,build
realized_vol_12m,n/a,6,mst,>24,win_100,5,6008,0.09990853912031263,90,0.014980026631158456,0.02065352955849339,0.9724760256804179,0.7253010478781914,0.5908794307951416,0.8897339096925869,False,build
realized_vol_12m,n/a,6,mst,>24,win_100,6,6016,0.10004157312713062,111,0.018450797872340427,0.02065352955849339,0.9724760256804179,0.8933484138914586,0.742957644817782,1.0734960714876656,True,build
realized_vol_12m,n/a,6,mst,>24,win_100,7,6011,0.09995842687286938,138,0.022957910497421394,0.02065352955849339,0.9724760256804179,1.1115732268618643,0.9424732428114007,1.310176091268618,True,build
realized_vol_12m,n/a,6,mst,>24,win_100,8,6010,0.09994179762201713,204,0.03394342762063228,0.02065352955849339,0.9724760256804179,1.6434686151100821,1.4358209738667147,1.8799445253696183,True,build
realized_vol_12m,n/a,6,mst,>24,win_100,9,6013,0.09999168537457387,238,0.03958090803259604,0.02065352955849339,0.9724760256804179,1.9164234336072166,1.691701985115371,2.1696102407335305,True,build
realized_vol_12m,n/a,6,mst,>24,win_100,10,6024,0.10017460713394861,369,0.061254980079681276,0.02065352955849339,0.9724760256804179,2.965835931635776,2.6859602936884484,3.2727874310113987,True,build
realized_vol_12m,n/a,6,mst,>24,launch_300,1,6022,0.10014134863224412,0,0.0,0.0035586596823813086,0.9724760256804179,0.0,-1.5233293841685937e-17,0.17913977720001553,False,build
realized_vol_12m,n/a,6,mst,>24,launch_300,2,6010,0.09994179762201713,0,0.0,0.0035586596823813086,0.9724760256804179,0.0,0.0,0.17949723213811097,False,build
realized_vol_12m,n/a,6,mst,>24,launch_300,3,6013,0.09999168537457387,1,0.00016630633627141194,0.0035586596823813086,0.9724760256804179,0.04673285762467924,0.008249666317359497,0.2645641103790606,False,build
realized_vol_12m,n/a,6,mst,>24,launch_300,4,6008,0.09990853912031263,11,0.0018308921438082556,0.0035586596823813086,0.9724760256804179,0.5144892479808854,0.28737581305149923,0.9205021308016953,False,build
realized_vol_12m,n/a,6,mst,>24,launch_300,5,6008,0.09990853912031263,24,0.0039946737683089215,0.0035586596823813086,0.9724760256804179,1.1225219955946588,0.7547644513328037,1.6684019437043067,False,build
realized_vol_12m,n/a,6,mst,>24,launch_300,6,6016,0.10004157312713062,16,0.0026595744680851063,0.0035586596823813086,0.9724760256804179,0.74735285344999,0.46022258077437306,1.212847631770487,False,build
realized_vol_12m,n/a,6,mst,>24,launch_300,7,6011,0.09995842687286938,14,0.0023290633837963733,0.0035586596823813086,0.9724760256804179,0.6544776943205369,0.39001220503877715,1.097574591500375,False,build
realized_vol_12m,n/a,6,mst,>24,launch_300,8,6010,0.09994179762201713,34,0.005657237936772047,0.0035586596823813086,0.9724760256804179,1.5897102959242386,1.1384361513164454,2.218450755567748,False,build
realized_vol_12m,n/a,6,mst,>24,launch_300,9,6013,0.09999168537457387,39,0.006485947114585066,0.0035586596823813086,0.9724760256804179,1.8225814473624904,1.3343168886323211,2.4879264826669916,False,build
realized_vol_12m,n/a,6,mst,>24,launch_300,10,6024,0.10017460713394861,75,0.01245019920318725,0.0035586596823813086,0.9724760256804179,3.498564154596567,2.794453961622341,4.377295515509579,False,build
realized_vol_12m,n/a,12,all,ALL,win_50,1,37370,0.10015732499269658,1349,0.0360984747123361,0.11468375532345429,0.9483617120242789,0.31476537030483426,0.29868580689620866,0.3316764721729052,True,build
realized_vol_12m,n/a,12,all,ALL,win_50,2,37284,0.0999268318177067,2466,0.06614097199871258,0.11468375532345429,0.9483617120242789,0.5767248535955982,0.5551154047887813,0.5991137836554415,True,build
realized_vol_12m,n/a,12,all,ALL,win_50,3,37303,0.09997775472846028,3068,0.08224539581266922,0.11468375532345429,0.9483617120242789,0.7171494827729014,0.6932124515328564,0.7418366794359845,True,build
realized_vol_12m,n/a,12,all,ALL,win_50,4,37289,0.09994023258369449,3438,0.09219877175574566,0.11468375532345429,0.9483617120242789,0.8039392457607275,0.7786998771151626,0.8299111813769173,True,build
realized_vol_12m,n/a,12,all,ALL,win_50,5,37265,0.09987590890695312,4166,0.11179390849322421,0.11468375532345429,0.9483617120242789,0.9748016027023221,0.9472525051557443,1.0030485159426108,True,build
realized_vol_12m,n/a,12,all,ALL,win_50,6,37320,0.10002331733281875,4759,0.127518756698821,0.11468375532345429,0.9483617120242789,1.1119164727311803,1.0827423330341797,1.1417591754487761,True,build
realized_vol_12m,n/a,12,all,ALL,win_50,7,37306,0.09998579518805295,5346,0.1433013456280491,0.11468375532345429,0.9483617120242789,1.249534820549621,1.2188525497645535,1.2808575665766806,True,build
realized_vol_12m,n/a,12,all,ALL,win_50,8,37286,0.09993219212410182,5816,0.15598347905380036,0.11468375532345429,0.9483617120242789,1.3601183412059035,1.3283139945637532,1.3925407228071827,True,build
realized_vol_12m,n/a,12,all,ALL,win_50,9,37301,0.09997239442206517,5944,0.15935229618508887,0.11468375532345429,0.9483617120242789,1.38949318267135,1.3574121691776224,1.4221859328796225,True,build
realized_vol_12m,n/a,12,all,ALL,win_50,10,37389,0.10020824790345016,6438,0.17218968145711305,0.11468375532345429,0.9483617120242789,1.501430442101141,1.4683555090851883,1.5350926729937757,True,build
realized_vol_12m,n/a,12,all,ALL,win_100,1,37370,0.10015732499269658,102,0.0027294621354027296,0.025863478356422852,0.9483617120242789,0.1055334513706237,0.08696304149986563,0.1280562917440242,True,build
realized_vol_12m,n/a,12,all,ALL,win_100,2,37284,0.0999268318177067,236,0.006329792940671602,0.025863478356422852,0.9483617120242789,0.24473865631842526,0.21551917165660336,0.2778910049676404,True,build
realized_vol_12m,n/a,12,all,ALL,win_100,3,37303,0.09997775472846028,315,0.00844436104334772,0.025863478356422852,0.9483617120242789,0.3264975007219273,0.2925000212457483,0.3644090039174363,True,build
realized_vol_12m,n/a,12,all,ALL,win_100,4,37289,0.09994023258369449,442,0.011853361581163346,0.025863478356422852,0.9483617120242789,0.4583050051432746,0.4177349298150509,0.502763419103626,True,build
realized_vol_12m,n/a,12,all,ALL,win_100,5,37265,0.09987590890695312,701,0.018811216959613578,0.025863478356422852,0.9483617120242789,0.7273274190106012,0.6758804754439282,0.7826097465996632,True,build
realized_vol_12m,n/a,12,all,ALL,win_100,6,37320,0.10002331733281875,888,0.023794212218649517,0.025863478356422852,0.9483617120242789,0.9199927361178215,0.8620752069893765,0.9817003383402476,True,build
realized_vol_12m,n/a,12,all,ALL,win_100,7,37306,0.09998579518805295,1139,0.030531281831340802,0.025863478356422852,0.9483617120242789,1.1804785655893328,1.1148239388881138,1.2498710477897463,True,build
realized_vol_12m,n/a,12,all,ALL,win_100,8,37286,0.09993219212410182,1456,0.039049509199163224,0.025863478356422852,0.9483617120242789,1.5098320752152734,1.435626551817437,1.5877096013566154,True,build
realized_vol_12m,n/a,12,all,ALL,win_100,9,37301,0.09997239442206517,1879,0.05037398461167261,0.025863478356422852,0.9483617120242789,1.9476879295766845,1.863645459527376,2.035310749639493,True,build
realized_vol_12m,n/a,12,all,ALL,win_100,10,37389,0.10020824790345016,2492,0.06665061916606489,0.025863478356422852,0.9483617120242789,2.5770168361562664,2.4809787572078905,2.6764975341291324,True,build
realized_vol_12m,n/a,12,all,ALL,launch_300,1,37370,0.10015732499269658,22,0.0005887075194005887,0.005947259945378478,0.9483617120242789,0.09898802554579172,0.06537857812965912,0.1498598215597992,False,build
realized_vol_12m,n/a,12,all,ALL,launch_300,2,37284,0.0999268318177067,27,0.0007241712262632765,0.005947259945378478,0.9483617120242789,0.12176552444559256,0.0836963450262776,0.17713217287408253,False,build
realized_vol_12m,n/a,12,all,ALL,launch_300,3,37303,0.09997775472846028,38,0.0010186848242768679,0.005947259945378478,0.9483617120242789,0.17128641317729382,0.12481463776091335,0.23503664991420295,False,build
realized_vol_12m,n/a,12,all,ALL,launch_300,4,37289,0.09994023258369449,85,0.002279492611762182,0.005947259945378478,0.9483617120242789,0.383284509622543,0.31006529782636416,0.47374499422188177,False,build
realized_vol_12m,n/a,12,all,ALL,launch_300,5,37265,0.09987590890695312,131,0.0035153629410975447,0.005947259945378478,0.9483617120242789,0.591089505651973,0.4982919490779659,0.7010965991848912,True,build
realized_vol_12m,n/a,12,all,ALL,launch_300,6,37320,0.10002331733281875,143,0.003831725616291533,0.005947259945378478,0.9483617120242789,0.6442842000321689,0.5471310753461684,0.7586105520438244,True,build
realized_vol_12m,n/a,12,all,ALL,launch_300,7,37306,0.09998579518805295,202,0.005414678603977912,0.005947259945378478,0.9483617120242789,0.9104492915574631,0.7935127982808453,1.0445106469226744,True,build
realized_vol_12m,n/a,12,all,ALL,launch_300,8,37286,0.09993219212410182,294,0.007884997049831036,0.005947259945378478,0.9483617120242789,1.3258201461260062,1.1831592436821903,1.485529515512622,True,build
realized_vol_12m,n/a,12,all,ALL,launch_300,9,37301,0.09997239442206517,440,0.011795930404010616,0.005947259945378478,0.9483617120242789,1.9834227042954544,1.8074614420144843,2.1762901454629975,True,build
realized_vol_12m,n/a,12,all,ALL,launch_300,10,37389,0.10020824790345016,837,0.022386263339484874,0.005947259945378478,0.9483617120242789,3.764130632440388,3.520123564678985,4.0246382191887315,True,build
realized_vol_12m,n/a,12,drawdown,0-10,win_50,1,28763,0.10015390615206764,735,0.02555366269165247,0.09927991420254328,0.9443215036120491,0.25739005615496247,0.23964979819067586,0.2764066345162426,True,build
realized_vol_12m,n/a,12,drawdown,0-10,win_50,2,28697,0.09992409153585805,1388,0.0483674251663937,0.09927991420254328,0.9443215036120491,0.48718238281026494,0.4627832356796965,0.5127992723200231,True,build
realized_vol_12m,n/a,12,drawdown,0-10,win_50,3,28717,0.09999373232864883,1858,0.0647003517080475,0.09927991420254328,0.9443215036120491,0.6516962895037438,0.6236206494991317,0.6809448159015065,True,build
realized_vol_12m,n/a,12,drawdown,0-10,win_50,4,28699,0.09993105561513713,2060,0.07177950451235235,0.09927991420254328,0.9443215036120491,0.723001274617475,0.6934949268697875,0.7536621580182872,True,build
realized_vol_12m,n/a,12,drawdown,0-10,win_50,5,28685,0.09988230706018357,2644,0.09217360990064494,0.09927991420254328,0.9443215036120491,0.9284215305887492,0.8952511769715341,0.9626919713921999,True,build
realized_vol_12m,n/a,12,drawdown,0-10,win_50,6,28725,0.10002158864576514,3184,0.11084421235857267,0.09927991420254328,0.9443215036120491,1.1164817500993887,1.0804364931180181,1.1535752698768431,True,build
realized_vol_12m,n/a,12,drawdown,0-10,win_50,7,28713,0.09997980417009067,3721,0.1295928673423188,0.09927991420254328,0.9443215036120491,1.3053281560853625,1.2666976393396117,1.3449568496086688,True,build
realized_vol_12m,n/a,12,drawdown,0-10,win_50,8,28703,0.09994498377369528,3968,0.1382433891927673,0.09927991420254328,0.9443215036120491,1.3924608044154199,1.3527285600394146,1.4331682536511294,True,build
realized_vol_12m,n/a,12,drawdown,0-10,win_50,9,28711,0.09997284009081159,4201,0.14632022569746786,0.09927991420254328,0.9443215036120491,1.4738149893940937,1.4331138562031527,1.5154692886968453,True,build
realized_vol_12m,n/a,12,drawdown,0-10,win_50,10,28775,0.10019569062774211,4753,0.16517810599478713,0.09927991420254328,0.9443215036120491,1.6637615707221844,1.6209955204984632,1.7074279584337089,True,build
realized_vol_12m,n/a,12,drawdown,0-10,win_100,1,28763,0.10015390615206764,26,0.0009039390884121963,0.020819115004805214,0.9443215036120491,0.04341870863403944,0.0296349423755829,0.06360506770421957,False,build
realized_vol_12m,n/a,12,drawdown,0-10,win_100,2,28697,0.09992409153585805,85,0.0029619820887200753,0.020819115004805214,0.9443215036120491,0.14227223818286353,0.11510056017156786,0.17583477024160382,False,build
realized_vol_12m,n/a,12,drawdown,0-10,win_100,3,28717,0.09999373232864883,135,0.004701048159626702,0.020819115004805214,0.9443215036120491,0.22580441860961253,0.19085539048781766,0.267117505325982,True,build
realized_vol_12m,n/a,12,drawdown,0-10,win_100,4,28699,0.09993105561513713,173,0.006028084602250949,0.020819115004805214,0.9443215036120491,0.28954566997010295,0.2495910684359285,0.33585125941600275,True,build
realized_vol_12m,n/a,12,drawdown,0-10,win_100,5,28685,0.09988230706018357,366,0.012759281854627854,0.020819115004805214,0.9443215036120491,0.612863796164386,0.5535376488068996,0.6784574455686361,True,build
realized_vol_12m,n/a,12,drawdown,0-10,win_100,6,28725,0.10002158864576514,483,0.01681462140992167,0.020819115004805214,0.9443215036120491,0.8076530345329629,0.7392742124516056,0.8822385399961961,True,build
realized_vol_12m,n/a,12,drawdown,0-10,win_100,7,28713,0.09997980417009067,668,0.023264723296067984,0.020819115004805214,0.9443215036120491,1.117469368448097,1.0367323318865174,1.2043327935855344,True,build
realized_vol_12m,n/a,12,drawdown,0-10,win_100,8,28703,0.09994498377369528,907,0.03159948437445563,0.020819115004805214,0.9443215036120491,1.5178111253606228,1.4235764594359026,1.6180671690430017,True,build
realized_vol_12m,n/a,12,drawdown,0-10,win_100,9,28711,0.09997284009081159,1279,0.04454738601929574,0.020819115004805214,0.9443215036120491,2.1397348546762847,2.0280073377494165,2.2573156704286697,True,build
realized_vol_12m,n/a,12,drawdown,0-10,win_100,10,28775,0.10019569062774211,1857,0.06453518679409209,0.020819115004805214,0.9443215036120491,3.0998045199902524,2.966216028012689,3.2389769897568734,True,build
realized_vol_12m,n/a,12,drawdown,0-10,launch_300,1,28763,0.10015390615206764,0,0.0,0.004707717592657075,0.9443215036120491,0.0,0.0,0.028365706609772,False,build
realized_vol_12m,n/a,12,drawdown,0-10,launch_300,2,28697,0.09992409153585805,5,0.0001742342405129456,0.004707717592657075,0.9443215036120491,0.037010342503277976,0.015809078306411106,0.0866326353540702,False,build
realized_vol_12m,n/a,12,drawdown,0-10,launch_300,3,28717,0.09999373232864883,10,0.0003482257896019779,0.004707717592657075,0.9443215036120491,0.07396913318358937,0.04018218023732878,0.1361474369651884,False,build
realized_vol_12m,n/a,12,drawdown,0-10,launch_300,4,28699,0.09993105561513713,34,0.0011847102686504756,0.004707717592657075,0.9443215036120491,0.25165279040916627,0.18011984818717505,0.35154732736682864,False,build
realized_vol_12m,n/a,12,drawdown,0-10,launch_300,5,28685,0.09988230706018357,53,0.0018476555691127768,0.004707717592657075,0.9443215036120491,0.39247374821180486,0.3001381756128487,0.5131470437734039,False,build
realized_vol_12m,n/a,12,drawdown,0-10,launch_300,6,28725,0.10002158864576514,67,0.0023324630113141865,0.004707717592657075,0.9443215036120491,0.4954551681163451,0.3902611132983783,0.6289199502716192,False,build
realized_vol_12m,n/a,12,drawdown,0-10,launch_300,7,28713,0.09997980417009067,94,0.003273778427889806,0.004707717592657075,0.9443215036120491,0.6954067153467586,0.5684730982958285,0.850569378181419,False,build
realized_vol_12m,n/a,12,drawdown,0-10,launch_300,8,28703,0.09994498377369528,167,0.005818207156046406,0.004707717592657075,0.9443215036120491,1.235887039001964,1.0625228182365254,1.4373454883708232,True,build
realized_vol_12m,n/a,12,drawdown,0-10,launch_300,9,28711,0.09997284009081159,287,0.009996168715823204,0.004707717592657075,0.9443215036120491,2.123357767130055,1.892475499083969,2.382088985794662,True,build
realized_vol_12m,n/a,12,drawdown,0-10,launch_300,10,28775,0.10019569062774211,635,0.02206776715899218,0.004707717592657075,0.9443215036120491,4.687572422231248,4.340344705013052,5.061902604731119,True,build
realized_vol_12m,n/a,12,drawdown,10-20,win_50,1,3734,0.10016363099868558,68,0.01821103374397429,0.07956222001663135,0.958230516142299,0.22889046761349208,0.18087813141520206,0.28934953369952326,False,build
realized_vol_12m,n/a,12,drawdown,10-20,win_50,2,3724,0.09989538345985675,212,0.05692803437164339,0.07956222001663135,0.958230516142299,0.7155159114431874,0.6275922436851094,0.8149167839610966,True,build
realized_vol_12m,n/a,12,drawdown,10-20,win_50,3,3727,0.0999758577215054,221,0.05929702173329756,0.07956222001663135,0.958230516142299,0.7452911912325015,0.655570525426048,0.8464185166836535,True,build
realized_vol_12m,n/a,12,drawdown,10-20,win_50,4,3726,0.09994903296762252,238,0.06387546967257113,0.07956222001663135,0.958230516142299,0.8028366938380913,0.7096861130033805,0.9072784573704963,True,build
realized_vol_12m,n/a,12,drawdown,10-20,win_50,5,3725,0.09992220821373964,314,0.08429530201342282,0.07956222001663135,0.958230516142299,1.0594890639778791,0.9526611618415596,1.1770823694532688,True,build
realized_vol_12m,n/a,12,drawdown,10-20,win_50,6,3726,0.09994903296762252,359,0.09634997316156736,0.07956222001663135,0.958230516142299,1.2110015675961123,1.097091588149318,1.3353619709058802,True,build
realized_vol_12m,n/a,12,drawdown,10-20,win_50,7,3729,0.10002950722927118,347,0.09305443818718155,0.07956222001663135,0.958230516142299,1.1695807151651858,1.0575927914360976,1.2920959162037313,True,build
realized_vol_12m,n/a,12,drawdown,10-20,win_50,8,3724,0.09989538345985675,403,0.10821697099892588,0.07956222001663135,0.958230516142299,1.3601552467528515,1.2397868652332042,1.4906722596328585,True,build
realized_vol_12m,n/a,12,drawdown,10-20,win_50,9,3727,0.0999758577215054,377,0.10115374295680171,0.07956222001663135,0.958230516142299,1.271379090926032,1.1548206268473973,1.3982608424091378,True,build
realized_vol_12m,n/a,12,drawdown,10-20,win_50,10,3737,0.10024410526033424,427,0.11426277762911426,0.07956222001663135,0.958230516142299,1.4361436571934423,1.3128925038256987,1.569352109323285,True,build
realized_vol_12m,n/a,12,drawdown,10-20,win_100,1,3734,0.10016363099868558,3,0.0008034279592929834,0.015316934467126264,0.958230516142299,0.05245357424603,0.01784134962455904,0.1540550384420098,False,build
realized_vol_12m,n/a,12,drawdown,10-20,win_100,2,3724,0.09989538345985675,12,0.00322234156820623,0.015316934467126264,0.958230516142299,0.2103777080930999,0.1204098347363269,0.3671890461186288,False,build
realized_vol_12m,n/a,12,drawdown,10-20,win_100,3,3727,0.0999758577215054,14,0.003756372417493963,0.015316934467126264,0.958230516142299,0.24524309518696577,0.14617525879433638,0.4110288486202967,False,build
realized_vol_12m,n/a,12,drawdown,10-20,win_100,4,3726,0.09994903296762252,26,0.006977992485238862,0.015316934467126264,0.958230516142299,0.4555736985240272,0.31119056882622387,0.6662593831544013,False,build
realized_vol_12m,n/a,12,drawdown,10-20,win_100,5,3725,0.09992220821373964,47,0.01261744966442953,0.015316934467126264,0.958230516142299,0.8237581541861094,0.6203597125062571,1.0927183232868654,False,build
realized_vol_12m,n/a,12,drawdown,10-20,win_100,6,3726,0.09994903296762252,63,0.016908212560386472,0.015316934467126264,0.958230516142299,1.1038901156543737,0.8642950420960505,1.4084523089071048,False,build
realized_vol_12m,n/a,12,drawdown,10-20,win_100,7,3729,0.10002950722927118,85,0.022794314829713058,0.015316934467126264,0.958230516142299,1.4881773424463627,1.206018191021164,1.8344604626970107,False,build
realized_vol_12m,n/a,12,drawdown,10-20,win_100,8,3724,0.09989538345985675,90,0.024167561761546726,0.015316934467126264,0.958230516142299,1.5778328106982493,1.286408707977852,1.9332821130905578,False,build
realized_vol_12m,n/a,12,drawdown,10-20,win_100,9,3727,0.0999758577215054,83,0.022269922189428495,0.015316934467126264,0.958230516142299,1.4539412071798685,1.1752616070720634,1.796849653619638,False,build
realized_vol_12m,n/a,12,drawdown,10-20,win_100,10,3737,0.10024410526033424,148,0.039603960396039604,0.015316934467126264,0.958230516142299,2.585632293527076,2.2073085567544046,3.0256889200093826,True,build
realized_vol_12m,n/a,12,drawdown,10-20,launch_300,1,3734,0.10016363099868558,0,0.0,0.003943238820783819,0.958230516142299,0.0,-2.7495219583732735e-17,0.26062869614420825,False,build
realized_vol_12m,n/a,12,drawdown,10-20,launch_300,2,3724,0.09989538345985675,2,0.0005370569280343716,0.003943238820783819,0.958230516142299,0.13619690625981865,0.03735323756902908,0.49608771628577597,False,build
realized_vol_12m,n/a,12,drawdown,10-20,launch_300,3,3727,0.0999758577215054,0,0.0,0.003943238820783819,0.958230516142299,0.0,0.0,0.26111770134400475,False,build
realized_vol_12m,n/a,12,drawdown,10-20,launch_300,4,3726,0.09994903296762252,5,0.0013419216317767043,0.003943238820783819,0.958230516142299,0.3403095000748555,0.14539333791943404,0.7957123844220833,False,build
realized_vol_12m,n/a,12,drawdown,10-20,launch_300,5,3725,0.09992220821373964,16,0.004295302013422818,0.003943238820783819,0.958230516142299,1.0892827466557091,0.6709453261361745,1.7666335595947198,False,build
realized_vol_12m,n/a,12,drawdown,10-20,launch_300,6,3726,0.09994903296762252,15,0.004025764895330112,0.003943238820783819,0.958230516142299,1.0209285002245665,0.6190936858171314,1.681848063076812,False,build
realized_vol_12m,n/a,12,drawdown,10-20,launch_300,7,3729,0.10002950722927118,19,0.005095199785465273,0.003943238820783819,0.958230516142299,1.292135733349387,0.8278451263892568,2.0147446706930285,False,build
realized_vol_12m,n/a,12,drawdown,10-20,launch_300,8,3724,0.09989538345985675,22,0.005907626208378088,0.003943238820783819,0.958230516142299,1.4981659688580051,0.9902055621775125,2.264366558364685,False,build
realized_vol_12m,n/a,12,drawdown,10-20,launch_300,9,3727,0.0999758577215054,20,0.005366246310705662,0.003943238820783819,0.958230516142299,1.360872763379567,0.881653226122486,2.098407558177659,False,build
realized_vol_12m,n/a,12,drawdown,10-20,launch_300,10,3737,0.10024410526033424,48,0.012844527696012844,0.003943238820783819,0.958230516142299,3.2573547481609717,2.4603807616533246,4.308058481732569,False,build
realized_vol_12m,n/a,12,drawdown,20-30,win_50,1,2770,0.10015909748336708,161,0.05812274368231047,0.18697570147526757,0.9728778977732437,0.3108572034960314,0.26744671425934846,0.3608134670390448,True,build
realized_vol_12m,n/a,12,drawdown,20-30,win_50,2,2765,0.09997830488863176,365,0.13200723327305605,0.18697570147526757,0.9728778977732437,0.7060127718815777,0.641255334716265,0.7762313351679047,True,build
realized_vol_12m,n/a,12,drawdown,20-30,win_50,3,2762,0.09986982933179057,430,0.1556842867487328,0.18697570147526757,0.9728778977732437,0.8326444854617975,0.7628925338374478,0.9075117307805992,True,build
realized_vol_12m,n/a,12,drawdown,20-30,win_50,4,2767,0.10005062192652589,457,0.16516082399710877,0.18697570147526757,0.9728778977732437,0.8833277409522414,0.8118232922746424,0.9597977195220311,True,build
realized_vol_12m,n/a,12,drawdown,20-30,win_50,5,2759,0.09976135377494938,566,0.20514679231605654,0.18697570147526757,0.9728778977732437,1.0971842367613343,1.0188164309791117,1.1799372576927478,True,build
realized_vol_12m,n/a,12,drawdown,20-30,win_50,6,2768,0.10008678044547295,584,0.21098265895953758,0.18697570147526757,0.9728778977732437,1.1283961354061054,1.0492747148962354,1.2118020202137967,True,build
realized_vol_12m,n/a,12,drawdown,20-30,win_50,7,2767,0.10005062192652589,618,0.22334658474882543,0.18697570147526757,0.9728778977732437,1.1945219779179108,1.1136086424244536,1.2795379719461462,True,build
realized_vol_12m,n/a,12,drawdown,20-30,win_50,8,2762,0.09986982933179057,727,0.2632150615496017,0.18697570147526757,0.9728778977732437,1.4077500951877364,1.3217155155978213,1.4973024477284105,True,build
realized_vol_12m,n/a,12,drawdown,20-30,win_50,9,2765,0.09997830488863176,610,0.2206148282097649,0.18697570147526757,0.9728778977732437,1.1799117557472942,1.0993536445848866,1.2646160290015775,True,build
realized_vol_12m,n/a,12,drawdown,20-30,win_50,10,2771,0.10019525600231415,653,0.23565499819559727,0.18697570147526757,0.9728778977732437,1.260350924404842,1.1778301933611108,1.3467861342173595,True,build
realized_vol_12m,n/a,12,drawdown,20-30,win_100,1,2770,0.10015909748336708,7,0.002527075812274368,0.03941278565229968,0.9728778977732437,0.064118173086477,0.031072646742679004,0.13212413756109267,False,build
realized_vol_12m,n/a,12,drawdown,20-30,win_100,2,2765,0.09997830488863176,27,0.00976491862567812,0.03941278565229968,0.9728778977732437,0.2477601738639946,0.17049646486206588,0.3595378872743939,False,build
realized_vol_12m,n/a,12,drawdown,20-30,win_100,3,2762,0.09986982933179057,29,0.010499637943519189,0.03941278565229968,0.9728778977732437,0.2664018229045566,0.18573894575729635,0.38156435792455784,False,build
realized_vol_12m,n/a,12,drawdown,20-30,win_100,4,2767,0.10005062192652589,69,0.02493675460787857,0.03941278565229968,0.9728778977732437,0.6327072343444861,0.5011601649836136,0.7976760245377554,False,build
realized_vol_12m,n/a,12,drawdown,20-30,win_100,5,2759,0.09976135377494938,78,0.028271112722000724,0.03941278565229968,0.9728778977732437,0.7173081591189469,0.576258034857748,0.8916415206307968,False,build
realized_vol_12m,n/a,12,drawdown,20-30,win_100,6,2768,0.10008678044547295,137,0.04949421965317919,0.03941278565229968,0.9728778977732437,1.255790952961765,1.0661492969806785,1.4771152250098103,True,build
realized_vol_12m,n/a,12,drawdown,20-30,win_100,7,2767,0.10005062192652589,154,0.05565594506685941,0.03941278565229968,0.9728778977732437,1.412129189696389,1.2106123734936851,1.6449065656278354,True,build
realized_vol_12m,n/a,12,drawdown,20-30,win_100,8,2762,0.09986982933179057,175,0.06335988414192614,0.03941278565229968,0.9728778977732437,1.6075972071826694,1.3921195012741872,1.8538490161936112,True,build
realized_vol_12m,n/a,12,drawdown,20-30,win_100,9,2765,0.09997830488863176,192,0.06943942133815552,0.03941278565229968,0.9728778977732437,1.7618501252550727,1.5362933076962109,2.0177196851586667,True,build
realized_vol_12m,n/a,12,drawdown,20-30,win_100,10,2771,0.10019525600231415,222,0.0801154817755323,0.03941278565229968,0.9728778977732437,2.0327282238386433,1.7907715894453604,2.3041820546643215,True,build
realized_vol_12m,n/a,12,drawdown,20-30,launch_300,1,2770,0.10015909748336708,1,0.00036101083032490973,0.004845241538906566,0.9728778977732437,0.07450832480198287,0.013153135440498362,0.42148142540529715,False,build
realized_vol_12m,n/a,12,drawdown,20-30,launch_300,2,2765,0.09997830488863176,2,0.0007233273056057866,0.004845241538906566,0.9728778977732437,0.14928611913308684,0.040944264602666744,0.5435541647128198,False,build
realized_vol_12m,n/a,12,drawdown,20-30,launch_300,3,2762,0.09986982933179057,2,0.000724112961622013,0.004845241538906566,0.9728778977732437,0.1494482691538686,0.04098874204350939,0.5441436698461829,False,build
realized_vol_12m,n/a,12,drawdown,20-30,launch_300,4,2767,0.10005062192652589,3,0.0010842067220816769,0.004845241538906566,0.9728778977732437,0.22376732168575267,0.07611490559466774,0.6569330270585295,False,build
realized_vol_12m,n/a,12,drawdown,20-30,launch_300,5,2759,0.09976135377494938,11,0.003986951794128307,0.004845241538906566,0.9728778977732437,0.8228592449135259,0.4597776883793428,1.4706148577518139,False,build
realized_vol_12m,n/a,12,drawdown,20-30,launch_300,6,2768,0.10008678044547295,13,0.004696531791907515,0.004845241538906566,0.9728778977732437,0.9693080838581659,0.5669023309458802,1.6550576507257517,False,build
realized_vol_12m,n/a,12,drawdown,20-30,launch_300,7,2767,0.10005062192652589,21,0.007589447054571739,0.004845241538906566,0.9728778977732437,1.5663712518002688,1.025620266778261,2.388912788539992,False,build
realized_vol_12m,n/a,12,drawdown,20-30,launch_300,8,2762,0.09986982933179057,20,0.00724112961622013,0.004845241538906566,0.9728778977732437,1.494482691538686,0.968466139069927,2.3029988987899253,False,build
realized_vol_12m,n/a,12,drawdown,20-30,launch_300,9,2765,0.09997830488863176,19,0.006871609403254973,0.004845241538906566,0.9728778977732437,1.4182181317643248,0.9088510953072841,2.2099903558314624,False,build
realized_vol_12m,n/a,12,drawdown,20-30,launch_300,10,2771,0.10019525600231415,42,0.015156983038614218,0.004845241538906566,0.9728778977732437,3.128220320268021,2.3183609367948614,4.215139635583127,False,build
realized_vol_12m,n/a,12,drawdown,>30,win_50,1,2103,0.1001905669366365,385,0.1830718021873514,0.29256788947117673,0.955089411657642,0.6257412681831145,0.5712391111346589,0.6841937113343685,True,build
realized_vol_12m,n/a,12,drawdown,>30,win_50,2,2098,0.09995235826584088,501,0.23879885605338416,0.29256788947117673,0.955089411657642,0.8162169009217609,0.755527360210427,0.88016987422204,True,build
realized_vol_12m,n/a,12,drawdown,>30,win_50,3,2097,0.09990471653168176,559,0.26657129232236526,0.29256788947117673,0.955089411657642,0.9111433684817534,0.847959349752783,0.9772452207502508,True,build
realized_vol_12m,n/a,12,drawdown,>30,win_50,4,2097,0.09990471653168176,683,0.3257033857892227,0.29256788947117673,0.955089411657642,1.1132574609535555,1.0458427409772708,1.1828508697116527,True,build
realized_vol_12m,n/a,12,drawdown,>30,win_50,5,2096,0.09985707479752264,642,0.3062977099236641,0.29256788947117673,0.955089411657642,1.0469286649239065,0.9807403572786247,1.1155393832623883,True,build
realized_vol_12m,n/a,12,drawdown,>30,win_50,6,2101,0.10009528346831825,632,0.3008091385054736,0.29256788947117673,0.955089411657642,1.0281686724034995,0.9624335933625692,1.0963888839287361,True,build
realized_vol_12m,n/a,12,drawdown,>30,win_50,7,2097,0.09990471653168176,660,0.3147353361945637,0.29256788947117673,0.955089411657642,1.0757685567047537,1.0090389381630642,1.144813963459122,True,build
realized_vol_12m,n/a,12,drawdown,>30,win_50,8,2097,0.09990471653168176,718,0.3423938960419647,0.29256788947117673,0.955089411657642,1.1703057935060803,1.1019299550053674,1.2406516912198957,True,build
realized_vol_12m,n/a,12,drawdown,>30,win_50,9,2098,0.09995235826584088,756,0.3603431839847474,0.29256788947117673,0.955089411657642,1.231656640911879,1.1623695368492133,1.3026886094792176,True,build
realized_vol_12m,n/a,12,drawdown,>30,win_50,10,2106,0.10033349213911387,605,0.2872744539411206,0.29256788947117673,0.955089411657642,0.9819069839153431,0.9172232944833251,1.0492383768553561,True,build
realized_vol_12m,n/a,12,drawdown,>30,win_100,1,2103,0.1001905669366365,66,0.03138373751783167,0.09575988565983802,0.955089411657642,0.32773365696481926,0.25840027779137326,0.4149125092277342,False,build
realized_vol_12m,n/a,12,drawdown,>30,win_100,2,2098,0.09995235826584088,112,0.05338417540514776,0.09575988565983802,0.955089411657642,0.5574795232607221,0.4652829348268511,0.6667242405198132,True,build
realized_vol_12m,n/a,12,drawdown,>30,win_100,3,2097,0.09990471653168176,137,0.0653314258464473,0.09575988565983802,0.955089411657642,0.6822421037397656,0.579884093349911,0.8012000927563262,True,build
realized_vol_12m,n/a,12,drawdown,>30,win_100,4,2097,0.09990471653168176,174,0.08297567954220315,0.09575988565983802,0.955089411657642,0.866497270443206,0.7510250693733876,0.997895616668323,True,build
realized_vol_12m,n/a,12,drawdown,>30,win_100,5,2096,0.09985707479752264,210,0.10019083969465649,0.09575988565983802,0.955089411657642,1.0462715050700695,0.9195823866569431,1.1882365935933539,True,build
realized_vol_12m,n/a,12,drawdown,>30,win_100,6,2101,0.10009528346831825,205,0.09757258448357925,0.09575988565983802,0.955089411657642,1.0189296260250391,0.8939966266032,1.1592021089190818,True,build
realized_vol_12m,n/a,12,drawdown,>30,win_100,7,2097,0.09990471653168176,232,0.11063423938960419,0.09575988565983802,0.955089411657642,1.1553296939242745,1.0224949660988216,1.303034287409306,True,build
realized_vol_12m,n/a,12,drawdown,>30,win_100,8,2097,0.09990471653168176,284,0.13543156890796376,0.09575988565983802,0.955089411657642,1.414282901183164,1.2682843842428624,1.5742042745799838,True,build
realized_vol_12m,n/a,12,drawdown,>30,win_100,9,2098,0.09995235826584088,325,0.15490943755958056,0.09575988565983802,0.955089411657642,1.617686116604774,1.462607561989356,1.7859373982953888,True,build
realized_vol_12m,n/a,12,drawdown,>30,win_100,10,2106,0.10033349213911387,265,0.1258309591642925,0.09575988565983802,0.955089411657642,1.3140257874917907,1.1731836937331197,1.4690964296104088,True,build
realized_vol_12m,n/a,12,drawdown,>30,launch_300,1,2103,0.1001905669366365,21,0.009985734664764621,0.027918056217246308,0.955089411657642,0.3576801546303915,0.2342771114340052,0.5450887833173854,False,build
realized_vol_12m,n/a,12,drawdown,>30,launch_300,2,2098,0.09995235826584088,18,0.008579599618684462,0.027918056217246308,0.955089411657642,0.30731364504468744,0.1946373250589066,0.48433191731772535,False,build
realized_vol_12m,n/a,12,drawdown,>30,launch_300,3,2097,0.09990471653168176,26,0.01239866475917978,0.027918056217246308,0.955089411657642,0.4441091694457058,0.30357259272449777,0.6485180548226606,False,build
realized_vol_12m,n/a,12,drawdown,>30,launch_300,4,2097,0.09990471653168176,43,0.02050548402479733,0.027918056217246308,0.955089411657642,0.7344882417755904,0.5465621479420731,0.9852247085708223,False,build
realized_vol_12m,n/a,12,drawdown,>30,launch_300,5,2096,0.09985707479752264,51,0.02433206106870229,0.027918056217246308,0.955089411657642,0.8715528358908892,0.6646199314047034,1.1408245321974608,False,build
realized_vol_12m,n/a,12,drawdown,>30,launch_300,6,2101,0.10009528346831825,48,0.02284626368396002,0.027918056217246308,0.955089411657642,0.8183328920244383,0.6187726380856541,1.080278112516885,False,build
realized_vol_12m,n/a,12,drawdown,>30,launch_300,7,2097,0.09990471653168176,68,0.03242727706247019,0.027918056217246308,0.955089411657642,1.161516289319538,0.9191092723096889,1.4651720091528198,False,build
realized_vol_12m,n/a,12,drawdown,>30,launch_300,8,2097,0.09990471653168176,85,0.04053409632808774,0.027918056217246308,0.955089411657642,1.4518953616494228,1.1784347161953004,1.7855427742329455,False,build
realized_vol_12m,n/a,12,drawdown,>30,launch_300,9,2098,0.09995235826584088,114,0.05433746425166826,0.027918056217246308,0.955089411657642,1.9463197519496873,1.6271503785697146,2.323839974397153,True,build
realized_vol_12m,n/a,12,drawdown,>30,launch_300,10,2106,0.10033349213911387,112,0.05318138651471985,0.027918056217246308,0.955089411657642,1.9049100732832245,1.5898484166761442,2.2782521188594127,True,build
realized_vol_12m,n/a,12,mst,0-12,win_50,1,28163,0.10015754640150505,1090,0.038703263146681814,0.11739874176259926,0.9446424672030639,0.3296735771235655,0.3110144971105714,0.3494044354752067,True,build
realized_vol_12m,n/a,12,mst,0-12,win_50,2,28100,0.0999334962142631,1894,0.06740213523131673,0.11739874176259926,0.9446424672030639,0.5741299627181321,0.5496604390751386,0.599606838764465,True,build
realized_vol_12m,n/a,12,mst,0-12,win_50,3,28113,0.09997972879258288,2375,0.08448048945327784,0.11739874176259926,0.9446424672030639,0.7196030228680996,0.6923929780934358,0.7477802038240673,True,build
realized_vol_12m,n/a,12,mst,0-12,win_50,4,28103,0.09994416527079844,2657,0.09454506636302173,0.11739874176259926,0.9446424672030639,0.8053328761751838,0.7766649715820718,0.8349448270534301,True,build
realized_vol_12m,n/a,12,mst,0-12,win_50,5,28079,0.09985881281851579,3183,0.11335873784678942,0.11739874176259926,0.9446424672030639,0.9655873320688612,0.9344507360494184,0.9976249386750512,True,build
realized_vol_12m,n/a,12,mst,0-12,win_50,6,28128,0.10003307407525952,3606,0.12819965870307168,0.11739874176259926,0.9446424672030639,1.0920019821193123,1.0591551396042322,1.1257137414986378,True,build
realized_vol_12m,n/a,12,mst,0-12,win_50,7,28112,0.09997617244040442,4101,0.1458807626636312,0.11739874176259926,0.9446424672030639,1.242609251797839,1.2078736529942424,1.2781691048165047,True,build
realized_vol_12m,n/a,12,mst,0-12,win_50,8,28104,0.09994772162297688,4446,0.15819812126387703,0.11739874176259926,0.9446424672030639,1.3475282519107508,1.311584682679311,1.3842676316926303,True,build
realized_vol_12m,n/a,12,mst,0-12,win_50,9,28109,0.0999655033838691,4654,0.16556974634458715,0.11739874176259926,0.9446424672030639,1.4103195984791563,1.3736969160656143,1.4477207897482762,True,build
realized_vol_12m,n/a,12,mst,0-12,win_50,10,28176,0.10020377897982481,5005,0.17763344690516752,0.11739874176259926,0.9446424672030639,1.5130779447736615,1.475439319864037,1.551465211656236,True,build
realized_vol_12m,n/a,12,mst,0-12,win_100,1,28163,0.10015754640150505,97,0.0034442353442459966,0.027060283725776797,0.9446424672030639,0.1272800898597055,0.10437526022346984,0.15519014579151458,False,build
realized_vol_12m,n/a,12,mst,0-12,win_100,2,28100,0.0999334962142631,191,0.006797153024911032,0.027060283725776797,0.9446424672030639,0.2511855786063423,0.2180906128001691,0.2892631180602405,True,build
realized_vol_12m,n/a,12,mst,0-12,win_100,3,28113,0.09997972879258288,264,0.009390673353964358,0.027060283725776797,0.9446424672030639,0.3470278970142168,0.3077701371847747,0.39123973788459193,True,build
realized_vol_12m,n/a,12,mst,0-12,win_100,4,28103,0.09994416527079844,340,0.012098352489058108,0.027060283725776797,0.9446424672030639,0.4470889001630677,0.40225762701999607,0.49684866557185986,True,build
realized_vol_12m,n/a,12,mst,0-12,win_100,5,28079,0.09985881281851579,529,0.01883970226859931,0.027060283725776797,0.9446424672030639,0.6962122962019495,0.6398314892093415,0.7574576521177657,True,build
realized_vol_12m,n/a,12,mst,0-12,win_100,6,28128,0.10003307407525952,670,0.02381968145620023,0.027060283725776797,0.9446424672030639,0.8802450742048329,0.8167550811304432,0.9485408830548454,True,build
realized_vol_12m,n/a,12,mst,0-12,win_100,7,28112,0.09997617244040442,859,0.030556346044393855,0.027060283725776797,0.9446424672030639,1.1291953312110625,1.0571827433212082,1.2059484417462654,True,build
realized_vol_12m,n/a,12,mst,0-12,win_100,8,28104,0.09994772162297688,1140,0.040563620836891544,0.027060283725776797,0.9446424672030639,1.4990094430625605,1.4160710105706367,1.586588663496556,True,build
realized_vol_12m,n/a,12,mst,0-12,win_100,9,28109,0.0999655033838691,1537,0.05467999573090469,0.027060283725776797,0.9446424672030639,2.0206734077521222,1.924683805373992,2.1211604078964856,True,build
realized_vol_12m,n/a,12,mst,0-12,win_100,10,28176,0.10020377897982481,1982,0.07034355479841,0.027060283725776797,0.9446424672030639,2.5995128325799066,2.4913193799892017,2.712035175908302,True,build
realized_vol_12m,n/a,12,mst,0-12,launch_300,1,28163,0.10015754640150505,22,0.0007811667791073394,0.006764181843399588,0.9446424672030639,0.11548577450938773,0.0762768228103056,0.17482565079084217,False,build
realized_vol_12m,n/a,12,mst,0-12,launch_300,2,28100,0.0999334962142631,23,0.0008185053380782918,0.006764181843399588,0.9446424672030639,0.12100581519359654,0.0806451780116306,0.18154099513133864,False,build
realized_vol_12m,n/a,12,mst,0-12,launch_300,3,28113,0.09997972879258288,37,0.0013161170988510652,0.006764181843399588,0.9446424672030639,0.1945715134987563,0.1411909858242078,0.2680971542981865,False,build
realized_vol_12m,n/a,12,mst,0-12,launch_300,4,28103,0.09994416527079844,70,0.0024908372771590224,0.006764181843399588,0.9446424672030639,0.3682392541811325,0.29155663908299556,0.46502667820134397,False,build
realized_vol_12m,n/a,12,mst,0-12,launch_300,5,28079,0.09985881281851579,101,0.0035969941949499625,0.006764181843399588,0.9446424672030639,0.5317707711332256,0.4378096315227975,0.645809162490528,True,build
realized_vol_12m,n/a,12,mst,0-12,launch_300,6,28128,0.10003307407525952,106,0.0037684869169510807,0.006764181843399588,0.9446424672030639,0.5571238331843973,0.4608169480984459,0.6734660754676574,True,build
realized_vol_12m,n/a,12,mst,0-12,launch_300,7,28112,0.09997617244040442,178,0.006331815594763802,0.006764181843399588,0.9446424672030639,0.9360800376681646,0.8086195095780208,1.0834837712181953,True,build
realized_vol_12m,n/a,12,mst,0-12,launch_300,8,28104,0.09994772162297688,249,0.008859948761742101,0.006764181843399588,0.9446424672030639,1.3098330244311127,1.1574947414878907,1.4820180284484987,True,build
realized_vol_12m,n/a,12,mst,0-12,launch_300,9,28109,0.0999655033838691,399,0.014194741897612865,0.006764181843399588,0.9446424672030639,2.098515715017912,1.9036664043039577,2.312992679022828,True,build
realized_vol_12m,n/a,12,mst,0-12,launch_300,10,28176,0.10020377897982481,717,0.025447189097103917,0.006764181843399588,0.9446424672030639,3.762049821581156,3.4996223869584306,4.043604699139613,True,build
realized_vol_12m,n/a,12,mst,13-24,win_50,1,3318,0.10015092061575612,116,0.03496081977094635,0.12103833383640206,0.976508385651546,0.2888408875340281,0.24148719606081354,0.3450807341461868,True,build
realized_vol_12m,n/a,12,mst,13-24,win_50,2,3310,0.09990944763054634,277,0.0836858006042296,0.12103833383640206,0.976508385651546,0.6913991456404306,0.6173897129186178,0.7733828815649781,True,build
realized_vol_12m,n/a,12,mst,13-24,win_50,3,3312,0.09996981587684878,298,0.08997584541062802,0.12103833383640206,0.976508385651546,0.7433665233052633,0.6667284368431264,0.8278536929617328,True,build
realized_vol_12m,n/a,12,mst,13-24,win_50,4,3310,0.09990944763054634,336,0.1015105740181269,0.12103833383640206,0.976508385651546,0.8386646676360459,0.7574438510479254,0.9275183622534894,True,build
realized_vol_12m,n/a,12,mst,13-24,win_50,5,3310,0.09990944763054634,406,0.12265861027190332,0.12103833383640206,0.976508385651546,1.0133864733935554,0.9246528116464897,1.1093479324557267,True,build
realized_vol_12m,n/a,12,mst,13-24,win_50,6,3314,0.10003018412315122,494,0.14906457453228728,0.12103833383640206,0.976508385651546,1.2315484673951813,1.1347263838730297,1.3350844503053592,True,build
realized_vol_12m,n/a,12,mst,13-24,win_50,7,3313,0.1,516,0.1557500754603079,0.12103833383640206,0.976508385651546,1.286783042394015,1.1880679157256038,1.3920861508257616,True,build
realized_vol_12m,n/a,12,mst,13-24,win_50,8,3309,0.09987926350739511,563,0.17014203686914475,0.12103833383640206,0.976508385651546,1.4056872023627844,1.3030860663536739,1.5146085201313275,True,build
realized_vol_12m,n/a,12,mst,13-24,win_50,9,3313,0.1,517,0.15605191669182011,0.12103833383640206,0.976508385651546,1.2892768079800498,1.190478426757746,1.3946573945678253,True,build
realized_vol_12m,n/a,12,mst,13-24,win_50,10,3321,0.10024147298520977,487,0.14664257753688648,0.12103833383640206,0.976508385651546,1.2115383026925308,1.1155115287344437,1.314311079570626,True,build
realized_vol_12m,n/a,12,mst,13-24,win_100,1,3318,0.10015092061575612,2,0.0006027727546714888,0.02541503169332931,0.976508385651546,0.0237171750145682,0.006504717274609804,0.08637637472737374,False,build
realized_vol_12m,n/a,12,mst,13-24,win_100,2,3310,0.09990944763054634,26,0.00785498489425982,0.02541503169332931,0.976508385651546,0.30906846739528243,0.21114060598628356,0.45189121680350935,False,build
realized_vol_12m,n/a,12,mst,13-24,win_100,3,3312,0.09996981587684878,22,0.006642512077294686,0.02541503169332931,0.976508385651546,0.261361550024671,0.17276286801359245,0.39493857955808753,False,build
realized_vol_12m,n/a,12,mst,13-24,win_100,4,3310,0.09990944763054634,53,0.016012084592145016,0.02541503169332931,0.976508385651546,0.6300241835365373,0.4825014979435363,0.8216976429630334,False,build
realized_vol_12m,n/a,12,mst,13-24,win_100,5,3310,0.09990944763054634,72,0.02175226586102719,0.02541503169332931,0.976508385651546,0.8558819097100129,0.6810621268205895,1.0743288305385266,False,build
realized_vol_12m,n/a,12,mst,13-24,win_100,6,3314,0.10003018412315122,105,0.03168376584188292,0.02541503169332931,0.976508385651546,1.2466545871040156,1.032513481100085,1.5034653462077479,True,build
realized_vol_12m,n/a,12,mst,13-24,win_100,7,3313,0.1,139,0.04195593118019922,0.02541503169332931,0.976508385651546,1.65083135391924,1.4024312386230118,1.9409777778485964,True,build
realized_vol_12m,n/a,12,mst,13-24,win_100,8,3309,0.09987926350739511,124,0.03747355696585071,0.02541503169332931,0.976508385651546,1.4744643019936272,1.2402298893043155,1.7509044472907411,True,build
realized_vol_12m,n/a,12,mst,13-24,win_100,9,3313,0.1,152,0.045879867189858134,0.02541503169332931,0.976508385651546,1.8052256532066508,1.5449957238906382,2.106844262152674,True,build
realized_vol_12m,n/a,12,mst,13-24,win_100,10,3321,0.10024147298520977,147,0.044263775971093045,0.02541503169332931,0.976508385651546,1.7416376459884948,1.4864926423898221,2.03821867944276,True,build
realized_vol_12m,n/a,12,mst,13-24,launch_300,1,3318,0.10015092061575612,0,0.0,0.0033504376697856926,0.976508385651546,0.0,0.0,0.3451562523911484,False,build
realized_vol_12m,n/a,12,mst,13-24,launch_300,2,3310,0.09990944763054634,4,0.0012084592145015106,0.0033504376697856926,0.976508385651546,0.3606869709588743,0.14029313509581684,0.9262340782868927,False,build
realized_vol_12m,n/a,12,mst,13-24,launch_300,3,3312,0.09996981587684878,1,0.00030193236714975844,0.0033504376697856926,0.976508385651546,0.09011729120424773,0.015908508032342148,0.5098980805945377,False,build
realized_vol_12m,n/a,12,mst,13-24,launch_300,4,3310,0.09990944763054634,3,0.0009063444108761329,0.0033504376697856926,0.976508385651546,0.27051522821915575,0.09201355789623163,0.7943792271066561,False,build
realized_vol_12m,n/a,12,mst,13-24,launch_300,5,3310,0.09990944763054634,12,0.0036253776435045317,0.0033504376697856926,0.976508385651546,1.082060912876623,0.6193573065397138,1.8882453338815703,False,build
realized_vol_12m,n/a,12,mst,13-24,launch_300,6,3314,0.10003018412315122,11,0.0033192516596258297,0.0033504376697856926,0.976508385651546,0.9906919593099436,0.5534966415509588,1.771165567562532,False,build
realized_vol_12m,n/a,12,mst,13-24,launch_300,7,3313,0.1,15,0.004527618472683369,0.0033504376697856926,0.976508385651546,1.3513513513513515,0.819524259740907,2.225724820824373,False,build
realized_vol_12m,n/a,12,mst,13-24,launch_300,8,3309,0.09987926350739511,15,0.004533091568449683,0.0033504376697856926,0.976508385651546,1.3529848978625045,0.8205155901559497,2.228410393295705,False,build
realized_vol_12m,n/a,12,mst,13-24,launch_300,9,3313,0.1,10,0.003018412315122246,0.0033504376697856926,0.976508385651546,0.900900900900901,0.4896059026987213,1.6557856713545172,False,build
realized_vol_12m,n/a,12,mst,13-24,launch_300,10,3321,0.10024147298520977,40,0.012044564890093345,0.0033504376697856926,0.976508385651546,3.594922836115248,2.643784126753805,4.882599352259443,False,build
realized_vol_12m,n/a,12,mst,>24,win_50,1,5889,0.10015987482141642,143,0.024282560706401765,0.09811891965439826,0.950822323204554,0.24748092204777228,0.21046334100793973,0.2908196770470189,True,build
realized_vol_12m,n/a,12,mst,>24,win_50,2,5874,0.09990475542553916,295,0.05022131426625809,0.09811891965439826,0.950822323204554,0.5118412885420195,0.4578545097494029,0.5718198276207455,True,build
realized_vol_12m,n/a,12,mst,>24,win_50,3,5878,0.09997278726443976,395,0.06719972779857095,0.09811891965439826,0.950822323204554,0.6848804291289265,0.622487270670062,0.7530352477364786,True,build
realized_vol_12m,n/a,12,mst,>24,win_50,4,5876,0.09993877134498945,445,0.07573179033356024,0.09811891965439826,0.950822323204554,0.7718367731759418,0.7056830458148667,0.84364049864098,True,build
realized_vol_12m,n/a,12,mst,>24,win_50,5,5876,0.09993877134498945,577,0.09819605173587474,0.09811891965439826,0.950822323204554,1.0007861081404907,0.9258950453250278,1.081028011518913,True,build
realized_vol_12m,n/a,12,mst,>24,win_50,6,5878,0.09997278726443976,659,0.11211296359305886,0.09811891965439826,0.950822323204554,1.1426232982176268,1.062988538217082,1.2274218102382217,True,build
realized_vol_12m,n/a,12,mst,>24,win_50,7,5881,0.10002381114361521,729,0.1239585104574052,0.09811891965439826,0.950822323204554,1.2633497280037436,1.1800068837666726,1.3516960782296896,True,build
realized_vol_12m,n/a,12,mst,>24,win_50,8,5873,0.099887747465814,807,0.13740847948237697,0.09811891965439826,0.950822323204554,1.4004279701240834,1.3131026934882954,1.4925843586454801,True,build
realized_vol_12m,n/a,12,mst,>24,win_50,9,5879,0.09998979522416492,773,0.1314849464194591,0.09811891965439826,0.950822323204554,1.3400570132914746,1.2544660848602691,1.4305529700019781,True,build
realized_vol_12m,n/a,12,mst,>24,win_50,10,5892,0.10021089870059188,946,0.16055668703326545,0.09811891965439826,0.950822323204554,1.636347888855586,1.5430689835655103,1.7341349081227821,True,build
realized_vol_12m,n/a,12,mst,>24,win_100,1,5889,0.10015987482141642,3,0.0005094243504839531,0.020392543710456495,0.950822323204554,0.024980912519645126,0.008496489484119296,0.07339962991110058,False,build
realized_vol_12m,n/a,12,mst,>24,win_100,2,5874,0.09990475542553916,19,0.003234593122233572,0.020392543710456495,0.950822323204554,0.15861646139686827,0.10159572845512758,0.24747830882218663,False,build
realized_vol_12m,n/a,12,mst,>24,win_100,3,5878,0.09997278726443976,29,0.004933650901667233,0.020392543710456495,0.950822323204554,0.24193406039568527,0.16856213660287395,0.34701661458395594,False,build
realized_vol_12m,n/a,12,mst,>24,win_100,4,5876,0.09993877134498945,49,0.008339006126616746,0.020392543710456495,0.950822323204554,0.40892427374525286,0.3096115854622745,0.5397401802300013,False,build
realized_vol_12m,n/a,12,mst,>24,win_100,5,5876,0.09993877134498945,100,0.01701837985023826,0.020392543710456495,0.950822323204554,0.8345393341739855,0.6871601679079519,1.0128655870639798,True,build
realized_vol_12m,n/a,12,mst,>24,win_100,6,5878,0.09997278726443976,113,0.019224225927186117,0.020392543710456495,0.950822323204554,0.9427085801624978,0.785339123758762,1.130873308558525,True,build
realized_vol_12m,n/a,12,mst,>24,win_100,7,5881,0.10002381114361521,141,0.02397551436830471,0.020392543710456495,0.950822323204554,1.1757000356954492,0.9986764129539236,1.3831990509522443,True,build
realized_vol_12m,n/a,12,mst,>24,win_100,8,5873,0.099887747465814,192,0.032691980248595265,0.020392543710456495,0.950822323204554,1.6031340039169366,1.394660303143256,1.8415657892424286,True,build
realized_vol_12m,n/a,12,mst,>24,win_100,9,5879,0.09998979522416492,190,0.03231842150025514,0.020392543710456495,0.950822323204554,1.5848156051117608,1.377683500296394,1.821899163371162,True,build
realized_vol_12m,n/a,12,mst,>24,win_100,10,5892,0.10021089870059188,363,0.06160896130346232,0.020392543710456495,0.950822323204554,3.0211513668043124,2.733866304449403,3.3364501408049034,True,build
realized_vol_12m,n/a,12,mst,>24,launch_300,1,5889,0.10015987482141642,0,0.0,0.0035036397033811825,0.950822323204554,0.0,0.0,0.18605956136161744,False,build
realized_vol_12m,n/a,12,mst,>24,launch_300,2,5874,0.09990475542553916,0,0.0,0.0035036397033811825,0.950822323204554,0.0,0.0,0.18653437740419837,False,build
realized_vol_12m,n/a,12,mst,>24,launch_300,3,5878,0.09997278726443976,0,0.0,0.0035036397033811825,0.950822323204554,0.0,-1.5472512362489738e-17,0.1864075229973204,False,build
realized_vol_12m,n/a,12,mst,>24,launch_300,4,5876,0.09993877134498945,12,0.0020422055820285907,0.0035036397033811825,0.950822323204554,0.5828811621405486,0.3335510545642224,1.0179205744005204,False,build
realized_vol_12m,n/a,12,mst,>24,launch_300,5,5876,0.09993877134498945,18,0.0030633083730428863,0.0035036397033811825,0.950822323204554,0.874321743210823,0.5533160466807088,1.3806559324532557,False,build
realized_vol_12m,n/a,12,mst,>24,launch_300,6,5878,0.09997278726443976,26,0.004423273222184417,0.0035036397033811825,0.950822323204554,1.2624794775318202,0.8620822467255973,1.847635168525588,False,build
realized_vol_12m,n/a,12,mst,>24,launch_300,7,5881,0.10002381114361521,9,0.0015303519809556198,0.0035036397033811825,0.950822323204554,0.43678919937993504,0.22986073630227918,0.8294599104267272,False,build
realized_vol_12m,n/a,12,mst,>24,launch_300,8,5873,0.099887747465814,30,0.00510812191384301,0.0035036397033811825,0.950822323204554,1.4579472623607457,1.0219412771822398,2.078613360575664,False,build
realized_vol_12m,n/a,12,mst,>24,launch_300,9,5879,0.09998979522416492,31,0.005273005613199524,0.0035036397033811825,0.950822323204554,1.505007951619802,1.0610043400389086,2.1334218778881437,False,build
realized_vol_12m,n/a,12,mst,>24,launch_300,10,5892,0.10021089870059188,80,0.013577732518669382,0.0035036397033811825,0.950822323204554,3.8753221415907038,3.11779889437525,4.813760313865556,False,build
realized_vol_12m,n/a,0,all,ALL,win_50,1,16334,0.10014100913493962,806,0.04934492469695115,0.17005701673717125,0.9892109237123156,0.29016694308600843,0.2712506949723986,0.3103293724638547,True,holdout
realized_vol_12m,n/a,0,all,ALL,win_50,2,16300,0.09993256084850714,1449,0.0888957055214724,0.17005701673717125,0.9892109237123156,0.522740591520923,0.49761570881709327,0.549004657757437,True,holdout
realized_vol_12m,n/a,0,all,ALL,win_50,3,16307,0.09997547667218441,2022,0.12399583001165143,0.17005701673717125,0.9892109237123156,0.7291426863220298,0.6999167402998013,0.7594101051236914,True,holdout
realized_vol_12m,n/a,0,all,ALL,win_50,4,16305,0.09996321500827662,2395,0.14688745783501994,0.17005701673717125,0.9892109237123156,0.8637541728844942,0.8322919765593917,0.8961945557011467,True,holdout
realized_vol_12m,n/a,0,all,ALL,win_50,5,16293,0.09988964502482987,2823,0.17326459215614068,0.17005701673717125,0.9892109237123156,1.0188617646040847,0.9851420470296511,1.0534872656442054,True,holdout
realized_vol_12m,n/a,0,all,ALL,win_50,6,16310,0.0999938691680461,3218,0.19730226854690375,0.17005701673717125,0.9892109237123156,1.1602124530494438,1.124718971417126,1.196544205904136,True,holdout
realized_vol_12m,n/a,0,all,ALL,win_50,7,16312,0.1000061308319539,3564,0.2184894556154978,0.17005701673717125,0.9892109237123156,1.2848011790844271,1.2479041231865307,1.3224777362368036,True,holdout
realized_vol_12m,n/a,0,all,ALL,win_50,8,16300,0.09993256084850714,3716,0.2279754601226994,0.17005701673717125,0.9892109237123156,1.3405824969577294,1.303089881986295,1.3788289008836365,True,holdout
realized_vol_12m,n/a,0,all,ALL,win_50,9,16307,0.09997547667218441,3953,0.2424112344391979,0.17005701673717125,0.9892109237123156,1.425470345712653,1.3871523848902672,1.4645017871531598,True,holdout
realized_vol_12m,n/a,0,all,ALL,win_50,10,16342,0.10019005579057078,3792,0.2320401419654877,0.17005701673717125,0.9892109237123156,1.3644843736387158,1.3267988453305943,1.4029105196436822,True,holdout
realized_vol_12m,n/a,0,all,ALL,win_100,1,16334,0.10014100913493962,55,0.003367209501652994,0.05835938936913739,0.9892109237123156,0.05769781928927616,0.044346787901027696,0.07505065785490667,False,holdout
realized_vol_12m,n/a,0,all,ALL,win_100,2,16300,0.09993256084850714,158,0.009693251533742332,0.05835938936913739,0.9892109237123156,0.16609583545211803,0.14222959705373725,0.19392114560251913,True,holdout
realized_vol_12m,n/a,0,all,ALL,win_100,3,16307,0.09997547667218441,274,0.016802600110382045,0.05835938936913739,0.9892109237123156,0.2879159684845483,0.25601045442583614,0.32372147410811747,True,holdout
realized_vol_12m,n/a,0,all,ALL,win_100,4,16305,0.09996321500827662,415,0.025452315240723705,0.05835938936913739,0.9892109237123156,0.43613059553676264,0.39658347893097545,0.47950835967640526,True,holdout
realized_vol_12m,n/a,0,all,ALL,win_100,5,16293,0.09988964502482987,697,0.042779107592217515,0.05835938936913739,0.9892109237123156,0.7330287046293307,0.6816071673329329,0.7881437416575844,True,holdout
realized_vol_12m,n/a,0,all,ALL,win_100,6,16310,0.0999938691680461,916,0.056161863887185776,0.05835938936913739,0.9892109237123156,0.9623449541589318,0.9035712043522733,1.0247003595688389,True,holdout
realized_vol_12m,n/a,0,all,ALL,win_100,7,16312,0.1000061308319539,1263,0.07742766061794998,0.05835938936913739,0.9892109237123156,1.326738704001872,1.258151070241516,1.3987359660427352,True,holdout
realized_vol_12m,n/a,0,all,ALL,win_100,8,16300,0.09993256084850714,1542,0.09460122699386503,0.05835938936913739,0.9892109237123156,1.6210112548554811,1.545653636066112,1.6996423403787535,True,holdout
realized_vol_12m,n/a,0,all,ALL,win_100,9,16307,0.09997547667218441,1998,0.12252406941804134,0.05835938936913739,0.9892109237123156,2.0994748358836772,2.0147608607899836,2.1872355015132525,True,holdout
realized_vol_12m,n/a,0,all,ALL,win_100,10,16342,0.10019005579057078,2201,0.1346836372537021,0.05835938936913739,0.9892109237123156,2.3078315025161626,2.219614066211605,2.398991173351196,True,holdout
realized_vol_12m,n/a,0,all,ALL,launch_300,1,13918,0.10014534674552807,15,0.0010777410547492456,0.012663874857891177,0.9884988797610157,0.08510357744712538,0.05158438177821923,0.14036458684159853,False,holdout
realized_vol_12m,n/a,0,all,ALL,launch_300,2,13889,0.09993668062571054,10,0.0007199942400460796,0.012663874857891177,0.9884988797610157,0.05685418153018412,0.030886688584164802,0.10462449446792722,False,holdout
realized_vol_12m,n/a,0,all,ALL,launch_300,3,13893,0.09996546215947848,20,0.0014395738861297056,0.012663874857891177,0.9884988797610157,0.11367562474234899,0.07360559382237257,0.175510786100141,False,holdout
realized_vol_12m,n/a,0,all,ALL,launch_300,4,13893,0.09996546215947848,62,0.004462679047002088,0.012663874857891177,0.9884988797610157,0.3523944367012819,0.2750365921696593,0.45138543513446244,False,holdout
realized_vol_12m,n/a,0,all,ALL,launch_300,5,13882,0.09988631294161666,98,0.007059501512750324,0.012663874857891177,0.9884988797610157,0.5574519325221674,0.4577319918059334,0.6787087077928001,False,holdout
realized_vol_12m,n/a,0,all,ALL,launch_300,6,13899,0.10000863446013038,132,0.009497086121303691,0.012663874857891177,0.9884988797610157,0.7499352471400821,0.632881129052163,0.8883934959988053,True,holdout
realized_vol_12m,n/a,0,all,ALL,launch_300,7,13897,0.09999424369324642,159,0.011441318270130243,0.012663874857891177,0.9884988797610157,0.9034610969012279,0.774111035497749,1.054133515736828,True,holdout
realized_vol_12m,n/a,0,all,ALL,launch_300,8,13889,0.09993668062571054,230,0.016559867521059833,0.012663874857891177,0.9884988797610157,1.307646175194235,1.1503026596131198,1.4861008069098118,True,holdout
realized_vol_12m,n/a,0,all,ALL,launch_300,9,13893,0.09996546215947848,372,0.026776074282012525,0.012663874857891177,0.9884988797610157,2.1143666202076914,1.9125092772801129,2.3368830045073077,True,holdout
realized_vol_12m,n/a,0,all,ALL,launch_300,10,13925,0.10019571442962195,662,0.04754039497307002,0.012663874857891177,0.9884988797610157,3.754016484413253,3.4846483160565205,4.043091828588153,True,holdout
realized_vol_12m,n/a,0,drawdown,0-10,win_50,1,12639,0.10014182598981071,668,0.05285228261729567,0.17361402730348385,0.9889516615604015,0.3044240343835115,0.28272924812888606,0.3276839408475372,True,holdout
realized_vol_12m,n/a,0,drawdown,0-10,win_50,2,12614,0.09994374499845497,1153,0.09140637387030284,0.17361402730348385,0.9889516615604015,0.5264918698678711,0.49823649215606564,0.5561802532021294,True,holdout
realized_vol_12m,n/a,0,drawdown,0-10,win_50,3,12617,0.09996751471741766,1609,0.12752635333280496,0.17361402730348385,0.9889516615604015,0.7345394569407926,0.7016667804997837,0.7687181497282796,True,holdout
realized_vol_12m,n/a,0,drawdown,0-10,win_50,4,12617,0.09996751471741766,1876,0.14868827772053578,0.17361402730348385,0.9889516615604015,0.8564300939844168,0.821288576986622,0.8928034265914815,True,holdout
realized_vol_12m,n/a,0,drawdown,0-10,win_50,5,12606,0.09988035908122113,2183,0.17317150563223863,0.17361402730348385,0.9889516615604015,0.9974511179878819,0.9599790628379183,1.0360701420849272,True,holdout
realized_vol_12m,n/a,0,drawdown,0-10,win_50,6,12622,0.1000071309156888,2498,0.19790841388052607,0.17361402730348385,0.9889516615604015,1.1399333161863396,1.100429993375667,1.1804954529868048,True,holdout
realized_vol_12m,n/a,0,drawdown,0-10,win_50,7,12620,0.09999128443638035,2760,0.21870047543581617,0.17361402730348385,0.9889516615604015,1.2596935790995707,1.218649948754293,1.3017233046329832,True,holdout
realized_vol_12m,n/a,0,drawdown,0-10,win_50,8,12614,0.09994374499845497,2967,0.23521484065324244,0.17361402730348385,0.9889516615604015,1.3548147249765599,1.31265069012977,1.397907405298513,True,holdout
realized_vol_12m,n/a,0,drawdown,0-10,win_50,9,12617,0.09996751471741766,3176,0.25172386462709045,0.17361402730348385,0.9889516615604015,1.4499051058073071,1.4067255738009776,1.4939551764252634,True,holdout
realized_vol_12m,n/a,0,drawdown,0-10,win_50,10,12645,0.1001893654277361,3022,0.23898774219058916,0.17361402730348385,0.9889516615604015,1.3765462728010427,1.3341927569808456,1.4198129583941301,True,holdout
realized_vol_12m,n/a,0,drawdown,0-10,win_100,1,12639,0.10014182598981071,43,0.0034021678930295117,0.06024831433076356,0.9889516615604015,0.056469096784211956,0.04194155464137077,0.07600552797265712,False,holdout
realized_vol_12m,n/a,0,drawdown,0-10,win_100,2,12614,0.09994374499845497,127,0.010068178214682099,0.06024831433076356,0.9889516615604015,0.16711136778711763,0.1405685817344276,0.19860559777917824,True,holdout
realized_vol_12m,n/a,0,drawdown,0-10,win_100,3,12617,0.09996751471741766,230,0.018229373068082744,0.06024831433076356,0.9889516615604015,0.3025706738947648,0.26618905844047946,0.34382009567643895,True,holdout
realized_vol_12m,n/a,0,drawdown,0-10,win_100,4,12617,0.09996751471741766,327,0.025917413014187207,0.06024831433076356,0.9889516615604015,0.4301765667982091,0.3864992793517642,0.4786439806816493,True,holdout
realized_vol_12m,n/a,0,drawdown,0-10,win_100,5,12606,0.09988035908122113,548,0.04347136284309059,0.06024831433076356,0.9889516615604015,0.7215365828234228,0.6647255350972814,0.7829644158974786,True,holdout
realized_vol_12m,n/a,0,drawdown,0-10,win_100,6,12622,0.1000071309156888,714,0.056567897322135956,0.06024831433076356,0.9889516615604015,0.9389125314208445,0.8742317493741089,1.0080719733600239,True,holdout
realized_vol_12m,n/a,0,drawdown,0-10,win_100,7,12620,0.09999128443638035,969,0.07678288431061807,0.06024831433076356,0.9889516615604015,1.2744403750299076,1.1994594780779455,1.3536964379126624,True,holdout
realized_vol_12m,n/a,0,drawdown,0-10,win_100,8,12614,0.09994374499845497,1220,0.09671793245600127,0.06024831433076356,0.9889516615604015,1.605321800789634,1.5217349980894201,1.6929843308878378,True,holdout
realized_vol_12m,n/a,0,drawdown,0-10,win_100,9,12617,0.09996751471741766,1649,0.13069667908377586,0.06024831433076356,0.9889516615604015,2.1693001793585527,2.073541963042132,2.268789833296503,True,holdout
realized_vol_12m,n/a,0,drawdown,0-10,win_100,10,12645,0.1001893654277361,1777,0.1405298536971135,0.06024831433076356,0.9889516615604015,2.332510963304365,2.233780860400084,2.4348651093870686,True,holdout
realized_vol_12m,n/a,0,drawdown,0-10,launch_300,1,10223,0.10014792464659725,12,0.001173823730803091,0.012431548114695481,0.9879218403708614,0.09442297290516054,0.054025796872620255,0.1649646903480683,False,holdout
realized_vol_12m,n/a,0,drawdown,0-10,launch_300,2,10203,0.09995199796236248,6,0.0005880623346074683,0.012431548114695481,0.9879218403708614,0.04730403077572558,0.021682032373738936,0.10316510539490854,False,holdout
realized_vol_12m,n/a,0,drawdown,0-10,launch_300,3,10203,0.09995199796236248,13,0.0012741350583161816,0.012431548114695481,0.9879218403708614,0.10249206668073876,0.05991125304209389,0.1752704152681038,False,holdout
realized_vol_12m,n/a,0,drawdown,0-10,launch_300,4,10205,0.09997159063078596,46,0.004507594316511514,0.012431548114695481,0.9879218403708614,0.3625931601538052,0.27199418125532365,0.4831880124912946,False,holdout
realized_vol_12m,n/a,0,drawdown,0-10,launch_300,5,10195,0.09987362728866858,76,0.007454634624816086,0.012431548114695481,0.9879218403708614,0.5996545688468095,0.4794636779172457,0.7496921628827097,False,holdout
realized_vol_12m,n/a,0,drawdown,0-10,launch_300,6,10211,0.10003036863605638,91,0.00891195769268436,0.012431548114695481,0.9879218403708614,0.7168823714038823,0.5843821686905849,0.87909435600895,False,holdout
realized_vol_12m,n/a,0,drawdown,0-10,launch_300,7,10205,0.09997159063078596,100,0.009799118079372856,0.012431548114695481,0.9879218403708614,0.7882460003343592,0.6486636193064759,0.9575039191608457,True,holdout
realized_vol_12m,n/a,0,drawdown,0-10,launch_300,8,10203,0.09995199796236248,154,0.01509359992159169,0.012431548114695481,0.9879218403708614,1.21413678991029,1.0379813432297431,1.4196530117031083,True,holdout
realized_vol_12m,n/a,0,drawdown,0-10,launch_300,9,10203,0.09995199796236248,271,0.026560815446437323,0.012431548114695481,0.9879218403708614,2.136565390036939,1.899559745145926,2.402237477409978,True,holdout
realized_vol_12m,n/a,0,drawdown,0-10,launch_300,10,10228,0.10019690631765593,500,0.04888541259288228,0.012431548114695481,0.9879218403708614,3.932367243553058,3.6096279466729944,4.282354503252532,True,holdout
realized_vol_12m,n/a,0,drawdown,10-20,win_50,1,3448,0.10014522218995063,132,0.0382830626450116,0.15864072030206217,0.9902214552775381,0.24131926892489003,0.20407923907393538,0.28503723215216314,True,holdout
realized_vol_12m,n/a,0,drawdown,10-20,win_50,2,3439,0.0998838222480395,278,0.08083745274789184,0.15864072030206217,0.9902214552775381,0.5095630717887066,0.4550400994690022,0.5699823086215947,True,holdout
realized_vol_12m,n/a,0,drawdown,10-20,win_50,3,3443,0.1,381,0.11065930874237584,0.15864072030206217,0.9902214552775381,0.6975466861955327,0.6342090071539954,0.766354776769847,True,holdout
realized_vol_12m,n/a,0,drawdown,10-20,win_50,4,3441,0.09994191112401975,481,0.13978494623655913,0.15864072030206217,0.9902214552775381,0.8811416512128764,0.8106365878673698,0.9567108362193336,True,holdout
realized_vol_12m,n/a,0,drawdown,10-20,win_50,5,3441,0.09994191112401975,593,0.17233362394652718,0.15864072030206217,0.9902214552775381,1.0863139275867686,1.009084871613515,1.1681495161721418,True,holdout
realized_vol_12m,n/a,0,drawdown,10-20,win_50,6,3441,0.09994191112401975,667,0.19383900029061318,0.15864072030206217,0.9902214552775381,1.2218741816195187,1.1407875441580617,1.307265016071546,True,holdout
realized_vol_12m,n/a,0,drawdown,10-20,win_50,7,3445,0.10005808887598025,749,0.21741654571843252,0.15864072030206217,0.9902214552775381,1.37049646083589,1.2856800838560918,1.4592809597646281,True,holdout
realized_vol_12m,n/a,0,drawdown,10-20,win_50,8,3439,0.0998838222480395,703,0.20441988950276244,0.15864072030206217,0.9902214552775381,1.288571364990866,1.2057110165397564,1.375589571837849,True,holdout
realized_vol_12m,n/a,0,drawdown,10-20,win_50,9,3443,0.1,738,0.2143479523671217,0.15864072030206217,0.9902214552775381,1.351153423654339,1.2667798771558365,1.4395405096847222,True,holdout
realized_vol_12m,n/a,0,drawdown,10-20,win_50,10,3450,0.10020331106593088,740,0.2144927536231884,0.15864072030206217,0.9902214552775381,1.3520661858744738,1.2677540312294715,1.4403817152959053,True,holdout
realized_vol_12m,n/a,0,drawdown,10-20,win_100,1,3448,0.10014522218995063,12,0.0034802784222737818,0.05326749927388905,0.9902214552775381,0.06533587027202088,0.037396538214919624,0.11402192676293392,False,holdout
realized_vol_12m,n/a,0,drawdown,10-20,win_100,2,3439,0.0998838222480395,29,0.008432683919744112,0.05326749927388905,0.9902214552775381,0.1583082373810195,0.11034603728969815,0.22686392263066213,False,holdout
realized_vol_12m,n/a,0,drawdown,10-20,win_100,3,3443,0.1,43,0.012489108335753703,0.05326749927388905,0.9902214552775381,0.23446019629225734,0.17431628203947114,0.3150039566322411,False,holdout
realized_vol_12m,n/a,0,drawdown,10-20,win_100,4,3441,0.09994191112401975,84,0.024411508282476024,0.05326749927388905,0.9902214552775381,0.4582814777348143,0.370981044151821,0.565494419794057,False,holdout
realized_vol_12m,n/a,0,drawdown,10-20,win_100,5,3441,0.09994191112401975,141,0.04097646033129904,0.05326749927388905,0.9902214552775381,0.7692581947691527,0.6542219138447415,0.903513422921328,True,holdout
realized_vol_12m,n/a,0,drawdown,10-20,win_100,6,3441,0.09994191112401975,196,0.056960185992444054,0.05326749927388905,0.9902214552775381,1.0693234480479001,0.9330071766620807,1.2241894408954013,True,holdout
realized_vol_12m,n/a,0,drawdown,10-20,win_100,7,3445,0.10005808887598025,281,0.08156748911465893,0.05326749927388905,0.9902214552775381,1.5312806162582915,1.3683200550979744,1.7117402916365985,True,holdout
realized_vol_12m,n/a,0,drawdown,10-20,win_100,8,3439,0.0998838222480395,302,0.0878162256469904,0.05326749927388905,0.9902214552775381,1.6485892306575134,1.4795306452983785,1.8349156451866688,True,holdout
realized_vol_12m,n/a,0,drawdown,10-20,win_100,9,3443,0.1,338,0.09817020040662214,0.05326749927388905,0.9902214552775381,1.8429661941112323,1.664706182612791,2.038040734690185,True,holdout
realized_vol_12m,n/a,0,drawdown,10-20,win_100,10,3450,0.10020331106593088,408,0.11826086956521739,0.05326749927388905,0.9902214552775381,2.220131809776682,2.025771536963412,2.430433544927968,True,holdout
realized_vol_12m,n/a,0,drawdown,10-20,launch_300,1,3448,0.10014522218995063,3,0.0008700696055684454,0.013273308161487075,0.9902214552775381,0.06555032061208223,0.022296273673832925,0.19250134599644264,False,holdout
realized_vol_12m,n/a,0,drawdown,10-20,launch_300,2,3439,0.0998838222480395,4,0.0011631288165164292,0.013273308161487075,0.9902214552775381,0.08762915788328371,0.03408405308091533,0.22504076474240203,False,holdout
realized_vol_12m,n/a,0,drawdown,10-20,launch_300,3,3443,0.1,7,0.0020331106593087424,0.013273308161487075,0.9902214552775381,0.15317286652078776,0.07422373475273626,0.3157450795380025,False,holdout
realized_vol_12m,n/a,0,drawdown,10-20,launch_300,4,3441,0.09994191112401975,12,0.0034873583260680036,0.013273308161487075,0.9902214552775381,0.26273467651317584,0.1503826027822379,0.458514029096666,False,holdout
realized_vol_12m,n/a,0,drawdown,10-20,launch_300,5,3441,0.09994191112401975,19,0.005521650682941005,0.013273308161487075,0.9902214552775381,0.41599657114586175,0.26653656998401776,0.6485420361459368,False,holdout
realized_vol_12m,n/a,0,drawdown,10-20,launch_300,6,3441,0.09994191112401975,40,0.011624527753560012,0.013273308161487075,0.9902214552775381,0.8757822550439195,0.6440386009805776,1.189585927902529,False,holdout
realized_vol_12m,n/a,0,drawdown,10-20,launch_300,7,3445,0.10005808887598025,54,0.01567489114658926,0.013273308161487075,0.9902214552775381,1.1809332651576987,0.9066195802207208,1.536532015844719,False,holdout
realized_vol_12m,n/a,0,drawdown,10-20,launch_300,8,3439,0.0998838222480395,68,0.019773189880779297,0.013273308161487075,0.9902214552775381,1.4896956840158233,1.177388500405312,1.8827405698395216,False,holdout
realized_vol_12m,n/a,0,drawdown,10-20,launch_300,9,3443,0.1,96,0.027882660470519894,0.013273308161487075,0.9902214552775381,2.1006564551422318,1.7243239645163515,2.5562711379935514,False,holdout
realized_vol_12m,n/a,0,drawdown,10-20,launch_300,10,3450,0.10020331106593088,154,0.04463768115942029,0.013273308161487075,0.9902214552775381,3.362965781879301,2.8808585826347475,3.9213865385072153,True,holdout
realized_vol_12m,n/a,0,drawdown,20-30,win_50,1,247,0.10004050222762252,6,0.024291497975708502,0.14742810854597002,0.9883907125700561,0.1647684299506162,0.07583009371445965,0.35253646827712243,False,holdout
realized_vol_12m,n/a,0,drawdown,20-30,win_50,2,247,0.10004050222762252,18,0.0728744939271255,0.14742810854597002,0.9883907125700561,0.4943052898518485,0.3160228992485057,0.7613241363746118,False,holdout
realized_vol_12m,n/a,0,drawdown,20-30,win_50,3,247,0.10004050222762252,32,0.12955465587044535,0.14742810854597002,0.9883907125700561,0.8787649597366197,0.6327502898904509,1.2017406316361245,False,holdout
realized_vol_12m,n/a,0,drawdown,20-30,win_50,4,247,0.10004050222762252,38,0.15384615384615385,0.14742810854597002,0.9883907125700561,1.0435333896872359,0.7745075400347845,1.3844736183075586,False,holdout
realized_vol_12m,n/a,0,drawdown,20-30,win_50,5,246,0.09963547995139732,47,0.1910569105691057,0.14742810854597002,0.9883907125700561,1.2959327258107747,0.9959313031502999,1.6603747920064071,False,holdout
realized_vol_12m,n/a,0,drawdown,20-30,win_50,6,247,0.10004050222762252,53,0.2145748987854251,0.14742810854597002,0.9883907125700561,1.4554544645637764,1.139234429110353,1.830972321271409,False,holdout
realized_vol_12m,n/a,0,drawdown,20-30,win_50,7,247,0.10004050222762252,55,0.22267206477732793,0.14742810854597002,0.9883907125700561,1.510377274547315,1.188775653834782,1.8895945088189028,False,holdout
realized_vol_12m,n/a,0,drawdown,20-30,win_50,8,247,0.10004050222762252,46,0.1862348178137652,0.14742810854597002,0.9883907125700561,1.263224629621391,0.9674215296480652,1.6242132777819684,False,holdout
realized_vol_12m,n/a,0,drawdown,20-30,win_50,9,247,0.10004050222762252,39,0.15789473684210525,0.14742810854597002,0.9883907125700561,1.0709947946790053,0.7983952476823338,1.4146676167959704,False,holdout
realized_vol_12m,n/a,0,drawdown,20-30,win_50,10,247,0.10004050222762252,30,0.1214574898785425,0.14742810854597002,0.9883907125700561,0.8238421497530809,0.5861622535088804,1.1401652557457727,False,holdout
realized_vol_12m,n/a,0,drawdown,20-30,win_100,1,247,0.10004050222762252,0,0.0,0.032806804374240585,0.9883907125700561,0.0,0.0,0.4668022514073636,False,holdout
realized_vol_12m,n/a,0,drawdown,20-30,win_100,2,247,0.10004050222762252,2,0.008097165991902834,0.032806804374240585,0.9883907125700561,0.24681361523466785,0.06777102567563412,0.8850989055709862,False,holdout
realized_vol_12m,n/a,0,drawdown,20-30,win_100,3,247,0.10004050222762252,1,0.004048582995951417,0.032806804374240585,0.9883907125700561,0.12340680761733393,0.02179523951857939,0.6880408518084126,False,holdout
realized_vol_12m,n/a,0,drawdown,20-30,win_100,4,247,0.10004050222762252,4,0.016194331983805668,0.032806804374240585,0.9883907125700561,0.4936272304693357,0.1924971558978418,1.2464404551880357,False,holdout
realized_vol_12m,n/a,0,drawdown,20-30,win_100,5,246,0.09963547995139732,8,0.032520325203252036,0.032806804374240585,0.9883907125700561,0.9912676904546823,0.5050447274581494,1.9156786551376503,False,holdout
realized_vol_12m,n/a,0,drawdown,20-30,win_100,6,247,0.10004050222762252,6,0.024291497975708502,0.032806804374240585,0.9883907125700561,0.7404408457040036,0.34076733471683096,1.584237956208303,False,holdout
realized_vol_12m,n/a,0,drawdown,20-30,win_100,7,247,0.10004050222762252,13,0.05263157894736842,0.032806804374240585,0.9883907125700561,1.604288499025341,0.945318396283481,2.6809237740790524,False,holdout
realized_vol_12m,n/a,0,drawdown,20-30,win_100,8,247,0.10004050222762252,20,0.08097165991902834,0.032806804374240585,0.9883907125700561,2.4681361523466787,1.6163130639865546,3.7111659858133783,False,holdout
realized_vol_12m,n/a,0,drawdown,20-30,win_100,9,247,0.10004050222762252,11,0.044534412955465584,0.032806804374240585,0.9883907125700561,1.3574748837906732,0.7634546629035134,2.376719827619763,False,holdout
realized_vol_12m,n/a,0,drawdown,20-30,win_100,10,247,0.10004050222762252,16,0.06477732793522267,0.032806804374240585,0.9883907125700561,1.9745089218773428,1.2272641520916427,3.1280795380297772,False,holdout
realized_vol_12m,n/a,0,drawdown,20-30,launch_300,1,247,0.10004050222762252,0,0.0,0.01377075739165654,0.9883907125700561,0.0,0.0,1.112087716588131,False,holdout
realized_vol_12m,n/a,0,drawdown,20-30,launch_300,2,247,0.10004050222762252,0,0.0,0.01377075739165654,0.9883907125700561,0.0,0.0,1.112087716588131,False,holdout
realized_vol_12m,n/a,0,drawdown,20-30,launch_300,3,247,0.10004050222762252,0,0.0,0.01377075739165654,0.9883907125700561,0.0,0.0,1.112087716588131,False,holdout
realized_vol_12m,n/a,0,drawdown,20-30,launch_300,4,247,0.10004050222762252,4,0.016194331983805668,0.01377075739165654,0.9883907125700561,1.1759942843534175,0.45859616552132904,2.9694610844185556,False,holdout
realized_vol_12m,n/a,0,drawdown,20-30,launch_300,5,246,0.09963547995139732,3,0.012195121951219513,0.01377075739165654,0.9883907125700561,0.8855810616929699,0.30179527856204835,2.558673079195285,False,holdout
realized_vol_12m,n/a,0,drawdown,20-30,launch_300,6,247,0.10004050222762252,1,0.004048582995951417,0.01377075739165654,0.9883907125700561,0.29399857108835437,0.05192395297073325,1.639156146955336,False,holdout
realized_vol_12m,n/a,0,drawdown,20-30,launch_300,7,247,0.10004050222762252,5,0.020242914979757085,0.01377075739165654,0.9883907125700561,1.469992855441772,0.6300893344508872,3.376960298826936,False,holdout
realized_vol_12m,n/a,0,drawdown,20-30,launch_300,8,247,0.10004050222762252,8,0.032388663967611336,0.01377075739165654,0.9883907125700561,2.351988568706835,1.1982968523607787,4.545729930930861,False,holdout
realized_vol_12m,n/a,0,drawdown,20-30,launch_300,9,247,0.10004050222762252,5,0.020242914979757085,0.01377075739165654,0.9883907125700561,1.469992855441772,0.6300893344508872,3.376960298826936,False,holdout
realized_vol_12m,n/a,0,drawdown,20-30,launch_300,10,247,0.10004050222762252,8,0.032388663967611336,0.01377075739165654,0.9883907125700561,2.351988568706835,1.1982968523607787,4.545729930930861,False,holdout
realized_vol_12m,n/a,0,mst,0-12,win_50,1,14902,0.10013708203418988,678,0.04549724869145081,0.1699682829803247,0.9885938631396438,0.26768081605388405,0.24867526725200015,0.28806464759142336,True,holdout
realized_vol_12m,n/a,0,mst,0-12,win_50,2,14871,0.09992877109988173,1283,0.08627530092125614,0.1699682829803247,0.9885938631396438,0.5075964727562922,0.48167129111154056,0.5347788921157773,True,holdout
realized_vol_12m,n/a,0,mst,0-12,win_50,3,14878,0.09997580905279002,1774,0.11923645651297217,0.1699682829803247,0.9885938631396438,0.7015218040813815,0.6714618560125188,0.7327382823657883,True,holdout
realized_vol_12m,n/a,0,mst,0-12,win_50,4,14877,0.0999690893452317,2186,0.14693822679303623,0.1699682829803247,0.9885938631396438,0.8645038016301287,0.8315681727332533,0.8985118915212484,True,holdout
realized_vol_12m,n/a,0,mst,0-12,win_50,5,14865,0.09988845285453177,2557,0.17201479986545576,0.1699682829803247,0.9885938631396438,1.0120405810380984,0.9768465255652224,1.0482317289289702,True,holdout
realized_vol_12m,n/a,0,mst,0-12,win_50,6,14880,0.09998924846790667,2946,0.19798387096774195,0.1699682829803247,0.9885938631396438,1.1648283285338612,1.127619911824282,1.202953964996258,True,holdout
realized_vol_12m,n/a,0,mst,0-12,win_50,7,14884,0.10001612729813998,3301,0.22178177909164204,0.1699682829803247,0.9885938631396438,1.304842145856796,1.2659997318336522,1.3445292786240581,True,holdout
realized_vol_12m,n/a,0,mst,0-12,win_50,8,14871,0.09992877109988173,3434,0.23091923878690068,0.1699682829803247,0.9885938631396438,1.358601938772492,1.319164031536696,1.3988575358442092,True,holdout
realized_vol_12m,n/a,0,mst,0-12,win_50,9,14878,0.09997580905279002,3679,0.2472778599274096,0.1699682829803247,0.9885938631396438,1.4548470784754244,1.4144477092442365,1.4960140652900982,True,holdout
realized_vol_12m,n/a,0,mst,0-12,win_50,10,14910,0.10019083969465649,3456,0.2317907444668008,0.1699682829803247,0.9885938631396438,1.3637293994058444,1.3242888339041015,1.4039828750385495,True,holdout
realized_vol_12m,n/a,0,mst,0-12,win_100,1,14902,0.10013708203418988,48,0.00322104415514696,0.05941565423072788,0.9885938631396438,0.05421204557705836,0.04090622501639028,0.07182741683063579,False,holdout
realized_vol_12m,n/a,0,mst,0-12,win_100,2,14871,0.09992877109988173,144,0.00968327617510591,0.05941565423072788,0.9885938631396438,0.1629751670747072,0.13853456622527047,0.19167812335460097,True,holdout
realized_vol_12m,n/a,0,mst,0-12,win_100,3,14878,0.09997580905279002,235,0.0157951337545369,0.05941565423072788,0.9885938631396438,0.26584128305984656,0.23416433305737724,0.30172547781309317,True,holdout
realized_vol_12m,n/a,0,mst,0-12,win_100,4,14877,0.0999690893452317,370,0.024870605632856087,0.05941565423072788,0.9885938631396438,0.4185867504930006,0.37848833249501457,0.46281383410876414,True,holdout
realized_vol_12m,n/a,0,mst,0-12,win_100,5,14865,0.09988845285453177,643,0.043255970400269086,0.05941565423072788,0.9885938631396438,0.7280231272434341,0.6749395497670804,0.7850788127298759,True,holdout
realized_vol_12m,n/a,0,mst,0-12,win_100,6,14880,0.09998924846790667,852,0.05725806451612903,0.05941565423072788,0.9885938631396438,0.9636865108609204,0.902759366066263,1.0284601130383528,True,holdout
realized_vol_12m,n/a,0,mst,0-12,win_100,7,14884,0.10001612729813998,1191,0.08001881214727224,0.05941565423072788,0.9885938631396438,1.3467631246899419,1.2752114928018183,1.4219624926110384,True,holdout
realized_vol_12m,n/a,0,mst,0-12,win_100,8,14871,0.09992877109988173,1449,0.09743796651200323,0.05941565423072788,0.9885938631396438,1.6399376186892414,1.5614591790258725,1.7219155565058617,True,holdout
realized_vol_12m,n/a,0,mst,0-12,win_100,9,14878,0.09997580905279002,1888,0.1268987767173007,0.05941565423072788,0.9885938631396438,2.135780180497831,2.0473787731567583,2.227423455636179,True,holdout
realized_vol_12m,n/a,0,mst,0-12,win_100,10,14910,0.10019083969465649,2022,0.13561368209255534,0.05941565423072788,0.9885938631396438,2.282457104081171,2.1915410907235677,2.3765324681652804,True,holdout
realized_vol_12m,n/a,0,mst,0-12,launch_300,1,12486,0.10014115684450291,9,0.0007208073041806823,0.011701581598280454,0.9876820950736301,0.061599134965362706,0.03241231414439114,0.11703226015263335,False,holdout
realized_vol_12m,n/a,0,mst,0-12,launch_300,2,12460,0.09993262968785088,8,0.0006420545746388443,0.011701581598280454,0.9876820950736301,0.054869042209917514,0.027806470802642605,0.10823681721332527,False,holdout
realized_vol_12m,n/a,0,mst,0-12,launch_300,3,12464,0.09996471078887427,14,0.001123234916559692,0.011701581598280454,0.9876820950736301,0.09599000845533147,0.057191337555857015,0.16106010406324958,False,holdout
realized_vol_12m,n/a,0,mst,0-12,launch_300,4,12465,0.09997273106413013,43,0.0034496590453269153,0.011701581598280454,0.9876820950736301,0.29480280219845173,0.21896139857920244,0.3967910212130572,False,holdout
realized_vol_12m,n/a,0,mst,0-12,launch_300,5,12454,0.09988450803631581,70,0.0056206841175525935,0.011701581598280454,0.9876820950736301,0.48033542050234923,0.38041964618948354,0.6063066768216276,False,holdout
realized_vol_12m,n/a,0,mst,0-12,launch_300,6,12469,0.10000481216515351,107,0.008581281578314219,0.011701581598280454,0.9876820950736301,0.7333437370188691,0.6073416371814168,0.885214138232976,True,holdout
realized_vol_12m,n/a,0,mst,0-12,launch_300,7,12469,0.10000481216515351,128,0.010265458336674953,0.011701581598280454,0.9876820950736301,0.8772710125085537,0.7384409912161638,1.041880680044361,True,holdout
realized_vol_12m,n/a,0,mst,0-12,launch_300,8,12460,0.09993262968785088,199,0.01597110754414125,0.011701581598280454,0.9876820950736301,1.364867424971698,1.1891019204431903,1.5661306284536418,True,holdout
realized_vol_12m,n/a,0,mst,0-12,launch_300,9,12464,0.09996471078887427,310,0.02487163029525032,0.011701581598280454,0.9876820950736301,2.1254930443680538,1.904058981586554,2.371947914020478,True,holdout
realized_vol_12m,n/a,0,mst,0-12,launch_300,10,12493,0.10019729877129382,571,0.045705595133274636,0.011701581598280454,0.9876820950736301,3.9059331210399,3.6047226246533817,4.231011766792889,True,holdout
realized_vol_12m,n/a,0,mst,13-24,win_50,1,1432,0.1001818945011893,128,0.0893854748603352,0.1709808311179516,0.9956812482585679,0.5227806782543499,0.4426594764338952,0.615751982215833,True,holdout
realized_vol_12m,n/a,0,mst,13-24,win_50,2,1429,0.09997201623058626,166,0.11616515045486354,0.1709808311179516,0.9956812482585679,0.6794045256144924,0.5882023870204088,0.7826438516860278,True,holdout
realized_vol_12m,n/a,0,mst,13-24,win_50,3,1429,0.09997201623058626,248,0.1735479356193142,0.1709808311179516,0.9956812482585679,1.0150139900746633,0.9053300602840031,1.1349355642741312,True,holdout
realized_vol_12m,n/a,0,mst,13-24,win_50,4,1428,0.09990205680705191,209,0.14635854341736695,0.1709808311179516,0.9956812482585679,0.8559938705433073,0.7543212779272054,0.9687645213645382,True,holdout
realized_vol_12m,n/a,0,mst,13-24,win_50,5,1428,0.09990205680705191,266,0.18627450980392157,0.1709808311179516,0.9956812482585679,1.0894467443278457,0.976324653296093,1.212414241450485,True,holdout
realized_vol_12m,n/a,0,mst,13-24,win_50,6,1430,0.10004197565412061,272,0.1902097902097902,0.1709808311179516,0.9956812482585679,1.1124626600895013,0.9984077667504474,1.236225900991114,True,holdout
realized_vol_12m,n/a,0,mst,13-24,win_50,7,1428,0.09990205680705191,263,0.18417366946778713,0.1709808311179516,0.9956812482585679,1.0771597509707649,0.9645844712576934,1.1996463658333674,True,holdout
realized_vol_12m,n/a,0,mst,13-24,win_50,8,1429,0.09997201623058626,282,0.1973407977606718,0.1709808311179516,0.9956812482585679,1.154169133875222,1.0382969002111044,1.2795328599440756,True,holdout
realized_vol_12m,n/a,0,mst,13-24,win_50,9,1429,0.09997201623058626,274,0.19174247725682295,0.1709808311179516,0.9956812482585679,1.12142674709862,1.0069460284849858,1.245574523294419,True,holdout
realized_vol_12m,n/a,0,mst,13-24,win_50,10,1432,0.1001818945011893,336,0.2346368715083799,0.1709808311179516,0.9956812482585679,1.3722992804176686,1.2481868660166195,1.5047161825969333,True,holdout
realized_vol_12m,n/a,0,mst,13-24,win_100,1,1432,0.1001818945011893,7,0.004888268156424581,0.047362529732755,0.9956812482585679,0.10320960860846819,0.05003687346729269,0.21231790778657517,False,holdout
realized_vol_12m,n/a,0,mst,13-24,win_100,2,1429,0.09997201623058626,14,0.00979706088173548,0.047362529732755,0.9956812482585679,0.20685256756798662,0.12340581524125957,0.34579626343085546,False,holdout
realized_vol_12m,n/a,0,mst,13-24,win_100,3,1429,0.09997201623058626,39,0.02729181245626312,0.047362529732755,0.9956812482585679,0.5762321525108198,0.42286803053333244,0.7831125990545652,False,holdout
realized_vol_12m,n/a,0,mst,13-24,win_100,4,1428,0.09990205680705191,45,0.031512605042016806,0.047362529732755,0.9956812482585679,0.6653488574159353,0.4989988991901704,0.8847743372220008,False,holdout
realized_vol_12m,n/a,0,mst,13-24,win_100,5,1428,0.09990205680705191,54,0.037815126050420166,0.047362529732755,0.9956812482585679,0.7984186288991224,0.6143564453122308,1.0348423135966243,False,holdout
realized_vol_12m,n/a,0,mst,13-24,win_100,6,1430,0.10004197565412061,64,0.044755244755244755,0.047362529732755,0.9956812482585679,0.9449504705043849,0.7432740965085379,1.1981301509455575,False,holdout
realized_vol_12m,n/a,0,mst,13-24,win_100,7,1428,0.09990205680705191,72,0.05042016806722689,0.047362529732755,0.9956812482585679,1.0645581718654966,0.8493785828613036,1.3306712210409197,False,holdout
realized_vol_12m,n/a,0,mst,13-24,win_100,8,1429,0.09997201623058626,93,0.06508047585724283,0.047362529732755,0.9956812482585679,1.3740920559873397,1.1279234277686496,1.669498871797339,False,holdout
realized_vol_12m,n/a,0,mst,13-24,win_100,9,1429,0.09997201623058626,110,0.07697690692792163,0.047362529732755,0.9956812482585679,1.6252701737484663,1.3568262271872733,1.9416054870014479,True,holdout
realized_vol_12m,n/a,0,mst,13-24,win_100,10,1432,0.1001818945011893,179,0.125,0.047362529732755,0.9956812482585679,2.6392171344165436,2.2986033218767785,3.022196811396129,True,holdout
realized_vol_12m,n/a,0,mst,13-24,launch_300,1,1432,0.1001818945011893,6,0.004189944134078212,0.021057786483839373,0.9956812482585679,0.19897362608808628,0.0912565486760557,0.4326767095524945,False,holdout
realized_vol_12m,n/a,0,mst,13-24,launch_300,2,1429,0.09997201623058626,2,0.0013995801259622112,0.021057786483839373,0.9956812482585679,0.06646378179569384,0.018230752442479157,0.241657119170242,False,holdout
realized_vol_12m,n/a,0,mst,13-24,launch_300,3,1429,0.09997201623058626,6,0.004198740377886634,0.021057786483839373,0.9956812482585679,0.19939134538708153,0.09144826724104856,0.43358197193046855,False,holdout
realized_vol_12m,n/a,0,mst,13-24,launch_300,4,1428,0.09990205680705191,19,0.01330532212885154,0.021057786483839373,0.9956812482585679,0.6318480880724383,0.4052819095277114,0.9824295273392973,False,holdout
realized_vol_12m,n/a,0,mst,13-24,launch_300,5,1428,0.09990205680705191,28,0.0196078431372549,0.021057786483839373,0.9956812482585679,0.9311445508435933,0.6458626862691829,1.3388357231235901,False,holdout
realized_vol_12m,n/a,0,mst,13-24,launch_300,6,1430,0.10004197565412061,25,0.017482517482517484,0.021057786483839373,0.9956812482585679,0.8302162953325745,0.5636597271619787,1.2195522294661152,False,holdout
realized_vol_12m,n/a,0,mst,13-24,launch_300,7,1428,0.09990205680705191,31,0.021708683473389355,0.021057786483839373,0.9956812482585679,1.0309100384339782,0.7282459659126584,1.4554481009887024,False,holdout
realized_vol_12m,n/a,0,mst,13-24,launch_300,8,1429,0.09997201623058626,31,0.021693491952414275,0.021057786483839373,0.9956812482585679,1.0301886178332547,0.7277349783782054,1.4544350580357865,False,holdout
realized_vol_12m,n/a,0,mst,13-24,launch_300,9,1429,0.09997201623058626,62,0.04338698390482855,0.021057786483839373,0.9956812482585679,2.0603772356665093,1.614211455337764,2.622811929656897,False,holdout
realized_vol_12m,n/a,0,mst,13-24,launch_300,10,1432,0.1001818945011893,91,0.06354748603351955,0.021057786483839373,0.9956812482585679,3.017766662335975,2.4714546101254333,3.674981888888398,False,holdout
realized_vol_12m,n/a,3,all,ALL,win_50,1,16150,0.10014634388332176,867,0.05368421052631579,0.1703231967457089,0.9780155134666352,0.3151902474356788,0.295396948181458,0.3362298358567357,True,holdout
realized_vol_12m,n/a,3,all,ALL,win_50,2,16118,0.09994791149915666,1524,0.09455267402903586,0.1703231967457089,0.9780155134666352,0.5551367977798245,0.5291802631236804,0.5822277480079072,True,holdout
realized_vol_12m,n/a,3,all,ALL,win_50,3,16124,0.09998511757118762,2203,0.13662862813197718,0.1703231967457089,0.9780155134666352,0.8021727559280288,0.771555598181783,0.8338062251930983,True,holdout
realized_vol_12m,n/a,3,all,ALL,win_50,4,16116,0.09993550947514634,2451,0.1520848845867461,0.1703231967457089,0.9780155134666352,0.8929193879199412,0.8608553682900923,0.9259569724683798,True,holdout
realized_vol_12m,n/a,3,all,ALL,win_50,5,16108,0.09988590137910507,2709,0.1681773032033772,0.1703231967457089,0.9780155134666352,0.9874010493970736,0.9539544743005338,1.0217766193164954,True,holdout
realized_vol_12m,n/a,3,all,ALL,win_50,6,16128,0.10000992161920826,3118,0.19332837301587302,0.1703231967457089,0.9780155134666352,1.1350677811931318,1.099714944298123,1.171278133702895,True,holdout
realized_vol_12m,n/a,3,all,ALL,win_50,7,16123,0.09997891655918247,3430,0.21273956459715934,0.1703231967457089,0.9780155134666352,1.2490345922451052,1.2123504662323217,1.286522205310316,True,holdout
realized_vol_12m,n/a,3,all,ALL,win_50,8,16117,0.0999417104871515,3621,0.22466960352422907,0.1703231967457089,0.9780155134666352,1.3190781280347792,1.2816348823312826,1.3572917782866463,True,holdout
realized_vol_12m,n/a,3,all,ALL,win_50,9,16125,0.09999131858319278,3885,0.24093023255813953,0.1703231967457089,0.9780155134666352,1.4145473849803698,1.3761590799340637,1.453660236000006,True,holdout
realized_vol_12m,n/a,3,all,ALL,win_50,10,16155,0.10017734894334755,3659,0.22649334571340143,0.1703231967457089,0.9780155134666352,1.329785666549895,1.2922751166076487,1.368059718286316,True,holdout
realized_vol_12m,n/a,3,all,ALL,win_100,1,16150,0.10014634388332176,81,0.005015479876160991,0.0582399047524556,0.9780155134666352,0.0861175837680181,0.06932498563944046,0.10695241476924612,False,holdout
realized_vol_12m,n/a,3,all,ALL,win_100,2,16118,0.09994791149915666,162,0.01005087479836208,0.0582399047524556,0.9780155134666352,0.17257711600117784,0.14806776707792577,0.20109551858331748,True,holdout
realized_vol_12m,n/a,3,all,ALL,win_100,3,16124,0.09998511757118762,355,0.022016869263210122,0.0582399047524556,0.9780155134666352,0.3780375218124273,0.3410581979156492,0.41892653146896297,True,holdout
realized_vol_12m,n/a,3,all,ALL,win_100,4,16116,0.09993550947514634,524,0.03251427153139737,0.0582399047524556,0.9780155134666352,0.5582816742162761,0.513143890902449,0.6072451769855096,True,holdout
realized_vol_12m,n/a,3,all,ALL,win_100,5,16108,0.09988590137910507,700,0.04345666749441272,0.0582399047524556,0.9780155134666352,0.7461665275573863,0.693948299585692,0.8021227818350093,True,holdout
realized_vol_12m,n/a,3,all,ALL,win_100,6,16128,0.10000992161920826,926,0.0574156746031746,0.0582399047524556,0.9780155134666352,0.9858476734674563,0.9259909952325978,1.0493235936112932,True,holdout
realized_vol_12m,n/a,3,all,ALL,win_100,7,16123,0.09997891655918247,1192,0.07393165043726353,0.0582399047524556,0.9780155134666352,1.26943288715022,1.2018127201060076,1.340538316633756,True,holdout
realized_vol_12m,n/a,3,all,ALL,win_100,8,16117,0.0999417104871515,1486,0.09220078178321027,0.0582399047524556,0.9780155134666352,1.5831204081652066,1.50808837206587,1.6614895057641978,True,holdout
realized_vol_12m,n/a,3,all,ALL,win_100,9,16125,0.09999131858319278,1903,0.11801550387596899,0.0582399047524556,0.9780155134666352,2.0263684217476854,1.9424242090480783,2.1134369010888943,True,holdout
realized_vol_12m,n/a,3,all,ALL,win_100,10,16155,0.10017734894334755,2063,0.12770040235221294,0.0582399047524556,0.9780155134666352,2.1926615933695985,2.105809122843164,2.2825534640102436,True,holdout
realized_vol_12m,n/a,3,all,ALL,launch_300,1,13747,0.1001610212096263,19,0.001382119735214956,0.012663115942556959,0.976201145133184,0.10914531158717923,0.06989065911107774,0.17040003972923193,False,holdout
realized_vol_12m,n/a,3,all,ALL,launch_300,2,13718,0.09994972640966418,9,0.0006560723137483598,0.012663115942556959,0.976201145133184,0.05180970597793362,0.02726101105369399,0.09843707439628835,False,holdout
realized_vol_12m,n/a,3,all,ALL,launch_300,3,13722,0.09997887052000379,22,0.0016032648301996793,0.012663115942556959,0.976201145133184,0.12660903031074555,0.08363287847621398,0.19161555319079482,False,holdout
realized_vol_12m,n/a,3,all,ALL,launch_300,4,13716,0.09993515435449439,76,0.005540974044911053,0.012663115942556959,0.976201145133184,0.43756797853279467,0.3498046945609986,0.5471971353081118,False,holdout
realized_vol_12m,n/a,3,all,ALL,launch_300,5,13708,0.09987686613381518,98,0.0071491100087540125,0.012663115942556959,0.976201145133184,0.5645616798570078,0.4635732820875049,0.6873575516231597,False,holdout
realized_vol_12m,n/a,3,all,ALL,launch_300,6,13727,0.1000153006579283,135,0.00983463247614191,0.012663115942556959,0.976201145133184,0.7766360602520144,0.6566720408589093,0.9182587141087957,True,holdout
realized_vol_12m,n/a,3,all,ALL,launch_300,7,13721,0.09997158449241889,194,0.014138911158078858,0.012663115942556959,0.976201145133184,1.1165428179143644,0.9709322161913558,1.283631248816943,True,holdout
realized_vol_12m,n/a,3,all,ALL,launch_300,8,13717,0.09994244038207929,212,0.01545527447692644,0.012663115942556959,0.976201145133184,1.2204953778387095,1.0678620377435264,1.3945546007620286,True,holdout
realized_vol_12m,n/a,3,all,ALL,launch_300,9,13723,0.09998615654758869,391,0.028492312176637762,0.012663115942556959,0.976201145133184,2.250023793976615,2.040406443085336,2.4804814350470226,True,holdout
realized_vol_12m,n/a,3,all,ALL,launch_300,10,13750,0.100182879292381,582,0.04232727272727273,0.012663115942556959,0.976201145133184,3.342563782822471,3.086752787545286,3.618563862377636,True,holdout
realized_vol_12m,n/a,3,drawdown,0-10,win_50,1,12513,0.10016730573722593,713,0.05698074003036842,0.17399796671496387,0.978843607243322,0.3274793441909115,0.3049087521145281,0.35161275953028087,True,holdout
realized_vol_12m,n/a,3,drawdown,0-10,win_50,2,12483,0.09992715396130354,1218,0.09757269887046383,0.17399796671496387,0.978843607243322,0.5607691900808434,0.5315600802279558,0.591401339088087,True,holdout
realized_vol_12m,n/a,3,drawdown,0-10,win_50,3,12490,0.09998318937568543,1747,0.1398718975180144,0.17399796671496387,0.978843607243322,0.8038708736588092,0.7695469856588911,0.8394675114466673,True,holdout
realized_vol_12m,n/a,3,drawdown,0-10,win_50,4,12484,0.09993515902050096,1926,0.15427747516821533,0.17399796671496387,0.978843607243322,0.8866625172749644,0.8508582006977936,0.9236892590989867,True,holdout
realized_vol_12m,n/a,3,drawdown,0-10,win_50,5,12479,0.09989513372451389,2087,0.16724096482089912,0.17399796671496387,0.978843607243322,0.9611662019870969,0.9241249823791194,0.9993844810845955,True,holdout
realized_vol_12m,n/a,3,drawdown,0-10,win_50,6,12493,0.10000720455327768,2407,0.19266789402065157,0.17399796671496387,0.978843607243322,1.1072996866467526,1.0680983131566921,1.1475869597615311,True,holdout
realized_vol_12m,n/a,3,drawdown,0-10,win_50,7,12489,0.09997518431648802,2683,0.21482904956361598,0.17399796671496387,0.978843607243322,1.2346641378605296,1.193774410876233,1.276561784851436,True,holdout
realized_vol_12m,n/a,3,drawdown,0-10,win_50,8,12485,0.09994316407969837,2851,0.22835402482979575,0.17399796671496387,0.978843607243322,1.3123947890947236,1.2705609899955665,1.3551890124801715,True,holdout
realized_vol_12m,n/a,3,drawdown,0-10,win_50,9,12488,0.09996717925729061,3138,0.25128122998078156,0.17399796671496387,0.978843607243322,1.444161875709846,1.4008842829368289,1.488318620767225,True,holdout
realized_vol_12m,n/a,3,drawdown,0-10,win_50,10,12517,0.10019932597401558,2966,0.23695773747703125,0.17399796671496387,0.978843607243322,1.3618419913216884,1.3194980557047002,1.4051135553168959,True,holdout
realized_vol_12m,n/a,3,drawdown,0-10,win_100,1,12513,0.10016730573722593,57,0.004555262526971949,0.06021405528293882,0.978843607243322,0.07565114997764727,0.05842277618554157,0.09792995865274923,False,holdout
realized_vol_12m,n/a,3,drawdown,0-10,win_100,2,12483,0.09992715396130354,122,0.009773291676680285,0.06021405528293882,0.978843607243322,0.16230914245447722,0.13604877595520212,0.19357875862711216,True,holdout
realized_vol_12m,n/a,3,drawdown,0-10,win_100,3,12490,0.09998318937568543,284,0.022738190552441955,0.06021405528293882,0.978843607243322,0.37762264052135086,0.3365817212848153,0.4235375987634867,True,holdout
realized_vol_12m,n/a,3,drawdown,0-10,win_100,4,12484,0.09993515902050096,409,0.032761935277154756,0.06021405528293882,0.978843607243322,0.5440911614939443,0.494572127633312,0.5983841594411626,True,holdout
realized_vol_12m,n/a,3,drawdown,0-10,win_100,5,12479,0.09989513372451389,552,0.044234313646926836,0.06021405528293882,0.978843607243322,0.7346177472863263,0.6769987442226473,0.796895361672196,True,holdout
realized_vol_12m,n/a,3,drawdown,0-10,win_100,6,12493,0.10000720455327768,730,0.058432722324501724,0.06021405528293882,0.978843607243322,0.9704166585348417,0.9043363347018195,1.0410054082045206,True,holdout
realized_vol_12m,n/a,3,drawdown,0-10,win_100,7,12489,0.09997518431648802,919,0.07358475458403395,0.06021405528293882,0.978843607243322,1.2220527954522873,1.148163684837372,1.3002970228228954,True,holdout
realized_vol_12m,n/a,3,drawdown,0-10,win_100,8,12485,0.09994316407969837,1166,0.0933920704845815,0.06021405528293882,0.978843607243322,1.5510011748211119,1.4683000312084875,1.6378564667578843,True,holdout
realized_vol_12m,n/a,3,drawdown,0-10,win_100,9,12488,0.09996717925729061,1576,0.1262011531069827,0.06021405528293882,0.978843607243322,2.095875331996462,2.0010548418860723,2.1945138561920112,True,holdout
realized_vol_12m,n/a,3,drawdown,0-10,win_100,10,12517,0.10019932597401558,1707,0.13637453063833188,0.06021405528293882,0.978843607243322,2.264828867571265,2.1668340352174797,2.3665292192792617,True,holdout
realized_vol_12m,n/a,3,drawdown,0-10,launch_300,1,10110,0.10019225814124036,16,0.001582591493570722,0.012506689394089549,0.976569531680974,0.12653960162460165,0.07791123478105799,0.20544134632887454,False,holdout
realized_vol_12m,n/a,3,drawdown,0-10,launch_300,2,10083,0.09992468237765842,7,0.0006942378260438362,0.012506689394089549,0.976569531680974,0.055509320186037506,0.02689236252526206,0.11453479226329581,False,holdout
realized_vol_12m,n/a,3,drawdown,0-10,launch_300,3,10088,0.0999742334449884,10,0.0009912767644726407,0.012506689394089549,0.976569531680974,0.07925972519483065,0.043060637355773396,0.14583418037984294,False,holdout
realized_vol_12m,n/a,3,drawdown,0-10,launch_300,4,10084,0.09993459259112442,59,0.005850852836176121,0.012506689394089549,0.976569531680974,0.4678178734446812,0.36291759240368554,0.6028096396115079,False,holdout
realized_vol_12m,n/a,3,drawdown,0-10,launch_300,5,10079,0.09988504152379442,73,0.0072427820220259944,0.012506689394089549,0.976569531680974,0.5791126487437044,0.4609356608815437,0.7273112395280266,False,holdout
realized_vol_12m,n/a,3,drawdown,0-10,launch_300,6,10092,0.1000138742988524,88,0.008719778042013475,0.012506689394089549,0.976569531680974,0.6972091308299617,0.5663815822640945,0.857929753516979,False,holdout
realized_vol_12m,n/a,3,drawdown,0-10,launch_300,7,10087,0.0999643232315224,123,0.012193912957271735,0.012506689394089549,0.976569531680974,0.9749912685154213,0.8179788389247082,1.1617000877429198,True,holdout
realized_vol_12m,n/a,3,drawdown,0-10,launch_300,8,10085,0.09994450280459041,135,0.013386217154189391,0.012506689394089549,0.976569531680974,1.0703245864981257,0.9052254117271407,1.2650534390574084,True,holdout
realized_vol_12m,n/a,3,drawdown,0-10,launch_300,9,10086,0.09995441301805641,298,0.02954590521514971,0.012506689394089549,0.976569531680974,2.3624081708715505,2.1121618465318863,2.641297378346742,True,holdout
realized_vol_12m,n/a,3,drawdown,0-10,launch_300,10,10112,0.10021207856817235,453,0.04479825949367089,0.012506689394089549,0.976569531680974,3.581943876757809,3.273152456138763,3.918378332151818,True,holdout
realized_vol_12m,n/a,3,drawdown,10-20,win_50,1,3395,0.10006779261355263,147,0.04329896907216495,0.15845786541692458,0.9757549611734254,0.27325225515463913,0.2332057510775644,0.31981374495185433,True,holdout
realized_vol_12m,n/a,3,drawdown,10-20,win_50,2,3394,0.10003831756418193,294,0.08662345315262228,0.15845786541692458,0.9757549611734254,0.5466655310842663,0.48985564433427203,0.6093741014832804,True,holdout
realized_vol_12m,n/a,3,drawdown,10-20,win_50,3,3392,0.0999793674654405,422,0.12441037735849056,0.15845786541692458,0.9757549611734254,0.7851322307740902,0.717707246430485,0.8579198541081007,True,holdout
realized_vol_12m,n/a,3,drawdown,10-20,win_50,4,3391,0.0999498924160698,484,0.14273075788852846,0.15845786541692458,0.9757549611734254,0.9007489625900492,0.8289986522055508,0.9776018376097214,True,holdout
realized_vol_12m,n/a,3,drawdown,10-20,win_50,5,3387,0.09983199221858696,577,0.17035724830233245,0.15845786541692458,0.9757549611734254,1.075094933622253,0.9975611483056479,1.1573422723167572,True,holdout
realized_vol_12m,n/a,3,drawdown,10-20,win_50,6,3394,0.10003831756418193,661,0.1947554507955215,0.15845786541692458,0.9757549611734254,1.2290677416554423,1.147186000621437,1.3153051749634208,True,holdout
realized_vol_12m,n/a,3,drawdown,10-20,win_50,7,3392,0.0999793674654405,699,0.20607311320754718,0.15845786541692458,0.9757549611734254,1.3004915386518698,1.2167100394770949,1.3884697027194506,True,holdout
realized_vol_12m,n/a,3,drawdown,10-20,win_50,8,3391,0.0999498924160698,720,0.21232674727219109,0.15845786541692458,0.9757549611734254,1.3399571344314782,1.2551710908559042,1.4288517638936487,True,holdout
realized_vol_12m,n/a,3,drawdown,10-20,win_50,9,3395,0.10006779261355263,708,0.2085419734904271,0.15845786541692458,0.9757549611734254,1.3160720860509152,1.2319313972960533,1.4043705164182116,True,holdout
realized_vol_12m,n/a,3,drawdown,10-20,win_50,10,3396,0.10009726766292333,664,0.1955241460541814,0.15845786541692458,0.9757549611734254,1.2339188435975097,1.1519298311686288,1.320250023551524,True,holdout
realized_vol_12m,n/a,3,drawdown,10-20,win_100,1,3395,0.10006779261355263,24,0.007069219440353461,0.0528487635216789,0.9757549611734254,0.13376319461956043,0.08997665053322511,0.19863341718676775,False,holdout
realized_vol_12m,n/a,3,drawdown,10-20,win_100,2,3394,0.10003831756418193,39,0.011490866234531527,0.0528487635216789,0.9757549611734254,0.21742923521413893,0.15927141161602776,0.2964877635910077,False,holdout
realized_vol_12m,n/a,3,drawdown,10-20,win_100,3,3392,0.0999793674654405,69,0.02034198113207547,0.0528487635216789,0.9757549611734254,0.3849093105788759,0.30475083806531644,0.4856018823475204,False,holdout
realized_vol_12m,n/a,3,drawdown,10-20,win_100,4,3391,0.0999498924160698,111,0.03273370687112946,0.0528487635216789,0.9757549611734254,0.6193845359826041,0.5156888934371885,0.7430896819230454,True,holdout
realized_vol_12m,n/a,3,drawdown,10-20,win_100,5,3387,0.09983199221858696,140,0.04133451431945675,0.0528487635216789,0.9757549611734254,0.7821283141752421,0.6648001770316242,0.9191208164746493,True,holdout
realized_vol_12m,n/a,3,drawdown,10-20,win_100,6,3394,0.10003831756418193,191,0.056275780789628756,0.0528487635216789,0.9757549611734254,1.0648457416897572,0.9274104826979213,1.2212655974227327,True,holdout
realized_vol_12m,n/a,3,drawdown,10-20,win_100,7,3392,0.0999793674654405,261,0.07694575471698113,0.0528487635216789,0.9757549611734254,1.4559613052331393,1.2951675124957471,1.6348659968218207,True,holdout
realized_vol_12m,n/a,3,drawdown,10-20,win_100,8,3391,0.0999498924160698,301,0.08876437629017989,0.0528487635216789,0.9757549611734254,1.6795923002771516,1.5071584957975745,1.8696362357029974,True,holdout
realized_vol_12m,n/a,3,drawdown,10-20,win_100,9,3395,0.10006779261355263,315,0.09278350515463918,0.0528487635216789,0.9757549611734254,1.7556419293817307,1.5795848648407498,1.9491164934744332,True,holdout
realized_vol_12m,n/a,3,drawdown,10-20,win_100,10,3396,0.10009726766292333,342,0.10070671378091872,0.0528487635216789,0.9757549611734254,1.9055642378389455,1.7225011102947705,2.1057009494080887,True,holdout
realized_vol_12m,n/a,3,drawdown,10-20,launch_300,1,3395,0.10006779261355263,3,0.0008836524300441826,0.013086921920594217,0.9757549611734254,0.06752179277952473,0.022966902113623844,0.19828706370017402,False,holdout
realized_vol_12m,n/a,3,drawdown,10-20,launch_300,2,3394,0.10003831756418193,2,0.0005892751915144372,0.013086921920594217,0.9757549611734254,0.04502779149214034,0.012349381209980852,0.16399281570428934,False,holdout
realized_vol_12m,n/a,3,drawdown,10-20,launch_300,3,3392,0.0999793674654405,12,0.003537735849056604,0.013086921920594217,0.9757549611734254,0.27032604538500765,0.15472892446522699,0.47175087343723615,False,holdout
realized_vol_12m,n/a,3,drawdown,10-20,launch_300,4,3391,0.0999498924160698,13,0.0038336773813034504,0.013086921920594217,0.9757549611734254,0.29293957773757245,0.17130374824078626,0.5003772191362577,False,holdout
realized_vol_12m,n/a,3,drawdown,10-20,launch_300,5,3387,0.09983199221858696,22,0.006495423678771774,0.013086921920594217,0.9757549611734254,0.4963293674542567,0.32807264338969444,0.7500282818355382,False,holdout
realized_vol_12m,n/a,3,drawdown,10-20,launch_300,6,3394,0.10003831756418193,46,0.013553329404832056,0.013086921920594217,0.9757549611734254,1.035639204319228,0.7776281925685271,1.377696941496721,False,holdout
realized_vol_12m,n/a,3,drawdown,10-20,launch_300,7,3392,0.0999793674654405,67,0.019752358490566037,0.013086921920594217,0.9757549611734254,1.5093204200662926,1.190817561705884,1.9108478241029232,False,holdout
realized_vol_12m,n/a,3,drawdown,10-20,launch_300,8,3391,0.0999498924160698,70,0.02064287820701858,0.013086921920594217,0.9757549611734254,1.577366957048467,1.2509977251078563,1.98663119359326,False,holdout
realized_vol_12m,n/a,3,drawdown,10-20,launch_300,9,3395,0.10006779261355263,87,0.025625920471281295,0.013086921920594217,0.9757549611734254,1.9581319906062173,1.5911114223393703,2.407089305642184,False,holdout
realized_vol_12m,n/a,3,drawdown,10-20,launch_300,10,3396,0.10009726766292333,122,0.035924617196702,0.013086921920594217,0.9757549611734254,2.745077674847993,2.305463106100792,3.2648265605167635,True,holdout
realized_vol_12m,n/a,3,drawdown,20-30,win_50,1,242,0.10016556291390728,7,0.028925619834710745,0.14693708609271522,0.967173738991193,0.19685717611453848,0.09582879793109146,0.3980766491267396,False,holdout
realized_vol_12m,n/a,3,drawdown,20-30,win_50,2,241,0.09975165562913907,12,0.04979253112033195,0.14693708609271522,0.967173738991193,0.33886973292034367,0.195387827507253,0.5784957073647883,False,holdout
realized_vol_12m,n/a,3,drawdown,20-30,win_50,3,242,0.10016556291390728,34,0.14049586776859505,0.14693708609271522,0.967173738991193,0.9561634268420441,0.6963049419346038,1.2924835367503755,False,holdout
realized_vol_12m,n/a,3,drawdown,20-30,win_50,4,241,0.09975165562913907,41,0.17012448132780084,0.14693708609271522,0.967173738991193,1.1578049208111743,0.8707920500656751,1.515264367482873,False,holdout
realized_vol_12m,n/a,3,drawdown,20-30,win_50,5,242,0.10016556291390728,45,0.1859504132231405,0.14693708609271522,0.967173738991193,1.2655104178791758,0.9662381632976109,1.6315767356799102,False,holdout
realized_vol_12m,n/a,3,drawdown,20-30,win_50,6,241,0.09975165562913907,50,0.2074688796680498,0.14693708609271522,0.967173738991193,1.4119572205014321,1.0961168219221291,1.7902691109398177,False,holdout
realized_vol_12m,n/a,3,drawdown,20-30,win_50,7,242,0.10016556291390728,48,0.19834710743801653,0.14693708609271522,0.967173738991193,1.3498777790711212,1.0412123886350775,1.7227006249676822,False,holdout
realized_vol_12m,n/a,3,drawdown,20-30,win_50,8,241,0.09975165562913907,50,0.2074688796680498,0.14693708609271522,0.967173738991193,1.4119572205014321,1.0961168219221291,1.7902691109398177,False,holdout
realized_vol_12m,n/a,3,drawdown,20-30,win_50,9,242,0.10016556291390728,39,0.16115702479338842,0.14693708609271522,0.967173738991193,1.0967756954952859,0.8179497623103791,1.4476689074166647,False,holdout
realized_vol_12m,n/a,3,drawdown,20-30,win_50,10,242,0.10016556291390728,29,0.11983471074380166,0.14693708609271522,0.967173738991193,0.8155511581888023,0.5767486580718456,1.1352096295710694,False,holdout
realized_vol_12m,n/a,3,drawdown,20-30,win_100,1,242,0.10016556291390728,0,0.0,0.03187086092715232,0.967173738991193,0.0,0.0,0.4902834903587525,False,holdout
realized_vol_12m,n/a,3,drawdown,20-30,win_100,2,241,0.09975165562913907,1,0.004149377593360996,0.03187086092715232,0.967173738991193,0.13019345799428786,0.022994136618178874,0.7255933621081565,False,holdout
realized_vol_12m,n/a,3,drawdown,20-30,win_100,3,242,0.10016556291390728,2,0.008264462809917356,0.03187086092715232,0.967173738991193,0.2593109369968874,0.07120445622415054,0.9295970487836038,False,holdout
realized_vol_12m,n/a,3,drawdown,20-30,win_100,4,241,0.09975165562913907,4,0.016597510373443983,0.03187086092715232,0.967173738991193,0.5207738319771514,0.20309751427370515,1.3143946508433508,False,holdout
realized_vol_12m,n/a,3,drawdown,20-30,win_100,5,242,0.10016556291390728,8,0.03305785123966942,0.03187086092715232,0.967173738991193,1.0372437479875496,0.5285173385577736,2.003838210396987,False,holdout
realized_vol_12m,n/a,3,drawdown,20-30,win_100,6,241,0.09975165562913907,5,0.02074688796680498,0.03187086092715232,0.967173738991193,0.6509672899714393,0.27905130560240665,1.494742414978223,False,holdout
realized_vol_12m,n/a,3,drawdown,20-30,win_100,7,242,0.10016556291390728,12,0.049586776859504134,0.03187086092715232,0.967173738991193,1.5558656219813243,0.8970619778641066,2.6563296003886583,False,holdout
realized_vol_12m,n/a,3,drawdown,20-30,win_100,8,241,0.09975165562913907,19,0.07883817427385892,0.03187086092715232,0.967173738991193,2.473675701891469,1.6017780641364125,3.760237432934247,False,holdout
realized_vol_12m,n/a,3,drawdown,20-30,win_100,9,242,0.10016556291390728,12,0.049586776859504134,0.03187086092715232,0.967173738991193,1.5558656219813243,0.8970619778641066,2.6563296003886583,False,holdout
realized_vol_12m,n/a,3,drawdown,20-30,win_100,10,242,0.10016556291390728,14,0.05785123966942149,0.03187086092715232,0.967173738991193,1.8151765589782118,1.0909664177365779,2.972943175165189,False,holdout
realized_vol_12m,n/a,3,drawdown,20-30,launch_300,1,242,0.10016556291390728,0,0.0,0.013245033112582781,0.967173738991193,0.0,0.0,1.1797446486757484,False,holdout
realized_vol_12m,n/a,3,drawdown,20-30,launch_300,2,241,0.09975165562913907,0,0.0,0.013245033112582781,0.967173738991193,0.0,0.0,1.184563050976021,False,holdout
realized_vol_12m,n/a,3,drawdown,20-30,launch_300,3,242,0.10016556291390728,0,0.0,0.013245033112582781,0.967173738991193,0.0,0.0,1.1797446486757484,False,holdout
realized_vol_12m,n/a,3,drawdown,20-30,launch_300,4,241,0.09975165562913907,4,0.016597510373443983,0.013245033112582781,0.967173738991193,1.2531120331950207,0.48870339372110305,3.1627621285918135,False,holdout
realized_vol_12m,n/a,3,drawdown,20-30,launch_300,5,242,0.10016556291390728,3,0.012396694214876033,0.013245033112582781,0.967173738991193,0.9359504132231405,0.31897138278567155,2.7034242250138183,False,holdout
realized_vol_12m,n/a,3,drawdown,20-30,launch_300,6,241,0.09975165562913907,1,0.004149377593360996,0.013245033112582781,0.967173738991193,0.3132780082987552,0.05532964123749292,1.745959027572752,False,holdout
realized_vol_12m,n/a,3,drawdown,20-30,launch_300,7,242,0.10016556291390728,4,0.01652892561983471,0.013245033112582781,0.967173738991193,1.2479338842975207,0.48667819179244115,3.1499344023816294,False,holdout
realized_vol_12m,n/a,3,drawdown,20-30,launch_300,8,241,0.09975165562913907,7,0.029045643153526972,0.013245033112582781,0.967173738991193,2.1929460580912865,1.0675338791261688,4.4341084966894195,False,holdout
realized_vol_12m,n/a,3,drawdown,20-30,launch_300,9,242,0.10016556291390728,6,0.024793388429752067,0.013245033112582781,0.967173738991193,1.871900826446281,0.8615650818066147,4.003481485116617,False,holdout
realized_vol_12m,n/a,3,drawdown,20-30,launch_300,10,242,0.10016556291390728,7,0.028925619834710745,0.013245033112582781,0.967173738991193,2.1838842975206614,1.063100727048046,4.416162826249767,False,holdout
realized_vol_12m,n/a,3,mst,0-12,win_50,1,14723,0.10014215656266792,750,0.05094070501935747,0.1702613912298243,0.9766695674702557,0.29919117100714904,0.2790105926400918,0.32074770391416935,True,holdout
realized_vol_12m,n/a,3,mst,0-12,win_50,2,14695,0.09995170757918936,1353,0.09207213337870024,0.1702613912298243,0.9766695674702557,0.5407693001545977,0.5139359242274892,0.5688549815451454,True,holdout
realized_vol_12m,n/a,3,mst,0-12,win_50,3,14700,0.09998571632623911,1964,0.13360544217687076,0.1702613912298243,0.9766695674702557,0.784707802584121,0.7529663152858632,0.8175737089709634,True,holdout
realized_vol_12m,n/a,3,mst,0-12,win_50,4,14693,0.09993810408036947,2226,0.1515007146260124,0.1702613912298243,0.9766695674702557,0.8898125025979133,0.8562983312822247,0.9243966840439567,True,holdout
realized_vol_12m,n/a,3,mst,0-12,win_50,5,14686,0.09989049183449983,2459,0.1674383766852785,0.1702613912298243,0.9766695674702557,0.9834195261523782,0.948464969320337,1.0193956456897255,True,holdout
realized_vol_12m,n/a,3,mst,0-12,win_50,6,14702,0.09999931982505901,2846,0.1935791048836893,0.1702613912298243,0.9766695674702557,1.1369524440358294,1.099913932536333,1.174931195061093,True,holdout
realized_vol_12m,n/a,3,mst,0-12,win_50,7,14700,0.09998571632623911,3189,0.21693877551020407,0.1702613912298243,0.9766695674702557,1.2741513148883714,1.235455666272951,1.31371564301133,True,holdout
realized_vol_12m,n/a,3,mst,0-12,win_50,8,14693,0.09993810408036947,3338,0.22718301231879126,0.1702613912298243,0.9766695674702557,1.334319017822028,1.2949481777657035,1.374527497875917,True,holdout
realized_vol_12m,n/a,3,mst,0-12,win_50,9,14702,0.09999931982505901,3581,0.24357230308801522,0.1702613912298243,0.9766695674702557,1.4305786022812035,1.3902241538146567,1.471719888264319,True,holdout
realized_vol_12m,n/a,3,mst,0-12,win_50,10,14727,0.10016936356030771,3326,0.2258436884633666,0.1702613912298243,0.9766695674702557,1.3264527373590853,1.2872119041800345,1.3665333798772186,True,holdout
realized_vol_12m,n/a,3,mst,0-12,win_100,1,14723,0.10014215656266792,74,0.005026149561909937,0.0592908496065188,0.9766695674702557,0.08477108348532301,0.06756277320273087,0.10633462437058414,False,holdout
realized_vol_12m,n/a,3,mst,0-12,win_100,2,14695,0.09995170757918936,146,0.009935352160598843,0.0592908496065188,0.9766695674702557,0.1675697384425149,0.14260150907041858,0.19685821683036722,True,holdout
realized_vol_12m,n/a,3,mst,0-12,win_100,3,14700,0.09998571632623911,320,0.021768707482993196,0.0592908496065188,0.9766695674702557,0.367151215195267,0.3294211038168637,0.40909582299937997,True,holdout
realized_vol_12m,n/a,3,mst,0-12,win_100,4,14693,0.09993810408036947,477,0.032464438848431226,0.0592908496065188,0.9766695674702557,0.5475455161104975,0.5012361294234426,0.5979771036706711,True,holdout
realized_vol_12m,n/a,3,mst,0-12,win_100,5,14686,0.09989049183449983,651,0.04432793136320305,0.0592908496065188,0.9766695674702557,0.7476352870195567,0.693472617800591,0.8058174726917213,True,holdout
realized_vol_12m,n/a,3,mst,0-12,win_100,6,14702,0.09999931982505901,860,0.05849544279689838,0.0592908496065188,0.9766695674702557,0.986584661631616,0.9245285757921838,1.0525310540002086,True,holdout
realized_vol_12m,n/a,3,mst,0-12,win_100,7,14700,0.09998571632623911,1121,0.07625850340136055,0.0592908496065188,0.9766695674702557,1.2861766007309199,1.2156653553299994,1.3604221417557019,True,holdout
realized_vol_12m,n/a,3,mst,0-12,win_100,8,14693,0.09993810408036947,1402,0.09541958755870142,0.0592908496065188,0.9766695674702557,1.6093476175826362,1.5310005867689167,1.691261781825318,True,holdout
realized_vol_12m,n/a,3,mst,0-12,win_100,9,14702,0.09999931982505901,1773,0.12059583730104748,0.0592908496065188,0.9766695674702557,2.033970471014948,1.9468543118664277,2.124429740596322,True,holdout
realized_vol_12m,n/a,3,mst,0-12,win_100,10,14727,0.10016936356030771,1893,0.12853941739661845,0.0592908496065188,0.9766695674702557,2.167946963986261,2.0784093866214355,2.2607521022546395,True,holdout
realized_vol_12m,n/a,3,mst,0-12,launch_300,1,12320,0.10015771588377803,12,0.000974025974025974,0.011682356958197162,0.9743898478283256,0.08337580999376405,0.04770347933023061,0.14567823841890082,False,holdout
realized_vol_12m,n/a,3,mst,0-12,launch_300,2,12295,0.09995447376550737,8,0.0006506710044733631,0.011682356958197162,0.9743898478283256,0.05569689462508733,0.02822604927035584,0.10986925969425501,False,holdout
realized_vol_12m,n/a,3,mst,0-12,launch_300,3,12298,0.09997886281969985,16,0.0013010245568385104,0.011682356958197162,0.9743898478283256,0.1113666156148071,0.06856630062925799,0.1808271710925661,False,holdout
realized_vol_12m,n/a,3,mst,0-12,launch_300,4,12293,0.09993821439604572,55,0.004474090946066867,0.011682356958197162,0.9743898478283256,0.38297844879046694,0.2943917287786673,0.4980665497872033,False,holdout
realized_vol_12m,n/a,3,mst,0-12,launch_300,5,12286,0.09988130660292995,77,0.006267296109392805,0.011682356958197162,0.9743898478283256,0.5364753133138284,0.42952556826215726,0.6698455762959061,False,holdout
realized_vol_12m,n/a,3,mst,0-12,launch_300,6,12301,0.10000325187389233,99,0.008048126168604178,0.011682356958197162,0.9743898478283256,0.6889128792590992,0.5662850916005964,0.8378337981557642,False,holdout
realized_vol_12m,n/a,3,mst,0-12,launch_300,7,12298,0.09997886281969985,167,0.013579443812001952,0.011682356958197162,0.9743898478283256,1.162389050479549,0.9998416922143784,1.3509402500335506,True,holdout
realized_vol_12m,n/a,3,mst,0-12,launch_300,8,12293,0.09993821439604572,191,0.015537297649068575,0.011682356958197162,0.9743898478283256,1.3299797039814398,1.1553717989675552,1.5304973150538965,True,holdout
realized_vol_12m,n/a,3,mst,0-12,launch_300,9,12300,0.0999951221891615,322,0.026178861788617887,0.011682356958197162,0.9743898478283256,2.240888707843237,2.0117227421234913,2.495380837730815,True,holdout
realized_vol_12m,n/a,3,mst,0-12,launch_300,10,12322,0.10017397525323968,490,0.03976627170913813,0.011682356958197162,0.9743898478283256,3.403959650559669,3.12068808070249,3.7117872177730824,True,holdout
realized_vol_12m,n/a,3,mst,13-24,win_50,1,1427,0.1001895668047462,117,0.08199018920812894,0.17096117390999088,0.9921287266648091,0.47958368168023835,0.40273988171074654,0.56955623994107,True,holdout
realized_vol_12m,n/a,3,mst,13-24,win_50,2,1423,0.0999087270940111,171,0.12016865776528461,0.17096117390999088,0.9921287266648091,0.7029002844151739,0.6100141536298965,0.8077495162631511,True,holdout
realized_vol_12m,n/a,3,mst,13-24,win_50,3,1424,0.09997893702169487,239,0.1678370786516854,0.17096117390999088,0.9921287266648091,0.9817262879819117,0.8734472508090734,1.1004597430627903,True,holdout
realized_vol_12m,n/a,3,mst,13-24,win_50,4,1423,0.0999087270940111,225,0.15811665495432187,0.17096117390999088,0.9921287266648091,0.9248687952831237,0.8193888215075487,1.0411166666849772,True,holdout
realized_vol_12m,n/a,3,mst,13-24,win_50,5,1422,0.09983851716632731,250,0.17580872011251758,0.17096117390999088,0.9921287266648091,1.0283546614220074,0.9177796239661709,1.1491475314904949,True,holdout
realized_vol_12m,n/a,3,mst,13-24,win_50,6,1426,0.10011935687706242,272,0.19074333800841514,0.17096117390999088,0.9921287266648091,1.1157114428147255,1.0013550668951143,1.2397876756494215,True,holdout
realized_vol_12m,n/a,3,mst,13-24,win_50,7,1423,0.0999087270940111,241,0.16936050597329586,0.17096117390999088,0.9921287266648091,0.9906372429477013,0.8818902895397875,1.109797959630361,True,holdout
realized_vol_12m,n/a,3,mst,13-24,win_50,8,1424,0.09997893702169487,283,0.19873595505617977,0.17096117390999088,0.9921287266648091,1.162462508363519,1.0460406430520643,1.288366287591568,True,holdout
realized_vol_12m,n/a,3,mst,13-24,win_50,9,1423,0.0999087270940111,304,0.21363316936050597,0.17096117390999088,0.9921287266648091,1.2496005056269759,1.1296315343830885,1.3785888361364511,True,holdout
realized_vol_12m,n/a,3,mst,13-24,win_50,10,1428,0.10025977673242996,333,0.23319327731092437,0.17096117390999088,0.9921287266648091,1.3640130795644747,1.240015440220894,1.4963846720868414,True,holdout
realized_vol_12m,n/a,3,mst,13-24,win_100,1,1427,0.1001895668047462,7,0.004905395935529082,0.04739170118654778,0.9921287266648091,0.10350748786628254,0.05018143284478602,0.21292807936151734,False,holdout
realized_vol_12m,n/a,3,mst,13-24,win_100,2,1423,0.0999087270940111,16,0.011243851018973999,0.04739170118654778,0.9921287266648091,0.23725358527888393,0.146286233269027,0.3837525646063187,False,holdout
realized_vol_12m,n/a,3,mst,13-24,win_100,3,1424,0.09997893702169487,35,0.02457865168539326,0.04739170118654778,0.9921287266648091,0.5186277569704536,0.3740160202342597,0.717218213146989,False,holdout
realized_vol_12m,n/a,3,mst,13-24,win_100,4,1423,0.0999087270940111,47,0.03302881236823612,0.04739170118654778,0.9921287266648091,0.6969324067567215,0.5260063557770152,0.9209149154683193,False,holdout
realized_vol_12m,n/a,3,mst,13-24,win_100,5,1422,0.09983851716632731,49,0.034458509142053444,0.04739170118654778,0.9921287266648091,0.7271000677189143,0.5520439594959208,0.9550872907056752,False,holdout
realized_vol_12m,n/a,3,mst,13-24,win_100,6,1426,0.10011935687706242,66,0.04628330995792426,0.04739170118654778,0.9921287266648091,0.9766121240455041,0.7711121266791684,1.233554466175713,False,holdout
realized_vol_12m,n/a,3,mst,13-24,win_100,7,1423,0.0999087270940111,71,0.049894588896697116,0.04739170118654778,0.9921287266648091,1.0528127846750475,0.8386349988109935,1.3181307679465903,False,holdout
realized_vol_12m,n/a,3,mst,13-24,win_100,8,1424,0.09997893702169487,84,0.05898876404494382,0.04739170118654778,0.9921287266648091,1.2447066167290886,1.0106677138313287,1.5288173598167076,False,holdout
realized_vol_12m,n/a,3,mst,13-24,win_100,9,1423,0.0999087270940111,130,0.09135628952916373,0.04739170118654778,0.9921287266648091,1.927685380390932,1.6346017676462794,2.267198383912251,True,holdout
realized_vol_12m,n/a,3,mst,13-24,win_100,10,1428,0.10025977673242996,170,0.11904761904761904,0.04739170118654778,0.9921287266648091,2.5119929453262784,2.17895825875646,2.8881596367128464,True,holdout
realized_vol_12m,n/a,3,mst,13-24,launch_300,1,1427,0.1001895668047462,7,0.004905395935529082,0.02113318823281612,0.9921287266648091,0.23211812063036782,0.11253311352236067,0.4774965234851302,False,holdout
realized_vol_12m,n/a,3,mst,13-24,launch_300,2,1423,0.0999087270940111,1,0.0007027406886858749,0.02113318823281612,0.9921287266648091,0.03325294228888012,0.005870470528276828,0.18785226044058723,False,holdout
realized_vol_12m,n/a,3,mst,13-24,launch_300,3,1424,0.09997893702169487,6,0.004213483146067416,0.02113318823281612,0.9921287266648091,0.19937754302138935,0.0914421670477111,0.43354678616012904,False,holdout
realized_vol_12m,n/a,3,mst,13-24,launch_300,4,1423,0.0999087270940111,21,0.014757554462403373,0.02113318823281612,0.9921287266648091,0.6983117880664825,0.4576885375760007,1.0625708336773825,False,holdout
realized_vol_12m,n/a,3,mst,13-24,launch_300,5,1422,0.09983851716632731,21,0.014767932489451477,0.02113318823281612,0.9921287266648091,0.6988028652732803,0.458011056260876,1.0633145340744286,False,holdout
realized_vol_12m,n/a,3,mst,13-24,launch_300,6,1426,0.10011935687706242,36,0.025245441795231416,0.02113318823281612,0.9921287266648091,1.1945874667424619,0.8654875784664764,1.6443971246091003,False,holdout
realized_vol_12m,n/a,3,mst,13-24,launch_300,7,1423,0.0999087270940111,27,0.018973998594518624,0.02113318823281612,0.9921287266648091,0.8978294417997633,0.6185740221030434,1.299646341235696,False,holdout
realized_vol_12m,n/a,3,mst,13-24,launch_300,8,1424,0.09997893702169487,21,0.014747191011235955,0.02113318823281612,0.9921287266648091,0.6978214005748627,0.45736647279222264,1.0618281728490857,False,holdout
realized_vol_12m,n/a,3,mst,13-24,launch_300,9,1423,0.0999087270940111,69,0.04848910751932537,0.02113318823281612,0.9921287266648091,2.2944530179327285,1.8214654326095017,2.882481875326728,False,holdout
realized_vol_12m,n/a,3,mst,13-24,launch_300,10,1428,0.10025977673242996,92,0.06442577030812324,0.02113318823281612,0.9921287266648091,3.0485589584671073,2.499586158812214,3.7081249537341283,False,holdout
realized_vol_12m,n/a,6,all,ALL,win_50,1,15956,0.10013806953683946,942,0.059037352719979945,0.17042173967616417,0.9663470577176161,0.3464191413147341,0.3255764202669501,0.36850745037673394,True,holdout
realized_vol_12m,n/a,6,all,ALL,win_50,2,15923,0.09993096523158027,1650,0.10362368900332852,0.17042173967616417,0.9663470577176161,0.6080426663888922,0.580824332404523,0.6363829651550542,True,holdout
realized_vol_12m,n/a,6,all,ALL,win_50,3,15933,0.09999372411196185,2253,0.14140463189606478,0.17042173967616417,0.9663470577176161,0.8297335314424218,0.7984936663107038,0.8619877834310867,True,holdout
realized_vol_12m,n/a,6,all,ALL,win_50,4,15919,0.09990586167942764,2472,0.1552861360638231,0.17042173967616417,0.9663470577176161,0.9111873658777232,0.878662625660284,0.9446880826158013,True,holdout
realized_vol_12m,n/a,6,all,ALL,win_50,5,15922,0.09992468934354211,2694,0.16919984926516768,0.17042173967616417,0.9663470577176161,0.9928301963510152,0.9591271434158752,1.0274696559615448,True,holdout
realized_vol_12m,n/a,6,all,ALL,win_50,6,15938,0.10002510355215263,3054,0.19161751788179193,0.17042173967616417,0.9663470577176161,1.1243725022752615,1.088956650294551,1.1606604263795368,True,holdout
realized_vol_12m,n/a,6,all,ALL,win_50,7,15930,0.09997489644784736,3277,0.2057124921531701,0.17042173967616417,0.9663470577176161,1.207078935727716,1.170664565883843,1.2443259364749502,True,holdout
realized_vol_12m,n/a,6,all,ALL,win_50,8,15922,0.09992468934354211,3571,0.224280869237533,0.17042173967616417,0.9663470577176161,1.316034384249991,1.278410663862822,1.3544385916895543,True,holdout
realized_vol_12m,n/a,6,all,ALL,win_50,9,15934,0.1,3686,0.23132923308648173,0.17042173967616417,0.9663470577176161,1.3573927453507642,1.3193564706144265,1.3961889824823395,True,holdout
realized_vol_12m,n/a,6,all,ALL,win_50,10,15963,0.10018200075310657,3556,0.2227651443964167,0.17042173967616417,0.9663470577176161,1.307140420111399,1.2696582057745336,1.3454053969429247,True,holdout
realized_vol_12m,n/a,6,all,ALL,win_100,1,15956,0.10013806953683946,108,0.006768613687641012,0.05816493033764278,0.9663470577176161,0.11636932509589112,0.09644540980360843,0.14037537295358607,True,holdout
realized_vol_12m,n/a,6,all,ALL,win_100,2,15923,0.09993096523158027,162,0.010173962193054073,0.05816493033764278,0.9663470577176161,0.1749157462064346,0.15007548858686148,0.20381835237053664,True,holdout
realized_vol_12m,n/a,6,all,ALL,win_100,3,15933,0.09999372411196185,385,0.02416368543274964,0.05816493033764278,0.9663470577176161,0.4154339271530349,0.37637052927930126,0.45844117425040376,True,holdout
realized_vol_12m,n/a,6,all,ALL,win_100,4,15919,0.09990586167942764,563,0.03536654312456813,0.05816493033764278,0.9663470577176161,0.6080389492305444,0.5606049850373406,0.659327296539225,True,holdout
realized_vol_12m,n/a,6,all,ALL,win_100,5,15922,0.09992468934354211,711,0.044655194071096596,0.05816493033764278,0.9663470577176161,0.7677339904281971,0.7144391897924239,0.8248054083030782,True,holdout
realized_vol_12m,n/a,6,all,ALL,win_100,6,15938,0.10002510355215263,950,0.059605973145940516,0.05816493033764278,0.9663470577176161,1.024775114487933,0.9633877490750301,1.089811429850137,True,holdout
realized_vol_12m,n/a,6,all,ALL,win_100,7,15930,0.09997489644784736,1138,0.0714375392341494,0.05816493033764278,0.9663470577176161,1.228189199565102,1.1611890067724457,1.2987420929442326,True,holdout
realized_vol_12m,n/a,6,all,ALL,win_100,8,15922,0.09992468934354211,1491,0.09364401457103379,0.05816493033764278,0.9663470577176161,1.609973811151114,1.5338504747947284,1.6894674528229512,True,holdout
realized_vol_12m,n/a,6,all,ALL,win_100,9,15934,0.1,1767,0.11089494163424124,0.05816493033764278,0.9663470577176161,1.9065602071644365,1.824345418246267,1.9919997928259063,True,holdout
realized_vol_12m,n/a,6,all,ALL,win_100,10,15963,0.10018200075310657,1993,0.12485121844264863,0.05816493033764278,0.9663470577176161,2.1465033606659074,2.059892988490582,2.2362172167609176,True,holdout
realized_vol_12m,n/a,6,all,ALL,launch_300,1,13564,0.1001521036076613,19,0.0014007667354762607,0.012685145532141116,0.963291724456773,0.11042575206780669,0.0707107681475683,0.1723979897112301,False,holdout
realized_vol_12m,n/a,6,all,ALL,launch_300,2,13533,0.09992320982914187,16,0.0011822951304219316,0.012685145532141116,0.963291724456773,0.09320311914642834,0.05738238364011165,0.1513418533392441,False,holdout
realized_vol_12m,n/a,6,all,ALL,launch_300,3,13542,0.09998966286161526,27,0.001993797075764289,0.012685145532141116,0.963291724456773,0.1571757352497443,0.10805327699782799,0.2285650799454201,False,holdout
realized_vol_12m,n/a,6,all,ALL,launch_300,4,13531,0.09990844248859224,78,0.005764540684354445,0.012685145532141116,0.963291724456773,0.45443236498536665,0.36434093413549096,0.5666400442020093,False,holdout
realized_vol_12m,n/a,6,all,ALL,launch_300,5,13533,0.09992320982914187,89,0.006576516662971994,0.012685145532141116,0.963291724456773,0.5184423502520077,0.4215752066522896,0.6373861453929592,False,holdout
realized_vol_12m,n/a,6,all,ALL,launch_300,6,13547,0.10002658121298935,149,0.010998745109618365,0.012685145532141116,0.963291724456773,0.8670570693690651,0.7391215363386565,1.0168487915178794,True,holdout
realized_vol_12m,n/a,6,all,ALL,launch_300,7,13541,0.09998227919134044,188,0.01388376043128277,0.012685145532141116,0.963291724456773,1.0944896450816943,0.9496383394140393,1.2610778170505832,True,holdout
realized_vol_12m,n/a,6,all,ALL,launch_300,8,13532,0.09991582615886704,222,0.016405557197753474,0.012685145532141116,0.963291724456773,1.2932888437255787,1.1350621042654474,1.4731540643143788,True,holdout
realized_vol_12m,n/a,6,all,ALL,launch_300,9,13543,0.09999704653189007,385,0.028427970169091044,0.012685145532141116,0.963291724456773,2.2410440697792064,2.0307144869831837,2.4724570560663484,True,holdout
realized_vol_12m,n/a,6,all,ALL,launch_300,10,13568,0.10018163828876057,545,0.04016804245283019,0.012685145532141116,0.963291724456773,3.1665417121982564,2.916181876688564,3.437422197251006,True,holdout
realized_vol_12m,n/a,6,drawdown,0-10,win_50,1,12384,0.1001277469639883,793,0.06403423772609819,0.17412396306657396,0.9691351736783131,0.3677508632261922,0.34375640826167825,0.3932981498859589,True,holdout
realized_vol_12m,n/a,6,drawdown,0-10,win_50,2,12359,0.09992561569185492,1334,0.10793753539930415,0.17412396306657396,0.9691351736783131,0.619889034790896,0.5891675323570339,0.6520098171616325,True,holdout
realized_vol_12m,n/a,6,drawdown,0-10,win_50,3,12369,0.10000646820070827,1776,0.14358476837254427,0.17412396306657396,0.9691351736783131,0.8246123384961469,0.7897566387226113,0.8607390643118401,True,holdout
realized_vol_12m,n/a,6,drawdown,0-10,win_50,4,12356,0.09990135993919891,1968,0.15927484622855292,0.17412396306657396,0.9691351736783131,0.9147210034936796,0.8782745710207785,0.9523837870255212,True,holdout
realized_vol_12m,n/a,6,drawdown,0-10,win_50,5,12360,0.09993370094274025,2089,0.16901294498381877,0.17412396306657396,0.9691351736783131,0.970647244682795,0.9332956416387783,1.0091800525799788,True,holdout
realized_vol_12m,n/a,6,drawdown,0-10,win_50,6,12371,0.10002263870247893,2350,0.18996039123757175,0.17412396306657396,0.9691351736783131,1.090949159966816,1.0518059162009652,1.1311978691932683,True,holdout
realized_vol_12m,n/a,6,drawdown,0-10,win_50,7,12365,0.09997412719716693,2564,0.2073594824100283,0.17412396306657396,0.9691351736783131,1.1908727481165082,1.15035916498959,1.232430265321314,True,holdout
realized_vol_12m,n/a,6,drawdown,0-10,win_50,8,12360,0.09993370094274025,2809,0.2272653721682848,0.17412396306657396,0.9691351736783131,1.3051929680775352,1.2632544916962793,1.3481047618775213,True,holdout
realized_vol_12m,n/a,6,drawdown,0-10,win_50,9,12368,0.09999838294982294,2996,0.2422380336351876,0.17412396306657396,0.9691351736783131,1.3911814857014893,1.3482816218559575,1.4350006386910596,True,holdout
realized_vol_12m,n/a,6,drawdown,0-10,win_50,10,12390,0.1001762584693003,2857,0.23058918482647295,0.17412396306657396,0.9691351736783131,1.3242817402353189,1.2821708056295709,1.367351803197446,True,holdout
realized_vol_12m,n/a,6,drawdown,0-10,win_100,1,12384,0.1001277469639883,81,0.006540697674418605,0.06015426658689219,0.9691351736783131,0.10873206582895724,0.08754139871967193,0.1350103621260937,False,holdout
realized_vol_12m,n/a,6,drawdown,0-10,win_100,2,12359,0.09992561569185492,128,0.010356824985840278,0.06015426658689219,0.9691351736783131,0.1721710790186421,0.14492560290485204,0.20447504813886594,True,holdout
realized_vol_12m,n/a,6,drawdown,0-10,win_100,3,12369,0.10000646820070827,319,0.025790282157005417,0.06015426658689219,0.9691351736783131,0.4287357093740247,0.3846885189726268,0.4776779905518519,True,holdout
realized_vol_12m,n/a,6,drawdown,0-10,win_100,4,12356,0.09990135993919891,438,0.03544836516672062,0.06015426658689219,0.9691351736783131,0.5892909543750456,0.5374459361228275,0.6459364103640489,True,holdout
realized_vol_12m,n/a,6,drawdown,0-10,win_100,5,12360,0.09993370094274025,567,0.045873786407766994,0.06015426658689219,0.9691351736783131,0.7626023723770748,0.7035989208810809,0.8262970124636829,True,holdout
realized_vol_12m,n/a,6,drawdown,0-10,win_100,6,12371,0.10002263870247893,746,0.06030231994179937,0.06015426658689219,0.9691351736783131,1.002461227828176,0.9349708710139095,1.0744896869133769,True,holdout
realized_vol_12m,n/a,6,drawdown,0-10,win_100,7,12365,0.09997412719716693,880,0.07116862110796603,0.06015426658689219,0.9691351736783131,1.1831018005208944,1.1099599262946935,1.260671773340201,True,holdout
realized_vol_12m,n/a,6,drawdown,0-10,win_100,8,12360,0.09993370094274025,1176,0.09514563106796116,0.06015426658689219,0.9691351736783131,1.5816938093746735,1.4977812134048045,1.6697886087486817,True,holdout
realized_vol_12m,n/a,6,drawdown,0-10,win_100,9,12368,0.09999838294982294,1467,0.11861254851228978,0.06015426658689219,0.9691351736783131,1.971806078642073,1.879040447271758,2.0685089492274646,True,holdout
realized_vol_12m,n/a,6,drawdown,0-10,win_100,10,12390,0.1001762584693003,1638,0.13220338983050847,0.06015426658689219,0.9691351736783131,2.19773920174959,2.100485306684575,2.298783291638847,True,holdout
realized_vol_12m,n/a,6,drawdown,0-10,launch_300,1,9992,0.10014432328415651,16,0.0016012810248198558,0.012568152661962796,0.9656333775295906,0.1274078273783301,0.07844602184682717,0.20684944570962718,False,holdout
realized_vol_12m,n/a,6,drawdown,0-10,launch_300,2,9969,0.09991380692751764,11,0.001103420603872003,0.012568152661962796,0.9656333775295906,0.08779497142897368,0.04903357009782009,0.1571369971503935,False,holdout
realized_vol_12m,n/a,6,drawdown,0-10,launch_300,3,9978,0.10000400898011545,17,0.0017037482461415114,0.012568152661962796,0.9656333775295906,0.1355607535941112,0.0846623102447693,0.21697548388672633,False,holdout
realized_vol_12m,n/a,6,drawdown,0-10,launch_300,4,9968,0.09990378447722899,55,0.005517656500802568,0.012568152661962796,0.9656333775295906,0.43901889555349044,0.33750501823072626,0.5708458595291919,False,holdout
realized_vol_12m,n/a,6,drawdown,0-10,launch_300,5,9971,0.09993385182809493,72,0.007220940728111524,0.012568152661962796,0.9656333775295906,0.5745427289378432,0.4565783188905669,0.7227067243126083,False,holdout
realized_vol_12m,n/a,6,drawdown,0-10,launch_300,6,9980,0.10002405388069276,97,0.009719438877755511,0.012568152661962796,0.9656333775295906,0.7733387029241897,0.634496024462496,0.9422007625910381,False,holdout
realized_vol_12m,n/a,6,drawdown,0-10,launch_300,7,9976,0.09998396407953816,127,0.012730553327987169,0.012568152661962796,0.9656333775295906,1.012921601956338,0.8522025910984126,1.2034875846487025,True,holdout
realized_vol_12m,n/a,6,drawdown,0-10,launch_300,8,9970,0.09992382937780629,134,0.013440320962888667,0.012568152661962796,0.9656333775295906,1.0693951071715946,0.9038794383478457,1.2647322010566184,True,holdout
realized_vol_12m,n/a,6,drawdown,0-10,launch_300,9,9977,0.09999398652982681,299,0.029968928535631954,0.012568152661962796,0.9656333775295906,2.3845134079515264,2.132371587151596,2.6654434046853024,True,holdout
realized_vol_12m,n/a,6,drawdown,0-10,launch_300,10,9995,0.10017439063502245,426,0.04262131065532766,0.012568152661962796,0.9656333775295906,3.391215224837299,3.0898527845752306,3.720540485968695,True,holdout
realized_vol_12m,n/a,6,drawdown,10-20,win_50,1,3335,0.10016518996846373,141,0.042278860569715145,0.15831205886769786,0.9575783721599079,0.2670602661105418,0.22714471931686753,0.3136288104063553,True,holdout
realized_vol_12m,n/a,6,drawdown,10-20,win_50,2,3328,0.09995494819041899,302,0.0907451923076923,0.15831205886769786,0.9575783721599079,0.573204549020037,0.5145036742494876,0.6378664584862661,True,holdout
realized_vol_12m,n/a,6,drawdown,10-20,win_50,3,3328,0.09995494819041899,444,0.13341346153846154,0.15831205886769786,0.9575783721599079,0.8427245687579352,0.7724169155497443,0.9183717684629905,True,holdout
realized_vol_12m,n/a,6,drawdown,10-20,win_50,4,3327,0.0999249136506983,467,0.14036669672377516,0.15831205886769786,0.9575783721599079,0.8866456398061267,0.8147041625138666,0.9638269583302266,True,holdout
realized_vol_12m,n/a,6,drawdown,10-20,win_50,5,3326,0.09989487911097762,555,0.16686710763680096,0.15831205886769786,0.9575783721599079,1.054039147935361,0.9764345503775286,1.1364989345632013,True,holdout
realized_vol_12m,n/a,6,drawdown,10-20,win_50,6,3330,0.10001501726986034,657,0.1972972972972973,0.15831205886769786,0.9575783721599079,1.246255646654053,1.1631008364518884,1.3338168530465995,True,holdout
realized_vol_12m,n/a,6,drawdown,10-20,win_50,7,3329,0.09998498273013966,666,0.20006007810153198,0.15831205886769786,0.9575783721599079,1.2637071334453627,1.1800732858160008,1.3517084699413524,True,holdout
realized_vol_12m,n/a,6,drawdown,10-20,win_50,8,3326,0.09989487911097762,716,0.2152736019242333,0.15831205886769786,0.9575783721599079,1.3598054593184117,1.2736745317171614,1.4500860837150564,True,holdout
realized_vol_12m,n/a,6,drawdown,10-20,win_50,9,3330,0.10001501726986034,657,0.1972972972972973,0.15831205886769786,0.9575783721599079,1.246255646654053,1.1631008364518884,1.3338168530465995,True,holdout
realized_vol_12m,n/a,6,drawdown,10-20,win_50,10,3336,0.10019522450818441,666,0.19964028776978418,0.15831205886769786,0.9575783721599079,1.261055469796047,1.1775775339293302,1.34889784051966,True,holdout
realized_vol_12m,n/a,6,drawdown,10-20,win_100,1,3335,0.10016518996846373,26,0.007796101949025487,0.05262051359062923,0.9575783721599079,0.1481570858406413,0.10121297314442355,0.21662506818380572,False,holdout
realized_vol_12m,n/a,6,drawdown,10-20,win_100,2,3328,0.09995494819041899,34,0.010216346153846154,0.05262051359062923,0.9575783721599079,0.19415139565770986,0.1391128326951934,0.27065299001455956,False,holdout
realized_vol_12m,n/a,6,drawdown,10-20,win_100,3,3328,0.09995494819041899,65,0.01953125,0.05262051359062923,0.9575783721599079,0.37117178581621,0.2917846381985589,0.4716137722065845,False,holdout
realized_vol_12m,n/a,6,drawdown,10-20,win_100,4,3327,0.0999249136506983,117,0.0351668169522092,0.05262051359062923,0.9575783721599079,0.6683100287807107,0.5591822046537216,0.7978136338885804,True,holdout
realized_vol_12m,n/a,6,drawdown,10-20,win_100,5,3326,0.09989487911097762,141,0.042393265183403486,0.05262051359062923,0.9575783721599079,0.8056414179688465,0.6852336845932785,0.946114187804527,True,holdout
realized_vol_12m,n/a,6,drawdown,10-20,win_100,6,3330,0.10001501726986034,193,0.05795795795795796,0.05262051359062923,0.9575783721599079,1.101432768384823,0.9600675968427841,1.2621572437374202,True,holdout
realized_vol_12m,n/a,6,drawdown,10-20,win_100,7,3329,0.09998498273013966,247,0.07419645539200961,0.05262051359062923,0.9575783721599079,1.4100290994731506,1.2500016366919215,1.5887102936700939,True,holdout
realized_vol_12m,n/a,6,drawdown,10-20,win_100,8,3326,0.09989487911097762,302,0.09079975947083584,0.05262051359062923,0.9575783721599079,1.7255582143729904,1.5488512959037253,1.9202076523049443,True,holdout
realized_vol_12m,n/a,6,drawdown,10-20,win_100,9,3330,0.10001501726986034,285,0.08558558558558559,0.05262051359062923,0.9575783721599079,1.6264680776667078,1.454849984855504,1.8162355178003093,True,holdout
realized_vol_12m,n/a,6,drawdown,10-20,win_100,10,3336,0.10019522450818441,342,0.10251798561151079,0.05262051359062923,0.9575783721599079,1.9482513304424953,1.7612483196881268,2.152630858316341,True,holdout
realized_vol_12m,n/a,6,drawdown,10-20,launch_300,1,3335,0.10016518996846373,3,0.0008995502248875562,0.01303499023877459,0.9575783721599079,0.06901042566274466,0.02347330910065203,0.20265397904277577,False,holdout
realized_vol_12m,n/a,6,drawdown,10-20,launch_300,2,3328,0.09995494819041899,5,0.0015024038461538462,0.01303499023877459,0.9575783721599079,0.1152592996721021,0.04924457236959182,0.2694589245372547,False,holdout
realized_vol_12m,n/a,6,drawdown,10-20,launch_300,3,3328,0.09995494819041899,9,0.002704326923076923,0.01303499023877459,0.9575783721599079,0.20746673940978377,0.10920053993256099,0.3937052146351519,False,holdout
realized_vol_12m,n/a,6,drawdown,10-20,launch_300,4,3327,0.0999249136506983,20,0.006011421701232342,0.01303499023877459,0.9575783721599079,0.46117577313947195,0.29880353236318713,0.7109614959209393,False,holdout
realized_vol_12m,n/a,6,drawdown,10-20,launch_300,5,3326,0.09989487911097762,16,0.004810583283223091,0.01303499023877459,0.9575783721599079,0.36905154473482216,0.22733505377167013,0.5984203267763812,False,holdout
realized_vol_12m,n/a,6,drawdown,10-20,launch_300,6,3330,0.10001501726986034,47,0.014114114114114115,0.01303499023877459,0.9575783721599079,1.0827867037544459,0.8155611035015085,1.4359146085410526,False,holdout
realized_vol_12m,n/a,6,drawdown,10-20,launch_300,7,3329,0.09998498273013966,57,0.017122258936617604,0.01303499023877459,0.9575783721599079,1.3135613163471962,1.0156938218931104,1.6968249046176023,False,holdout
realized_vol_12m,n/a,6,drawdown,10-20,launch_300,8,3326,0.09989487911097762,83,0.024954900781719785,0.01303499023877459,0.9575783721599079,1.91445488831189,1.547871336880313,2.3651250334920304,False,holdout
realized_vol_12m,n/a,6,drawdown,10-20,launch_300,9,3330,0.10001501726986034,81,0.024324324324324326,0.01303499023877459,0.9575783721599079,1.8660792128534065,1.5047513510334598,2.311504262795314,False,holdout
realized_vol_12m,n/a,6,drawdown,10-20,launch_300,10,3336,0.10019522450818441,113,0.03387290167865707,0.01303499023877459,0.9575783721599079,2.5986135055089568,2.16727890974635,3.1122090992830094,True,holdout
realized_vol_12m,n/a,6,drawdown,20-30,win_50,1,237,0.10029623360135421,8,0.03375527426160337,0.1472704189589505,0.9459567654123299,0.22920607206945048,0.11680349339127298,0.44260213255338116,False,holdout
realized_vol_12m,n/a,6,drawdown,20-30,win_50,2,236,0.09987304274227676,14,0.059322033898305086,0.1472704189589505,0.9459567654123299,0.40281024741866356,0.24215479905032264,0.6593191441456836,False,holdout
realized_vol_12m,n/a,6,drawdown,20-30,win_50,3,236,0.09987304274227676,33,0.13983050847457626,0.1472704189589505,0.9459567654123299,0.9494812974868497,0.6880566878378233,1.2892476678136429,False,holdout
realized_vol_12m,n/a,6,drawdown,20-30,win_50,4,236,0.09987304274227676,37,0.15677966101694915,0.1472704189589505,0.9459567654123299,1.0645699396064678,0.7872218796772252,1.416573089122759,False,holdout
realized_vol_12m,n/a,6,drawdown,20-30,win_50,5,236,0.09987304274227676,50,0.211864406779661,0.1472704189589505,0.9459567654123299,1.4386080264952268,1.117393423862375,1.822496037670292,False,holdout
realized_vol_12m,n/a,6,drawdown,20-30,win_50,6,237,0.10029623360135421,47,0.19831223628691982,0.1472704189589505,0.9459567654123299,1.3465856734080217,1.0357668402845488,1.7227532300528638,False,holdout
realized_vol_12m,n/a,6,drawdown,20-30,win_50,7,236,0.09987304274227676,47,0.19915254237288135,0.1472704189589505,0.9459567654123299,1.3522915449055133,1.0402617107960548,1.729759790875224,False,holdout
realized_vol_12m,n/a,6,drawdown,20-30,win_50,8,236,0.09987304274227676,46,0.19491525423728814,0.1472704189589505,0.9459567654123299,1.3235193843756088,1.0146669614983723,1.6987318868857773,False,holdout
realized_vol_12m,n/a,6,drawdown,20-30,win_50,9,236,0.09987304274227676,33,0.13983050847457626,0.1472704189589505,0.9459567654123299,0.9494812974868497,0.6880566878378233,1.2892476678136429,False,holdout
realized_vol_12m,n/a,6,drawdown,20-30,win_50,10,237,0.10029623360135421,33,0.13924050632911392,0.1472704189589505,0.9459567654123299,0.9454750472864832,0.6851005143701077,1.2839938579801609,False,holdout
realized_vol_12m,n/a,6,drawdown,20-30,win_100,1,237,0.10029623360135421,1,0.004219409282700422,0.03216250528988574,0.9459567654123299,0.13119031756606706,0.023170397919959444,0.7309491596981529,False,holdout
realized_vol_12m,n/a,6,drawdown,20-30,win_100,2,236,0.09987304274227676,0,0.0,0.03216250528988574,0.9459567654123299,0.0,0.0,0.49799165022783476,False,holdout
realized_vol_12m,n/a,6,drawdown,20-30,win_100,3,236,0.09987304274227676,1,0.00423728813559322,0.03216250528988574,0.9459567654123299,0.13174620874219445,0.023268629054788725,0.7339951704351653,False,holdout
realized_vol_12m,n/a,6,drawdown,20-30,win_100,4,236,0.09987304274227676,8,0.03389830508474576,0.03216250528988574,0.9459567654123299,1.0539696699375556,0.5371163223066034,2.035052522018184,False,holdout
realized_vol_12m,n/a,6,drawdown,20-30,win_100,5,236,0.09987304274227676,3,0.012711864406779662,0.03216250528988574,0.9459567654123299,0.3952386262265834,0.1347042640311014,1.1411038339830906,False,holdout
realized_vol_12m,n/a,6,drawdown,20-30,win_100,6,237,0.10029623360135421,11,0.046413502109704644,0.03216250528988574,0.9459567654123299,1.4430934932267376,0.8118556201268874,2.5242201677499296,False,holdout
realized_vol_12m,n/a,6,drawdown,20-30,win_100,7,236,0.09987304274227676,11,0.046610169491525424,0.03216250528988574,0.9459567654123299,1.449208296164139,0.8153218130456851,2.53466347906546,False,holdout
realized_vol_12m,n/a,6,drawdown,20-30,win_100,8,236,0.09987304274227676,13,0.05508474576271186,0.03216250528988574,0.9459567654123299,1.712700713648528,1.0095924585152614,2.8589371321201225,False,holdout
realized_vol_12m,n/a,6,drawdown,20-30,win_100,9,236,0.09987304274227676,15,0.0635593220338983,0.03216250528988574,0.9459567654123299,1.9761931311329168,1.2092526747966748,3.1778212143629467,False,holdout
realized_vol_12m,n/a,6,drawdown,20-30,win_100,10,237,0.10029623360135421,13,0.05485232067510549,0.03216250528988574,0.9459567654123299,1.705474128358872,1.0052954878022833,2.8471715461262743,False,holdout
realized_vol_12m,n/a,6,drawdown,20-30,launch_300,1,237,0.10029623360135421,0,0.0,0.012695725772323318,0.9459567654123299,0.0,0.0,1.2563406343003463,False,holdout
realized_vol_12m,n/a,6,drawdown,20-30,launch_300,2,236,0.09987304274227676,0,0.0,0.012695725772323318,0.9459567654123299,0.0,0.0,1.261578847243848,False,holdout
realized_vol_12m,n/a,6,drawdown,20-30,launch_300,3,236,0.09987304274227676,1,0.00423728813559322,0.012695725772323318,0.9459567654123299,0.33375706214689266,0.05894719360546478,1.8594544317690855,False,holdout
realized_vol_12m,n/a,6,drawdown,20-30,launch_300,4,236,0.09987304274227676,3,0.012711864406779662,0.012695725772323318,0.9459567654123299,1.001271186440678,0.3412508022121235,2.8907963794238296,False,holdout
realized_vol_12m,n/a,6,drawdown,20-30,launch_300,5,236,0.09987304274227676,1,0.00423728813559322,0.012695725772323318,0.9459567654123299,0.33375706214689266,0.05894719360546478,1.8594544317690855,False,holdout
realized_vol_12m,n/a,6,drawdown,20-30,launch_300,6,237,0.10029623360135421,5,0.02109704641350211,0.012695725772323318,0.9459567654123299,1.661744022503516,0.7123860690380661,3.814432456923306,False,holdout
realized_vol_12m,n/a,6,drawdown,20-30,launch_300,7,236,0.09987304274227676,4,0.01694915254237288,0.012695725772323318,0.9459567654123299,1.3350282485875706,0.5206816779544543,3.3681882818122015,False,holdout
realized_vol_12m,n/a,6,drawdown,20-30,launch_300,8,236,0.09987304274227676,5,0.0211864406779661,0.012695725772323318,0.9459567654123299,1.6687853107344632,0.7154157582656849,3.8302769796316722,False,holdout
realized_vol_12m,n/a,6,drawdown,20-30,launch_300,9,236,0.09987304274227676,5,0.0211864406779661,0.012695725772323318,0.9459567654123299,1.6687853107344632,0.7154157582656849,3.8302769796316722,False,holdout
realized_vol_12m,n/a,6,drawdown,20-30,launch_300,10,237,0.10029623360135421,6,0.02531645569620253,0.012695725772323318,0.9459567654123299,1.9940928270042193,0.9178884179093919,4.263025686384185,False,holdout
realized_vol_12m,n/a,6,mst,0-12,win_50,1,14534,0.10013986784899784,837,0.05758910141736617,0.1703356139371766,0.9641540393136389,0.338091959081477,0.316535445557423,0.3610210808814233,True,holdout
realized_vol_12m,n/a,6,mst,0-12,win_50,2,14504,0.09993316659432122,1449,0.0999034749034749,0.1703356139371766,0.9641540393136389,0.5865096123722043,0.5584780105256195,0.6157851062995106,True,holdout
realized_vol_12m,n/a,6,mst,0-12,win_50,3,14513,0.09999517697072421,2046,0.14097705505408945,0.1703356139371766,0.9641540393136389,0.8276428622031138,0.7949618916934365,0.8614393358486939,True,holdout
realized_vol_12m,n/a,6,mst,0-12,win_50,4,14500,0.09990560642703102,2218,0.1529655172413793,0.1703356139371766,0.9641540393136389,0.8980242810396435,0.8641683714428423,0.9329594114457883,True,holdout
realized_vol_12m,n/a,6,mst,0-12,win_50,5,14502,0.09991938651067613,2425,0.1672183147152117,0.1703356139371766,0.9641540393136389,0.9816990754316673,0.9465611274144036,1.0178717776888888,True,holdout
realized_vol_12m,n/a,6,mst,0-12,win_50,6,14517,0.10002273713801443,2813,0.19377281807535993,0.1703356139371766,0.9641540393136389,1.1375942681418783,1.1003251351752408,1.175814602941252,True,holdout
realized_vol_12m,n/a,6,mst,0-12,win_50,7,14510,0.09997450684525655,3051,0.21026878015161957,0.1703356139371766,0.9641540393136389,1.2344381500228787,1.1959652366482012,1.2738114595790413,True,holdout
realized_vol_12m,n/a,6,mst,0-12,win_50,8,14503,0.09992627655249868,3282,0.22629800730883265,0.1703356139371766,0.9641540393136389,1.3285419418648186,1.2889906383748384,1.3689442380239727,True,holdout
realized_vol_12m,n/a,6,mst,0-12,win_50,9,14514,0.10000206701254677,3380,0.2328785999724404,0.1703356139371766,0.9641540393136389,1.3671750410241923,1.3272243939033632,1.4079555911884427,True,holdout
realized_vol_12m,n/a,6,mst,0-12,win_50,10,14540,0.10018120809993317,3221,0.22152682255845943,0.1703356139371766,0.9641540393136389,1.3005314475231422,1.2613387553473188,1.3405877642162174,True,holdout
realized_vol_12m,n/a,6,mst,0-12,win_100,1,14534,0.10013986784899784,102,0.007018026696023119,0.059213019423027896,0.9641540393136389,0.11852168263680561,0.09769919785667407,0.14374403987619805,True,holdout
realized_vol_12m,n/a,6,mst,0-12,win_100,2,14504,0.09993316659432122,147,0.010135135135135136,0.059213019423027896,0.9641540393136389,0.1711639641736221,0.1457421734775952,0.20096684781943722,True,holdout
realized_vol_12m,n/a,6,mst,0-12,win_100,3,14513,0.09999517697072421,354,0.024391924481499346,0.059213019423027896,0.9641540393136389,0.4119351574902689,0.371627893866131,0.4564933717656961,True,holdout
realized_vol_12m,n/a,6,mst,0-12,win_100,4,14500,0.09990560642703102,514,0.035448275862068966,0.059213019423027896,0.9641540393136389,0.598656785407622,0.54987049119862,0.6515989310104355,True,holdout
realized_vol_12m,n/a,6,mst,0-12,win_100,5,14502,0.09991938651067613,662,0.04564887601710109,0.059213019423027896,0.9641540393136389,0.7709263344768444,0.7155598080555946,0.8303568979366294,True,holdout
realized_vol_12m,n/a,6,mst,0-12,win_100,6,14517,0.10002273713801443,887,0.06110077839774058,0.059213019423027896,0.9641540393136389,1.031880809205594,0.968021271096954,1.0996621162665463,True,holdout
realized_vol_12m,n/a,6,mst,0-12,win_100,7,14510,0.09997450684525655,1069,0.07367332873880082,0.059213019423027896,0.9641540393136389,1.2442082747455592,1.1743129980742253,1.3179148160565903,True,holdout
realized_vol_12m,n/a,6,mst,0-12,win_100,8,14503,0.09992627655249868,1402,0.09666965455423016,0.059213019423027896,0.9641540393136389,1.6325743138279385,1.5531473748965838,1.715608675267265,True,holdout
realized_vol_12m,n/a,6,mst,0-12,win_100,9,14514,0.10000206701254677,1635,0.11264985531211244,0.059213019423027896,0.9641540393136389,1.9024507854822044,1.8173098999531252,1.9910535401743354,True,holdout
realized_vol_12m,n/a,6,mst,0-12,win_100,10,14540,0.10018120809993317,1822,0.12530949105914718,0.059213019423027896,0.9641540393136389,2.116248964841918,2.027037060665524,2.208803608552996,True,holdout
realized_vol_12m,n/a,6,mst,0-12,launch_300,1,12142,0.1001559007184631,14,0.0011530225662987976,0.011688429527101155,0.9603292168030482,0.09864649169722621,0.0587743482738072,0.16551527784315234,False,holdout
realized_vol_12m,n/a,6,mst,0-12,launch_300,2,12114,0.09992493669111036,12,0.0009905894006934125,0.011688429527101155,0.9603292168030482,0.08474957207866132,0.04848960261166357,0.1480773747429501,False,holdout
realized_vol_12m,n/a,6,mst,0-12,launch_300,3,12122,0.09999092641321114,20,0.0016498927569707968,0.011688429527101155,0.9603292168030482,0.1411560683276829,0.09140199891495585,0.21792437390365263,False,holdout
realized_vol_12m,n/a,6,mst,0-12,launch_300,4,12112,0.09990843926058517,54,0.004458388375165125,0.011688429527101155,0.9603292168030482,0.38143604877180187,0.29249937450366514,0.49725688908188886,False,holdout
realized_vol_12m,n/a,6,mst,0-12,launch_300,5,12113,0.09991668797584777,69,0.005696359283414513,0.011688429527101155,0.9603292168030482,0.4873502697866089,0.3853312704597925,0.6161840594505896,False,holdout
realized_vol_12m,n/a,6,mst,0-12,launch_300,6,12126,0.10002392127426153,113,0.009318819066468744,0.011688429527101155,0.9603292168030482,0.7972687044792324,0.6636716662065673,0.9574554955128916,True,holdout
realized_vol_12m,n/a,6,mst,0-12,launch_300,7,12121,0.09998267769794854,164,0.013530236779143634,0.011688429527101155,0.9603292168030482,1.1575752540383641,0.9943345213672414,1.3471883958594555,True,holdout
realized_vol_12m,n/a,6,mst,0-12,launch_300,8,12113,0.09991668797584777,189,0.015603071080657146,0.011688429527101155,0.9603292168030482,1.3349159563720157,1.1588043646851387,1.5373049229738516,True,holdout
realized_vol_12m,n/a,6,mst,0-12,launch_300,9,12123,0.09999917512847374,331,0.02730347273777118,0.011688429527101155,0.9603292168030482,2.335940228279984,2.100269710170392,2.5972322571262536,True,holdout
realized_vol_12m,n/a,6,mst,0-12,launch_300,10,12145,0.10018064686425089,451,0.037134623301770274,0.011688429527101155,0.9603292168030482,3.1770412967515256,2.90161903778263,3.477506757521297,True,holdout
realized_vol_12m,n/a,6,mst,13-24,win_50,1,1422,0.10011969302260086,105,0.07383966244725738,0.17130183763993523,0.9893424352187239,0.4310500311296328,0.35823066336218506,0.5172743721571245,True,holdout
realized_vol_12m,n/a,6,mst,13-24,win_50,2,1419,0.09990847004154052,201,0.1416490486257928,0.17130183763993523,0.9893424352187239,0.8268974260715722,0.7266283782964996,0.9384622535325468,True,holdout
realized_vol_12m,n/a,6,mst,13-24,win_50,3,1420,0.09997887770189397,207,0.14577464788732394,0.17130183763993523,0.9893424352187239,0.8509812264462235,0.7494151473799422,0.9637051979103588,True,holdout
realized_vol_12m,n/a,6,mst,13-24,win_50,4,1419,0.09990847004154052,254,0.17899929527836506,0.17130183763993523,0.9893424352187239,1.044935055831738,0.9336042093770541,1.1663843440699588,True,holdout
realized_vol_12m,n/a,6,mst,13-24,win_50,5,1420,0.09997887770189397,269,0.18943661971830986,0.17130183763993523,0.9893424352187239,1.1058644923383292,0.9918375569837634,1.2296739933935978,True,holdout
realized_vol_12m,n/a,6,mst,13-24,win_50,6,1421,0.10004928536224741,241,0.16959887403237156,0.17130183763993523,0.9893424352187239,0.9900586962111686,0.8813881770207626,1.1091293542623588,True,holdout
realized_vol_12m,n/a,6,mst,13-24,win_50,7,1420,0.09997887770189397,226,0.1591549295774648,0.17130183763993523,0.9893424352187239,0.9290906143809011,0.8234055711200562,1.0455120789549892,True,holdout
realized_vol_12m,n/a,6,mst,13-24,win_50,8,1419,0.09990847004154052,289,0.2036645525017618,0.17130183763993523,0.9893424352187239,1.1889221698243004,1.071347742990112,1.3158375511480105,True,holdout
realized_vol_12m,n/a,6,mst,13-24,win_50,9,1420,0.09997887770189397,306,0.21549295774647886,0.17130183763993523,0.9893424352187239,1.2579722477900697,1.1377002806489591,1.387206021151325,True,holdout
realized_vol_12m,n/a,6,mst,13-24,win_50,10,1423,0.10019010068295431,335,0.2354181307097681,0.17130183763993523,0.9893424352187239,1.3742884136748197,1.2498714788864307,1.5070220003462116,True,holdout
realized_vol_12m,n/a,6,mst,13-24,win_100,1,1422,0.10011969302260086,6,0.004219409282700422,0.04745476307822291,0.9893424352187239,0.0889143472436114,0.04077956169896295,0.19334346312213477,False,holdout
realized_vol_12m,n/a,6,mst,13-24,win_100,2,1419,0.09990847004154052,15,0.010570824524312896,0.04745476307822291,0.9893424352187239,0.22275581709023154,0.1352117975926,0.36599015724118644,False,holdout
realized_vol_12m,n/a,6,mst,13-24,win_100,3,1420,0.09997887770189397,31,0.021830985915492956,0.04745476307822291,0.9893424352187239,0.46003782337944576,0.3249805975579489,0.6494659052117684,False,holdout
realized_vol_12m,n/a,6,mst,13-24,win_100,4,1419,0.09990847004154052,49,0.03453136011275546,0.04745476307822291,0.9893424352187239,0.7276690024947564,0.5524802282593686,0.9558217173946801,False,holdout
realized_vol_12m,n/a,6,mst,13-24,win_100,5,1420,0.09997887770189397,49,0.03450704225352113,0.04745476307822291,0.9893424352187239,0.7271565595352532,0.5520897198639131,0.9551529070462923,False,holdout
realized_vol_12m,n/a,6,mst,13-24,win_100,6,1421,0.10004928536224741,63,0.04433497536945813,0.04745476307822291,0.9893424352187239,0.9342576486237594,0.7334403877209348,1.1868505555568853,False,holdout
realized_vol_12m,n/a,6,mst,13-24,win_100,7,1420,0.09997887770189397,69,0.048591549295774646,0.04745476307822291,0.9893424352187239,1.0239551552639277,0.8128809427735267,1.2863573776261095,False,holdout
realized_vol_12m,n/a,6,mst,13-24,win_100,8,1419,0.09990847004154052,89,0.06272022551092318,0.04745476307822291,0.9893424352187239,1.3216845147353737,1.0799216468032427,1.613203817462879,False,holdout
realized_vol_12m,n/a,6,mst,13-24,win_100,9,1420,0.09997887770189397,132,0.09295774647887324,0.04745476307822291,0.9893424352187239,1.958870731809253,1.663341636480847,2.3006831184104977,True,holdout
realized_vol_12m,n/a,6,mst,13-24,win_100,10,1423,0.10019010068295431,171,0.12016865776528461,0.04745476307822291,0.9893424352187239,2.5322781101488685,2.197645273971138,2.9100093766761868,True,holdout
realized_vol_12m,n/a,6,mst,13-24,launch_300,1,1422,0.10011969302260086,5,0.0035161744022503515,0.021192705766387383,0.9893424352187239,0.16591436888758054,0.07091148269288991,0.3871504697727467,False,holdout
realized_vol_12m,n/a,6,mst,13-24,launch_300,2,1419,0.09990847004154052,4,0.0028188865398167725,0.021192705766387383,0.9893424352187239,0.13301211137879607,0.051750787929734976,0.340950469157389,False,holdout
realized_vol_12m,n/a,6,mst,13-24,launch_300,3,1420,0.09997887770189397,7,0.004929577464788733,0.021192705766387383,0.9893424352187239,0.23260727153619393,0.11277071881742537,0.47849448374914455,False,holdout
realized_vol_12m,n/a,6,mst,13-24,launch_300,4,1419,0.09990847004154052,24,0.016913319238900635,0.021192705766387383,0.9893424352187239,0.7980726682727765,0.537530816691601,1.1817004263499042,False,holdout
realized_vol_12m,n/a,6,mst,13-24,launch_300,5,1420,0.09997887770189397,20,0.014084507042253521,0.021192705766387383,0.9893424352187239,0.6645922043891255,0.4310854470172638,1.021818670226116,False,holdout
realized_vol_12m,n/a,6,mst,13-24,launch_300,6,1421,0.10004928536224741,36,0.025334271639690358,0.021192705766387383,0.9893424352187239,1.195424119928645,0.8661028377900583,1.6455159700261508,False,holdout
realized_vol_12m,n/a,6,mst,13-24,launch_300,7,1420,0.09997887770189397,24,0.016901408450704224,0.021192705766387383,0.9893424352187239,0.7975106452669505,0.537151421646453,1.1808723616513297,False,holdout
realized_vol_12m,n/a,6,mst,13-24,launch_300,8,1419,0.09990847004154052,33,0.023255813953488372,0.021192705766387383,0.9893424352187239,1.0973499188750675,0.7836054763563193,1.5325642603646568,False,holdout
realized_vol_12m,n/a,6,mst,13-24,launch_300,9,1420,0.09997887770189397,54,0.038028169014084505,0.021192705766387383,0.9893424352187239,1.7943989518506387,1.380760504047109,2.3256607746586964,False,holdout
realized_vol_12m,n/a,6,mst,13-24,launch_300,10,1423,0.10019010068295431,94,0.06605762473647224,0.021192705766387383,0.9893424352187239,3.1169981532628412,2.561503350408824,3.7827474037911024,False,holdout
realized_vol_12m,n/a,12,all,ALL,win_50,1,15554,0.10014164305949008,1047,0.06731387424456732,0.17044810713365954,0.941967020237857,0.3949229790611995,0.372441843095897,0.4186577111196697,True,holdout
realized_vol_12m,n/a,12,all,ALL,win_50,2,15527,0.09996780839557043,1792,0.11541186320602821,0.17044810713365954,0.941967020237857,0.6771085062008122,0.6481795013147513,0.7071536927901029,True,holdout
realized_vol_12m,n/a,12,all,ALL,win_50,3,15525,0.0999549317537986,2306,0.14853462157809985,0.17044810713365954,0.941967020237857,0.87143602868892,0.8391263000312228,0.9047659389705865,True,holdout
realized_vol_12m,n/a,12,all,ALL,win_50,4,15525,0.0999549317537986,2469,0.15903381642512077,0.17044810713365954,0.941967020237857,0.9330336317575643,0.8997790052559832,0.9672779643759754,True,holdout
realized_vol_12m,n/a,12,all,ALL,win_50,5,15512,0.09987123358228174,2729,0.17592831356369262,0.17044810713365954,0.941967020237857,1.0321517588091236,0.9974698783464258,1.0677750946868518,True,holdout
realized_vol_12m,n/a,12,all,ALL,win_50,6,15536,0.10002575328354366,2873,0.18492533470648817,0.17044810713365954,0.941967020237857,1.084936276596349,1.049578235590569,1.1212082222831063,True,holdout
realized_vol_12m,n/a,12,all,ALL,win_50,7,15529,0.09998068503734227,3226,0.20774035675188357,0.17044810713365954,0.941967020237857,1.2187894617625805,1.1817806979319112,1.256646335121175,True,holdout
realized_vol_12m,n/a,12,all,ALL,win_50,8,15521,0.09992917847025495,3289,0.21190644932671865,0.17044810713365954,0.941967020237857,1.2432314614121758,1.2059333069415892,1.2813660666122695,True,holdout
realized_vol_12m,n/a,12,all,ALL,win_50,9,15531,0.09999356167911409,3472,0.22355289421157684,0.17044810713365954,0.941967020237857,1.3115598522679655,1.2735218993578012,1.3503999249544367,True,holdout
realized_vol_12m,n/a,12,all,ALL,win_50,10,15560,0.10018027298480556,3271,0.2102185089974293,0.17044810713365954,0.941967020237857,1.2333285040976323,1.196189164652028,1.2713070867728036,True,holdout
realized_vol_12m,n/a,12,all,ALL,win_100,1,15554,0.10014164305949008,117,0.0075221807895075226,0.05764228689157867,0.941967020237857,0.13049761199891752,0.10895890238679576,0.15625544586308385,True,holdout
realized_vol_12m,n/a,12,all,ALL,win_100,2,15527,0.09996780839557043,206,0.013267211953371546,0.05764228689157867,0.941967020237857,0.23016456613399627,0.2009657905660852,0.26354049677545066,True,holdout
realized_vol_12m,n/a,12,all,ALL,win_100,3,15525,0.0999549317537986,449,0.02892109500805153,0.05764228689157867,0.941967020237857,0.5017339971686098,0.4579840709109393,0.5495272571004084,True,holdout
realized_vol_12m,n/a,12,all,ALL,win_100,4,15525,0.0999549317537986,601,0.03871175523349436,0.05764228689157867,0.941967020237857,0.671586040753529,0.6208921449890554,0.7262392356370657,True,holdout
realized_vol_12m,n/a,12,all,ALL,win_100,5,15512,0.09987123358228174,767,0.04944559051057246,0.05764228689157867,0.941967020237857,0.8578006386800083,0.800524682284962,0.9189470043612866,True,holdout
realized_vol_12m,n/a,12,all,ALL,win_100,6,15536,0.10002575328354366,890,0.057286302780638516,0.05764228689157867,0.941967020237857,0.9938242542040405,0.932307606204818,1.0591380837105808,True,holdout
realized_vol_12m,n/a,12,all,ALL,win_100,7,15529,0.09998068503734227,1136,0.07315345482645373,0.05764228689157867,0.941967020237857,1.269093555639986,1.1998613516990582,1.3419884974875242,True,holdout
realized_vol_12m,n/a,12,all,ALL,win_100,8,15521,0.09992917847025495,1393,0.08974937181882611,0.05764228689157867,0.941967020237857,1.5570057445437364,1.4807478531878888,1.6367857795352176,True,holdout
realized_vol_12m,n/a,12,all,ALL,win_100,9,15531,0.09999356167911409,1641,0.1056596484450454,0.05764228689157867,0.941967020237857,1.8330231873656262,1.7508369197915052,1.9185928240177972,True,holdout
realized_vol_12m,n/a,12,all,ALL,win_100,10,15560,0.10018027298480556,1753,0.11266066838046272,0.05764228689157867,0.941967020237857,1.9544795055125066,1.8699474525293223,2.042328667800402,True,holdout
realized_vol_12m,n/a,12,all,ALL,launch_300,1,13179,0.10012611681760165,15,0.0011381743683132257,0.012550902570959704,0.9361926099790178,0.09068466286613802,0.05496777534887133,0.1495660257597565,False,holdout
realized_vol_12m,n/a,12,all,ALL,launch_300,2,13159,0.09997416884458761,22,0.001671859563796641,0.012550902570959704,0.9361926099790178,0.1332063215648723,0.08799160213934944,0.2015958939969146,False,holdout
realized_vol_12m,n/a,12,all,ALL,launch_300,3,13156,0.0999513766486355,36,0.002736394040741867,0.012550902570959704,0.9361926099790178,0.21802368596768007,0.15754279681975,0.30163519352566076,False,holdout
realized_vol_12m,n/a,12,all,ALL,launch_300,4,13158,0.09996657144593692,74,0.005623955008359933,0.012550902570959704,0.9361926099790178,0.44809167918908466,0.35714954096170837,0.5620266242053784,False,holdout
realized_vol_12m,n/a,12,all,ALL,launch_300,5,13145,0.09986780526347779,129,0.009813617344998098,0.012550902570959704,0.9361926099790178,0.7819053083644247,0.6585851889752331,0.9280459185115119,True,holdout
realized_vol_12m,n/a,12,all,ALL,launch_300,6,13166,0.10002735063514252,159,0.01207656083852347,0.012550902570959704,0.9361926099790178,0.9622065640495236,0.824480790933764,1.1226112567408941,True,holdout
realized_vol_12m,n/a,12,all,ALL,launch_300,7,13161,0.09998936364188901,180,0.013676772281741509,0.012550902570959704,0.9361926099790178,1.0897042825738161,0.9425307065051899,1.2594909848022215,True,holdout
realized_vol_12m,n/a,12,all,ALL,launch_300,8,13153,0.0999285844526834,260,0.01976735345548544,0.012550902570959704,0.9361926099790178,1.574974655705094,1.3963056463667836,1.775987168180728,True,holdout
realized_vol_12m,n/a,12,all,ALL,launch_300,9,13162,0.09999696104053972,349,0.026515727093146937,0.012550902570959704,0.9361926099790178,2.112655001760516,1.904727512193537,2.3425969577357137,True,holdout
realized_vol_12m,n/a,12,all,ALL,launch_300,10,13185,0.10017170120950586,428,0.03246113007205157,0.012550902570959704,0.9361926099790178,2.586358223125736,2.355981467100494,2.8384351074398144,True,holdout
realized_vol_12m,n/a,12,drawdown,0-10,win_50,1,12134,0.1001312086878306,877,0.07227624855777155,0.17425173913402267,0.9495380854248126,0.41478064389464453,0.38910938051077176,0.44200562088819234,True,holdout
realized_vol_12m,n/a,12,drawdown,0-10,win_50,2,12116,0.09998267055066389,1443,0.11909871244635194,0.17425173913402267,0.9495380854248126,0.6834865065808569,0.6510788290327303,0.7172798692865306,True,holdout
realized_vol_12m,n/a,12,drawdown,0-10,win_50,3,12114,0.09996616631320092,1825,0.15065213802212316,0.17425173913402267,0.9495380854248126,0.8645660512246119,0.8286459606957108,0.9017572480989525,True,holdout
realized_vol_12m,n/a,12,drawdown,0-10,win_50,4,12111,0.09994140995700646,1960,0.16183634712245065,0.17425173913402267,0.9495380854248126,0.9287502548136811,0.8917236220443132,0.9670076047380516,True,holdout
realized_vol_12m,n/a,12,drawdown,0-10,win_50,5,12101,0.09985888876969162,2151,0.1777539046359805,0.17425173913402267,0.9495380854248126,1.0200983101767738,0.981596520947067,1.0597738548550517,True,holdout
realized_vol_12m,n/a,12,drawdown,0-10,win_50,6,12122,0.10003218326305278,2239,0.1847054941428807,0.17425173913402267,0.9495380854248126,1.0599922563803952,1.020923292608265,1.100207666092437,True,holdout
realized_vol_12m,n/a,12,drawdown,0-10,win_50,7,12114,0.09996616631320092,2513,0.2074459303285455,0.17425173913402267,0.9495380854248126,1.190495609165726,1.1495934372931027,1.2324622424958727,True,holdout
realized_vol_12m,n/a,12,drawdown,0-10,win_50,8,12111,0.09994140995700646,2595,0.21426802080753035,0.17425173913402267,0.9495380854248126,1.229646383286481,1.188232805122212,1.2720998580970415,True,holdout
realized_vol_12m,n/a,12,drawdown,0-10,win_50,9,12119,0.10000742690685833,2848,0.23500288802706493,0.17425173913402267,0.9495380854248126,1.3486401294756465,1.3058046528759069,1.3924394035379561,True,holdout
realized_vol_12m,n/a,12,drawdown,0-10,win_50,10,12139,0.10017246928148803,2665,0.2195403245736881,0.17425173913402267,0.9495380854248126,1.2599032047814025,1.2181577107232664,1.3026670537586909,True,holdout
realized_vol_12m,n/a,12,drawdown,0-10,win_100,1,12134,0.1001312086878306,97,0.007994066260095599,0.05977009597214085,0.9495380854248126,0.1337469202629635,0.10971899312395922,0.16298524795597932,False,holdout
realized_vol_12m,n/a,12,drawdown,0-10,win_100,2,12116,0.09998267055066389,162,0.013370749422251568,0.05977009597214085,0.9495380854248126,0.22370299402704227,0.19197498805771765,0.26059211459981313,True,holdout
realized_vol_12m,n/a,12,drawdown,0-10,win_100,3,12114,0.09996616631320092,355,0.029304936437180122,0.05977009597214085,0.9495380854248126,0.49029428446692314,0.4424871876546267,0.5430943242872228,True,holdout
realized_vol_12m,n/a,12,drawdown,0-10,win_100,4,12111,0.09994140995700646,481,0.039715960696887126,0.05977009597214085,0.9495380854248126,0.6644787840962969,0.6086875544505508,0.725153729868156,True,holdout
realized_vol_12m,n/a,12,drawdown,0-10,win_100,5,12101,0.09985888876969162,612,0.050574332699776875,0.05977009597214085,0.9495380854248126,0.8461477579582578,0.7831803322441356,0.9138876293923907,True,holdout
realized_vol_12m,n/a,12,drawdown,0-10,win_100,6,12122,0.10003218326305278,712,0.05873618214816037,0.05977009597214085,0.9495380854248126,0.9827018209162256,0.914982465786805,1.0550988361790339,True,holdout
realized_vol_12m,n/a,12,drawdown,0-10,win_100,7,12114,0.09996616631320092,898,0.07412910681855704,0.05977009597214085,0.9495380854248126,1.240237373102245,1.164422734586491,1.3205694779417958,True,holdout
realized_vol_12m,n/a,12,drawdown,0-10,win_100,8,12111,0.09994140995700646,1097,0.09057881264965734,0.05977009597214085,0.9495380854248126,1.5154536926271056,1.4320912437337852,1.6031601914641576,True,holdout
realized_vol_12m,n/a,12,drawdown,0-10,win_100,9,12119,0.10000742690685833,1368,0.1128806007096295,0.05977009597214085,0.9495380854248126,1.88857988051824,1.7963639587545988,1.984900514754606,True,holdout
realized_vol_12m,n/a,12,drawdown,0-10,win_100,10,12139,0.10017246928148803,1461,0.12035587774940275,0.05977009597214085,0.9495380854248126,2.013647055301722,1.9188098083477725,2.1125031225530235,True,holdout
realized_vol_12m,n/a,12,drawdown,0-10,launch_300,1,9759,0.10010770887828897,15,0.001537042729787888,0.012596809765604965,0.9434610508385998,0.12201841247017285,0.07396486372562316,0.2012122235402807,False,holdout
realized_vol_12m,n/a,12,drawdown,0-10,launch_300,2,9748,0.09999487100579577,17,0.0017439474764054165,0.012596809765604965,0.9434610508385998,0.13844358284803096,0.0864632377208967,0.22158637581852977,False,holdout
realized_vol_12m,n/a,12,drawdown,0-10,launch_300,3,9745,0.09996409704057034,15,0.0015392508978963571,0.012596809765604965,0.9434610508385998,0.12219370829106382,0.07407114851473803,0.20150111178151736,False,holdout
realized_vol_12m,n/a,12,drawdown,0-10,launch_300,4,9744,0.09995383905216187,54,0.005541871921182266,0.012596809765604965,0.9434610508385998,0.439942495306558,0.33740144563606866,0.5734211490365032,False,holdout
realized_vol_12m,n/a,12,drawdown,0-10,launch_300,5,9734,0.09985125916807713,90,0.009245942058763099,0.012596809765604965,0.9434610508385998,0.7339907667740396,0.5976700515882861,0.9010488596492107,False,holdout
realized_vol_12m,n/a,12,drawdown,0-10,launch_300,6,9752,0.10003590295942966,121,0.012407711238720262,0.012596809765604965,0.9434610508385998,0.9849883795656716,0.8251877963719797,1.175271962922603,True,holdout
realized_vol_12m,n/a,12,drawdown,0-10,launch_300,7,9746,0.09997435502897882,134,0.013749230453519393,0.012596809765604965,0.9434610508385998,1.0914851227698192,0.9225709292227452,1.2908171556545212,True,holdout
realized_vol_12m,n/a,12,drawdown,0-10,launch_300,8,9743,0.0999435810637534,174,0.01785897567484348,0.012596809765604965,0.9434610508385998,1.4177379834382056,1.2235553693219234,1.6420906314476034,True,holdout
realized_vol_12m,n/a,12,drawdown,0-10,launch_300,9,9750,0.10001538698261271,270,0.027692307692307693,0.012596809765604965,0.9434610508385998,2.198358807316462,1.9541919069077616,2.4720592092472065,True,holdout
realized_vol_12m,n/a,12,drawdown,0-10,launch_300,10,9764,0.10015899882033133,338,0.03461696026218763,0.012596809765604965,0.9434610508385998,2.7480735921493165,2.47444194147246,3.0507640353221164,True,holdout
realized_vol_12m,n/a,12,drawdown,10-20,win_50,1,3193,0.10017254901960784,164,0.05136235515189477,0.1576156862745098,0.9167385677308024,0.32587083408969864,0.28062403357210197,0.3779583474566294,True,holdout
realized_vol_12m,n/a,12,drawdown,10-20,win_50,2,3185,0.09992156862745098,321,0.10078492935635792,0.1576156862745098,0.9167385677308024,0.6394346383825456,0.576123557429249,0.7088481204035241,True,holdout
realized_vol_12m,n/a,12,drawdown,10-20,win_50,3,3185,0.09992156862745098,447,0.1403453689167975,0.1576156862745098,0.9167385677308024,0.8904276740093392,0.8166391473607768,0.9697138808962262,True,holdout
realized_vol_12m,n/a,12,drawdown,10-20,win_50,4,3187,0.0999843137254902,480,0.15061186068402888,0.1576156862745098,0.9167385677308024,0.9555639051161267,0.8794504161160492,1.0370147932267995,True,holdout
realized_vol_12m,n/a,12,drawdown,10-20,win_50,5,3185,0.09992156862745098,544,0.17080062794348508,0.1576156862745098,0.9167385677308024,1.083652471277585,1.0032586250573525,1.16907845868497,True,holdout
realized_vol_12m,n/a,12,drawdown,10-20,win_50,6,3188,0.10001568627450981,590,0.185069008782936,0.1576156862745098,0.9167385677308024,1.1741788724036792,1.0910716274134729,1.2620956274360047,True,holdout
realized_vol_12m,n/a,12,drawdown,10-20,win_50,7,3188,0.10001568627450981,658,0.20639899623588456,0.1576156862745098,0.9167385677308024,1.3095079627824084,1.2226410884748629,1.4008586034240411,True,holdout
realized_vol_12m,n/a,12,drawdown,10-20,win_50,8,3184,0.09989019607843137,653,0.20508793969849246,0.1576156862745098,0.9167385677308024,1.3011899040385044,1.2144898095002965,1.3923994380904934,True,holdout
realized_vol_12m,n/a,12,drawdown,10-20,win_50,9,3186,0.09995294117647059,595,0.18675455116133083,0.1576156862745098,0.9167385677308024,1.184872873858961,1.1014282936520081,1.2731042225032903,True,holdout
realized_vol_12m,n/a,12,drawdown,10-20,win_50,10,3194,0.10020392156862745,572,0.17908578584846588,0.1576156862745098,0.9167385677308024,1.136218038200607,1.0543144248962748,1.2230133397633667,True,holdout
realized_vol_12m,n/a,12,drawdown,10-20,win_100,1,3193,0.10017254901960784,20,0.006263701847792045,0.05148235294117647,0.9167385677308024,0.12166696916415078,0.07883283996884662,0.18754954995751816,False,holdout
realized_vol_12m,n/a,12,drawdown,10-20,win_100,2,3185,0.09992156862745098,42,0.013186813186813187,0.05148235294117647,0.9167385677308024,0.256142395082066,0.18978842437035362,0.3452786467350132,False,holdout
realized_vol_12m,n/a,12,drawdown,10-20,win_100,3,3185,0.09992156862745098,87,0.027315541601255888,0.05148235294117647,0.9167385677308024,0.5305806755271367,0.4311944858342578,0.6520879383944942,False,holdout
realized_vol_12m,n/a,12,drawdown,10-20,win_100,4,3187,0.0999843137254902,116,0.036397866331973644,0.05148235294117647,0.9167385677308024,0.7069969465762704,0.5911546629956624,0.8445216623437561,True,holdout
realized_vol_12m,n/a,12,drawdown,10-20,win_100,5,3185,0.09992156862745098,149,0.046781789638932494,0.05148235294117647,0.9167385677308024,0.9086956396959008,0.7765397283605038,1.0620616268382455,True,holdout
realized_vol_12m,n/a,12,drawdown,10-20,win_100,6,3188,0.10001568627450981,171,0.05363864491844417,0.05148235294117647,0.9167385677308024,1.041884099192814,0.9001380966989867,1.2044996511163661,True,holdout
realized_vol_12m,n/a,12,drawdown,10-20,win_100,7,3188,0.10001568627450981,232,0.07277289836888332,0.05148235294117647,0.9167385677308024,1.4135503567996073,1.248209240827112,1.59886640342796,True,holdout
realized_vol_12m,n/a,12,drawdown,10-20,win_100,8,3184,0.09989019607843137,283,0.0888819095477387,0.05148235294117647,0.9167385677308024,1.7264539103194216,1.5439532016275264,1.9282004944187656,True,holdout
realized_vol_12m,n/a,12,drawdown,10-20,win_100,9,3186,0.09995294117647059,263,0.08254865034526052,0.05148235294117647,0.9167385677308024,1.6034358499422174,1.4274407476258906,1.7989610568046708,True,holdout
realized_vol_12m,n/a,12,drawdown,10-20,win_100,10,3194,0.10020392156862745,278,0.08703819661865998,0.05148235294117647,0.9167385677308024,1.6906413877024904,1.5102562573230847,1.8902982502784087,True,holdout
realized_vol_12m,n/a,12,drawdown,10-20,launch_300,1,3193,0.10017254901960784,0,0.0,0.012392156862745097,0.9167385677308024,0.0,0.0,0.09696794410647097,False,holdout
realized_vol_12m,n/a,12,drawdown,10-20,launch_300,2,3185,0.09992156862745098,3,0.0009419152276295133,0.012392156862745097,0.9167385677308024,0.07600898197643224,0.025853992007709065,0.22319205475641352,False,holdout
realized_vol_12m,n/a,12,drawdown,10-20,launch_300,3,3185,0.09992156862745098,19,0.005965463108320251,0.012392156862745097,0.9167385677308024,0.48139021918407093,0.3084547619969239,0.7503770688238853,False,holdout
realized_vol_12m,n/a,12,drawdown,10-20,launch_300,4,3187,0.0999843137254902,19,0.005961719485409476,0.012392156862745097,0.9167385677308024,0.4810881230314609,0.30826102873225225,0.7499071327433607,False,holdout
realized_vol_12m,n/a,12,drawdown,10-20,launch_300,5,3185,0.09992156862745098,37,0.011616954474097331,0.012392156862745097,0.9167385677308024,0.9374441110426645,0.6810694286633198,1.2887714092212614,False,holdout
realized_vol_12m,n/a,12,drawdown,10-20,launch_300,6,3188,0.10001568627450981,35,0.010978670012547051,0.012392156862745097,0.9167385677308024,0.8859369788606007,0.6378751046334309,1.228986203448489,False,holdout
realized_vol_12m,n/a,12,drawdown,10-20,launch_300,7,3188,0.10001568627450981,43,0.013488080301129234,0.012392156862745097,0.9167385677308024,1.0884368597430236,0.8093195931766665,1.4620540495996148,False,holdout
realized_vol_12m,n/a,12,drawdown,10-20,launch_300,8,3184,0.09989019607843137,79,0.024811557788944723,0.012392156862745097,0.9167385677308024,2.0021984924623117,1.6102266994818013,2.486586555618147,False,holdout
realized_vol_12m,n/a,12,drawdown,10-20,launch_300,9,3186,0.09995294117647059,75,0.023540489642184557,0.012392156862745097,0.9167385677308024,1.89962811985983,1.518841290812617,2.3730203216459307,False,holdout
realized_vol_12m,n/a,12,drawdown,10-20,launch_300,10,3194,0.10020392156862745,85,0.026612398246712587,0.012392156862745097,0.9167385677308024,2.1475194787695284,1.7409251892796545,2.6458919042698636,False,holdout
realized_vol_12m,n/a,12,drawdown,20-30,win_50,1,227,0.10026501766784453,6,0.02643171806167401,0.14752650176678445,0.9063250600480385,0.17916589728032922,0.08248664307696424,0.38268295161550336,False,holdout
realized_vol_12m,n/a,12,drawdown,20-30,win_50,2,226,0.09982332155477032,28,0.12389380530973451,0.14752650176678445,0.9063250600480385,0.8398071114408352,0.5905759966637335,1.1742575840416134,False,holdout
realized_vol_12m,n/a,12,drawdown,20-30,win_50,3,226,0.09982332155477032,34,0.1504424778761062,0.14752650176678445,0.9063250600480385,1.019765778178157,0.7435854003218203,1.375150029776499,False,holdout
realized_vol_12m,n/a,12,drawdown,20-30,win_50,4,227,0.10026501766784453,29,0.1277533039647577,0.14752650176678445,0.9063250600480385,0.8659685035215912,0.6130583995734613,1.202858087573329,False,holdout
realized_vol_12m,n/a,12,drawdown,20-30,win_50,5,226,0.09982332155477032,34,0.1504424778761062,0.14752650176678445,0.9063250600480385,1.019765778178157,0.7435854003218203,1.375150029776499,False,holdout
realized_vol_12m,n/a,12,drawdown,20-30,win_50,6,226,0.09982332155477032,44,0.19469026548672566,0.14752650176678445,0.9063250600480385,1.3196968894070267,1.0055758164782254,1.702996029275048,False,holdout
realized_vol_12m,n/a,12,drawdown,20-30,win_50,7,227,0.10026501766784453,55,0.2422907488986784,0.14752650176678445,0.9063250600480385,1.6423540584030178,1.295634775155166,2.047212981722598,False,holdout
realized_vol_12m,n/a,12,drawdown,20-30,win_50,8,226,0.09982332155477032,41,0.18141592920353983,0.14752650176678445,0.9063250600480385,1.2297175560383657,0.9261854891794912,1.6054354318772954,False,holdout
realized_vol_12m,n/a,12,drawdown,20-30,win_50,9,226,0.09982332155477032,29,0.12831858407079647,0.14752650176678445,0.9063250600480385,0.8698002225637221,0.6158181875748547,1.2079990346959877,False,holdout
realized_vol_12m,n/a,12,drawdown,20-30,win_50,10,227,0.10026501766784453,34,0.14977973568281938,0.14752650176678445,0.9063250600480385,1.0152734179218657,0.7402455360010344,1.369311579940174,False,holdout
realized_vol_12m,n/a,12,drawdown,20-30,win_100,1,227,0.10026501766784453,0,0.0,0.030477031802120143,0.9063250600480385,0.0,-5.691904274799262e-17,0.546021458064948,False,holdout
realized_vol_12m,n/a,12,drawdown,20-30,win_100,2,226,0.09982332155477032,2,0.008849557522123894,0.030477031802120143,0.9063250600480385,0.2903680902911376,0.07973978980399297,1.0396873493383827,False,holdout
realized_vol_12m,n/a,12,drawdown,20-30,win_100,3,226,0.09982332155477032,7,0.030973451327433628,0.030477031802120143,0.9063250600480385,1.0162883160189815,0.4948962281056274,2.052106003998738,False,holdout
realized_vol_12m,n/a,12,drawdown,20-30,win_100,4,227,0.10026501766784453,4,0.01762114537444934,0.030477031802120143,0.9063250600480385,0.5781778714167146,0.22552450862732343,1.457609645290791,False,holdout
realized_vol_12m,n/a,12,drawdown,20-30,win_100,5,226,0.09982332155477032,6,0.02654867256637168,0.030477031802120143,0.9063250600480385,0.8711042708734128,0.40105802519601363,1.8604291883159536,False,holdout
realized_vol_12m,n/a,12,drawdown,20-30,win_100,6,226,0.09982332155477032,7,0.030973451327433628,0.030477031802120143,0.9063250600480385,1.0162883160189815,0.4948962281056274,2.052106003998738,False,holdout
realized_vol_12m,n/a,12,drawdown,20-30,win_100,7,227,0.10026501766784453,6,0.02643171806167401,0.030477031802120143,0.9063250600480385,0.8672668071250718,0.39928317083631965,1.8524073310083784,False,holdout
realized_vol_12m,n/a,12,drawdown,20-30,win_100,8,226,0.09982332155477032,13,0.05752212389380531,0.030477031802120143,0.9063250600480385,1.8873925868923944,1.112999637923627,3.1470927057351252,False,holdout
realized_vol_12m,n/a,12,drawdown,20-30,win_100,9,226,0.09982332155477032,10,0.04424778761061947,0.030477031802120143,0.9063250600480385,1.451840451455688,0.794347466360119,2.6091998215214405,False,holdout
realized_vol_12m,n/a,12,drawdown,20-30,win_100,10,227,0.10026501766784453,14,0.06167400881057269,0.030477031802120143,0.9063250600480385,2.023622549958501,1.2169767778138276,3.308939115737203,False,holdout
realized_vol_12m,n/a,12,drawdown,20-30,launch_300,1,227,0.10026501766784453,0,0.0,0.012809187279151944,0.9063250600480385,0.0,-1.3542806722798246e-16,1.2991545036717727,False,holdout
realized_vol_12m,n/a,12,drawdown,20-30,launch_300,2,226,0.09982332155477032,2,0.008849557522123894,0.012809187279151944,0.9063250600480385,0.6908758010375343,0.18972570677501777,2.4737388656671864,False,holdout
realized_vol_12m,n/a,12,drawdown,20-30,launch_300,3,226,0.09982332155477032,2,0.008849557522123894,0.012809187279151944,0.9063250600480385,0.6908758010375343,0.18972570677501777,2.4737388656671864,False,holdout
realized_vol_12m,n/a,12,drawdown,20-30,launch_300,4,227,0.10026501766784453,1,0.004405286343612335,0.012809187279151944,0.9063250600480385,0.34391614765304573,0.0607427243722153,1.914797779419113,False,holdout
realized_vol_12m,n/a,12,drawdown,20-30,launch_300,5,226,0.09982332155477032,2,0.008849557522123894,0.012809187279151944,0.9063250600480385,0.6908758010375343,0.18972570677501777,2.4737388656671864,False,holdout
realized_vol_12m,n/a,12,drawdown,20-30,launch_300,6,226,0.09982332155477032,3,0.01327433628318584,0.012809187279151944,0.9063250600480385,1.0363137015563013,0.3532274167783943,2.9895659930043426,False,holdout
realized_vol_12m,n/a,12,drawdown,20-30,launch_300,7,227,0.10026501766784453,3,0.013215859030837005,0.012809187279151944,0.9063250600480385,1.031748442959137,0.3516678797134768,2.9766446243169633,False,holdout
realized_vol_12m,n/a,12,drawdown,20-30,launch_300,8,226,0.09982332155477032,7,0.030973451327433628,0.012809187279151944,0.9063250600480385,2.41806530363137,1.177511715147872,4.882597043996997,False,holdout
realized_vol_12m,n/a,12,drawdown,20-30,launch_300,9,226,0.09982332155477032,4,0.017699115044247787,0.012809187279151944,0.9063250600480385,1.3817516020750686,0.5389743652356064,3.483147881887664,False,holdout
realized_vol_12m,n/a,12,drawdown,20-30,launch_300,10,227,0.10026501766784453,5,0.022026431718061675,0.012809187279151944,0.9063250600480385,1.7195807382652286,0.7372995411164154,3.9437849631531368,False,holdout
realized_vol_12m,n/a,12,mst,0-12,win_50,1,14144,0.10014940274306268,948,0.06702488687782805,0.17043241827103497,0.9381929543688095,0.3932637203518396,0.36976659072254453,0.4181404294681089,True,holdout
realized_vol_12m,n/a,12,mst,0-12,win_50,2,14117,0.09995822387753224,1592,0.11277183537578805,0.17043241827103497,0.9381929543688095,0.6616806621639872,0.631681083206663,0.6929164172105649,True,holdout
realized_vol_12m,n/a,12,mst,0-12,win_50,3,14116,0.09995114317880889,2071,0.14671294984414848,0.17043241827103497,0.9381929543688095,0.8608277188840568,0.8271447385366908,0.8956386025551639,True,holdout
realized_vol_12m,n/a,12,mst,0-12,win_50,4,14116,0.09995114317880889,2226,0.157693397563049,0.17043241827103497,0.9381929543688095,0.9252547089502222,0.8905254890359102,0.9610767760392518,True,holdout
realized_vol_12m,n/a,12,mst,0-12,win_50,5,14107,0.09988741689029873,2477,0.17558658821861486,0.17043241827103497,0.9381929543688095,1.0302417227888143,0.9939232236244421,1.06759660396449,True,holdout
realized_vol_12m,n/a,12,mst,0-12,win_50,6,14126,0.10002195016604239,2618,0.18533201189296333,0.17043241827103497,0.9381929543688095,1.0874222977827719,1.0503291241105346,1.1255193686776577,True,holdout
realized_vol_12m,n/a,12,mst,0-12,win_50,7,14120,0.09997946597370229,2981,0.21111898016997166,0.17043241827103497,0.9381929543688095,1.238725486099914,1.1996936476906284,1.2786793441086053,True,holdout
realized_vol_12m,n/a,12,mst,0-12,win_50,8,14112,0.09992282038391548,3060,0.21683673469387754,0.17043241827103497,0.9381929543688095,1.2722740010004834,1.232836238731523,1.3126160457523635,True,holdout
realized_vol_12m,n/a,12,mst,0-12,win_50,9,14121,0.09998654667242564,3145,0.22271793782310034,0.17043241827103497,0.9381929543688095,1.306781538879046,1.2669618309675468,1.3474861834196483,True,holdout
realized_vol_12m,n/a,12,mst,0-12,win_50,10,14150,0.10019188693540279,2952,0.2086219081272085,0.17043241827103497,0.9381929543688095,1.2240740948441018,1.18525905193592,1.2638171560656342,True,holdout
realized_vol_12m,n/a,12,mst,0-12,win_100,1,14144,0.10014940274306268,109,0.007706447963800905,0.058698992416571664,0.9381929543688095,0.13128756809163306,0.108911169729601,0.15821834894342815,True,holdout
realized_vol_12m,n/a,12,mst,0-12,win_100,2,14117,0.09995822387753224,188,0.013317277041864419,0.058698992416571664,0.9381929543688095,0.22687403128413391,0.19684122057314105,0.2614179257473124,True,holdout
realized_vol_12m,n/a,12,mst,0-12,win_100,3,14116,0.09995114317880889,419,0.02968262964012468,0.058698992416571664,0.9381929543688095,0.5056752836483919,0.4601171725067142,0.5555930961052432,True,holdout
realized_vol_12m,n/a,12,mst,0-12,win_100,4,14116,0.09995114317880889,561,0.039742136582601305,0.058698992416571664,0.9381929543688095,0.6770497234528589,0.624247869404483,0.7341180301966231,True,holdout
realized_vol_12m,n/a,12,mst,0-12,win_100,5,14107,0.09988741689029873,719,0.05096760473523783,0.058698992416571664,0.9381929543688095,0.8682875571957664,0.8085150694174312,0.9322250957453273,True,holdout
realized_vol_12m,n/a,12,mst,0-12,win_100,6,14126,0.10002195016604239,826,0.05847373637264618,0.058698992416571664,0.9381929543688095,0.9961625228193545,0.9322666561287182,1.0641483093031,True,holdout
realized_vol_12m,n/a,12,mst,0-12,win_100,7,14120,0.09997946597370229,1060,0.07507082152974505,0.058698992416571664,0.9381929543688095,1.2789115867098146,1.206820396296528,1.3549406279275567,True,holdout
realized_vol_12m,n/a,12,mst,0-12,win_100,8,14112,0.09992282038391548,1310,0.09282879818594104,0.058698992416571664,0.9381929543688095,1.581437676598585,1.5017486460687968,1.664902131890435,True,holdout
realized_vol_12m,n/a,12,mst,0-12,win_100,9,14121,0.09998654667242564,1508,0.10679130373203032,0.058698992416571664,0.9381929543688095,1.819303864266696,1.734336464426034,1.9079149008287095,True,holdout
realized_vol_12m,n/a,12,mst,0-12,win_100,10,14150,0.10019188693540279,1590,0.11236749116607773,0.058698992416571664,0.9381929543688095,1.9143001700716518,1.8274369095701546,2.0047480363753962,True,holdout
realized_vol_12m,n/a,12,mst,0-12,launch_300,1,11769,0.10013357950533042,10,0.000849689863199932,0.011520168803655143,0.9310355753768645,0.07375671986076633,0.04007002311992466,0.13571937874169004,False,holdout
realized_vol_12m,n/a,12,mst,0-12,launch_300,2,11749,0.0999634145303872,14,0.0011915907736828667,0.011520168803655143,0.9310355753768645,0.10343518345883927,0.06162784713533908,0.17354719855650852,False,holdout
realized_vol_12m,n/a,12,mst,0-12,launch_300,3,11747,0.09994639803289289,33,0.002809227887971397,0.011520168803655143,0.9310355753768645,0.24385301429611686,0.17370352183293097,0.342220195227905,False,holdout
realized_vol_12m,n/a,12,mst,0-12,launch_300,4,11749,0.0999634145303872,54,0.0045961358413482,0.011520168803655143,0.9310355753768645,0.3989642790555229,0.30594495604293426,0.520095091327569,False,holdout
realized_vol_12m,n/a,12,mst,0-12,launch_300,5,11740,0.09988684029166277,103,0.008773424190800681,0.011520168803655143,0.9310355753768645,0.7615708016376488,0.628451044638386,0.9225863712203249,True,holdout
realized_vol_12m,n/a,12,mst,0-12,launch_300,6,11756,0.10002297227161733,121,0.010292616536236815,0.011520168803655143,0.9310355753768645,0.8934432048401193,0.7483762032631515,1.0662819103689851,True,holdout
realized_vol_12m,n/a,12,mst,0-12,launch_300,7,11752,0.09998893927662869,152,0.012933968686181076,0.011520168803655143,0.9310355753768645,1.122723885962275,0.9587050670196402,1.3143740141596207,True,holdout
realized_vol_12m,n/a,12,mst,0-12,launch_300,8,11744,0.0999208732866514,231,0.019669618528610353,0.011520168803655143,0.9310355753768645,1.7074071451426593,1.5026461999019578,1.9394358415377724,True,holdout
realized_vol_12m,n/a,12,mst,0-12,launch_300,9,11752,0.09998893927662869,298,0.025357385976855003,0.011520168803655143,0.9310355753768645,2.2011297237944603,1.9675439398734602,2.461642035147812,True,holdout
realized_vol_12m,n/a,12,mst,0-12,launch_300,10,11775,0.10018462899781339,338,0.02870488322717622,0.011520168803655143,0.9310355753768645,2.491706824475408,2.2429563363314657,2.7671417287957585,True,holdout
realized_vol_12m,n/a,12,mst,13-24,win_50,1,1410,0.10006387055567384,99,0.07021276595744681,0.1706053509332198,0.9815408191696852,0.4115507841540695,0.3400312749053101,0.496759753968508,False,holdout
realized_vol_12m,n/a,12,mst,13-24,win_50,2,1410,0.10006387055567384,200,0.14184397163120568,0.1706053509332198,0.9815408191696852,0.8314157255637767,0.7303704933721125,0.9438688415601737,True,holdout
realized_vol_12m,n/a,12,mst,13-24,win_50,3,1409,0.0999929032715918,235,0.16678495386799147,0.1706053509332198,0.9815408191696852,0.9776068157046038,0.8688563703170357,1.096978243980045,True,holdout
realized_vol_12m,n/a,12,mst,13-24,win_50,4,1409,0.0999929032715918,243,0.17246273953158267,0.1706053509332198,0.9815408191696852,1.0108870477285903,0.9005241732579552,1.1316899298728216,True,holdout
realized_vol_12m,n/a,12,mst,13-24,win_50,5,1405,0.09970903413526365,252,0.17935943060498222,0.1706053509332198,0.9815408191696852,1.0513118704886872,0.9388990477653999,1.1739738912267237,True,holdout
realized_vol_12m,n/a,12,mst,13-24,win_50,6,1410,0.10006387055567384,255,0.18085106382978725,0.1706053509332198,0.9815408191696852,1.0600550500938153,0.9474307594608854,1.1828447817408636,True,holdout
realized_vol_12m,n/a,12,mst,13-24,win_50,7,1409,0.0999929032715918,245,0.17388218594748048,0.1706053509332198,0.9815408191696852,1.019207105734587,0.9084482918427046,1.1403606834964963,True,holdout
realized_vol_12m,n/a,12,mst,13-24,win_50,8,1409,0.0999929032715918,229,0.16252661462029808,0.1706053509332198,0.9815408191696852,0.952646641686614,0.8451364378733746,1.070913559798434,True,holdout
realized_vol_12m,n/a,12,mst,13-24,win_50,9,1410,0.10006387055567384,327,0.23191489361702128,0.1706053509332198,0.9815408191696852,1.3593647112967748,1.2346127236691817,1.4926556693762272,True,holdout
realized_vol_12m,n/a,12,mst,13-24,win_50,10,1410,0.10006387055567384,319,0.22624113475177304,0.1706053509332198,0.9815408191696852,1.3261080822742237,1.20256039093942,1.458375463012249,True,holdout
realized_vol_12m,n/a,12,mst,13-24,win_100,1,1410,0.10006387055567384,8,0.005673758865248227,0.04705130934639131,0.9815408191696852,0.12058663072430283,0.06116188642304722,0.23710234528855234,False,holdout
realized_vol_12m,n/a,12,mst,13-24,win_100,2,1410,0.10006387055567384,18,0.01276595744680851,0.04705130934639131,0.9815408191696852,0.27131991912968134,0.17194379932024065,0.4269679135025033,False,holdout
realized_vol_12m,n/a,12,mst,13-24,win_100,3,1409,0.0999929032715918,30,0.021291696238467,0.04705130934639131,0.9815408191696852,0.45252080195511085,0.3178314286431889,0.6425365229290793,False,holdout
realized_vol_12m,n/a,12,mst,13-24,win_100,4,1409,0.0999929032715918,40,0.028388928317955996,0.04705130934639131,0.9815408191696852,0.6033610692734811,0.4445512111234074,0.8166770178926873,False,holdout
realized_vol_12m,n/a,12,mst,13-24,win_100,5,1405,0.09970903413526365,48,0.03416370106761566,0.04705130934639131,0.9815408191696852,0.726094587848827,0.5496959736055783,0.9564847370280205,False,holdout
realized_vol_12m,n/a,12,mst,13-24,win_100,6,1410,0.10006387055567384,64,0.04539007092198582,0.04705130934639131,0.9815408191696852,0.9646930457944226,0.7588502371406181,1.223039888793391,False,holdout
realized_vol_12m,n/a,12,mst,13-24,win_100,7,1409,0.0999929032715918,76,0.0539389638041164,0.04705130934639131,0.9815408191696852,1.1463860316196142,0.920493149680379,1.4238320781334914,False,holdout
realized_vol_12m,n/a,12,mst,13-24,win_100,8,1409,0.0999929032715918,83,0.058907026259758695,0.04705130934639131,0.9815408191696852,1.2519742187424734,1.0152884011159553,1.5396390209085937,False,holdout
realized_vol_12m,n/a,12,mst,13-24,win_100,9,1410,0.10006387055567384,133,0.09432624113475177,0.04705130934639131,0.9815408191696852,2.0047527357915342,1.7035315729463627,2.352826172654544,True,holdout
realized_vol_12m,n/a,12,mst,13-24,win_100,10,1410,0.10006387055567384,163,0.11560283687943262,0.04705130934639131,0.9815408191696852,2.45695260100767,2.1242264214446944,2.8340737674896457,True,holdout
realized_vol_12m,n/a,12,mst,13-24,launch_300,1,1410,0.10006387055567384,5,0.0035460992907801418,0.02114825065644738,0.9815408191696852,0.16767813794088246,0.07166568266975389,0.39125512817515823,False,holdout
realized_vol_12m,n/a,12,mst,13-24,launch_300,2,1410,0.10006387055567384,8,0.005673758865248227,0.02114825065644738,0.9815408191696852,0.26828502070541194,0.13607493522979966,0.5275129359943295,False,holdout
realized_vol_12m,n/a,12,mst,13-24,launch_300,3,1409,0.0999929032715918,3,0.0021291696238466998,0.02114825065644738,0.9815408191696852,0.10067828580410686,0.034251920817721805,0.2951238148877136,False,holdout
realized_vol_12m,n/a,12,mst,13-24,launch_300,4,1409,0.0999929032715918,20,0.014194464158977998,0.02114825065644738,0.9815408191696852,0.671188572027379,0.4353708502416155,1.0319230690441452,False,holdout
realized_vol_12m,n/a,12,mst,13-24,launch_300,5,1405,0.09970903413526365,26,0.018505338078291814,0.02114825065644738,0.9815408191696852,0.8750292579235233,0.5986048897899826,1.275613450164316,False,holdout
realized_vol_12m,n/a,12,mst,13-24,launch_300,6,1410,0.10006387055567384,38,0.02695035460992908,0.02114825065644738,0.9815408191696852,1.2743538483507069,0.9313907616977226,1.7388677133185757,False,holdout
realized_vol_12m,n/a,12,mst,13-24,launch_300,7,1409,0.0999929032715918,28,0.0198722498225692,0.02114825065644738,0.9815408191696852,0.9396640008383307,0.6517939462494555,1.3509908829564583,False,holdout
realized_vol_12m,n/a,12,mst,13-24,launch_300,8,1409,0.0999929032715918,29,0.0205819730305181,0.02114825065644738,0.9815408191696852,0.9732234294396996,0.6794060835324814,1.3903151094134514,False,holdout
realized_vol_12m,n/a,12,mst,13-24,launch_300,9,1410,0.10006387055567384,51,0.036170212765957444,0.02114825065644738,0.9815408191696852,1.710317006997001,1.3058632256120821,2.2339525110474896,False,holdout
realized_vol_12m,n/a,12,mst,13-24,launch_300,10,1410,0.10006387055567384,90,0.06382978723404255,0.02114825065644738,0.9815408191696852,3.0182064829358843,2.469136032731727,3.679351488857664,False,holdout
