feature,lag,decile,rows,k_win,k_loss,median_fwd_12m,coverage,win_100_rate,loss_50_rate,ratio,sufficient
ret_6m_skip1,0,1,55842,4123,9575,-0.011401756978358712,0.9988823573662321,0.07383331542566526,0.17146592170767522,0.4306005221932115,True
ret_6m_skip1,0,2,55737,2484,5311,0.05067567567567566,0.9988823573662321,0.04456644598740513,0.0952867933329745,0.46770852946714364,True
ret_6m_skip1,0,3,55758,1821,3838,0.06883033371938041,0.9988823573662321,0.03265899063811471,0.06883317192151799,0.4744658676393956,True
ret_6m_skip1,0,4,55733,1515,2998,0.07661350872450967,0.9988823573662321,0.027183176932876394,0.053792187752319094,0.5053368912608406,True
ret_6m_skip1,0,5,55717,1279,2673,0.07591265370694411,0.9988823573662321,0.02295529192167561,0.0479745858535097,0.4784885895997007,True
ret_6m_skip1,0,6,55780,1206,2485,0.07720672045476551,0.9988823573662321,0.021620652563642883,0.044550017927572606,0.4853118712273642,True
ret_6m_skip1,0,7,55764,1257,2532,0.07131183411148201,0.9988823573662321,0.02254142457499462,0.04540563804605122,0.4964454976303317,True
ret_6m_skip1,0,8,55727,1320,2609,0.0632076586691881,0.9988823573662321,0.023686902219749853,0.046817521129793455,0.5059409735530855,True
ret_6m_skip1,0,9,55768,1914,3432,0.048674067827803924,0.9988823573662321,0.034320757423612104,0.06154066848371826,0.5576923076923077,True
ret_6m_skip1,0,10,55868,3417,6777,0.0027231515197020384,0.9988823573662321,0.06116202477267846,0.12130378749910503,0.5042054006197433,True
ret_6m_skip1,3,1,55712,3986,8904,0.0,0.9964249764471144,0.07154652498564043,0.15982194141298103,0.4476639712488769,True
ret_6m_skip1,3,2,55596,2394,5029,0.04761904761904767,0.9964249764471144,0.04306065184545651,0.0904561479243111,0.47603897395108374,True
ret_6m_skip1,3,3,55623,1798,3689,0.06299796991988837,0.9964249764471144,0.03232475774409867,0.06632148571634036,0.4873949579831933,True
ret_6m_skip1,3,4,55590,1506,3014,0.07237019533548705,0.9964249764471144,0.027091203453858608,0.05421838460154704,0.4996682149966821,True
ret_6m_skip1,3,5,55576,1293,2724,0.07142146997303023,0.9964249764471144,0.02326543831869872,0.049013962861666906,0.4746696035242291,True
ret_6m_skip1,3,6,55650,1271,2653,0.07397224180627149,0.9964249764471144,0.02283917340521114,0.047672955974842765,0.47908028646814926,True
ret_6m_skip1,3,7,55619,1326,2659,0.0706745058550291,0.9964249764471144,0.02384077383627897,0.04780740394469516,0.4986837156825874,True
ret_6m_skip1,3,8,55594,1454,2863,0.0693305901097171,0.9964249764471144,0.026153901500161888,0.051498363132712166,0.5078588892769822,True
ret_6m_skip1,3,9,55627,1851,3603,0.05805243445692887,0.9964249764471144,0.03327520808240603,0.06477070487353263,0.5137385512073273,True
ret_6m_skip1,3,10,55735,3362,6749,0.005289484275283085,0.9964249764471144,0.060321162644657755,0.12109087646900511,0.49814787375907543,True
ret_6m_skip1,6,1,55271,3725,8113,0.0,0.988440279553946,0.06739519820520708,0.14678583705740805,0.45913965240971283,True
ret_6m_skip1,6,2,55146,2385,4691,0.04289143917608573,0.988440279553946,0.04324883037754325,0.08506509991658506,0.5084203794500106,True
ret_6m_skip1,6,3,55179,1782,3476,0.061458843704066624,0.988440279553946,0.032294894796933614,0.06299497997426558,0.5126582278481012,True
ret_6m_skip1,6,4,55145,1457,2962,0.0710003551062186,0.988440279553946,0.026421253060114246,0.05371293861637501,0.4918973666441594,True
ret_6m_skip1,6,5,55139,1295,2756,0.07167923737691195,0.988440279553946,0.023486098768566714,0.04998277081557518,0.4698838896952105,True
ret_6m_skip1,6,6,55192,1317,2654,0.07560877863750326,0.988440279553946,0.02386215393535295,0.04808667922887375,0.4962321024868124,True
ret_6m_skip1,6,7,55179,1302,2817,0.07372654155495972,0.988440279553946,0.023595933235470015,0.0510520306638395,0.4621938232161874,True
ret_6m_skip1,6,8,55143,1481,3016,0.07085889570552162,0.988440279553946,0.02685744337449903,0.05469415882342274,0.4910477453580902,True
ret_6m_skip1,6,9,55180,1873,3691,0.06246170872351031,0.988440279553946,0.033943457774556,0.06689017760057991,0.5074505554050394,True
ret_6m_skip1,6,10,55290,3361,6739,0.011210762331838486,0.988440279553946,0.0607885693615482,0.12188460842828722,0.4987386852648761,True
ret_6m_skip1,12,1,54013,3590,7331,0.0,0.9660748892208383,0.06646548053246441,0.13572658434080684,0.4897012685854591,True
ret_6m_skip1,12,2,53907,2443,4293,0.04472636815920383,0.9660748892208383,0.04531878976756266,0.0796371528743948,0.5690659212671791,True
ret_6m_skip1,12,3,53923,1841,3238,0.06141774891774898,0.9660748892208383,0.03414127552250431,0.06004858780112383,0.5685608400247065,True
ret_6m_skip1,12,4,53911,1510,2903,0.07160386891872395,0.9660748892208383,0.028009126152362226,0.05384800875517056,0.5201515673441267,True
ret_6m_skip1,12,5,53870,1337,2715,0.07487145003029438,0.9660748892208383,0.02481900872470763,0.05039910896602933,0.49244935543278084,True
ret_6m_skip1,12,6,53952,1315,2591,0.07422973126599208,0.9660748892208383,0.024373517200474495,0.04802416963226572,0.5075260517174836,True
ret_6m_skip1,12,7,53931,1275,2699,0.07759528321751952,0.9660748892208383,0.023641319463759247,0.05004542841779311,0.4723971841422749,True
ret_6m_skip1,12,8,53903,1338,3000,0.07214121258633921,0.9660748892208383,0.02482236610207224,0.055655529376843586,0.44600000000000006,True
ret_6m_skip1,12,9,53927,1718,3556,0.06249214133031544,0.9660748892208383,0.03185788195152706,0.06594099430711889,0.48312710911136103,True
ret_6m_skip1,12,10,54040,2934,6355,0.019549737152895097,0.9660748892208383,0.054293116210214654,0.1175980754996299,0.46168371361132965,True
ret_12m_skip1,0,1,55271,4260,9535,-0.017158280316175167,0.988440279553946,0.07707477700783413,0.17251361473467097,0.44677503932878876,True
ret_12m_skip1,0,2,55146,2434,4985,0.05066278738091179,0.988440279553946,0.044137380771044135,0.0903964022775904,0.4882647943831494,True
ret_12m_skip1,0,3,55177,1748,3532,0.06773580924245626,0.988440279553946,0.03167986661108795,0.06401217898762165,0.4949037372593431,True
ret_12m_skip1,0,4,55147,1403,2799,0.07487061529614714,0.988440279553946,0.02544109380383339,0.05075525413893775,0.5012504465880672,True
ret_12m_skip1,0,5,55139,1285,2471,0.07564224548049481,0.988440279553946,0.023304738932516004,0.04481401548813,0.5200323755564549,True
ret_12m_skip1,0,6,55190,1230,2351,0.07703641120824634,0.988440279553946,0.02228664613154557,0.04259829679289726,0.5231816248404935,True
ret_12m_skip1,0,7,55181,1197,2319,0.07651745104307461,0.988440279553946,0.021692249143727006,0.042025334807270616,0.5161707632600259,True
ret_12m_skip1,0,8,55143,1344,2673,0.06579727326615292,0.988440279553946,0.024372993852347532,0.04847396768402154,0.5028058361391695,True
ret_12m_skip1,0,9,55180,1760,3515,0.050498729168830914,0.988440279553946,0.03189561435302646,0.06370061616527728,0.5007112375533428,True
ret_12m_skip1,0,10,55290,3317,6735,0.003707317903246632,0.988440279553946,0.05999276541870139,0.12181226261530113,0.4925018559762435,True
ret_12m_skip1,3,1,54671,4063,8645,-0.004122011541632387,0.9776417740427499,0.07431727972782645,0.1581277093888899,0.46998264893001734,True
ret_12m_skip1,3,2,54541,2379,4572,0.04468981122587956,0.9776417740427499,0.043618562182578244,0.08382684585907849,0.5203412073490814,True
ret_12m_skip1,3,3,54569,1767,3292,0.06541353383458648,0.9776417740427499,0.032381022192087085,0.06032729205226411,0.5367557715674363,True
ret_12m_skip1,3,4,54552,1451,2730,0.07131654027635792,0.9776417740427499,0.026598474849684705,0.050043994720633526,0.5315018315018315,True
ret_12m_skip1,3,5,54526,1333,2506,0.07641539183331658,0.9776417740427499,0.02444705278215897,0.04595972563547665,0.5319233838786912,True
ret_12m_skip1,3,6,54592,1194,2436,0.07533162528727566,0.9776417740427499,0.021871336459554514,0.04462192262602579,0.4901477832512316,True
ret_12m_skip1,3,7,54577,1191,2418,0.07642263957182638,0.9776417740427499,0.02182237939058578,0.0443043773017938,0.49255583126550867,True
ret_12m_skip1,3,8,54544,1308,2875,0.06911145008090369,0.9776417740427499,0.023980639483719566,0.05270973892637137,0.4549565217391305,True
ret_12m_skip1,3,9,54566,1751,3693,0.05669105750545056,0.9776417740427499,0.03208957959168713,0.06767950738555144,0.4741402653669104,True
ret_12m_skip1,3,10,54697,3217,6610,0.013955929843780357,0.9776417740427499,0.058814925864307,0.12084757847779586,0.48668683812405444,True
ret_12m_skip1,6,1,54013,3901,8046,0.0,0.9660748892208383,0.07222335363708737,0.14896413826301075,0.48483718617946814,True
ret_12m_skip1,6,2,53907,2407,4194,0.042243767313019376,0.9660748892208383,0.044650972971970244,0.07780065668651566,0.5739151168335718,True
ret_12m_skip1,6,3,53923,1754,3092,0.06424126376256578,0.9660748892208383,0.032527863805797155,0.057341023311017564,0.5672703751617076,True
ret_12m_skip1,6,4,53911,1458,2721,0.07101086048454475,0.9660748892208383,0.027044573463671607,0.05047207434475339,0.535832414553473,True
ret_12m_skip1,6,5,53870,1297,2434,0.07683356975305222,0.9660748892208383,0.02407648041581585,0.0451828475960646,0.5328677074774034,True
ret_12m_skip1,6,6,53951,1214,2562,0.07625184845239907,0.9660748892208383,0.02250189987210617,0.04748753498544976,0.4738485558157689,True
ret_12m_skip1,6,7,53932,1238,2546,0.07605766621963872,0.9660748892208383,0.022954832010680114,0.047207594748943114,0.4862529457973291,True
ret_12m_skip1,6,8,53902,1282,2954,0.06804978752348456,0.9660748892208383,0.02378390412229602,0.05480316129271641,0.43398781313473256,True
ret_12m_skip1,6,9,53928,1640,3676,0.0632791000293701,0.9660748892208383,0.03041091826138555,0.06816496068832517,0.44613710554951036,True
ret_12m_skip1,6,10,54040,3110,6456,0.02127466150870405,0.9660748892208383,0.0575499629903775,0.11946706143597335,0.48172242874845106,True
ret_12m_skip1,12,1,52706,3604,7448,-0.0009773583914179929,0.9426581267306445,0.0683793116533222,0.14131218457101657,0.48388829215896884,True
ret_12m_skip1,12,2,52596,2430,4137,0.04003316688167524,0.9426581267306445,0.04620123203285421,0.07865617157198267,0.5873821609862219,True
ret_12m_skip1,12,3,52625,1799,3134,0.060965995690334784,0.9426581267306445,0.034185273159144894,0.059553444180522566,0.5740268028079132,True
ret_12m_skip1,12,4,52589,1437,2636,0.07464132322032335,0.9426581267306445,0.02732510601076271,0.050124550761566106,0.545144157814871,True
ret_12m_skip1,12,5,52577,1268,2427,0.07853019334738387,0.9426581267306445,0.024117009338684214,0.04616086882096734,0.5224557066337041,True
ret_12m_skip1,12,6,52648,1183,2384,0.08322705679392284,0.9426581267306445,0.022469989363318645,0.045281872055918555,0.4962248322147651,True
ret_12m_skip1,12,7,52611,1187,2425,0.07493793660874082,0.9426581267306445,0.022561821672273857,0.04609302237174735,0.4894845360824742,True
ret_12m_skip1,12,8,52603,1259,2741,0.07395092106138201,0.9426581267306445,0.023933996159914834,0.05210729426078361,0.459321415541773,True
ret_12m_skip1,12,9,52618,1550,3258,0.0657494694386902,0.9426581267306445,0.02945760006081569,0.06191797483750808,0.47575199508901167,True
ret_12m_skip1,12,10,52730,2753,5883,0.021015986574001944,0.9426581267306445,0.05220936848094064,0.1115683671534231,0.46795852456229814,True
eps_growth_q0,0,1,41979,2213,4493,0.03800763623741754,0.7485895135030574,0.05271683460778008,0.1070297053288549,0.49254395726685957,True
eps_growth_q0,0,2,41754,1634,2922,0.0610427843200565,0.7485895135030574,0.03913397518800594,0.06998131915505101,0.5592060232717316,True
eps_growth_q0,0,3,41804,1133,2080,0.07000026898318545,0.7485895135030574,0.02710266960099512,0.04975600421012343,0.5447115384615385,True
eps_growth_q0,0,4,42183,879,1590,0.08185844596375902,0.7485895135030574,0.020837778251902424,0.03769290946589859,0.5528301886792452,True
eps_growth_q0,0,5,41768,726,1254,0.08385270074588747,0.7485895135030574,0.01738172763838345,0.030022984102662326,0.5789473684210525,True
eps_growth_q0,0,6,41389,648,1244,0.08817146363731587,0.7485895135030574,0.01565633380849984,0.030056295150885502,0.5209003215434083,True
eps_growth_q0,0,7,41789,655,1285,0.08773120151036884,0.7485895135030574,0.01567398119122257,0.03074971882552825,0.5097276264591439,True
eps_growth_q0,0,8,41723,878,1627,0.0786942977109577,0.7485895135030574,0.021043549121587613,0.03899527838362534,0.5396435156730178,True
eps_growth_q0,0,9,41903,1188,1901,0.07332454279653722,0.7485895135030574,0.028351192038756176,0.04536668018996253,0.62493424513414,True
eps_growth_q0,0,10,41659,1542,2564,0.05834186284544529,0.7485895135030574,0.03701481072517343,0.06154732470774622,0.6014040561622465,True
eps_growth_q0,3,1,41540,2166,4266,0.040565461584636475,0.7408394499192217,0.05214251324025036,0.102696196437169,0.5077355836849508,True
eps_growth_q0,3,2,41327,1578,2731,0.06658329859663747,0.7408394499192217,0.038183270017180054,0.06608270622111452,0.5778103258879532,True
eps_growth_q0,3,3,41401,1076,2107,0.06847430422196088,0.7408394499192217,0.025989710393468757,0.05089249051955267,0.5106786900806835,True
eps_growth_q0,3,4,41769,854,1664,0.0802102011468746,0.7408394499192217,0.020445785151667506,0.03983815748521631,0.5132211538461539,True
eps_growth_q0,3,5,41109,746,1238,0.08501615508885307,0.7408394499192217,0.018146877812644433,0.030115059962538618,0.6025848142164781,True
eps_growth_q0,3,6,41130,712,1292,0.08978737579727536,0.7408394499192217,0.017310965232190615,0.03141259421346949,0.5510835913312694,True
eps_growth_q0,3,7,41338,669,1293,0.08580577881342422,0.7408394499192217,0.016183656683922784,0.031278726595384394,0.5174013921113689,True
eps_growth_q0,3,8,41298,893,1610,0.08343867427453755,0.7408394499192217,0.021623323163349313,0.03898493873795341,0.5546583850931677,True
eps_growth_q0,3,9,41466,1237,1879,0.07532276678621641,0.7408394499192217,0.029831669319442436,0.04531423334780302,0.6583288983501863,True
eps_growth_q0,3,10,41246,1551,2479,0.06031647562937703,0.7408394499192217,0.03760364641419774,0.06010279784706396,0.6256555062525212,True
eps_growth_q0,6,1,41084,2159,4087,0.037984973185069215,0.7331592389999965,0.05255087138545419,0.09947911595755038,0.5282603376559823,True
eps_growth_q0,6,2,40886,1562,2546,0.06806204766986579,0.7331592389999965,0.03820378613706403,0.062270703908428315,0.6135113904163393,True
eps_growth_q0,6,3,40991,1003,2032,0.06902134319095543,0.7331592389999965,0.02446878583103608,0.04957185723695445,0.49360236220472437,True
eps_growth_q0,6,4,41328,884,1689,0.07970258562094723,0.7331592389999965,0.021389856755710413,0.040868176538908244,0.5233866193013618,True
eps_growth_q0,6,5,40777,761,1288,0.08352672387428695,0.7331592389999965,0.018662481300733256,0.03158643352870491,0.5908385093167701,True
eps_growth_q0,6,6,40654,711,1323,0.08786691477407416,0.7331592389999965,0.017489053967629262,0.032542923205588624,0.5374149659863946,True
eps_growth_q0,6,7,40917,707,1307,0.08750518887505199,0.7331592389999965,0.01727888163843879,0.031942713297651346,0.5409334353481254,True
eps_growth_q0,6,8,40861,932,1612,0.08569092395748168,0.7331592389999965,0.02280903551063361,0.03945082107633195,0.5781637717121588,True
eps_growth_q0,6,9,41025,1256,1795,0.07801950487621889,0.7331592389999965,0.030615478366849483,0.04375380865326021,0.6997214484679666,True
eps_growth_q0,6,10,40813,1485,2456,0.06553978631797164,0.7331592389999965,0.036385465415431355,0.06017690441771004,0.6046416938110749,True
eps_growth_q0,12,1,40260,1880,3809,0.02938693014855509,0.718131960638919,0.04669647292598112,0.0946100347739692,0.49356786558151744,True
eps_growth_q0,12,2,40075,1457,2432,0.05900582101428031,0.718131960638919,0.03635683094198378,0.06068621334996881,0.5990953947368421,True
eps_growth_q0,12,3,40127,1023,1900,0.06927532208608311,0.718131960638919,0.025494056371022006,0.04734966481421487,0.5384210526315789,True
eps_growth_q0,12,4,40805,815,1582,0.0767508794371603,0.718131960638919,0.019973042519299107,0.038769758608013724,0.5151706700379267,True
eps_growth_q0,12,5,39656,723,1261,0.08583507378308775,0.718131960638919,0.018231793423441597,0.03179846681460561,0.5733544805709754,True
eps_growth_q0,12,6,39747,707,1225,0.08758505652784021,0.718131960638919,0.017787505975293733,0.030819936095805973,0.5771428571428572,True
eps_growth_q0,12,7,40144,724,1401,0.09208441178249238,0.718131960638919,0.0180350737345556,0.034899362295735356,0.5167737330478229,True
eps_growth_q0,12,8,39965,927,1508,0.08905986509274877,0.718131960638919,0.02319529588389841,0.03773301638934067,0.6147214854111406,True
eps_growth_q0,12,9,40180,1190,1884,0.08196708458613933,0.718131960638919,0.029616724738675958,0.04688899950223992,0.6316348195329088,True
eps_growth_q0,12,10,39987,1422,2235,0.07020321984692512,0.718131960638919,0.035561557506189514,0.05589316527871558,0.6362416107382551,True
rev_growth_accel,0,1,51395,2616,5740,0.021176614182839115,0.919107032193123,0.050899892985699,0.11168401595485943,0.4557491289198606,True
rev_growth_accel,0,2,51284,2023,3658,0.05547397074401916,0.919107032193123,0.039447001013961466,0.07132828952499805,0.5530344450519409,True
rev_growth_accel,0,3,51304,1656,3060,0.0708811122551739,0.919107032193123,0.03227818493684703,0.05964447216591299,0.5411764705882354,True
rev_growth_accel,0,4,51281,1522,2714,0.07308248914616522,0.919107032193123,0.029679608431972856,0.052924084943741345,0.5607958732498158,True
rev_growth_accel,0,5,51255,1428,2344,0.07710348871298756,0.919107032193123,0.027860696517412936,0.04573212369524925,0.6092150170648464,True
rev_growth_accel,0,6,51331,1299,2257,0.07683759980245286,0.919107032193123,0.02530634509360815,0.04396953108258168,0.5755427558706246,True
rev_growth_accel,0,7,51297,1338,2380,0.07632821130862699,0.919107032193123,0.026083396689864903,0.04639647542741291,0.5621848739495798,True
rev_growth_accel,0,8,51289,1411,2675,0.06922520529294118,0.919107032193123,0.027510772290354656,0.05215543293883679,0.5274766355140187,True
rev_growth_accel,0,9,51300,1829,3161,0.06034216157676098,0.919107032193123,0.035653021442495124,0.061617933723196884,0.5786143625434989,True
rev_growth_accel,0,10,51418,2462,5205,0.031612747009453046,0.919107032193123,0.04788206464662181,0.10122914154576218,0.4730067243035543,True
rev_growth_accel,3,1,50757,2573,5427,0.02977406902815627,0.9075634315927482,0.050692515318084205,0.10692121283763815,0.47411092684724526,True
rev_growth_accel,3,2,50636,1936,3499,0.05552074028174958,0.9075634315927482,0.03823366774626748,0.06910103483687495,0.5533009431266076,True
rev_growth_accel,3,3,50656,1642,3001,0.07165930925861452,0.9075634315927482,0.032414718888186984,0.05924273531269741,0.5471509496834388,True
rev_growth_accel,3,4,50644,1464,2642,0.07566933881700932,0.9075634315927482,0.028907669220440725,0.052168075191533055,0.5541256623769871,True
rev_growth_accel,3,5,50606,1374,2367,0.07824413324288637,0.9075634315927482,0.02715093071967751,0.046773109907916055,0.5804816223067174,True
rev_growth_accel,3,6,50680,1249,2266,0.07393920035478774,0.9075634315927482,0.024644830307813732,0.04471191791633781,0.5511915269196822,True
rev_growth_accel,3,7,50658,1314,2349,0.07697885672761118,0.9075634315927482,0.025938647400213195,0.04636977377709345,0.5593869731800767,True
rev_growth_accel,3,8,50642,1530,2578,0.07055657130625359,0.9075634315927482,0.030212076932190673,0.05090636230796572,0.5934833204034136,True
rev_growth_accel,3,9,50651,1719,3057,0.056862965882220395,0.9075634315927482,0.03393812560462775,0.06035418846617046,0.562315996074583,True
rev_growth_accel,3,10,50779,2359,5108,0.028323536516627668,0.9075634315927482,0.04645621221371039,0.10059276472557553,0.46182458888018796,True
rev_growth_accel,6,1,50108,2571,5060,0.030343408084140933,0.8961022213147346,0.05130917218807376,0.10098187914105532,0.5081027667984189,True
rev_growth_accel,6,2,50006,1861,3418,0.05601053106865217,0.8961022213147346,0.03721553413590369,0.0683517977842659,0.5444704505558806,True
rev_growth_accel,6,3,50010,1667,2952,0.07213522685956864,0.8961022213147346,0.03333333333333333,0.05902819436112777,0.5647018970189702,True
rev_growth_accel,6,4,50002,1435,2519,0.07755432852297117,0.8961022213147346,0.028698852045918162,0.05037798488060478,0.5696705041683208,True
rev_growth_accel,6,5,49972,1237,2307,0.0763246485806166,0.8961022213147346,0.024753862162811176,0.04616585287761146,0.5361941915908106,True
rev_growth_accel,6,6,50040,1178,2257,0.07525818487565128,0.8961022213147346,0.023541167066346923,0.0451039168665068,0.5219317678334071,True
rev_growth_accel,6,7,50020,1338,2240,0.07726579457994265,0.8961022213147346,0.026749300279888043,0.044782087165133946,0.5973214285714286,True
rev_growth_accel,6,8,49990,1534,2550,0.07138980314033283,0.8961022213147346,0.03068613722744549,0.051010202040408084,0.6015686274509804,True
rev_growth_accel,6,9,50026,1619,3114,0.06173186665899877,0.8961022213147346,0.03236317115100148,0.062247631231759484,0.5199100834938986,True
rev_growth_accel,6,10,50136,2344,5028,0.024581423115550338,0.8961022213147346,0.04675283229615446,0.10028721876495932,0.46618933969769294,True
rev_growth_accel,12,1,48889,2440,4778,0.024155001707067303,0.8741237072779312,0.04990897747959664,0.0977315960645544,0.5106739221431562,True
rev_growth_accel,12,2,48770,1812,3214,0.05729410966250803,0.8741237072779312,0.0371539881074431,0.06590116875128152,0.5637834474175483,True
rev_growth_accel,12,3,48782,1489,2718,0.07610781625817675,0.8741237072779312,0.030523553769833137,0.0557172727645443,0.5478292862398823,True
rev_growth_accel,12,4,48776,1463,2362,0.08128975934041272,0.8741237072779312,0.029994259471871412,0.048425455141873054,0.6193903471634208,True
rev_growth_accel,12,5,48735,1213,2199,0.07893175074183989,0.8741237072779312,0.02488970965425259,0.045121575869498304,0.5516143701682583,True
rev_growth_accel,12,6,48827,1112,2295,0.07561597281223431,0.8741237072779312,0.02277428471951994,0.04700268294181498,0.4845315904139434,True
rev_growth_accel,12,7,48793,1275,2270,0.07641791044776136,0.8741237072779312,0.02613079745045396,0.046523066833357246,0.5616740088105727,True
rev_growth_accel,12,8,48764,1399,2362,0.06998335608147765,0.8741237072779312,0.028689196948568616,0.04843737183167911,0.59229466553768,True
rev_growth_accel,12,9,48790,1646,2898,0.06173863237366006,0.8741237072779312,0.033736421397827426,0.0593974175035868,0.5679779158040028,True
rev_growth_accel,12,10,48913,2241,4683,0.0295900823454891,0.8741237072779312,0.04581604072536953,0.09574141843681638,0.478539397821909,True
op_margin_delta,0,1,53581,3074,6941,0.016030534351145098,0.9582119867172472,0.05737108303316474,0.12954218846232807,0.4428756663304999,True
op_margin_delta,0,2,53465,2027,3967,0.055457227138643095,0.9582119867172472,0.03791265313756663,0.07419807350603198,0.5109654650869674,True
op_margin_delta,0,3,53485,1647,2983,0.069567627494457,0.9582119867172472,0.03079368047116014,0.05577264653641208,0.5521287294669796,True
op_margin_delta,0,4,53470,1426,2489,0.0738861272389143,0.9582119867172472,0.026669160276790723,0.04654946699083598,0.5729208517476898,True
op_margin_delta,0,5,53429,1241,2134,0.08156580786898338,0.9582119867172472,0.023227086413745344,0.03994085608938966,0.5815370196813495,True
op_margin_delta,0,6,53516,1266,2138,0.08097243965150713,0.9582119867172472,0.02365647656775544,0.039950668958816056,0.5921421889616464,True
op_margin_delta,0,7,53488,1425,2472,0.07210006276131475,0.9582119867172472,0.02664148967992821,0.04621597367633862,0.5764563106796117,True
op_margin_delta,0,8,53467,1624,2954,0.06811233558478502,0.9582119867172472,0.030373875474591805,0.05524903211326613,0.5497630331753555,True
op_margin_delta,0,9,53483,2052,3522,0.05339055130286874,0.9582119867172472,0.038367331675485665,0.06585270085821662,0.5826235093696763,True
op_margin_delta,0,10,53603,2933,6507,0.013897354626356329,0.9582119867172472,0.05471708673022033,0.12139245937727366,0.4507453511602889,True
op_margin_delta,3,1,52982,2933,6605,0.018261931768606576,0.9473615394810843,0.05535842361556755,0.12466498055943528,0.4440575321725965,True
op_margin_delta,3,2,52849,1979,3763,0.05831401732341113,0.9473615394810843,0.037446309296297,0.07120286098128631,0.5259101780494286,True
op_margin_delta,3,3,52880,1603,2881,0.06830686528927876,0.9473615394810843,0.03031391830559758,0.05448184568835098,0.5564040263797293,True
op_margin_delta,3,4,52860,1454,2576,0.07561028818474758,0.9473615394810843,0.027506621263715475,0.04873250094589482,0.5644409937888198,True
op_margin_delta,3,5,52836,1248,2133,0.08011061275344378,0.9473615394810843,0.023620258914376562,0.040370202134908016,0.5850914205344585,True
op_margin_delta,3,6,52909,1216,2069,0.08399191976468101,0.9473615394810843,0.022982857358861443,0.03910487818707592,0.5877235379410344,True
op_margin_delta,3,7,52881,1402,2510,0.07256438969764845,0.9473615394810843,0.026512357935742515,0.04746506306612961,0.5585657370517928,True
op_margin_delta,3,8,52859,1632,2918,0.07037904599659295,0.9473615394810843,0.030874590892752417,0.05520346582417374,0.5592871830020563,True
op_margin_delta,3,9,52870,2060,3551,0.05342737222390759,0.9473615394810843,0.03896349536599206,0.06716474371098922,0.5801182765418191,True
op_margin_delta,3,10,53003,2864,6245,0.012631578947368327,0.9473615394810843,0.054034677282417974,0.11782351942342886,0.4586068855084067,True
op_margin_delta,6,1,52345,2807,6233,0.018022657054582947,0.9361080961029378,0.053624988059986625,0.11907536536440921,0.45034493823199095,True
op_margin_delta,6,2,52225,1900,3616,0.05817259248596507,0.9361080961029378,0.036381043561512685,0.06923887027285783,0.5254424778761062,True
op_margin_delta,6,3,52254,1616,2853,0.06755851898302301,0.9361080961029378,0.030925862134956177,0.054598691009300725,0.5664213109008062,True
op_margin_delta,6,4,52229,1435,2562,0.07646574052272204,0.9361080961029378,0.02747515747956116,0.049053207987899444,0.5601092896174863,True
op_margin_delta,6,5,52206,1282,2122,0.08119329007652465,0.9361080961029378,0.02455656437957323,0.040646668965253034,0.6041470311027333,True
op_margin_delta,6,6,52277,1218,2061,0.08350100603621713,0.9361080961029378,0.023298965128067794,0.03942460355414427,0.5909752547307133,True
op_margin_delta,6,7,52255,1360,2394,0.07649972482113365,0.9361080961029378,0.026026217586833794,0.04581379772270596,0.5680868838763575,True
op_margin_delta,6,8,52228,1684,2863,0.06857537235011779,0.9361080961029378,0.03224324117331699,0.054817339358198665,0.5881942018861334,True
op_margin_delta,6,9,52251,2001,3570,0.053832116788321116,0.9361080961029378,0.03829591778147787,0.06832405121433083,0.5605042016806723,True
op_margin_delta,6,10,52376,2761,6067,0.01685162087394676,0.9361080961029378,0.05271498396212006,0.1158354971742783,0.4550848854458546,True
op_margin_delta,12,1,51109,2656,5864,0.01550169109357391,0.9138752467231936,0.05196736386937721,0.11473517384413703,0.4529331514324693,True
op_margin_delta,12,2,50991,1759,3394,0.05408284765306748,0.9138752467231936,0.03449628365790041,0.06656076562530643,0.5182675309369476,True
op_margin_delta,12,3,51001,1485,2885,0.06122349737405175,0.9138752467231936,0.029117076135762043,0.05656751828395522,0.5147313691507799,True
op_margin_delta,12,4,51004,1408,2478,0.07521583101325624,0.9138752467231936,0.02760567798604031,0.04858442475099992,0.5682001614205003,True
op_margin_delta,12,5,50954,1331,2108,0.08354765333872505,0.9138752467231936,0.026121599874396516,0.04137064803548299,0.631404174573055,True
op_margin_delta,12,6,51033,1282,2016,0.08618834202890646,0.9138752467231936,0.025121000137166147,0.03950385044970901,0.6359126984126984,True
op_margin_delta,12,7,51017,1390,2204,0.08450704225352124,0.9138752467231936,0.027245820020777387,0.043201285845894506,0.6306715063520871,True
op_margin_delta,12,8,50988,1541,2714,0.07189030084104386,0.9138752467231936,0.03022279752098533,0.053228210559347296,0.5677966101694916,True
op_margin_delta,12,9,51004,1824,3385,0.05824831888758086,0.9138752467231936,0.0357619010273704,0.06636734373774605,0.5388478581979321,True
op_margin_delta,12,10,51132,2612,5564,0.020489195673710436,0.9138752467231936,0.0510834702339044,0.10881639677696942,0.46944644140905817,True
peg,0,1,22874,796,1564,0.04427463717122304,0.40821718088974385,0.03479933549007607,0.068374573751858,0.5089514066496165,True
peg,0,2,22748,622,1341,0.0627115475339044,0.40821718088974385,0.027343063126428698,0.05895023738350624,0.4638329604772558,True
peg,0,3,22787,528,1026,0.0678724992004549,0.40821718088974385,0.023171106332558037,0.04502567253258437,0.5146198830409356,True
peg,0,4,22750,557,959,0.0662808147634486,0.40821718088974385,0.024483516483516484,0.04215384615384615,0.580813347236705,True
peg,0,5,22739,483,865,0.07721791156398994,0.40821718088974385,0.021241039623554246,0.03804037116847707,0.5583815028901734,True
peg,0,6,22806,373,741,0.07121801150179308,0.40821718088974385,0.01635534508462685,0.03249144961852144,0.5033738191632928,True
peg,0,7,22775,346,742,0.07742792405656695,0.40821718088974385,0.015192096597145993,0.03257958287596048,0.46630727762803237,True
peg,0,8,22762,342,617,0.0798506750878838,0.40821718088974385,0.015025041736227046,0.02710658114401195,0.5542949756888169,True
peg,0,9,22774,350,687,0.07757100211615642,0.40821718088974385,0.015368402564327742,0.03016597874769474,0.5094614264919942,True
peg,0,10,22900,327,684,0.07647312131407769,0.40821718088974385,0.014279475982532751,0.029868995633187772,0.47807017543859653,True
peg,3,1,22844,817,1516,0.053103420238070465,0.40764223972718056,0.035764314480826474,0.06636315881631938,0.5389182058047494,True
peg,3,2,22721,649,1334,0.06796390298928379,0.40764223972718056,0.0285638836318824,0.05871220456846089,0.48650674662668664,True
peg,3,3,22750,590,1068,0.06956083589121187,0.40764223972718056,0.025934065934065935,0.046945054945054944,0.552434456928839,True
peg,3,4,22722,563,955,0.07184407845987362,0.40764223972718056,0.024777748437637533,0.04202975090220931,0.5895287958115184,True
peg,3,5,22695,506,891,0.08055277675771277,0.40764223972718056,0.022295659836968497,0.03925974884335757,0.5679012345679013,True
peg,3,6,22780,405,797,0.07608905311797454,0.40764223972718056,0.01777875329236172,0.03498683055311677,0.508155583437892,True
peg,3,7,22740,386,746,0.07374394612243618,0.40764223972718056,0.016974494283201406,0.03280562884784521,0.517426273458445,True
peg,3,8,22732,359,694,0.08023325965345374,0.40764223972718056,0.015792715115256026,0.03052964983283477,0.5172910662824207,True
peg,3,9,22739,361,701,0.08181480104127914,0.40764223972718056,0.015875808083029158,0.03082809270416465,0.514978601997147,True
peg,3,10,22871,332,712,0.0761876528570371,0.40764223972718056,0.014516199554020375,0.03113112675440514,0.4662921348314607,True
peg,6,1,22712,786,1455,0.05826854117751523,0.40529590663385384,0.03460725607608313,0.06406305036984854,0.5402061855670104,True
peg,6,2,22592,681,1298,0.07459494211758855,0.40529590663385384,0.03014341359773371,0.05745396600566572,0.524653312788906,True
peg,6,3,22615,584,1129,0.07975714088588393,0.40529590663385384,0.02582356842803449,0.04992261773159407,0.5172719220549159,True
peg,6,4,22596,566,996,0.07506739910339555,0.40529590663385384,0.02504868118251018,0.044078597981943704,0.568273092369478,True
peg,6,5,22577,529,926,0.08054577464788748,0.40529590663385384,0.023430925277937723,0.0410151924524959,0.5712742980561555,True
peg,6,6,22625,419,836,0.07765873736456608,0.40529590663385384,0.018519337016574586,0.036950276243093924,0.5011961722488039,True
peg,6,7,22618,387,726,0.07770100871387853,0.40529590663385384,0.017110266159695818,0.03209832876470068,0.5330578512396694,True
peg,6,8,22593,385,697,0.08270803583019593,0.40529590663385384,0.017040676315672996,0.030850263355906696,0.5523672883787661,True
peg,6,9,22614,381,732,0.0877265760967354,0.40529590663385384,0.016847970283894932,0.03236932873441231,0.5204918032786885,True
peg,6,10,22742,352,738,0.07821891280974946,0.40529590663385384,0.01547797027526163,0.03245097177029285,0.4769647696476964,True
peg,12,1,22475,867,1316,0.07253831618727702,0.4012784828717684,0.038576195773081204,0.058553948832035595,0.6588145896656535,True
peg,12,2,22376,759,1318,0.08408899629793454,0.4012784828717684,0.03392027171969968,0.058902395423668215,0.5758725341426404,True
peg,12,3,22388,603,1098,0.08696677927157836,0.4012784828717684,0.02693407182419153,0.04904413078434876,0.5491803278688525,True
peg,12,4,22380,595,922,0.08748667068772886,0.4012784828717684,0.026586237712243076,0.04119749776586238,0.6453362255965293,True
peg,12,5,22342,548,920,0.08881162037898371,0.4012784828717684,0.024527795183958465,0.041178050308835375,0.5956521739130435,True
peg,12,6,22412,417,848,0.08846067493940091,0.4012784828717684,0.018606103872925217,0.03783687310369445,0.4917452830188679,True
peg,12,7,22400,385,710,0.09035952454253293,0.4012784828717684,0.0171875,0.03169642857142857,0.5422535211267606,True
peg,12,8,22368,361,669,0.09205996711587616,0.4012784828717684,0.016139127324749643,0.029908798283261803,0.539611360239163,True
peg,12,9,22396,381,725,0.08820659599991809,0.4012784828717684,0.01701196642257546,0.032371852116449364,0.5255172413793104,True
peg,12,10,22504,384,757,0.08049475239879056,0.4012784828717684,0.017063633131887666,0.03363846427301813,0.5072655217965655,True
pe,0,1,43554,1864,3652,0.05944466021719064,0.7666974734828539,0.04279744684759149,0.08384993341598934,0.5104052573932092,True
pe,0,2,42956,1113,2396,0.07733224447675502,0.7666974734828539,0.02591023372753515,0.05577800540087532,0.4645242070116861,True
pe,0,3,42901,864,1825,0.0750710333482878,0.7666974734828539,0.0201393906901937,0.04253980093704109,0.47342465753424656,True
pe,0,4,42685,807,1556,0.07483332502036677,0.7666974734828539,0.0189059388543985,0.036453086564366875,0.518637532133676,True
pe,0,5,42664,768,1428,0.07950503567643785,0.7666974734828539,0.018001125070316894,0.033470841927620475,0.5378151260504201,True
pe,0,6,42630,711,1421,0.07926807177423878,0.7666974734828539,0.016678395496129487,0.03333333333333333,0.5003518648838846,True
pe,0,7,42567,803,1589,0.07912627470728939,0.7666974734828539,0.018864378509173774,0.037329386614043746,0.5053492762743864,True
pe,0,8,42587,1011,1821,0.06395037963854122,0.7666974734828539,0.02373963885692817,0.042759527555357266,0.5551894563426689,True
pe,0,9,42664,1208,2338,0.059403577385245154,0.7666974734828539,0.028314269641852616,0.05480030001875117,0.5166809238665526,True
pe,0,10,42853,1600,3406,0.03836694540088548,0.7666974734828539,0.03733694257111521,0.0794810164982615,0.46975924838520255,True
pe,3,1,43514,1914,3517,0.05932961600742204,0.7668067302146805,0.04398584363653077,0.08082456220986349,0.5442138185953938,True
pe,3,2,43057,1199,2486,0.07628290838673979,0.7668067302146805,0.027846807719999072,0.057737417841465966,0.48230088495575224,True
pe,3,3,42915,925,1810,0.076161841424077,0.7668067302146805,0.021554235115926832,0.04217639519981359,0.511049723756906,True
pe,3,4,42711,838,1552,0.07415616243079892,0.7668067302146805,0.019620238346093513,0.0363372433330992,0.5399484536082475,True
pe,3,5,42628,828,1460,0.08095190022195509,0.7668067302146805,0.019423852866660412,0.03424978887116449,0.567123287671233,True
pe,3,6,42558,715,1470,0.08241378550621159,0.7668067302146805,0.016800601532026883,0.03454109685605527,0.48639455782312924,True
pe,3,7,42679,821,1653,0.0775906074527819,0.7668067302146805,0.019236626912533097,0.03873099182267626,0.4966727162734422,True
pe,3,8,42510,991,1819,0.06883114306265936,0.7668067302146805,0.023312161844271935,0.04278993178075747,0.5448048378229796,True
pe,3,9,42697,1250,2338,0.05850202429149798,0.7668067302146805,0.0292760615499918,0.054757945523104666,0.5346449957228401,True
pe,3,10,42853,1577,3406,0.037683182135380244,0.7668067302146805,0.03680022402165543,0.0794810164982615,0.46300645918966526,True
pe,6,1,43470,1859,3414,0.06084605227663187,0.7646771194910428,0.042765125373821024,0.07853692201518288,0.544522554188635,True
pe,6,2,42818,1268,2399,0.07748737911555204,0.7646771194910428,0.029613713858657575,0.056027838759400254,0.5285535639849938,True
pe,6,3,42782,930,1853,0.07569114758731488,0.7646771194910428,0.021738114160160815,0.043312608106212895,0.5018888289260658,True
pe,6,4,42567,872,1563,0.07888040712468203,0.7646771194910428,0.02048535250311274,0.03671858481922616,0.5579014715291107,True
pe,6,5,42571,801,1489,0.08258570589262737,0.7646771194910428,0.018815625660661014,0.03497686218317634,0.5379449294828744,True
pe,6,6,42511,826,1521,0.08206245461147432,0.7646771194910428,0.01943026510785444,0.03577897485356731,0.5430637738330046,True
pe,6,7,42457,838,1646,0.07926988265971313,0.7646771194910428,0.01973761688296394,0.03876863650281461,0.5091130012150669,True
pe,6,8,42444,994,1829,0.07208088063188689,0.7646771194910428,0.023419093393648102,0.04309207426255772,0.5434663750683434,True
pe,6,9,42574,1266,2292,0.05956848558360628,0.7646771194910428,0.029736458871611783,0.05383567435524029,0.5523560209424084,True
pe,6,10,42739,1614,3509,0.03728489483747599,0.7646771194910428,0.03776410304405812,0.0821029972624535,0.45996010259333137,True
pe,12,1,43081,1837,3298,0.06844106463878319,0.7581145512055854,0.04264060722824447,0.0765534690466795,0.5570042449969679,True
pe,12,2,42482,1355,2320,0.07747480307881094,0.7581145512055854,0.03189586177675251,0.0546113648133327,0.584051724137931,True
pe,12,3,42384,965,1852,0.07922094869372887,0.7581145512055854,0.022768025670064175,0.0436957342393356,0.5210583153347732,True
pe,12,4,42325,898,1569,0.08388457482504075,0.7581145512055854,0.02121677495569994,0.037070289427052566,0.5723390694710007,True
pe,12,5,42019,826,1515,0.08115480177163237,0.7581145512055854,0.019657773864204288,0.03605511792284443,0.5452145214521451,True
pe,12,6,42220,793,1487,0.08208297973915435,0.7581145512055854,0.018782567503552818,0.0352202747513027,0.5332885003362474,True
pe,12,7,42095,902,1633,0.08116421238801963,0.7581145512055854,0.021427723007483072,0.038793205843924455,0.552357624004899,True
pe,12,8,42100,1103,1779,0.08028817386539733,0.7581145512055854,0.02619952494061758,0.04225653206650831,0.6200112422709387,True
pe,12,9,42195,1299,2208,0.06044754431851218,0.7581145512055854,0.030785638108780662,0.05232847493778884,0.5883152173913043,True
pe,12,10,42368,1588,3525,0.04047517562562741,0.7581145512055854,0.03748111782477341,0.08319958459214502,0.45049645390070914,True
pe_vs_5y_median,0,1,37879,1575,2974,0.0480932503183813,0.6769493371161238,0.04157976715330394,0.07851316032630218,0.5295897780766644,True
pe_vs_5y_median,0,2,37759,1148,1985,0.07659669495310406,0.6769493371161238,0.03040334754628036,0.052570248152758285,0.5783375314861461,True
pe_vs_5y_median,0,3,37789,846,1538,0.0818385650224216,0.6769493371161238,0.02238746725237503,0.04069967450845484,0.5500650195058517,True
pe_vs_5y_median,0,4,37751,678,1361,0.08662508662508661,0.6769493371161238,0.01795978914465842,0.03605202511191757,0.49816311535635566,True
pe_vs_5y_median,0,5,37745,642,1186,0.0881244109330821,0.6769493371161238,0.017008875347728176,0.03142138031527355,0.5413153456998313,True
pe_vs_5y_median,0,6,37803,607,1026,0.08413006327652295,0.6769493371161238,0.01605692669893924,0.027140703118800097,0.5916179337231969,True
pe_vs_5y_median,0,7,37778,585,1069,0.08337989839961024,0.6769493371161238,0.015485203028217482,0.028296892371221346,0.5472404115996259,True
pe_vs_5y_median,0,8,37762,690,1196,0.07074644072319147,0.6769493371161238,0.0182723372702717,0.03167205126847095,0.576923076923077,True
pe_vs_5y_median,0,9,37786,836,1630,0.0662724564577617,0.6769493371161238,0.02212459641136929,0.04313767003652146,0.5128834355828221,True
pe_vs_5y_median,0,10,37901,1188,2369,0.05138650306748471,0.6769493371161238,0.031344819397905066,0.06250494709902113,0.50147741663149,True
pe_vs_5y_median,3,1,37624,1539,2876,0.04852310419820882,0.6723587632854395,0.040904741654263235,0.07644056984903254,0.5351182197496522,True
pe_vs_5y_median,3,2,37504,1162,1900,0.07749697091736463,0.6723587632854395,0.030983361774744027,0.05066126279863481,0.6115789473684211,True
pe_vs_5y_median,3,3,37529,890,1515,0.0825878770390076,0.6723587632854395,0.023714993738175812,0.040368781475658824,0.5874587458745875,True
pe_vs_5y_median,3,4,37498,758,1351,0.08518665577063678,0.6723587632854395,0.02021441143527655,0.036028588191370205,0.5610658771280533,True
pe_vs_5y_median,3,5,37486,629,1229,0.08349852495697574,0.6723587632854395,0.01677959771648082,0.03278557328069146,0.5117982099267697,True
pe_vs_5y_median,3,6,37548,629,1116,0.08436541974543221,0.6723587632854395,0.016751890912964737,0.029721955896452542,0.5636200716845877,True
pe_vs_5y_median,3,7,37523,652,1122,0.08504373430328216,0.6723587632854395,0.01737600938091304,0.029901660315006795,0.5811051693404634,True
pe_vs_5y_median,3,8,37505,702,1281,0.07261146496815285,0.6723587632854395,0.01871750433275563,0.03415544594054126,0.5480093676814988,True
pe_vs_5y_median,3,9,37528,831,1567,0.06873893531290465,0.6723587632854395,0.02214346621189512,0.041755489234704755,0.5303126994256542,True
pe_vs_5y_median,3,10,37645,1159,2278,0.05529454282616553,0.6723587632854395,0.030787621198034267,0.060512684287421965,0.5087796312554873,True
pe_vs_5y_median,6,1,37269,1530,2698,0.05288610577221142,0.6661006809739253,0.04105288577638252,0.07239260511416995,0.5670867309117865,True
pe_vs_5y_median,6,2,37154,1123,1861,0.07810608672442076,0.6661006809739253,0.030225547720299294,0.05008881950799376,0.6034390112842557,True
pe_vs_5y_median,6,3,37188,923,1433,0.08415352023102729,0.6661006809739253,0.024819834355168335,0.03853393567817576,0.6441032798325191,True
pe_vs_5y_median,6,4,37152,770,1405,0.08480903998228584,0.6661006809739253,0.02072566752799311,0.037817614125753664,0.5480427046263345,True
pe_vs_5y_median,6,5,37126,694,1253,0.08474387333136923,0.6661006809739253,0.018693099175779777,0.03374993266174649,0.5538707102952912,True
pe_vs_5y_median,6,6,37204,644,1095,0.0862546393857534,0.6661006809739253,0.01730996667025051,0.02943231910547253,0.5881278538812785,True
pe_vs_5y_median,6,7,37176,632,1144,0.08435715183190318,0.6661006809739253,0.017000215192597375,0.030772541424574994,0.5524475524475525,True
pe_vs_5y_median,6,8,37163,744,1336,0.07780471677319811,0.6661006809739253,0.02001991227834136,0.03594973495143019,0.5568862275449101,True
pe_vs_5y_median,6,9,37179,839,1592,0.07096919145111924,0.6661006809739253,0.022566502595551253,0.042819871432798084,0.5270100502512564,True
pe_vs_5y_median,6,10,37285,1179,2233,0.055484658491927075,0.6661006809739253,0.03162129542711546,0.05989003620759018,0.5279892521271832,True
pe_vs_5y_median,12,1,36586,1518,2410,0.061481640525176906,0.6538710913851963,0.04149128081779916,0.06587219154867982,0.6298755186721993,True
pe_vs_5y_median,12,2,36474,1192,1690,0.07389405296630047,0.6538710913851963,0.032680813730328453,0.04633437517135494,0.7053254437869823,True
pe_vs_5y_median,12,3,36498,937,1448,0.08530254998239706,0.6538710913851963,0.02567263959669023,0.039673406762014356,0.6470994475138122,True
pe_vs_5y_median,12,4,36468,795,1357,0.08882725403811098,0.6538710913851963,0.02179993418887792,0.037210705275858284,0.5858511422254975,True
pe_vs_5y_median,12,5,36453,646,1218,0.08839779005524862,0.6538710913851963,0.017721449537760954,0.03341288782816229,0.5303776683087028,True
pe_vs_5y_median,12,6,36513,654,1178,0.08899190561845294,0.6538710913851963,0.01791142880617862,0.032262481855777396,0.5551782682512733,True
pe_vs_5y_median,12,7,36496,637,1186,0.08688950739653412,0.6538710913851963,0.01745396755808856,0.0324967119684349,0.5370994940978078,True
pe_vs_5y_median,12,8,36470,751,1343,0.08121393372302699,0.6538710913851963,0.020592267617219634,0.036824787496572524,0.5591958302308265,True
pe_vs_5y_median,12,9,36502,903,1490,0.07436282054687138,0.6538710913851963,0.024738370500246562,0.04081968111336365,0.6060402684563759,True
pe_vs_5y_median,12,10,36608,1156,2275,0.05457326696506859,0.6538710913851963,0.0315777972027972,0.06214488636363636,0.5081318681318682,True
fcf_ps_slope,0,1,55594,1728,5733,0.02948142430540812,0.9941610336761487,0.03108249091628593,0.10312263913371947,0.30141287284144425,True
fcf_ps_slope,0,2,55477,1824,3698,0.05984539938492217,0.9941610336761487,0.03287849018512176,0.06665825477224796,0.49323958896700915,True
fcf_ps_slope,0,3,55483,1822,3721,0.058842482580852895,0.9941610336761487,0.03283888758718887,0.06706558765748066,0.4896533190002688,True
fcf_ps_slope,0,4,55496,2142,3995,0.056157535897191746,0.9941610336761487,0.038597376387487385,0.07198717024650425,0.5361702127659574,True
fcf_ps_slope,0,5,55438,2473,4210,0.05942879900090614,0.9941610336761487,0.04460839135610953,0.07594069050110033,0.5874109263657957,True
fcf_ps_slope,0,6,55512,2524,4066,0.06437930453773288,0.9941610336761487,0.04546764663496181,0.07324542441273958,0.6207575012297099,True
fcf_ps_slope,0,7,55498,2166,3711,0.06457318287302893,0.9941610336761487,0.039028433457061515,0.06686727449637825,0.5836701697655619,True
fcf_ps_slope,0,8,55465,1853,3362,0.06400000000000006,0.9941610336761487,0.03340845578292617,0.060614802127467775,0.5511600237953599,True
fcf_ps_slope,0,9,55490,1815,3610,0.06107772511862797,0.9941610336761487,0.03270859614344927,0.06505676698504236,0.502770083102493,True
fcf_ps_slope,0,10,55605,1933,5612,0.03995276520369995,0.9941610336761487,0.03476306087582052,0.10092617570362378,0.34444048467569494,True
fcf_ps_slope,3,1,54929,1729,5533,0.036539306104523606,0.9823792175785127,0.031476997578692496,0.10073003331573485,0.3124887041388036,True
fcf_ps_slope,3,2,54816,1776,3494,0.06364213530024843,0.9823792175785127,0.03239929947460595,0.0637405137186223,0.5082999427590155,True
fcf_ps_slope,3,3,54840,1784,3606,0.06326908254488839,0.9823792175785127,0.0325309992706054,0.06575492341356674,0.49473100388241814,True
fcf_ps_slope,3,4,54811,2135,3846,0.061357502927847696,0.9823792175785127,0.03895203517542099,0.07016839685464596,0.5551222048881956,True
fcf_ps_slope,3,5,54797,2351,4052,0.061348124545150595,0.9823792175785127,0.04290380860266073,0.07394565395915835,0.5802073050345508,True
fcf_ps_slope,3,6,54858,2519,3960,0.06370267801714646,0.9823792175785127,0.04591855335593715,0.07218637208793613,0.6361111111111111,True
fcf_ps_slope,3,7,54831,2069,3561,0.0663996706217016,0.9823792175785127,0.0377341285039485,0.06494501285769,0.5810165683796686,True
fcf_ps_slope,3,8,54813,1809,3287,0.06383892947025971,0.9823792175785127,0.03300311969788189,0.059967525951872734,0.5503498630970489,True
fcf_ps_slope,3,9,54829,1824,3498,0.05717319622198613,0.9823792175785127,0.033267066698280105,0.0637983548851885,0.5214408233276158,True
fcf_ps_slope,3,10,54956,1882,5536,0.03343916369439737,0.9823792175785127,0.03424557828080646,0.10073513356139457,0.3399566473988439,True
fcf_ps_slope,6,1,54242,1824,5303,0.04137529493539249,0.9698952926468428,0.0336270786475425,0.09776556911618303,0.3439562511785782,True
fcf_ps_slope,6,2,54120,1758,3250,0.06447396889020474,0.9698952926468428,0.03248337028824834,0.06005173688100517,0.540923076923077,True
fcf_ps_slope,6,3,54136,1686,3525,0.06287373877434477,0.9698952926468428,0.031143786020393083,0.0651137874981528,0.4782978723404255,True
fcf_ps_slope,6,4,54115,2036,3594,0.06331387516838793,0.9698952926468428,0.037623579414210476,0.0664141180818627,0.5664997217584863,True
fcf_ps_slope,6,5,54098,2410,3945,0.05774621337445607,0.9698952926468428,0.04454878184036378,0.07292321342748345,0.6108998732572877,True
fcf_ps_slope,6,6,54160,2455,3794,0.0671994477283383,0.9698952926468428,0.04532865583456425,0.07005169867060561,0.6470743278861361,True
fcf_ps_slope,6,7,54141,2061,3568,0.06756935854391255,0.9698952926468428,0.038067268798138196,0.06590199663840712,0.5776345291479821,True
fcf_ps_slope,6,8,54104,1738,3177,0.06272475286475099,0.9698952926468428,0.03212331805411799,0.05872024249593376,0.5470569719861504,True
fcf_ps_slope,6,9,54135,1744,3409,0.06022203071931864,0.9698952926468428,0.032215756904036205,0.06297219913180013,0.5115869756526841,True
fcf_ps_slope,6,10,54259,1791,5557,0.0318179276407764,0.9698952926468428,0.03300834884535284,0.10241618901933319,0.32229620298722333,True
fcf_ps_slope,12,1,52857,1782,4978,0.040559199171556815,0.9451853603143728,0.033713604631363865,0.09417863291522409,0.3579750903977501,True
fcf_ps_slope,12,2,52738,1630,3132,0.06500365699073996,0.9451853603143728,0.030907505024839774,0.059387917630551026,0.520434227330779,True
fcf_ps_slope,12,3,52759,1636,3286,0.06317451961042386,0.9451853603143728,0.031008927386796566,0.062283212342917796,0.4978697504564821,True
fcf_ps_slope,12,4,52735,1941,3512,0.0630295822803626,0.9451853603143728,0.03680667488385323,0.06659713662652887,0.5526765375854215,True
fcf_ps_slope,12,5,52723,2356,3605,0.06405472636815923,0.9451853603143728,0.04468637975835973,0.06837623048764296,0.6535367545076283,True
fcf_ps_slope,12,6,52783,2315,3628,0.07087466185752933,0.9451853603143728,0.04385881818009586,0.06873425155826686,0.6380926130099228,True
fcf_ps_slope,12,7,52754,1940,3249,0.06422265474847733,0.9451853603143728,0.03677446259999242,0.06158774690070895,0.5971068020929516,True
fcf_ps_slope,12,8,52729,1666,2906,0.06769087832232801,0.9451853603143728,0.03159551669859091,0.05511198771074741,0.5732966276668962,True
fcf_ps_slope,12,9,52761,1690,3175,0.06190476190476191,0.9451853603143728,0.032031235192661246,0.06017702469627187,0.5322834645669291,True
fcf_ps_slope,12,10,52875,1715,5324,0.03479544495993259,0.9451853603143728,0.03243498817966903,0.1006903073286052,0.3221262208865514,True
pegy,0,1,23725,831,1624,0.04625976326596337,0.4233035653516455,0.035026343519494206,0.06845100105374077,0.5116995073891626,True
pegy,0,2,23604,628,1380,0.06359331345493058,0.4233035653516455,0.02660566005761735,0.058464667005592275,0.4550724637681159,True
pegy,0,3,23608,553,1046,0.06994599467152007,0.4233035653516455,0.023424262961707895,0.04430701457133175,0.52868068833652,True
pegy,0,4,23605,574,971,0.06875217845939363,0.4233035653516455,0.024316882016521924,0.041135352679517054,0.5911431513903193,True
pegy,0,5,23572,485,847,0.07929177395499565,0.4233035653516455,0.020575258781605293,0.035932462243339555,0.5726092089728453,True
pegy,0,6,23645,383,774,0.07143156512384907,0.4233035653516455,0.01619792768027067,0.03273419327553394,0.49483204134366926,True
pegy,0,7,23625,360,731,0.0788147674761579,0.4233035653516455,0.015238095238095238,0.03094179894179894,0.4924760601915185,True
pegy,0,8,23588,347,649,0.08073709760861991,0.4233035653516455,0.014710869933864676,0.02751399016449042,0.534668721109399,True
pegy,0,9,23624,352,680,0.0782787995967198,0.4233035653516455,0.014900101591601761,0.02878428716559431,0.5176470588235295,True
pegy,0,10,23742,338,773,0.07481241247900372,0.4233035653516455,0.014236374357678376,0.03255833543930587,0.4372574385510996,True
pegy,3,1,23676,851,1555,0.05428200632876212,0.42252443947714385,0.03594357154924818,0.06567832404122317,0.547266881028939,True
pegy,3,2,23556,656,1401,0.06894821998632772,0.42252443947714385,0.027848531159789438,0.05947529291900153,0.46823697359029265,True
pegy,3,3,23575,620,1089,0.07224941147317576,0.42252443947714385,0.026299045599151645,0.04619300106044539,0.5693296602387512,True
pegy,3,4,23553,579,963,0.07436163055202538,0.42252443947714385,0.024582855687173607,0.04088651127244937,0.6012461059190031,True
pegy,3,5,23534,516,878,0.08148709803426024,0.42252443947714385,0.021925724483725675,0.037307724993626244,0.5876993166287016,True
pegy,3,6,23608,413,833,0.07515478703265077,0.42252443947714385,0.017494069806845137,0.03528464927143341,0.4957983193277311,True
pegy,3,7,23574,388,746,0.0765756810595416,0.42252443947714385,0.01645881055400017,0.031645032663103416,0.5201072386058981,True
pegy,3,8,23554,370,707,0.08396514476336003,0.42252443947714385,0.01570858452916702,0.030016133140867794,0.5233380480905233,True
pegy,3,9,23577,353,706,0.07853641855693616,0.42252443947714385,0.014972218687704118,0.029944437375408237,0.5,True
pegy,3,10,23696,350,817,0.07701650751484213,0.42252443947714385,0.014770425388251181,0.03447839297771776,0.4283965728274174,True
pegy,6,1,23534,809,1495,0.05970242169247997,0.4200079524572018,0.03437579671963967,0.0635251126030424,0.5411371237458193,True
pegy,6,2,23417,695,1348,0.07571332284879806,0.4200079524572018,0.029679292821454498,0.057565016868087286,0.5155786350148368,True
pegy,6,3,23429,597,1123,0.08116723173664853,0.4200079524572018,0.025481241196807374,0.04793205002347518,0.5316117542297417,True
pegy,6,4,23423,585,1029,0.07589984350547718,0.4200079524572018,0.0249754514793152,0.043931178755923665,0.5685131195335277,True
pegy,6,5,23386,555,932,0.08129973741551166,0.4200079524572018,0.023732147438638503,0.03985290344650646,0.5954935622317596,True
pegy,6,6,23459,400,870,0.07953006824678255,0.4200079524572018,0.017051025192889722,0.037085979794535144,0.4597701149425288,True
pegy,6,7,23443,414,733,0.07704419788348171,0.4200079524572018,0.017659855820500787,0.03126732926673207,0.5648021828103683,True
pegy,6,8,23409,389,728,0.08737273970521175,0.4200079524572018,0.01661754026229228,0.03109914989961126,0.5343406593406593,True
pegy,6,9,23437,377,719,0.08606326447463086,0.4200079524572018,0.01608567649443188,0.030677987797073005,0.5243393602225312,True
pegy,6,10,23561,383,833,0.07832830993163276,0.4200079524572018,0.016255676753957813,0.03535503586435211,0.45978391356542614,True
pegy,12,1,23294,904,1352,0.07300126842334076,0.4156645495936008,0.038808276809478834,0.05804069717523826,0.6686390532544378,True
pegy,12,2,23167,759,1353,0.0837866546496282,0.4156645495936008,0.03276211853066863,0.05840203738075711,0.5609756097560976,True
pegy,12,3,23198,616,1142,0.08838956198430348,0.4156645495936008,0.026554013277006638,0.04922838175704802,0.5394045534150612,True
pegy,12,4,23174,592,935,0.08711563962231694,0.4156645495936008,0.025545870371968586,0.04034694053680849,0.6331550802139038,True
pegy,12,5,23152,556,924,0.08836223589352132,0.4156645495936008,0.02401520387007602,0.03991015894955079,0.6017316017316018,True
pegy,12,6,23211,413,859,0.0907451019692338,0.4156645495936008,0.017793287665331094,0.037008315023049417,0.4807916181606519,True
pegy,12,7,23200,390,709,0.09030528809073712,0.4156645495936008,0.016810344827586206,0.030560344827586208,0.5500705218617771,True
pegy,12,8,23172,364,706,0.09137076670816158,0.4156645495936008,0.01570861384429484,0.030467805972725703,0.5155807365439093,True
pegy,12,9,23193,377,737,0.08855131696418561,0.4156645495936008,0.016254904497046523,0.031776829215711636,0.5115332428765265,True
pegy,12,10,23312,432,818,0.07703824021870942,0.4156645495936008,0.018531228551818806,0.03508922443376802,0.5281173594132029,True
pct_from_52w_high,0,1,55448,973,1802,0.0466794776907955,0.9917287280725321,0.017547972875486942,0.032498917905064206,0.5399556048834627,True
pct_from_52w_high,0,2,55336,1093,1897,0.07508464838454887,0.9917287280725321,0.01975206014167992,0.03428148041058262,0.5761729045861887,True
pct_from_52w_high,0,3,55364,1150,2042,0.0767642845029205,0.9917287280725321,0.020771620547648292,0.036883173181128534,0.5631733594515181,True
pct_from_52w_high,0,4,55335,1312,2278,0.07926704195820111,0.9917287280725321,0.023710129212975512,0.041167434715821814,0.5759438103599649,True
pct_from_52w_high,0,5,55311,1326,2565,0.07818866467123708,0.9917287280725321,0.02397353148559961,0.0463741389597006,0.5169590643274854,True
pct_from_52w_high,0,6,55372,1658,3043,0.07173029027876565,0.9917287280725321,0.029942931445495917,0.05495557321389872,0.5448570489648373,True
pct_from_52w_high,0,7,55363,1968,3743,0.06391526661796942,0.9917287280725321,0.03554720661813847,0.06760833047342088,0.5257814587229495,True
pct_from_52w_high,0,8,55336,2471,4992,0.05044236622594789,0.9917287280725321,0.04465447448315744,0.09021251987856006,0.4949919871794872,True
pct_from_52w_high,0,9,55365,3307,7276,0.013663435711783078,0.9917287280725321,0.05973087690779373,0.13141876636864444,0.45450797141286425,True
pct_from_52w_high,0,10,55470,4825,11662,-0.0697716457313895,0.9917287280725321,0.08698395529114837,0.21023976924463675,0.4137369233407649,True
pct_from_52w_high,3,1,54879,976,2055,0.06138927940593342,0.9814962082540775,0.01778458062282476,0.03744601760236156,0.4749391727493916,True
pct_from_52w_high,3,2,54771,1079,2017,0.07607607607607614,0.9814962082540775,0.019700206313560096,0.03682605758521845,0.5349529003470501,True
pct_from_52w_high,3,3,54788,1261,2254,0.07562063966751975,0.9814962082540775,0.02301598890267942,0.04114039570708914,0.5594498669032831,True
pct_from_52w_high,3,4,54757,1285,2367,0.07830317774061113,0.9814962082540775,0.023467319246854284,0.043227349927863104,0.5428812843261512,True
pct_from_52w_high,3,5,54735,1405,2622,0.0756446101273689,0.9814962082540775,0.02566913309582534,0.047903535215127434,0.5358504958047292,True
pct_from_52w_high,3,6,54816,1652,3072,0.06826686671667914,0.9814962082540775,0.030137186223000583,0.05604203152364273,0.5377604166666666,True
pct_from_52w_high,3,7,54776,2000,3675,0.06376550918130797,0.9814962082540775,0.0365123411713159,0.06709142690229297,0.5442176870748299,True
pct_from_52w_high,3,8,54769,2417,4687,0.050212437234453455,0.9814962082540775,0.044130803921926635,0.08557760777081926,0.5156816727117559,True
pct_from_52w_high,3,9,54790,3137,6675,0.014449866790229637,0.9814962082540775,0.05725497353531667,0.12182880087607227,0.4699625468164794,True
pct_from_52w_high,3,10,54906,4561,10727,-0.05015179371037115,0.9814962082540775,0.08306924561978654,0.19537026918733835,0.42518877598583016,True
pct_from_52w_high,6,1,54241,1035,2281,0.07371015633144018,0.9700958951708525,0.01908150660939142,0.0420530594937409,0.4537483559842175,True
pct_from_52w_high,6,2,54132,1153,2166,0.08150918929519702,0.9700958951708525,0.02129978570900761,0.04001330082021725,0.5323176361957525,True
pct_from_52w_high,6,3,54151,1292,2362,0.07689546237794365,0.9700958951708525,0.023859208509538144,0.04361876973647763,0.5469940728196443,True
pct_from_52w_high,6,4,54123,1333,2521,0.07640895555310467,0.9700958951708525,0.024629085601315524,0.04657908837278052,0.528758429194764,True
pct_from_52w_high,6,5,54103,1431,2748,0.07237472876822926,0.9700958951708525,0.02644954993253609,0.050792007836903685,0.5207423580786026,True
pct_from_52w_high,6,6,54183,1651,3016,0.06732829847663324,0.9700958951708525,0.0304708118782644,0.0556632153996641,0.5474137931034483,True
pct_from_52w_high,6,7,54143,1973,3600,0.05940137434856796,0.9700958951708525,0.03644053709620819,0.06649058973459172,0.5480555555555556,True
pct_from_52w_high,6,8,54132,2339,4384,0.046606055619549114,0.9700958951708525,0.04320919234463903,0.08098721643390232,0.5335310218978102,True
pct_from_52w_high,6,9,54151,2997,6042,0.01550169109357391,0.9700958951708525,0.0553452383150819,0.11157688685342837,0.4960278053624628,True
pct_from_52w_high,6,10,54263,4222,9925,-0.03588907014681886,0.9700958951708525,0.07780623997935979,0.18290547887142253,0.4253904282115869,True
pct_from_52w_high,12,1,52936,1090,2362,0.08428216424676604,0.9466809237746231,0.02059090222155055,0.044619918392020556,0.4614733276883996,True
pct_from_52w_high,12,2,52820,1125,2240,0.08643827763663603,0.9466809237746231,0.021298750473305567,0.04240817872018175,0.5022321428571428,True
pct_from_52w_high,12,3,52849,1196,2384,0.08255608028335293,0.9466809237746231,0.022630513349353818,0.0451096520274745,0.5016778523489933,True
pct_from_52w_high,12,4,52816,1245,2517,0.07743177423468695,0.9466809237746231,0.023572402302332627,0.04765601332929415,0.49463647199046484,True
pct_from_52w_high,12,5,52796,1366,2657,0.07224371373307537,0.9466809237746231,0.02587317221001591,0.050325782256231535,0.51411366202484,True
pct_from_52w_high,12,6,52867,1550,2905,0.06336195318940052,0.9466809237746231,0.02931885675374052,0.05494921217394594,0.5335628227194492,True
pct_from_52w_high,12,7,52841,1923,3312,0.05869242199108471,0.9466809237746231,0.03639219545428739,0.06267860184326565,0.5806159420289854,True
pct_from_52w_high,12,8,52820,2261,4147,0.04201681345076069,0.9466809237746231,0.04280575539568345,0.07851192730026504,0.5452134072823729,True
pct_from_52w_high,12,9,52848,2894,5456,0.015552406181153278,0.9466809237746231,0.05476082349379352,0.10323947926127762,0.530425219941349,True
pct_from_52w_high,12,10,52956,3959,8859,-0.029541405897199335,0.9466809237746231,0.07476017826119798,0.16728982551552232,0.44689016819054067,True
dist_above_30w_sma,0,1,55847,4066,9743,-0.017605633802816878,0.9989647476885932,0.07280605941232296,0.1744587891918993,0.4173252591604229,True
dist_above_30w_sma,0,2,55745,2460,5460,0.05262931867471177,0.9989647476885932,0.04412951834245224,0.09794600412593057,0.45054945054945056,True
dist_above_30w_sma,0,3,55760,1761,3866,0.06924584670544365,0.9989647476885932,0.031581779053084645,0.06933285509325682,0.4555095706156233,True
dist_above_30w_sma,0,4,55734,1558,3040,0.07844877224117852,0.9989647476885932,0.027954211074030216,0.05454480209566871,0.5125,True
dist_above_30w_sma,0,5,55725,1259,2642,0.07607607607607614,0.9989647476885932,0.0225930910722297,0.04741139524450426,0.47653292959878885,True
dist_above_30w_sma,0,6,55788,1290,2485,0.07613717082940807,0.9989647476885932,0.023123252312325232,0.044543629454362944,0.5191146881287727,True
dist_above_30w_sma,0,7,55762,1207,2468,0.07261455107023751,0.9989647476885932,0.02164556508016212,0.04425953158064632,0.48905996758508913,True
dist_above_30w_sma,0,8,55732,1429,2670,0.06379566540354131,0.9989647476885932,0.02564056556376947,0.04790784468527955,0.5352059925093633,True
dist_above_30w_sma,0,9,55773,1937,3372,0.04836152864377996,0.9989647476885932,0.03473006651964212,0.06045936205690926,0.5744365361803083,True
dist_above_30w_sma,0,10,55874,3373,6494,0.004607556336653218,0.9989647476885932,0.06036797079142356,0.11622579375022372,0.519402525408069,True
dist_above_30w_sma,3,1,55739,4079,9191,-0.0032068676303713683,0.9968745410321717,0.07318035845637705,0.1648935215917042,0.44380372103144383,True
dist_above_30w_sma,3,2,55621,2441,5183,0.04885596874841469,0.9968745410321717,0.04388630193631902,0.0931842289782636,0.47096276287864175,True
dist_above_30w_sma,3,3,55647,1803,3846,0.06523765144454785,0.9968745410321717,0.03240066849964958,0.06911423796431075,0.468798751950078,True
dist_above_30w_sma,3,4,55621,1493,3052,0.07488262910798116,0.9968745410321717,0.0268423796767408,0.05487136153611046,0.4891874180865006,True
dist_above_30w_sma,3,5,55602,1271,2745,0.072551261640316,0.9968745410321717,0.022858889967986764,0.049368727743606344,0.4630236794171221,True
dist_above_30w_sma,3,6,55672,1308,2613,0.07395780313590972,0.9968745410321717,0.023494754993533554,0.046935622934329645,0.5005740528128588,True
dist_above_30w_sma,3,7,55645,1293,2594,0.0729038603393164,0.9968745410321717,0.023236589091562586,0.04661694671578758,0.4984579799537394,True
dist_above_30w_sma,3,8,55623,1436,2696,0.06689406859958291,0.9968745410321717,0.025816658576488145,0.04846915844165183,0.5326409495548962,True
dist_above_30w_sma,3,9,55645,1844,3511,0.05362726085407865,0.9968745410321717,0.03313864677868632,0.06309641477221672,0.5252064938763886,True
dist_above_30w_sma,3,10,55758,3290,6514,0.0047219927467159195,0.9968745410321717,0.05900498583162954,0.1168262850173966,0.5050660116671783,True
dist_above_30w_sma,6,1,55322,3758,8493,0.0,0.9893573196637042,0.06792957593724015,0.1535193955388453,0.4424820440362651,True
dist_above_30w_sma,6,2,55203,2310,4850,0.04432209568343515,0.9893573196637042,0.04184555187218086,0.08785754397405938,0.4762886597938144,True
dist_above_30w_sma,6,3,55221,1759,3508,0.06432024289880545,0.9893573196637042,0.031853823726480865,0.0635265569258072,0.5014253135689851,True
dist_above_30w_sma,6,4,55203,1484,2975,0.07108944073358625,0.9893573196637042,0.026882596960310128,0.05389199862326323,0.4988235294117647,True
dist_above_30w_sma,6,5,55184,1316,2765,0.07016483549124386,0.9893573196637042,0.023847492026674397,0.05010510292838504,0.4759493670886075,True
dist_above_30w_sma,6,6,55249,1286,2699,0.07253831618727702,0.9893573196637042,0.023276439392568193,0.04885156292421582,0.4764727676917377,True
dist_above_30w_sma,6,7,55227,1309,2722,0.07234295921405187,0.9893573196637042,0.023702174660944826,0.049287486193347455,0.48089639970609843,True
dist_above_30w_sma,6,8,55197,1565,2901,0.0712574318928032,0.9893573196637042,0.028352990198742684,0.05255720419588021,0.5394691485694588,True
dist_above_30w_sma,6,9,55227,1918,3609,0.05990386897697597,0.9893573196637042,0.034729389610154454,0.0653484708566462,0.5314491548905514,True
dist_above_30w_sma,6,10,55343,3301,6499,0.012536162005786,0.9893573196637042,0.05964620638563142,0.11743129212366514,0.5079242960455455,True
dist_above_30w_sma,12,1,54074,3549,7355,0.0,0.9671244702839601,0.06563228168805711,0.1360173096127529,0.4825288919102651,True
dist_above_30w_sma,12,2,53966,2280,4267,0.04429153331393654,0.9671244702839601,0.0422488233332098,0.07906830226438868,0.5343332552144364,True
dist_above_30w_sma,12,3,53980,1790,3169,0.061728990788027516,0.9671244702839601,0.03316042978881067,0.058706928492034086,0.564846954875355,True
dist_above_30w_sma,12,4,53968,1508,2879,0.06846590440155864,0.9671244702839601,0.027942484435220873,0.05334642751260006,0.5237929836748871,True
dist_above_30w_sma,12,5,53928,1289,2645,0.07354091871490376,0.9671244702839601,0.023902240023735352,0.04904687731790536,0.4873345935727788,True
dist_above_30w_sma,12,6,54012,1404,2758,0.07587981428727197,0.9671244702839601,0.025994223505887582,0.051062726801451526,0.5090645395213924,True
dist_above_30w_sma,12,7,53985,1286,2801,0.07628290838673979,0.9671244702839601,0.02382143187922571,0.051884782810039824,0.4591217422349161,True
dist_above_30w_sma,12,8,53963,1468,2977,0.07407407407407418,0.9671244702839601,0.027203824842947946,0.05516742953505179,0.4931138730265368,True
dist_above_30w_sma,12,9,53983,1718,3646,0.06321131627254073,0.9671244702839601,0.03182483374395643,0.06753978104217995,0.47120131651124514,True
dist_above_30w_sma,12,10,54104,3044,6287,0.020143918521109416,0.9671244702839601,0.05626201389915718,0.11620212923258909,0.48417369174487035,True
atr_contraction,0,1,55894,2536,6414,0.026946069663787098,0.9996990962139856,0.04537159623573192,0.11475292517980464,0.39538509510445896,True
atr_contraction,0,2,55781,2117,4517,0.05456320716788232,0.9996990962139856,0.03795199082124738,0.08097739373621843,0.468673898605269,True
atr_contraction,0,3,55798,1972,4012,0.0642016174094141,0.9996990962139856,0.035341768522169255,0.07190221871751676,0.4915254237288136,True
atr_contraction,0,4,55778,1895,3738,0.06516804378407814,0.9996990962139856,0.033973968231202266,0.06701566926028184,0.5069555912252541,True
atr_contraction,0,5,55763,1960,3707,0.0692022709168385,0.9996990962139856,0.0351487545505084,0.06647777199935441,0.5287294308065821,True
atr_contraction,0,6,55830,1884,3678,0.06889306839900922,0.9996990962139856,0.033745298226759805,0.06587855991402472,0.5122349102773246,True
atr_contraction,0,7,55805,1865,3553,0.06549586776859506,0.9996990962139856,0.0334199444494221,0.06366813009586955,0.5249085280045033,True
atr_contraction,0,8,55771,1919,3689,0.06451419978811379,0.9996990962139856,0.03440856359039644,0.06614548779831812,0.5201951748441312,True
atr_contraction,0,9,55808,2025,4085,0.05801250182833173,0.9996990962139856,0.036285120412844034,0.07319739105504587,0.4957160342717258,True
atr_contraction,0,10,55922,2186,4960,0.019003911314720345,0.9996990962139856,0.03909016129609098,0.0886949679911305,0.4407258064516129,True
atr_contraction,3,1,55861,2572,6126,0.030985423758400854,0.999142065991066,0.046042856375646694,0.10966506149191743,0.4198498204374796,True
atr_contraction,3,2,55757,2141,4478,0.055839701546422704,0.999142065991066,0.0383987660742149,0.08031278583854942,0.47811523001339884,True
atr_contraction,3,3,55769,1969,3892,0.06212631807805202,0.999142065991066,0.035306352991805484,0.06978787498431029,0.5059095580678314,True
atr_contraction,3,4,55746,1994,3750,0.06439287115073711,0.999142065991066,0.03576938255659599,0.06726940049510279,0.5317333333333333,True
atr_contraction,3,5,55726,1854,3600,0.06651448871877752,0.999142065991066,0.03326992786132146,0.06460180167246886,0.515,True
atr_contraction,3,6,55800,1887,3697,0.0651670133614094,0.999142065991066,0.033817204301075265,0.06625448028673835,0.5104138490668109,True
atr_contraction,3,7,55765,1898,3480,0.06276378578133102,0.999142065991066,0.034035685465793955,0.06240473415224603,0.5454022988505747,True
atr_contraction,3,8,55750,1836,3781,0.060840138207491234,0.999142065991066,0.03293273542600897,0.06782062780269059,0.4855858238561227,True
atr_contraction,3,9,55776,1973,4094,0.054717409568500575,0.999142065991066,0.03537363740676994,0.07340074584050488,0.4819247679531021,True
atr_contraction,3,10,55889,2221,5367,0.027448397013614345,0.999142065991066,0.03973948361931686,0.096029630159781,0.41382522824669277,True
atr_contraction,6,1,55785,2547,5900,0.031848212773166074,0.9977557592626425,0.04565743479429954,0.10576319799229184,0.43169491525423725,True
atr_contraction,6,2,55673,2019,4328,0.0545945945945947,0.9977557592626425,0.03626533508163742,0.07773965836222226,0.46649722735674687,True
atr_contraction,6,3,55693,1992,3936,0.0622254758418741,0.9977557592626425,0.03576751117734724,0.07067315461548129,0.5060975609756098,True
atr_contraction,6,4,55678,1935,3717,0.06505603614044464,0.9977557592626425,0.03475340349868889,0.06675886346492331,0.5205811138014528,True
atr_contraction,6,5,55651,1847,3653,0.06694642717075827,0.9977557592626425,0.03318898133007493,0.06564122836966092,0.5056118258965234,True
atr_contraction,6,6,55709,1868,3562,0.06598806598806584,0.9977557592626425,0.03353138631100899,0.06393939937891543,0.5244244806288602,True
atr_contraction,6,7,55704,1827,3585,0.06153548979903756,0.9977557592626425,0.03279836277466609,0.06435803532959931,0.5096234309623431,True
atr_contraction,6,8,55667,1927,3781,0.057774607703281244,0.9977557592626425,0.03461655918228035,0.06792174897156304,0.5096535308119545,True
atr_contraction,6,9,55699,1997,4141,0.05416336241078512,0.9977557592626425,0.035853426452898615,0.07434603852851936,0.48225066409079936,True
atr_contraction,6,10,55806,2336,5466,0.03193328629296144,0.9977557592626425,0.04185929828333871,0.09794645737017525,0.42736919136480056,True
atr_contraction,12,1,54884,2377,5465,0.035174433175528264,0.9816735265565502,0.043309525544785364,0.0995736462356971,0.4349496797804209,True
atr_contraction,12,2,54784,1993,3951,0.05566576496653575,0.9816735265565502,0.03637923481308411,0.07211959696261683,0.5044292584155909,True
atr_contraction,12,3,54795,2010,3664,0.062363529850348876,0.9816735265565502,0.03668217903093348,0.06686741491011954,0.5485807860262009,True
atr_contraction,12,4,54772,1874,3534,0.06748448893870285,0.9816735265565502,0.034214562185058056,0.06452201854962389,0.5302773061686474,True
atr_contraction,12,5,54745,1869,3454,0.0653206650831355,0.9816735265565502,0.03414010411909763,0.06309251986482783,0.5411117544875507,True
atr_contraction,12,6,54824,1830,3442,0.06757190363213772,0.9816735265565502,0.0333795418065081,0.06278272289508245,0.5316676350958744,True
atr_contraction,12,7,54790,1821,3537,0.06389911648766244,0.9816735265565502,0.03323599196933747,0.06455557583500639,0.5148430873621713,True
atr_contraction,12,8,54777,1793,3751,0.060087207381796626,0.9816735265565502,0.03273271628603246,0.06847764572722127,0.4780058651026393,True
atr_contraction,12,9,54802,1957,3938,0.05747692650012448,0.9816735265565502,0.035710375533739645,0.0718586912886391,0.4969527679024886,True
atr_contraction,12,10,54913,2251,5437,0.031991744066047545,0.9816735265565502,0.04099211479977419,0.09901116311255986,0.41401508184660657,True
inst_pct,0,1,33548,1683,4910,-0.00028382816247674025,0.6000021493127572,0.050166925002980804,0.1463574579706689,0.34276985743380856,True
inst_pct,0,2,33480,1584,2999,0.03213948150148527,0.6000021493127572,0.047311827956989246,0.08957586618876942,0.5281760586862286,True
inst_pct,0,3,33495,1335,2373,0.0454225352112676,0.6000021493127572,0.039856695029108824,0.07084639498432602,0.5625790139064476,True
inst_pct,0,4,33473,1199,1991,0.0664589823468329,0.6000021493127572,0.03581991455800197,0.05948077555044364,0.6022099447513812,True
inst_pct,0,5,33463,1204,1762,0.06598513011152396,0.6000021493127572,0.03598003765352778,0.05265517138331889,0.6833144154370034,True
inst_pct,0,6,33510,1106,1788,0.07424499481355662,0.6000021493127572,0.03300507311250373,0.05335720680393912,0.6185682326621924,True
inst_pct,0,7,33487,1124,1594,0.07917737789203083,0.6000021493127572,0.033565264132349865,0.04760056141189118,0.7051442910915935,True
inst_pct,0,8,33481,1214,1525,0.06953959310686253,0.6000021493127572,0.036259370986529676,0.045548221379289745,0.7960655737704919,True
inst_pct,0,9,33494,1115,1977,0.05041422337897228,0.6000021493127572,0.03328954439601123,0.05902549710395892,0.56398583712696,True
inst_pct,0,10,33561,1520,3048,0.014483284329739776,0.6000021493127572,0.04529066475969131,0.09081970143917047,0.49868766404199477,True
inst_pct,3,1,32775,1684,4796,-0.0011557208180493772,0.5862071435991675,0.05138062547673532,0.1463310450038139,0.3511259382819016,True
inst_pct,3,2,32711,1521,2948,0.028661170003926095,0.5862071435991675,0.04649811989850509,0.09012258873161934,0.5159430122116688,True
inst_pct,3,3,32717,1305,2394,0.04355300859598854,0.5862071435991675,0.03988752024941162,0.07317296818167925,0.5451127819548872,True
inst_pct,3,4,32712,1194,2040,0.0626192533848473,0.5862071435991675,0.036500366837857665,0.06236243580337491,0.5852941176470587,True
inst_pct,3,5,32693,1147,1737,0.06154655444502888,0.5862071435991675,0.03508396292784388,0.053130639586455815,0.6603339090385723,True
inst_pct,3,6,32739,1094,1740,0.07507127617393272,0.5862071435991675,0.03341580378142277,0.053147622102080086,0.628735632183908,True
inst_pct,3,7,32720,1017,1623,0.07628811528008717,0.5862071435991675,0.031081907090464548,0.04960268948655257,0.6266173752310537,True
inst_pct,3,8,32709,1195,1446,0.07310423437716596,0.5862071435991675,0.0365342871992418,0.044208016142346145,0.8264177040110651,True
inst_pct,3,9,32719,1169,1919,0.048783226204844654,0.5862071435991675,0.03572847580916287,0.058650936764571046,0.6091714434601354,True
inst_pct,3,10,32795,1479,2972,0.013924050632911245,0.5862071435991675,0.045098338161305075,0.0906235706662601,0.49764468371467024,True
inst_pct,6,1,32058,1739,4725,-0.000280215404984574,0.5732700718945117,0.05424543015783892,0.14738910724312185,0.36804232804232806,True
inst_pct,6,2,31986,1502,2834,0.028471425468702516,0.5732700718945117,0.046958044144313135,0.0886012630525855,0.5299929428369795,True
inst_pct,6,3,31996,1297,2401,0.04250101870123646,0.5732700718945117,0.040536317039629954,0.07504063007875984,0.5401915868388172,True
inst_pct,6,4,31991,1175,2089,0.06276915046326503,0.5732700718945117,0.03672908005376512,0.06529961551686411,0.5624700813786502,True
inst_pct,6,5,31973,1061,1725,0.058907400535166854,0.5732700718945117,0.03318424921027117,0.053951771807462544,0.615072463768116,True
inst_pct,6,6,32013,1120,1658,0.07365514163377451,0.5732700718945117,0.03498578702402149,0.05179145971948896,0.6755126658624849,True
inst_pct,6,7,32003,1098,1641,0.07698342994320506,0.5732700718945117,0.03430928350467144,0.05127644283348436,0.6691042047531993,True
inst_pct,6,8,31984,1123,1420,0.07265242563120677,0.5732700718945117,0.03511130565282641,0.04439719859929965,0.7908450704225352,True
inst_pct,6,9,31998,1195,1771,0.04968772079919037,0.5732700718945117,0.03734608413025814,0.05534720920057504,0.6747600225861095,True
inst_pct,6,10,32065,1471,2886,0.013251454427924969,0.5732700718945117,0.045875565258069545,0.09000467799781693,0.5097020097020097,True
inst_pct,12,1,30056,1647,4286,0.0,0.5375019254260117,0.05479771093957945,0.14260047910566942,0.38427438170788614,True
inst_pct,12,2,29984,1440,2598,0.030954325078987877,0.5375019254260117,0.048025613660619,0.0866462113127001,0.5542725173210162,True
inst_pct,12,3,30005,1288,2194,0.04733156242453518,0.5375019254260117,0.04292617897017164,0.0731211464755874,0.5870556061987239,True
inst_pct,12,4,29987,1081,1793,0.06333333333333324,0.5375019254260117,0.03604895454697035,0.05979257678327275,0.6029001673173452,True
inst_pct,12,5,29981,972,1659,0.056420029738842636,0.5375019254260117,0.032420533004236016,0.05533504552883493,0.5858951175406871,True
inst_pct,12,6,30020,1025,1467,0.07425417808971935,0.5375019254260117,0.03414390406395736,0.048867421718854095,0.6987048398091343,True
inst_pct,12,7,30003,1100,1494,0.07605757873030483,0.5375019254260117,0.036663000366630005,0.049795020497950204,0.7362784471218207,True
inst_pct,12,8,29989,1042,1348,0.06839378238341975,0.5375019254260117,0.03474607356030544,0.044949814932141785,0.7729970326409495,True
inst_pct,12,9,30000,1171,1580,0.05007482350442993,0.5375019254260117,0.03903333333333334,0.05266666666666667,0.7411392405063292,True
inst_pct,12,10,30072,1352,2593,0.015029967909941488,0.5375019254260117,0.04495876562915669,0.08622638999733971,0.5214037794060934,True
inst_pct_delta_qoq,0,1,32843,1934,4027,0.0063994204298478685,0.5873874745216884,0.05888621624090369,0.12261364674359833,0.48025825676682393,True
inst_pct_delta_qoq,0,2,32779,1418,2172,0.05168764756976296,0.5873874745216884,0.04325940388663473,0.06626193599560694,0.6528545119705341,True
inst_pct_delta_qoq,0,3,32783,1082,1733,0.06711037160288402,0.5873874745216884,0.03300491108196321,0.05286276423756215,0.6243508366993653,True
inst_pct_delta_qoq,0,4,32773,910,1425,0.07513395031660997,0.5873874745216884,0.027766759222530742,0.04348091416714979,0.6385964912280702,True
inst_pct_delta_qoq,0,5,32757,844,1418,0.07148951368082712,0.5873874745216884,0.025765485239796073,0.043288457428946485,0.5952045133991537,True
inst_pct_delta_qoq,0,6,32808,947,1400,0.06500261241153704,0.5873874745216884,0.02886491099731773,0.042672518897829796,0.6764285714285715,True
inst_pct_delta_qoq,0,7,32784,1044,1613,0.05996297903471204,0.5873874745216884,0.03184480234260615,0.049200829673011225,0.6472411655300683,True
inst_pct_delta_qoq,0,8,32772,1201,2242,0.048220645402658135,0.5873874745216884,0.036647137800561454,0.06841205907481997,0.5356824264049955,True
inst_pct_delta_qoq,0,9,32790,1528,2909,0.026453745603520873,0.5873874745216884,0.04659957304056115,0.08871607197316254,0.5252664145754555,True
inst_pct_delta_qoq,0,10,32860,2026,4765,-0.002844914717160918,0.5873874745216884,0.06165550821667681,0.1450091296409008,0.42518363064008396,True
inst_pct_delta_qoq,3,1,32023,1872,3787,0.008773982218062804,0.5726933396379841,0.05845798332448553,0.11825875152234332,0.4943226828624241,True
inst_pct_delta_qoq,3,2,31955,1327,2229,0.04537187358861372,0.5726933396379841,0.04152714755124394,0.06975434204349867,0.5953342305966801,True
inst_pct_delta_qoq,3,3,31968,1025,1652,0.0666820029435341,0.5726933396379841,0.032063313313313316,0.05167667667667668,0.6204600484261501,True
inst_pct_delta_qoq,3,4,31953,914,1466,0.07047740191596774,0.5726933396379841,0.028604512878289988,0.045879886082683945,0.6234652114597544,True
inst_pct_delta_qoq,3,5,31935,882,1455,0.0678162585132589,0.5726933396379841,0.02761860028182245,0.045561296383278535,0.6061855670103092,True
inst_pct_delta_qoq,3,6,31985,909,1387,0.06509621765096196,0.5726933396379841,0.02841957167422229,0.043364076911052055,0.6553713049747657,True
inst_pct_delta_qoq,3,7,31965,1056,1642,0.06441881963703588,0.5726933396379841,0.0330361332707649,0.05136868449867042,0.6431181485992692,True
inst_pct_delta_qoq,3,8,31956,1180,2162,0.05412515267951301,0.5726933396379841,0.03692577293778946,0.0676555263487295,0.5457909343200741,True
inst_pct_delta_qoq,3,9,31967,1508,2873,0.02520986797279745,0.5726933396379841,0.04717364782431883,0.08987393249288328,0.5248868778280543,True
inst_pct_delta_qoq,3,10,32038,2025,4459,-0.0011291560033009351,0.5726933396379841,0.0632061926462326,0.13917847556027219,0.4541376990356582,True
inst_pct_delta_qoq,6,1,31129,1810,3495,0.010684813400665183,0.5568081272679727,0.05814513797423624,0.11227472774583186,0.5178826895565093,True
inst_pct_delta_qoq,6,2,31072,1321,2209,0.047730216721751706,0.5568081272679727,0.042514160659114314,0.07109294541709578,0.5980081484834766,True
inst_pct_delta_qoq,6,3,31082,1049,1598,0.06665073765157326,0.5568081272679727,0.03374943697316775,0.05141239302490187,0.6564455569461827,True
inst_pct_delta_qoq,6,4,31066,860,1485,0.06627506261088512,0.5568081272679727,0.02768299748921651,0.047801454966844785,0.5791245791245792,True
inst_pct_delta_qoq,6,5,31055,898,1424,0.07006109979633401,0.5568081272679727,0.028916438576718724,0.04585412976976332,0.6306179775280899,True
inst_pct_delta_qoq,6,6,31095,913,1351,0.06396138616723035,0.5568081272679727,0.029361633703167713,0.04344749959800611,0.6757957068837898,True
inst_pct_delta_qoq,6,7,31079,997,1575,0.062271231988138886,0.5568081272679727,0.03207953923871425,0.05067730621963384,0.633015873015873,True
inst_pct_delta_qoq,6,8,31069,1243,2119,0.0504595422598666,0.5568081272679727,0.04000772474170395,0.0682030319611188,0.5865974516281264,True
inst_pct_delta_qoq,6,9,31085,1450,2739,0.026735905807347304,0.5568081272679727,0.04664629242399871,0.08811323789609136,0.529390288426433,True
inst_pct_delta_qoq,6,10,31144,1985,4232,-0.0007082038124718304,0.5568081272679727,0.06373619316722322,0.13588492165425123,0.46904536862003776,True
inst_pct_delta_qoq,12,1,28992,1604,3046,0.018665912518853855,0.5184572233028489,0.05532560706401766,0.10506346578366446,0.5265922521339461,True
inst_pct_delta_qoq,12,2,28921,1250,1887,0.05559815950920255,0.5184572233028489,0.04322118875557553,0.06524670654541682,0.6624271330153683,True
inst_pct_delta_qoq,12,3,28945,1033,1448,0.07004385851088668,0.5184572233028489,0.03568837450336846,0.050025911210917255,0.7133977900552487,True
inst_pct_delta_qoq,12,4,28925,898,1285,0.07148951368082712,0.5184572233028489,0.031045808124459808,0.04442523768366465,0.6988326848249027,True
inst_pct_delta_qoq,12,5,28916,850,1292,0.07282012738552768,0.5184572233028489,0.029395490385945498,0.04468114538663716,0.6578947368421052,True
inst_pct_delta_qoq,12,6,28948,858,1352,0.06842179783764568,0.5184572233028489,0.02963935332320022,0.046704435539588224,0.6346153846153847,True
inst_pct_delta_qoq,12,7,28943,894,1497,0.0561536579398092,0.5184572233028489,0.030888297688560273,0.05172235082748851,0.5971943887775552,True
inst_pct_delta_qoq,12,8,28927,1182,1843,0.04938466915619655,0.5184572233028489,0.04086147889514986,0.0637121028796626,0.6413456321215409,True
inst_pct_delta_qoq,12,9,28939,1352,2392,0.02917944274096773,0.5184572233028489,0.046718960572238157,0.0826566225508829,0.5652173913043478,True
inst_pct_delta_qoq,12,10,29008,1887,3665,0.0016220006359984884,0.5184572233028489,0.06505102040816327,0.12634445670159955,0.5148703956343793,True
insider_buy_count_90d,0,1,390666,14163,24454,0.07064161550997561,0.8758789793630154,0.03625347483528129,0.06259566995848116,0.5791690520978163,True
insider_buy_count_90d,0,7,5564,631,373,0.2393976930931644,0.8758789793630154,0.11340762041696621,0.06703810208483106,1.6916890080428955,True
insider_buy_count_90d,0,8,20940,1020,1251,0.10210931586091598,0.8758789793630154,0.04871060171919771,0.05974212034383954,0.8153477218225419,True
insider_buy_count_90d,0,9,38913,1724,2956,0.07339067176902958,0.8758789793630154,0.04430396011615655,0.075964330686403,0.5832205683355887,True
insider_buy_count_90d,0,10,32936,1733,2846,0.0719520156223602,0.8758789793630154,0.05261719698809813,0.08641000728685937,0.6089248067463106,True
insider_buy_count_90d,3,1,384214,14404,23067,0.07604982965219165,0.8625174183888035,0.03748952406731665,0.060036854461315826,0.6244418433259634,True
insider_buy_count_90d,3,7,5281,426,239,0.20292423571112095,0.8625174183888035,0.08066654042794925,0.04525658019314524,1.7824267782426777,True
insider_buy_count_90d,3,8,21700,954,1201,0.10482811480916177,0.8625174183888035,0.043963133640552994,0.05534562211981567,0.7943380516236469,True
insider_buy_count_90d,3,9,38124,1746,2785,0.07899717705250175,0.8625174183888035,0.04579792256846081,0.07305109642220124,0.6269299820466786,True
insider_buy_count_90d,3,10,32240,1711,2656,0.07482817691901555,0.8625174183888035,0.05307071960297767,0.08238213399503722,0.6442018072289157,True
insider_buy_count_90d,6,1,376867,14435,22599,0.08048595292331062,0.8493063093075989,0.0383026372699122,0.05996545200296126,0.638745077215806,True
insider_buy_count_90d,6,7,5338,338,146,0.20198601199597221,0.8493063093075989,0.06331959535406519,0.027351067815661295,2.315068493150685,True
insider_buy_count_90d,6,8,21208,1081,1019,0.12710162786039902,0.8493063093075989,0.05097133157299132,0.048047906450396076,1.0608439646712464,True
insider_buy_count_90d,6,9,38277,1670,2740,0.07110232142016293,0.8493063093075989,0.04362933354233613,0.07158345742874311,0.6094890510948905,True
insider_buy_count_90d,6,10,32493,1648,2449,0.07482753088400451,0.8493063093075989,0.05071861631736066,0.07537007970947589,0.6729277256022866,True
insider_buy_count_90d,12,1,361192,13155,21506,0.07847830757272145,0.8224524374997761,0.036421072449002195,0.05954173957341248,0.6116897609969311,True
insider_buy_count_90d,12,6,865,28,68,0.040248717251961885,0.8224524374997761,0.03236994219653179,0.07861271676300578,0.4117647058823529,False
insider_buy_count_90d,12,7,4949,243,172,0.224916447415203,0.8224524374997761,0.04910082845019196,0.03475449585774904,1.4127906976744187,True
insider_buy_count_90d,12,8,27167,1151,1476,0.09651376146788992,0.8224524374997761,0.04236757831192255,0.05433062171016306,0.7798102981029811,True
insider_buy_count_90d,12,9,32174,1245,2180,0.06273075002613704,0.8224524374997761,0.03869584136259091,0.06775657363088208,0.5711009174311926,True
insider_buy_count_90d,12,10,32843,1545,2502,0.06770932015088604,0.8224524374997761,0.04704198763815729,0.07618061687421977,0.6175059952038369,True
net_debt_to_ebitda,0,1,47762,1896,2889,0.04474772680053518,0.8538968831382832,0.039696830115991795,0.06048741677484192,0.6562824506749741,True
net_debt_to_ebitda,0,2,47635,1470,2450,0.05196787681688453,0.8538968831382832,0.03085966201322557,0.05143277002204261,0.6,True
net_debt_to_ebitda,0,3,47662,1148,2234,0.06831855467537618,0.8538968831382832,0.024086274180689017,0.04687172170702027,0.513876454789615,True
net_debt_to_ebitda,0,4,47642,1097,2086,0.0730804783864587,0.8538968831382832,0.023025901515469543,0.043784895680282106,0.5258868648130393,True
net_debt_to_ebitda,0,5,47613,1106,1948,0.08596470164485526,0.8538968831382832,0.023228950076659736,0.04091319597588894,0.5677618069815195,True
net_debt_to_ebitda,0,6,47687,1150,2177,0.08335419274092626,0.8538968831382832,0.024115587057269277,0.04565185480319584,0.5282498851630684,True
net_debt_to_ebitda,0,7,47664,1245,2417,0.07882046171589474,0.8538968831382832,0.026120342396777442,0.05070913058073179,0.5151013653289201,True
net_debt_to_ebitda,0,8,47640,1303,2658,0.07008703939791217,0.8538968831382832,0.027350965575146935,0.05579345088161209,0.49021820917983444,True
net_debt_to_ebitda,0,9,47657,1484,3067,0.06870514943616457,0.8538968831382832,0.031139182071888705,0.06435570850032524,0.4838604499510923,True
net_debt_to_ebitda,0,10,47784,1882,4730,0.03163229499903808,0.8538968831382832,0.03938556839109325,0.09898710865561694,0.3978858350951374,True
net_debt_to_ebitda,3,1,47276,1828,2811,0.04380257212374006,0.8452656013239767,0.038666553853963954,0.05945934512226077,0.6503023834934186,True
net_debt_to_ebitda,3,2,47157,1463,2342,0.05239749237546598,0.8452656013239767,0.031024026125495683,0.049663888712174226,0.6246797608881298,True
net_debt_to_ebitda,3,3,47183,1187,2221,0.07274710337948198,0.8452656013239767,0.02515736600046627,0.04707203865799123,0.5344439441692931,True
net_debt_to_ebitda,3,4,47155,1054,2036,0.07480064921318186,0.8452656013239767,0.022351818470999894,0.04317675750185558,0.5176817288801572,True
net_debt_to_ebitda,3,5,47138,1139,1867,0.08648720969770096,0.8452656013239767,0.02416309559166702,0.039607111035682464,0.6100696304231387,True
net_debt_to_ebitda,3,6,47201,1209,2227,0.08528052381563755,0.8452656013239767,0.025613864113048453,0.04718120378805534,0.5428828019757521,True
net_debt_to_ebitda,3,7,47181,1301,2418,0.08038945812305642,0.8452656013239767,0.02757465929081622,0.051249443631970495,0.5380479735318445,True
net_debt_to_ebitda,3,8,47157,1302,2597,0.07123250068624754,0.8452656013239767,0.02760989884852726,0.05507135738066459,0.5013477088948787,True
net_debt_to_ebitda,3,9,47183,1494,3071,0.06794596366019734,0.8452656013239767,0.03166394676048577,0.06508700167433186,0.4864864864864865,True
net_debt_to_ebitda,3,10,47296,1790,4543,0.0329562771657711,0.8452656013239767,0.03784675236806495,0.0960546346414073,0.39401276689412285,True
net_debt_to_ebitda,6,1,46747,1808,2777,0.043207253152004466,0.8358516114472397,0.03867627869168075,0.059404881596680004,0.651062297443284,True
net_debt_to_ebitda,6,2,46629,1469,2359,0.05093364150599111,0.8358516114472397,0.0315039996568659,0.05059083403032447,0.622721492157694,True
net_debt_to_ebitda,6,3,46662,1175,2087,0.07822392500064279,0.8358516114472397,0.02518108953752518,0.04472590116154473,0.5630091039770004,True
net_debt_to_ebitda,6,4,46626,1103,2048,0.07858277725333096,0.8358516114472397,0.023656329086775618,0.04392399090636126,0.53857421875,True
net_debt_to_ebitda,6,5,46615,1090,1881,0.08869223205506382,0.8358516114472397,0.023383031213128822,0.04035181808430763,0.5794790005316321,True
net_debt_to_ebitda,6,6,46679,1237,2165,0.0849830151106945,0.8358516114472397,0.02650013924891279,0.04638059941301228,0.5713625866050808,True
net_debt_to_ebitda,6,7,46653,1287,2351,0.08345300781873322,0.8358516114472397,0.027586650376181597,0.050393329475060554,0.547426626967248,True
net_debt_to_ebitda,6,8,46634,1286,2600,0.07091698103903143,0.8358516114472397,0.02757644636960158,0.0557533130334091,0.4946153846153846,True
net_debt_to_ebitda,6,9,46657,1481,2929,0.06660097882108373,0.8358516114472397,0.03174228947424824,0.06277728958141329,0.5056333219528849,True
net_debt_to_ebitda,6,10,46769,1738,4374,0.03391142768659017,0.8358516114472397,0.037161367572537365,0.09352348778036734,0.3973479652491998,True
net_debt_to_ebitda,12,1,45718,1764,2635,0.04789202830156081,0.817371103922854,0.0385843650203421,0.05763594207970602,0.6694497153700191,True
net_debt_to_ebitda,12,2,45599,1372,2322,0.055412371134020644,0.817371103922854,0.030088379131121296,0.05092216934581899,0.590869939707149,True
net_debt_to_ebitda,12,3,45620,1286,1825,0.07884169326374857,0.817371103922854,0.028189390618149936,0.0400043840420868,0.7046575342465754,True
net_debt_to_ebitda,12,4,45599,1165,1978,0.08225507232763474,0.817371103922854,0.025548805894866116,0.04337814425754951,0.5889787664307381,True
net_debt_to_ebitda,12,5,45587,1153,1834,0.09113491550466324,0.817371103922854,0.02529229824292013,0.04023076754337859,0.628680479825518,True
net_debt_to_ebitda,12,6,45642,1171,2165,0.086712489657638,0.817371103922854,0.02565619385653565,0.04743438061434643,0.540877598152425,True
net_debt_to_ebitda,12,7,45627,1137,2287,0.08130994837722105,0.817371103922854,0.02491945558550858,0.05012383018826572,0.4971578487101006,True
net_debt_to_ebitda,12,8,45592,1278,2472,0.07262554631386364,0.817371103922854,0.02803123354974557,0.05422003860326373,0.5169902912621359,True
net_debt_to_ebitda,12,9,45627,1433,2776,0.07063325373306117,0.817371103922854,0.031406842439783464,0.06084116860630767,0.5162103746397695,True
net_debt_to_ebitda,12,10,45742,1639,4117,0.03514113323876755,0.817371103922854,0.03583140221240873,0.09000480958418959,0.3981054165654603,True
share_count_change_8q,0,1,52821,1593,2398,0.08674095974528084,0.9446337033733464,0.030158459703527006,0.0453986104011662,0.664303586321935,True
share_count_change_8q,0,2,52702,1266,1869,0.08964449134123709,0.9446337033733464,0.0240218587529885,0.03546354977040719,0.6773675762439808,True
share_count_change_8q,0,3,52797,1101,1927,0.08508530544854165,0.9446337033733464,0.020853457582817207,0.036498285887455725,0.5713544369486249,True
share_count_change_8q,0,4,52796,1373,2266,0.07728460411818938,0.9446337033733464,0.026005758011970605,0.04291991817561937,0.6059135039717564,True
share_count_change_8q,0,5,52539,1462,2540,0.06441881963703588,0.9446337033733464,0.02782694760082986,0.04834503892346638,0.5755905511811024,True
share_count_change_8q,0,6,52744,1761,3013,0.0633127678106441,0.9446337033733464,0.033387683907174275,0.0571249810404975,0.5844673083305675,True
share_count_change_8q,0,7,52734,2151,3620,0.06157484156660564,0.9446337033733464,0.040789623392877464,0.06864641407820382,0.5941988950276244,True
share_count_change_8q,0,8,52710,2388,4365,0.043506135593768036,0.9446337033733464,0.04530449630051224,0.08281161070005691,0.5470790378006873,True
share_count_change_8q,0,9,52724,2600,6071,0.015344923975779245,0.9446337033733464,0.049313405659661635,0.11514680221530992,0.4282655246252677,True
share_count_change_8q,0,10,52839,2958,8779,-0.018720748829953227,0.9446337033733464,0.05598137739169931,0.1661462177558243,0.33694042601663055,True
share_count_change_8q,3,1,52119,1570,2414,0.08478594338307066,0.9320208196762418,0.0301233715151864,0.0463170820622038,0.6503728251864126,True
share_count_change_8q,3,2,51997,1239,1842,0.0883584589614741,0.9320208196762418,0.023828297786410754,0.03542512068003923,0.6726384364820848,True
share_count_change_8q,3,3,52069,1141,1848,0.08610177007501574,0.9320208196762418,0.02191323052103939,0.03549136722426011,0.6174242424242425,True
share_count_change_8q,3,4,52120,1287,2210,0.07660327701113323,0.9320208196762418,0.024693016116653876,0.042402148887183425,0.5823529411764705,True
share_count_change_8q,3,5,51813,1440,2575,0.06470794455530982,0.9320208196762418,0.027792252909501478,0.04969795225136549,0.5592233009708738,True
share_count_change_8q,3,6,52045,1746,2935,0.06297620898771572,0.9320208196762418,0.0335478912479585,0.05639350562013642,0.5948892674616695,True
share_count_change_8q,3,7,52028,2028,3470,0.0638614091536277,0.9320208196762418,0.038979011301606824,0.06669485661566849,0.5844380403458213,True
share_count_change_8q,3,8,52005,2314,4277,0.0457869276634042,0.9320208196762418,0.04449572156523411,0.08224209210652822,0.541033434650456,True
share_count_change_8q,3,9,52022,2555,5795,0.019087867388991042,0.9320208196762418,0.049113836453808006,0.11139517896274653,0.44089732528041414,True
share_count_change_8q,3,10,52146,2892,8345,-0.013934515929449609,0.9320208196762418,0.05545967092394431,0.16003145015916848,0.3465548232474536,True
share_count_change_8q,6,1,51425,1548,2388,0.08385068019866115,0.919676600073793,0.030102090422946037,0.0464365580943121,0.6482412060301508,True
share_count_change_8q,6,2,51314,1211,1755,0.08712367502118923,0.919676600073793,0.023599797326265735,0.0342011926569747,0.6900284900284901,True
share_count_change_8q,6,3,51390,1173,1823,0.08555161981427772,0.919676600073793,0.02282545242265032,0.03547382759291691,0.6434448710916072,True
share_count_change_8q,6,4,51462,1223,2178,0.07747478810202624,0.919676600073793,0.023765108235202673,0.04232249038125219,0.561524334251607,True
share_count_change_8q,6,5,51083,1401,2528,0.06554155228350389,0.919676600073793,0.027425953839829296,0.049488088013624885,0.5541930379746836,True
share_count_change_8q,6,6,51358,1720,2856,0.06479634635695597,0.919676600073793,0.033490400716538804,0.05560964212002025,0.6022408963585434,True
share_count_change_8q,6,7,51341,1976,3425,0.06513222331047985,0.919676600073793,0.03848775832180908,0.06671081591710329,0.5769343065693431,True
share_count_change_8q,6,8,51313,2222,4117,0.047099282296650724,0.919676600073793,0.04330286671993452,0.08023307933662036,0.5397133835316977,True
share_count_change_8q,6,9,51339,2559,5506,0.02220332577475448,0.919676600073793,0.04984514696429615,0.10724790120571105,0.4647657101343989,True
share_count_change_8q,6,10,51447,2782,8044,-0.010660980810234588,0.919676600073793,0.05407506754524073,0.15635508387272337,0.34584783689706616,True
share_count_change_8q,12,1,50119,1477,2341,0.08265347558049396,0.8962168513284544,0.02946986172908478,0.04670883297751352,0.6309269542930371,True
share_count_change_8q,12,2,50000,1123,1638,0.08647170181046604,0.8962168513284544,0.02246,0.03276,0.6855921855921857,True
share_count_change_8q,12,3,50064,1174,1788,0.08234980842847683,0.8962168513284544,0.02344998402045382,0.03571428571428571,0.656599552572707,True
share_count_change_8q,12,4,50125,1226,2179,0.07646400596792247,0.8962168513284544,0.024458852867830425,0.043471321695760595,0.56264341441028,True
share_count_change_8q,12,5,49824,1368,2354,0.07248704526182248,0.8962168513284544,0.02745664739884393,0.04724630700064226,0.5811384876805438,True
share_count_change_8q,12,6,50046,1640,2715,0.06330564043883269,0.8962168513284544,0.03276985173640251,0.054250089917276104,0.6040515653775322,True
share_count_change_8q,12,7,50030,1812,3075,0.06885497807058705,0.8962168513284544,0.036218269038576854,0.06146312212672397,0.5892682926829268,True
share_count_change_8q,12,8,49999,2205,3904,0.047697368421052655,0.8962168513284544,0.044100882017640355,0.07808156163123263,0.5648053278688525,True
share_count_change_8q,12,9,50027,2390,5185,0.025873591751002456,0.8962168513284544,0.047774201930957286,0.1036440322225998,0.46094503375120544,True
share_count_change_8q,12,10,50140,2669,7502,-0.003098930111923359,0.8962168513284544,0.05323095333067411,0.14962106102911846,0.3557717941882165,True
shareholder_yield,0,1,52815,3083,8944,-0.02541598098372655,0.9445101178898048,0.05837356811511881,0.16934582978320553,0.3447003577817531,True
shareholder_yield,0,2,52697,2921,6129,0.011069293779056855,0.9445101178898048,0.05543010038522117,0.11630643110613507,0.4765867188774678,True
shareholder_yield,0,3,52720,2455,4405,0.040427438487343204,0.9445101178898048,0.04656676783004552,0.0835546282245827,0.5573212258796821,True
shareholder_yield,0,4,52709,2271,4141,0.04549590536851689,0.9445101178898048,0.04308562105143334,0.07856343318977783,0.5484182564597924,True
shareholder_yield,0,5,52668,1786,3065,0.05440734648288792,0.9445101178898048,0.03391053391053391,0.05819472924736083,0.5827079934747146,True
shareholder_yield,0,6,52751,1333,2066,0.07839056538328126,0.9445101178898048,0.025269663134348162,0.039165134310250045,0.6452081316553726,True
shareholder_yield,0,7,52728,1033,1769,0.08321106421936475,0.9445101178898048,0.019591109088150507,0.0335495372477621,0.5839457320520067,True
shareholder_yield,0,8,52699,1029,1614,0.0892410341951626,0.9445101178898048,0.0195259872103835,0.030626767111330385,0.6375464684014871,True
shareholder_yield,0,9,52717,1092,1846,0.09261240082280331,0.9445101178898048,0.02071438056035055,0.03501716713773546,0.5915492957746479,True
shareholder_yield,0,10,52833,1646,2852,0.08139100332408877,0.9445101178898048,0.031154770692559574,0.05398141313194405,0.5771388499298737,True
shareholder_yield,3,1,52112,3010,8506,-0.019864638493256814,0.9318220082461967,0.05776020878108689,0.1632253607614369,0.3538678579826005,True
shareholder_yield,3,2,51987,2821,5896,0.014721345951629772,0.9318220082461967,0.05426356589147287,0.11341296862677208,0.47845997286295794,True
shareholder_yield,3,3,52015,2384,4284,0.04220456802383299,0.9318220082461967,0.04583293280784389,0.0823608574449678,0.5564892623716153,True
shareholder_yield,3,4,51993,2256,3995,0.04958145524790747,0.9318220082461967,0.04339045640759333,0.07683726655511319,0.5647058823529412,True
shareholder_yield,3,5,51959,1710,3052,0.05481823427582233,0.9318220082461967,0.032910564098616216,0.05873862083565889,0.5602883355176933,True
shareholder_yield,3,6,52037,1322,2087,0.08024860616031448,0.9318220082461967,0.025405000288256433,0.04010607836731556,0.6334451365596551,True
shareholder_yield,3,7,52013,1000,1754,0.08381193903682171,0.9318220082461967,0.01922596274008421,0.03372233864610771,0.5701254275940706,True
shareholder_yield,3,8,51994,1045,1558,0.0874963596286199,0.9318220082461967,0.020098472900719314,0.02996499596107243,0.6707317073170732,True
shareholder_yield,3,9,52008,1083,1777,0.08949757492763943,0.9318220082461967,0.02082371942778034,0.03416782033533303,0.6094541361845807,True
shareholder_yield,3,10,52135,1574,2773,0.08023805173448872,0.9318220082461967,0.03019085067612928,0.05318883667401937,0.567616300036062,True
shareholder_yield,6,1,51419,2958,8196,-0.014631141229015987,0.9194956995833915,0.05752737315000292,0.15939633209513993,0.3609077598828697,True
shareholder_yield,6,2,51300,2745,5697,0.016013896801748584,0.9194956995833915,0.05350877192982456,0.11105263157894738,0.4818325434439178,True
shareholder_yield,6,3,51331,2359,4103,0.04317691171457794,0.9194956995833915,0.045956634392472384,0.07993220471060374,0.5749451620765293,True
shareholder_yield,6,4,51303,2193,3876,0.05301698886936146,0.9194956995833915,0.04274603824337758,0.07555113736038828,0.5657894736842106,True
shareholder_yield,6,5,51272,1629,2983,0.05664066290734138,0.9194956995833915,0.03177172725854267,0.05817990326103916,0.5460945357023131,True
shareholder_yield,6,6,51349,1328,2139,0.08152659627288084,0.9194956995833915,0.025862236849792594,0.0416561179380319,0.6208508648901355,True
shareholder_yield,6,7,51329,1001,1697,0.08345797188154358,0.9194956995833915,0.019501646242864656,0.033061232441699624,0.5898644667059516,True
shareholder_yield,6,8,51303,999,1545,0.08707531098325338,0.9194956995833915,0.019472545465177474,0.030115197941640838,0.6466019417475728,True
shareholder_yield,6,9,51327,1072,1686,0.08736959761549934,0.9194956995833915,0.02088569368948117,0.032848208545210124,0.6358244365361804,True
shareholder_yield,6,10,51438,1527,2674,0.07921575047511942,0.9194956995833915,0.029686224192231426,0.051984913876900345,0.5710545998504114,True
shareholder_yield,12,1,50112,2822,7622,-0.005647060074089383,0.8960090844285873,0.056313856960408686,0.15209929757343552,0.3702440304382052,True
shareholder_yield,12,2,49988,2585,5372,0.019535134769509743,0.8960090844285873,0.051712410978634875,0.1074657917900296,0.48119880863737907,True
shareholder_yield,12,3,50011,2259,3863,0.04436363636363638,0.8960090844285873,0.045170062586231026,0.07724300653856152,0.5847786694279057,True
shareholder_yield,12,4,49996,2108,3480,0.05922829195928747,0.8960090844285873,0.042163373069845585,0.06960556844547564,0.6057471264367816,True
shareholder_yield,12,5,49966,1595,2826,0.05961706932997202,0.8960090844285873,0.031921706760597204,0.05655845975263179,0.5644019815994338,True
shareholder_yield,12,6,50034,1340,2181,0.0774812883902326,0.8960090844285873,0.026781788383898948,0.0435903585561818,0.614397065566254,True
shareholder_yield,12,7,50021,928,1649,0.08569761177949364,0.8960090844285873,0.018552208072609502,0.0329661542152296,0.5627653123104912,True
shareholder_yield,12,8,49983,994,1497,0.08684070324986681,0.8960090844285873,0.019886761498909628,0.029950183062241162,0.6639946559786238,True
shareholder_yield,12,9,50014,1035,1558,0.08603072083658458,0.8960090844285873,0.020694205622425722,0.031151277642260167,0.6643132220795893,True
shareholder_yield,12,10,50133,1414,2611,0.07663425435640692,0.8960090844285873,0.028204974767119462,0.05208146330760178,0.5415549597855228,True
marketcap,0,1,55759,3772,9949,-0.03933747412008293,0.997064396992395,0.06764827202783408,0.17842859448698864,0.37913358126444874,True
marketcap,0,2,55642,3065,6299,0.026468181652210543,0.997064396992395,0.05508428884655476,0.11320585169476295,0.4865851722495634,True
marketcap,0,3,55646,2671,5271,0.03212156463574234,0.997064396992395,0.04799985623405097,0.09472378967041656,0.5067349649022956,True
marketcap,0,4,55630,2483,4574,0.04298801609310654,0.997064396992395,0.0446341901851519,0.08222182275750495,0.5428508963707914,True
marketcap,0,5,55620,2079,4055,0.05480637741188377,0.997064396992395,0.03737864077669903,0.0729054297015462,0.5127003699136868,True
marketcap,0,6,55669,1749,3403,0.060782681099084135,0.997064396992395,0.03141784476099804,0.061129174226230036,0.5139582721128416,True
marketcap,0,7,55658,1518,2798,0.07050301595257602,0.997064396992395,0.027273707283768732,0.050271299723310216,0.54253037884203,True
marketcap,0,8,55628,1394,2475,0.07887201110125652,0.997064396992395,0.025059322643273173,0.044491982454878835,0.5632323232323233,True
marketcap,0,9,55658,1046,2195,0.08753994073330451,0.997064396992395,0.018793345071687808,0.03943727765999497,0.47653758542141234,True
marketcap,0,10,55769,590,1380,0.10135932514532975,0.997064396992395,0.01057935412146533,0.024744929979020603,0.427536231884058,True
marketcap,3,1,55904,3629,9845,-0.03475012491152102,0.999686558556235,0.06491485403548941,0.17610546651402403,0.3686135093956323,True
marketcap,3,2,55778,3125,6105,0.024225609047037633,0.999686558556235,0.05602567320448922,0.10945175517229015,0.5118755118755118,True
marketcap,3,3,55804,2659,5189,0.030169331918524778,0.999686558556235,0.047648914056340044,0.09298616586624615,0.5124301406822123,True
marketcap,3,4,55768,2406,4641,0.04333917104495044,0.999686558556235,0.04314302108736193,0.08321976760866447,0.5184227537168714,True
marketcap,3,5,55761,2167,4152,0.0542668018367225,0.999686558556235,0.03886228726170621,0.07446064453650401,0.521917148362235,True
marketcap,3,6,55827,1698,3344,0.06200880905086792,0.999686558556235,0.030415390402493418,0.059899331864510005,0.5077751196172249,True
marketcap,3,7,55802,1559,2895,0.0680032154340835,0.999686558556235,0.027938066735959284,0.05187986093688398,0.5385146804835924,True
marketcap,3,8,55769,1439,2552,0.08061049762370698,0.999686558556235,0.025802865391167135,0.04576018935250767,0.5638714733542319,True
marketcap,3,9,55809,1066,2180,0.08673731443368826,0.999686558556235,0.019100861868157466,0.039061800068089375,0.48899082568807345,True
marketcap,3,10,55921,611,1447,0.10125873301299992,0.999686558556235,0.010926127930473347,0.025875789059566175,0.42225293711126466,True
marketcap,6,1,55870,3510,9654,-0.03330592747985006,0.9991438570850304,0.0628244138177913,0.17279398603901916,0.36357986326911124,True
marketcap,6,2,55761,3135,6128,0.020464102164772013,0.9991438570850304,0.05622209070855975,0.10989759868008106,0.5115861618798956,True
marketcap,6,3,55766,2644,5197,0.03510895189038932,0.9991438570850304,0.047412401821898646,0.09319298497292257,0.5087550509909563,True
marketcap,6,4,55737,2337,4591,0.04143337066069441,0.9991438570850304,0.041929059691049035,0.08236898290184258,0.5090394249618819,True
marketcap,6,5,55728,2187,4129,0.05546491938577225,0.9991438570850304,0.03924418604651163,0.07409201837496411,0.5296682005328167,True
marketcap,6,6,55800,1788,3323,0.06266820238532056,0.9991438570850304,0.03204301075268817,0.059551971326164875,0.5380680108335841,True
marketcap,6,7,55762,1526,3017,0.06657784383834664,0.9991438570850304,0.027366306803916645,0.0541049460205875,0.505800464037123,True
marketcap,6,8,55750,1494,2555,0.0825272230597226,0.9991438570850304,0.026798206278026905,0.04582959641255605,0.5847358121330725,True
marketcap,6,9,55777,1117,2205,0.08690136378052649,0.9991438570850304,0.020026175663804078,0.03953242375889704,0.5065759637188209,True
marketcap,6,10,55889,606,1473,0.10147719974309566,0.9991438570850304,0.01084292078942189,0.026355812413891823,0.41140529531568226,True
marketcap,12,1,55440,3431,9340,-0.03239166639161317,0.9914117044408384,0.061886724386724386,0.16847041847041846,0.36734475374732334,True
marketcap,12,2,55309,2983,6126,0.019825072886297423,0.9914117044408384,0.0539333562349708,0.11075955088683578,0.4869409076069213,True
marketcap,12,3,55352,2554,4974,0.03508985400325493,0.9914117044408384,0.0461410608469432,0.08986125162595751,0.513470044229996,True
marketcap,12,4,55304,2360,4343,0.04524191034543634,0.9914117044408384,0.04267322435990163,0.07852958194705627,0.543403177527055,True
marketcap,12,5,55305,2168,4064,0.05679346228467286,0.9914117044408384,0.03920079558810234,0.0734834101799114,0.5334645669291338,True
marketcap,12,6,55351,1768,3290,0.06455064194008564,0.9914117044408384,0.031941609004354034,0.0594388538599122,0.5373860182370821,True
marketcap,12,7,55341,1579,2988,0.06648498421521265,0.9914117044408384,0.028532191322889,0.05399251910879818,0.5284471218206158,True
marketcap,12,8,55315,1485,2554,0.08378016085790896,0.9914117044408384,0.026846244237548587,0.046171924432794,0.5814408770555991,True
marketcap,12,9,55345,1104,2200,0.08623302810230515,0.9914117044408384,0.019947601409341403,0.039750654982383234,0.5018181818181818,True
marketcap,12,10,55461,646,1384,0.10162000288641937,0.9914117044408384,0.011647824597464886,0.024954472512215792,0.46676300578034685,True
pb,0,1,62741,3162,6216,0.0619514713474445,0.9589749927460695,0.05039766659759966,0.09907397076871584,0.5086872586872587,True
pb,0,2,52951,1508,3241,0.0626753088103611,0.9589749927460695,0.028479159978092954,0.06120753149137882,0.4652884912064178,True
pb,0,3,53832,1683,3178,0.05731735308818353,0.9589749927460695,0.03126393223361569,0.059035517907564276,0.5295783511642542,True
pb,0,4,51333,1501,3150,0.05249895002099958,0.9589749927460695,0.029240449613309176,0.061364034831395006,0.4765079365079365,True
pb,0,5,51670,1572,3144,0.0580464257656369,0.9589749927460695,0.030423843622992067,0.06084768724598413,0.5,True
pb,0,6,52765,1601,3447,0.055226426799007244,0.9589749927460695,0.03034208282005117,0.06532739505353928,0.46446185088482733,True
pb,0,7,52255,1660,3630,0.05576553003558038,0.9589749927460695,0.031767294995694195,0.0694670366472108,0.4573002754820937,True
pb,0,8,52199,1726,3942,0.05726872246696035,0.9589749927460695,0.03306576754343953,0.07551868809747313,0.4378488077118215,True
pb,0,9,52485,2056,4405,0.058640373637778964,0.9589749927460695,0.039173097075354865,0.0839287415452034,0.46674233825198636,True
pb,0,10,53182,2715,5201,0.053050361754387265,0.9589749927460695,0.051051107517581136,0.09779624685043811,0.5220149971159392,True
pb,3,1,63279,3080,5954,0.05443388756927958,0.9613356545911111,0.04867333554575767,0.09409124670111728,0.517299294591871,True
pb,3,2,53443,1613,3309,0.05961243393760296,0.9613356545911111,0.030181688902194862,0.061916434331905024,0.48745844666062255,True
pb,3,3,52038,1517,3143,0.055956745626597915,0.9613356545911111,0.029151773703831815,0.06039817056766209,0.48265987909640473,True
pb,3,4,52483,1588,3124,0.0531953576895583,0.9613356545911111,0.03025741668730827,0.05952403635462912,0.5083226632522407,True
pb,3,5,52316,1569,3187,0.05586090947438738,0.9613356545911111,0.02999082498661977,0.06091826592247114,0.4923125196109193,True
pb,3,6,52367,1649,3467,0.058652826608627695,0.9613356545911111,0.031489296694483165,0.06620581664025053,0.47562734352466113,True
pb,3,7,52527,1681,3579,0.056787887073620924,0.9613356545911111,0.03200258914463038,0.06813638700097092,0.4696842693489802,True
pb,3,8,52225,1739,3886,0.05674580196873191,0.9613356545911111,0.033298228817616085,0.07440880804212542,0.44750386001029335,True
pb,3,9,52811,2135,4438,0.05938494167550368,0.9613356545911111,0.040427183730662175,0.08403552290242564,0.4810725552050473,True
pb,3,10,53242,2600,5429,0.05142244895580028,0.9613356545911111,0.048833627587243154,0.10196837083505503,0.478909559771597,True
pb,6,1,62511,2946,5656,0.04963053249028704,0.9602269674271652,0.047127705523827806,0.09048007550671082,0.5208628005657708,True
pb,6,2,53596,1590,3292,0.05716769929540766,0.9602269674271652,0.02966639301440406,0.061422494215986265,0.48298906439854195,True
pb,6,3,53058,1534,3256,0.058672700583973225,0.9602269674271652,0.02891175694522975,0.061366806136680614,0.4711302211302211,True
pb,6,4,51724,1627,3110,0.05382640484282841,0.9602269674271652,0.031455417214445905,0.06012682700487201,0.5231511254019292,True
pb,6,5,52416,1642,3270,0.0573245913225251,0.9602269674271652,0.031326312576312576,0.062385531135531136,0.5021406727828747,True
pb,6,6,52724,1596,3421,0.060073413924930597,0.9602269674271652,0.03027084439723845,0.06488506183142402,0.4665302543116048,True
pb,6,7,52023,1676,3508,0.05817113070481894,0.9602269674271652,0.03221651961632355,0.06743171289621898,0.47776510832383123,True
pb,6,8,52220,1741,3853,0.05921903783960325,0.9602269674271652,0.03333971658368441,0.0737839908081195,0.45185569685958993,True
pb,6,9,52635,2200,4471,0.06093189964157708,0.9602269674271652,0.04179728317659352,0.0849434786738862,0.49205994184746144,True
pb,6,10,53205,2565,5603,0.050195484928742484,0.9602269674271652,0.04820975472230053,0.10530965134855746,0.45779046939139745,True
pb,12,1,61690,2730,5320,0.04859635217572833,0.9501072865284659,0.044253525692981036,0.08623763981196304,0.5131578947368421,True
pb,12,2,53137,1664,3250,0.05632112162097269,0.9501072865284659,0.03131527937218887,0.06116265502380639,0.512,True
pb,12,3,52804,1578,3260,0.05706395237843398,0.9501072865284659,0.02988409968941747,0.06173774714036816,0.4840490797546012,True
pb,12,4,51067,1565,3196,0.055179875574790316,0.9501072865284659,0.030646014059960446,0.06258444788219399,0.48967459324155194,True
pb,12,5,51929,1702,3192,0.06329113924050622,0.9501072865284659,0.03277552042211481,0.061468543588361034,0.5332080200501252,True
pb,12,6,51468,1514,3199,0.060357787464648927,0.9501072865284659,0.029416336364342894,0.06215512551488304,0.4732728977805564,True
pb,12,7,51937,1652,3353,0.06209150326797386,0.9501072865284659,0.03180776710245105,0.06455898492404259,0.49269311064718163,True
pb,12,8,51781,1723,3625,0.06553176891823798,0.9501072865284659,0.03327475328788552,0.07000637299395532,0.47531034482758616,True
pb,12,9,52016,2150,4290,0.05968011454122857,0.9501072865284659,0.04133343586588742,0.08247462319286374,0.5011655011655012,True
pb,12,10,52633,2441,5580,0.04745740583589009,0.9501072865284659,0.04637774780080938,0.10601713753728649,0.43745519713261655,True
dividend_yield,0,1,275973,14608,31892,0.014984709480122094,0.9998280549794203,0.05293271443220895,0.11556202961883952,0.4580459049291359,True
dividend_yield,0,5,11744,265,272,0.10981290310997072,0.9998280549794203,0.022564713896457766,0.02316076294277929,0.974264705882353,True
dividend_yield,0,6,51376,1160,1889,0.08784416179953958,0.9998280549794203,0.022578635938959826,0.036768140766116474,0.6140815246161991,True
dividend_yield,0,7,55624,927,1600,0.08020518441697133,0.9998280549794203,0.01666546814324752,0.028764562059542642,0.5793750000000001,True
dividend_yield,0,8,54425,916,1635,0.08614313682836627,0.9998280549794203,0.016830500689021588,0.03004134129536059,0.5602446483180428,True
dividend_yield,0,9,54390,980,1758,0.07835435067195184,0.9998280549794203,0.018018018018018018,0.03232211803640375,0.5574516496018203,True
dividend_yield,0,10,54690,1507,3325,0.07588199761180658,0.9998280549794203,0.027555311757176813,0.060797220698482354,0.4532330827067669,True
dividend_yield,3,1,277145,14595,31868,0.015548180924287225,0.9993319219512894,0.052661963953886955,0.11498673979324903,0.4579829295845362,True
dividend_yield,3,5,10589,289,237,0.10793752422560443,0.9993319219512894,0.027292473321371233,0.0223817168760034,1.2194092827004217,True
dividend_yield,3,6,51299,1170,1941,0.09222627840507092,0.9993319219512894,0.02280746213376479,0.03783699487319441,0.6027820710973725,True
dividend_yield,3,7,55726,976,1689,0.08107107600786989,0.9993319219512894,0.01751426623120267,0.03030901195133331,0.5778567199526347,True
dividend_yield,3,8,54153,924,1646,0.08898355224233812,0.9993319219512894,0.017062766605728214,0.03039536129115654,0.5613608748481166,True
dividend_yield,3,9,54273,907,1773,0.07573399173420636,0.9993319219512894,0.016711808818381146,0.0326681775468465,0.5115623237450648,True
dividend_yield,3,10,54760,1491,3146,0.07254586780271466,0.9993319219512894,0.02722790357925493,0.05745069393718042,0.4739351557533376,True
dividend_yield,6,1,278362,14610,31823,0.01620885291306562,0.9985993645198614,0.05248561226029415,0.11432235721829848,0.459101907425447,True
dividend_yield,6,5,9525,287,227,0.10420168067226898,0.9985993645198614,0.030131233595800524,0.023832020997375327,1.2643171806167401,True
dividend_yield,6,6,50569,1166,1884,0.09587665406427215,0.9985993645198614,0.023057604461231188,0.037256026419347825,0.6188959660297239,True
dividend_yield,6,7,55309,1020,1766,0.08263870799687423,0.9985993645198614,0.018441844907700376,0.03192970402646947,0.57757644394111,True
dividend_yield,6,8,54845,953,1784,0.08724872668093187,0.9985993645198614,0.017376242136931352,0.0325280335490929,0.5341928251121075,True
dividend_yield,6,9,54215,895,1756,0.07591830272324263,0.9985993645198614,0.016508346398598175,0.03238956008484737,0.5096810933940774,True
dividend_yield,6,10,54711,1401,2950,0.07039300263599335,0.9985993645198614,0.025607281899435213,0.053919687083036315,0.47491525423728814,True
dividend_yield,12,1,275733,14274,30360,0.019922630560928356,0.9856676660970988,0.05176747070535627,0.11010651608621384,0.4701581027667984,True
dividend_yield,12,5,8534,269,230,0.10388274030744193,0.9856676660970988,0.03152097492383408,0.026951019451605343,1.1695652173913045,True
dividend_yield,12,6,50034,1213,1840,0.09293514262294889,0.9856676660970988,0.024243514410201065,0.03677499300475676,0.6592391304347827,True
dividend_yield,12,7,54594,1056,1829,0.08169511285705244,0.9856676660970988,0.019342784921419935,0.03350185002014874,0.5773646801530891,True
dividend_yield,12,8,54067,922,1770,0.08661076335577333,0.9856676660970988,0.017052915826659513,0.03273715945031165,0.5209039548022598,True
dividend_yield,12,9,53491,895,1669,0.08103770518446285,0.9856676660970988,0.01673178665569909,0.031201510534482436,0.536249251048532,True
dividend_yield,12,10,53863,1279,2865,0.0677506775067751,0.9856676660970988,0.023745428216029558,0.053190501828713585,0.4464223385689355,True
realized_vol_12m,0,1,55440,94,730,0.09091247823642179,0.9915746939915961,0.0016955266955266956,0.013167388167388168,0.12876712328767123,False
realized_vol_12m,0,2,55326,331,926,0.09293366666831682,0.9915746939915961,0.005982720601525503,0.016737157936594006,0.357451403887689,True
realized_vol_12m,0,3,55356,546,1480,0.0829335016795325,0.9915746939915961,0.009863429438543247,0.026736035840739938,0.3689189189189189,True
realized_vol_12m,0,4,55322,818,1936,0.07516986319178387,0.9915746939915961,0.014786161020931998,0.034995119482303605,0.4225206611570248,True
realized_vol_12m,0,5,55306,1311,2396,0.07257918231983962,0.9915746939915961,0.02370448052652515,0.04332260514229921,0.5471619365609349,True
realized_vol_12m,0,6,55365,1765,3184,0.05999243474971627,0.9915746939915961,0.031879346157319605,0.05750925675065475,0.5543341708542713,True
realized_vol_12m,0,7,55350,2468,4397,0.04249321942312856,0.9915746939915961,0.04458897922312557,0.07943992773261066,0.5612917898567206,True
realized_vol_12m,0,8,55328,3253,5758,0.02302016511670768,0.9915746939915961,0.05879482359745518,0.10407027183342973,0.564953108718305,True
realized_vol_12m,0,9,55354,4220,7859,0.0,0.9915746939915961,0.07623658633522419,0.14197709289301585,0.5369639903295584,True
realized_vol_12m,0,10,55467,5274,12622,-0.09402795425667088,0.9915746939915961,0.09508356319974039,0.22755872861340978,0.41784186341308827,True
realized_vol_12m,3,1,54870,142,951,0.09303877191216658,0.9813135166697116,0.0025879351193730635,0.017331875341716783,0.14931650893796006,True
realized_vol_12m,3,2,54757,343,1031,0.09462448312337735,0.9813135166697116,0.006264039300911299,0.018828642913234838,0.3326867119301649,True
realized_vol_12m,3,3,54777,676,1569,0.08304794520547953,0.9813135166697116,0.012340946017489092,0.028643408729941398,0.4308476736775016,True
realized_vol_12m,3,4,54751,945,2021,0.07140708656680506,0.9813135166697116,0.01725995872221512,0.0369125678069807,0.4675903018307768,True
realized_vol_12m,3,5,54728,1355,2385,0.07327217801355723,0.9813135166697116,0.024758807191931003,0.043579155094284464,0.5681341719077567,True
realized_vol_12m,3,6,54797,1803,3167,0.06078001013000178,0.9813135166697116,0.03290326112743398,0.05779513477015165,0.5693084938427534,True
realized_vol_12m,3,7,54771,2399,4220,0.04474114682346708,0.9813135166697116,0.043800551386682735,0.077048072885286,0.568483412322275,True
realized_vol_12m,3,8,54757,3067,5619,0.023106171395144814,0.9813135166697116,0.05601110360319229,0.10261701700239238,0.5458266595479623,True
realized_vol_12m,3,9,54777,4076,7396,0.0,0.9813135166697116,0.07441079285101411,0.1350201727002209,0.5511087074094104,True
realized_vol_12m,3,10,54900,4963,11772,-0.08215820736443441,0.9813135166697116,0.09040072859744991,0.21442622950819673,0.4215936119605844,True
realized_vol_12m,6,1,54232,194,1089,0.0958701716715058,0.9698952926468428,0.0035772237793184835,0.02008039533854551,0.1781450872359963,True
realized_vol_12m,6,2,54117,367,1117,0.09639125720762887,0.9698952926468428,0.00678160282351202,0.020640464179463015,0.3285586392121755,True
realized_vol_12m,6,3,54142,731,1653,0.08437153401972042,0.9698952926468428,0.013501533005799564,0.030530826345535812,0.4422262552934059,True
realized_vol_12m,6,4,54111,1014,2003,0.06930957530221704,0.9698952926468428,0.01873925819149526,0.03701650311396943,0.5062406390414379,True
realized_vol_12m,6,5,54096,1327,2364,0.07192950757510952,0.9698952926468428,0.024530464359656907,0.04370008873114463,0.561336717428088,True
realized_vol_12m,6,6,54163,1896,3132,0.059590487558534466,0.9698952926468428,0.03500544652253383,0.05782545279988184,0.6053639846743294,True
realized_vol_12m,6,7,54137,2319,4106,0.04540598290598297,0.9698952926468428,0.04283576851321647,0.07584461643607884,0.5647832440331223,True
realized_vol_12m,6,8,54116,3019,5360,0.02500856546824537,0.9698952926468428,0.05578756744770493,0.09904649271934363,0.5632462686567165,True
realized_vol_12m,6,9,54143,3764,7080,0.0,0.9698952926468428,0.06951960548916758,0.1307648264780304,0.5316384180790961,True
realized_vol_12m,6,10,54253,4789,11122,-0.07470119521912355,0.9698952926468428,0.08827161631614841,0.20500248834165852,0.430588023736738,True
realized_vol_12m,12,1,52924,219,1151,0.10095220522773118,0.946473156874756,0.004138009220769405,0.021748167183130527,0.1902693310165074,True
realized_vol_12m,12,2,52811,442,1198,0.10179235711870138,0.946473156874756,0.00836946848194505,0.022684667966900836,0.36894824707846413,True
realized_vol_12m,12,3,52828,764,1639,0.08471683476268166,0.946473156874756,0.014462027712576663,0.031025213901718786,0.4661378889566809,True
realized_vol_12m,12,4,52814,1043,2055,0.07101035410098333,0.946473156874756,0.019748551520430188,0.038910137463551334,0.5075425790754258,True
realized_vol_12m,12,5,52777,1468,2250,0.06782634117819031,0.946473156874756,0.027815146749531047,0.0426322072114747,0.6524444444444445,True
realized_vol_12m,12,6,52856,1778,2844,0.05988707853456732,0.946473156874756,0.03363856515816558,0.05380656879067656,0.6251758087201125,True
realized_vol_12m,12,7,52835,2275,3810,0.04765072765072764,0.946473156874756,0.043058578593735214,0.07211128986467304,0.5971128608923885,True
realized_vol_12m,12,8,52807,2849,5050,0.02418479155012987,0.946473156874756,0.05395118071467798,0.09563126100706346,0.5641584158415842,True
realized_vol_12m,12,9,52832,3520,6704,0.0,0.946473156874756,0.06662628709872805,0.12689279224712297,0.5250596658711217,True
realized_vol_12m,12,10,52949,4245,10120,-0.06470588235294117,0.946473156874756,0.0801714857693252,0.1911273111862358,0.41946640316205536,True
