label,ticker,month_end,cluster
launch_300,AKS,2006-01-31,2
launch_300,BKNG,2006-01-31,2
launch_300,MCF,2006-01-31,2
launch_300,MOS,2006-01-31,2
launch_300,PHRM,2006-01-31,1
launch_300,POT,2006-01-31,2
launch_300,TNH,2006-01-31,2
launch_300,TRA,2006-01-31,1
launch_300,AKS,2006-02-28,2
launch_300,AUXL,2006-02-28,2
launch_300,BKNG,2006-02-28,2
launch_300,CHDX,2006-02-28,1
launch_300,GNKOQ,2006-02-28,1
launch_300,MOS,2006-02-28,2
launch_300,PHRM,2006-02-28,1
launch_300,POT,2006-02-28,2
launch_300,SVNTQ,2006-02-28,2
launch_300,TNH,2006-02-28,2
launch_300,TRA,2006-02-28,2
launch_300,BKNG,2006-03-31,2
launch_300,CALM,2006-03-31,1
launch_300,MOS,2006-03-31,2
launch_300,PHRM,2006-03-31,1
launch_300,POT,2006-03-31,2
launch_300,TRA,2006-03-31,2
launch_300,AKS,2006-04-30,2
launch_300,AUXL,2006-04-30,2
launch_300,BKNG,2006-04-30,2
launch_300,CALM,2006-04-30,2
launch_300,GNKOQ,2006-04-30,1
launch_300,LNN,2006-04-30,2
launch_300,MOS,2006-04-30,2
launch_300,POT,2006-04-30,2
launch_300,TRA,2006-04-30,2
launch_300,AKS,2006-05-31,2
launch_300,BKNG,2006-05-31,2
launch_300,CLF,2006-05-31,2
launch_300,GLDN1,2006-05-31,2
launch_300,GNKOQ,2006-05-31,1
launch_300,GTI1,2006-05-31,2
launch_300,LNN,2006-05-31,2
launch_300,MOS,2006-05-31,2
launch_300,POT,2006-05-31,2
launch_300,SVNTQ,2006-05-31,2
launch_300,TRA,2006-05-31,2
launch_300,AKS,2006-06-30,2
launch_300,AMSC,2006-06-30,2
launch_300,ANRZQ,2006-06-30,2
launch_300,AUXL,2006-06-30,2
launch_300,CLF,2006-06-30,2
launch_300,GLDN1,2006-06-30,2
launch_300,GNKOQ,2006-06-30,1
launch_300,GTI1,2006-06-30,1
launch_300,MA,2006-06-30,2
launch_300,MOS,2006-06-30,2
launch_300,PHRM,2006-06-30,1
launch_300,POT,2006-06-30,2
launch_300,SVNTQ,2006-06-30,2
launch_300,TRA,2006-06-30,2
launch_300,AKS,2006-07-31,2
launch_300,AMSC,2006-07-31,1
launch_300,ANRZQ,2006-07-31,2
launch_300,AUXL,2006-07-31,2
launch_300,BKNG,2006-07-31,2
launch_300,CLF,2006-07-31,2
launch_300,GLDN1,2006-07-31,2
launch_300,GTI1,2006-07-31,1
launch_300,MA,2006-07-31,2
launch_300,MOS,2006-07-31,2
launch_300,PHRM,2006-07-31,1
launch_300,POT,2006-07-31,2
launch_300,SVNTQ,2006-07-31,2
launch_300,TRA,2006-07-31,2
launch_300,WLTGQ,2006-07-31,2
launch_300,AKS,2006-08-31,2
launch_300,ANRZQ,2006-08-31,2
launch_300,CF,2006-08-31,2
launch_300,CLF,2006-08-31,2
launch_300,MA,2006-08-31,2
launch_300,MOS,2006-08-31,2
launch_300,POT,2006-08-31,2
launch_300,TRA,2006-08-31,2
launch_300,CF,2006-09-30,2
launch_300,MOS,2006-09-30,2
launch_300,TNH,2006-09-30,2
launch_300,TNH,2006-11-30,2
launch_300,STEC1,2007-07-31,1
launch_300,STEC1,2007-08-31,1
launch_300,MED,2007-10-31,1
launch_300,DNDNQ,2007-11-30,1
launch_300,DNDNQ,2007-12-31,1
launch_300,DNDNQ,2008-01-31,1
launch_300,HGSI,2008-01-31,1
launch_300,SLXP,2008-01-31,1
launch_300,DNDNQ,2008-02-29,1
launch_300,GMCR,2008-02-29,2
launch_300,HGSI,2008-02-29,1
launch_300,SLXP,2008-02-29,1
launch_300,GMCR,2008-03-31,2
launch_300,HGSI,2008-03-31,1
launch_300,SLXP,2008-03-31,1
launch_300,DNDNQ,2008-04-30,1
launch_300,HGSI,2008-04-30,1
launch_300,SLXP,2008-04-30,1
launch_300,DNDNQ,2008-05-31,1
launch_300,HGSI,2008-05-31,1
launch_300,SLXP,2008-05-31,1
launch_300,DTGF,2008-06-30,1
launch_300,HGSI,2008-06-30,1
launch_300,NFLX,2008-06-30,2
launch_300,SLXP,2008-06-30,1
launch_300,DNDNQ,2008-07-31,1
launch_300,SLXP,2008-07-31,1
launch_300,APKT,2008-08-31,1
launch_300,DNDNQ,2008-08-31,1
launch_300,NFLX,2008-08-31,2
launch_300,SLXP,2008-08-31,1
launch_300,APKT,2008-09-30,1
launch_300,ARUN,2008-09-30,1
launch_300,BKNG,2008-09-30,2
launch_300,DNDNQ,2008-09-30,1
launch_300,FFIV,2008-09-30,2
launch_300,HGSI,2008-09-30,1
launch_300,NFLX,2008-09-30,2
launch_300,SLXP,2008-09-30,1
launch_300,ACF,2008-10-31,1
launch_300,BID1,2008-10-31,1
launch_300,BKNG,2008-10-31,2
launch_300,CMG,2008-10-31,2
launch_300,DDS,2008-10-31,1
launch_300,ENOC,2008-10-31,1
launch_300,FFIV,2008-10-31,2
launch_300,GMCR,2008-10-31,2
launch_300,HGGGQ,2008-10-31,1
launch_300,NFLX,2008-10-31,2
launch_300,RVBD,2008-10-31,1
launch_300,SGI,2008-10-31,1
launch_300,SLXP,2008-10-31,1
launch_300,SNDK1,2008-10-31,1
launch_300,TIVO,2008-10-31,1
launch_300,TRW,2008-10-31,1
launch_300,VECO,2008-10-31,1
launch_300,VMED,2008-10-31,1
launch_300,WSM,2008-10-31,1
launch_300,AKAM,2008-11-30,1
launch_300,AMZN,2008-11-30,2
launch_300,ASH,2008-11-30,1
launch_300,BBWI,2008-11-30,1
launch_300,BEAV,2008-11-30,1
launch_300,BEZ1,2008-11-30,1
launch_300,BID1,2008-11-30,1
launch_300,BKNG,2008-11-30,2
launch_300,BUCY,2008-11-30,1
launch_300,CAKE,2008-11-30,1
launch_300,CMG,2008-11-30,2
launch_300,COO,2008-11-30,1
launch_300,CRM,2008-11-30,2
launch_300,DCP,2008-11-30,1
launch_300,DIN,2008-11-30,1
launch_300,EVVV,2008-11-30,1
launch_300,FCX,2008-11-30,1
launch_300,FFIV,2008-11-30,2
launch_300,FOSL,2008-11-30,1
launch_300,GMCR,2008-11-30,2
launch_300,GRA,2008-11-30,1
launch_300,HLF,2008-11-30,1
launch_300,JCG,2008-11-30,1
launch_300,KMX,2008-11-30,1
launch_300,LULU,2008-11-30,1
launch_300,LVS,2008-11-30,1
launch_300,MSB,2008-11-30,1
launch_300,MWE,2008-11-30,1
launch_300,NFLX,2008-11-30,2
launch_300,NGLS,2008-11-30,1
launch_300,OSK,2008-11-30,1
launch_300,OVTI,2008-11-30,1
launch_300,OXM,2008-11-30,1
launch_300,PAR1,2008-11-30,1
launch_300,PERY,2008-11-30,1
launch_300,PXD,2008-11-30,1
launch_300,RCL,2008-11-30,1
launch_300,RHT,2008-11-30,2
launch_300,ROC1,2008-11-30,1
launch_300,ROSE1,2008-11-30,1
launch_300,RVBD,2008-11-30,1
launch_300,SFSF,2008-11-30,1
launch_300,SGI,2008-11-30,1
launch_300,SLXP,2008-11-30,2
launch_300,SNDK1,2008-11-30,1
launch_300,SWKS,2008-11-30,2
launch_300,TIVO,2008-11-30,1
launch_300,TLEO,2008-11-30,1
launch_300,ULTA,2008-11-30,1
launch_300,VECO,2008-11-30,1
launch_300,VMW,2008-11-30,1
launch_300,WFM,2008-11-30,1
launch_300,WLTGQ,2008-11-30,1
launch_300,WOLF2,2008-11-30,2
launch_300,WPZ1,2008-11-30,1
launch_300,WSM,2008-11-30,1
launch_300,XL1,2008-11-30,1
launch_300,ANN,2008-12-31,1
launch_300,APKT,2008-12-31,1
launch_300,APL,2008-12-31,1
launch_300,ARST,2008-12-31,1
launch_300,ASH,2008-12-31,1
launch_300,BEAV,2008-12-31,1
launch_300,BID1,2008-12-31,1
launch_300,BKNG,2008-12-31,2
launch_300,BRY1,2008-12-31,1
launch_300,BUCY,2008-12-31,1
launch_300,CMI,2008-12-31,1
launch_300,CRM,2008-12-31,2
launch_300,CTB,2008-12-31,1
launch_300,CTSH,2008-12-31,2
launch_300,DCP,2008-12-31,1
launch_300,DIN,2008-12-31,1
launch_300,DIOD,2008-12-31,1
launch_300,FCX,2008-12-31,1
launch_300,FFIV,2008-12-31,2
launch_300,FOSL,2008-12-31,1
launch_300,GIII,2008-12-31,1
launch_300,GRA,2008-12-31,1
launch_300,KMX,2008-12-31,1
launch_300,LULU,2008-12-31,1
launch_300,LVS,2008-12-31,1
launch_300,MDRIQ,2008-12-31,1
launch_300,MWE,2008-12-31,1
launch_300,NFLX,2008-12-31,2
launch_300,NGLS,2008-12-31,1
launch_300,NZ,2008-12-31,1
launch_300,OSK,2008-12-31,1
launch_300,OVTI,2008-12-31,1
launch_300,PAR1,2008-12-31,1
launch_300,PERY,2008-12-31,1
launch_300,PPO,2008-12-31,1
launch_300,PXD,2008-12-31,1
launch_300,RGP1,2008-12-31,1
launch_300,ROSE1,2008-12-31,1
launch_300,RVBD,2008-12-31,1
launch_300,SFSF,2008-12-31,1
launch_300,SGI,2008-12-31,1
launch_300,SLXP,2008-12-31,2
launch_300,SNDK1,2008-12-31,1
launch_300,SWKS,2008-12-31,1
launch_300,TIVO,2008-12-31,2
launch_300,TNL,2008-12-31,1
launch_300,TTES,2008-12-31,1
launch_300,ULTA,2008-12-31,1
launch_300,VECO,2008-12-31,1
launch_300,WFM,2008-12-31,1
launch_300,WLTGQ,2008-12-31,1
launch_300,WOLF2,2008-12-31,2
launch_300,WPZ1,2008-12-31,1
launch_300,WSM,2008-12-31,1
launch_300,ALV,2009-01-31,1
launch_300,ANVGQ,2009-01-31,1
launch_300,ARST,2009-01-31,2
launch_300,ASH,2009-01-31,1
launch_300,BBWI,2009-01-31,1
launch_300,BEAV,2009-01-31,1
launch_300,BEZ1,2009-01-31,1
launch_300,BID1,2009-01-31,1
launch_300,BKNG,2009-01-31,2
launch_300,BRY1,2009-01-31,1
launch_300,BUCY,2009-01-31,1
launch_300,CAB,2009-01-31,1
launch_300,CAVM,2009-01-31,1
launch_300,CMG,2009-01-31,2
launch_300,CMI,2009-01-31,1
launch_300,CPX,2009-01-31,1
launch_300,CRM,2009-01-31,2
launch_300,DECK,2009-01-31,2
launch_300,DIN,2009-01-31,1
launch_300,EVVV,2009-01-31,1
launch_300,FCX,2009-01-31,1
launch_300,FFIV,2009-01-31,2
launch_300,FOSL,2009-01-31,1
launch_300,GBX,2009-01-31,1
launch_300,GNTX,2009-01-31,1
launch_300,GRA,2009-01-31,1
launch_300,GTLS,2009-01-31,1
launch_300,JAS,2009-01-31,1
launch_300,JCG,2009-01-31,1
launch_300,JOY,2009-01-31,1
launch_300,LDSH,2009-01-31,1
launch_300,LULU,2009-01-31,1
launch_300,LVS,2009-01-31,1
launch_300,LXU,2009-01-31,1
launch_300,MEE,2009-01-31,1
launch_300,MSB,2009-01-31,1
launch_300,MWE,2009-01-31,1
launch_300,NEU,2009-01-31,1
launch_300,NFLX,2009-01-31,2
launch_300,NGLS,2009-01-31,1
launch_300,NZ,2009-01-31,1
launch_300,OLED,2009-01-31,1
launch_300,OSK,2009-01-31,1
launch_300,PPO,2009-01-31,1
launch_300,PXD,2009-01-31,1
launch_300,RCL,2009-01-31,1
launch_300,RDEN,2009-01-31,1
launch_300,ROC1,2009-01-31,1
launch_300,ROSE1,2009-01-31,1
launch_300,RVBD,2009-01-31,1
launch_300,SFSF,2009-01-31,1
launch_300,SGI,2009-01-31,1
launch_300,SLXP,2009-01-31,2
launch_300,SVVS,2009-01-31,1
launch_300,TIBX,2009-01-31,2
launch_300,TIN,2009-01-31,1
launch_300,TIVO,2009-01-31,2
launch_300,TNL,2009-01-31,1
launch_300,ULTA,2009-01-31,1
launch_300,URI,2009-01-31,1
launch_300,VMW,2009-01-31,2
launch_300,VRUS1,2009-01-31,1
launch_300,WEX,2009-01-31,1
launch_300,WFM,2009-01-31,1
launch_300,WLL2,2009-01-31,1
launch_300,WLTGQ,2009-01-31,1
launch_300,WSM,2009-01-31,1
launch_300,WYNN,2009-01-31,1
launch_300,XEC,2009-01-31,1
launch_300,AAWW,2009-02-28,1
launch_300,AHGP,2009-02-28,2
launch_300,ALV,2009-02-28,1
launch_300,AMP,2009-02-28,1
launch_300,APL,2009-02-28,1
launch_300,ARST,2009-02-28,2
launch_300,ASH,2009-02-28,1
launch_300,ATLS2,2009-02-28,1
launch_300,AWI,2009-02-28,1
launch_300,BBWI,2009-02-28,1
launch_300,BEAV,2009-02-28,1
launch_300,BEZ1,2009-02-28,1
launch_300,BID1,2009-02-28,1
launch_300,BKNG,2009-02-28,2
launch_300,BRY1,2009-02-28,1
launch_300,BUCY,2009-02-28,1
launch_300,BWA,2009-02-28,1
launch_300,CAT,2009-02-28,1
launch_300,CAVM,2009-02-28,1
launch_300,CBI,2009-02-28,1
launch_300,CBT,2009-02-28,1
launch_300,CE,2009-02-28,1
launch_300,CGX,2009-02-28,1
launch_300,CIEN,2009-02-28,1
launch_300,CLF,2009-02-28,1
launch_300,CLR,2009-02-28,1
launch_300,CMG,2009-02-28,2
launch_300,CMI,2009-02-28,1
launch_300,COF,2009-02-28,1
launch_300,COHR1,2009-02-28,1
launch_300,CRM,2009-02-28,2
launch_300,CTSH,2009-02-28,2
launch_300,CWEI,2009-02-28,1
launch_300,CXO,2009-02-28,2
launch_300,DBI,2009-02-28,1
launch_300,DCP,2009-02-28,1
launch_300,DD,2009-02-28,1
launch_300,DECK,2009-02-28,1
launch_300,DFT,2009-02-28,1
launch_300,DIN,2009-02-28,1
launch_300,DLLR,2009-02-28,1
launch_300,DWSN1,2009-02-28,1
launch_300,EL,2009-02-28,2
launch_300,EMN,2009-02-28,1
launch_300,FFIV,2009-02-28,2
launch_300,FOSL,2009-02-28,1
launch_300,GMCR,2009-02-28,2
launch_300,GRA,2009-02-28,1
launch_300,GTLS,2009-02-28,1
launch_300,HAR,2009-02-28,1
launch_300,HIG,2009-02-28,1
launch_300,HLF,2009-02-28,1
launch_300,HOG,2009-02-28,1
launch_300,HOT,2009-02-28,1
launch_300,HRC,2009-02-28,1
launch_300,HS,2009-02-28,1
launch_300,IP,2009-02-28,1
launch_300,IPGP,2009-02-28,1
launch_300,IPHS,2009-02-28,1
launch_300,JAS,2009-02-28,1
launch_300,JLL,2009-02-28,1
launch_300,JOY,2009-02-28,1
launch_300,LDSH,2009-02-28,1
launch_300,LFUS,2009-02-28,1
launch_300,LNY,2009-02-28,1
launch_300,LTM1,2009-02-28,1
launch_300,LUFK,2009-02-28,1
launch_300,LULU,2009-02-28,1
launch_300,LZ1,2009-02-28,1
launch_300,MEE,2009-02-28,1
launch_300,MIDD,2009-02-28,1
launch_300,MWE,2009-02-28,1
launch_300,NC,2009-02-28,1
launch_300,NDSN,2009-02-28,1
launch_300,NFLX,2009-02-28,2
launch_300,NGLS,2009-02-28,1
launch_300,NNI,2009-02-28,1
launch_300,NZ,2009-02-28,1
launch_300,OC,2009-02-28,1
launch_300,OIS,2009-02-28,1
launch_300,OLED,2009-02-28,1
launch_300,OSK,2009-02-28,1
launch_300,OVTI,2009-02-28,1
launch_300,PAR1,2009-02-28,2
launch_300,PFG,2009-02-28,1
launch_300,PII,2009-02-28,1
launch_300,POLY,2009-02-28,1
launch_300,PRU,2009-02-28,1
launch_300,PXD,2009-02-28,1
launch_300,RCL,2009-02-28,1
launch_300,RDEN,2009-02-28,1
launch_300,RES,2009-02-28,1
launch_300,ROC1,2009-02-28,1
launch_300,ROK,2009-02-28,1
launch_300,ROSE1,2009-02-28,1
launch_300,RVBD,2009-02-28,2
launch_300,SFLY,2009-02-28,1
launch_300,SFSF,2009-02-28,1
launch_300,SFYWQ,2009-02-28,1
launch_300,SGI,2009-02-28,1
launch_300,SHS,2009-02-28,1
launch_300,SIRO,2009-02-28,1
launch_300,SLXP,2009-02-28,2
launch_300,SM,2009-02-28,1
launch_300,SNDK1,2009-02-28,1
launch_300,SVVS,2009-02-28,1
launch_300,SWKS,2009-02-28,2
launch_300,TAL1,2009-02-28,1
launch_300,TKR,2009-02-28,1
launch_300,TNC,2009-02-28,1
launch_300,TPR,2009-02-28,1
launch_300,TRN,2009-02-28,1
launch_300,TTES,2009-02-28,1
launch_300,TUPBQ,2009-02-28,1
launch_300,TWI,2009-02-28,1
launch_300,TXT,2009-02-28,1
launch_300,UAA,2009-02-28,1
launch_300,ULTA,2009-02-28,1
launch_300,ULTI1,2009-02-28,1
launch_300,VMW,2009-02-28,2
launch_300,VRUS1,2009-02-28,1
launch_300,WBC,2009-02-28,1
launch_300,WFM,2009-02-28,1
launch_300,WLL2,2009-02-28,1
launch_300,WLTGQ,2009-02-28,1
launch_300,WPZ1,2009-02-28,1
launch_300,WRLD,2009-02-28,1
launch_300,WSM,2009-02-28,1
launch_300,WYNN,2009-02-28,1
launch_300,XEC,2009-02-28,1
launch_300,AAWW,2009-03-31,1
launch_300,ACF,2009-03-31,1
launch_300,ALV,2009-03-31,1
launch_300,AM1,2009-03-31,1
launch_300,ANN,2009-03-31,1
launch_300,ANVGQ,2009-03-31,1
launch_300,APAGF,2009-03-31,1
launch_300,APKT,2009-03-31,1
launch_300,ASH,2009-03-31,1
launch_300,ATLS2,2009-03-31,1
launch_300,AWI,2009-03-31,1
launch_300,BBWI,2009-03-31,1
launch_300,BEAV,2009-03-31,1
launch_300,BEZ1,2009-03-31,1
launch_300,BID1,2009-03-31,1
launch_300,BKD,2009-03-31,1
launch_300,BKNG,2009-03-31,2
launch_300,BRY1,2009-03-31,1
launch_300,BUCY,2009-03-31,1
launch_300,CAT,2009-03-31,1
launch_300,CBI,2009-03-31,1
launch_300,CBT,2009-03-31,1
launch_300,CGX,2009-03-31,1
launch_300,CLF,2009-03-31,1
launch_300,CMG,2009-03-31,2
launch_300,CMI,2009-03-31,1
launch_300,COF,2009-03-31,1
launch_300,CPHD,2009-03-31,1
launch_300,CRM,2009-03-31,2
launch_300,CRRTQ,2009-03-31,2
launch_300,CRZO,2009-03-31,1
launch_300,CTRX,2009-03-31,2
launch_300,CVI,2009-03-31,1
launch_300,CXO,2009-03-31,2
launch_300,DBI,2009-03-31,1
launch_300,DD,2009-03-31,1
launch_300,DDS,2009-03-31,1
launch_300,DECK,2009-03-31,1
launch_300,DIN,2009-03-31,1
launch_300,EVEPQ,2009-03-31,1
launch_300,FFIV,2009-03-31,2
launch_300,FOSL,2009-03-31,1
launch_300,GIFI,2009-03-31,1
launch_300,GMCR,2009-03-31,2
launch_300,GRA,2009-03-31,1
launch_300,GTLS,2009-03-31,1
launch_300,HLF,2009-03-31,1
launch_300,HOT,2009-03-31,1
launch_300,HS,2009-03-31,1
launch_300,IP,2009-03-31,1
launch_300,IPGP,2009-03-31,1
launch_300,IPHS,2009-03-31,1
launch_300,JLL,2009-03-31,1
launch_300,JOY,2009-03-31,1
launch_300,KSU,2009-03-31,1
launch_300,LDSH,2009-03-31,1
launch_300,LFUS,2009-03-31,1
launch_300,LGCYQ,2009-03-31,1
launch_300,LNC,2009-03-31,1
launch_300,LUFK,2009-03-31,1
launch_300,LULU,2009-03-31,1
launch_300,LXU,2009-03-31,1
launch_300,LZ1,2009-03-31,2
launch_300,MEE,2009-03-31,1
launch_300,MWE,2009-03-31,1
launch_300,NC,2009-03-31,1
launch_300,NDSN,2009-03-31,1
launch_300,NFLX,2009-03-31,2
launch_300,NGLS,2009-03-31,1
launch_300,OIS,2009-03-31,1
launch_300,OLED,2009-03-31,1
launch_300,OSK,2009-03-31,1
launch_300,OVTI,2009-03-31,1
launch_300,PAR1,2009-03-31,2
launch_300,PAY2,2009-03-31,1
launch_300,PDCE,2009-03-31,1
launch_300,PFG,2009-03-31,1
launch_300,PII,2009-03-31,1
launch_300,PL1,2009-03-31,1
launch_300,PXD,2009-03-31,1
launch_300,RAX,2009-03-31,1
launch_300,RCL,2009-03-31,1
launch_300,RES,2009-03-31,1
launch_300,RNOW,2009-03-31,1
launch_300,ROC1,2009-03-31,1
launch_300,ROK,2009-03-31,1
launch_300,RVBD,2009-03-31,2
launch_300,SAM,2009-03-31,2
launch_300,SFLY,2009-03-31,2
launch_300,SFSF,2009-03-31,1
launch_300,SFYWQ,2009-03-31,1
launch_300,SGI,2009-03-31,1
launch_300,SM,2009-03-31,1
launch_300,SVVS,2009-03-31,1
launch_300,SWKS,2009-03-31,2
launch_300,TAL1,2009-03-31,1
launch_300,TEX,2009-03-31,1
launch_300,TIBX,2009-03-31,2
launch_300,TIN,2009-03-31,1
launch_300,TNC,2009-03-31,1
launch_300,TREX,2009-03-31,1
launch_300,TRN,2009-03-31,1
launch_300,TWI,2009-03-31,1
launch_300,TXT,2009-03-31,1
launch_300,UAA,2009-03-31,1
launch_300,ULTA,2009-03-31,1
launch_300,VECO,2009-03-31,1
launch_300,VRUS1,2009-03-31,1
launch_300,WBC,2009-03-31,1
launch_300,WLL2,2009-03-31,1
launch_300,WLTGQ,2009-03-31,1
launch_300,WPZ1,2009-03-31,1
launch_300,WSM,2009-03-31,1
launch_300,WYNN,2009-03-31,1
launch_300,XEC,2009-03-31,1
launch_300,XL1,2009-03-31,1
launch_300,AIMC,2009-04-30,1
launch_300,ANN,2009-04-30,1
launch_300,ANVGQ,2009-04-30,2
launch_300,APKT,2009-04-30,2
launch_300,BBWI,2009-04-30,1
launch_300,BID1,2009-04-30,1
launch_300,BKNG,2009-04-30,2
launch_300,BUCY,2009-04-30,1
launch_300,CLF,2009-04-30,1
launch_300,CPX,2009-04-30,1
launch_300,CRRTQ,2009-04-30,2
launch_300,CTRX,2009-04-30,2
launch_300,DBI,2009-04-30,1
launch_300,DDS,2009-04-30,1
launch_300,DECK,2009-04-30,2
launch_300,EVEPQ,2009-04-30,1
launch_300,FFG,2009-04-30,1
launch_300,FOSL,2009-04-30,2
launch_300,GMCR,2009-04-30,2
launch_300,GRA,2009-04-30,1
launch_300,HLF,2009-04-30,1
launch_300,HS,2009-04-30,1
launch_300,HUN,2009-04-30,1
launch_300,IMAX,2009-04-30,2
launch_300,IPGP,2009-04-30,1
launch_300,JOY,2009-04-30,1
launch_300,KWR,2009-04-30,1
launch_300,LDSH,2009-04-30,1
launch_300,LUFK,2009-04-30,1
launch_300,LULU,2009-04-30,1
launch_300,LVS,2009-04-30,1
launch_300,MEE,2009-04-30,1
launch_300,MWE,2009-04-30,1
launch_300,NFLX,2009-04-30,2
launch_300,NOG,2009-04-30,1
launch_300,OIS,2009-04-30,1
launch_300,OLED,2009-04-30,2
launch_300,PAR1,2009-04-30,2
launch_300,PAY2,2009-04-30,1
launch_300,PPO,2009-04-30,1
launch_300,PXD,2009-04-30,1
launch_300,RAX,2009-04-30,1
launch_300,RNOW,2009-04-30,1
launch_300,ROC1,2009-04-30,1
launch_300,ROSE1,2009-04-30,1
launch_300,SFLY,2009-04-30,2
launch_300,SGI,2009-04-30,2
launch_300,SM,2009-04-30,1
launch_300,TAL1,2009-04-30,1
launch_300,TIBX,2009-04-30,2
launch_300,TRW,2009-04-30,1
launch_300,TWI,2009-04-30,1
launch_300,ULTA,2009-04-30,1
launch_300,URI,2009-04-30,1
launch_300,VCI,2009-04-30,1
launch_300,VECO,2009-04-30,1
launch_300,VRUS1,2009-04-30,1
launch_300,WBC,2009-04-30,1
launch_300,WBS,2009-04-30,1
launch_300,WLL2,2009-04-30,1
launch_300,WLTGQ,2009-04-30,1
launch_300,WYNN,2009-04-30,1
launch_300,XEC,2009-04-30,1
launch_300,ALK,2009-05-31,1
launch_300,ANVGQ,2009-05-31,2
launch_300,APKT,2009-05-31,2
launch_300,APL,2009-05-31,1
launch_300,ARUN,2009-05-31,2
launch_300,BID1,2009-05-31,1
launch_300,BKI1,2009-05-31,1
launch_300,BKNG,2009-05-31,2
launch_300,CPX,2009-05-31,1
launch_300,CRM,2009-05-31,2
launch_300,CRRTQ,2009-05-31,2
launch_300,CTRX,2009-05-31,2
launch_300,DBI,2009-05-31,1
launch_300,DDS,2009-05-31,1
launch_300,DECK,2009-05-31,1
launch_300,DTGF,2009-05-31,1
launch_300,FOSL,2009-05-31,2
launch_300,GIII,2009-05-31,1
launch_300,GLBC,2009-05-31,1
launch_300,GMCR,2009-05-31,2
launch_300,GPORQ,2009-05-31,1
launch_300,HS,2009-05-31,1
launch_300,IMAX,2009-05-31,2
launch_300,IPGP,2009-05-31,1
launch_300,LDSH,2009-05-31,1
launch_300,LUFK,2009-05-31,1
launch_300,LULU,2009-05-31,1
launch_300,LVS,2009-05-31,1
launch_300,NFLX,2009-05-31,2
launch_300,OLED,2009-05-31,1
launch_300,OXM,2009-05-31,1
launch_300,PAY2,2009-05-31,1
launch_300,PPO,2009-05-31,1
launch_300,RDEN,2009-05-31,1
launch_300,ROSE1,2009-05-31,1
launch_300,SFLY,2009-05-31,2
launch_300,SFSF,2009-05-31,1
launch_300,SGI,2009-05-31,2
launch_300,SHS,2009-05-31,1
launch_300,SLXP,2009-05-31,2
launch_300,TEN1,2009-05-31,1
launch_300,TIBX,2009-05-31,2
launch_300,TRW,2009-05-31,1
launch_300,ULTA,2009-05-31,1
launch_300,VCI,2009-05-31,1
launch_300,VECO,2009-05-31,1
launch_300,VRUS1,2009-05-31,1
launch_300,WBC,2009-05-31,1
launch_300,WYNN,2009-05-31,1
launch_300,ACTG,2009-06-30,2
launch_300,ANVGQ,2009-06-30,2
launch_300,APAGF,2009-06-30,1
launch_300,APKT,2009-06-30,2
launch_300,APL,2009-06-30,1
launch_300,BASXQ,2009-06-30,1
launch_300,BKNG,2009-06-30,2
launch_300,CPX,2009-06-30,1
launch_300,CRRTQ,2009-06-30,1
launch_300,CTRX,2009-06-30,2
launch_300,DBI,2009-06-30,1
launch_300,DDS,2009-06-30,1
launch_300,DINO,2009-06-30,1
launch_300,DTGF,2009-06-30,1
launch_300,FOSL,2009-06-30,2
launch_300,GLBC,2009-06-30,1
launch_300,GMCR,2009-06-30,2
launch_300,GPORQ,2009-06-30,1
launch_300,HS,2009-06-30,1
launch_300,HUN,2009-06-30,1
launch_300,IPGP,2009-06-30,1
launch_300,LDSH,2009-06-30,1
launch_300,LUFK,2009-06-30,1
launch_300,LULU,2009-06-30,1
launch_300,LVS,2009-06-30,1
launch_300,NFLX,2009-06-30,2
launch_300,PAY2,2009-06-30,1
launch_300,PPO,2009-06-30,1
launch_300,PSKY,2009-06-30,1
launch_300,QCOR,2009-06-30,1
launch_300,RES,2009-06-30,1
launch_300,ROSE1,2009-06-30,1
launch_300,SFLY,2009-06-30,2
launch_300,SGI,2009-06-30,2
launch_300,SGY,2009-06-30,1
launch_300,SHS,2009-06-30,1
launch_300,SLXP,2009-06-30,2
launch_300,TEN1,2009-06-30,1
launch_300,TIBX,2009-06-30,2
launch_300,TRW,2009-06-30,1
launch_300,UFS,2009-06-30,1
launch_300,ULTA,2009-06-30,2
launch_300,VCI,2009-06-30,1
launch_300,VECO,2009-06-30,1
launch_300,VRUS1,2009-06-30,1
launch_300,WYNN,2009-06-30,1
launch_300,ACTG,2009-07-31,2
launch_300,ANVGQ,2009-07-31,2
launch_300,APKT,2009-07-31,2
launch_300,APL,2009-07-31,1
launch_300,BASXQ,2009-07-31,1
launch_300,BKI1,2009-07-31,1
launch_300,BKNG,2009-07-31,2
launch_300,CPX,2009-07-31,1
launch_300,CTRX,2009-07-31,2
launch_300,DDS,2009-07-31,1
launch_300,DECK,2009-07-31,2
launch_300,DTGF,2009-07-31,1
launch_300,FOSL,2009-07-31,2
launch_300,GMCR,2009-07-31,2
launch_300,GPORQ,2009-07-31,1
launch_300,IPGP,2009-07-31,1
launch_300,JAZZ,2009-07-31,1
launch_300,LDSH,2009-07-31,1
launch_300,LULU,2009-07-31,2
launch_300,LVS,2009-07-31,1
launch_300,NFLX,2009-07-31,2
launch_300,PAY2,2009-07-31,1
launch_300,PPO,2009-07-31,1
launch_300,QCOR,2009-07-31,2
launch_300,RES,2009-07-31,1
launch_300,ROSE1,2009-07-31,1
launch_300,SGI,2009-07-31,2
launch_300,UFS,2009-07-31,1
launch_300,ULTA,2009-07-31,2
launch_300,VHI,2009-07-31,1
launch_300,VRUS1,2009-07-31,2
launch_300,ACTG,2009-08-31,2
launch_300,ANVGQ,2009-08-31,2
launch_300,APKT,2009-08-31,2
launch_300,APL,2009-08-31,1
launch_300,BEXP,2009-08-31,1
launch_300,CROX,2009-08-31,1
launch_300,DDS,2009-08-31,1
launch_300,GMCR,2009-08-31,2
launch_300,IPGP,2009-08-31,1
launch_300,ISLN,2009-08-31,2
launch_300,JAZZ,2009-08-31,2
launch_300,LULU,2009-08-31,2
launch_300,MAKO1,2009-08-31,2
launch_300,NFLX,2009-08-31,2
launch_300,OLED,2009-08-31,2
launch_300,PPO,2009-08-31,1
launch_300,QCOR,2009-08-31,2
launch_300,RES,2009-08-31,1
launch_300,ULTA,2009-08-31,2
launch_300,VRUS1,2009-08-31,2
launch_300,APKT,2009-09-30,2
launch_300,APL,2009-09-30,1
launch_300,ISLN,2009-09-30,2
launch_300,JAZZ,2009-09-30,1
launch_300,LULU,2009-09-30,2
launch_300,OLED,2009-09-30,2
launch_300,PPO,2009-09-30,1
launch_300,QCOR,2009-09-30,2
launch_300,VRUS1,2009-09-30,2
launch_300,ACTG,2009-10-31,2
launch_300,APL,2009-10-31,1
launch_300,CMG,2009-10-31,2
launch_300,DPZ,2009-10-31,1
launch_300,GPORQ,2009-10-31,1
launch_300,ISLN,2009-10-31,2
launch_300,JAZZ,2009-10-31,1
launch_300,LULU,2009-10-31,2
launch_300,OLED,2009-10-31,2
launch_300,PPO,2009-10-31,1
launch_300,PSMT,2009-10-31,2
launch_300,ULTA,2009-10-31,2
launch_300,VRUS1,2009-10-31,2
launch_300,ACTG,2009-11-30,1
launch_300,APL,2009-11-30,1
launch_300,DPZ,2009-11-30,1
launch_300,JAZZ,2009-11-30,1
launch_300,LDSH,2009-11-30,1
launch_300,PPO,2009-11-30,1
launch_300,SHS,2009-11-30,1
launch_300,ULTA,2009-11-30,2
launch_300,VRUS1,2009-11-30,2
launch_300,ACTG,2009-12-31,2
launch_300,APL,2009-12-31,1
launch_300,DPZ,2009-12-31,1
launch_300,ISLN,2009-12-31,2
launch_300,JAZZ,2009-12-31,1
launch_300,VRUS1,2009-12-31,2
launch_300,ACTG,2010-01-31,2
launch_300,ATLS1,2010-01-31,1
launch_300,ISLN,2010-01-31,2
launch_300,JAZZ,2010-01-31,1
launch_300,LULU,2010-01-31,2
launch_300,SHS,2010-01-31,1
launch_300,URI,2010-01-31,1
launch_300,VRUS1,2010-01-31,2
launch_300,ISLN,2010-02-28,2
launch_300,JAZZ,2010-02-28,2
launch_300,LULU,2010-02-28,2
launch_300,PCYC,2010-02-28,2
launch_300,REGN,2010-02-28,2
launch_300,ULTA,2010-02-28,2
launch_300,URI,2010-02-28,1
launch_300,VRUS1,2010-02-28,2
launch_300,JAZZ,2010-03-31,1
launch_300,LAD,2010-03-31,1
launch_300,MDVN,2010-03-31,1
launch_300,PCYC,2010-03-31,2
launch_300,QCOR,2010-03-31,2
launch_300,REGN,2010-03-31,2
launch_300,RGR,2010-03-31,1
launch_300,SNBRQ,2010-03-31,2
launch_300,ULTA,2010-03-31,2
launch_300,URI,2010-03-31,1
launch_300,VRUS1,2010-03-31,2
launch_300,ATLS1,2010-04-30,1
launch_300,JAZZ,2010-04-30,1
launch_300,MDVN,2010-04-30,1
launch_300,QCOR,2010-04-30,2
launch_300,REGN,2010-04-30,2
launch_300,VHC,2010-04-30,1
launch_300,VRUS1,2010-04-30,2
launch_300,JAZZ,2010-05-31,1
launch_300,LQDT,2010-05-31,2
launch_300,MDVN,2010-05-31,1
launch_300,PCYC,2010-05-31,2
launch_300,QCOR,2010-05-31,2
launch_300,REGN,2010-05-31,2
launch_300,VHC,2010-05-31,2
launch_300,VRUS1,2010-05-31,2
launch_300,ACAT,2010-06-30,1
launch_300,GTLS,2010-06-30,1
launch_300,JAZZ,2010-06-30,1
launch_300,MDVN,2010-06-30,1
launch_300,N,2010-06-30,1
launch_300,PCYC,2010-06-30,2
launch_300,QCOR,2010-06-30,2
launch_300,REGN,2010-06-30,2
launch_300,VHC,2010-06-30,2
launch_300,VRUS1,2010-06-30,2
launch_300,WNR,2010-06-30,1
launch_300,ATLS1,2010-07-31,1
launch_300,JAZZ,2010-07-31,1
launch_300,MDVN,2010-07-31,1
launch_300,MLNX,2010-07-31,2
launch_300,PCYC,2010-07-31,2
launch_300,REGN,2010-07-31,2
launch_300,VRUS1,2010-07-31,2
launch_300,WNR,2010-07-31,1
launch_300,ATLS1,2010-08-31,1
launch_300,CVI,2010-08-31,1
launch_300,GTLS,2010-08-31,1
launch_300,JAZZ,2010-08-31,1
launch_300,KNXA,2010-08-31,1
launch_300,MDVN,2010-08-31,1
launch_300,MLNX,2010-08-31,2
launch_300,PCYC,2010-08-31,2
launch_300,QCOR,2010-08-31,2
launch_300,REGN,2010-08-31,2
launch_300,SNBRQ,2010-08-31,1
launch_300,ULTA,2010-08-31,2
launch_300,VRUS1,2010-08-31,2
launch_300,CVI,2010-09-30,1
launch_300,JAZZ,2010-09-30,1
launch_300,MDVN,2010-09-30,1
launch_300,MLNX,2010-09-30,2
launch_300,PCYC,2010-09-30,2
launch_300,REGN,2010-09-30,2
launch_300,SNBRQ,2010-09-30,1
launch_300,VRUS1,2010-09-30,2
launch_300,WNR,2010-09-30,1
launch_300,AFFY,2010-10-31,1
launch_300,ASPS,2010-10-31,2
launch_300,ATLS1,2010-10-31,1
launch_300,JAZZ,2010-10-31,2
launch_300,MDVN,2010-10-31,1
launch_300,ONIT,2010-10-31,1
launch_300,PCYC,2010-10-31,2
launch_300,REGN,2010-10-31,2
launch_300,VRUS1,2010-10-31,2
launch_300,MDVN,2010-11-30,1
launch_300,ONIT,2010-11-30,1
launch_300,PCYC,2010-11-30,1
launch_300,REGN,2010-11-30,2
launch_300,VRUS1,2010-11-30,2
launch_300,MDVN,2010-12-31,1
launch_300,PCYC,2010-12-31,1
launch_300,REGN,2010-12-31,2
launch_300,VRUS1,2010-12-31,2
launch_300,DDD,2011-01-31,2
launch_300,MDVN,2011-01-31,1
launch_300,PCYC,2011-01-31,1
launch_300,REGN,2011-01-31,2
launch_300,VRUS1,2011-01-31,2
launch_300,MDVN,2011-02-28,1
launch_300,PCYC,2011-02-28,1
launch_300,REGN,2011-02-28,2
launch_300,VRUS1,2011-02-28,2
launch_300,MDVN,2011-03-31,2
launch_300,PCYC,2011-03-31,1
launch_300,CONNQ,2011-04-30,1
launch_300,MDVN,2011-04-30,2
launch_300,PCYC,2011-04-30,1
launch_300,REGN,2011-04-30,2
launch_300,CONNQ,2011-05-31,1
launch_300,LGF.B,2011-05-31,2
launch_300,MDVN,2011-05-31,2
launch_300,PCYC,2011-05-31,2
launch_300,REGN,2011-05-31,2
launch_300,VRTS,2011-05-31,2
launch_300,CONNQ,2011-06-30,1
launch_300,KATE,2011-06-30,1
launch_300,LGF.B,2011-06-30,2
launch_300,MDVN,2011-06-30,2
launch_300,PCYC,2011-06-30,2
launch_300,ALNY,2011-07-31,1
launch_300,CONNQ,2011-07-31,1
launch_300,LGF.B,2011-07-31,2
launch_300,LLFLQ,2011-07-31,1
launch_300,MDSO,2011-07-31,2
launch_300,MDVN,2011-07-31,2
launch_300,PCYC,2011-07-31,2
launch_300,REGN,2011-07-31,2
launch_300,TSLA,2011-07-31,2
launch_300,AEGR,2011-08-31,1
launch_300,ALNY,2011-08-31,1
launch_300,ASPS,2011-08-31,2
launch_300,CONNQ,2011-08-31,1
launch_300,CRAY,2011-08-31,1
launch_300,DDD,2011-08-31,2
launch_300,KATE,2011-08-31,2
launch_300,LGF.B,2011-08-31,2
launch_300,LLFLQ,2011-08-31,1
launch_300,MDSO,2011-08-31,2
launch_300,MDVN,2011-08-31,2
launch_300,PCYC,2011-08-31,2
launch_300,REGN,2011-08-31,2
launch_300,TSLA,2011-08-31,2
launch_300,ALNY,2011-09-30,1
launch_300,ASPS,2011-09-30,2
launch_300,CONNQ,2011-09-30,1
launch_300,DDD,2011-09-30,2
launch_300,DXPE,2011-09-30,2
launch_300,EFOR,2011-09-30,2
launch_300,EXP,2011-09-30,1
launch_300,HEES,2011-09-30,1
launch_300,IONS,2011-09-30,2
launch_300,KATE,2011-09-30,2
launch_300,LAD,2011-09-30,2
launch_300,LGF.B,2011-09-30,2
launch_300,LLFLQ,2011-09-30,1
launch_300,LNG,2011-09-30,1
launch_300,MDSO,2011-09-30,2
launch_300,MDVN,2011-09-30,2
launch_300,NPSP,2011-09-30,1
launch_300,ONIT,2011-09-30,2
launch_300,ONXX,2011-09-30,2
launch_300,PCYC,2011-09-30,2
launch_300,REGN,2011-09-30,2
launch_300,SAIA,2011-09-30,1
launch_300,SBGI,2011-09-30,1
launch_300,STX,2011-09-30,2
launch_300,TSLA,2011-09-30,2
launch_300,USG1,2011-09-30,1
launch_300,WEB,2011-09-30,1
launch_300,ALNY,2011-10-31,1
launch_300,ASPS,2011-10-31,2
launch_300,CONNQ,2011-10-31,2
launch_300,DDD,2011-10-31,2
launch_300,IONS,2011-10-31,2
launch_300,LGF.B,2011-10-31,2
launch_300,LLFLQ,2011-10-31,1
launch_300,MDSO,2011-10-31,2
launch_300,MDVN,2011-10-31,2
launch_300,MGAM1,2011-10-31,2
launch_300,NPSP,2011-10-31,1
launch_300,PCRX,2011-10-31,1
launch_300,PCYC,2011-10-31,2
launch_300,REGN,2011-10-31,2
launch_300,TSLA,2011-10-31,2
launch_300,AEGR,2011-11-30,1
launch_300,ALNY,2011-11-30,1
launch_300,CONNQ,2011-11-30,2
launch_300,CPAY,2011-11-30,2
launch_300,DDD,2011-11-30,2
launch_300,DXCM,2011-11-30,1
launch_300,IONS,2011-11-30,1
launch_300,LGND,2011-11-30,2
launch_300,LLFLQ,2011-11-30,2
launch_300,MDSO,2011-11-30,2
launch_300,NFLX,2011-11-30,2
launch_300,NPSP,2011-11-30,1
launch_300,ONIT,2011-11-30,2
launch_300,PCRX,2011-11-30,1
launch_300,PCYC,2011-11-30,2
launch_300,REGN,2011-11-30,2
launch_300,WGO,2011-11-30,1
launch_300,AEGR,2011-12-31,2
launch_300,ALNY,2011-12-31,1
launch_300,CONNQ,2011-12-31,2
launch_300,DDD,2011-12-31,2
launch_300,IONS,2011-12-31,1
launch_300,LCC,2011-12-31,1
launch_300,LGND,2011-12-31,2
launch_300,LLFLQ,2011-12-31,2
launch_300,LNG,2011-12-31,2
launch_300,MDSO,2011-12-31,2
launch_300,MEI,2011-12-31,1
launch_300,NFLX,2011-12-31,2
launch_300,NPSP,2011-12-31,1
launch_300,PCRX,2011-12-31,1
launch_300,PCYC,2011-12-31,2
launch_300,REGN,2011-12-31,2
launch_300,SPWRQ,2011-12-31,1
launch_300,TSLA,2011-12-31,2
launch_300,ALNY,2012-01-31,2
launch_300,CONNQ,2012-01-31,2
launch_300,DDD,2012-01-31,2
launch_300,IONS,2012-01-31,2
launch_300,LLFLQ,2012-01-31,2
launch_300,MDSO,2012-01-31,2
launch_300,MGAM1,2012-01-31,2
launch_300,NPSP,2012-01-31,1
launch_300,PCRX,2012-01-31,1
launch_300,PCYC,2012-01-31,2
launch_300,SPWRQ,2012-01-31,1
launch_300,TSLA,2012-01-31,2
launch_300,ALNY,2012-02-29,2
launch_300,CRAY,2012-02-29,2
launch_300,DDD,2012-02-29,2
launch_300,DXCM,2012-02-29,2
launch_300,IONS,2012-02-29,2
launch_300,LGND,2012-02-29,2
launch_300,LLFLQ,2012-02-29,2
launch_300,MDSO,2012-02-29,2
launch_300,NFLX,2012-02-29,2
launch_300,NPSP,2012-02-29,1
launch_300,PCYC,2012-02-29,2
launch_300,SPWRQ,2012-02-29,1
launch_300,TSLA,2012-02-29,2
launch_300,ALNY,2012-03-31,2
launch_300,CRAY,2012-03-31,2
launch_300,IONS,2012-03-31,2
launch_300,LGND,2012-03-31,2
launch_300,MDSO,2012-03-31,2
launch_300,NPSP,2012-03-31,1
launch_300,PCRX,2012-03-31,2
launch_300,SNTS,2012-03-31,2
launch_300,SPWRQ,2012-03-31,1
launch_300,TSLA,2012-03-31,2
launch_300,ALNY,2012-04-30,2
launch_300,FURX,2012-04-30,1
launch_300,LGND,2012-04-30,2
launch_300,NFLX,2012-04-30,2
launch_300,PCRX,2012-04-30,1
launch_300,SNTS,2012-04-30,2
launch_300,SPWRQ,2012-04-30,1
launch_300,TSLA,2012-04-30,2
launch_300,ALNY,2012-05-31,2
launch_300,AX,2012-05-31,2
launch_300,FSLR,2012-05-31,1
launch_300,FURX,2012-05-31,1
launch_300,GBX,2012-05-31,1
launch_300,GMCR,2012-05-31,1
launch_300,GPRE,2012-05-31,1
launch_300,KS,2012-05-31,2
launch_300,LGND,2012-05-31,1
launch_300,LNG,2012-05-31,2
launch_300,MU,2012-05-31,1
launch_300,NFLX,2012-05-31,1
launch_300,PCRX,2012-05-31,2
launch_300,SBGI,2012-05-31,1
launch_300,SNTS,2012-05-31,2
launch_300,SPWRQ,2012-05-31,1
launch_300,STZ,2012-05-31,2
launch_300,TSLA,2012-05-31,2
launch_300,ALNY,2012-06-30,2
launch_300,FSLR,2012-06-30,1
launch_300,FURX,2012-06-30,2
launch_300,GMCR,2012-06-30,1
launch_300,GPRE,2012-06-30,1
launch_300,ILMN,2012-06-30,2
launch_300,KS,2012-06-30,2
launch_300,LAD,2012-06-30,2
launch_300,LNG,2012-06-30,2
launch_300,MU,2012-06-30,1
launch_300,NFLX,2012-06-30,2
launch_300,PCRX,2012-06-30,2
launch_300,SBGI,2012-06-30,1
launch_300,SNTS,2012-06-30,2
launch_300,TMUS,2012-06-30,1
launch_300,TSLA,2012-06-30,2
launch_300,FSLR,2012-07-31,1
launch_300,GMCR,2012-07-31,1
launch_300,ITMN,2012-07-31,1
launch_300,LNG,2012-07-31,2
launch_300,MU,2012-07-31,1
launch_300,NFLX,2012-07-31,1
launch_300,PCRX,2012-07-31,2
launch_300,SLCA,2012-07-31,1
launch_300,SNTS,2012-07-31,2
launch_300,TSLA,2012-07-31,2
launch_300,CAR,2012-08-31,2
launch_300,CENX,2012-08-31,1
launch_300,DAL,2012-08-31,2
launch_300,GBX,2012-08-31,1
launch_300,GMCR,2012-08-31,1
launch_300,IDIX,2012-08-31,1
launch_300,ILMN,2012-08-31,2
launch_300,ITMN,2012-08-31,1
launch_300,LNG,2012-08-31,2
launch_300,MU,2012-08-31,1
launch_300,NFLX,2012-08-31,1
launch_300,PCRX,2012-08-31,2
launch_300,PPC,2012-08-31,1
launch_300,SLCA,2012-08-31,1
launch_300,SNTS,2012-08-31,2
launch_300,THRM,2012-08-31,2
launch_300,TSLA,2012-08-31,2
launch_300,ALNY,2012-09-30,2
launch_300,ARCB,2012-09-30,1
launch_300,FURX,2012-09-30,1
launch_300,GBX,2012-09-30,1
launch_300,GMCR,2012-09-30,1
launch_300,GPRE,2012-09-30,1
launch_300,ITMN,2012-09-30,1
launch_300,LNG,2012-09-30,2
launch_300,MU,2012-09-30,1
launch_300,NFLX,2012-09-30,1
launch_300,PCRX,2012-09-30,2
launch_300,PPC,2012-09-30,1
launch_300,QCOR,2012-09-30,2
launch_300,SAVEQ,2012-09-30,2
launch_300,SLCA,2012-09-30,1
launch_300,TSLA,2012-09-30,2
launch_300,ALNY,2012-10-31,2
launch_300,ANAC1,2012-10-31,1
launch_300,ARCB,2012-10-31,1
launch_300,CENX,2012-10-31,1
launch_300,DAL,2012-10-31,2
launch_300,GMCR,2012-10-31,1
launch_300,GPRE,2012-10-31,1
launch_300,ILMN,2012-10-31,2
launch_300,INCY,2012-10-31,2
launch_300,IONS,2012-10-31,2
launch_300,ITMN,2012-10-31,1
launch_300,LIN2,2012-10-31,2
launch_300,LNG,2012-10-31,2
launch_300,MU,2012-10-31,1
launch_300,NFLX,2012-10-31,2
launch_300,PBYI,2012-10-31,1
launch_300,PCRX,2012-10-31,2
launch_300,PPC,2012-10-31,1
launch_300,SAVEQ,2012-10-31,2
launch_300,SMCI,2012-10-31,1
launch_300,TSLA,2012-10-31,1
launch_300,ACAD,2012-11-30,2
launch_300,ALNY,2012-11-30,2
launch_300,ANAC1,2012-11-30,1
launch_300,ARCB,2012-11-30,1
launch_300,DAL,2012-11-30,2
launch_300,IDIX,2012-11-30,1
launch_300,INCY,2012-11-30,2
launch_300,IONS,2012-11-30,1
launch_300,ITMN,2012-11-30,1
launch_300,LUV,2012-11-30,2
launch_300,MKTG,2012-11-30,1
launch_300,MU,2012-11-30,1
launch_300,NFLX,2012-11-30,2
launch_300,NXST,2012-11-30,2
launch_300,PBYI,2012-11-30,2
launch_300,PCRX,2012-11-30,2
launch_300,PPC,2012-11-30,2
launch_300,SAVEQ,2012-11-30,1
launch_300,TQNT,2012-11-30,1
launch_300,TSLA,2012-11-30,2
launch_300,ZG,2012-11-30,2
launch_300,ALNY,2012-12-31,2
launch_300,ARCB,2012-12-31,1
launch_300,DAL,2012-12-31,2
launch_300,DXCM,2012-12-31,2
launch_300,INCY,2012-12-31,2
launch_300,IONS,2012-12-31,1
launch_300,ITMN,2012-12-31,1
launch_300,LUV,2012-12-31,2
launch_300,MKTG,2012-12-31,1
launch_300,MU,2012-12-31,1
launch_300,NXST,2012-12-31,2
launch_300,OMER,2012-12-31,1
launch_300,PBYI,2012-12-31,2
launch_300,PCRX,2012-12-31,2
launch_300,PPC,2012-12-31,2
launch_300,SAVEQ,2012-12-31,2
launch_300,SPWRQ,2012-12-31,1
launch_300,TSLA,2012-12-31,2
launch_300,ACAD,2013-01-31,2
launch_300,INCY,2013-01-31,2
launch_300,IONS,2013-01-31,2
launch_300,ITMN,2013-01-31,1
launch_300,LUV,2013-01-31,2
launch_300,NPSP,2013-01-31,2
launch_300,PBYI,2013-01-31,2
launch_300,PCRX,2013-01-31,2
launch_300,TQNT,2013-01-31,1
launch_300,TSLA,2013-01-31,2
launch_300,ACAD,2013-02-28,2
launch_300,ALNY,2013-02-28,2
launch_300,DXCM,2013-02-28,2
launch_300,IONS,2013-02-28,2
launch_300,ITMN,2013-02-28,1
launch_300,LCINQ,2013-02-28,2
launch_300,NPSP,2013-02-28,2
launch_300,PATK,2013-02-28,1
launch_300,PBYI,2013-02-28,2
launch_300,PCRX,2013-02-28,2
launch_300,SWKS,2013-02-28,2
launch_300,TSLA,2013-02-28,2
launch_300,ACAD,2013-03-31,2
launch_300,ALNY,2013-03-31,2
launch_300,ANAC1,2013-03-31,1
launch_300,ITMN,2013-03-31,1
launch_300,LCINQ,2013-03-31,2
launch_300,NPSP,2013-03-31,2
launch_300,PBYI,2013-03-31,2
launch_300,SWKS,2013-03-31,2
launch_300,TQNT,2013-03-31,1
launch_300,TSLA,2013-03-31,2
launch_300,ALNY,2013-04-30,2
launch_300,ANAC1,2013-04-30,1
launch_300,ASRT,2013-04-30,1
launch_300,DXCM,2013-04-30,2
launch_300,HA,2013-04-30,1
launch_300,INCY,2013-04-30,2
launch_300,ITMN,2013-04-30,1
launch_300,LCINQ,2013-04-30,2
launch_300,PBYI,2013-04-30,2
launch_300,SKX,2013-04-30,2
launch_300,SUNEQ,2013-04-30,2
launch_300,SWKS,2013-04-30,2
launch_300,TQNT,2013-04-30,1
launch_300,TSLA,2013-04-30,2
launch_300,UVE,2013-04-30,2
launch_300,ALNY,2013-05-31,2
launch_300,ANAC1,2013-05-31,1
launch_300,AVGO,2013-05-31,2
launch_300,GEVA,2013-05-31,2
launch_300,HA,2013-05-31,1
launch_300,INCY,2013-05-31,2
launch_300,IQNT,2013-05-31,1
launch_300,ITMN,2013-05-31,1
launch_300,LCINQ,2013-05-31,2
launch_300,PBYI,2013-05-31,2
launch_300,RGEN,2013-05-31,2
launch_300,SKX,2013-05-31,2
launch_300,SWKS,2013-05-31,2
launch_300,UVE,2013-05-31,2
launch_300,ANAC1,2013-06-30,1
launch_300,CEMP,2013-06-30,1
launch_300,GEVA,2013-06-30,2
launch_300,INCY,2013-06-30,2
launch_300,ITMN,2013-06-30,1
launch_300,LCINQ,2013-06-30,2
launch_300,PANW,2013-06-30,2
launch_300,RGEN,2013-06-30,2
launch_300,SKX,2013-06-30,2
launch_300,SWKS,2013-06-30,2
launch_300,TREE,2013-06-30,2
launch_300,ANAC1,2013-07-31,1
launch_300,ASRT,2013-07-31,2
launch_300,CEMP,2013-07-31,1
launch_300,GEVA,2013-07-31,2
launch_300,INCY,2013-07-31,2
launch_300,ITMN,2013-07-31,2
launch_300,LCINQ,2013-07-31,2
launch_300,SKX,2013-07-31,2
launch_300,SWKS,2013-07-31,2
launch_300,ABMD,2013-08-31,2
launch_300,ANAC1,2013-08-31,2
launch_300,GEVA,2013-08-31,2
launch_300,ICPT,2013-08-31,2
launch_300,ITMN,2013-08-31,2
launch_300,SKX,2013-08-31,2
launch_300,TREE,2013-08-31,2
launch_300,ZLTQ,2013-08-31,2
launch_300,ABMD,2013-09-30,2
launch_300,ANAC1,2013-09-30,2
launch_300,IDIX,2013-09-30,1
launch_300,ITMN,2013-09-30,2
launch_300,SKX,2013-09-30,2
launch_300,UVE,2013-09-30,2
launch_300,ANAC1,2013-10-31,2
launch_300,GEVA,2013-10-31,2
launch_300,HA,2013-10-31,2
launch_300,ITMN,2013-10-31,2
launch_300,NBIX,2013-10-31,1
launch_300,TREE,2013-10-31,2
launch_300,UVE,2013-10-31,2
launch_300,ANAC1,2013-11-30,2
launch_300,IDIX,2013-11-30,1
launch_300,ITMN,2013-11-30,2
launch_300,NBIX,2013-11-30,1
launch_300,ANAC1,2013-12-31,2
launch_300,DYAX,2013-12-31,2
launch_300,IDIX,2013-12-31,1
launch_300,ITMN,2013-12-31,2
launch_300,NBIX,2013-12-31,1
launch_300,DYAX,2014-01-31,2
launch_300,ITMN,2014-01-31,2
launch_300,DYAX,2014-03-31,2
launch_300,IDIX,2014-03-31,2
launch_300,RCPT,2014-03-31,2
launch_300,ABMD,2014-04-30,2
launch_300,DYAX,2014-04-30,2
launch_300,IDIX,2014-04-30,1
launch_300,RCPT,2014-04-30,2
launch_300,ABMD,2014-05-31,2
launch_300,ANAC1,2014-05-31,2
launch_300,DYAX,2014-05-31,2
launch_300,RCPT,2014-05-31,1
launch_300,ABMD,2014-06-30,2
launch_300,ANAC1,2014-06-30,2
launch_300,DYAX,2014-06-30,2
launch_300,RCPT,2014-06-30,2
launch_300,ABMD,2014-07-31,2
launch_300,ANAC1,2014-07-31,2
launch_300,DYAX,2014-07-31,2
launch_300,EBIXQ,2014-07-31,1
launch_300,GIMO,2014-07-31,1
launch_300,RCPT,2014-07-31,2
launch_300,ABMD,2014-08-31,2
launch_300,ANAC1,2014-08-31,2
launch_300,GIMO,2014-08-31,1
launch_300,RCPT,2014-08-31,2
launch_300,ABMD,2014-09-30,2
launch_300,ANAC1,2014-09-30,2
launch_300,EBIXQ,2014-09-30,2
launch_300,GIMO,2014-09-30,1
launch_300,TSRO,2014-10-31,1
launch_300,ASPX,2014-11-30,2
launch_300,NVDA,2014-11-30,2
launch_300,NVDA,2014-12-31,2
launch_300,NVDA,2015-01-31,2
launch_300,TSRO,2015-01-31,2
launch_300,HSKA,2015-02-28,2
launch_300,NVDA,2015-02-28,2
launch_300,AAOI,2015-03-31,1
launch_300,HSKA,2015-03-31,2
launch_300,NVDA,2015-03-31,2
launch_300,AERI,2015-04-30,1
launch_300,AKAOQ,2015-04-30,1
launch_300,BEAT1,2015-04-30,2
launch_300,NVDA,2015-04-30,2
launch_300,STRP,2015-04-30,2
launch_300,AERI,2015-05-31,1
launch_300,FIVN,2015-05-31,1
launch_300,NVDA,2015-05-31,2
launch_300,STRP,2015-05-31,2
launch_300,WGHTQ,2015-05-31,1
launch_300,FIVN,2015-06-30,1
launch_300,LOXO,2015-06-30,2
launch_300,NVDA,2015-06-30,2
launch_300,STRP,2015-06-30,2
launch_300,AAOI,2015-07-31,2
launch_300,COHR1,2015-07-31,2
launch_300,EXEL,2015-07-31,2
launch_300,NVDA,2015-07-31,2
launch_300,STRP,2015-07-31,2
launch_300,COHR1,2015-08-31,2
launch_300,EXEL,2015-08-31,2
launch_300,FIZZ,2015-08-31,2
launch_300,LOXO,2015-08-31,2
launch_300,NVDA,2015-08-31,2
launch_300,STRP,2015-08-31,2
launch_300,WGHTQ,2015-08-31,1
launch_300,ARIA1,2015-09-30,2
launch_300,COHR1,2015-09-30,2
launch_300,EXEL,2015-09-30,2
launch_300,FIZZ,2015-09-30,2
launch_300,KRO,2015-09-30,1
launch_300,LNWO,2015-09-30,2
launch_300,LOXO,2015-09-30,2
launch_300,NVDA,2015-09-30,2
launch_300,STRP,2015-09-30,2
launch_300,UCTT,2015-09-30,1
launch_300,WGHTQ,2015-09-30,1
launch_300,COHR1,2015-10-31,2
launch_300,CTRL,2015-10-31,1
launch_300,EXAS,2015-10-31,1
launch_300,EXEL,2015-10-31,2
launch_300,LNWO,2015-10-31,2
launch_300,MGPI,2015-10-31,2
launch_300,NVDA,2015-10-31,2
launch_300,OLED,2015-10-31,2
launch_300,STRP,2015-10-31,2
launch_300,TROX,2015-10-31,1
launch_300,COHR1,2015-11-30,2
launch_300,CTRL,2015-11-30,1
launch_300,EXAS,2015-11-30,1
launch_300,EXEL,2015-11-30,2
launch_300,KRO,2015-11-30,1
launch_300,LNWO,2015-11-30,1
launch_300,NVDA,2015-11-30,2
launch_300,STRP,2015-11-30,1
launch_300,TROX,2015-11-30,1
launch_300,AAMCF,2015-12-31,1
launch_300,COHR1,2015-12-31,2
launch_300,CTRL,2015-12-31,1
launch_300,CWEI,2015-12-31,1
launch_300,EXAS,2015-12-31,1
launch_300,EXEL,2015-12-31,2
launch_300,KRO,2015-12-31,1
launch_300,LNWO,2015-12-31,1
launch_300,NAV,2015-12-31,1
launch_300,NVDA,2015-12-31,2
launch_300,NXH,2015-12-31,1
launch_300,STRP,2015-12-31,1
launch_300,X,2015-12-31,1
launch_300,AAMCF,2016-01-31,1
launch_300,ANET,2016-01-31,2
launch_300,ARIA1,2016-01-31,1
launch_300,BLUE,2016-01-31,1
launch_300,CAI1,2016-01-31,1
launch_300,CWEI,2016-01-31,1
launch_300,ESPR,2016-01-31,1
launch_300,EXAS,2016-01-31,1
launch_300,FMI,2016-01-31,1
launch_300,HUN,2016-01-31,1
launch_300,LNWO,2016-01-31,1
launch_300,LOXO,2016-01-31,2
launch_300,MGPI,2016-01-31,2
launch_300,NAV,2016-01-31,1
launch_300,NKTR,2016-01-31,2
launch_300,NVDA,2016-01-31,2
launch_300,NXH,2016-01-31,1
launch_300,SAGE,2016-01-31,2
launch_300,SRPT,2016-01-31,1
launch_300,STRP,2016-01-31,1
launch_300,SXCP,2016-01-31,1
launch_300,TPL,2016-01-31,2
launch_300,TREE,2016-01-31,2
launch_300,WGHTQ,2016-01-31,1
launch_300,WRLD,2016-01-31,1
launch_300,X,2016-01-31,1
launch_300,XPO,2016-01-31,1
launch_300,ARIA1,2016-02-29,1
launch_300,BLUE,2016-02-29,1
launch_300,CWEI,2016-02-29,1
launch_300,ESPR,2016-02-29,1
launch_300,EXAS,2016-02-29,1
launch_300,FMI,2016-02-29,1
launch_300,GRUB1,2016-02-29,2
launch_300,KITE,2016-02-29,1
launch_300,LNWO,2016-02-29,1
launch_300,LOXO,2016-02-29,1
launch_300,MU,2016-02-29,1
launch_300,NAV,2016-02-29,1
launch_300,NKTR,2016-02-29,2
launch_300,NVDA,2016-02-29,2
launch_300,NXH,2016-02-29,1
launch_300,RXDX1,2016-02-29,1
launch_300,SAGE,2016-02-29,1
launch_300,SGMO,2016-02-29,1
launch_300,SRPT,2016-02-29,1
launch_300,STRP,2016-02-29,2
launch_300,WGHTQ,2016-02-29,1
launch_300,X,2016-02-29,1
launch_300,ZGNX,2016-02-29,1
launch_300,AERI,2016-03-31,1
launch_300,ANET,2016-03-31,2
launch_300,AVTA,2016-03-31,1
launch_300,BLUE,2016-03-31,1
launch_300,BPMC,2016-03-31,1
launch_300,CWEI,2016-03-31,1
launch_300,ESPR,2016-03-31,1
launch_300,EXAS,2016-03-31,1
launch_300,FMI,2016-03-31,1
launch_300,GRUB1,2016-03-31,2
launch_300,KRO,2016-03-31,1
launch_300,LNWO,2016-03-31,1
launch_300,LOXO,2016-03-31,2
launch_300,MU,2016-03-31,1
launch_300,NKTR,2016-03-31,2
launch_300,NVDA,2016-03-31,2
launch_300,PTCT,2016-03-31,1
launch_300,RNG,2016-03-31,2
launch_300,SAGE,2016-03-31,1
launch_300,STRP,2016-03-31,2
launch_300,TDOC,2016-03-31,1
launch_300,WGHTQ,2016-03-31,1
launch_300,ZGNX,2016-03-31,1
launch_300,BPMC,2016-04-30,1
launch_300,CWEI,2016-04-30,1
launch_300,ESPR,2016-04-30,1
launch_300,EXAS,2016-04-30,1
launch_300,FMI,2016-04-30,1
launch_300,LNWO,2016-04-30,1
launch_300,LOXO,2016-04-30,2
launch_300,MU,2016-04-30,1
launch_300,NKTR,2016-04-30,2
launch_300,NVDA,2016-04-30,2
launch_300,SRPT,2016-04-30,1
launch_300,STRP,2016-04-30,2
launch_300,WGHTQ,2016-04-30,1
launch_300,AAOI,2016-05-31,1
launch_300,ALGN,2016-05-31,2
launch_300,AVTA,2016-05-31,1
launch_300,BOOM,2016-05-31,1
launch_300,BPMC,2016-05-31,1
launch_300,CARB,2016-05-31,1
launch_300,CWEI,2016-05-31,1
launch_300,DK,2016-05-31,1
launch_300,ENTA,2016-05-31,1
launch_300,ENVA,2016-05-31,1
launch_300,EXAS,2016-05-31,1
launch_300,FMI,2016-05-31,1
launch_300,GRUB1,2016-05-31,2
launch_300,KRO,2016-05-31,1
launch_300,LNWO,2016-05-31,1
launch_300,LOXO,2016-05-31,2
launch_300,MED,2016-05-31,2
launch_300,MU,2016-05-31,1
launch_300,NKTR,2016-05-31,2
launch_300,NOVT,2016-05-31,2
launch_300,NVDA,2016-05-31,2
launch_300,PTCT,2016-05-31,1
launch_300,SAGE,2016-05-31,1
launch_300,SRPT,2016-05-31,1
launch_300,STAA,2016-05-31,1
launch_300,STRP,2016-05-31,2
launch_300,TDOC,2016-05-31,1
launch_300,TPL,2016-05-31,2
launch_300,WGHTQ,2016-05-31,1
launch_300,ZGNX,2016-05-31,1
launch_300,AAOI,2016-06-30,1
launch_300,ALGN,2016-06-30,2
launch_300,ASMB,2016-06-30,1
launch_300,AXGN,2016-06-30,2
launch_300,BOOM,2016-06-30,1
launch_300,CHGG,2016-06-30,1
launch_300,CONNQ,2016-06-30,1
launch_300,CWEI,2016-06-30,1
launch_300,ENTA,2016-06-30,1
launch_300,ENVA,2016-06-30,1
launch_300,ETSY,2016-06-30,2
launch_300,EXAS,2016-06-30,1
launch_300,FMI,2016-06-30,1
launch_300,KRO,2016-06-30,1
launch_300,LNWO,2016-06-30,1
launch_300,LOXO,2016-06-30,1
launch_300,MED,2016-06-30,2
launch_300,MRTX,2016-06-30,1
launch_300,NFLX,2016-06-30,2
launch_300,NOVT,2016-06-30,2
launch_300,NVDA,2016-06-30,2
launch_300,PTCT,2016-06-30,1
launch_300,RH,2016-06-30,1
launch_300,RXDX1,2016-06-30,1
launch_300,SAGE,2016-06-30,1
launch_300,SRPT,2016-06-30,1
launch_300,STRP,2016-06-30,2
launch_300,TPL,2016-06-30,2
launch_300,WGHTQ,2016-06-30,1
launch_300,WWE,2016-06-30,2
launch_300,ZGNX,2016-06-30,1
launch_300,ALGN,2016-07-31,2
launch_300,AXGN,2016-07-31,2
launch_300,CHGG,2016-07-31,1
launch_300,CONNQ,2016-07-31,1
launch_300,CVRR,2016-07-31,1
launch_300,DK,2016-07-31,1
launch_300,ENTA,2016-07-31,1
launch_300,ESPR,2016-07-31,1
launch_300,ETSY,2016-07-31,2
launch_300,FMI,2016-07-31,2
launch_300,KRO,2016-07-31,1
launch_300,LNWO,2016-07-31,1
launch_300,LOXO,2016-07-31,2
launch_300,MED,2016-07-31,2
launch_300,NVCR,2016-07-31,1
launch_300,NVDA,2016-07-31,2
launch_300,PTCT,2016-07-31,1
launch_300,REN,2016-07-31,1
launch_300,RH,2016-07-31,1
launch_300,SRPT,2016-07-31,1
launch_300,STRP,2016-07-31,1
launch_300,TPL,2016-07-31,2
launch_300,WGHTQ,2016-07-31,1
launch_300,WWE,2016-07-31,2
launch_300,ZGNX,2016-07-31,1
launch_300,ALGN,2016-08-31,2
launch_300,AXGN,2016-08-31,2
launch_300,BFYT,2016-08-31,1
launch_300,CHGG,2016-08-31,1
launch_300,CONNQ,2016-08-31,1
launch_300,CRCQQ,2016-08-31,1
launch_300,ENTA,2016-08-31,1
launch_300,ESPR,2016-08-31,1
launch_300,EXAS,2016-08-31,2
launch_300,FMI,2016-08-31,2
launch_300,INGN,2016-08-31,2
launch_300,LOXO,2016-08-31,2
launch_300,MED,2016-08-31,2
launch_300,MRTX,2016-08-31,1
launch_300,NOVT,2016-08-31,2
launch_300,NVCR,2016-08-31,1
launch_300,NVDA,2016-08-31,2
launch_300,PTCT,2016-08-31,1
launch_300,RGNX,2016-08-31,1
launch_300,RH,2016-08-31,1
launch_300,RNG,2016-08-31,2
launch_300,SAGE,2016-08-31,2
launch_300,SPPI,2016-08-31,1
launch_300,SRPT,2016-08-31,2
launch_300,STAA,2016-08-31,1
launch_300,STRP,2016-08-31,1
launch_300,TDOC,2016-08-31,2
launch_300,TPL,2016-08-31,2
launch_300,VRS,2016-08-31,1
launch_300,WGHTQ,2016-08-31,1
launch_300,WWE,2016-08-31,2
launch_300,XYZ,2016-08-31,2
launch_300,ZGNX,2016-08-31,1
launch_300,ALGN,2016-09-30,2
launch_300,AMD,2016-09-30,2
launch_300,AVAV,2016-09-30,1
launch_300,AXGN,2016-09-30,2
launch_300,CHGG,2016-09-30,2
launch_300,EXAS,2016-09-30,2
launch_300,FMI,2016-09-30,2
launch_300,FRPT,2016-09-30,1
launch_300,INGN,2016-09-30,2
launch_300,LOXO,2016-09-30,2
launch_300,MED,2016-09-30,2
launch_300,MRTX,2016-09-30,1
launch_300,NVCR,2016-09-30,1
launch_300,NVDA,2016-09-30,2
launch_300,RGNX,2016-09-30,1
launch_300,RXDX1,2016-09-30,1
launch_300,STRP,2016-09-30,1
launch_300,TDOC,2016-09-30,2
launch_300,VRS,2016-09-30,1
launch_300,WGHTQ,2016-09-30,1
launch_300,WWE,2016-09-30,2
launch_300,XYZ,2016-09-30,2
launch_300,ZGNX,2016-09-30,1
launch_300,AXGN,2016-10-31,2
launch_300,CHGG,2016-10-31,2
launch_300,EHTH,2016-10-31,1
launch_300,ESPR,2016-10-31,1
launch_300,EXAS,2016-10-31,2
launch_300,FMI,2016-10-31,2
launch_300,FRPT,2016-10-31,1
launch_300,KITE,2016-10-31,2
launch_300,LOXO,2016-10-31,1
launch_300,MED,2016-10-31,2
launch_300,NVCR,2016-10-31,1
launch_300,PTCT,2016-10-31,1
launch_300,RGNX,2016-10-31,1
launch_300,STRP,2016-10-31,1
launch_300,TDOC,2016-10-31,2
launch_300,WGHTQ,2016-10-31,1
launch_300,WWE,2016-10-31,2
launch_300,XYZ,2016-10-31,2
launch_300,ZGNX,2016-10-31,1
launch_300,AXGN,2016-11-30,2
launch_300,ESPR,2016-11-30,1
launch_300,ETSY,2016-11-30,2
launch_300,EXAS,2016-11-30,2
launch_300,FMI,2016-11-30,2
launch_300,JUNO,2016-11-30,1
launch_300,LOXO,2016-11-30,1
launch_300,NVCR,2016-11-30,1
launch_300,RXDX1,2016-11-30,1
launch_300,STRP,2016-11-30,1
launch_300,VRS,2016-11-30,1
launch_300,WGHTQ,2016-11-30,1
launch_300,WWE,2016-11-30,2
launch_300,XYZ,2016-11-30,2
launch_300,AVXS,2016-12-31,2
launch_300,ESIO,2016-12-31,1
launch_300,ETSY,2016-12-31,2
launch_300,EXAS,2016-12-31,1
launch_300,FMI,2016-12-31,1
launch_300,JUNO,2016-12-31,1
launch_300,KITE,2016-12-31,1
launch_300,LOXO,2016-12-31,2
launch_300,NVCR,2016-12-31,1
launch_300,RNG,2016-12-31,2
launch_300,STRP,2016-12-31,2
launch_300,WWE,2016-12-31,2
launch_300,XYZ,2016-12-31,2
launch_300,CHGG,2017-01-31,2
launch_300,EHTH,2017-01-31,1
launch_300,ETSY,2017-01-31,2
launch_300,EXAS,2017-01-31,2
launch_300,FMI,2017-01-31,1
launch_300,JUNO,2017-01-31,1
launch_300,LOXO,2017-01-31,2
launch_300,MRTX,2017-01-31,1
launch_300,NVCR,2017-01-31,1
launch_300,RH,2017-01-31,1
launch_300,SRPT,2017-01-31,1
launch_300,STRP,2017-01-31,2
launch_300,WWE,2017-01-31,2
launch_300,XYZ,2017-01-31,2
launch_300,ZGNX,2017-01-31,1
launch_300,CHGG,2017-02-28,2
launch_300,EHTH,2017-02-28,1
launch_300,ESIO,2017-02-28,1
launch_300,ETSY,2017-02-28,2
launch_300,EXAS,2017-02-28,2
launch_300,FMI,2017-02-28,2
launch_300,FRPT,2017-02-28,2
launch_300,LOXO,2017-02-28,2
launch_300,MRTX,2017-02-28,1
launch_300,NVCR,2017-02-28,1
launch_300,RH,2017-02-28,1
launch_300,SRPT,2017-02-28,2
launch_300,STRP,2017-02-28,2
launch_300,W,2017-02-28,2
launch_300,WWE,2017-02-28,2
launch_300,XYZ,2017-02-28,2
launch_300,ZGNX,2017-02-28,1
launch_300,CHGG,2017-03-31,2
launch_300,EHTH,2017-03-31,1
launch_300,ETSY,2017-03-31,2
launch_300,FMI,2017-03-31,2
launch_300,LOXO,2017-03-31,2
launch_300,LPSN,2017-03-31,1
launch_300,NVCR,2017-03-31,1
launch_300,SRPT,2017-03-31,2
launch_300,STRP,2017-03-31,2
launch_300,TWLO,2017-03-31,2
launch_300,WWE,2017-03-31,2
launch_300,XYZ,2017-03-31,2
launch_300,ZGNX,2017-03-31,1
launch_300,CROX,2017-04-30,1
launch_300,EHTH,2017-04-30,1
launch_300,ETSY,2017-04-30,2
launch_300,LOXO,2017-04-30,2
launch_300,LPSN,2017-04-30,1
launch_300,TWLO,2017-04-30,2
launch_300,WWE,2017-04-30,2
launch_300,ETSY,2017-05-31,2
launch_300,LOXO,2017-05-31,2
launch_300,NVCR,2017-05-31,2
launch_300,TWLO,2017-05-31,1
launch_300,ARRY1,2017-06-30,2
launch_300,AXSM,2017-06-30,1
launch_300,BOOT,2017-06-30,1
launch_300,EHTH,2017-06-30,2
launch_300,ETSY,2017-06-30,2
launch_300,MTCH2,2017-06-30,2
launch_300,SRPT,2017-06-30,2
launch_300,TWLO,2017-06-30,1
launch_300,ARRY1,2017-07-31,1
launch_300,AXSM,2017-07-31,1
launch_300,EHTH,2017-07-31,2
launch_300,ETSY,2017-07-31,2
launch_300,IOVA,2017-07-31,1
launch_300,MTCH2,2017-07-31,2
launch_300,NVCR,2017-07-31,2
launch_300,RNG,2017-07-31,2
launch_300,TWLO,2017-07-31,1
launch_300,ZGNX,2017-07-31,1
launch_300,ARRY1,2017-08-31,2
launch_300,BOOT,2017-08-31,1
launch_300,MTCH2,2017-08-31,2
launch_300,NVCR,2017-08-31,2
launch_300,TTD,2017-08-31,2
launch_300,TWLO,2017-08-31,2
launch_300,COUP,2017-09-30,2
launch_300,MRTX,2017-09-30,1
launch_300,ARRY1,2017-10-31,2
launch_300,BOOT,2017-10-31,1
launch_300,CDNA,2017-10-31,1
launch_300,MRTX,2017-10-31,1
launch_300,RETA,2017-10-31,2
launch_300,ARRY1,2017-11-30,2
launch_300,COUP,2017-11-30,2
launch_300,ECYT,2017-11-30,1
launch_300,EHTH,2017-11-30,2
launch_300,MRTX,2017-11-30,2
launch_300,NVCR,2017-11-30,2
launch_300,RETA,2017-11-30,1
launch_300,TTD,2017-11-30,2
launch_300,VCYT,2017-11-30,1
launch_300,AMD,2017-12-31,2
launch_300,AXSM,2017-12-31,1
launch_300,COUP,2017-12-31,2
launch_300,EHTH,2017-12-31,2
launch_300,MRTX,2017-12-31,2
launch_300,NVCR,2017-12-31,2
launch_300,RARX,2017-12-31,1
launch_300,RETA,2017-12-31,1
launch_300,TTD,2017-12-31,2
launch_300,TWLO,2017-12-31,2
launch_300,VCYT,2017-12-31,1
launch_300,ARWR,2018-01-31,2
launch_300,CCXI1,2018-01-31,2
launch_300,CDNA,2018-01-31,1
launch_300,COUP,2018-01-31,2
launch_300,DXCM,2018-01-31,2
launch_300,EHTH,2018-01-31,1
launch_300,NEO,2018-01-31,2
launch_300,RARX,2018-01-31,1
launch_300,RETA,2018-01-31,1
launch_300,TTD,2018-01-31,2
launch_300,TWLO,2018-01-31,2
launch_300,ARWR,2018-02-28,2
launch_300,CCXI1,2018-02-28,2
launch_300,DXCM,2018-02-28,2
launch_300,ECYT,2018-02-28,2
launch_300,EHTH,2018-02-28,1
launch_300,NTRA,2018-02-28,1
launch_300,RARX,2018-02-28,1
launch_300,RETA,2018-02-28,1
launch_300,TTD,2018-02-28,2
launch_300,AMD,2018-03-31,2
launch_300,EHTH,2018-03-31,1
launch_300,PCMI,2018-03-31,1
launch_300,RARX,2018-03-31,1
launch_300,RETA,2018-03-31,1
launch_300,AMD,2018-04-30,2
launch_300,ARWR,2018-04-30,2
launch_300,CCXI1,2018-04-30,2
launch_300,DXCM,2018-04-30,2
launch_300,EHTH,2018-04-30,1
launch_300,LSCC,2018-04-30,2
launch_300,RETA,2018-04-30,1
launch_300,TNDM,2018-04-30,1
launch_300,TTD,2018-04-30,2
launch_300,AYX,2018-05-31,2
launch_300,CCXI1,2018-05-31,2
launch_300,COUP,2018-05-31,2
launch_300,DXCM,2018-05-31,2
launch_300,EHTH,2018-05-31,1
launch_300,ENPH,2018-05-31,2
launch_300,LSCC,2018-05-31,1
launch_300,RETA,2018-05-31,2
launch_300,TNDM,2018-05-31,1
launch_300,AYX,2018-06-30,2
launch_300,CCXI1,2018-06-30,2
launch_300,COUP,2018-06-30,2
launch_300,DXCM,2018-06-30,2
launch_300,EHTH,2018-06-30,2
launch_300,ENPH,2018-06-30,2
launch_300,LSCC,2018-06-30,2
launch_300,NVTAQ,2018-06-30,1
launch_300,RARX,2018-06-30,1
launch_300,RETA,2018-06-30,2
launch_300,RNG,2018-06-30,2
launch_300,TNDM,2018-06-30,2
launch_300,TTD,2018-06-30,2
launch_300,AMD,2018-07-31,2
launch_300,AYX,2018-07-31,2
launch_300,CCXI1,2018-07-31,2
launch_300,COUP,2018-07-31,2
launch_300,DXCM,2018-07-31,2
launch_300,ENPH,2018-07-31,2
launch_300,IPHI,2018-07-31,2
launch_300,LSCC,2018-07-31,2
launch_300,OKTA,2018-07-31,2
launch_300,QDEL,2018-07-31,2
launch_300,RARX,2018-07-31,1
launch_300,SLP,2018-07-31,2
launch_300,TSLA,2018-07-31,2
launch_300,TTD,2018-07-31,2
launch_300,TWLO,2018-07-31,2
launch_300,CCXI1,2018-08-31,2
launch_300,COUP,2018-08-31,2
launch_300,RUN,2018-08-31,2
launch_300,SEDG,2018-08-31,2
launch_300,TSLA,2018-08-31,2
launch_300,VSLR,2018-08-31,2
launch_300,CCXI1,2018-09-30,2
launch_300,IMMU,2018-09-30,2
launch_300,OTRKQ,2018-09-30,2
launch_300,RUN,2018-09-30,2
launch_300,SEDG,2018-09-30,2
launch_300,TGTX,2018-09-30,1
launch_300,TSLA,2018-09-30,2
launch_300,VSLR,2018-09-30,2
launch_300,AGNT,2018-10-31,1
launch_300,AMD,2018-10-31,2
launch_300,ARWR,2018-10-31,2
launch_300,CCXI1,2018-10-31,2
launch_300,COUP,2018-10-31,2
launch_300,CVNA,2018-10-31,2
launch_300,GNRC,2018-10-31,2
launch_300,HZNP,2018-10-31,2
launch_300,IPHI,2018-10-31,2
launch_300,LSCC,2018-10-31,2
launch_300,MNTA,2018-10-31,2
launch_300,MRTX,2018-10-31,2
launch_300,MYOK,2018-10-31,2
launch_300,QDEL,2018-10-31,2
launch_300,RUN,2018-10-31,2
launch_300,SEDG,2018-10-31,2
launch_300,SNAP,2018-10-31,1
launch_300,TSLA,2018-10-31,2
launch_300,TTD,2018-10-31,2
launch_300,VSLR,2018-10-31,2
launch_300,AGNT,2018-11-30,2
launch_300,AMD,2018-11-30,2
launch_300,APPN,2018-11-30,2
launch_300,ARWR,2018-11-30,2
launch_300,CCXI1,2018-11-30,2
launch_300,CDLX,2018-11-30,1
launch_300,COUP,2018-11-30,2
launch_300,CVNA,2018-11-30,2
launch_300,CYRX,2018-11-30,2
launch_300,ENPH,2018-11-30,2
launch_300,FRPT,2018-11-30,2
launch_300,IMMU,2018-11-30,2
launch_300,IOVA,2018-11-30,1
launch_300,LSCC,2018-11-30,2
launch_300,MNTA,2018-11-30,1
launch_300,MRTX,2018-11-30,2
launch_300,NTRA,2018-11-30,2
launch_300,ROKU,2018-11-30,2
launch_300,RUN,2018-11-30,2
launch_300,SEDG,2018-11-30,2
launch_300,SNAP,2018-11-30,1
launch_300,SNDX,2018-11-30,1
launch_300,TGTX,2018-11-30,1
launch_300,TSLA,2018-11-30,2
launch_300,TTD,2018-11-30,2
launch_300,VCYT,2018-11-30,2
launch_300,VERI,2018-11-30,1
launch_300,VSLR,2018-11-30,2
launch_300,ACH,2018-12-31,1
launch_300,AGNT,2018-12-31,1
launch_300,AMD,2018-12-31,2
launch_300,APLS,2018-12-31,1
launch_300,APPN,2018-12-31,2
launch_300,ARWR,2018-12-31,2
launch_300,BLD,2018-12-31,2
launch_300,CCXI1,2018-12-31,2
launch_300,CDLX,2018-12-31,1
launch_300,COUP,2018-12-31,2
launch_300,CRSP,2018-12-31,1
launch_300,CVNA,2018-12-31,2
launch_300,FATE,2018-12-31,2
launch_300,FRPT,2018-12-31,2
launch_300,GNRC,2018-12-31,2
launch_300,IMMU,2018-12-31,2
launch_300,IOVA,2018-12-31,1
launch_300,IPHI,2018-12-31,2
launch_300,LSCC,2018-12-31,2
launch_300,MDB,2018-12-31,2
launch_300,MDCO,2018-12-31,1
launch_300,MNTA,2018-12-31,1
launch_300,MRTX,2018-12-31,2
launch_300,MYOK,2018-12-31,2
launch_300,NEO,2018-12-31,2
launch_300,NSTGQ,2018-12-31,2
launch_300,NTRA,2018-12-31,2
launch_300,NVCR,2018-12-31,2
launch_300,NVRO,2018-12-31,1
launch_300,PENN,2018-12-31,1
launch_300,RDFN,2018-12-31,1
launch_300,RNG,2018-12-31,2
launch_300,ROKU,2018-12-31,2
launch_300,RUN,2018-12-31,2
launch_300,SAM,2018-12-31,2
launch_300,SEDG,2018-12-31,2
launch_300,SNAP,2018-12-31,1
launch_300,TDOC,2018-12-31,2
launch_300,TRUP,2018-12-31,2
launch_300,TSLA,2018-12-31,2
launch_300,TTD,2018-12-31,2
launch_300,TTGT,2018-12-31,1
launch_300,ZG,2018-12-31,2
launch_300,AGNT,2019-01-31,1
launch_300,APPN,2019-01-31,2
launch_300,ARWR,2019-01-31,2
launch_300,AXSM,2019-01-31,1
launch_300,CCXI1,2019-01-31,2
launch_300,CDLX,2019-01-31,1
launch_300,CRSP,2019-01-31,1
launch_300,CVNA,2019-01-31,2
launch_300,CYRX,2019-01-31,2
launch_300,ENPH,2019-01-31,2
launch_300,FATE,2019-01-31,2
launch_300,GME,2019-01-31,1
launch_300,GNRC,2019-01-31,2
launch_300,IMMU,2019-01-31,2
launch_300,IOVA,2019-01-31,1
launch_300,IPHI,2019-01-31,2
launch_300,LSCC,2019-01-31,2
launch_300,MDB,2019-01-31,2
launch_300,MNTA,2019-01-31,1
launch_300,MSTR,2019-01-31,2
launch_300,MYOK,2019-01-31,2
launch_300,NTLA,2019-01-31,1
launch_300,NTRA,2019-01-31,2
launch_300,NXH,2019-01-31,1
launch_300,PACB,2019-01-31,2
launch_300,PENN,2019-01-31,2
launch_300,QDEL,2019-01-31,2
launch_300,RNG,2019-01-31,2
launch_300,ROKU,2019-01-31,2
launch_300,RUN,2019-01-31,2
launch_300,SEDG,2019-01-31,2
launch_300,SFIX,2019-01-31,1
launch_300,SLP,2019-01-31,2
launch_300,SNAP,2019-01-31,1
launch_300,SPWRQ,2019-01-31,1
launch_300,TDOC,2019-01-31,2
launch_300,TRUP,2019-01-31,2
launch_300,TSLA,2019-01-31,2
launch_300,TTD,2019-01-31,2
launch_300,TTGT,2019-01-31,2
launch_300,VERI,2019-01-31,1
launch_300,ACH,2019-02-28,1
launch_300,AGNT,2019-02-28,1
launch_300,APPN,2019-02-28,2
launch_300,ARWR,2019-02-28,2
launch_300,AXSM,2019-02-28,2
launch_300,CALX,2019-02-28,2
launch_300,CCXI1,2019-02-28,2
launch_300,CDLX,2019-02-28,1
launch_300,CLDX,2019-02-28,1
launch_300,CVNA,2019-02-28,2
launch_300,CYRX,2019-02-28,2
launch_300,ENPH,2019-02-28,2
launch_300,FATE,2019-02-28,2
launch_300,GME,2019-02-28,1
launch_300,GNRC,2019-02-28,2
launch_300,IMMU,2019-02-28,2
launch_300,LAD,2019-02-28,2
launch_300,LSCC,2019-02-28,2
launch_300,MGNI,2019-02-28,2
launch_300,MSTR,2019-02-28,2
launch_300,MYOK,2019-02-28,2
launch_300,NTRA,2019-02-28,2
launch_300,OTRKQ,2019-02-28,2
launch_300,PACB,2019-02-28,2
launch_300,PENN,2019-02-28,2
launch_300,RILY,2019-02-28,1
launch_300,ROKU,2019-02-28,2
launch_300,RUN,2019-02-28,2
launch_300,SEDG,2019-02-28,2
launch_300,SNAP,2019-02-28,2
launch_300,SPWRQ,2019-02-28,1
launch_300,TGTX,2019-02-28,1
launch_300,TSLA,2019-02-28,2
launch_300,TTD,2019-02-28,2
launch_300,TTGT,2019-02-28,2
launch_300,UCTT,2019-02-28,1
launch_300,VERI,2019-02-28,1
launch_300,VSLR,2019-02-28,2
launch_300,WMS,2019-02-28,2
launch_300,ZG,2019-02-28,2
launch_300,ACMR,2019-03-31,2
launch_300,ACRS,2019-03-31,1
launch_300,AGNT,2019-03-31,1
launch_300,CALX,2019-03-31,2
launch_300,CDLX,2019-03-31,1
launch_300,CTRN,2019-03-31,1
launch_300,CVNA,2019-03-31,2
launch_300,CYRX,2019-03-31,2
launch_300,ENPH,2019-03-31,2
launch_300,FATE,2019-03-31,2
launch_300,GME,2019-03-31,1
launch_300,GNRC,2019-03-31,2
launch_300,HOV,2019-03-31,1
launch_300,IMMU,2019-03-31,2
launch_300,IPHI,2019-03-31,2
launch_300,LAD,2019-03-31,2
launch_300,LOB,2019-03-31,1
launch_300,MGNI,2019-03-31,2
launch_300,MSTR,2019-03-31,2
launch_300,MYOK,2019-03-31,2
launch_300,NTLA,2019-03-31,1
launch_300,NTRA,2019-03-31,2
launch_300,PACB,2019-03-31,2
launch_300,PENN,2019-03-31,2
launch_300,RH,2019-03-31,2
launch_300,RILY,2019-03-31,1
launch_300,ROKU,2019-03-31,2
launch_300,RUN,2019-03-31,2
launch_300,SAM,2019-03-31,2
launch_300,SEDG,2019-03-31,2
launch_300,SHYF,2019-03-31,1
launch_300,SNAP,2019-03-31,2
launch_300,SNDX,2019-03-31,1
launch_300,SPWRQ,2019-03-31,1
launch_300,TGTX,2019-03-31,1
launch_300,TSLA,2019-03-31,2
launch_300,TTGT,2019-03-31,2
launch_300,UCTT,2019-03-31,1
launch_300,VERI,2019-03-31,1
launch_300,VSTO,2019-03-31,1
launch_300,WMS,2019-03-31,2
launch_300,ACMR,2019-04-30,2
launch_300,ARWR,2019-04-30,2
launch_300,CALX,2019-04-30,1
launch_300,CDLX,2019-04-30,1
launch_300,COOP,2019-04-30,1
launch_300,CTRN,2019-04-30,1
launch_300,CYRX,2019-04-30,2
launch_300,EIDX,2019-04-30,2
launch_300,ENPH,2019-04-30,2
launch_300,FATE,2019-04-30,2
launch_300,FRPT,2019-04-30,2
launch_300,GME,2019-04-30,1
launch_300,GNRC,2019-04-30,2
launch_300,HOV,2019-04-30,1
launch_300,IMMU,2019-04-30,2
launch_300,INSP,2019-04-30,2
launch_300,MGNI,2019-04-30,2
launch_300,MSTR,2019-04-30,2
launch_300,MTSI,2019-04-30,1
launch_300,MYOK,2019-04-30,2
launch_300,NTLA,2019-04-30,1
launch_300,NTRA,2019-04-30,2
launch_300,NVCR,2019-04-30,2
launch_300,NXH,2019-04-30,1
launch_300,PACB,2019-04-30,2
launch_300,PENN,2019-04-30,2
launch_300,RH,2019-04-30,2
launch_300,RIOT,2019-04-30,1
launch_300,ROKU,2019-04-30,2
launch_300,SEDG,2019-04-30,2
launch_300,SGRY,2019-04-30,1
launch_300,SNAP,2019-04-30,2
launch_300,SPWRQ,2019-04-30,1
launch_300,STAA,2019-04-30,2
launch_300,TBHC,2019-04-30,1
launch_300,TGTX,2019-04-30,1
launch_300,TSLA,2019-04-30,2
launch_300,TTGT,2019-04-30,2
launch_300,UCTT,2019-04-30,1
launch_300,VSLR,2019-04-30,2
launch_300,WMS,2019-04-30,2
launch_300,ZG,2019-04-30,2
launch_300,AGNT,2019-05-31,1
launch_300,CALX,2019-05-31,1
launch_300,CDLX,2019-05-31,2
launch_300,CLCT,2019-05-31,2
launch_300,COOP,2019-05-31,1
launch_300,CROX,2019-05-31,2
launch_300,CTRN,2019-05-31,1
launch_300,CVNA,2019-05-31,2
launch_300,CWH,2019-05-31,1
launch_300,ENPH,2019-05-31,2
launch_300,FCX,2019-05-31,2
launch_300,FPRX,2019-05-31,1
launch_300,FTSV,2019-05-31,1
launch_300,GME,2019-05-31,1
launch_300,GNRC,2019-05-31,2
launch_300,HOV,2019-05-31,1
launch_300,IMMU,2019-05-31,1
launch_300,JYNT,2019-05-31,2
launch_300,LQDT,2019-05-31,1
launch_300,LSCC,2019-05-31,2
launch_300,MGNI,2019-05-31,2
launch_300,MNTA,2019-05-31,1
launch_300,MTSI,2019-05-31,1
launch_300,MYOK,2019-05-31,2
launch_300,NTLA,2019-05-31,1
launch_300,NTRA,2019-05-31,2
launch_300,NVAX,2019-05-31,1
launch_300,NVDA,2019-05-31,2
launch_300,NXH,2019-05-31,1
launch_300,PACB,2019-05-31,2
launch_300,PENN,2019-05-31,1
launch_300,RH,2019-05-31,2
launch_300,RICK,2019-05-31,1
launch_300,RILY,2019-05-31,2
launch_300,SEDG,2019-05-31,2
launch_300,SGRY,2019-05-31,1
launch_300,SHYF,2019-05-31,2
launch_300,SNAP,2019-05-31,2
launch_300,STAA,2019-05-31,2
launch_300,STMP,2019-05-31,1
launch_300,SYNA,2019-05-31,1
launch_300,TGTX,2019-05-31,1
launch_300,TSLA,2019-05-31,2
launch_300,UCTT,2019-05-31,1
launch_300,VSLR,2019-05-31,2
launch_300,VSTO,2019-05-31,1
launch_300,WMS,2019-05-31,2
launch_300,ACMR,2019-06-30,2
launch_300,AGNT,2019-06-30,1
launch_300,AMC,2019-06-30,1
launch_300,AMRC,2019-06-30,2
launch_300,APPS,2019-06-30,2
launch_300,AVID,2019-06-30,2
launch_300,CALX,2019-06-30,1
launch_300,CDLX,2019-06-30,2
launch_300,CDMO,2019-06-30,2
launch_300,CLCT,2019-06-30,2
launch_300,COOP,2019-06-30,1
launch_300,CROX,2019-06-30,2
launch_300,CTRN,2019-06-30,1
launch_300,CVNA,2019-06-30,2
launch_300,DDD,2019-06-30,1
launch_300,DOCU,2019-06-30,2
launch_300,ENPH,2019-06-30,2
launch_300,FATE,2019-06-30,2
launch_300,FPRX,2019-06-30,1
launch_300,FTSV,2019-06-30,1
launch_300,GME,2019-06-30,1
launch_300,GNRC,2019-06-30,2
launch_300,HIBB,2019-06-30,1
launch_300,HOME,2019-06-30,1
launch_300,HOV,2019-06-30,1
launch_300,IMMU,2019-06-30,1
launch_300,JYNT,2019-06-30,2
launch_300,MGNI,2019-06-30,2
launch_300,MNTA,2019-06-30,1
launch_300,MSTR,2019-06-30,2
launch_300,MTSI,2019-06-30,1
launch_300,MYOK,2019-06-30,2
launch_300,NTLA,2019-06-30,2
launch_300,NTRA,2019-06-30,2
launch_300,NVAX,2019-06-30,1
launch_300,NVDA,2019-06-30,2
launch_300,NXH,2019-06-30,1
launch_300,PACB,2019-06-30,2
launch_300,PRTA,2019-06-30,1
launch_300,RH,2019-06-30,2
launch_300,ROKU,2019-06-30,2
launch_300,SEDG,2019-06-30,2
launch_300,SGRY,2019-06-30,1
launch_300,SIG,2019-06-30,1
launch_300,SNAP,2019-06-30,2
launch_300,STAA,2019-06-30,2
launch_300,STMP,2019-06-30,1
launch_300,SWBI,2019-06-30,1
launch_300,SYNA,2019-06-30,1
launch_300,TGTX,2019-06-30,1
launch_300,TSLA,2019-06-30,2
launch_300,UNFI,2019-06-30,1
launch_300,VSLR,2019-06-30,2
launch_300,VSTO,2019-06-30,1
launch_300,ACMR,2019-07-31,2
launch_300,AGNT,2019-07-31,2
launch_300,AMRC,2019-07-31,2
launch_300,APPS,2019-07-31,2
launch_300,CALX,2019-07-31,1
launch_300,CDLX,2019-07-31,2
launch_300,CLCT,2019-07-31,2
launch_300,CROX,2019-07-31,2
launch_300,CVNA,2019-07-31,2
launch_300,DOCU,2019-07-31,2
launch_300,ENPH,2019-07-31,2
launch_300,FIVN,2019-07-31,2
launch_300,FPRX,2019-07-31,1
launch_300,FTSV,2019-07-31,1
launch_300,GNRC,2019-07-31,2
launch_300,HIBB,2019-07-31,1
launch_300,HOME,2019-07-31,1
launch_300,HOV,2019-07-31,1
launch_300,HZNP,2019-07-31,2
launch_300,IDT,2019-07-31,2
launch_300,IMMU,2019-07-31,1
launch_300,ITCI,2019-07-31,1
launch_300,JYNT,2019-07-31,2
launch_300,MNTA,2019-07-31,1
launch_300,MSTR,2019-07-31,2
launch_300,MYOK,2019-07-31,2
launch_300,NTLA,2019-07-31,2
launch_300,NTRA,2019-07-31,2
launch_300,NVDA,2019-07-31,2
launch_300,PACB,2019-07-31,1
launch_300,PRTA,2019-07-31,1
launch_300,PTGX,2019-07-31,2
launch_300,REGI,2019-07-31,1
launch_300,RH,2019-07-31,2
launch_300,ROKU,2019-07-31,2
launch_300,SGRY,2019-07-31,1
launch_300,SNAP,2019-07-31,2
launch_300,STAA,2019-07-31,2
launch_300,STMP,2019-07-31,1
launch_300,SYNA,2019-07-31,1
launch_300,TGTX,2019-07-31,1
launch_300,TSLA,2019-07-31,2
launch_300,VSLR,2019-07-31,2
launch_300,VSTO,2019-07-31,1
launch_300,ACH,2019-08-31,1
launch_300,ACMR,2019-08-31,2
launch_300,AGNT,2019-08-31,1
launch_300,AMC,2019-08-31,1
launch_300,AMRC,2019-08-31,2
launch_300,APPS,2019-08-31,2
launch_300,BBWI,2019-08-31,1
launch_300,CALX,2019-08-31,1
launch_300,COOP,2019-08-31,1
launch_300,CROX,2019-08-31,2
launch_300,CTRN,2019-08-31,1
launch_300,CVNA,2019-08-31,2
launch_300,CWH,2019-08-31,1
launch_300,DAR,2019-08-31,2
launch_300,DDD,2019-08-31,1
launch_300,DKS,2019-08-31,2
launch_300,DOCU,2019-08-31,2
launch_300,ENPH,2019-08-31,2
launch_300,ETSY,2019-08-31,2
launch_300,FATE,2019-08-31,2
launch_300,FCX,2019-08-31,1
launch_300,FLGT,2019-08-31,2
launch_300,FPRX,2019-08-31,1
launch_300,FTSV,2019-08-31,1
launch_300,GNMK,2019-08-31,1
launch_300,GNRC,2019-08-31,2
launch_300,GPRE,2019-08-31,1
launch_300,HIBB,2019-08-31,1
launch_300,HOME,2019-08-31,1
launch_300,HOV,2019-08-31,1
launch_300,IMMU,2019-08-31,1
launch_300,JYNT,2019-08-31,2
launch_300,LE,2019-08-31,1
launch_300,LTHM,2019-08-31,1
launch_300,MNTA,2019-08-31,1
launch_300,MSTR,2019-08-31,2
launch_300,MYOK,2019-08-31,2
launch_300,NTLA,2019-08-31,2
launch_300,NVAX,2019-08-31,1
launch_300,NVDA,2019-08-31,2
launch_300,NXH,2019-08-31,1
launch_300,OPRX,2019-08-31,2
launch_300,PACB,2019-08-31,2
launch_300,PENN,2019-08-31,1
launch_300,PRTA,2019-08-31,1
launch_300,RH,2019-08-31,2
launch_300,SGRY,2019-08-31,1
launch_300,SIG,2019-08-31,1
launch_300,SNAP,2019-08-31,2
launch_300,STAA,2019-08-31,2
launch_300,STMP,2019-08-31,1
launch_300,SWBI,2019-08-31,1
launch_300,SYNA,2019-08-31,1
launch_300,TBIO1,2019-08-31,1
launch_300,TGTX,2019-08-31,1
launch_300,TSLA,2019-08-31,2
launch_300,UNFI,2019-08-31,1
launch_300,VICR,2019-08-31,2
launch_300,VRTV,2019-08-31,1
launch_300,VSLR,2019-08-31,2
launch_300,VSTO,2019-08-31,1
launch_300,XYZ,2019-08-31,2
launch_300,ZS,2019-08-31,2
launch_300,ACH,2019-09-30,1
launch_300,ACMR,2019-09-30,2
launch_300,AGNT,2019-09-30,1
launch_300,APPS,2019-09-30,2
launch_300,ASTH,2019-09-30,2
launch_300,AUPH,2019-09-30,1
launch_300,AVID,2019-09-30,1
launch_300,BBWI,2019-09-30,1
launch_300,CALX,2019-09-30,1
launch_300,CAR,2019-09-30,2
launch_300,CDMO,2019-09-30,2
launch_300,CROX,2019-09-30,2
launch_300,CTRN,2019-09-30,1
launch_300,CVNA,2019-09-30,2
launch_300,CWH,2019-09-30,1
launch_300,CYRX,2019-09-30,2
launch_300,DOCU,2019-09-30,2
launch_300,DOMO,2019-09-30,1
launch_300,ENPH,2019-09-30,2
launch_300,EVH,2019-09-30,1
launch_300,FLGT,2019-09-30,2
launch_300,GME,2019-09-30,1
launch_300,GNRC,2019-09-30,2
launch_300,HOV,2019-09-30,1
launch_300,HUBS,2019-09-30,2
launch_300,HZNP,2019-09-30,2
launch_300,IMMU,2019-09-30,1
launch_300,ITCI,2019-09-30,1
launch_300,JYNT,2019-09-30,2
launch_300,KOD,2019-09-30,2
launch_300,LNWO,2019-09-30,1
launch_300,MNTA,2019-09-30,1
launch_300,MYOK,2019-09-30,2
launch_300,MYOV,2019-09-30,1
launch_300,NTLA,2019-09-30,1
launch_300,NVAX,2019-09-30,1
launch_300,NVDA,2019-09-30,2
launch_300,NXH,2019-09-30,1
launch_300,OPRX,2019-09-30,2
launch_300,PACB,2019-09-30,2
launch_300,PRTA,2019-09-30,1
launch_300,SGRY,2019-09-30,1
launch_300,SIG,2019-09-30,1
launch_300,SNAP,2019-09-30,2
launch_300,STAA,2019-09-30,2
launch_300,STMP,2019-09-30,1
launch_300,SWBI,2019-09-30,1
launch_300,SYNA,2019-09-30,2
launch_300,TGTX,2019-09-30,1
launch_300,TSLA,2019-09-30,2
launch_300,UNFI,2019-09-30,1
launch_300,VICR,2019-09-30,2
launch_300,VRTV,2019-09-30,1
launch_300,VSLR,2019-09-30,2
launch_300,VSTO,2019-09-30,1
launch_300,XLRN,2019-09-30,2
launch_300,ZS,2019-09-30,2
launch_300,ACH,2019-10-31,1
launch_300,ALB,2019-10-31,2
launch_300,AMRC,2019-10-31,2
launch_300,APPS,2019-10-31,2
launch_300,ARVN,2019-10-31,2
launch_300,ASTH,2019-10-31,1
launch_300,AVID,2019-10-31,1
launch_300,BBWI,2019-10-31,1
launch_300,CALX,2019-10-31,1
launch_300,CAR,2019-10-31,2
launch_300,CCXI1,2019-10-31,1
launch_300,CDMO,2019-10-31,2
launch_300,CROX,2019-10-31,2
launch_300,CTRN,2019-10-31,1
launch_300,CWH,2019-10-31,1
launch_300,CYRX,2019-10-31,2
launch_300,DAR,2019-10-31,2
launch_300,DOCU,2019-10-31,2
launch_300,DOMO,2019-10-31,1
launch_300,DXCM,2019-10-31,2
launch_300,ENPH,2019-10-31,2
launch_300,ESTA,2019-10-31,1
launch_300,ETSY,2019-10-31,2
launch_300,FTNT,2019-10-31,2
launch_300,FTSV,2019-10-31,1
launch_300,GME,2019-10-31,1
launch_300,GNMK,2019-10-31,1
launch_300,GNRC,2019-10-31,2
launch_300,HOME,2019-10-31,1
launch_300,HRI,2019-10-31,2
launch_300,HUBS,2019-10-31,2
launch_300,HZNP,2019-10-31,2
launch_300,IDT,2019-10-31,1
launch_300,IMMU,2019-10-31,2
launch_300,INSP,2019-10-31,2
launch_300,ITCI,2019-10-31,1
launch_300,JYNT,2019-10-31,2
launch_300,KOD,2019-10-31,2
launch_300,LOB,2019-10-31,2
launch_300,LOVE,2019-10-31,1
launch_300,LTHM,2019-10-31,1
launch_300,MDB,2019-10-31,2
launch_300,MSTR,2019-10-31,2
launch_300,MYOV,2019-10-31,1
launch_300,NTLA,2019-10-31,1
launch_300,NVDA,2019-10-31,2
launch_300,NXH,2019-10-31,1
launch_300,PRTA,2019-10-31,1
launch_300,RCUS,2019-10-31,1
launch_300,SEDG,2019-10-31,2
launch_300,SGRY,2019-10-31,1
launch_300,SIG,2019-10-31,1
launch_300,SM,2019-10-31,1
launch_300,SPWRQ,2019-10-31,2
launch_300,SYNA,2019-10-31,2
launch_300,TBIO1,2019-10-31,1
launch_300,TGTX,2019-10-31,1
launch_300,TRUP,2019-10-31,2
launch_300,TSLA,2019-10-31,2
launch_300,UNFI,2019-10-31,1
launch_300,VICR,2019-10-31,2
launch_300,VRTV,2019-10-31,1
launch_300,VSLR,2019-10-31,2
launch_300,VSTO,2019-10-31,1
launch_300,XYZ,2019-10-31,2
launch_300,ZS,2019-10-31,2
launch_300,ACH,2019-11-30,1
launch_300,ACMR,2019-11-30,1
launch_300,AGNT,2019-11-30,2
launch_300,ALB,2019-11-30,2
launch_300,AMC,2019-11-30,1
launch_300,AMD,2019-11-30,2
launch_300,AMR,2019-11-30,1
launch_300,AMRC,2019-11-30,2
launch_300,AOSL,2019-11-30,1
launch_300,APPS,2019-11-30,2
launch_300,ASTH,2019-11-30,1
launch_300,AVID,2019-11-30,1
launch_300,BBWI,2019-11-30,1
launch_300,BE,2019-11-30,1
launch_300,BXC,2019-11-30,1
launch_300,CALX,2019-11-30,2
launch_300,CAR,2019-11-30,2
launch_300,CROX,2019-11-30,2
launch_300,CTRN,2019-11-30,1
launch_300,CWH,2019-11-30,1
launch_300,CYRX,2019-11-30,2
launch_300,CYTK,2019-11-30,2
launch_300,DDS,2019-11-30,2
launch_300,DFIN,2019-11-30,1
launch_300,ENPH,2019-11-30,2
launch_300,ETSY,2019-11-30,2
launch_300,FLGT,2019-11-30,2
launch_300,FRHC,2019-11-30,2
launch_300,FTSV,2019-11-30,1
launch_300,GME,2019-11-30,1
launch_300,GNMK,2019-11-30,1
launch_300,GNRC,2019-11-30,2
launch_300,HOME,2019-11-30,1
launch_300,HOV,2019-11-30,1
launch_300,HUBS,2019-11-30,2
launch_300,IMMU,2019-11-30,2
launch_300,ITCI,2019-11-30,1
launch_300,JYNT,2019-11-30,2
launch_300,LOB,2019-11-30,2
launch_300,LOVE,2019-11-30,1
launch_300,LSCC,2019-11-30,2
launch_300,MRNA,2019-11-30,2
launch_300,MSTR,2019-11-30,2
launch_300,NTLA,2019-11-30,2
launch_300,NVDA,2019-11-30,2
launch_300,NXH,2019-11-30,1
launch_300,OPRX,2019-11-30,1
launch_300,PACB,2019-11-30,2
launch_300,RCUS,2019-11-30,1
launch_300,SEDG,2019-11-30,2
launch_300,SIG,2019-11-30,1
launch_300,SPWRQ,2019-11-30,2
launch_300,SYNA,2019-11-30,2
launch_300,TSLA,2019-11-30,2
launch_300,UNFI,2019-11-30,1
launch_300,VRTV,2019-11-30,1
launch_300,VSLR,2019-11-30,2
launch_300,VSTO,2019-11-30,1
launch_300,ZS,2019-11-30,2
launch_300,ACH,2019-12-31,1
launch_300,ACMR,2019-12-31,2
launch_300,AGNT,2019-12-31,2
launch_300,AMR,2019-12-31,1
launch_300,AMRC,2019-12-31,2
launch_300,AOSL,2019-12-31,2
launch_300,APPS,2019-12-31,2
launch_300,ARCB,2019-12-31,1
launch_300,BBWI,2019-12-31,1
launch_300,BXC,2019-12-31,1
launch_300,CALX,2019-12-31,2
launch_300,CAR,2019-12-31,2
launch_300,CLCT,2019-12-31,2
launch_300,CTRN,2019-12-31,2
launch_300,CYTK,2019-12-31,1
launch_300,DFIN,2019-12-31,1
launch_300,ENPH,2019-12-31,2
launch_300,ETSY,2019-12-31,2
launch_300,FLGT,2019-12-31,2
launch_300,FLNA,2019-12-31,1
launch_300,FRHC,2019-12-31,2
launch_300,GME,2019-12-31,1
launch_300,HOME,2019-12-31,1
launch_300,HOV,2019-12-31,1
launch_300,HUBS,2019-12-31,2
launch_300,IMMU,2019-12-31,2
launch_300,JYNT,2019-12-31,2
launch_300,LOB,2019-12-31,2
launch_300,LOVE,2019-12-31,1
launch_300,LSCC,2019-12-31,2
launch_300,MDB,2019-12-31,2
launch_300,MRNA,2019-12-31,2
launch_300,NTLA,2019-12-31,2
launch_300,NVDA,2019-12-31,2
launch_300,NXH,2019-12-31,1
launch_300,OPRX,2019-12-31,1
launch_300,PTGX,2019-12-31,1
launch_300,RILY,2019-12-31,2
launch_300,SIG,2019-12-31,1
launch_300,SYNA,2019-12-31,2
launch_300,TBIO1,2019-12-31,1
launch_300,TSLA,2019-12-31,2
launch_300,UNFI,2019-12-31,1
launch_300,VRTV,2019-12-31,1
launch_300,VSLR,2019-12-31,2
launch_300,VSTO,2019-12-31,1
launch_300,ZS,2019-12-31,2
launch_300,AA,2020-01-31,1
launch_300,ACH,2020-01-31,1
launch_300,AGNT,2020-01-31,2
launch_300,AMR,2020-01-31,1
launch_300,APPS,2020-01-31,2
launch_300,ARCB,2020-01-31,1
launch_300,BXC,2020-01-31,1
launch_300,CALX,2020-01-31,2
launch_300,CAR,2020-01-31,2
launch_300,CELH,2020-01-31,2
launch_300,DDS,2020-01-31,2
launch_300,DFIN,2020-01-31,1
launch_300,ENPH,2020-01-31,2
launch_300,FLGT,2020-01-31,2
launch_300,FLNA,2020-01-31,2
launch_300,GNMK,2020-01-31,1
launch_300,HOME,2020-01-31,1
launch_300,HRI,2020-01-31,2
launch_300,IMMU,2020-01-31,2
launch_300,LOVE,2020-01-31,1
launch_300,MRNA,2020-01-31,2
launch_300,NTLA,2020-01-31,1
launch_300,NVAX,2020-01-31,1
launch_300,NVDA,2020-01-31,2
launch_300,NXH,2020-01-31,1
launch_300,STMP,2020-01-31,1
launch_300,TBIO1,2020-01-31,1
launch_300,TSLA,2020-01-31,2
launch_300,UNFI,2020-01-31,1
launch_300,VRTV,2020-01-31,1
launch_300,VSLR,2020-01-31,2
launch_300,VSTO,2020-01-31,1
launch_300,ZS,2020-01-31,2
launch_300,AA,2020-02-29,1
launch_300,ACH,2020-02-29,1
launch_300,AGNT,2020-02-29,2
launch_300,AMR,2020-02-29,1
launch_300,AOSL,2020-02-29,1
launch_300,APPS,2020-02-29,2
launch_300,ARCB,2020-02-29,1
launch_300,AVID,2020-02-29,2
launch_300,BXC,2020-02-29,1
launch_300,CALX,2020-02-29,2
launch_300,CAR,2020-02-29,2
launch_300,CELH,2020-02-29,2
launch_300,CENX,2020-02-29,1
launch_300,CLCT,2020-02-29,2
launch_300,CNR,2020-02-29,1
launch_300,DDS,2020-02-29,2
launch_300,DVN,2020-02-29,1
launch_300,FCX,2020-02-29,2
launch_300,FLGT,2020-02-29,2
launch_300,FLNA,2020-02-29,1
launch_300,HOME,2020-02-29,1
launch_300,HRI,2020-02-29,2
launch_300,IMMU,2020-02-29,2
launch_300,KRA,2020-02-29,1
launch_300,LDL,2020-02-29,1
launch_300,LOB,2020-02-29,2
launch_300,LOVE,2020-02-29,1
launch_300,MRNA,2020-02-29,2
launch_300,MTDR,2020-02-29,1
launch_300,NTLA,2020-02-29,1
launch_300,NVAX,2020-02-29,1
launch_300,NXH,2020-02-29,1
launch_300,OVV,2020-02-29,1
launch_300,SM,2020-02-29,1
launch_300,TBIO1,2020-02-29,1
launch_300,TSLA,2020-02-29,2
launch_300,UNFI,2020-02-29,1
launch_300,VRTV,2020-02-29,1
launch_300,VSTO,2020-02-29,1
launch_300,ZS,2020-02-29,2
launch_300,AA,2020-03-31,1
launch_300,ACH,2020-03-31,1
launch_300,ACLS,2020-03-31,2
launch_300,ADNT,2020-03-31,1
launch_300,AGNT,2020-03-31,2
launch_300,ALB,2020-03-31,2
launch_300,AMRC,2020-03-31,2
launch_300,AOSL,2020-03-31,1
launch_300,AQUA,2020-03-31,2
launch_300,ARCB,2020-03-31,1
launch_300,ARCH,2020-03-31,1
launch_300,ASIX,2020-03-31,1
launch_300,ATKR,2020-03-31,2
launch_300,AVID,2020-03-31,2
launch_300,BBWI,2020-03-31,1
launch_300,BE,2020-03-31,1
launch_300,BLDR,2020-03-31,2
launch_300,BOOT,2020-03-31,1
launch_300,BYD,2020-03-31,1
launch_300,CAI1,2020-03-31,1
launch_300,CALX,2020-03-31,2
launch_300,CAR,2020-03-31,1
launch_300,CF,2020-03-31,2
launch_300,CHX,2020-03-31,1
launch_300,CIVI,2020-03-31,1
launch_300,CLCT,2020-03-31,2
launch_300,CLR,2020-03-31,1
launch_300,COOP,2020-03-31,1
launch_300,CPRI,2020-03-31,1
launch_300,CROX,2020-03-31,2
launch_300,CRWD,2020-03-31,2
launch_300,CUBI,2020-03-31,1
launch_300,CUTRQ,2020-03-31,1
launch_300,CWH,2020-03-31,1
launch_300,CZR,2020-03-31,1
launch_300,DAR,2020-03-31,2
launch_300,DDS,2020-03-31,1
launch_300,DFIN,2020-03-31,1
launch_300,DKL,2020-03-31,1
launch_300,DKS,2020-03-31,1
launch_300,DOMO,2020-03-31,1
launch_300,DVN,2020-03-31,1
launch_300,ENPH,2020-03-31,2
launch_300,EQT,2020-03-31,1
launch_300,ESTA,2020-03-31,1
launch_300,EVH,2020-03-31,1
launch_300,FANG,2020-03-31,1
launch_300,FCX,2020-03-31,1
launch_300,FLGT,2020-03-31,2
launch_300,FLR,2020-03-31,1
launch_300,FRHC,2020-03-31,1
launch_300,FRTA,2020-03-31,1
launch_300,GCO,2020-03-31,1
launch_300,GDEN,2020-03-31,1
launch_300,GTLS,2020-03-31,1
launch_300,HAL,2020-03-31,1
launch_300,HIBB,2020-03-31,1
launch_300,HOV,2020-03-31,1
launch_300,HRI,2020-03-31,1
launch_300,IMMU,2020-03-31,2
launch_300,INSP,2020-03-31,2
launch_300,KRA,2020-03-31,1
launch_300,KSS,2020-03-31,1
launch_300,LDL,2020-03-31,1
launch_300,LNG,2020-03-31,2
launch_300,LNTH,2020-03-31,1
launch_300,LNWO,2020-03-31,1
launch_300,LOB,2020-03-31,1
launch_300,LOVE,2020-03-31,1
launch_300,LTHM,2020-03-31,1
launch_300,LVGO,2020-03-31,2
launch_300,MATX,2020-03-31,2
launch_300,MDP,2020-03-31,1
launch_300,MOS,2020-03-31,1
launch_300,MRNA,2020-03-31,2
launch_300,MSTR,2020-03-31,2
launch_300,MUR,2020-03-31,1
launch_300,MXL,2020-03-31,1
launch_300,MYOK,2020-03-31,2
launch_300,NFE,2020-03-31,1
launch_300,NTLA,2020-03-31,2
launch_300,NUE,2020-03-31,2
launch_300,NVAX,2020-03-31,2
launch_300,NVDA,2020-03-31,2
launch_300,OLN,2020-03-31,1
launch_300,ON,2020-03-31,1
launch_300,OXY,2020-03-31,1
launch_300,PDCE,2020-03-31,1
launch_300,PRFT,2020-03-31,2
launch_300,PRKS,2020-03-31,1
launch_300,PWR,2020-03-31,2
launch_300,RDUS,2020-03-31,1
launch_300,RICK,2020-03-31,1
launch_300,RILY,2020-03-31,2
launch_300,RRR,2020-03-31,1
launch_300,RVLV,2020-03-31,1
launch_300,RYZ,2020-03-31,1
launch_300,SGRY,2020-03-31,1
launch_300,SIG,2020-03-31,1
launch_300,SPWRQ,2020-03-31,1
launch_300,SWAV,2020-03-31,2
launch_300,TA,2020-03-31,1
launch_300,TBBK,2020-03-31,1
launch_300,THC,2020-03-31,1
launch_300,TRGP,2020-03-31,1
launch_300,TSLA,2020-03-31,2
launch_300,TVTY,2020-03-31,1
launch_300,UNFI,2020-03-31,1
launch_300,USAC,2020-03-31,1
launch_300,USCR,2020-03-31,1
launch_300,VCEL,2020-03-31,2
launch_300,VNE,2020-03-31,1
launch_300,VNOM,2020-03-31,1
launch_300,VRTV,2020-03-31,1
launch_300,VSTO,2020-03-31,1
launch_300,WBT,2020-03-31,1
launch_300,WCC,2020-03-31,1
launch_300,WHD,2020-03-31,1
launch_300,WMS,2020-03-31,2
launch_300,X,2020-03-31,1
launch_300,XEC,2020-03-31,1
launch_300,AA,2020-04-30,1
launch_300,ACH,2020-04-30,1
launch_300,APPS,2020-04-30,2
launch_300,ARCH,2020-04-30,1
launch_300,AVID,2020-04-30,2
launch_300,BBWI,2020-04-30,1
launch_300,BOOT,2020-04-30,1
launch_300,BXC,2020-04-30,1
launch_300,CAR,2020-04-30,1
launch_300,CELH,2020-04-30,2
launch_300,CLCT,2020-04-30,2
launch_300,CNR,2020-04-30,1
launch_300,CNR2,2020-04-30,1
launch_300,COOP,2020-04-30,1
launch_300,CUTRQ,2020-04-30,1
launch_300,DCP,2020-04-30,1
launch_300,DDS,2020-04-30,1
launch_300,DFIN,2020-04-30,1
launch_300,DVN,2020-04-30,1
launch_300,ESTA,2020-04-30,1
launch_300,FCX,2020-04-30,2
launch_300,GDEN,2020-04-30,1
launch_300,GME,2020-04-30,1
launch_300,GNK,2020-04-30,1
launch_300,GPRE,2020-04-30,1
launch_300,GTLS,2020-04-30,1
launch_300,HRI,2020-04-30,1
launch_300,LDL,2020-04-30,1
launch_300,LNTH,2020-04-30,1
launch_300,LNWO,2020-04-30,1
launch_300,M,2020-04-30,1
launch_300,MOS,2020-04-30,1
launch_300,MRO,2020-04-30,1
launch_300,MTDR,2020-04-30,1
launch_300,NBR,2020-04-30,1
launch_300,OLN,2020-04-30,1
launch_300,OMP,2020-04-30,1
launch_300,OVV,2020-04-30,1
launch_300,PDCE,2020-04-30,1
launch_300,PRKS,2020-04-30,1
launch_300,REZI,2020-04-30,1
launch_300,RICK,2020-04-30,1
launch_300,ROCC,2020-04-30,1
launch_300,RRC,2020-04-30,1
launch_300,RRR,2020-04-30,1
launch_300,SBOW,2020-04-30,1
launch_300,SGRY,2020-04-30,1
launch_300,SIG,2020-04-30,1
launch_300,TRGP,2020-04-30,1
launch_300,TSLA,2020-04-30,2
launch_300,UNFI,2020-04-30,1
launch_300,VCRA,2020-04-30,2
launch_300,VRTV,2020-04-30,1
launch_300,VSLR,2020-04-30,1
launch_300,WCC,2020-04-30,1
launch_300,X,2020-04-30,1
launch_300,AA,2020-05-31,1
launch_300,ACH,2020-05-31,1
launch_300,AOSL,2020-05-31,1
launch_300,APA,2020-05-31,1
launch_300,ARCH,2020-05-31,1
launch_300,ATKR,2020-05-31,2
launch_300,AVID,2020-05-31,1
launch_300,BXC,2020-05-31,1
launch_300,CAL,2020-05-31,1
launch_300,CAR,2020-05-31,1
launch_300,CELH,2020-05-31,2
launch_300,CIVI,2020-05-31,1
launch_300,CLCT,2020-05-31,2
launch_300,CLF,2020-05-31,1
launch_300,CLR,2020-05-31,1
launch_300,CNR,2020-05-31,1
launch_300,CNR2,2020-05-31,1
launch_300,CUBI,2020-05-31,1
launch_300,DDS,2020-05-31,1
launch_300,DVN,2020-05-31,1
launch_300,FCX,2020-05-31,1
launch_300,FPRX,2020-05-31,1
launch_300,FTSI,2020-05-31,1
launch_300,GTLS,2020-05-31,1
launch_300,HRI,2020-05-31,1
launch_300,LDL,2020-05-31,1
launch_300,LNTH,2020-05-31,1
launch_300,LTHM,2020-05-31,1
launch_300,MGY,2020-05-31,1
launch_300,MOS,2020-05-31,1
launch_300,MRO,2020-05-31,1
launch_300,MTDR,2020-05-31,1
launch_300,NBR,2020-05-31,1
launch_300,OLN,2020-05-31,1
launch_300,OVV,2020-05-31,1
launch_300,OXY,2020-05-31,1
launch_300,PDCE,2020-05-31,1
launch_300,RICK,2020-05-31,1
launch_300,ROCC,2020-05-31,1
launch_300,RRC,2020-05-31,1
launch_300,SIG,2020-05-31,1
launch_300,TRGP,2020-05-31,1
launch_300,TSLA,2020-05-31,2
launch_300,VCRA,2020-05-31,2
launch_300,VRTV,2020-05-31,1
launch_300,VSLR,2020-05-31,2
launch_300,AA,2020-06-30,1
launch_300,ACH,2020-06-30,1
launch_300,ARCH,2020-06-30,1
launch_300,BXC,2020-06-30,1
launch_300,CAR,2020-06-30,1
launch_300,CELH,2020-06-30,2
launch_300,CNR,2020-06-30,1
launch_300,CNR2,2020-06-30,1
launch_300,DDS,2020-06-30,1
launch_300,DVN,2020-06-30,1
launch_300,ENPH,2020-06-30,2
launch_300,EVH,2020-06-30,1
launch_300,FPRX,2020-06-30,1
launch_300,GDEN,2020-06-30,1
launch_300,HOME,2020-06-30,1
launch_300,LDL,2020-06-30,1
launch_300,LNTH,2020-06-30,1
launch_300,MDP,2020-06-30,1
launch_300,MTDR,2020-06-30,1
launch_300,OLN,2020-06-30,1
launch_300,OVV,2020-06-30,1
launch_300,PDCE,2020-06-30,1
launch_300,RRC,2020-06-30,1
launch_300,SIG,2020-06-30,1
launch_300,SWAV,2020-06-30,2
launch_300,VRTV,2020-06-30,1
launch_300,VSLR,2020-06-30,2
launch_300,VTLE,2020-06-30,1
launch_300,ARCH,2020-07-31,1
launch_300,BXC,2020-07-31,1
launch_300,CAL,2020-07-31,1
launch_300,CAR,2020-07-31,1
launch_300,CCRN,2020-07-31,1
launch_300,CELH,2020-07-31,2
launch_300,CLFD,2020-07-31,2
launch_300,CLR,2020-07-31,1
launch_300,CNR,2020-07-31,1
launch_300,CNR2,2020-07-31,1
launch_300,DDS,2020-07-31,1
launch_300,DVN,2020-07-31,1
launch_300,ENPH,2020-07-31,2
launch_300,FNKO,2020-07-31,1
launch_300,FPRX,2020-07-31,1
launch_300,GDEN,2020-07-31,1
launch_300,JAKK,2020-07-31,1
launch_300,LNTH,2020-07-31,1
launch_300,MDP,2020-07-31,1
launch_300,MGY,2020-07-31,1
launch_300,MRO,2020-07-31,1
launch_300,MTDR,2020-07-31,1
launch_300,OLN,2020-07-31,1
launch_300,OVV,2020-07-31,1
launch_300,OXY,2020-07-31,1
launch_300,PDCE,2020-07-31,1
launch_300,RICK,2020-07-31,1
launch_300,RRC,2020-07-31,1
launch_300,SIG,2020-07-31,1
launch_300,SWAV,2020-07-31,2
launch_300,VRTV,2020-07-31,1
launch_300,VTLE,2020-07-31,1
launch_300,ARCH,2020-08-31,1
launch_300,CAR,2020-08-31,1
launch_300,CELH,2020-08-31,2
launch_300,CLR,2020-08-31,1
launch_300,CNR,2020-08-31,1
launch_300,CPE,2020-08-31,1
launch_300,DDS,2020-08-31,1
launch_300,DVN,2020-08-31,1
launch_300,GME,2020-08-31,1
launch_300,IPI,2020-08-31,1
launch_300,LEU,2020-08-31,2
launch_300,LNTH,2020-08-31,1
launch_300,MDP,2020-08-31,1
launch_300,MRO,2020-08-31,1
launch_300,MTDR,2020-08-31,1
launch_300,OLN,2020-08-31,1
launch_300,OVV,2020-08-31,1
launch_300,OXY,2020-08-31,1
launch_300,PDCE,2020-08-31,1
launch_300,RRC,2020-08-31,1
launch_300,SICPQ,2020-08-31,1
launch_300,SWAV,2020-08-31,2
launch_300,TRGP,2020-08-31,1
launch_300,VRTV,2020-08-31,1
launch_300,VTLE,2020-08-31,1
launch_300,AMR,2020-09-30,1
launch_300,CAR,2020-09-30,1
launch_300,CCRN,2020-09-30,1
launch_300,CLFD,2020-09-30,2
launch_300,CLR,2020-09-30,1
launch_300,DDS,2020-09-30,1
launch_300,DVN,2020-09-30,1
launch_300,FANG,2020-09-30,1
launch_300,GME,2020-09-30,2
launch_300,IPI,2020-09-30,1
launch_300,LEU,2020-09-30,1
launch_300,LNTH,2020-09-30,1
launch_300,MDP,2020-09-30,1
launch_300,MTDR,2020-09-30,1
launch_300,MUR,2020-09-30,1
launch_300,NBR,2020-09-30,1
launch_300,NOG,2020-09-30,1
launch_300,OMP,2020-09-30,1
launch_300,OVV,2020-09-30,1
launch_300,OXY,2020-09-30,1
launch_300,PBF,2020-09-30,1
launch_300,PDCE,2020-09-30,1
launch_300,PRTA,2020-09-30,1
launch_300,SICPQ,2020-09-30,1
launch_300,TPL,2020-09-30,2
launch_300,TRGP,2020-09-30,1
launch_300,VNOM,2020-09-30,1
launch_300,VRTV,2020-09-30,1
launch_300,VTLE,2020-09-30,1
launch_300,APA,2020-10-31,1
launch_300,ARCH,2020-10-31,1
launch_300,ATKR,2020-10-31,1
launch_300,CAR,2020-10-31,1
launch_300,CCRN,2020-10-31,1
launch_300,CELH,2020-10-31,2
launch_300,CF,2020-10-31,2
launch_300,CIVI,2020-10-31,1
launch_300,CLFD,2020-10-31,2
launch_300,CLR,2020-10-31,1
launch_300,COP,2020-10-31,1
launch_300,CPE,2020-10-31,1
launch_300,CVI,2020-10-31,1
launch_300,DDS,2020-10-31,1
launch_300,DVN,2020-10-31,1
launch_300,EOG,2020-10-31,1
launch_300,FANG,2020-10-31,1
launch_300,FLNA,2020-10-31,1
launch_300,GME,2020-10-31,2
launch_300,ISEE,2020-10-31,2
launch_300,LNTH,2020-10-31,1
launch_300,MDP,2020-10-31,1
launch_300,MNRL,2020-10-31,1
launch_300,MPC,2020-10-31,1
launch_300,MTDR,2020-10-31,1
launch_300,MUR,2020-10-31,1
launch_300,NBR,2020-10-31,1
launch_300,OVV,2020-10-31,1
launch_300,OXY,2020-10-31,1
launch_300,PDCE,2020-10-31,1
launch_300,PI,2020-10-31,2
launch_300,PRTA,2020-10-31,1
launch_300,ROCC,2020-10-31,1
launch_300,RRC,2020-10-31,1
launch_300,RYZ,2020-10-31,1
launch_300,STFC,2020-10-31,1
launch_300,SWAV,2020-10-31,2
launch_300,TMDX,2020-10-31,1
launch_300,TPL,2020-10-31,2
launch_300,TRGP,2020-10-31,1
launch_300,VNOM,2020-10-31,1
launch_300,VRTV,2020-10-31,1
launch_300,VTLE,2020-10-31,1
launch_300,WES,2020-10-31,1
launch_300,ARCH,2020-11-30,1
launch_300,CAR,2020-11-30,1
launch_300,CCRN,2020-11-30,1
launch_300,CLFD,2020-11-30,2
launch_300,CLR,2020-11-30,1
launch_300,CNR,2020-11-30,1
launch_300,CPE,2020-11-30,1
launch_300,DDS,2020-11-30,1
launch_300,DVN,2020-11-30,1
launch_300,FANG,2020-11-30,1
launch_300,FLNA,2020-11-30,1
launch_300,GME,2020-11-30,2
launch_300,LNTH,2020-11-30,1
launch_300,MGY,2020-11-30,1
launch_300,MNRL,2020-11-30,1
launch_300,MRO,2020-11-30,1
launch_300,MTDR,2020-11-30,1
launch_300,MUR,2020-11-30,1
launch_300,NOG,2020-11-30,1
launch_300,OVV,2020-11-30,1
launch_300,OXY,2020-11-30,1
launch_300,PBF,2020-11-30,1
launch_300,PDCE,2020-11-30,1
launch_300,PRTA,2020-11-30,1
launch_300,RFP,2020-11-30,2
launch_300,ROCC,2020-11-30,1
launch_300,TPL,2020-11-30,2
launch_300,VRTV,2020-11-30,1
launch_300,VTLE,2020-11-30,1
launch_300,AMR,2020-12-31,1
launch_300,AR,2020-12-31,1
launch_300,CAR,2020-12-31,1
launch_300,CLR,2020-12-31,1
launch_300,CNR,2020-12-31,1
launch_300,DDS,2020-12-31,2
launch_300,DVN,2020-12-31,1
launch_300,FLNA,2020-12-31,1
launch_300,MRO,2020-12-31,1
launch_300,MTDR,2020-12-31,1
launch_300,PBF,2020-12-31,1
launch_300,PRTA,2020-12-31,1
launch_300,SM,2020-12-31,1
launch_300,TDW,2020-12-31,1
launch_300,VRTV,2020-12-31,1
launch_300,AMR,2021-01-31,1
launch_300,AR,2021-01-31,1
launch_300,ARLP,2021-01-31,1
launch_300,BBW,2021-01-31,1
launch_300,CAR,2021-01-31,1
launch_300,CNR,2021-01-31,1
launch_300,DDS,2021-01-31,2
launch_300,DVN,2021-01-31,1
launch_300,ISEE,2021-01-31,1
launch_300,MTDR,2021-01-31,1
launch_300,PBF,2021-01-31,1
launch_300,PRTA,2021-01-31,1
launch_300,ROCC,2021-01-31,1
launch_300,TDW,2021-01-31,1
launch_300,VRTV,2021-01-31,1
launch_300,AMR,2021-02-28,1
launch_300,ARLP,2021-02-28,1
launch_300,CNR,2021-02-28,1
launch_300,DDS,2021-02-28,2
launch_300,VRTV,2021-02-28,1
launch_300,WFRD,2021-02-28,1
launch_300,AMR,2021-03-31,1
launch_300,ARLP,2021-03-31,1
launch_300,CNR,2021-03-31,1
launch_300,AMR,2021-04-30,1
launch_300,ARLP,2021-04-30,1
launch_300,CNR,2021-04-30,1
launch_300,ISEE,2021-04-30,2
launch_300,WFRD,2021-04-30,1
launch_300,AMR,2021-05-31,1
launch_300,CCXI1,2021-05-31,1
launch_300,ISEE,2021-05-31,2
launch_300,SMCI,2021-05-31,2
launch_300,VKTX,2021-05-31,1
launch_300,ACLS,2021-06-30,2
launch_300,AMR,2021-06-30,2
launch_300,ELF,2021-06-30,2
launch_300,ISEE,2021-06-30,2
launch_300,SMCI,2021-06-30,2
launch_300,TDW,2021-06-30,1
launch_300,ACLS,2021-07-31,2
launch_300,AEHR,2021-07-31,1
launch_300,AMR,2021-07-31,2
launch_300,ELF,2021-07-31,2
launch_300,ISEE,2021-07-31,2
launch_300,LPG,2021-07-31,2
launch_300,PBF,2021-07-31,1
launch_300,PRVB,2021-07-31,1
launch_300,SMCI,2021-07-31,2
launch_300,TDW,2021-07-31,1
launch_300,WFRD,2021-07-31,2
launch_300,AEHR,2021-08-31,2
launch_300,AMR,2021-08-31,2
launch_300,CNR,2021-08-31,2
launch_300,ELF,2021-08-31,2
launch_300,PBF,2021-08-31,1
launch_300,SMCI,2021-08-31,2
launch_300,TDW,2021-08-31,1
launch_300,WFRD,2021-08-31,2
launch_300,AMR,2021-09-30,2
launch_300,CNR,2021-09-30,2
launch_300,IMVT,2021-09-30,1
launch_300,MOD,2021-09-30,1
launch_300,PBF,2021-09-30,1
launch_300,SMCI,2021-09-30,2
launch_300,TDW,2021-09-30,1
launch_300,WFRD,2021-09-30,2
launch_300,IMVT,2021-10-31,1
launch_300,LPG,2021-10-31,2
launch_300,SMCI,2021-10-31,2
launch_300,TDW,2021-10-31,1
launch_300,AMR,2021-11-30,2
launch_300,CNR,2021-11-30,2
launch_300,IMGN,2021-11-30,1
launch_300,IMVT,2021-11-30,1
launch_300,LPG,2021-11-30,2
launch_300,MOD,2021-11-30,1
launch_300,SMCI,2021-11-30,2
launch_300,SYM,2021-11-30,1
launch_300,TDW,2021-11-30,1
launch_300,AMR,2021-12-31,2
launch_300,CNR,2021-12-31,2
launch_300,ELF,2021-12-31,2
launch_300,IMVT,2021-12-31,1
launch_300,LPG,2021-12-31,2
launch_300,MOD,2021-12-31,1
launch_300,PRVB,2021-12-31,1
launch_300,RETA,2021-12-31,1
launch_300,RYTM,2021-12-31,1
launch_300,SMCI,2021-12-31,2
launch_300,SYM,2021-12-31,1
launch_300,TDW,2021-12-31,1
launch_300,TMDX,2021-12-31,1
launch_300,AMR,2022-01-31,2
launch_300,CNR,2022-01-31,2
launch_300,ELF,2022-01-31,2
launch_300,IMGN,2022-01-31,2
launch_300,IMVT,2022-01-31,1
launch_300,INSW,2022-01-31,1
launch_300,LPG,2022-01-31,2
launch_300,MOD,2022-01-31,1
launch_300,POWL,2022-01-31,2
launch_300,PRVB,2022-01-31,1
launch_300,RETA,2022-01-31,1
launch_300,RYTM,2022-01-31,1
launch_300,SMCI,2022-01-31,2
launch_300,SYM,2022-01-31,1
launch_300,TDW,2022-01-31,2
launch_300,TMDX,2022-01-31,1
launch_300,ALPN,2022-02-28,1
launch_300,AMR,2022-02-28,2
launch_300,BBIO,2022-02-28,1
launch_300,ELF,2022-02-28,2
launch_300,IMGN,2022-02-28,1
launch_300,IMVT,2022-02-28,1
launch_300,LPG,2022-02-28,2
launch_300,MOD,2022-02-28,1
launch_300,POWL,2022-02-28,1
launch_300,RETA,2022-02-28,1
launch_300,RYTM,2022-02-28,1
launch_300,SMCI,2022-02-28,2
launch_300,TDW,2022-02-28,2
launch_300,TMDX,2022-02-28,1
launch_300,VRT,2022-02-28,2
launch_300,ALPN,2022-03-31,1
launch_300,CELH,2022-03-31,2
launch_300,ELF,2022-03-31,2
launch_300,GFF,2022-03-31,2
launch_300,IMVT,2022-03-31,1
launch_300,LPG,2022-03-31,2
launch_300,MLTX,2022-03-31,2
launch_300,MOD,2022-03-31,1
launch_300,NUVL,2022-03-31,1
launch_300,POWL,2022-03-31,1
launch_300,RETA,2022-03-31,1
launch_300,RXDX,2022-03-31,2
launch_300,RXST,2022-03-31,1
launch_300,SMCI,2022-03-31,2
launch_300,STRL,2022-03-31,2
launch_300,SYM,2022-03-31,2
launch_300,TDW,2022-03-31,2
launch_300,VRT,2022-03-31,1
launch_300,CELH,2022-04-30,2
launch_300,ELF,2022-04-30,2
launch_300,FTAI,2022-04-30,2
launch_300,GFF,2022-04-30,2
launch_300,IDYA,2022-04-30,1
launch_300,IESC,2022-04-30,1
launch_300,LPG,2022-04-30,2
launch_300,MLTX,2022-04-30,1
launch_300,MOD,2022-04-30,1
launch_300,NUVL,2022-04-30,1
launch_300,NVDA,2022-04-30,2
launch_300,POWL,2022-04-30,1
launch_300,RETA,2022-04-30,1
launch_300,RXDX,2022-04-30,2
launch_300,RYTM,2022-04-30,1
launch_300,SMCI,2022-04-30,2
launch_300,STRL,2022-04-30,2
launch_300,TDW,2022-04-30,2
launch_300,TMDX,2022-04-30,1
launch_300,VRT,2022-04-30,1
launch_300,WING,2022-04-30,2
launch_300,ANF,2022-05-31,1
launch_300,BBIO,2022-05-31,1
launch_300,BLBD,2022-05-31,1
launch_300,DECK,2022-05-31,2
launch_300,ELF,2022-05-31,2
launch_300,FTAI,2022-05-31,2
launch_300,IESC,2022-05-31,1
launch_300,LPG,2022-05-31,2
launch_300,MOD,2022-05-31,2
launch_300,MSTR,2022-05-31,1
launch_300,NUVL,2022-05-31,1
launch_300,NVDA,2022-05-31,2
launch_300,POWL,2022-05-31,2
launch_300,RETA,2022-05-31,1
launch_300,RXDX,2022-05-31,2
launch_300,RXST,2022-05-31,2
launch_300,SMCI,2022-05-31,2
launch_300,STRL,2022-05-31,2
launch_300,SYM,2022-05-31,2
launch_300,TDW,2022-05-31,2
launch_300,TMDX,2022-05-31,2
launch_300,VITL,2022-05-31,1
launch_300,VRT,2022-05-31,1
launch_300,WING,2022-05-31,2
launch_300,ALPN,2022-06-30,2
launch_300,AMSC,2022-06-30,1
launch_300,ANF,2022-06-30,1
launch_300,BLBD,2022-06-30,1
launch_300,CECO,2022-06-30,2
launch_300,COIN,2022-06-30,1
launch_300,CRS,2022-06-30,2
launch_300,CVNA,2022-06-30,1
launch_300,DYN,2022-06-30,1
launch_300,ELF,2022-06-30,2
launch_300,FTAI,2022-06-30,2
launch_300,GE,2022-06-30,2
launch_300,IESC,2022-06-30,1
launch_300,ISEE,2022-06-30,1
launch_300,MOD,2022-06-30,2
launch_300,MSTR,2022-06-30,1
launch_300,NUVL,2022-06-30,1
launch_300,NVDA,2022-06-30,2
launch_300,POWL,2022-06-30,2
launch_300,PTGX,2022-06-30,1
launch_300,RCL,2022-06-30,2
launch_300,RETA,2022-06-30,1
launch_300,RXDX,2022-06-30,2
launch_300,RXST,2022-06-30,2
launch_300,SMCI,2022-06-30,2
launch_300,STRL,2022-06-30,2
launch_300,TDW,2022-06-30,2
launch_300,TMDX,2022-06-30,2
launch_300,VITL,2022-06-30,1
launch_300,VRT,2022-06-30,1
launch_300,WFRD,2022-06-30,2
launch_300,WING,2022-06-30,2
launch_300,ANF,2022-07-31,1
launch_300,CRS,2022-07-31,2
launch_300,CVNA,2022-07-31,1
launch_300,DYN,2022-07-31,1
launch_300,ELF,2022-07-31,2
launch_300,FTAI,2022-07-31,2
launch_300,HOV,2022-07-31,1
launch_300,IESC,2022-07-31,2
launch_300,MDGL,2022-07-31,2
launch_300,MOD,2022-07-31,2
launch_300,MSTR,2022-07-31,1
launch_300,NUVL,2022-07-31,1
launch_300,NVDA,2022-07-31,2
launch_300,RCL,2022-07-31,2
launch_300,RETA,2022-07-31,1
launch_300,RXDX,2022-07-31,2
launch_300,SMCI,2022-07-31,2
launch_300,STRL,2022-07-31,2
launch_300,TDW,2022-07-31,2
launch_300,VRT,2022-07-31,1
launch_300,WFRD,2022-07-31,2
launch_300,ZETA,2022-07-31,1
launch_300,ANF,2022-08-31,1
launch_300,CRS,2022-08-31,2
launch_300,CVNA,2022-08-31,1
launch_300,DYN,2022-08-31,1
launch_300,FTAI,2022-08-31,2
launch_300,HOV,2022-08-31,1
launch_300,IDYA,2022-08-31,1
launch_300,IMGN,2022-08-31,2
launch_300,IMVT,2022-08-31,1
launch_300,ISEE,2022-08-31,1
launch_300,MOD,2022-08-31,2
launch_300,MSTR,2022-08-31,1
launch_300,NUVL,2022-08-31,1
launch_300,NVDA,2022-08-31,2
launch_300,PLTR,2022-08-31,2
launch_300,PTGX,2022-08-31,1
launch_300,RCL,2022-08-31,1
launch_300,RETA,2022-08-31,1
launch_300,RXST,2022-08-31,2
launch_300,SMCI,2022-08-31,2
launch_300,STRL,2022-08-31,2
launch_300,TDW,2022-08-31,2
launch_300,VRT,2022-08-31,1
launch_300,ALPN,2022-09-30,1
launch_300,ANF,2022-09-30,1
launch_300,APP,2022-09-30,1
launch_300,AVGO,2022-09-30,2
launch_300,BVH,2022-09-30,1
launch_300,CRS,2022-09-30,2
launch_300,CVNA,2022-09-30,1
launch_300,FICO,2022-09-30,2
launch_300,FIX,2022-09-30,2
launch_300,FTAI,2022-09-30,2
launch_300,GE,2022-09-30,2
launch_300,HOV,2022-09-30,1
launch_300,IMVT,2022-09-30,1
launch_300,META,2022-09-30,2
launch_300,MHO,2022-09-30,2
launch_300,MOD,2022-09-30,2
launch_300,MSTR,2022-09-30,1
launch_300,NUVL,2022-09-30,2
launch_300,NVDA,2022-09-30,2
launch_300,PCVX,2022-09-30,2
launch_300,PETQ,2022-09-30,1
launch_300,PLTR,2022-09-30,2
launch_300,PTGX,2022-09-30,1
launch_300,RCL,2022-09-30,2
launch_300,RETA,2022-09-30,1
launch_300,ROOT,2022-09-30,1
launch_300,RXST,2022-09-30,1
launch_300,SKYW,2022-09-30,1
launch_300,SMCI,2022-09-30,2
launch_300,STRL,2022-09-30,2
launch_300,TPC,2022-09-30,1
launch_300,VRT,2022-09-30,1
launch_300,VST,2022-09-30,2
launch_300,ZETA,2022-09-30,1
launch_300,ANF,2022-10-31,1
launch_300,APP,2022-10-31,1
launch_300,BLBD,2022-10-31,1
launch_300,CRS,2022-10-31,2
launch_300,CVNA,2022-10-31,1
launch_300,FICO,2022-10-31,2
launch_300,FTAI,2022-10-31,2
launch_300,HOV,2022-10-31,1
launch_300,IMGN,2022-10-31,2
launch_300,META,2022-10-31,2
launch_300,MOD,2022-10-31,2
launch_300,MSTR,2022-10-31,2
launch_300,NVDA,2022-10-31,2
launch_300,PLTR,2022-10-31,2
launch_300,PTGX,2022-10-31,1
launch_300,RETA,2022-10-31,1
launch_300,ROOT,2022-10-31,1
launch_300,SFM,2022-10-31,2
launch_300,SKYW,2022-10-31,1
launch_300,SMCI,2022-10-31,2
launch_300,STRL,2022-10-31,2
launch_300,TGTX,2022-10-31,1
launch_300,VRT,2022-10-31,2
launch_300,VST,2022-10-31,2
launch_300,XPO,2022-10-31,2
launch_300,ACLX,2022-11-30,2
launch_300,AFRM,2022-11-30,1
launch_300,AGX,2022-11-30,2
launch_300,ANF,2022-11-30,1
launch_300,APP,2022-11-30,1
launch_300,ASTS,2022-11-30,1
launch_300,COIN,2022-11-30,1
launch_300,CRS,2022-11-30,2
launch_300,CVNA,2022-11-30,1
launch_300,DUOL,2022-11-30,2
launch_300,FTAI,2022-11-30,2
launch_300,HIMS,2022-11-30,2
launch_300,HOV,2022-11-30,1
launch_300,IDCC,2022-11-30,2
launch_300,IMGN,2022-11-30,2
launch_300,INSM,2022-11-30,2
launch_300,IONQ,2022-11-30,1
launch_300,MARA,2022-11-30,1
launch_300,MDGL,2022-11-30,2
launch_300,META,2022-11-30,2
launch_300,MOD,2022-11-30,2
launch_300,MSTR,2022-11-30,1
launch_300,NTRA,2022-11-30,2
launch_300,NVDA,2022-11-30,2
launch_300,PLTR,2022-11-30,2
launch_300,PTGX,2022-11-30,1
launch_300,RCL,2022-11-30,2
launch_300,RDNT,2022-11-30,2
launch_300,RETA,2022-11-30,1
launch_300,ROOT,2022-11-30,1
launch_300,RXDX,2022-11-30,2
launch_300,SFM,2022-11-30,2
launch_300,SKYW,2022-11-30,1
launch_300,SRRK,2022-11-30,1
launch_300,STRL,2022-11-30,2
launch_300,UPST,2022-11-30,1
launch_300,VRT,2022-11-30,2
launch_300,VST,2022-11-30,2
launch_300,AFRM,2022-12-31,1
launch_300,ALPN,2022-12-31,1
launch_300,ANF,2022-12-31,2
launch_300,APP,2022-12-31,1
launch_300,AVGO,2022-12-31,2
launch_300,CBAY,2022-12-31,2
launch_300,COIN,2022-12-31,1
launch_300,CRDO,2022-12-31,2
launch_300,CRS,2022-12-31,2
launch_300,DUOL,2022-12-31,2
launch_300,EAT,2022-12-31,2
launch_300,FTAI,2022-12-31,2
launch_300,HOOD,2022-12-31,1
launch_300,IDCC,2022-12-31,2
launch_300,IESC,2022-12-31,2
launch_300,JANX,2022-12-31,1
launch_300,META,2022-12-31,2
launch_300,MOD,2022-12-31,2
launch_300,MSTR,2022-12-31,1
launch_300,NVDA,2022-12-31,2
launch_300,PAY,2022-12-31,1
launch_300,PLTR,2022-12-31,1
launch_300,POWL,2022-12-31,2
launch_300,RCL,2022-12-31,2
launch_300,RETA,2022-12-31,2
launch_300,SKYW,2022-12-31,1
launch_300,SRRK,2022-12-31,1
launch_300,STRL,2022-12-31,2
launch_300,UPST,2022-12-31,1
launch_300,USLM,2022-12-31,2
launch_300,VKTX,2022-12-31,2
launch_300,VRT,2022-12-31,2
launch_300,VST,2022-12-31,2
launch_300,ANF,2023-01-31,2
launch_300,APP,2023-01-31,1
launch_300,COIN,2023-01-31,1
launch_300,CRDO,2023-01-31,2
launch_300,CRS,2023-01-31,2
launch_300,CVNA,2023-01-31,1
launch_300,EAT,2023-01-31,2
launch_300,FTAI,2023-01-31,2
launch_300,HIMS,2023-01-31,2
launch_300,HOOD,2023-01-31,1
launch_300,META,2023-01-31,2
launch_300,MOD,2023-01-31,2
launch_300,MSTR,2023-01-31,2
launch_300,NTRA,2023-01-31,2
launch_300,NVDA,2023-01-31,2
launch_300,OKLO,2023-01-31,2
launch_300,PLTR,2023-01-31,2
launch_300,POWL,2023-01-31,2
launch_300,RCL,2023-01-31,2
launch_300,SFM,2023-01-31,2
launch_300,SKYW,2023-01-31,1
launch_300,VERA,2023-01-31,1
launch_300,VERX,2023-01-31,2
launch_300,VRT,2023-01-31,2
launch_300,VST,2023-01-31,2
launch_300,AFRM,2023-02-28,1
launch_300,AMSC,2023-02-28,1
launch_300,APP,2023-02-28,1
launch_300,ASTS,2023-02-28,1
launch_300,CBAY,2023-02-28,2
launch_300,CRDO,2023-02-28,1
launch_300,CRS,2023-02-28,2
launch_300,CVNA,2023-02-28,1
launch_300,EAT,2023-02-28,2
launch_300,FTAI,2023-02-28,2
launch_300,HIMS,2023-02-28,2
launch_300,HOOD,2023-02-28,2
launch_300,IESC,2023-02-28,2
launch_300,INOD,2023-02-28,2
launch_300,INSM,2023-02-28,2
launch_300,MSTR,2023-02-28,2
launch_300,NVDA,2023-02-28,2
launch_300,PLTR,2023-02-28,2
launch_300,RETA,2023-02-28,2
launch_300,ROOT,2023-02-28,1
launch_300,SEI,2023-02-28,2
launch_300,SFM,2023-02-28,2
launch_300,SKYW,2023-02-28,1
launch_300,SMCI,2023-02-28,2
launch_300,SRRK,2023-02-28,1
launch_300,VERA,2023-02-28,1
launch_300,VRT,2023-02-28,2
launch_300,VST,2023-02-28,2
launch_300,AFRM,2023-03-31,1
launch_300,APEI,2023-03-31,1
launch_300,APP,2023-03-31,1
launch_300,ARIS2,2023-03-31,1
launch_300,ASTS,2023-03-31,1
launch_300,CORT,2023-03-31,2
launch_300,CRDO,2023-03-31,1
launch_300,CRS,2023-03-31,2
launch_300,CVNA,2023-03-31,1
launch_300,FTAI,2023-03-31,2
launch_300,HOOD,2023-03-31,2
launch_300,INSM,2023-03-31,2
launch_300,LMB,2023-03-31,2
launch_300,MSTR,2023-03-31,2
launch_300,PLTR,2023-03-31,2
launch_300,POWL,2023-03-31,2
launch_300,SFM,2023-03-31,2
launch_300,SRRK,2023-03-31,1
launch_300,TARS,2023-03-31,1
launch_300,VRT,2023-03-31,2
launch_300,VST,2023-03-31,2
launch_300,AFRM,2023-04-30,1
launch_300,APEI,2023-04-30,1
launch_300,APP,2023-04-30,1
launch_300,ASTS,2023-04-30,1
launch_300,CRDO,2023-04-30,1
launch_300,CVNA,2023-04-30,1
launch_300,GEO,2023-04-30,2
launch_300,HOOD,2023-04-30,1
launch_300,IESC,2023-04-30,2
launch_300,IMGN,2023-04-30,2
launch_300,INOD,2023-04-30,2
launch_300,IONQ,2023-04-30,1
launch_300,LMB,2023-04-30,2
launch_300,MSTR,2023-04-30,2
launch_300,PLTR,2023-04-30,2
launch_300,POWL,2023-04-30,2
launch_300,SFM,2023-04-30,2
launch_300,SRRK,2023-04-30,1
launch_300,STRL,2023-04-30,2
launch_300,TPC,2023-04-30,1
launch_300,VRT,2023-04-30,2
launch_300,VST,2023-04-30,2
launch_300,AD,2023-05-31,1
launch_300,AGX,2023-05-31,2
launch_300,ALPN,2023-05-31,2
launch_300,APP,2023-05-31,2
launch_300,ASTS,2023-05-31,1
launch_300,CRDO,2023-05-31,1
launch_300,CRS,2023-05-31,2
launch_300,CVNA,2023-05-31,1
launch_300,EAT,2023-05-31,2
launch_300,FTAI,2023-05-31,2
launch_300,GRPN,2023-05-31,1
launch_300,HIMS,2023-05-31,2
launch_300,HOOD,2023-05-31,2
launch_300,IESC,2023-05-31,2
launch_300,LBPH,2023-05-31,2
launch_300,LEU,2023-05-31,1
launch_300,LMB,2023-05-31,2
launch_300,ML,2023-05-31,1
launch_300,MSTR,2023-05-31,2
launch_300,NRG,2023-05-31,2
launch_300,OKLO,2023-05-31,2
launch_300,PLTR,2023-05-31,2
launch_300,REVG,2023-05-31,1
launch_300,SEI,2023-05-31,1
launch_300,SFM,2023-05-31,2
launch_300,SMR,2023-05-31,1
launch_300,SRRK,2023-05-31,1
launch_300,STRL,2023-05-31,2
launch_300,TDS,2023-05-31,1
launch_300,TPC,2023-05-31,1
launch_300,VRT,2023-05-31,2
launch_300,VST,2023-05-31,2
launch_300,WGS,2023-05-31,1
launch_300,AAOI,2023-06-30,1
launch_300,AFRM,2023-06-30,1
launch_300,AGX,2023-06-30,2
launch_300,ALPN,2023-06-30,2
launch_300,AMSC,2023-06-30,1
launch_300,APP,2023-06-30,2
launch_300,AXON,2023-06-30,2
launch_300,COIN,2023-06-30,2
launch_300,CRDO,2023-06-30,2
launch_300,CRS,2023-06-30,2
launch_300,CVNA,2023-06-30,1
launch_300,EAT,2023-06-30,2
launch_300,GRND,2023-06-30,1
launch_300,GRPN,2023-06-30,1
launch_300,HIMS,2023-06-30,2
launch_300,HOOD,2023-06-30,2
launch_300,IESC,2023-06-30,2
launch_300,INOD,2023-06-30,2
launch_300,INSM,2023-06-30,2
launch_300,LBPH,2023-06-30,2
launch_300,LEU,2023-06-30,2
launch_300,LMB,2023-06-30,2
launch_300,MSTR,2023-06-30,2
launch_300,NRG,2023-06-30,2
launch_300,OKLO,2023-06-30,2
launch_300,PLTR,2023-06-30,2
launch_300,REVG,2023-06-30,2
launch_300,RKLB,2023-06-30,2
launch_300,ROOT,2023-06-30,1
launch_300,SFM,2023-06-30,2
launch_300,SMR,2023-06-30,1
launch_300,SRRK,2023-06-30,1
launch_300,STRL,2023-06-30,2
launch_300,TDS,2023-06-30,1
launch_300,TPC,2023-06-30,1
launch_300,VRNA,2023-06-30,2
launch_300,VRT,2023-06-30,2
launch_300,VST,2023-06-30,2
launch_300,WGS,2023-06-30,1
launch_300,AD,2023-07-31,1
launch_300,AGX,2023-07-31,2
launch_300,ALPN,2023-07-31,2
launch_300,AMSC,2023-07-31,2
launch_300,APP,2023-07-31,2
launch_300,AXON,2023-07-31,2
launch_300,CRDO,2023-07-31,2
launch_300,CRS,2023-07-31,2
launch_300,CVNA,2023-07-31,2
launch_300,EAT,2023-07-31,2
launch_300,FIX,2023-07-31,2
launch_300,FTAI,2023-07-31,2
launch_300,HIMS,2023-07-31,2
launch_300,HOOD,2023-07-31,2
launch_300,IESC,2023-07-31,2
launch_300,INOD,2023-07-31,2
launch_300,INSM,2023-07-31,2
launch_300,LEU,2023-07-31,2
launch_300,LMB,2023-07-31,2
launch_300,MSTR,2023-07-31,2
launch_300,NRG,2023-07-31,2
launch_300,OKLO,2023-07-31,2
launch_300,PLTR,2023-07-31,2
launch_300,REVG,2023-07-31,2
launch_300,RKLB,2023-07-31,2
launch_300,ROOT,2023-07-31,1
launch_300,RYTM,2023-07-31,1
launch_300,SMR,2023-07-31,1
launch_300,SRRK,2023-07-31,1
launch_300,STRL,2023-07-31,2
launch_300,TDS,2023-07-31,1
launch_300,TPC,2023-07-31,1
launch_300,VRNA,2023-07-31,2
launch_300,VRT,2023-07-31,2
launch_300,VST,2023-07-31,2
launch_300,AFRM,2023-08-31,2
launch_300,AGX,2023-08-31,2
launch_300,ALPN,2023-08-31,2
launch_300,AMSC,2023-08-31,2
launch_300,APP,2023-08-31,2
launch_300,CRDO,2023-08-31,2
launch_300,CVNA,2023-08-31,2
launch_300,EAT,2023-08-31,2
launch_300,FTAI,2023-08-31,2
launch_300,HIMS,2023-08-31,2
launch_300,HOOD,2023-08-31,2
launch_300,HRTG,2023-08-31,2
launch_300,IESC,2023-08-31,2
launch_300,INSM,2023-08-31,2
launch_300,KTOS,2023-08-31,2
launch_300,LEU,2023-08-31,2
launch_300,LQDA,2023-08-31,2
launch_300,MSTR,2023-08-31,2
launch_300,NRG,2023-08-31,2
launch_300,OKLO,2023-08-31,2
launch_300,OUST,2023-08-31,1
launch_300,PLTR,2023-08-31,2
launch_300,RBLX,2023-08-31,2
launch_300,REVG,2023-08-31,2
launch_300,RKLB,2023-08-31,2
launch_300,RNAM,2023-08-31,1
launch_300,ROOT,2023-08-31,1
launch_300,SMR,2023-08-31,1
launch_300,SRRK,2023-08-31,1
launch_300,TPB,2023-08-31,2
launch_300,TPC,2023-08-31,1
launch_300,VITL,2023-08-31,1
launch_300,VRNA,2023-08-31,2
launch_300,VST,2023-08-31,2
launch_300,WLDN,2023-08-31,2
launch_300,WWW,2023-08-31,1
launch_300,AGX,2023-09-30,2
launch_300,ALPN,2023-09-30,2
launch_300,AMSC,2023-09-30,1
launch_300,APP,2023-09-30,2
launch_300,AVGO,2023-09-30,2
launch_300,BE,2023-09-30,1
launch_300,CENX,2023-09-30,1
launch_300,COIN,2023-09-30,2
launch_300,CRDO,2023-09-30,2
launch_300,CVNA,2023-09-30,2
launch_300,EAT,2023-09-30,2
launch_300,ECHO,2023-09-30,1
launch_300,FIX,2023-09-30,2
launch_300,FTAI,2023-09-30,2
launch_300,HIMS,2023-09-30,1
launch_300,HIPO,2023-09-30,1
launch_300,HOOD,2023-09-30,2
launch_300,HWM,2023-09-30,2
launch_300,IDCC,2023-09-30,2
launch_300,IESC,2023-09-30,2
launch_300,INOD,2023-09-30,2
launch_300,INSM,2023-09-30,2
launch_300,IONQ,2023-09-30,2
launch_300,KTOS,2023-09-30,2
launch_300,KYMR,2023-09-30,1
launch_300,LEU,2023-09-30,2
launch_300,LMND,2023-09-30,1
launch_300,MSTR,2023-09-30,2
launch_300,NRG,2023-09-30,2
launch_300,NVDA,2023-09-30,2
launch_300,OKLO,2023-09-30,2
launch_300,OUST,2023-09-30,1
launch_300,PLTR,2023-09-30,2
launch_300,PRIM,2023-09-30,2
launch_300,QURE,2023-09-30,1
launch_300,RBLX,2023-09-30,2
launch_300,REVG,2023-09-30,2
launch_300,RNAM,2023-09-30,1
launch_300,RYTM,2023-09-30,2
launch_300,SEI,2023-09-30,2
launch_300,SEZL,2023-09-30,1
launch_300,SRRK,2023-09-30,1
launch_300,STRL,2023-09-30,2
launch_300,TGTX,2023-09-30,1
launch_300,TPB,2023-09-30,2
launch_300,TPC,2023-09-30,1
launch_300,TPR,2023-09-30,2
launch_300,TREE,2023-09-30,1
launch_300,TTMI,2023-09-30,2
launch_300,UI,2023-09-30,2
launch_300,VRNA,2023-09-30,2
launch_300,VRT,2023-09-30,2
launch_300,VST,2023-09-30,2
launch_300,AAOI,2023-10-31,1
launch_300,AFRM,2023-10-31,2
launch_300,AGX,2023-10-31,2
launch_300,AKRO,2023-10-31,1
launch_300,ALPN,2023-10-31,2
launch_300,AMSC,2023-10-31,1
launch_300,APP,2023-10-31,2
launch_300,AVGO,2023-10-31,2
launch_300,BE,2023-10-31,1
launch_300,CENX,2023-10-31,1
launch_300,CIEN,2023-10-31,2
launch_300,COHR,2023-10-31,1
launch_300,COIN,2023-10-31,2
launch_300,CRDO,2023-10-31,2
launch_300,CRS,2023-10-31,2
launch_300,CVNA,2023-10-31,1
launch_300,ECHO,2023-10-31,1
launch_300,FIX,2023-10-31,2
launch_300,FTAI,2023-10-31,2
launch_300,HARP,2023-10-31,1
launch_300,HIMS,2023-10-31,1
launch_300,HIPO,2023-10-31,1
launch_300,HOOD,2023-10-31,2
launch_300,HWM,2023-10-31,2
launch_300,IDCC,2023-10-31,2
launch_300,IESC,2023-10-31,2
launch_300,INOD,2023-10-31,2
launch_300,INSM,2023-10-31,2
launch_300,IONQ,2023-10-31,2
launch_300,KTOS,2023-10-31,2
launch_300,KYMR,2023-10-31,1
launch_300,LEU,2023-10-31,2
launch_300,LITE,2023-10-31,1
launch_300,LMND,2023-10-31,1
launch_300,MIR,2023-10-31,2
launch_300,ML,2023-10-31,1
launch_300,MRUS,2023-10-31,2
launch_300,MSTR,2023-10-31,2
launch_300,NET,2023-10-31,2
launch_300,NRG,2023-10-31,2
launch_300,NTRA,2023-10-31,2
launch_300,NVDA,2023-10-31,2
launch_300,OKLO,2023-10-31,2
launch_300,PAHC,2023-10-31,1
launch_300,PLTR,2023-10-31,2
launch_300,POWL,2023-10-31,2
launch_300,PRIM,2023-10-31,2
launch_300,PTGX,2023-10-31,1
launch_300,QURE,2023-10-31,1
launch_300,REVG,2023-10-31,2
launch_300,RNAM,2023-10-31,1
launch_300,RYTM,2023-10-31,2
launch_300,SEI,2023-10-31,2
launch_300,SMTC,2023-10-31,1
launch_300,STRL,2023-10-31,2
launch_300,TARS,2023-10-31,1
launch_300,TGTX,2023-10-31,1
launch_300,TPB,2023-10-31,2
launch_300,TPC,2023-10-31,1
launch_300,TPR,2023-10-31,2
launch_300,TREE,2023-10-31,1
launch_300,TTMI,2023-10-31,1
launch_300,TVTX,2023-10-31,1
launch_300,UI,2023-10-31,2
launch_300,VRNA,2023-10-31,2
launch_300,VRT,2023-10-31,2
launch_300,VST,2023-10-31,2
launch_300,WDC,2023-10-31,2
launch_300,AGX,2023-11-30,2
launch_300,ALPN,2023-11-30,2
launch_300,APP,2023-11-30,2
launch_300,AVGO,2023-11-30,2
launch_300,AXGN,2023-11-30,1
launch_300,BE,2023-11-30,1
launch_300,CIEN,2023-11-30,2
launch_300,COGT,2023-11-30,1
launch_300,COHR,2023-11-30,1
launch_300,CRDO,2023-11-30,2
launch_300,CRS,2023-11-30,2
launch_300,CVNA,2023-11-30,2
launch_300,EAT,2023-11-30,2
launch_300,ECHO,2023-11-30,1
launch_300,EWTX,2023-11-30,1
launch_300,FIX,2023-11-30,2
launch_300,FTAI,2023-11-30,2
launch_300,GH,2023-11-30,2
launch_300,HIMS,2023-11-30,2
launch_300,HOOD,2023-11-30,2
launch_300,HROW,2023-11-30,1
launch_300,IESC,2023-11-30,2
launch_300,INOD,2023-11-30,2
launch_300,INSM,2023-11-30,2
launch_300,IONQ,2023-11-30,2
launch_300,LEU,2023-11-30,2
launch_300,LITE,2023-11-30,1
launch_300,LMND,2023-11-30,1
launch_300,LQDA,2023-11-30,2
launch_300,MLYS,2023-11-30,1
launch_300,NTRA,2023-11-30,2
launch_300,OUST,2023-11-30,1
launch_300,PAHC,2023-11-30,1
launch_300,PLTR,2023-11-30,2
launch_300,PRIM,2023-11-30,2
launch_300,PTGX,2023-11-30,1
launch_300,QURE,2023-11-30,1
launch_300,REVG,2023-11-30,2
launch_300,RNAM,2023-11-30,1
launch_300,SEI,2023-11-30,2
launch_300,SMTC,2023-11-30,1
launch_300,SOFI,2023-11-30,2
launch_300,STRL,2023-11-30,2
launch_300,TARS,2023-11-30,1
launch_300,TPB,2023-11-30,2
launch_300,TPC,2023-11-30,1
launch_300,TTMI,2023-11-30,2
launch_300,TVTX,2023-11-30,1
launch_300,UI,2023-11-30,2
launch_300,VRNA,2023-11-30,1
launch_300,VRT,2023-11-30,2
launch_300,VST,2023-11-30,2
launch_300,WDC,2023-11-30,2
launch_300,AGX,2023-12-31,2
launch_300,APP,2023-12-31,2
launch_300,ASTS,2023-12-31,1
launch_300,AXGN,2023-12-31,1
launch_300,BE,2023-12-31,1
launch_300,CELC,2023-12-31,2
launch_300,CIEN,2023-12-31,2
launch_300,COGT,2023-12-31,1
launch_300,COHR,2023-12-31,2
launch_300,CRDO,2023-12-31,2
launch_300,CRS,2023-12-31,2
launch_300,CVNA,2023-12-31,2
launch_300,ECHO,2023-12-31,1
launch_300,FIX,2023-12-31,2
launch_300,FTAI,2023-12-31,2
launch_300,HOOD,2023-12-31,2
launch_300,HROW,2023-12-31,1
launch_300,HRTG,2023-12-31,2
launch_300,IESC,2023-12-31,2
launch_300,INOD,2023-12-31,1
launch_300,INSM,2023-12-31,2
launch_300,LEU,2023-12-31,2
launch_300,LITE,2023-12-31,2
launch_300,LMND,2023-12-31,1
launch_300,MLYS,2023-12-31,1
launch_300,OKLO,2023-12-31,2
launch_300,PLTR,2023-12-31,2
launch_300,PRAX,2023-12-31,1
launch_300,REVG,2023-12-31,2
launch_300,RKLB,2023-12-31,1
launch_300,RNAM,2023-12-31,1
launch_300,ROOT,2023-12-31,1
launch_300,SEI,2023-12-31,1
launch_300,SEZL,2023-12-31,1
launch_300,STOK,2023-12-31,1
launch_300,TARS,2023-12-31,2
launch_300,TERN,2023-12-31,1
launch_300,TPB,2023-12-31,2
launch_300,TPC,2023-12-31,2
launch_300,TTMI,2023-12-31,2
launch_300,TVTX,2023-12-31,1
launch_300,UI,2023-12-31,2
launch_300,VRNA,2023-12-31,2
launch_300,VST,2023-12-31,2
launch_300,WDC,2023-12-31,2
launch_300,AGX,2024-01-31,2
launch_300,APLD,2024-01-31,1
launch_300,APP,2024-01-31,2
launch_300,ARQT,2024-01-31,1
launch_300,ATRO,2024-01-31,2
launch_300,BE,2024-01-31,1
launch_300,CELC,2024-01-31,2
launch_300,CENX,2024-01-31,2
launch_300,CIEN,2024-01-31,2
launch_300,COHR,2024-01-31,2
launch_300,CRDO,2024-01-31,2
launch_300,CRS,2024-01-31,2
launch_300,CVNA,2024-01-31,2
launch_300,DAVE,2024-01-31,2
launch_300,DXPE,2024-01-31,2
launch_300,ECHO,2024-01-31,1
launch_300,FIX,2024-01-31,2
launch_300,FTAI,2024-01-31,2
launch_300,GH,2024-01-31,1
launch_300,HOOD,2024-01-31,2
launch_300,HROW,2024-01-31,1
launch_300,HRTG,2024-01-31,1
launch_300,HUT,2024-01-31,1
launch_300,IESC,2024-01-31,2
launch_300,INOD,2024-01-31,2
launch_300,INSM,2024-01-31,2
launch_300,KTOS,2024-01-31,2
launch_300,LEU,2024-01-31,2
launch_300,LITE,2024-01-31,2
launch_300,LMND,2024-01-31,1
launch_300,MU,2024-01-31,2
launch_300,OKLO,2024-01-31,2
launch_300,PLTR,2024-01-31,2
launch_300,PRAX,2024-01-31,1
launch_300,PRIM,2024-01-31,2
launch_300,QURE,2024-01-31,1
launch_300,RNAM,2024-01-31,1
launch_300,SEI,2024-01-31,1
launch_300,SEZL,2024-01-31,1
launch_300,SMTC,2024-01-31,1
launch_300,STRL,2024-01-31,2
launch_300,STX,2024-01-31,2
launch_300,TERN,2024-01-31,1
launch_300,TPB,2024-01-31,2
launch_300,TPC,2024-01-31,1
launch_300,TTMI,2024-01-31,2
launch_300,UI,2024-01-31,2
launch_300,VICR,2024-01-31,1
launch_300,VRNA,2024-01-31,2
launch_300,WDC,2024-01-31,2
launch_300,AAOI,2024-02-29,2
launch_300,AGX,2024-02-29,2
launch_300,APEI,2024-02-29,1
launch_300,APP,2024-02-29,2
launch_300,ATRO,2024-02-29,2
launch_300,BE,2024-02-29,1
launch_300,CELC,2024-02-29,2
launch_300,CENX,2024-02-29,2
launch_300,CIEN,2024-02-29,2
launch_300,COGT,2024-02-29,1
launch_300,COHR,2024-02-29,2
launch_300,CRDO,2024-02-29,2
launch_300,CRS,2024-02-29,2
launch_300,CVNA,2024-02-29,2
launch_300,DAVE,2024-02-29,2
launch_300,ECHO,2024-02-29,1
launch_300,FIX,2024-02-29,2
launch_300,FTAI,2024-02-29,2
launch_300,GH,2024-02-29,1
launch_300,GLW,2024-02-29,2
launch_300,HOOD,2024-02-29,2
launch_300,HROW,2024-02-29,1
launch_300,HRTG,2024-02-29,2
launch_300,HUT,2024-02-29,1
launch_300,IESC,2024-02-29,2
launch_300,INOD,2024-02-29,1
launch_300,INSM,2024-02-29,2
launch_300,KOD,2024-02-29,1
launch_300,KTOS,2024-02-29,2
launch_300,LASR,2024-02-29,1
launch_300,LEU,2024-02-29,2
launch_300,LITE,2024-02-29,2
launch_300,MU,2024-02-29,2
launch_300,MUX,2024-02-29,1
launch_300,NEM,2024-02-29,1
launch_300,OKLO,2024-02-29,2
launch_300,PAHC,2024-02-29,1
launch_300,PLTR,2024-02-29,2
launch_300,PRAX,2024-02-29,1
launch_300,SEI,2024-02-29,1
launch_300,SEZL,2024-02-29,1
launch_300,SITM,2024-02-29,2
launch_300,SMTC,2024-02-29,1
launch_300,STOK,2024-02-29,1
launch_300,STRL,2024-02-29,2
launch_300,STX,2024-02-29,2
launch_300,TERN,2024-02-29,1
launch_300,TPB,2024-02-29,2
launch_300,TPC,2024-02-29,2
launch_300,TTMI,2024-02-29,2
launch_300,UI,2024-02-29,2
launch_300,VICR,2024-02-29,1
launch_300,VRNA,2024-02-29,2
launch_300,WDC,2024-02-29,2
launch_300,WGS,2024-02-29,1
launch_300,AAOI,2024-03-31,1
launch_300,AGX,2024-03-31,2
launch_300,APEI,2024-03-31,1
launch_300,APP,2024-03-31,2
launch_300,AXGN,2024-03-31,2
launch_300,BE,2024-03-31,1
launch_300,CAPR,2024-03-31,1
launch_300,CELC,2024-03-31,2
launch_300,CIEN,2024-03-31,2
launch_300,COGT,2024-03-31,1
launch_300,CRDO,2024-03-31,2
launch_300,CRS,2024-03-31,2
launch_300,DAVE,2024-03-31,2
launch_300,ECHO,2024-03-31,1
launch_300,FIX,2024-03-31,2
launch_300,GH,2024-03-31,1
launch_300,GLW,2024-03-31,2
launch_300,HUT,2024-03-31,1
launch_300,INOD,2024-03-31,1
launch_300,INSM,2024-03-31,2
launch_300,KOD,2024-03-31,1
launch_300,LASR,2024-03-31,2
launch_300,LEU,2024-03-31,2
launch_300,LITE,2024-03-31,1
launch_300,OKLO,2024-03-31,2
launch_300,PAHC,2024-03-31,1
launch_300,PLTR,2024-03-31,2
launch_300,PRAX,2024-03-31,2
launch_300,SEI,2024-03-31,2
launch_300,SEZL,2024-03-31,2
launch_300,STX,2024-03-31,2
launch_300,TERN,2024-03-31,1
launch_300,TPC,2024-03-31,2
launch_300,TTMI,2024-03-31,2
launch_300,UI,2024-03-31,2
launch_300,VICR,2024-03-31,1
launch_300,VRNA,2024-03-31,2
launch_300,WDC,2024-03-31,2
launch_300,WGS,2024-03-31,1
launch_300,AAOI,2024-04-30,1
launch_300,AEHR,2024-04-30,1
launch_300,AEIS,2024-04-30,2
launch_300,AGX,2024-04-30,2
launch_300,ALHC,2024-04-30,1
launch_300,AMSC,2024-04-30,2
launch_300,APEI,2024-04-30,2
launch_300,APP,2024-04-30,2
launch_300,ATRO,2024-04-30,2
launch_300,AXGN,2024-04-30,1
launch_300,BE,2024-04-30,1
launch_300,CAPR,2024-04-30,2
launch_300,CDTX,2024-04-30,1
launch_300,CELC,2024-04-30,2
launch_300,CIEN,2024-04-30,2
launch_300,CNTA,2024-04-30,2
launch_300,COGT,2024-04-30,1
launch_300,COHR,2024-04-30,2
launch_300,CRDO,2024-04-30,2
launch_300,CRS,2024-04-30,2
launch_300,CVNA,2024-04-30,2
launch_300,DAVE,2024-04-30,2
launch_300,DNTH,2024-04-30,1
launch_300,ECHO,2024-04-30,1
launch_300,FIX,2024-04-30,2
launch_300,GH,2024-04-30,1
launch_300,GLW,2024-04-30,2
launch_300,HOOD,2024-04-30,2
launch_300,HUT,2024-04-30,1
launch_300,IESC,2024-04-30,2
launch_300,INOD,2024-04-30,1
launch_300,INSM,2024-04-30,2
launch_300,IONQ,2024-04-30,1
launch_300,LASR,2024-04-30,1
launch_300,LEU,2024-04-30,2
launch_300,LITE,2024-04-30,1
launch_300,LUNR,2024-04-30,1
launch_300,MP,2024-04-30,1
launch_300,MTZ,2024-04-30,2
launch_300,MU,2024-04-30,2
launch_300,OKLO,2024-04-30,2
launch_300,PLTR,2024-04-30,2
launch_300,POWL,2024-04-30,2
launch_300,PPTA,2024-04-30,2
launch_300,PRAX,2024-04-30,2
launch_300,PRM,2024-04-30,2
launch_300,RSI,2024-04-30,2
launch_300,SEI,2024-04-30,2
launch_300,SEZL,2024-04-30,2
launch_300,SITM,2024-04-30,1
launch_300,SSRM,2024-04-30,1
launch_300,STRL,2024-04-30,2
launch_300,STX,2024-04-30,2
launch_300,TERN,2024-04-30,1
launch_300,TPC,2024-04-30,2
launch_300,TTMI,2024-04-30,2
launch_300,TVTX,2024-04-30,1
launch_300,UI,2024-04-30,1
launch_300,UNFI,2024-04-30,1
launch_300,UUUU,2024-04-30,1
launch_300,VIAV,2024-04-30,1
launch_300,VICR,2024-04-30,1
launch_300,VRNA,2024-04-30,1
launch_300,VSAT,2024-04-30,1
launch_300,WDC,2024-04-30,2
launch_300,AAOI,2024-05-31,1
launch_300,ACMR,2024-05-31,2
launch_300,AEHR,2024-05-31,1
launch_300,AGX,2024-05-31,2
launch_300,AIP,2024-05-31,2
launch_300,APP,2024-05-31,2
launch_300,ASTS,2024-05-31,1
launch_300,ATRO,2024-05-31,2
launch_300,AXGN,2024-05-31,1
launch_300,BE,2024-05-31,2
launch_300,CAPR,2024-05-31,2
launch_300,CELC,2024-05-31,2
launch_300,CIEN,2024-05-31,2
launch_300,CNTA,2024-05-31,1
launch_300,COGT,2024-05-31,1
launch_300,COHR,2024-05-31,2
launch_300,CRDO,2024-05-31,2
launch_300,CRS,2024-05-31,2
launch_300,DAVE,2024-05-31,2
launch_300,DNTH,2024-05-31,1
launch_300,DOCN,2024-05-31,2
launch_300,ECHO,2024-05-31,1
launch_300,FIX,2024-05-31,2
launch_300,FLEX,2024-05-31,2
launch_300,GH,2024-05-31,2
launch_300,GLW,2024-05-31,2
launch_300,HOOD,2024-05-31,2
launch_300,HUT,2024-05-31,1
launch_300,IESC,2024-05-31,2
launch_300,INOD,2024-05-31,2
launch_300,IONQ,2024-05-31,1
launch_300,LASR,2024-05-31,2
launch_300,LITE,2024-05-31,2
launch_300,LQDA,2024-05-31,2
launch_300,LUNR,2024-05-31,1
launch_300,MIRM,2024-05-31,2
launch_300,MU,2024-05-31,2
launch_300,MXL,2024-05-31,1
launch_300,OKLO,2024-05-31,1
launch_300,PLTR,2024-05-31,2
launch_300,POWL,2024-05-31,2
launch_300,PRAX,2024-05-31,2
launch_300,PRM,2024-05-31,2
launch_300,RDW,2024-05-31,2
launch_300,RVMD,2024-05-31,2
launch_300,SEI,2024-05-31,2
launch_300,SEZL,2024-05-31,2
launch_300,SITM,2024-05-31,2
launch_300,SKYT,2024-05-31,1
launch_300,SRRK,2024-05-31,1
launch_300,SSRM,2024-05-31,1
launch_300,STRL,2024-05-31,2
launch_300,STX,2024-05-31,2
launch_300,TERN,2024-05-31,1
launch_300,TTMI,2024-05-31,2
launch_300,TVTX,2024-05-31,1
launch_300,UI,2024-05-31,2
launch_300,UNFI,2024-05-31,1
launch_300,VIAV,2024-05-31,1
launch_300,VICR,2024-05-31,1
launch_300,VRNA,2024-05-31,1
launch_300,VSAT,2024-05-31,1
launch_300,WDC,2024-05-31,2
launch_300,XMTR,2024-05-31,1
launch_300,AAOI,2024-06-30,1
launch_300,ACMR,2024-06-30,2
launch_300,AEHR,2024-06-30,1
launch_300,AGX,2024-06-30,2
launch_300,AIP,2024-06-30,2
launch_300,ALNT,2024-06-30,1
launch_300,APLD,2024-06-30,1
launch_300,APP,2024-06-30,2
launch_300,ASTS,2024-06-30,2
launch_300,ATRO,2024-06-30,2
launch_300,AXGN,2024-06-30,1
launch_300,BE,2024-06-30,1
launch_300,CELC,2024-06-30,2
launch_300,CIEN,2024-06-30,2
launch_300,CNTA,2024-06-30,2
launch_300,COGT,2024-06-30,1
launch_300,COHR,2024-06-30,2
launch_300,CRDO,2024-06-30,2
launch_300,CRS,2024-06-30,2
launch_300,DAVE,2024-06-30,2
launch_300,DFTX,2024-06-30,2
launch_300,DOCN,2024-06-30,2
launch_300,ECHO,2024-06-30,2
launch_300,FIX,2024-06-30,2
launch_300,FLEX,2024-06-30,2
launch_300,GH,2024-06-30,2
launch_300,GHM,2024-06-30,2
launch_300,GLW,2024-06-30,2
launch_300,GTX,2024-06-30,2
launch_300,HOOD,2024-06-30,2
launch_300,HUT,2024-06-30,2
launch_300,IESC,2024-06-30,2
launch_300,INOD,2024-06-30,2
launch_300,INTC,2024-06-30,2
launch_300,IONQ,2024-06-30,1
launch_300,LASR,2024-06-30,1
launch_300,LINC,2024-06-30,2
launch_300,LITE,2024-06-30,2
launch_300,LQDA,2024-06-30,2
launch_300,LRCX,2024-06-30,2
launch_300,MP,2024-06-30,1
launch_300,MRAM,2024-06-30,1
launch_300,MRCY,2024-06-30,1
launch_300,MRVL,2024-06-30,2
launch_300,MU,2024-06-30,2
launch_300,MXL,2024-06-30,1
launch_300,NWPX,2024-06-30,2
launch_300,OKLO,2024-06-30,1
launch_300,OUST,2024-06-30,1
launch_300,PLTR,2024-06-30,2
launch_300,POWL,2024-06-30,2
launch_300,PRAX,2024-06-30,1
launch_300,PRM,2024-06-30,2
launch_300,RIGL,2024-06-30,1
launch_300,RVMD,2024-06-30,2
launch_300,SEI,2024-06-30,2
launch_300,SEZL,2024-06-30,2
launch_300,SITM,2024-06-30,2
launch_300,SKYT,2024-06-30,1
launch_300,SMTC,2024-06-30,2
launch_300,SPHR,2024-06-30,2
launch_300,SRRK,2024-06-30,1
launch_300,STRL,2024-06-30,2
launch_300,STX,2024-06-30,2
launch_300,TERN,2024-06-30,1
launch_300,TTMI,2024-06-30,2
launch_300,TVTX,2024-06-30,1
launch_300,VIAV,2024-06-30,1
launch_300,VICR,2024-06-30,1
launch_300,VPG,2024-06-30,2
launch_300,VRNA,2024-06-30,1
launch_300,VSAT,2024-06-30,1
launch_300,VSXY,2024-06-30,1
launch_300,WDC,2024-06-30,2
launch_300,XMTR,2024-06-30,1
win_100,AKAM,2006-01-31,2
win_100,ALGN,2006-01-31,2
win_100,AMAG,2006-01-31,1
win_100,AOBI,2006-01-31,2
win_100,ATI,2006-01-31,2
win_100,CCBL,2006-01-31,1
win_100,CCOI,2006-01-31,1
win_100,DAKT,2006-01-31,2
win_100,DLLR,2006-01-31,1
win_100,EZPW,2006-01-31,2
win_100,FMD,2006-01-31,1
win_100,GROW,2006-01-31,2
win_100,JSDA,2006-01-31,2
win_100,LNETQ,2006-01-31,1
win_100,LVS,2006-01-31,2
win_100,NTY,2006-01-31,1
win_100,PNCLQ,2006-01-31,1
win_100,PRFT,2006-01-31,2
win_100,PSPT,2006-01-31,1
win_100,RKT1,2006-01-31,1
win_100,SGI,2006-01-31,1
win_100,SRVY,2006-01-31,1
win_100,TRA,2006-01-31,1
win_100,TTEC,2006-01-31,2
win_100,TWTC,2006-01-31,2
win_100,VOLT2,2006-01-31,1
win_100,XOXO,2006-01-31,2
win_100,ZOLL,2006-01-31,1
win_100,AKS,2006-02-28,1
win_100,ALGN,2006-02-28,2
win_100,AMAG,2006-02-28,2
win_100,AOBI,2006-02-28,2
win_100,ATI,2006-02-28,2
win_100,BKNG,2006-02-28,2
win_100,BOLT1,2006-02-28,2
win_100,CHDX,2006-02-28,1
win_100,EZPW,2006-02-28,2
win_100,FTEK,2006-02-28,2
win_100,GEF,2006-02-28,2
win_100,GES,2006-02-28,2
win_100,GNKOQ,2006-02-28,1
win_100,GRA,2006-02-28,2
win_100,GROW,2006-02-28,2
win_100,HMSY,2006-02-28,2
win_100,HURN,2006-02-28,2
win_100,IOSP,2006-02-28,2
win_100,MTRN,2006-02-28,2
win_100,NRPH,2006-02-28,2
win_100,NTY,2006-02-28,2
win_100,ONCT,2006-02-28,1
win_100,PNCLQ,2006-02-28,1
win_100,PSPT,2006-02-28,2
win_100,RKT1,2006-02-28,1
win_100,RNAI,2006-02-28,2
win_100,RTI,2006-02-28,2
win_100,SBGI,2006-02-28,1
win_100,SGI,2006-02-28,1
win_100,SPTN,2006-02-28,1
win_100,SRVY,2006-02-28,1
win_100,SVNTQ,2006-02-28,2
win_100,SWBI,2006-02-28,1
win_100,SWIM2,2006-02-28,2
win_100,SYNT,2006-02-28,2
win_100,TNH,2006-02-28,1
win_100,TRA,2006-02-28,1
win_100,TTEC,2006-02-28,2
win_100,VOLT2,2006-02-28,2
win_100,WCG,2006-02-28,2
win_100,ZOLL,2006-02-28,2
win_100,BIGGQ,2006-03-31,2
win_100,BKNG,2006-03-31,2
win_100,BOLT1,2006-03-31,2
win_100,CCOI,2006-03-31,1
win_100,FARO,2006-03-31,1
win_100,GEO,2006-03-31,2
win_100,GES,2006-03-31,2
win_100,GNKOQ,2006-03-31,1
win_100,GROW,2006-03-31,2
win_100,GT,2006-03-31,2
win_100,HMSY,2006-03-31,2
win_100,HURN,2006-03-31,2
win_100,IOSP,2006-03-31,2
win_100,JAS,2006-03-31,1
win_100,JSDA,2006-03-31,2
win_100,KNOL,2006-03-31,2
win_100,LEARQ,2006-03-31,1
win_100,MTRN,2006-03-31,2
win_100,NTY,2006-03-31,2
win_100,OSPN,2006-03-31,2
win_100,PNCLQ,2006-03-31,1
win_100,RKT1,2006-03-31,1
win_100,SPTN,2006-03-31,2
win_100,SVNTQ,2006-03-31,2
win_100,SWBI,2006-03-31,2
win_100,TRA,2006-03-31,1
win_100,TTEC,2006-03-31,2
win_100,UCTT,2006-03-31,1
win_100,ZOLL,2006-03-31,2
win_100,AKS,2006-04-30,2
win_100,ALGN,2006-04-30,2
win_100,AMAG,2006-04-30,2
win_100,AUXL,2006-04-30,1
win_100,BIGGQ,2006-04-30,2
win_100,BKNG,2006-04-30,2
win_100,BOLT1,2006-04-30,2
win_100,CCOI,2006-04-30,1
win_100,CHAP1,2006-04-30,2
win_100,CNS,2006-04-30,2
win_100,FARO,2006-04-30,1
win_100,GEO,2006-04-30,2
win_100,GNKOQ,2006-04-30,1
win_100,GROW,2006-04-30,2
win_100,GT,2006-04-30,2
win_100,JAS,2006-04-30,1
win_100,JSDA,2006-04-30,2
win_100,MFW,2006-04-30,1
win_100,MTRN,2006-04-30,2
win_100,MTRX,2006-04-30,2
win_100,NTY,2006-04-30,2
win_100,OSPN,2006-04-30,2
win_100,PNCLQ,2006-04-30,1
win_100,QMAR1,2006-04-30,1
win_100,RKT1,2006-04-30,2
win_100,SBGI,2006-04-30,1
win_100,SVNTQ,2006-04-30,2
win_100,SWBI,2006-04-30,2
win_100,TRA,2006-04-30,2
win_100,TTEC,2006-04-30,2
win_100,VHI,2006-04-30,2
win_100,VSEA,2006-04-30,2
win_100,AAPL,2006-05-31,2
win_100,AKS,2006-05-31,2
win_100,ALGN,2006-05-31,1
win_100,AMAG,2006-05-31,2
win_100,AQNT,2006-05-31,2
win_100,BCSI,2006-05-31,1
win_100,BGC2,2006-05-31,2
win_100,BOLT1,2006-05-31,2
win_100,BSTE,2006-05-31,2
win_100,BWLD,2006-05-31,2
win_100,CCBL,2006-05-31,1
win_100,CCOI,2006-05-31,1
win_100,CHAP1,2006-05-31,2
win_100,CLF,2006-05-31,2
win_100,CNS,2006-05-31,2
win_100,CTB,2006-05-31,1
win_100,CVNS1,2006-05-31,2
win_100,CYPB,2006-05-31,1
win_100,DECK,2006-05-31,2
win_100,DLX,2006-05-31,1
win_100,ELON1,2006-05-31,1
win_100,EVST,2006-05-31,1
win_100,FTK,2006-05-31,2
win_100,FWLT,2006-05-31,2
win_100,GEN1,2006-05-31,2
win_100,GEO,2006-05-31,2
win_100,GES,2006-05-31,2
win_100,GLDN1,2006-05-31,2
win_100,GNKOQ,2006-05-31,1
win_100,GT,2006-05-31,2
win_100,GTI1,2006-05-31,1
win_100,HLIO,2006-05-31,1
win_100,HMSY,2006-05-31,2
win_100,HURN,2006-05-31,2
win_100,IMMR,2006-05-31,1
win_100,INSG,2006-05-31,1
win_100,JAS,2006-05-31,1
win_100,KBAY,2006-05-31,1
win_100,KNOL,2006-05-31,2
win_100,LAVA,2006-05-31,1
win_100,LIN2,2006-05-31,1
win_100,MDTH,2006-05-31,1
win_100,MFW,2006-05-31,2
win_100,MOS,2006-05-31,2
win_100,MTRN,2006-05-31,2
win_100,MTRX,2006-05-31,2
win_100,NAFC,2006-05-31,1
win_100,NRPH,2006-05-31,2
win_100,NTY,2006-05-31,2
win_100,ONCT,2006-05-31,1
win_100,OSPN,2006-05-31,2
win_100,PDGI,2006-05-31,1
win_100,PNCLQ,2006-05-31,1
win_100,POT,2006-05-31,2
win_100,QMAR1,2006-05-31,1
win_100,RGR,2006-05-31,1
win_100,RKT1,2006-05-31,2
win_100,RNAI,2006-05-31,1
win_100,RSHCQ,2006-05-31,1
win_100,SCCO,2006-05-31,2
win_100,SHYF,2006-05-31,2
win_100,SIGM,2006-05-31,2
win_100,SPTN,2006-05-31,2
win_100,SRVY,2006-05-31,1
win_100,SVNTQ,2006-05-31,2
win_100,TPC,2006-05-31,2
win_100,TRA,2006-05-31,2
win_100,TTEC,2006-05-31,2
win_100,VSEA,2006-05-31,2
win_100,AAPL,2006-06-30,2
win_100,AKS,2006-06-30,2
win_100,ALGN,2006-06-30,1
win_100,AMSC,2006-06-30,1
win_100,ANAD,2006-06-30,2
win_100,AQNT,2006-06-30,2
win_100,AUXL,2006-06-30,2
win_100,BCSI,2006-06-30,1
win_100,BGC2,2006-06-30,2
win_100,BKI1,2006-06-30,1
win_100,BKNG,2006-06-30,2
win_100,BSTE,2006-06-30,2
win_100,BWLD,2006-06-30,2
win_100,CASC1,2006-06-30,2
win_100,CCOI,2006-06-30,1
win_100,CHAP1,2006-06-30,2
win_100,CHTT,2006-06-30,2
win_100,CTB,2006-06-30,1
win_100,CVNS1,2006-06-30,1
win_100,CYPB,2006-06-30,1
win_100,DECK,2006-06-30,2
win_100,DLX,2006-06-30,1
win_100,ELON1,2006-06-30,1
win_100,FLIR,2006-06-30,2
win_100,FTEK,2006-06-30,2
win_100,FWLT,2006-06-30,2
win_100,GEN1,2006-06-30,2
win_100,GEO,2006-06-30,2
win_100,GES,2006-06-30,2
win_100,GLDN1,2006-06-30,2
win_100,GNKOQ,2006-06-30,1
win_100,GRA,2006-06-30,2
win_100,GROW,2006-06-30,2
win_100,GT,2006-06-30,1
win_100,GTI1,2006-06-30,1
win_100,HLIO,2006-06-30,2
win_100,HURN,2006-06-30,2
win_100,IFS3,2006-06-30,2
win_100,INSG,2006-06-30,1
win_100,IOSP,2006-06-30,2
win_100,KOSP,2006-06-30,1
win_100,LBYYQ,2006-06-30,1
win_100,LIN2,2006-06-30,1
win_100,MA,2006-06-30,2
win_100,MEDI1,2006-06-30,2
win_100,MEND,2006-06-30,2
win_100,MFW,2006-06-30,2
win_100,MGM,2006-06-30,2
win_100,MOS,2006-06-30,2
win_100,MTRN,2006-06-30,2
win_100,MTRX,2006-06-30,2
win_100,NAFC,2006-06-30,1
win_100,NEXC,2006-06-30,2
win_100,NRPH,2006-06-30,2
win_100,OI,2006-06-30,1
win_100,OSPN,2006-06-30,2
win_100,PCP,2006-06-30,2
win_100,PDGI,2006-06-30,1
win_100,PNCLQ,2006-06-30,1
win_100,POT,2006-06-30,2
win_100,POZN,2006-06-30,1
win_100,RBN,2006-06-30,2
win_100,RGR,2006-06-30,1
win_100,RKT1,2006-06-30,2
win_100,RNAI,2006-06-30,1
win_100,RSHCQ,2006-06-30,1
win_100,SCCO,2006-06-30,2
win_100,SHYF,2006-06-30,2
win_100,SIGM,2006-06-30,2
win_100,SPTN,2006-06-30,2
win_100,SRVY,2006-06-30,1
win_100,SVNTQ,2006-06-30,2
win_100,SWBI,2006-06-30,2
win_100,THRM,2006-06-30,2
win_100,TPC,2006-06-30,2
win_100,TRA,2006-06-30,1
win_100,TTEC,2006-06-30,2
win_100,WRC,2006-06-30,1
win_100,XNPT,2006-06-30,1
win_100,ACAD,2006-07-31,1
win_100,AKS,2006-07-31,2
win_100,AL1,2006-07-31,2
win_100,ALGN,2006-07-31,1
win_100,AMKR,2006-07-31,2
win_100,AMSC,2006-07-31,1
win_100,AMZN,2006-07-31,2
win_100,ANAD,2006-07-31,1
win_100,AQNT,2006-07-31,2
win_100,ASTE,2006-07-31,2
win_100,AUXL,2006-07-31,2
win_100,AVT,2006-07-31,2
win_100,AXON,2006-07-31,2
win_100,AZZ,2006-07-31,2
win_100,BGC2,2006-07-31,2
win_100,BKI1,2006-07-31,1
win_100,BKNG,2006-07-31,2
win_100,BSTE,2006-07-31,1
win_100,BWLD,2006-07-31,2
win_100,CCBL,2006-07-31,1
win_100,CCOI,2006-07-31,1
win_100,CHAP1,2006-07-31,2
win_100,CMI,2006-07-31,2
win_100,CTB,2006-07-31,1
win_100,CVNS1,2006-07-31,2
win_100,CYPB,2006-07-31,1
win_100,DECK,2006-07-31,2
win_100,DLX,2006-07-31,1
win_100,FLA,2006-07-31,2
win_100,FTEK,2006-07-31,2
win_100,FWLT,2006-07-31,2
win_100,GEN1,2006-07-31,2
win_100,GEO,2006-07-31,2
win_100,GES,2006-07-31,2
win_100,GLDN1,2006-07-31,2
win_100,GNKOQ,2006-07-31,2
win_100,GRA,2006-07-31,1
win_100,GROW,2006-07-31,2
win_100,GT,2006-07-31,1
win_100,GTI1,2006-07-31,1
win_100,HLIO,2006-07-31,1
win_100,HURC,2006-07-31,1
win_100,IOSP,2006-07-31,2
win_100,ISRG,2006-07-31,2
win_100,JNPR,2006-07-31,2
win_100,KBAY,2006-07-31,1
win_100,LBYYQ,2006-07-31,1
win_100,LIN2,2006-07-31,1
win_100,LYO,2006-07-31,2
win_100,MA,2006-07-31,2
win_100,MEDI1,2006-07-31,2
win_100,MEI,2006-07-31,1
win_100,MFW,2006-07-31,2
win_100,MGM,2006-07-31,2
win_100,MOS,2006-07-31,2
win_100,NILE1,2006-07-31,2
win_100,NRPH,2006-07-31,2
win_100,NVDA,2006-07-31,2
win_100,OI,2006-07-31,1
win_100,OPSW,2006-07-31,2
win_100,OSPN,2006-07-31,2
win_100,PNCLQ,2006-07-31,1
win_100,POT,2006-07-31,2
win_100,POZN,2006-07-31,1
win_100,QMAR1,2006-07-31,1
win_100,RNAI,2006-07-31,1
win_100,SCCO,2006-07-31,2
win_100,SGI,2006-07-31,2
win_100,SHAW,2006-07-31,2
win_100,SIGM,2006-07-31,1
win_100,SQA.A,2006-07-31,2
win_100,SVNTQ,2006-07-31,2
win_100,SWBI,2006-07-31,2
win_100,THRM,2006-07-31,2
win_100,TPC,2006-07-31,2
win_100,TRA,2006-07-31,1
win_100,TTEC,2006-07-31,2
win_100,VSEA,2006-07-31,2
win_100,WCG,2006-07-31,2
win_100,WRC,2006-07-31,1
win_100,XNPT,2006-07-31,1
win_100,ZOLT,2006-07-31,2
win_100,AAPL,2006-08-31,2
win_100,AKS,2006-08-31,2
win_100,AL1,2006-08-31,2
win_100,ALGN,2006-08-31,1
win_100,AMKR,2006-08-31,1
win_100,AMZN,2006-08-31,2
win_100,ANAD,2006-08-31,2
win_100,AQNT,2006-08-31,2
win_100,ASTE,2006-08-31,1
win_100,AVT,2006-08-31,2
win_100,BKNG,2006-08-31,2
win_100,BOLT1,2006-08-31,2
win_100,BSTE,2006-08-31,2
win_100,CCOI,2006-08-31,1
win_100,CF,2006-08-31,1
win_100,CHAP1,2006-08-31,2
win_100,CLF,2006-08-31,2
win_100,CLRK,2006-08-31,2
win_100,CMI,2006-08-31,2
win_100,CPHD,2006-08-31,1
win_100,CTB,2006-08-31,1
win_100,DECK,2006-08-31,2
win_100,DLX,2006-08-31,1
win_100,DWSN1,2006-08-31,2
win_100,FARO,2006-08-31,2
win_100,FCN,2006-08-31,2
win_100,FWLT,2006-08-31,2
win_100,GEO,2006-08-31,2
win_100,GES,2006-08-31,2
win_100,GLDN1,2006-08-31,2
win_100,GMCR,2006-08-31,2
win_100,GME,2006-08-31,2
win_100,GNKOQ,2006-08-31,2
win_100,GRA,2006-08-31,1
win_100,GRMN,2006-08-31,2
win_100,GT,2006-08-31,2
win_100,GTI1,2006-08-31,1
win_100,INSG,2006-08-31,2
win_100,ISRG,2006-08-31,2
win_100,JNPR,2006-08-31,1
win_100,LBYYQ,2006-08-31,1
win_100,MA,2006-08-31,2
win_100,MEDI1,2006-08-31,2
win_100,MEH,2006-08-31,2
win_100,MGM,2006-08-31,2
win_100,MOS,2006-08-31,2
win_100,MPWR,2006-08-31,1
win_100,NILE1,2006-08-31,2
win_100,NRPH,2006-08-31,2
win_100,NUAN,2006-08-31,2
win_100,NVT1,2006-08-31,1
win_100,OI,2006-08-31,1
win_100,ONXX,2006-08-31,1
win_100,OPSW,2006-08-31,2
win_100,OSPN,2006-08-31,2
win_100,PAET,2006-08-31,2
win_100,PCP,2006-08-31,2
win_100,PHRM,2006-08-31,1
win_100,PNCLQ,2006-08-31,1
win_100,POT,2006-08-31,2
win_100,RNAI,2006-08-31,1
win_100,SCCO,2006-08-31,2
win_100,SIGM,2006-08-31,2
win_100,SVNTQ,2006-08-31,2
win_100,SWBI,2006-08-31,2
win_100,TPC,2006-08-31,2
win_100,TRA,2006-08-31,1
win_100,VHI,2006-08-31,2
win_100,VSEA,2006-08-31,2
win_100,ZUMZ,2006-08-31,2
win_100,AGCO,2006-09-30,2
win_100,AKS,2006-09-30,2
win_100,AL1,2006-09-30,2
win_100,ALGN,2006-09-30,1
win_100,ALNY,2006-09-30,2
win_100,AMKR,2006-09-30,1
win_100,AMSC,2006-09-30,1
win_100,AMZN,2006-09-30,2
win_100,ANAD,2006-09-30,2
win_100,AQNT,2006-09-30,2
win_100,ARD1,2006-09-30,2
win_100,ASTE,2006-09-30,1
win_100,AUXL,2006-09-30,2
win_100,AVT,2006-09-30,2
win_100,AXON,2006-09-30,1
win_100,BKNG,2006-09-30,2
win_100,BOLT1,2006-09-30,2
win_100,BSTE,2006-09-30,2
win_100,CCOI,2006-09-30,2
win_100,CE,2006-09-30,2
win_100,CEDCQ,2006-09-30,2
win_100,CF,2006-09-30,2
win_100,CHAP1,2006-09-30,2
win_100,CHTT,2006-09-30,2
win_100,CLF,2006-09-30,2
win_100,CMI,2006-09-30,2
win_100,CNQR,2006-09-30,2
win_100,CPHD,2006-09-30,1
win_100,CTB,2006-09-30,1
win_100,DECK,2006-09-30,2
win_100,DLX,2006-09-30,1
win_100,DRC,2006-09-30,1
win_100,DWSN1,2006-09-30,2
win_100,EDO,2006-09-30,1
win_100,EXPE,2006-09-30,1
win_100,FARO,2006-09-30,2
win_100,FCN,2006-09-30,2
win_100,FCX,2006-09-30,2
win_100,FLIR,2006-09-30,2
win_100,FSTR,2006-09-30,2
win_100,FTI1,2006-09-30,2
win_100,FWLT,2006-09-30,2
win_100,GEN1,2006-09-30,2
win_100,GEO,2006-09-30,2
win_100,GES,2006-09-30,2
win_100,GLDN1,2006-09-30,2
win_100,GMCR,2006-09-30,2
win_100,GME,2006-09-30,2
win_100,GNKOQ,2006-09-30,2
win_100,GPORQ,2006-09-30,2
win_100,GRA,2006-09-30,2
win_100,GRMN,2006-09-30,2
win_100,GT,2006-09-30,2
win_100,GTI1,2006-09-30,1
win_100,ICOC,2006-09-30,2
win_100,INSG,2006-09-30,1
win_100,IONS,2006-09-30,2
win_100,ISRG,2006-09-30,2
win_100,J,2006-09-30,2
win_100,JNPR,2006-09-30,2
win_100,MA,2006-09-30,2
win_100,MDRIQ,2006-09-30,2
win_100,MDVN,2006-09-30,1
win_100,MEH,2006-09-30,2
win_100,MGM,2006-09-30,2
win_100,MOS,2006-09-30,2
win_100,MPWR,2006-09-30,1
win_100,MTRN,2006-09-30,2
win_100,MYGN,2006-09-30,2
win_100,NILE1,2006-09-30,2
win_100,NOV,2006-09-30,2
win_100,NRPH,2006-09-30,2
win_100,NUAN,2006-09-30,2
win_100,NVT1,2006-09-30,1
win_100,OI,2006-09-30,2
win_100,OII,2006-09-30,2
win_100,ON,2006-09-30,2
win_100,ONXX,2006-09-30,1
win_100,OSPN,2006-09-30,2
win_100,PCP,2006-09-30,2
win_100,PHRM,2006-09-30,2
win_100,POT,2006-09-30,2
win_100,PRGX,2006-09-30,1
win_100,RDUS,2006-09-30,2
win_100,RNAI,2006-09-30,1
win_100,SCCO,2006-09-30,2
win_100,SGI,2006-09-30,2
win_100,SGMO,2006-09-30,2
win_100,SHAW,2006-09-30,2
win_100,SHYF,2006-09-30,2
win_100,SIGM,2006-09-30,2
win_100,SMDI,2006-09-30,2
win_100,SVNTQ,2006-09-30,2
win_100,THRM,2006-09-30,2
win_100,TNC,2006-09-30,2
win_100,TNH,2006-09-30,2
win_100,TPC,2006-09-30,2
win_100,TRA,2006-09-30,2
win_100,VHI,2006-09-30,2
win_100,VMSI,2006-09-30,2
win_100,VSEA,2006-09-30,2
win_100,WRC,2006-09-30,2
win_100,WYNN,2006-09-30,2
win_100,XNPT,2006-09-30,2
win_100,AGCO,2006-10-31,2
win_100,AIRM,2006-10-31,2
win_100,AKS,2006-10-31,2
win_100,AL1,2006-10-31,2
win_100,AMSC,2006-10-31,1
win_100,AMZN,2006-10-31,2
win_100,ANET1,2006-10-31,2
win_100,AQNT,2006-10-31,2
win_100,ARD1,2006-10-31,2
win_100,AUXL,2006-10-31,2
win_100,BKNG,2006-10-31,2
win_100,BOLT1,2006-10-31,2
win_100,BSTE,2006-10-31,2
win_100,CE,2006-10-31,2
win_100,CEDCQ,2006-10-31,2
win_100,CF,2006-10-31,2
win_100,CHAP1,2006-10-31,2
win_100,CIEN,2006-10-31,2
win_100,CLB,2006-10-31,2
win_100,CLF,2006-10-31,2
win_100,CNQR,2006-10-31,2
win_100,CPHD,2006-10-31,1
win_100,CTB,2006-10-31,1
win_100,CVSA,2006-10-31,2
win_100,CY,2006-10-31,2
win_100,DADE,2006-10-31,2
win_100,DECK,2006-10-31,2
win_100,DLB,2006-10-31,2
win_100,DWSN1,2006-10-31,2
win_100,EDO,2006-10-31,1
win_100,EGLE2,2006-10-31,2
win_100,EMC1,2006-10-31,2
win_100,ENGC,2006-10-31,1
win_100,EXPE,2006-10-31,1
win_100,FCX,2006-10-31,2
win_100,FLIR,2006-10-31,2
win_100,FLR,2006-10-31,2
win_100,FTI1,2006-10-31,2
win_100,FWLT,2006-10-31,2
win_100,GEN1,2006-10-31,2
win_100,GLDN1,2006-10-31,2
win_100,GMCR,2006-10-31,2
win_100,GME,2006-10-31,2
win_100,GNKOQ,2006-10-31,2
win_100,GRA,2006-10-31,2
win_100,GRMN,2006-10-31,2
win_100,GTI1,2006-10-31,1
win_100,HLIO,2006-10-31,2
win_100,HMSY,2006-10-31,2
win_100,HURC,2006-10-31,2
win_100,ICOC,2006-10-31,2
win_100,IEP,2006-10-31,2
win_100,INSG,2006-10-31,1
win_100,IONS,2006-10-31,2
win_100,ISRG,2006-10-31,2
win_100,J,2006-10-31,2
win_100,MA,2006-10-31,2
win_100,MCF,2006-10-31,2
win_100,MDRIQ,2006-10-31,2
win_100,MGM,2006-10-31,2
win_100,MNST,2006-10-31,2
win_100,MON2,2006-10-31,2
win_100,MOS,2006-10-31,2
win_100,MPWR,2006-10-31,1
win_100,MTRX,2006-10-31,2
win_100,MYGN,2006-10-31,2
win_100,NGAC1,2006-10-31,2
win_100,NILE1,2006-10-31,2
win_100,NOV,2006-10-31,2
win_100,NTLS,2006-10-31,1
win_100,NVT1,2006-10-31,2
win_100,NXH,2006-10-31,1
win_100,OI,2006-10-31,2
win_100,OII,2006-10-31,2
win_100,ONXX,2006-10-31,1
win_100,OSPN,2006-10-31,2
win_100,POT,2006-10-31,2
win_100,QMAR1,2006-10-31,1
win_100,SCCO,2006-10-31,2
win_100,SHAW,2006-10-31,2
win_100,SMDI,2006-10-31,1
win_100,TISI,2006-10-31,2
win_100,TNH,2006-10-31,2
win_100,TPC,2006-10-31,2
win_100,TRA,2006-10-31,2
win_100,VIVO1,2006-10-31,2
win_100,VMSI,2006-10-31,2
win_100,WYNN,2006-10-31,2
win_100,XNPT,2006-10-31,2
win_100,AGCO,2006-11-30,2
win_100,AIRM,2006-11-30,2
win_100,AKS,2006-11-30,2
win_100,AL1,2006-11-30,2
win_100,AMSC,2006-11-30,1
win_100,AMZN,2006-11-30,2
win_100,AQNT,2006-11-30,2
win_100,BKNG,2006-11-30,2
win_100,BOOM,2006-11-30,2
win_100,BUCY,2006-11-30,2
win_100,CCC1,2006-11-30,1
win_100,CF,2006-11-30,2
win_100,CMG,2006-11-30,2
win_100,CNQR,2006-11-30,2
win_100,CPHD,2006-11-30,2
win_100,CVSA,2006-11-30,2
win_100,DADE,2006-11-30,2
win_100,DECK,2006-11-30,2
win_100,EDO,2006-11-30,1
win_100,FCN,2006-11-30,2
win_100,FLIR,2006-11-30,2
win_100,FOSL,2006-11-30,2
win_100,FTK,2006-11-30,2
win_100,FWLT,2006-11-30,2
win_100,GEOS,2006-11-30,2
win_100,GLDN1,2006-11-30,2
win_100,GME,2006-11-30,2
win_100,GNKOQ,2006-11-30,2
win_100,GRMN,2006-11-30,2
win_100,GTI1,2006-11-30,1
win_100,HLIO,2006-11-30,2
win_100,HMSY,2006-11-30,2
win_100,IRIS,2006-11-30,1
win_100,ISRG,2006-11-30,2
win_100,KYPH,2006-11-30,2
win_100,MCF,2006-11-30,2
win_100,MDRIQ,2006-11-30,2
win_100,MFW,2006-11-30,2
win_100,MON2,2006-11-30,2
win_100,MOS,2006-11-30,2
win_100,NILE1,2006-11-30,2
win_100,NOV,2006-11-30,2
win_100,NVT1,2006-11-30,2
win_100,OI,2006-11-30,2
win_100,ONXX,2006-11-30,1
win_100,PHRM,2006-11-30,2
win_100,POT,2006-11-30,2
win_100,QMAR1,2006-11-30,2
win_100,SCCO,2006-11-30,2
win_100,SHAW,2006-11-30,2
win_100,SPWRQ,2006-11-30,2
win_100,TNH,2006-11-30,2
win_100,TRA,2006-11-30,2
win_100,TTES,2006-11-30,2
win_100,VMSI,2006-11-30,2
win_100,AAPL,2006-12-31,2
win_100,AATI,2006-12-31,1
win_100,AGCO,2006-12-31,2
win_100,AKS,2006-12-31,2
win_100,AL1,2006-12-31,2
win_100,AMSC,2006-12-31,1
win_100,AMZN,2006-12-31,2
win_100,ANRZQ,2006-12-31,1
win_100,AQNT,2006-12-31,2
win_100,ATW,2006-12-31,2
win_100,AUXL,2006-12-31,2
win_100,BEAV,2006-12-31,2
win_100,BKNG,2006-12-31,2
win_100,BMRN,2006-12-31,2
win_100,BOOM,2006-12-31,2
win_100,CBI,2006-12-31,2
win_100,CCC1,2006-12-31,1
win_100,CF,2006-12-31,2
win_100,CLF,2006-12-31,2
win_100,CMG,2006-12-31,2
win_100,CMI,2006-12-31,2
win_100,CNQR,2006-12-31,2
win_100,CNX,2006-12-31,2
win_100,CPHD,2006-12-31,1
win_100,CUB1,2006-12-31,2
win_100,CY,2006-12-31,2
win_100,DAR,2006-12-31,2
win_100,DECK,2006-12-31,2
win_100,DNRCQ,2006-12-31,2
win_100,EDO,2006-12-31,1
win_100,EMKR,2006-12-31,1
win_100,ESLRQ,2006-12-31,1
win_100,ESRX,2006-12-31,2
win_100,FCN,2006-12-31,2
win_100,FTK,2006-12-31,2
win_100,FWLT,2006-12-31,2
win_100,GAIA,2006-12-31,2
win_100,GLDN1,2006-12-31,2
win_100,GMCR,2006-12-31,2
win_100,GME,2006-12-31,2
win_100,GNKOQ,2006-12-31,2
win_100,GTI1,2006-12-31,1
win_100,HES,2006-12-31,2
win_100,HMSY,2006-12-31,2
win_100,ICOC,2006-12-31,1
win_100,ISRG,2006-12-31,2
win_100,J,2006-12-31,2
win_100,LNN,2006-12-31,2
win_100,MA,2006-12-31,2
win_100,MCF,2006-12-31,2
win_100,MDRIQ,2006-12-31,2
win_100,MFW,2006-12-31,2
win_100,MOGN,2006-12-31,2
win_100,MON2,2006-12-31,2
win_100,MOS,2006-12-31,2
win_100,NOV,2006-12-31,2
win_100,NVT1,2006-12-31,2
win_100,OI,2006-12-31,2
win_100,ONXX,2006-12-31,1
win_100,OSPN,2006-12-31,2
win_100,PHRM,2006-12-31,2
win_100,POT,2006-12-31,2
win_100,PRGO,2006-12-31,2
win_100,QMAR1,2006-12-31,2
win_100,RIGL,2006-12-31,2
win_100,SCCO,2006-12-31,2
win_100,SGEN,2006-12-31,1
win_100,SMDI,2006-12-31,2
win_100,SPWRQ,2006-12-31,2
win_100,SVNTQ,2006-12-31,2
win_100,TISI,2006-12-31,2
win_100,TNH,2006-12-31,2
win_100,TRA,2006-12-31,2
win_100,VMSI,2006-12-31,2
win_100,VOCS,2006-12-31,2
win_100,VSNT1,2006-12-31,2
win_100,XNPT,2006-12-31,2
win_100,ZOLT,2006-12-31,1
win_100,AKS,2007-01-31,2
win_100,AMSC,2007-01-31,1
win_100,AMZN,2007-01-31,2
win_100,ANRZQ,2007-01-31,1
win_100,AQNT,2007-01-31,2
win_100,AUXL,2007-01-31,2
win_100,BKNG,2007-01-31,2
win_100,BUCY,2007-01-31,2
win_100,CALM,2007-01-31,2
win_100,CCC1,2007-01-31,1
win_100,CF,2007-01-31,2
win_100,CMG,2007-01-31,2
win_100,CNQR,2007-01-31,2
win_100,CNX,2007-01-31,2
win_100,CPHD,2007-01-31,1
win_100,DAR,2007-01-31,2
win_100,DECK,2007-01-31,2
win_100,EDO,2007-01-31,1
win_100,FCN,2007-01-31,2
win_100,FWLT,2007-01-31,2
win_100,ISRG,2007-01-31,2
win_100,MCF,2007-01-31,2
win_100,MOGN,2007-01-31,2
win_100,MON2,2007-01-31,2
win_100,MOS,2007-01-31,2
win_100,NVT1,2007-01-31,2
win_100,OI,2007-01-31,2
win_100,ONXX,2007-01-31,1
win_100,PDGI,2007-01-31,1
win_100,PHRM,2007-01-31,2
win_100,POT,2007-01-31,2
win_100,PTEC1,2007-01-31,1
win_100,QMAR1,2007-01-31,2
win_100,RICK,2007-01-31,2
win_100,RIGL,2007-01-31,2
win_100,SMDI,2007-01-31,1
win_100,TNH,2007-01-31,2
win_100,TRA,2007-01-31,2
win_100,VMSI,2007-01-31,2
win_100,XNPT,2007-01-31,2
win_100,AKS,2007-02-28,2
win_100,ANRZQ,2007-02-28,1
win_100,AQNT,2007-02-28,2
win_100,AUXL,2007-02-28,2
win_100,BKNG,2007-02-28,2
win_100,BMRN,2007-02-28,2
win_100,CALM,2007-02-28,2
win_100,CCC1,2007-02-28,1
win_100,CEDCQ,2007-02-28,2
win_100,CF,2007-02-28,2
win_100,CHDX,2007-02-28,2
win_100,CLF,2007-02-28,2
win_100,CNX,2007-02-28,2
win_100,CPHD,2007-02-28,1
win_100,DAR,2007-02-28,2
win_100,DNRCQ,2007-02-28,2
win_100,EDO,2007-02-28,1
win_100,FSTR,2007-02-28,2
win_100,FWLT,2007-02-28,2
win_100,GNKOQ,2007-02-28,2
win_100,GTI1,2007-02-28,2
win_100,ILMN,2007-02-28,2
win_100,ISRG,2007-02-28,2
win_100,JRCCQ,2007-02-28,1
win_100,LNN,2007-02-28,2
win_100,MDRIQ,2007-02-28,2
win_100,MON2,2007-02-28,2
win_100,MOS,2007-02-28,2
win_100,NVT1,2007-02-28,2
win_100,OI,2007-02-28,2
win_100,PHRM,2007-02-28,2
win_100,POT,2007-02-28,2
win_100,PRGO,2007-02-28,2
win_100,PTEC1,2007-02-28,1
win_100,RICK,2007-02-28,2
win_100,SHAW,2007-02-28,2
win_100,SMDI,2007-02-28,1
win_100,TNH,2007-02-28,2
win_100,TRA,2007-02-28,2
win_100,VHI,2007-02-28,2
win_100,VMSI,2007-02-28,2
win_100,WLTGQ,2007-02-28,2
win_100,AIRM,2007-03-31,1
win_100,AKS,2007-03-31,2
win_100,ANRZQ,2007-03-31,1
win_100,AQNT,2007-03-31,2
win_100,BKNG,2007-03-31,2
win_100,BMRN,2007-03-31,2
win_100,BPZRQ,2007-03-31,2
win_100,CALM,2007-03-31,2
win_100,CF,2007-03-31,2
win_100,CHDX,2007-03-31,2
win_100,CPHD,2007-03-31,2
win_100,EDO,2007-03-31,2
win_100,FCN,2007-03-31,2
win_100,FSTR,2007-03-31,2
win_100,ILMN,2007-03-31,2
win_100,ISRG,2007-03-31,2
win_100,JRCCQ,2007-03-31,1
win_100,LKQ,2007-03-31,2
win_100,LNN,2007-03-31,2
win_100,MA,2007-03-31,2
win_100,MDRIQ,2007-03-31,2
win_100,MON2,2007-03-31,2
win_100,MOS,2007-03-31,2
win_100,OI,2007-03-31,2
win_100,PHRM,2007-03-31,2
win_100,POT,2007-03-31,2
win_100,PRGO,2007-03-31,2
win_100,RICK,2007-03-31,2
win_100,TNH,2007-03-31,2
win_100,TRA,2007-03-31,2
win_100,TTES,2007-03-31,2
win_100,VMSI,2007-03-31,2
win_100,WLTGQ,2007-03-31,1
win_100,AKS,2007-04-30,2
win_100,ANRZQ,2007-04-30,1
win_100,AQNT,2007-04-30,2
win_100,AUXL,2007-04-30,2
win_100,BKNG,2007-04-30,2
win_100,BMI,2007-04-30,1
win_100,BMRN,2007-04-30,2
win_100,BPZRQ,2007-04-30,2
win_100,BUCY,2007-04-30,2
win_100,CALM,2007-04-30,2
win_100,CEDCQ,2007-04-30,2
win_100,CF,2007-04-30,2
win_100,CLF,2007-04-30,2
win_100,CWEI,2007-04-30,1
win_100,EDO,2007-04-30,2
win_100,GTLS,2007-04-30,1
win_100,ILMN,2007-04-30,2
win_100,ISRG,2007-04-30,2
win_100,JRCCQ,2007-04-30,1
win_100,LNN,2007-04-30,2
win_100,MA,2007-04-30,2
win_100,MCF,2007-04-30,2
win_100,MLNM,2007-04-30,2
win_100,MMR,2007-04-30,1
win_100,MOS,2007-04-30,2
win_100,NVT1,2007-04-30,2
win_100,PHRM,2007-04-30,2
win_100,POT,2007-04-30,2
win_100,PRGO,2007-04-30,2
win_100,RBN,2007-04-30,2
win_100,RIGL,2007-04-30,1
win_100,SGY,2007-04-30,1
win_100,SWN,2007-04-30,2
win_100,TBSIQ,2007-04-30,2
win_100,TNH,2007-04-30,2
win_100,TRA,2007-04-30,2
win_100,TTES,2007-04-30,2
win_100,WLTGQ,2007-04-30,2
win_100,AKS,2007-05-31,2
win_100,AMSC,2007-05-31,2
win_100,ANRZQ,2007-05-31,1
win_100,AUXL,2007-05-31,2
win_100,BEXP,2007-05-31,1
win_100,BKNG,2007-05-31,2
win_100,BMRN,2007-05-31,2
win_100,BPZRQ,2007-05-31,2
win_100,CALM,2007-05-31,2
win_100,CEDCQ,2007-05-31,2
win_100,CF,2007-05-31,2
win_100,CLF,2007-05-31,2
win_100,CMP,2007-05-31,2
win_100,CNX,2007-05-31,2
win_100,CPHD,2007-05-31,2
win_100,EAC1,2007-05-31,2
win_100,FLS,2007-05-31,2
win_100,HES,2007-05-31,2
win_100,ILMN,2007-05-31,2
win_100,ISRG,2007-05-31,2
win_100,JRCCQ,2007-05-31,1
win_100,LNN,2007-05-31,2
win_100,MA,2007-05-31,2
win_100,MCF,2007-05-31,2
win_100,MEA,2007-05-31,1
win_100,MEE,2007-05-31,2
win_100,MLNM,2007-05-31,2
win_100,MMR,2007-05-31,1
win_100,MON2,2007-05-31,2
win_100,MOS,2007-05-31,2
win_100,PHRM,2007-05-31,2
win_100,POT,2007-05-31,2
win_100,RIGL,2007-05-31,1
win_100,SGY,2007-05-31,1
win_100,STEC1,2007-05-31,1
win_100,TBSIQ,2007-05-31,2
win_100,TNS,2007-05-31,1
win_100,TRA,2007-05-31,2
win_100,TTES,2007-05-31,2
win_100,VHI,2007-05-31,2
win_100,WLL2,2007-05-31,2
win_100,WLTGQ,2007-05-31,2
win_100,XIDEQ,2007-05-31,1
win_100,ACIIQ,2007-06-30,2
win_100,ANRZQ,2007-06-30,2
win_100,AUXL,2007-06-30,2
win_100,BEXP,2007-06-30,1
win_100,BPZRQ,2007-06-30,2
win_100,BTUUQ,2007-06-30,2
win_100,BUCY,2007-06-30,2
win_100,CALM,2007-06-30,2
win_100,CEDCQ,2007-06-30,2
win_100,CF,2007-06-30,2
win_100,CLF,2007-06-30,2
win_100,CMP,2007-06-30,2
win_100,CNX,2007-06-30,2
win_100,CRK,2007-06-30,2
win_100,CWEI,2007-06-30,1
win_100,EAC1,2007-06-30,2
win_100,ENERQ,2007-06-30,1
win_100,FCL1,2007-06-30,2
win_100,GDPMQ,2007-06-30,2
win_100,GHM,2007-06-30,2
win_100,GMXRQ,2007-06-30,2
win_100,HES,2007-06-30,2
win_100,HK1,2007-06-30,2
win_100,HP,2007-06-30,2
win_100,ICO,2007-06-30,1
win_100,ILMN,2007-06-30,2
win_100,JRCCQ,2007-06-30,1
win_100,MCF,2007-06-30,2
win_100,MEA,2007-06-30,2
win_100,MEE,2007-06-30,2
win_100,MLNM,2007-06-30,2
win_100,MOS,2007-06-30,2
win_100,PBT,2007-06-30,2
win_100,PHRM,2007-06-30,2
win_100,POT,2007-06-30,2
win_100,RDUS,2007-06-30,2
win_100,RIGL,2007-06-30,1
win_100,SVNTQ,2007-06-30,2
win_100,SWN,2007-06-30,2
win_100,TTES,2007-06-30,2
win_100,WLL2,2007-06-30,2
win_100,WLTGQ,2007-06-30,2
win_100,WTI,2007-06-30,1
win_100,XCOOQ,2007-06-30,1
win_100,ZEUS,2007-06-30,1
win_100,AMSC,2007-07-31,2
win_100,ANRZQ,2007-07-31,2
win_100,APPX1,2007-07-31,1
win_100,AUXL,2007-07-31,2
win_100,AXYS,2007-07-31,2
win_100,BUCY,2007-07-31,2
win_100,CALM,2007-07-31,2
win_100,CF,2007-07-31,2
win_100,CLF,2007-07-31,2
win_100,CMP,2007-07-31,2
win_100,CRK,2007-07-31,2
win_100,EAC1,2007-07-31,2
win_100,ENERQ,2007-07-31,1
win_100,GHM,2007-07-31,2
win_100,HK1,2007-07-31,2
win_100,ILMN,2007-07-31,2
win_100,JRCCQ,2007-07-31,1
win_100,LNN,2007-07-31,2
win_100,MCF,2007-07-31,2
win_100,MEE,2007-07-31,1
win_100,MLNM,2007-07-31,2
win_100,MOS,2007-07-31,2
win_100,OFG,2007-07-31,1
win_100,PHRM,2007-07-31,2
win_100,POT,2007-07-31,2
win_100,RIGL,2007-07-31,1
win_100,SCL,2007-07-31,2
win_100,SQNM,2007-07-31,2
win_100,SVNTQ,2007-07-31,2
win_100,TRA,2007-07-31,2
win_100,WLL2,2007-07-31,2
win_100,WLTGQ,2007-07-31,2
win_100,XIDEQ,2007-07-31,1
win_100,AFAM,2007-08-31,1
win_100,ANRZQ,2007-08-31,2
win_100,AUXL,2007-08-31,2
win_100,AXYS,2007-08-31,2
win_100,BEXP,2007-08-31,1
win_100,BPZRQ,2007-08-31,1
win_100,BRKR,2007-08-31,2
win_100,BUCY,2007-08-31,2
win_100,CALM,2007-08-31,2
win_100,CF,2007-08-31,2
win_100,CLF,2007-08-31,2
win_100,CMP,2007-08-31,2
win_100,CRK,2007-08-31,2
win_100,CWEI,2007-08-31,1
win_100,ENERQ,2007-08-31,1
win_100,FINL,2007-08-31,1
win_100,GHM,2007-08-31,2
win_100,GMXRQ,2007-08-31,2
win_100,HK1,2007-08-31,2
win_100,JRCCQ,2007-08-31,1
win_100,LNN,2007-08-31,2
win_100,MEE,2007-08-31,1
win_100,MLNM,2007-08-31,2
win_100,MMR,2007-08-31,1
win_100,MOS,2007-08-31,2
win_100,RIGL,2007-08-31,1
win_100,SCL,2007-08-31,2
win_100,SWN,2007-08-31,2
win_100,WLL2,2007-08-31,2
win_100,WLTGQ,2007-08-31,2
win_100,ANRZQ,2007-09-30,2
win_100,BPZRQ,2007-09-30,2
win_100,CWEI,2007-09-30,1
win_100,ENERQ,2007-09-30,1
win_100,JRCCQ,2007-09-30,1
win_100,MLNM,2007-09-30,2
win_100,RIGL,2007-09-30,1
win_100,SQNM,2007-09-30,2
win_100,JRCCQ,2007-10-31,1
win_100,MLNM,2007-10-31,2
win_100,APPX1,2007-11-30,1
win_100,CGPI1,2007-11-30,1
win_100,EBS,2007-11-30,1
win_100,GCT1,2007-11-30,1
win_100,APPX1,2007-12-31,1
win_100,GCT1,2007-12-31,1
win_100,SQNM,2007-12-31,2
win_100,APPX1,2008-01-31,1
win_100,COCOQ,2008-01-31,1
win_100,EBS,2008-01-31,1
win_100,GCT1,2008-01-31,1
win_100,IKN,2008-01-31,1
win_100,SQNM,2008-01-31,2
win_100,APPX1,2008-02-29,1
win_100,COCOQ,2008-02-29,1
win_100,CVTX,2008-02-29,1
win_100,ESINQ,2008-02-29,2
win_100,IKN,2008-02-29,1
win_100,MYGN,2008-02-29,2
win_100,SQNM,2008-02-29,2
win_100,COCOQ,2008-03-31,1
win_100,CVTX,2008-03-31,1
win_100,ESINQ,2008-03-31,2
win_100,IKN,2008-03-31,1
win_100,MYGN,2008-03-31,2
win_100,SQNM,2008-03-31,2
win_100,CVTX,2008-04-30,1
win_100,DNDNQ,2008-04-30,1
win_100,GMCR,2008-04-30,2
win_100,MDRX,2008-04-30,1
win_100,PTRY,2008-04-30,1
win_100,CVTX,2008-05-31,1
win_100,DNDNQ,2008-05-31,1
win_100,GSBC,2008-05-31,1
win_100,MDRX,2008-05-31,1
win_100,PALM,2008-05-31,1
win_100,ALGT,2008-06-30,1
win_100,CVTX,2008-06-30,1
win_100,EVR,2008-06-30,1
win_100,FUQI,2008-06-30,1
win_100,GMCR,2008-06-30,2
win_100,GSBC,2008-06-30,1
win_100,MDRX,2008-06-30,1
win_100,NDN,2008-06-30,1
win_100,NXGN,2008-06-30,2
win_100,PALM,2008-06-30,1
win_100,SMG,2008-06-30,1
win_100,SPOK,2008-06-30,1
win_100,STEC1,2008-06-30,2
win_100,TBRG,2008-06-30,1
win_100,AN,2008-07-31,1
win_100,CHS,2008-07-31,1
win_100,CVTX,2008-07-31,1
win_100,DNDNQ,2008-07-31,1
win_100,FUQI,2008-07-31,1
win_100,GMCR,2008-07-31,2
win_100,GSBC,2008-07-31,1
win_100,HGSI,2008-07-31,1
win_100,MDRX,2008-07-31,1
win_100,NDN,2008-07-31,1
win_100,ONIT,2008-07-31,1
win_100,PALM,2008-07-31,1
win_100,RGR,2008-07-31,1
win_100,SMG,2008-07-31,1
win_100,SPOK,2008-07-31,1
win_100,STEC1,2008-07-31,2
win_100,CENT,2008-08-31,1
win_100,CHS,2008-08-31,1
win_100,DNDNQ,2008-08-31,1
win_100,FUQI,2008-08-31,1
win_100,GMCR,2008-08-31,2
win_100,HGSI,2008-08-31,1
win_100,MATV,2008-08-31,1
win_100,MDRX,2008-08-31,1
win_100,MED,2008-08-31,2
win_100,MEDX1,2008-08-31,1
win_100,ONIT,2008-08-31,1
win_100,OSK,2008-08-31,1
win_100,PEGA,2008-08-31,2
win_100,STEC1,2008-08-31,2
win_100,ASIA1,2008-09-30,2
win_100,BKNG,2008-09-30,2
win_100,CAR,2008-09-30,1
win_100,CHS,2008-09-30,1
win_100,CTB,2008-09-30,1
win_100,DNDNQ,2008-09-30,1
win_100,ENOC,2008-09-30,1
win_100,FUQI,2008-09-30,1
win_100,GMCR,2008-09-30,2
win_100,HGSI,2008-09-30,1
win_100,ININ,2008-09-30,1
win_100,MATV,2008-09-30,1
win_100,MDRX,2008-09-30,1
win_100,MED,2008-09-30,2
win_100,MEDX1,2008-09-30,1
win_100,ONIT,2008-09-30,1
win_100,OSK,2008-09-30,1
win_100,PALM,2008-09-30,1
win_100,PEGA,2008-09-30,2
win_100,RDN,2008-09-30,1
win_100,SLXP,2008-09-30,1
win_100,STEC1,2008-09-30,2
win_100,SYNT,2008-09-30,2
win_100,TIVO,2008-09-30,2
win_100,VCI,2008-09-30,1
win_100,WBD,2008-09-30,2
win_100,WKC,2008-09-30,1
win_100,ACF,2008-10-31,1
win_100,ADVS,2008-10-31,1
win_100,ALGN,2008-10-31,1
win_100,AMSC,2008-10-31,1
win_100,AMZN,2008-10-31,2
win_100,AN,2008-10-31,1
win_100,ASIA1,2008-10-31,2
win_100,BGFV,2008-10-31,1
win_100,BH,2008-10-31,1
win_100,BKNG,2008-10-31,2
win_100,CAKE,2008-10-31,1
win_100,CERN,2008-10-31,2
win_100,CHIC1,2008-10-31,1
win_100,CMPR,2008-10-31,1
win_100,CTB,2008-10-31,1
win_100,CTCM,2008-10-31,1
win_100,CTSH,2008-10-31,2
win_100,CVTX,2008-10-31,2
win_100,DDS,2008-10-31,1
win_100,EBIXQ,2008-10-31,2
win_100,ENOC,2008-10-31,1
win_100,EVR,2008-10-31,1
win_100,EXPE,2008-10-31,1
win_100,EYE2,2008-10-31,1
win_100,FCX,2008-10-31,1
win_100,FUQI,2008-10-31,1
win_100,GETI,2008-10-31,1
win_100,GMCR,2008-10-31,2
win_100,GPI,2008-10-31,1
win_100,GRA,2008-10-31,1
win_100,HAR,2008-10-31,1
win_100,HGGGQ,2008-10-31,1
win_100,HIG,2008-10-31,1
win_100,ININ,2008-10-31,1
win_100,INVA,2008-10-31,1
win_100,JCG,2008-10-31,1
win_100,MATV,2008-10-31,1
win_100,MDRX,2008-10-31,1
win_100,MEDX1,2008-10-31,1
win_100,MFLX1,2008-10-31,1
win_100,MLNX,2008-10-31,1
win_100,MSTR,2008-10-31,1
win_100,NCMI,2008-10-31,1
win_100,NEU,2008-10-31,1
win_100,NFLX,2008-10-31,2
win_100,NTG1,2008-10-31,1
win_100,OFIX,2008-10-31,1
win_100,ONIT,2008-10-31,1
win_100,OSK,2008-10-31,1
win_100,PEGA,2008-10-31,2
win_100,PER1,2008-10-31,2
win_100,PHH1,2008-10-31,1
win_100,PL1,2008-10-31,1
win_100,PRX,2008-10-31,1
win_100,RNOW,2008-10-31,1
win_100,SCCO,2008-10-31,1
win_100,SGI,2008-10-31,1
win_100,SNDK1,2008-10-31,1
win_100,SPSS,2008-10-31,2
win_100,STAR1,2008-10-31,2
win_100,STEC1,2008-10-31,2
win_100,STX,2008-10-31,1
win_100,TIN,2008-10-31,1
win_100,TIVO,2008-10-31,1
win_100,TNL,2008-10-31,1
win_100,TRW,2008-10-31,1
win_100,VECO,2008-10-31,1
win_100,VMED,2008-10-31,1
win_100,WDC,2008-10-31,2
win_100,WDR,2008-10-31,1
win_100,WEX,2008-10-31,1
win_100,WFM,2008-10-31,1
win_100,WKC,2008-10-31,1
win_100,WOLF2,2008-10-31,2
win_100,WSM,2008-10-31,1
win_100,AAPL,2008-11-30,2
win_100,ABG,2008-11-30,1
win_100,ACF,2008-11-30,1
win_100,AGO,2008-11-30,1
win_100,AIRM,2008-11-30,1
win_100,AKS,2008-11-30,1
win_100,ALGN,2008-11-30,1
win_100,ALR1,2008-11-30,1
win_100,ALV,2008-11-30,1
win_100,AMG,2008-11-30,1
win_100,AMP,2008-11-30,1
win_100,AMSC,2008-11-30,1
win_100,AMZN,2008-11-30,2
win_100,AN,2008-11-30,1
win_100,ANDE,2008-11-30,1
win_100,ANF,2008-11-30,1
win_100,AROPQ,2008-11-30,2
win_100,ASCA1,2008-11-30,1
win_100,ASH,2008-11-30,1
win_100,ASIA1,2008-11-30,2
win_100,ASNAQ,2008-11-30,1
win_100,ATPAQ,2008-11-30,1
win_100,ATW,2008-11-30,1
win_100,AWI,2008-11-30,1
win_100,BBY,2008-11-30,1
win_100,BCSI,2008-11-30,1
win_100,BEAV,2008-11-30,1
win_100,BKNG,2008-11-30,2
win_100,BRY1,2008-11-30,1
win_100,BUCY,2008-11-30,1
win_100,BX,2008-11-30,1
win_100,BYI,2008-11-30,1
win_100,CAKE,2008-11-30,1
win_100,CBRL,2008-11-30,1
win_100,CCE1,2008-11-30,1
win_100,CE,2008-11-30,1
win_100,CEQP,2008-11-30,1
win_100,CERN,2008-11-30,2
win_100,CGX,2008-11-30,1
win_100,CHDX,2008-11-30,1
win_100,CHIC1,2008-11-30,1
win_100,CI,2008-11-30,1
win_100,CLMT,2008-11-30,1
win_100,CMPR,2008-11-30,1
win_100,COO,2008-11-30,1
win_100,CRM,2008-11-30,2
win_100,CRMT,2008-11-30,1
win_100,CTRN,2008-11-30,1
win_100,CTSH,2008-11-30,2
win_100,CTV1,2008-11-30,1
win_100,CVLT,2008-11-30,2
win_100,CVTX,2008-11-30,2
win_100,CYH,2008-11-30,1
win_100,DBI,2008-11-30,1
win_100,DCP,2008-11-30,1
win_100,DDUP,2008-11-30,2
win_100,DISH,2008-11-30,1
win_100,DLLR,2008-11-30,1
win_100,EAT,2008-11-30,1
win_100,EBIXQ,2008-11-30,2
win_100,ECPG,2008-11-30,1
win_100,EEFT,2008-11-30,1
win_100,ENOC,2008-11-30,1
win_100,ENS,2008-11-30,1
win_100,EPE1,2008-11-30,2
win_100,ESC,2008-11-30,1
win_100,EVEPQ,2008-11-30,1
win_100,EVR,2008-11-30,1
win_100,EVVV,2008-11-30,1
win_100,EXPE,2008-11-30,1
win_100,EYE2,2008-11-30,1
win_100,FCL1,2008-11-30,1
win_100,FCX,2008-11-30,1
win_100,FLS,2008-11-30,2
win_100,FOSL,2008-11-30,1
win_100,FUQI,2008-11-30,1
win_100,GAPTQ,2008-11-30,1
win_100,GES,2008-11-30,1
win_100,GHM,2008-11-30,1
win_100,GIII,2008-11-30,1
win_100,GLRE,2008-11-30,1
win_100,GMCR,2008-11-30,2
win_100,GNKOQ,2008-11-30,1
win_100,GPI,2008-11-30,1
win_100,GRA,2008-11-30,1
win_100,GS,2008-11-30,1
win_100,GSIC,2008-11-30,1
win_100,GT,2008-11-30,1
win_100,GTI1,2008-11-30,1
win_100,HAR,2008-11-30,1
win_100,HEP,2008-11-30,1
win_100,HIG,2008-11-30,1
win_100,HLF,2008-11-30,1
win_100,HNT,2008-11-30,1
win_100,HOT,2008-11-30,1
win_100,INVX,2008-11-30,1
win_100,IP,2008-11-30,1
win_100,IPCS,2008-11-30,1
win_100,ISRG,2008-11-30,2
win_100,ITWO1,2008-11-30,1
win_100,JAH,2008-11-30,1
win_100,JAS,2008-11-30,1
win_100,JBL,2008-11-30,1
win_100,JCG,2008-11-30,1
win_100,JLL,2008-11-30,1
win_100,JNY,2008-11-30,1
win_100,JOSB,2008-11-30,2
win_100,JOY,2008-11-30,1
win_100,JWN,2008-11-30,1
win_100,KMX,2008-11-30,1
win_100,KWKAQ,2008-11-30,1
win_100,LGCYQ,2008-11-30,1
win_100,LINEQ,2008-11-30,1
win_100,LULU,2008-11-30,1
win_100,LVS,2008-11-30,1
win_100,LZ1,2008-11-30,2
win_100,M,2008-11-30,1
win_100,MATV,2008-11-30,2
win_100,MDRIQ,2008-11-30,1
win_100,MDRX,2008-11-30,1
win_100,MDVN,2008-11-30,2
win_100,MEDX1,2008-11-30,1
win_100,MEE,2008-11-30,1
win_100,MFLX1,2008-11-30,1
win_100,MFW,2008-11-30,1
win_100,MLNX,2008-11-30,1
win_100,MPS,2008-11-30,1
win_100,MPWR,2008-11-30,1
win_100,MRVL,2008-11-30,1
win_100,MS,2008-11-30,1
win_100,MSTR,2008-11-30,1
win_100,MWE,2008-11-30,1
win_100,MWV,2008-11-30,1
win_100,NETL1,2008-11-30,1
win_100,NEU,2008-11-30,1
win_100,NFLX,2008-11-30,2
win_100,NGLS,2008-11-30,1
win_100,NILE1,2008-11-30,1
win_100,NLC,2008-11-30,1
win_100,NTAP,2008-11-30,2
win_100,NTG1,2008-11-30,1
win_100,NTY,2008-11-30,1
win_100,NUS,2008-11-30,2
win_100,NXGN,2008-11-30,2
win_100,OFIX,2008-11-30,1
win_100,OII,2008-11-30,1
win_100,OMTR,2008-11-30,1
win_100,OPLK,2008-11-30,1
win_100,OSK,2008-11-30,1
win_100,OVTI,2008-11-30,1
win_100,OXM,2008-11-30,1
win_100,PBG,2008-11-30,2
win_100,PDE,2008-11-30,1
win_100,PEGA,2008-11-30,2
win_100,PER1,2008-11-30,2
win_100,PERY,2008-11-30,1
win_100,PRU,2008-11-30,1
win_100,PRX,2008-11-30,1
win_100,PSKY,2008-11-30,1
win_100,PSS,2008-11-30,1
win_100,PVH,2008-11-30,1
win_100,PXD,2008-11-30,1
win_100,RCL,2008-11-30,1
win_100,REVRQ,2008-11-30,1
win_100,RGP1,2008-11-30,1
win_100,RHT,2008-11-30,2
win_100,ROC1,2008-11-30,1
win_100,ROSE1,2008-11-30,1
win_100,RS,2008-11-30,1
win_100,RVBD,2008-11-30,1
win_100,SBUX,2008-11-30,1
win_100,SCCO,2008-11-30,1
win_100,SDXC,2008-11-30,1
win_100,SFD1,2008-11-30,1
win_100,SFSF,2008-11-30,1
win_100,SGI,2008-11-30,1
win_100,SHOO,2008-11-30,2
win_100,SIRO,2008-11-30,1
win_100,SLAB,2008-11-30,2
win_100,SLXP,2008-11-30,1
win_100,SNDK1,2008-11-30,1
win_100,SNX,2008-11-30,1
win_100,SPR,2008-11-30,1
win_100,SPSS,2008-11-30,2
win_100,SSINQ,2008-11-30,1
win_100,STAR1,2008-11-30,1
win_100,STEC1,2008-11-30,1
win_100,STLD,2008-11-30,1
win_100,SWKS,2008-11-30,2
win_100,TDC,2008-11-30,2
win_100,TECD,2008-11-30,1
win_100,TIF,2008-11-30,1
win_100,TIVO,2008-11-30,1
win_100,TLEO,2008-11-30,1
win_100,TNS,2008-11-30,1
win_100,TRA,2008-11-30,1
win_100,TT,2008-11-30,1
win_100,TTMI,2008-11-30,1
win_100,TUPBQ,2008-11-30,2
win_100,TVTY,2008-11-30,1
win_100,ULTA,2008-11-30,1
win_100,VECO,2008-11-30,1
win_100,VLTR,2008-11-30,1
win_100,VMW,2008-11-30,1
win_100,WBD,2008-11-30,2
win_100,WDC,2008-11-30,1
win_100,WDR,2008-11-30,1
win_100,WEX,2008-11-30,1
win_100,WFM,2008-11-30,1
win_100,WLTGQ,2008-11-30,1
win_100,WOLF2,2008-11-30,2
win_100,WPZ1,2008-11-30,1
win_100,WRC,2008-11-30,1
win_100,WSM,2008-11-30,1
win_100,XCOOQ,2008-11-30,1
win_100,XL1,2008-11-30,1
win_100,AAPL,2008-12-31,2
win_100,ACF,2008-12-31,1
win_100,ADVS,2008-12-31,1
win_100,AHGP,2008-12-31,1
win_100,AIRM,2008-12-31,1
win_100,AKS,2008-12-31,1
win_100,ALGN,2008-12-31,1
win_100,ALR1,2008-12-31,1
win_100,ALV,2008-12-31,1
win_100,AM1,2008-12-31,1
win_100,AMMD,2008-12-31,1
win_100,AMSC,2008-12-31,1
win_100,AMZN,2008-12-31,2
win_100,ANN,2008-12-31,1
win_100,ANRZQ,2008-12-31,1
win_100,APKT,2008-12-31,1
win_100,ARCC,2008-12-31,1
win_100,AROPQ,2008-12-31,1
win_100,ARST,2008-12-31,1
win_100,ASH,2008-12-31,1
win_100,ASIA1,2008-12-31,2
win_100,ASNAQ,2008-12-31,1
win_100,ATHR1,2008-12-31,1
win_100,ATLS2,2008-12-31,1
win_100,ATN,2008-12-31,1
win_100,ATPAQ,2008-12-31,1
win_100,ATW,2008-12-31,1
win_100,AXP,2008-12-31,1
win_100,BARE,2008-12-31,1
win_100,BBWI,2008-12-31,1
win_100,BCSI,2008-12-31,1
win_100,BEAV,2008-12-31,1
win_100,BGH1,2008-12-31,1
win_100,BH,2008-12-31,1
win_100,BID1,2008-12-31,1
win_100,BKD,2008-12-31,1
win_100,BKNG,2008-12-31,2
win_100,BRY1,2008-12-31,1
win_100,BTUUQ,2008-12-31,1
win_100,BUCY,2008-12-31,1
win_100,BX,2008-12-31,1
win_100,CAB,2008-12-31,1
win_100,CAKE,2008-12-31,1
win_100,CAM2,2008-12-31,1
win_100,CAVM,2008-12-31,1
win_100,CBI,2008-12-31,1
win_100,CE,2008-12-31,1
win_100,CEQP,2008-12-31,1
win_100,CERN,2008-12-31,2
win_100,CHIC1,2008-12-31,1
win_100,CI,2008-12-31,1
win_100,CLB,2008-12-31,2
win_100,CLNE,2008-12-31,1
win_100,CLR,2008-12-31,1
win_100,CML,2008-12-31,2
win_100,CMPR,2008-12-31,1
win_100,CNK,2008-12-31,1
win_100,CNS,2008-12-31,1
win_100,COO,2008-12-31,1
win_100,CPNO,2008-12-31,1
win_100,CRM,2008-12-31,2
win_100,CTB,2008-12-31,1
win_100,CTSH,2008-12-31,2
win_100,CVTX,2008-12-31,2
win_100,CYH,2008-12-31,1
win_100,DBI,2008-12-31,1
win_100,DCP,2008-12-31,1
win_100,DGIT,2008-12-31,2
win_100,DIN,2008-12-31,1
win_100,DIOD,2008-12-31,1
win_100,DISH,2008-12-31,1
win_100,DLLR,2008-12-31,1
win_100,EEP,2008-12-31,1
win_100,EEQ,2008-12-31,1
win_100,EPE1,2008-12-31,1
win_100,ET,2008-12-31,2
win_100,EVEPQ,2008-12-31,1
win_100,EVR,2008-12-31,1
win_100,EVVV,2008-12-31,1
win_100,EXPE,2008-12-31,1
win_100,EYE2,2008-12-31,1
win_100,FCL1,2008-12-31,1
win_100,FCX,2008-12-31,1
win_100,FFIV,2008-12-31,2
win_100,FINL,2008-12-31,1
win_100,FOSL,2008-12-31,1
win_100,FTI1,2008-12-31,1
win_100,GEL,2008-12-31,1
win_100,GES,2008-12-31,1
win_100,GIII,2008-12-31,1
win_100,GLW,2008-12-31,1
win_100,GMCR,2008-12-31,2
win_100,GNTX,2008-12-31,1
win_100,GOOGL,2008-12-31,2
win_100,GPI,2008-12-31,1
win_100,GRA,2008-12-31,1
win_100,GS,2008-12-31,1
win_100,GSIC,2008-12-31,1
win_100,GT,2008-12-31,1
win_100,HAR,2008-12-31,1
win_100,HGGGQ,2008-12-31,1
win_100,HNT,2008-12-31,1
win_100,HOT,2008-12-31,1
win_100,HTZGQ,2008-12-31,1
win_100,INVX,2008-12-31,1
win_100,IP,2008-12-31,1
win_100,ISRG,2008-12-31,2
win_100,ITWO1,2008-12-31,1
win_100,JAH,2008-12-31,1
win_100,JAS,2008-12-31,1
win_100,JBL,2008-12-31,1
win_100,JCG,2008-12-31,1
win_100,JLL,2008-12-31,1
win_100,JNY,2008-12-31,1
win_100,JOY,2008-12-31,1
win_100,JWN,2008-12-31,1
win_100,KMX,2008-12-31,1
win_100,KNOL,2008-12-31,1
win_100,KWKAQ,2008-12-31,1
win_100,LGCYQ,2008-12-31,1
win_100,LIFE2,2008-12-31,1
win_100,LINEQ,2008-12-31,1
win_100,LUFK,2008-12-31,1
win_100,LULU,2008-12-31,1
win_100,LVS,2008-12-31,1
win_100,LZ1,2008-12-31,2
win_100,MATV,2008-12-31,2
win_100,MDRIQ,2008-12-31,1
win_100,MDRX,2008-12-31,2
win_100,MDVN,2008-12-31,2
win_100,MEDX1,2008-12-31,1
win_100,MEE,2008-12-31,1
win_100,MFLX1,2008-12-31,1
win_100,MFW,2008-12-31,1
win_100,MLNX,2008-12-31,1
win_100,MRVL,2008-12-31,1
win_100,MSTR,2008-12-31,1
win_100,MWE,2008-12-31,1
win_100,MWV,2008-12-31,1
win_100,MXWL,2008-12-31,1
win_100,NETL1,2008-12-31,1
win_100,NEU,2008-12-31,1
win_100,NFX1,2008-12-31,1
win_100,NGLS,2008-12-31,1
win_100,NILE1,2008-12-31,1
win_100,NLC,2008-12-31,1
win_100,NTAP,2008-12-31,2
win_100,NTG1,2008-12-31,1
win_100,NTRI,2008-12-31,1
win_100,NTY,2008-12-31,1
win_100,NUS,2008-12-31,2
win_100,NVDA,2008-12-31,1
win_100,OFIX,2008-12-31,1
win_100,OII,2008-12-31,1
win_100,OIS,2008-12-31,1
win_100,OMTR,2008-12-31,1
win_100,ORN,2008-12-31,1
win_100,OSK,2008-12-31,1
win_100,OVTI,2008-12-31,1
win_100,OXM,2008-12-31,1
win_100,PDE,2008-12-31,1
win_100,PEGA,2008-12-31,2
win_100,PER1,2008-12-31,2
win_100,PERY,2008-12-31,1
win_100,PRX,2008-12-31,1
win_100,PSEM,2008-12-31,1
win_100,PVH,2008-12-31,1
win_100,PXD,2008-12-31,1
win_100,RGP1,2008-12-31,1
win_100,RHB,2008-12-31,1
win_100,RHT,2008-12-31,2
win_100,RNOW,2008-12-31,1
win_100,ROC1,2008-12-31,1
win_100,ROSE1,2008-12-31,1
win_100,RS,2008-12-31,1
win_100,RVBD,2008-12-31,1
win_100,SBUX,2008-12-31,1
win_100,SCCO,2008-12-31,1
win_100,SCHL,2008-12-31,1
win_100,SDXC,2008-12-31,1
win_100,SEPR,2008-12-31,1
win_100,SFSF,2008-12-31,1
win_100,SGI,2008-12-31,1
win_100,SHLDQ,2008-12-31,1
win_100,SIRO,2008-12-31,1
win_100,SKX,2008-12-31,1
win_100,SLXP,2008-12-31,1
win_100,SNDK1,2008-12-31,1
win_100,SNX,2008-12-31,1
win_100,STAR1,2008-12-31,2
win_100,SVNTQ,2008-12-31,1
win_100,SVVS,2008-12-31,1
win_100,SWKS,2008-12-31,1
win_100,TDC,2008-12-31,2
win_100,TECD,2008-12-31,1
win_100,THO,2008-12-31,1
win_100,TIVO,2008-12-31,1
win_100,TLEO,2008-12-31,1
win_100,TNL,2008-12-31,1
win_100,TNS,2008-12-31,1
win_100,TPP,2008-12-31,1
win_100,TRA,2008-12-31,1
win_100,TT,2008-12-31,1
win_100,TTES,2008-12-31,1
win_100,TTMI,2008-12-31,1
win_100,TUPBQ,2008-12-31,2
win_100,TWTC,2008-12-31,1
win_100,ULTA,2008-12-31,1
win_100,ULTI1,2008-12-31,1
win_100,URBN,2008-12-31,2
win_100,VECO,2008-12-31,1
win_100,VLTR,2008-12-31,1
win_100,WBD,2008-12-31,2
win_100,WDC,2008-12-31,1
win_100,WDR,2008-12-31,1
win_100,WEX,2008-12-31,1
win_100,WFM,2008-12-31,1
win_100,WGO,2008-12-31,1
win_100,WHR,2008-12-31,1
win_100,WLL2,2008-12-31,1
win_100,WLTGQ,2008-12-31,1
win_100,WOLF2,2008-12-31,2
win_100,WPZ1,2008-12-31,1
win_100,WRC,2008-12-31,1
win_100,WSM,2008-12-31,1
win_100,XCOOQ,2008-12-31,1
win_100,AAPL,2009-01-31,2
win_100,AAWW,2009-01-31,1
win_100,AFL,2009-01-31,1
win_100,AGO,2009-01-31,1
win_100,AKS,2009-01-31,1
win_100,ALGN,2009-01-31,1
win_100,ALV,2009-01-31,1
win_100,AMSC,2009-01-31,1
win_100,AMZN,2009-01-31,2
win_100,ANRZQ,2009-01-31,1
win_100,ANVGQ,2009-01-31,1
win_100,ARST,2009-01-31,2
win_100,ASH,2009-01-31,1
win_100,ASIA1,2009-01-31,2
win_100,ASNAQ,2009-01-31,1
win_100,ATHR1,2009-01-31,1
win_100,ATLS2,2009-01-31,1
win_100,ATN,2009-01-31,1
win_100,ATW,2009-01-31,1
win_100,AWI,2009-01-31,1
win_100,AXP,2009-01-31,1
win_100,BAC,2009-01-31,1
win_100,BBEPQ,2009-01-31,1
win_100,BBWI,2009-01-31,1
win_100,BCSI,2009-01-31,1
win_100,BDK,2009-01-31,1
win_100,BEAV,2009-01-31,1
win_100,BEN,2009-01-31,1
win_100,BH,2009-01-31,1
win_100,BID1,2009-01-31,1
win_100,BIGGQ,2009-01-31,1
win_100,BKD,2009-01-31,1
win_100,BKNG,2009-01-31,2
win_100,BLK,2009-01-31,2
win_100,BLKB,2009-01-31,1
win_100,BRY1,2009-01-31,1
win_100,BUCY,2009-01-31,1
win_100,BWA,2009-01-31,1
win_100,BWLD,2009-01-31,2
win_100,CAB,2009-01-31,1
win_100,CAKE,2009-01-31,1
win_100,CAVM,2009-01-31,1
win_100,CBRL,2009-01-31,1
win_100,CBT,2009-01-31,1
win_100,CE,2009-01-31,1
win_100,CEDCQ,2009-01-31,1
win_100,CERN,2009-01-31,2
win_100,CETV,2009-01-31,1
win_100,CGX,2009-01-31,1
win_100,CHIC1,2009-01-31,1
win_100,CIEN,2009-01-31,1
win_100,CLMS,2009-01-31,1
win_100,CLNE,2009-01-31,1
win_100,CMA,2009-01-31,1
win_100,CMG,2009-01-31,2
win_100,CMPR,2009-01-31,2
win_100,CNA,2009-01-31,1
win_100,COF,2009-01-31,1
win_100,CRM,2009-01-31,2
win_100,CRMT,2009-01-31,1
win_100,CSH1,2009-01-31,1
win_100,CTRN,2009-01-31,1
win_100,CTSH,2009-01-31,2
win_100,DBI,2009-01-31,1
win_100,DCP,2009-01-31,1
win_100,DD,2009-01-31,1
win_100,DDUP,2009-01-31,2
win_100,DHI,2009-01-31,1
win_100,DIN,2009-01-31,1
win_100,DIOD,2009-01-31,1
win_100,DKS,2009-01-31,1
win_100,DLLR,2009-01-31,1
win_100,DTSI,2009-01-31,1
win_100,EEFT,2009-01-31,1
win_100,EL,2009-01-31,2
win_100,EMN,2009-01-31,1
win_100,ENOC,2009-01-31,1
win_100,ENS,2009-01-31,1
win_100,EPE1,2009-01-31,2
win_100,ESC,2009-01-31,1
win_100,EVEPQ,2009-01-31,1
win_100,EVR,2009-01-31,1
win_100,EVVV,2009-01-31,1
win_100,EXPE,2009-01-31,1
win_100,FCL1,2009-01-31,1
win_100,FCX,2009-01-31,1
win_100,FFBC,2009-01-31,1
win_100,FFIV,2009-01-31,2
win_100,FOSL,2009-01-31,1
win_100,GES,2009-01-31,1
win_100,GLBC,2009-01-31,1
win_100,GMCR,2009-01-31,2
win_100,GNTX,2009-01-31,1
win_100,GPI,2009-01-31,1
win_100,GRA,2009-01-31,1
win_100,GSIC,2009-01-31,1
win_100,GT,2009-01-31,1
win_100,HAR,2009-01-31,1
win_100,HBI,2009-01-31,1
win_100,HELE,2009-01-31,1
win_100,HGGGQ,2009-01-31,1
win_100,HOS,2009-01-31,1
win_100,HOT,2009-01-31,1
win_100,HSP,2009-01-31,2
win_100,HTZGQ,2009-01-31,1
win_100,IBI,2009-01-31,1
win_100,INVX,2009-01-31,1
win_100,IP,2009-01-31,1
win_100,ISRG,2009-01-31,2
win_100,JAH,2009-01-31,1
win_100,JAS,2009-01-31,1
win_100,JBL,2009-01-31,1
win_100,JCG,2009-01-31,1
win_100,JCI,2009-01-31,1
win_100,JDAS,2009-01-31,1
win_100,JEF1,2009-01-31,1
win_100,JLL,2009-01-31,1
win_100,JNS,2009-01-31,1
win_100,JOY,2009-01-31,1
win_100,JWN,2009-01-31,1
win_100,KMX,2009-01-31,1
win_100,LCII,2009-01-31,1
win_100,LEN,2009-01-31,1
win_100,LNY,2009-01-31,1
win_100,LULU,2009-01-31,1
win_100,LVS,2009-01-31,1
win_100,LYV,2009-01-31,1
win_100,LZ1,2009-01-31,2
win_100,MATV,2009-01-31,2
win_100,MDP,2009-01-31,1
win_100,MDRIQ,2009-01-31,1
win_100,MEDX1,2009-01-31,1
win_100,MEE,2009-01-31,1
win_100,MFW,2009-01-31,1
win_100,MLNX,2009-01-31,1
win_100,MMR,2009-01-31,1
win_100,MPS,2009-01-31,1
win_100,MRVL,2009-01-31,1
win_100,MSTR,2009-01-31,1
win_100,MTB,2009-01-31,1
win_100,MTH,2009-01-31,1
win_100,MTW,2009-01-31,1
win_100,MWE,2009-01-31,1
win_100,MWV,2009-01-31,1
win_100,NBR,2009-01-31,1
win_100,NEU,2009-01-31,1
win_100,NFX1,2009-01-31,1
win_100,NGLS,2009-01-31,1
win_100,NILE1,2009-01-31,1
win_100,NLC,2009-01-31,1
win_100,NSIT,2009-01-31,1
win_100,NTG1,2009-01-31,1
win_100,NTY,2009-01-31,1
win_100,NUS,2009-01-31,2
win_100,OFG,2009-01-31,1
win_100,OIS,2009-01-31,1
win_100,OMTR,2009-01-31,1
win_100,OMX,2009-01-31,1
win_100,OSK,2009-01-31,1
win_100,OXM,2009-01-31,1
win_100,PEGA,2009-01-31,2
win_100,PER1,2009-01-31,2
win_100,PFCB,2009-01-31,2
win_100,PII,2009-01-31,1
win_100,PL1,2009-01-31,1
win_100,PLXS,2009-01-31,1
win_100,POLY,2009-01-31,1
win_100,PRX,2009-01-31,1
win_100,PVH,2009-01-31,1
win_100,PXD,2009-01-31,1
win_100,RCL,2009-01-31,1
win_100,RCRC,2009-01-31,1
win_100,RDEN,2009-01-31,1
win_100,RGP1,2009-01-31,1
win_100,RHB,2009-01-31,1
win_100,RL,2009-01-31,2
win_100,RMBS,2009-01-31,1
win_100,ROC1,2009-01-31,1
win_100,ROSE1,2009-01-31,1
win_100,RRD,2009-01-31,1
win_100,RVBD,2009-01-31,1
win_100,SBUX,2009-01-31,1
win_100,SCHL,2009-01-31,1
win_100,SDXC,2009-01-31,1
win_100,SFSF,2009-01-31,1
win_100,SGI,2009-01-31,1
win_100,SHLDQ,2009-01-31,1
win_100,SHOO,2009-01-31,2
win_100,SIRO,2009-01-31,1
win_100,SIVBQ,2009-01-31,1
win_100,SKX,2009-01-31,1
win_100,SLXP,2009-01-31,1
win_100,SNDK1,2009-01-31,1
win_100,STAR1,2009-01-31,2
win_100,STI1,2009-01-31,1
win_100,SVNTQ,2009-01-31,1
win_100,SVVS,2009-01-31,1
win_100,TDC,2009-01-31,2
win_100,TECD,2009-01-31,1
win_100,TFCF,2009-01-31,1
win_100,TGNA,2009-01-31,1
win_100,THO,2009-01-31,1
win_100,TIF,2009-01-31,1
win_100,TIN,2009-01-31,1
win_100,TIVO,2009-01-31,2
win_100,TNL,2009-01-31,1
win_100,TNS,2009-01-31,1
win_100,TPR,2009-01-31,1
win_100,TT,2009-01-31,1
win_100,TTI,2009-01-31,1
win_100,TUPBQ,2009-01-31,2
win_100,TWTC,2009-01-31,1
win_100,TXT,2009-01-31,1
win_100,UEIC,2009-01-31,1
win_100,ULTA,2009-01-31,1
win_100,ULTI1,2009-01-31,1
win_100,URBN,2009-01-31,2
win_100,VLTR,2009-01-31,1
win_100,VMW,2009-01-31,2
win_100,WDC,2009-01-31,1
win_100,WDR,2009-01-31,1
win_100,WEX,2009-01-31,1
win_100,WFM,2009-01-31,1
win_100,WGO,2009-01-31,1
win_100,WHR,2009-01-31,1
win_100,WLL2,2009-01-31,1
win_100,WLTGQ,2009-01-31,1
win_100,WOLF2,2009-01-31,2
win_100,WPZ1,2009-01-31,1
win_100,WRLD,2009-01-31,1
win_100,WSM,2009-01-31,1
win_100,WTFC,2009-01-31,1
win_100,WYNN,2009-01-31,1
win_100,ZEP,2009-01-31,1
win_100,A,2009-02-28,2
win_100,AAPL,2009-02-28,2
win_100,AAWW,2009-02-28,1
win_100,AB,2009-02-28,1
win_100,ABCO,2009-02-28,1
win_100,ACO,2009-02-28,1
win_100,ADBE,2009-02-28,2
win_100,ADSK,2009-02-28,1
win_100,AEGN,2009-02-28,2
win_100,AEIS,2009-02-28,1
win_100,AES,2009-02-28,1
win_100,AFL,2009-02-28,1
win_100,AHGP,2009-02-28,1
win_100,AKS,2009-02-28,1
win_100,ALGN,2009-02-28,1
win_100,ALV,2009-02-28,1
win_100,AMLN,2009-02-28,1
win_100,AMP,2009-02-28,1
win_100,AMSC,2009-02-28,1
win_100,ANDE,2009-02-28,1
win_100,ANN,2009-02-28,1
win_100,ANRZQ,2009-02-28,1
win_100,ANSS,2009-02-28,2
win_100,APC1,2009-02-28,2
win_100,APL,2009-02-28,1
win_100,ARG,2009-02-28,2
win_100,ARST,2009-02-28,2
win_100,ASH,2009-02-28,1
win_100,ASIA1,2009-02-28,2
win_100,ASNAQ,2009-02-28,2
win_100,ATAC1,2009-02-28,1
win_100,ATHR1,2009-02-28,1
win_100,ATI,2009-02-28,1
win_100,ATLS2,2009-02-28,1
win_100,ATN,2009-02-28,1
win_100,ATW,2009-02-28,1
win_100,AVCT1,2009-02-28,1
win_100,AWI,2009-02-28,1
win_100,AXP,2009-02-28,1
win_100,BA,2009-02-28,1
win_100,BBEPQ,2009-02-28,1
win_100,BBWI,2009-02-28,1
win_100,BCSI,2009-02-28,1
win_100,BDC,2009-02-28,1
win_100,BDK,2009-02-28,1
win_100,BEAV,2009-02-28,1
win_100,BEN,2009-02-28,1
win_100,BEZ1,2009-02-28,1
win_100,BH,2009-02-28,1
win_100,BHE,2009-02-28,1
win_100,BID1,2009-02-28,1
win_100,BIGGQ,2009-02-28,2
win_100,BJS,2009-02-28,1
win_100,BKNG,2009-02-28,2
win_100,BLK,2009-02-28,2
win_100,BLKB,2009-02-28,1
win_100,BRY1,2009-02-28,1
win_100,BUCY,2009-02-28,1
win_100,BWA,2009-02-28,1
win_100,BYI,2009-02-28,1
win_100,CAKE,2009-02-28,1
win_100,CAL1,2009-02-28,1
win_100,CAM2,2009-02-28,1
win_100,CAT,2009-02-28,1
win_100,CAVM,2009-02-28,2
win_100,CBE,2009-02-28,1
win_100,CBI,2009-02-28,1
win_100,CBT,2009-02-28,1
win_100,CCE1,2009-02-28,1
win_100,CE,2009-02-28,1
win_100,CEDCQ,2009-02-28,1
win_100,CERN,2009-02-28,2
win_100,CETV,2009-02-28,1
win_100,CGX,2009-02-28,1
win_100,CI,2009-02-28,1
win_100,CIEN,2009-02-28,1
win_100,CKP,2009-02-28,1
win_100,CLDA,2009-02-28,1
win_100,CLF,2009-02-28,1
win_100,CLNE,2009-02-28,1
win_100,CLR,2009-02-28,1
win_100,CMA,2009-02-28,1
win_100,CMI,2009-02-28,1
win_100,CMPR,2009-02-28,2
win_100,CNA,2009-02-28,1
win_100,CNK,2009-02-28,1
win_100,CNS,2009-02-28,1
win_100,CNW,2009-02-28,1
win_100,COF,2009-02-28,1
win_100,COHR1,2009-02-28,1
win_100,CPHD,2009-02-28,1
win_100,CRM,2009-02-28,2
win_100,CRS,2009-02-28,1
win_100,CRZO,2009-02-28,1
win_100,CSH1,2009-02-28,1
win_100,CTRN,2009-02-28,1
win_100,CTSH,2009-02-28,2
win_100,CTV1,2009-02-28,1
win_100,CTXS,2009-02-28,2
win_100,CVC,2009-02-28,1
win_100,CVH,2009-02-28,1
win_100,CVLT,2009-02-28,2
win_100,CXO,2009-02-28,2
win_100,CXT,2009-02-28,1
win_100,CXW,2009-02-28,1
win_100,CY,2009-02-28,1
win_100,CYH,2009-02-28,1
win_100,CYT1,2009-02-28,1
win_100,DAL,2009-02-28,1
win_100,DBI,2009-02-28,1
win_100,DCP,2009-02-28,1
win_100,DD,2009-02-28,1
win_100,DDUP,2009-02-28,2
win_100,DE,2009-02-28,1
win_100,DECK,2009-02-28,1
win_100,DFG,2009-02-28,1
win_100,DFS,2009-02-28,1
win_100,DFT,2009-02-28,1
win_100,DGIT,2009-02-28,2
win_100,DIN,2009-02-28,1
win_100,DIOD,2009-02-28,1
win_100,DLLR,2009-02-28,1
win_100,DLX,2009-02-28,1
win_100,DWA,2009-02-28,2
win_100,DWSN1,2009-02-28,1
win_100,EAC1,2009-02-28,1
win_100,EBAY,2009-02-28,1
win_100,EBIXQ,2009-02-28,2
win_100,ECLP,2009-02-28,1
win_100,EHC,2009-02-28,1
win_100,EL,2009-02-28,2
win_100,ELX,2009-02-28,1
win_100,EMN,2009-02-28,1
win_100,ENOC,2009-02-28,1
win_100,ENS,2009-02-28,1
win_100,EPE1,2009-02-28,2
win_100,ESC,2009-02-28,1
win_100,ESND,2009-02-28,1
win_100,EVEPQ,2009-02-28,1
win_100,EVR,2009-02-28,1
win_100,EVVV,2009-02-28,1
win_100,EWBC,2009-02-28,1
win_100,EXPE,2009-02-28,1
win_100,FARO,2009-02-28,1
win_100,FCL1,2009-02-28,1
win_100,FCX,2009-02-28,1
win_100,FFBC,2009-02-28,1
win_100,FFIV,2009-02-28,2
win_100,FGXI,2009-02-28,1
win_100,FICO,2009-02-28,1
win_100,FLS,2009-02-28,1
win_100,FOSL,2009-02-28,1
win_100,FTI1,2009-02-28,1
win_100,GAP,2009-02-28,2
win_100,GDI1,2009-02-28,1
win_100,GEL,2009-02-28,1
win_100,GES,2009-02-28,1
win_100,GIFI,2009-02-28,1
win_100,GL,2009-02-28,1
win_100,GMCR,2009-02-28,2
win_100,GNTX,2009-02-28,1
win_100,GPI,2009-02-28,1
win_100,GR,2009-02-28,2
win_100,GRA,2009-02-28,1
win_100,GSIC,2009-02-28,1
win_100,GTI1,2009-02-28,1
win_100,GTLS,2009-02-28,1
win_100,HAR,2009-02-28,1
win_100,HAYN,2009-02-28,1
win_100,HBI,2009-02-28,1
win_100,HELE,2009-02-28,1
win_100,HGGGQ,2009-02-28,2
win_100,HHS,2009-02-28,1
win_100,HIG,2009-02-28,1
win_100,HLF,2009-02-28,1
win_100,HNI,2009-02-28,1
win_100,HOG,2009-02-28,1
win_100,HOT,2009-02-28,1
win_100,HPY,2009-02-28,1
win_100,HRC,2009-02-28,1
win_100,HS,2009-02-28,1
win_100,HSP,2009-02-28,2
win_100,HWM,2009-02-28,1
win_100,IBI,2009-02-28,1
win_100,IBOC,2009-02-28,1
win_100,IGT1,2009-02-28,1
win_100,INVX,2009-02-28,1
win_100,IP,2009-02-28,1
win_100,IPHS,2009-02-28,1
win_100,ISRG,2009-02-28,2
win_100,IT,2009-02-28,1
win_100,ITWO1,2009-02-28,1
win_100,JAH,2009-02-28,1
win_100,JAS,2009-02-28,1
win_100,JCG,2009-02-28,1
win_100,JCI,2009-02-28,1
win_100,JDAS,2009-02-28,1
win_100,JEF1,2009-02-28,1
win_100,JLL,2009-02-28,1
win_100,JOY,2009-02-28,1
win_100,JWN,2009-02-28,1
win_100,KAMN,2009-02-28,1
win_100,KELYA,2009-02-28,1
win_100,KFRC,2009-02-28,1
win_100,KMPR,2009-02-28,1
win_100,KMX,2009-02-28,1
win_100,KOP,2009-02-28,1
win_100,KWKAQ,2009-02-28,1
win_100,LBTYA,2009-02-28,1
win_100,LCII,2009-02-28,1
win_100,LDSH,2009-02-28,1
win_100,LEN,2009-02-28,1
win_100,LFUS,2009-02-28,1
win_100,LGCYQ,2009-02-28,1
win_100,LM,2009-02-28,1
win_100,LNC,2009-02-28,1
win_100,LNY,2009-02-28,1
win_100,LTM1,2009-02-28,1
win_100,LUFK,2009-02-28,1
win_100,LULU,2009-02-28,1
win_100,LUV,2009-02-28,1
win_100,LZ1,2009-02-28,1
win_100,M,2009-02-28,1
win_100,MAGN,2009-02-28,1
win_100,MAS,2009-02-28,1
win_100,MATV,2009-02-28,2
win_100,MDP,2009-02-28,1
win_100,MDRX,2009-02-28,2
win_100,MDVN,2009-02-28,2
win_100,MEE,2009-02-28,1
win_100,MET,2009-02-28,1
win_100,MFW,2009-02-28,1
win_100,MHK,2009-02-28,1
win_100,MIDD,2009-02-28,1
win_100,MOV,2009-02-28,1
win_100,MRVL,2009-02-28,2
win_100,MRX1,2009-02-28,1
win_100,MSTR,2009-02-28,1
win_100,MTB,2009-02-28,1
win_100,MTH,2009-02-28,1
win_100,MV,2009-02-28,2
win_100,MVL,2009-02-28,2
win_100,MWE,2009-02-28,1
win_100,MWV,2009-02-28,1
win_100,MWW,2009-02-28,1
win_100,MXWL,2009-02-28,1
win_100,NBR,2009-02-28,1
win_100,NC,2009-02-28,1
win_100,NDN,2009-02-28,2
win_100,NDSN,2009-02-28,1
win_100,NETL1,2009-02-28,2
win_100,NEU,2009-02-28,1
win_100,NFX1,2009-02-28,1
win_100,NGLS,2009-02-28,1
win_100,NIHDQ,2009-02-28,1
win_100,NILE1,2009-02-28,1
win_100,NLC,2009-02-28,1
win_100,NNI,2009-02-28,1
win_100,NOVN1,2009-02-28,1
win_100,NTAP,2009-02-28,2
win_100,NTG1,2009-02-28,1
win_100,NTGR,2009-02-28,1
win_100,NTY,2009-02-28,1
win_100,NUS,2009-02-28,2
win_100,NVR,2009-02-28,2
win_100,NWL,2009-02-28,1
win_100,NX,2009-02-28,1
win_100,OC,2009-02-28,1
win_100,OFIX,2009-02-28,1
win_100,OIS,2009-02-28,1
win_100,OKE,2009-02-28,1
win_100,OMG,2009-02-28,1
win_100,OSK,2009-02-28,1
win_100,OVTI,2009-02-28,1
win_100,PAG,2009-02-28,1
win_100,PBG,2009-02-28,2
win_100,PCP,2009-02-28,2
win_100,PEGA,2009-02-28,2
win_100,PER1,2009-02-28,2
win_100,PFCB,2009-02-28,2
win_100,PFG,2009-02-28,1
win_100,PII,2009-02-28,1
win_100,PKG,2009-02-28,1
win_100,PLCE,2009-02-28,1
win_100,PLXS,2009-02-28,1
win_100,PODD,2009-02-28,1
win_100,POLY,2009-02-28,1
win_100,PPG,2009-02-28,2
win_100,PRAA,2009-02-28,1
win_100,PRGO,2009-02-28,2
win_100,PRU,2009-02-28,1
win_100,PRXL,2009-02-28,1
win_100,PSS,2009-02-28,1
win_100,PTC,2009-02-28,1
win_100,PVH,2009-02-28,1
win_100,PXD,2009-02-28,1
win_100,RAMP,2009-02-28,1
win_100,RCL,2009-02-28,1
win_100,RDC,2009-02-28,1
win_100,RDEN,2009-02-28,1
win_100,RES,2009-02-28,1
win_100,RGP1,2009-02-28,1
win_100,RHT,2009-02-28,2
win_100,RL,2009-02-28,2
win_100,RMBS,2009-02-28,1
win_100,ROC1,2009-02-28,1
win_100,ROK,2009-02-28,1
win_100,ROSE1,2009-02-28,1
win_100,RRD,2009-02-28,1
win_100,RSHCQ,2009-02-28,1
win_100,RTI,2009-02-28,1
win_100,RVBD,2009-02-28,2
win_100,SBUX,2009-02-28,1
win_100,SCCO,2009-02-28,1
win_100,SCHL,2009-02-28,1
win_100,SDXC,2009-02-28,1
win_100,SFD1,2009-02-28,1
win_100,SFG,2009-02-28,1
win_100,SFLY,2009-02-28,1
win_100,SFSF,2009-02-28,1
win_100,SFYWQ,2009-02-28,1
win_100,SGI,2009-02-28,1
win_100,SHLDQ,2009-02-28,1
win_100,SHOO,2009-02-28,2
win_100,SHS,2009-02-28,1
win_100,SIRO,2009-02-28,1
win_100,SIVBQ,2009-02-28,1
win_100,SKX,2009-02-28,1
win_100,SLAB,2009-02-28,2
win_100,SLXP,2009-02-28,1
win_100,SM,2009-02-28,1
win_100,SNDK1,2009-02-28,1
win_100,STAR1,2009-02-28,2
win_100,STLD,2009-02-28,1
win_100,SVVS,2009-02-28,1
win_100,SWK,2009-02-28,1
win_100,SWKS,2009-02-28,1
win_100,SXI,2009-02-28,1
win_100,TAL1,2009-02-28,1
win_100,TECD,2009-02-28,1
win_100,TEL,2009-02-28,1
win_100,TEX,2009-02-28,1
win_100,TFCF,2009-02-28,1
win_100,THO,2009-02-28,1
win_100,TIE,2009-02-28,1
win_100,TIF,2009-02-28,1
win_100,TIVO,2009-02-28,2
win_100,TKR,2009-02-28,1
win_100,TLRDQ,2009-02-28,1
win_100,TNC,2009-02-28,1
win_100,TNS,2009-02-28,1
win_100,TPR,2009-02-28,1
win_100,TREX,2009-02-28,1
win_100,TRLG,2009-02-28,1
win_100,TRN,2009-02-28,1
win_100,TROW,2009-02-28,1
win_100,TSN,2009-02-28,1
win_100,TT,2009-02-28,1
win_100,TTC,2009-02-28,1
win_100,TTEC,2009-02-28,1
win_100,TTES,2009-02-28,1
win_100,TUPBQ,2009-02-28,1
win_100,TWC,2009-02-28,2
win_100,TXI,2009-02-28,1
win_100,TXT,2009-02-28,1
win_100,UAM,2009-02-28,1
win_100,ULTA,2009-02-28,1
win_100,ULTI1,2009-02-28,1
win_100,UNF,2009-02-28,1
win_100,UNM,2009-02-28,1
win_100,UNTCQ,2009-02-28,1
win_100,USG1,2009-02-28,1
win_100,UTI,2009-02-28,2
win_100,VARI,2009-02-28,1
win_100,VIGN,2009-02-28,1
win_100,VLCM,2009-02-28,1
win_100,VLTR,2009-02-28,2
win_100,VMW,2009-02-28,2
win_100,VRUS1,2009-02-28,1
win_100,VRX1,2009-02-28,2
win_100,WBC,2009-02-28,1
win_100,WBD,2009-02-28,2
win_100,WCRX,2009-02-28,2
win_100,WDC,2009-02-28,1
win_100,WDR,2009-02-28,1
win_100,WFC,2009-02-28,1
win_100,WFM,2009-02-28,1
win_100,WGRP,2009-02-28,1
win_100,WHR,2009-02-28,1
win_100,WLL2,2009-02-28,1
win_100,WLTGQ,2009-02-28,1
win_100,WMS1,2009-02-28,2
win_100,WOLF2,2009-02-28,2
win_100,WOR,2009-02-28,1
win_100,WPZ1,2009-02-28,1
win_100,WRLD,2009-02-28,1
win_100,WSM,2009-02-28,1
win_100,WTFC,2009-02-28,1
win_100,WYNN,2009-02-28,1
win_100,X,2009-02-28,1
win_100,XCOOQ,2009-02-28,1
win_100,XEC,2009-02-28,1
win_100,ZEP,2009-02-28,1
win_100,ZEUS,2009-02-28,1
win_100,ZRAN,2009-02-28,1
win_100,A,2009-03-31,1
win_100,AAPL,2009-03-31,2
win_100,AAWW,2009-03-31,1
win_100,AB,2009-03-31,1
win_100,ACF,2009-03-31,1
win_100,AEIS,2009-03-31,1
win_100,AES,2009-03-31,1
win_100,AFL,2009-03-31,1
win_100,AGO,2009-03-31,1
win_100,AHGP,2009-03-31,2
win_100,AIRM,2009-03-31,1
win_100,AKS,2009-03-31,1
win_100,ALC1,2009-03-31,1
win_100,ALGN,2009-03-31,1
win_100,ALK,2009-03-31,1
win_100,ALV,2009-03-31,1
win_100,AM1,2009-03-31,1
win_100,AMED,2009-03-31,2
win_100,AMP,2009-03-31,1
win_100,ANDE,2009-03-31,1
win_100,ANN,2009-03-31,1
win_100,ANRZQ,2009-03-31,1
win_100,ANVGQ,2009-03-31,1
win_100,AOS,2009-03-31,1
win_100,APAGF,2009-03-31,1
win_100,APKT,2009-03-31,1
win_100,ARST,2009-03-31,2
win_100,ASH,2009-03-31,1
win_100,ASNAQ,2009-03-31,2
win_100,ATHR1,2009-03-31,1
win_100,ATI,2009-03-31,1
win_100,ATLS2,2009-03-31,1
win_100,ATN,2009-03-31,1
win_100,ATNI,2009-03-31,1
win_100,ATPAQ,2009-03-31,1
win_100,ATW,2009-03-31,1
win_100,AVCT1,2009-03-31,1
win_100,AVTA,2009-03-31,1
win_100,AWI,2009-03-31,1
win_100,AXP,2009-03-31,1
win_100,BA,2009-03-31,1
win_100,BAC,2009-03-31,1
win_100,BBEPQ,2009-03-31,1
win_100,BBWI,2009-03-31,1
win_100,BCSI,2009-03-31,1
win_100,BDC,2009-03-31,1
win_100,BDK,2009-03-31,1
win_100,BEAM2,2009-03-31,1
win_100,BEAV,2009-03-31,1
win_100,BEN,2009-03-31,1
win_100,BEZ1,2009-03-31,1
win_100,BGH1,2009-03-31,2
win_100,BH,2009-03-31,1
win_100,BID1,2009-03-31,1
win_100,BJS,2009-03-31,1
win_100,BKD,2009-03-31,1
win_100,BKNG,2009-03-31,2
win_100,BLKB,2009-03-31,1
win_100,BRKR,2009-03-31,1
win_100,BRLI1,2009-03-31,2
win_100,BRY1,2009-03-31,1
win_100,BUCY,2009-03-31,1
win_100,BX,2009-03-31,1
win_100,BYI,2009-03-31,1
win_100,CAKE,2009-03-31,1
win_100,CAL1,2009-03-31,1
win_100,CAT,2009-03-31,1
win_100,CAVM,2009-03-31,2
win_100,CBI,2009-03-31,1
win_100,CBT,2009-03-31,1
win_100,CCE1,2009-03-31,2
win_100,CE,2009-03-31,1
win_100,CEDCQ,2009-03-31,1
win_100,CETV,2009-03-31,1
win_100,CGX,2009-03-31,1
win_100,CHIC1,2009-03-31,1
win_100,CHS,2009-03-31,1
win_100,CHSI,2009-03-31,2
win_100,CI,2009-03-31,1
win_100,CKP,2009-03-31,1
win_100,CLF,2009-03-31,1
win_100,CLNE,2009-03-31,1
win_100,CLR,2009-03-31,1
win_100,CMA,2009-03-31,1
win_100,CMI,2009-03-31,1
win_100,CMPR,2009-03-31,2
win_100,CNA,2009-03-31,1
win_100,CNK,2009-03-31,1
win_100,CNQR,2009-03-31,2
win_100,CNS,2009-03-31,1
win_100,CNSL,2009-03-31,1
win_100,COF,2009-03-31,1
win_100,CPHD,2009-03-31,1
win_100,CPNO,2009-03-31,1
win_100,CQB,2009-03-31,1
win_100,CRM,2009-03-31,2
win_100,CRRTQ,2009-03-31,2
win_100,CRS,2009-03-31,1
win_100,CRZO,2009-03-31,1
win_100,CSH1,2009-03-31,1
win_100,CSX,2009-03-31,1
win_100,CTRX,2009-03-31,2
win_100,CTSH,2009-03-31,2
win_100,CTV1,2009-03-31,1
win_100,CTXS,2009-03-31,2
win_100,CVC,2009-03-31,1
win_100,CXT,2009-03-31,1
win_100,CYH,2009-03-31,1
win_100,CYT1,2009-03-31,1
win_100,DAL,2009-03-31,1
win_100,DBI,2009-03-31,1
win_100,DCP,2009-03-31,1
win_100,DD,2009-03-31,1
win_100,DDS,2009-03-31,1
win_100,DDUP,2009-03-31,2
win_100,DECK,2009-03-31,1
win_100,DFS,2009-03-31,1
win_100,DFT,2009-03-31,1
win_100,DIN,2009-03-31,1
win_100,DIOD,2009-03-31,1
win_100,DISH,2009-03-31,1
win_100,DLLR,2009-03-31,1
win_100,DLM,2009-03-31,2
win_100,DLX,2009-03-31,1
win_100,DPZ,2009-03-31,1
win_100,DWSN1,2009-03-31,1
win_100,EAC1,2009-03-31,1
win_100,EBAY,2009-03-31,1
win_100,EHC,2009-03-31,1
win_100,EL,2009-03-31,2
win_100,ELX,2009-03-31,1
win_100,EMN,2009-03-31,1
win_100,ENOC,2009-03-31,1
win_100,ENS,2009-03-31,1
win_100,EPE1,2009-03-31,2
win_100,ESC,2009-03-31,1
win_100,ESL,2009-03-31,1
win_100,ESND,2009-03-31,1
win_100,ESRX,2009-03-31,2
win_100,ETN,2009-03-31,1
win_100,EVEPQ,2009-03-31,1
win_100,EVVV,2009-03-31,1
win_100,EXPE,2009-03-31,1
win_100,FCL1,2009-03-31,1
win_100,FCX,2009-03-31,1
win_100,FDML,2009-03-31,1
win_100,FDX,2009-03-31,1
win_100,FFIV,2009-03-31,2
win_100,FINL,2009-03-31,1
win_100,FOR,2009-03-31,1
win_100,FOSL,2009-03-31,1
win_100,FSYS,2009-03-31,1
win_100,FTI1,2009-03-31,2
win_100,GDI1,2009-03-31,1
win_100,GEL,2009-03-31,1
win_100,GES,2009-03-31,2
win_100,GHM,2009-03-31,1
win_100,GIFI,2009-03-31,1
win_100,GL,2009-03-31,1
win_100,GLAD,2009-03-31,1
win_100,GLBC,2009-03-31,1
win_100,GMCR,2009-03-31,2
win_100,GNTX,2009-03-31,1
win_100,GPI,2009-03-31,1
win_100,GRA,2009-03-31,1
win_100,GSIC,2009-03-31,2
win_100,GT,2009-03-31,1
win_100,GTI1,2009-03-31,1
win_100,GTLS,2009-03-31,1
win_100,GYMB,2009-03-31,1
win_100,HAR,2009-03-31,1
win_100,HAYN,2009-03-31,1
win_100,HBI,2009-03-31,1
win_100,HEI,2009-03-31,1
win_100,HHS,2009-03-31,1
win_100,HIG,2009-03-31,1
win_100,HLF,2009-03-31,1
win_100,HNI,2009-03-31,1
win_100,HOG,2009-03-31,1
win_100,HOS,2009-03-31,1
win_100,HOT,2009-03-31,1
win_100,HPY,2009-03-31,1
win_100,HRC,2009-03-31,1
win_100,HS,2009-03-31,1
win_100,HTGC,2009-03-31,1
win_100,HXL,2009-03-31,1
win_100,IBI,2009-03-31,1
win_100,IBOC,2009-03-31,1
win_100,IGT1,2009-03-31,1
win_100,INFA1,2009-03-31,2
win_100,IP,2009-03-31,1
win_100,IPCS,2009-03-31,1
win_100,IPHS,2009-03-31,1
win_100,IPSU,2009-03-31,1
win_100,ISRG,2009-03-31,2
win_100,IT,2009-03-31,1
win_100,ITMN,2009-03-31,2
win_100,ITWO1,2009-03-31,1
win_100,JAH,2009-03-31,1
win_100,JAS,2009-03-31,1
win_100,JBL,2009-03-31,1
win_100,JCG,2009-03-31,1
win_100,JCI,2009-03-31,1
win_100,JDAS,2009-03-31,1
win_100,JLL,2009-03-31,1
win_100,JNPR,2009-03-31,2
win_100,JNS,2009-03-31,1
win_100,JOY,2009-03-31,1
win_100,JWN,2009-03-31,1
win_100,KAMN,2009-03-31,1
win_100,KCI,2009-03-31,1
win_100,KDP,2009-03-31,1
win_100,KELYA,2009-03-31,1
win_100,KFRC,2009-03-31,1
win_100,KMPR,2009-03-31,1
win_100,KMX,2009-03-31,2
win_100,KOP,2009-03-31,1
win_100,KSU,2009-03-31,1
win_100,KWKAQ,2009-03-31,1
win_100,LBTYA,2009-03-31,1
win_100,LCII,2009-03-31,1
win_100,LDSH,2009-03-31,1
win_100,LEN,2009-03-31,1
win_100,LFUS,2009-03-31,1
win_100,LGCYQ,2009-03-31,1
win_100,LLFLQ,2009-03-31,2
win_100,LNC,2009-03-31,1
win_100,LNCR,2009-03-31,2
win_100,LTM1,2009-03-31,1
win_100,LUFK,2009-03-31,1
win_100,LULU,2009-03-31,1
win_100,LUV,2009-03-31,1
win_100,LXK,2009-03-31,1
win_100,LZ1,2009-03-31,1
win_100,M,2009-03-31,1
win_100,MAGN,2009-03-31,1
win_100,MAS,2009-03-31,1
win_100,MAT,2009-03-31,2
win_100,MATV,2009-03-31,1
win_100,MDP,2009-03-31,1
win_100,MDRIQ,2009-03-31,1
win_100,MEDX1,2009-03-31,1
win_100,MEE,2009-03-31,1
win_100,MHO,2009-03-31,1
win_100,MLNX,2009-03-31,1
win_100,MPS,2009-03-31,1
win_100,MRVL,2009-03-31,2
win_100,MRX1,2009-03-31,1
win_100,MSCI,2009-03-31,2
win_100,MSTR,2009-03-31,1
win_100,MTD,2009-03-31,2
win_100,MVL,2009-03-31,2
win_100,MWE,2009-03-31,1
win_100,MWV,2009-03-31,1
win_100,MWW,2009-03-31,1
win_100,NC,2009-03-31,1
win_100,NDSN,2009-03-31,1
win_100,NETL1,2009-03-31,2
win_100,NEU,2009-03-31,1
win_100,NFX1,2009-03-31,1
win_100,NGLS,2009-03-31,1
win_100,NIHDQ,2009-03-31,1
win_100,NKTR,2009-03-31,2
win_100,NNI,2009-03-31,1
win_100,NTAP,2009-03-31,2
win_100,NTCT,2009-03-31,1
win_100,NTG1,2009-03-31,1
win_100,NTGR,2009-03-31,1
win_100,NTY,2009-03-31,1
win_100,NUS,2009-03-31,2
win_100,NWL,2009-03-31,1
win_100,NX,2009-03-31,1
win_100,OC,2009-03-31,1
win_100,OI,2009-03-31,1
win_100,OIS,2009-03-31,1
win_100,OKE,2009-03-31,1
win_100,OSK,2009-03-31,1
win_100,OVTI,2009-03-31,1
win_100,PAY2,2009-03-31,1
win_100,PCP,2009-03-31,2
win_100,PER1,2009-03-31,2
win_100,PFG,2009-03-31,1
win_100,PII,2009-03-31,1
win_100,PL1,2009-03-31,1
win_100,PLCE,2009-03-31,1
win_100,PLL1,2009-03-31,2
win_100,PLXS,2009-03-31,1
win_100,PNC,2009-03-31,1
win_100,POLY,2009-03-31,1
win_100,POWI,2009-03-31,2
win_100,PRAA,2009-03-31,1
win_100,PRGO,2009-03-31,2
win_100,PRU,2009-03-31,1
win_100,PRX,2009-03-31,1
win_100,PRXL,2009-03-31,1
win_100,PSS,2009-03-31,1
win_100,PVAHQ,2009-03-31,1
win_100,PVH,2009-03-31,1
win_100,PVR,2009-03-31,1
win_100,PXD,2009-03-31,1
win_100,RAMP,2009-03-31,1
win_100,RAX,2009-03-31,1
win_100,RBC,2009-03-31,1
win_100,RCL,2009-03-31,1
win_100,RDC,2009-03-31,1
win_100,RL,2009-03-31,2
win_100,RMBS,2009-03-31,1
win_100,RNOW,2009-03-31,1
win_100,ROC1,2009-03-31,1
win_100,ROK,2009-03-31,1
win_100,RRD,2009-03-31,1
win_100,RSHCQ,2009-03-31,1
win_100,RTI,2009-03-31,1
win_100,RVBD,2009-03-31,2
win_100,SAM,2009-03-31,1
win_100,SBUX,2009-03-31,2
win_100,SCL,2009-03-31,1
win_100,SCU,2009-03-31,1
win_100,SDXC,2009-03-31,1
win_100,SFD1,2009-03-31,1
win_100,SFG,2009-03-31,1
win_100,SFLY,2009-03-31,2
win_100,SFSF,2009-03-31,1
win_100,SFYWQ,2009-03-31,1
win_100,SGI,2009-03-31,1
win_100,SHLDQ,2009-03-31,1
win_100,SHOO,2009-03-31,2
win_100,SII1,2009-03-31,1
win_100,SIRO,2009-03-31,1
win_100,SIVBQ,2009-03-31,1
win_100,SKX,2009-03-31,1
win_100,SLXP,2009-03-31,2
win_100,SM,2009-03-31,1
win_100,SNDK1,2009-03-31,1
win_100,SPR,2009-03-31,1
win_100,STAR1,2009-03-31,2
win_100,STI1,2009-03-31,1
win_100,STLD,2009-03-31,1
win_100,STX,2009-03-31,1
win_100,SVVS,2009-03-31,1
win_100,SWK,2009-03-31,2
win_100,TAL1,2009-03-31,1
win_100,TEL,2009-03-31,1
win_100,TEX,2009-03-31,1
win_100,TFC,2009-03-31,1
win_100,TFCF,2009-03-31,1
win_100,TIE,2009-03-31,1
win_100,TIF,2009-03-31,1
win_100,TIN,2009-03-31,1
win_100,TIVO,2009-03-31,2
win_100,TIVO1,2009-03-31,2
win_100,TKR,2009-03-31,1
win_100,TNC,2009-03-31,1
win_100,TNS,2009-03-31,1
win_100,TPR,2009-03-31,1
win_100,TRA,2009-03-31,2
win_100,TREX,2009-03-31,1
win_100,TRLG,2009-03-31,1
win_100,TRN,2009-03-31,1
win_100,TSN,2009-03-31,1
win_100,TT,2009-03-31,1
win_100,TTC,2009-03-31,1
win_100,TTES,2009-03-31,1
win_100,TUPBQ,2009-03-31,1
win_100,TWC,2009-03-31,1
win_100,TWTC,2009-03-31,1
win_100,TXT,2009-03-31,1
win_100,TYC,2009-03-31,1
win_100,ULTA,2009-03-31,1
win_100,UNM,2009-03-31,1
win_100,UNTCQ,2009-03-31,1
win_100,URBN,2009-03-31,2
win_100,USG1,2009-03-31,1
win_100,VARI,2009-03-31,1
win_100,VECO,2009-03-31,1
win_100,VIGN,2009-03-31,1
win_100,VLCM,2009-03-31,1
win_100,VLTR,2009-03-31,1
win_100,VMW,2009-03-31,2
win_100,VPHM,2009-03-31,1
win_100,VRUS1,2009-03-31,1
win_100,VRX1,2009-03-31,2
win_100,VTIV,2009-03-31,1
win_100,WBC,2009-03-31,1
win_100,WBD,2009-03-31,2
win_100,WBMD,2009-03-31,2
win_100,WCRX,2009-03-31,2
win_100,WDC,2009-03-31,1
win_100,WDR,2009-03-31,1
win_100,WFC,2009-03-31,1
win_100,WFM,2009-03-31,2
win_100,WGO,2009-03-31,1
win_100,WHR,2009-03-31,1
win_100,WLL2,2009-03-31,1
win_100,WLTGQ,2009-03-31,1
win_100,WMB,2009-03-31,1
win_100,WMS1,2009-03-31,2
win_100,WOLF2,2009-03-31,2
win_100,WOR,2009-03-31,1
win_100,WPZ1,2009-03-31,1
win_100,WRLD,2009-03-31,1
win_100,WSM,2009-03-31,1
win_100,WTFC,2009-03-31,1
win_100,WTM,2009-03-31,1
win_100,WWD,2009-03-31,1
win_100,WYNN,2009-03-31,1
win_100,X,2009-03-31,1
win_100,XEC,2009-03-31,1
win_100,XL1,2009-03-31,1
win_100,ZEP,2009-03-31,1
win_100,ZEUS,2009-03-31,1
win_100,ZINCQ,2009-03-31,1
win_100,ZION,2009-03-31,1
win_100,ZUMZ,2009-03-31,1
win_100,AAPL,2009-04-30,2
win_100,AAWW,2009-04-30,1
win_100,ACF,2009-04-30,1
win_100,AF,2009-04-30,1
win_100,AGO,2009-04-30,1
win_100,AIMC,2009-04-30,1
win_100,ALK,2009-04-30,1
win_100,ALV,2009-04-30,1
win_100,AM1,2009-04-30,1
win_100,AMCC,2009-04-30,1
win_100,ANDE,2009-04-30,1
win_100,ANN,2009-04-30,1
win_100,ANRZQ,2009-04-30,1
win_100,ANVGQ,2009-04-30,1
win_100,APKT,2009-04-30,2
win_100,ARCC,2009-04-30,1
win_100,ASH,2009-04-30,1
win_100,ATHR1,2009-04-30,1
win_100,ATLS2,2009-04-30,1
win_100,ATNI,2009-04-30,1
win_100,ATPAQ,2009-04-30,1
win_100,AWI,2009-04-30,1
win_100,BAC,2009-04-30,1
win_100,BBEPQ,2009-04-30,1
win_100,BBWI,2009-04-30,1
win_100,BC,2009-04-30,1
win_100,BCSI,2009-04-30,1
win_100,BEAV,2009-04-30,1
win_100,BEL,2009-04-30,1
win_100,BGFV,2009-04-30,1
win_100,BID1,2009-04-30,1
win_100,BKD,2009-04-30,1
win_100,BKNG,2009-04-30,2
win_100,BRKR,2009-04-30,1
win_100,BUCY,2009-04-30,1
win_100,BWY1,2009-04-30,1
win_100,CAL,2009-04-30,1
win_100,CAL1,2009-04-30,1
win_100,CAVM,2009-04-30,2
win_100,CBI,2009-04-30,1
win_100,CBRE,2009-04-30,1
win_100,CBT,2009-04-30,1
win_100,CETV,2009-04-30,1
win_100,CGX,2009-04-30,1
win_100,CLF,2009-04-30,1
win_100,CLMT,2009-04-30,1
win_100,CLNE,2009-04-30,1
win_100,CLR,2009-04-30,1
win_100,CMA,2009-04-30,1
win_100,CMI,2009-04-30,1
win_100,CNA,2009-04-30,1
win_100,CNK,2009-04-30,1
win_100,COF,2009-04-30,1
win_100,COLB,2009-04-30,1
win_100,CPHD,2009-04-30,1
win_100,CPX,2009-04-30,1
win_100,CRRTQ,2009-04-30,2
win_100,CTB,2009-04-30,1
win_100,CTCM,2009-04-30,1
win_100,CTRX,2009-04-30,2
win_100,CTSH,2009-04-30,2
win_100,CXO,2009-04-30,2
win_100,CYT1,2009-04-30,1
win_100,DBI,2009-04-30,1
win_100,DCP,2009-04-30,1
win_100,DDRX,2009-04-30,1
win_100,DDS,2009-04-30,1
win_100,DDUP,2009-04-30,2
win_100,DECK,2009-04-30,1
win_100,DFT,2009-04-30,1
win_100,DLLR,2009-04-30,1
win_100,DLM,2009-04-30,2
win_100,DNDNQ,2009-04-30,2
win_100,EBF,2009-04-30,1
win_100,EHC,2009-04-30,1
win_100,EIG,2009-04-30,1
win_100,EL,2009-04-30,2
win_100,ESC,2009-04-30,1
win_100,ESL,2009-04-30,1
win_100,EVEPQ,2009-04-30,1
win_100,EVVV,2009-04-30,1
win_100,EWBC,2009-04-30,1
win_100,F,2009-04-30,1
win_100,FCL1,2009-04-30,1
win_100,FFG,2009-04-30,1
win_100,FFIV,2009-04-30,2
win_100,FIRE,2009-04-30,2
win_100,FSYS,2009-04-30,1
win_100,GLAD,2009-04-30,1
win_100,GLBC,2009-04-30,1
win_100,GRA,2009-04-30,1
win_100,HAR,2009-04-30,1
win_100,HIG,2009-04-30,1
win_100,HLF,2009-04-30,1
win_100,HMN,2009-04-30,1
win_100,HNI,2009-04-30,1
win_100,HOT,2009-04-30,1
win_100,HPY,2009-04-30,1
win_100,HRC,2009-04-30,1
win_100,HTGC,2009-04-30,1
win_100,HTZGQ,2009-04-30,1
win_100,HUN,2009-04-30,1
win_100,IMAX,2009-04-30,1
win_100,IP,2009-04-30,1
win_100,IPSU,2009-04-30,1
win_100,ISRG,2009-04-30,2
win_100,ITMN,2009-04-30,2
win_100,ITWO1,2009-04-30,1
win_100,JAS,2009-04-30,2
win_100,JCG,2009-04-30,1
win_100,JDAS,2009-04-30,2
win_100,JLL,2009-04-30,1
win_100,JNY,2009-04-30,1
win_100,JOY,2009-04-30,1
win_100,KSU,2009-04-30,1
win_100,KWR,2009-04-30,1
win_100,LDSH,2009-04-30,1
win_100,LEN,2009-04-30,1
win_100,LFUS,2009-04-30,1
win_100,LGCYQ,2009-04-30,1
win_100,LLFLQ,2009-04-30,2
win_100,LNC,2009-04-30,1
win_100,LNY,2009-04-30,1
win_100,LUFK,2009-04-30,1
win_100,LULU,2009-04-30,1
win_100,LVS,2009-04-30,1
win_100,LZ1,2009-04-30,2
win_100,MATV,2009-04-30,2
win_100,ME1,2009-04-30,1
win_100,MED,2009-04-30,2
win_100,MEDX1,2009-04-30,1
win_100,MEE,2009-04-30,1
win_100,MLNX,2009-04-30,2
win_100,MMR,2009-04-30,1
win_100,MTD,2009-04-30,2
win_100,MTW,2009-04-30,1
win_100,MWE,2009-04-30,1
win_100,NC,2009-04-30,1
win_100,NDSN,2009-04-30,1
win_100,NFLX,2009-04-30,2
win_100,NFP,2009-04-30,1
win_100,NGLS,2009-04-30,1
win_100,NIHDQ,2009-04-30,1
win_100,NKTR,2009-04-30,2
win_100,NNI,2009-04-30,1
win_100,NOG,2009-04-30,1
win_100,NSIT,2009-04-30,1
win_100,NUS,2009-04-30,2
win_100,ODSY,2009-04-30,2
win_100,OFIX,2009-04-30,1
win_100,OIS,2009-04-30,1
win_100,OMX,2009-04-30,1
win_100,OSK,2009-04-30,1
win_100,OXM,2009-04-30,1
win_100,PAY2,2009-04-30,1
win_100,PBT,2009-04-30,1
win_100,PCXCQ,2009-04-30,1
win_100,PER1,2009-04-30,2
win_100,PL1,2009-04-30,1
win_100,PODD,2009-04-30,1
win_100,POLY,2009-04-30,1
win_100,PPO,2009-04-30,1
win_100,PRGO,2009-04-30,2
win_100,PRU,2009-04-30,1
win_100,PRX,2009-04-30,1
win_100,PRXL,2009-04-30,1
win_100,PSKY,2009-04-30,1
win_100,PVH,2009-04-30,1
win_100,PXD,2009-04-30,1
win_100,QVCAQ,2009-04-30,1
win_100,RCL,2009-04-30,1
win_100,RDEN,2009-04-30,1
win_100,RMBS,2009-04-30,1
win_100,RNOW,2009-04-30,1
win_100,ROC1,2009-04-30,1
win_100,ROCK,2009-04-30,1
win_100,ROSE1,2009-04-30,1
win_100,RTI,2009-04-30,1
win_100,SAH,2009-04-30,1
win_100,SAM,2009-04-30,1
win_100,SAPE,2009-04-30,1
win_100,SCU,2009-04-30,1
win_100,SFD1,2009-04-30,1
win_100,SFSF,2009-04-30,1
win_100,SFYWQ,2009-04-30,1
win_100,SGI,2009-04-30,2
win_100,SIRO,2009-04-30,1
win_100,SIVBQ,2009-04-30,1
win_100,SKX,2009-04-30,1
win_100,SLXP,2009-04-30,2
win_100,SM,2009-04-30,1
win_100,SNDK1,2009-04-30,1
win_100,STI1,2009-04-30,1
win_100,STX,2009-04-30,1
win_100,SVNTQ,2009-04-30,1
win_100,TAL1,2009-04-30,1
win_100,TBHC,2009-04-30,2
win_100,TEG,2009-04-30,1
win_100,TER,2009-04-30,1
win_100,TIE,2009-04-30,1
win_100,TILE,2009-04-30,1
win_100,TIN,2009-04-30,1
win_100,TIVO1,2009-04-30,2
win_100,TKR,2009-04-30,1
win_100,TLEO,2009-04-30,1
win_100,TNC,2009-04-30,1
win_100,TNL,2009-04-30,1
win_100,TRA,2009-04-30,2
win_100,TREX,2009-04-30,1
win_100,TRW,2009-04-30,1
win_100,TTES,2009-04-30,1
win_100,TTI,2009-04-30,1
win_100,TUPBQ,2009-04-30,2
win_100,TWI,2009-04-30,1
win_100,TXT,2009-04-30,1
win_100,ULTA,2009-04-30,1
win_100,URI,2009-04-30,1
win_100,VCI,2009-04-30,1
win_100,VECO,2009-04-30,1
win_100,VLTR,2009-04-30,2
win_100,VMED,2009-04-30,1
win_100,VMW,2009-04-30,2
win_100,VPHM,2009-04-30,1
win_100,VRUS1,2009-04-30,1
win_100,VRX1,2009-04-30,2
win_100,VTIV,2009-04-30,1
win_100,WAC,2009-04-30,1
win_100,WBC,2009-04-30,1
win_100,WBD,2009-04-30,2
win_100,WBS,2009-04-30,1
win_100,WCRX,2009-04-30,2
win_100,WHR,2009-04-30,1
win_100,WLL2,2009-04-30,1
win_100,WLTGQ,2009-04-30,1
win_100,WOLF2,2009-04-30,2
win_100,WPZ1,2009-04-30,1
win_100,WSM,2009-04-30,1
win_100,WTFC,2009-04-30,1
win_100,WYNN,2009-04-30,1
win_100,X,2009-04-30,1
win_100,XEC,2009-04-30,1
win_100,ZION,2009-04-30,1
win_100,AAWW,2009-05-31,1
win_100,AF,2009-05-31,1
win_100,AGM,2009-05-31,1
win_100,ALC1,2009-05-31,1
win_100,ALK,2009-05-31,1
win_100,AM1,2009-05-31,1
win_100,ANN,2009-05-31,1
win_100,ANVGQ,2009-05-31,2
win_100,APKT,2009-05-31,2
win_100,APL,2009-05-31,1
win_100,ARCC,2009-05-31,1
win_100,ARUN,2009-05-31,2
win_100,ASH,2009-05-31,1
win_100,ATHR1,2009-05-31,1
win_100,AWI,2009-05-31,1
win_100,BARE,2009-05-31,1
win_100,BBWI,2009-05-31,1
win_100,BDK,2009-05-31,1
win_100,BID1,2009-05-31,1
win_100,BKI1,2009-05-31,1
win_100,BNE1,2009-05-31,1
win_100,CAL,2009-05-31,1
win_100,CAL1,2009-05-31,1
win_100,CBRE,2009-05-31,1
win_100,CGX,2009-05-31,1
win_100,CLF,2009-05-31,1
win_100,CMI,2009-05-31,1
win_100,COLB,2009-05-31,1
win_100,CRM,2009-05-31,2
win_100,CTRX,2009-05-31,2
win_100,DAL,2009-05-31,1
win_100,DBI,2009-05-31,1
win_100,DDRX,2009-05-31,2
win_100,DDS,2009-05-31,1
win_100,DECK,2009-05-31,1
win_100,DFT,2009-05-31,1
win_100,DGIT,2009-05-31,2
win_100,DLLR,2009-05-31,1
win_100,DTGF,2009-05-31,1
win_100,EVVV,2009-05-31,2
win_100,EWBC,2009-05-31,1
win_100,F,2009-05-31,2
win_100,FFIV,2009-05-31,2
win_100,FINL,2009-05-31,1
win_100,GIII,2009-05-31,1
win_100,GNW,2009-05-31,1
win_100,GPORQ,2009-05-31,1
win_100,GSIC,2009-05-31,2
win_100,HPY,2009-05-31,1
win_100,IFLO1,2009-05-31,1
win_100,IMAX,2009-05-31,2
win_100,ISRG,2009-05-31,2
win_100,JAS,2009-05-31,2
win_100,JLL,2009-05-31,1
win_100,JNY,2009-05-31,1
win_100,JWN,2009-05-31,2
win_100,KNL,2009-05-31,1
win_100,KSU,2009-05-31,1
win_100,KWR,2009-05-31,1
win_100,LDSH,2009-05-31,1
win_100,LFUS,2009-05-31,1
win_100,LGCYQ,2009-05-31,1
win_100,LNCR,2009-05-31,2
win_100,LNY,2009-05-31,1
win_100,LTM1,2009-05-31,1
win_100,LULU,2009-05-31,1
win_100,LVS,2009-05-31,1
win_100,LXK,2009-05-31,1
win_100,LYV,2009-05-31,1
win_100,LZ1,2009-05-31,2
win_100,MATV,2009-05-31,2
win_100,MBFI,2009-05-31,1
win_100,MED,2009-05-31,2
win_100,MEDX1,2009-05-31,1
win_100,MFIC,2009-05-31,1
win_100,NC,2009-05-31,1
win_100,NFLX,2009-05-31,2
win_100,NFP,2009-05-31,1
win_100,NNI,2009-05-31,1
win_100,NP1,2009-05-31,1
win_100,NUS,2009-05-31,2
win_100,OC,2009-05-31,1
win_100,ODSY,2009-05-31,2
win_100,OMX,2009-05-31,1
win_100,OSK,2009-05-31,1
win_100,OXM,2009-05-31,1
win_100,PAY2,2009-05-31,1
win_100,PER1,2009-05-31,2
win_100,PERY,2009-05-31,1
win_100,PODD,2009-05-31,1
win_100,PPO,2009-05-31,1
win_100,PRGO,2009-05-31,2
win_100,PRX,2009-05-31,2
win_100,PRXL,2009-05-31,1
win_100,PSKY,2009-05-31,1
win_100,PXD,2009-05-31,1
win_100,QVCAQ,2009-05-31,1
win_100,RCNI,2009-05-31,1
win_100,RDEN,2009-05-31,1
win_100,REVRQ,2009-05-31,1
win_100,ROSE1,2009-05-31,1
win_100,SAM,2009-05-31,2
win_100,SFSF,2009-05-31,1
win_100,SGI,2009-05-31,2
win_100,SHS,2009-05-31,1
win_100,SKX,2009-05-31,1
win_100,SLXP,2009-05-31,2
win_100,SM,2009-05-31,1
win_100,SNDK1,2009-05-31,1
win_100,STI1,2009-05-31,1
win_100,TAL1,2009-05-31,1
win_100,TBHC,2009-05-31,2
win_100,TEN1,2009-05-31,1
win_100,TNL,2009-05-31,1
win_100,TRA,2009-05-31,2
win_100,TREX,2009-05-31,1
win_100,TRW,2009-05-31,1
win_100,ULTA,2009-05-31,1
win_100,VCI,2009-05-31,1
win_100,VECO,2009-05-31,1
win_100,VIAV,2009-05-31,1
win_100,VMW,2009-05-31,2
win_100,VQ,2009-05-31,1
win_100,VRUS1,2009-05-31,1
win_100,VRX1,2009-05-31,2
win_100,VVUSQ,2009-05-31,1
win_100,WBS,2009-05-31,1
win_100,WFM,2009-05-31,2
win_100,WHR,2009-05-31,1
win_100,WLTGQ,2009-05-31,1
win_100,WOLF2,2009-05-31,2
win_100,WPZ1,2009-05-31,1
win_100,WSM,2009-05-31,1
win_100,WYNN,2009-05-31,1
win_100,XEC,2009-05-31,1
win_100,AAWW,2009-06-30,1
win_100,ABII,2009-06-30,1
win_100,AKAM,2009-06-30,2
win_100,ALC1,2009-06-30,1
win_100,ALK,2009-06-30,1
win_100,ANN,2009-06-30,1
win_100,ANVGQ,2009-06-30,2
win_100,APKT,2009-06-30,2
win_100,BARE,2009-06-30,1
win_100,BDK,2009-06-30,1
win_100,CAL,2009-06-30,1
win_100,CAL1,2009-06-30,1
win_100,CASC1,2009-06-30,1
win_100,CGX,2009-06-30,1
win_100,CPX,2009-06-30,1
win_100,CRM,2009-06-30,2
win_100,CRRTQ,2009-06-30,1
win_100,CTB,2009-06-30,1
win_100,CTRX,2009-06-30,2
win_100,CWEI,2009-06-30,1
win_100,CYT1,2009-06-30,1
win_100,DAL,2009-06-30,1
win_100,DBI,2009-06-30,1
win_100,DDS,2009-06-30,1
win_100,DECK,2009-06-30,2
win_100,DFT,2009-06-30,1
win_100,DTGF,2009-06-30,1
win_100,EVVV,2009-06-30,2
win_100,EWBC,2009-06-30,1
win_100,FFBC,2009-06-30,1
win_100,FFG,2009-06-30,1
win_100,GSIC,2009-06-30,2
win_100,HTWR,2009-06-30,1
win_100,JLL,2009-06-30,1
win_100,KMPR,2009-06-30,1
win_100,KSU,2009-06-30,1
win_100,KWR,2009-06-30,1
win_100,LNCR,2009-06-30,2
win_100,LNY,2009-06-30,1
win_100,LULU,2009-06-30,1
win_100,LVS,2009-06-30,1
win_100,LXK,2009-06-30,1
win_100,MED,2009-06-30,2
win_100,NC,2009-06-30,1
win_100,NFLX,2009-06-30,2
win_100,NGLS,2009-06-30,1
win_100,NOG,2009-06-30,1
win_100,NP1,2009-06-30,1
win_100,NXTM,2009-06-30,1
win_100,OC,2009-06-30,1
win_100,ODSY,2009-06-30,2
win_100,OMX,2009-06-30,1
win_100,OSIP,2009-06-30,2
win_100,OSK,2009-06-30,1
win_100,OVTI,2009-06-30,1
win_100,PAY2,2009-06-30,1
win_100,PER1,2009-06-30,2
win_100,PERY,2009-06-30,1
win_100,PPO,2009-06-30,1
win_100,PRGO,2009-06-30,2
win_100,PXD,2009-06-30,1
win_100,QCOR,2009-06-30,1
win_100,QVCAQ,2009-06-30,1
win_100,RBCN,2009-06-30,1
win_100,RCNI,2009-06-30,1
win_100,REVRQ,2009-06-30,1
win_100,ROSE1,2009-06-30,1
win_100,SAM,2009-06-30,2
win_100,SFSF,2009-06-30,1
win_100,SGI,2009-06-30,2
win_100,SKX,2009-06-30,1
win_100,SLXP,2009-06-30,2
win_100,SNDK1,2009-06-30,1
win_100,SNWL,2009-06-30,1
win_100,SWC,2009-06-30,1
win_100,SWSI,2009-06-30,1
win_100,SY2,2009-06-30,2
win_100,TRA,2009-06-30,1
win_100,TRW,2009-06-30,1
win_100,TTES,2009-06-30,1
win_100,TWLL,2009-06-30,1
win_100,UFS,2009-06-30,1
win_100,ULTA,2009-06-30,2
win_100,VCI,2009-06-30,1
win_100,VECO,2009-06-30,1
win_100,VMW,2009-06-30,2
win_100,VQ,2009-06-30,1
win_100,VRUS1,2009-06-30,1
win_100,VRX1,2009-06-30,2
win_100,WBS,2009-06-30,1
win_100,WHR,2009-06-30,1
win_100,WLL2,2009-06-30,1
win_100,WOLF2,2009-06-30,2
win_100,WPZ1,2009-06-30,1
win_100,WSM,2009-06-30,1
win_100,WTFC,2009-06-30,1
win_100,WYNN,2009-06-30,1
win_100,XEC,2009-06-30,1
win_100,ZUMZ,2009-06-30,1
win_100,AAWW,2009-07-31,1
win_100,ABII,2009-07-31,1
win_100,AGM,2009-07-31,1
win_100,AIG,2009-07-31,1
win_100,AKAM,2009-07-31,2
win_100,ALK,2009-07-31,1
win_100,APKT,2009-07-31,2
win_100,APL,2009-07-31,1
win_100,BARE,2009-07-31,1
win_100,BBWI,2009-07-31,2
win_100,BC,2009-07-31,1
win_100,BUCY,2009-07-31,2
win_100,CAL1,2009-07-31,1
win_100,CGX,2009-07-31,1
win_100,CLF,2009-07-31,1
win_100,CLNE,2009-07-31,1
win_100,CPX,2009-07-31,1
win_100,CQP,2009-07-31,1
win_100,CRM,2009-07-31,2
win_100,CRUS,2009-07-31,1
win_100,CTRX,2009-07-31,2
win_100,CWEI,2009-07-31,1
win_100,DDS,2009-07-31,1
win_100,DECK,2009-07-31,1
win_100,DFT,2009-07-31,1
win_100,DTGF,2009-07-31,1
win_100,DXPE,2009-07-31,1
win_100,FFIV,2009-07-31,2
win_100,GIII,2009-07-31,1
win_100,GYRE,2009-07-31,1
win_100,HOT,2009-07-31,1
win_100,IGTE,2009-07-31,1
win_100,INCY,2009-07-31,1
win_100,JLL,2009-07-31,1
win_100,KMPR,2009-07-31,1
win_100,KWR,2009-07-31,1
win_100,LDSH,2009-07-31,1
win_100,LNY,2009-07-31,1
win_100,LORL,2009-07-31,1
win_100,LULU,2009-07-31,2
win_100,LVS,2009-07-31,1
win_100,LXK,2009-07-31,1
win_100,MED,2009-07-31,2
win_100,MSB,2009-07-31,1
win_100,MTOR,2009-07-31,1
win_100,NC,2009-07-31,1
win_100,NFLX,2009-07-31,2
win_100,NOG,2009-07-31,1
win_100,ODSY,2009-07-31,2
win_100,PAY2,2009-07-31,1
win_100,PBT,2009-07-31,1
win_100,PERY,2009-07-31,1
win_100,PODD,2009-07-31,1
win_100,PRGO,2009-07-31,2
win_100,PXD,2009-07-31,1
win_100,RBCN,2009-07-31,1
win_100,RES,2009-07-31,1
win_100,REVRQ,2009-07-31,1
win_100,ROSE1,2009-07-31,1
win_100,SAM,2009-07-31,2
win_100,SGI,2009-07-31,2
win_100,SKX,2009-07-31,1
win_100,SLXP,2009-07-31,2
win_100,SNDK1,2009-07-31,1
win_100,SWC,2009-07-31,1
win_100,SWSI,2009-07-31,1
win_100,TIE,2009-07-31,1
win_100,TLB,2009-07-31,1
win_100,TRW,2009-07-31,1
win_100,UFS,2009-07-31,1
win_100,ULTA,2009-07-31,2
win_100,VCI,2009-07-31,2
win_100,VECO,2009-07-31,2
win_100,VMED,2009-07-31,1
win_100,VMW,2009-07-31,2
win_100,VQ,2009-07-31,1
win_100,VRX1,2009-07-31,2
win_100,WBC,2009-07-31,1
win_100,WOLF2,2009-07-31,2
win_100,WPZ1,2009-07-31,1
win_100,ABII,2009-08-31,1
win_100,AKAM,2009-08-31,2
win_100,ANVGQ,2009-08-31,1
win_100,APKT,2009-08-31,2
win_100,APL,2009-08-31,1
win_100,ARUN,2009-08-31,2
win_100,BEXP,2009-08-31,1
win_100,CLF,2009-08-31,1
win_100,CRM,2009-08-31,2
win_100,CWEI,2009-08-31,1
win_100,DTGF,2009-08-31,1
win_100,FFIV,2009-08-31,2
win_100,GORO,2009-08-31,2
win_100,HSNI,2009-08-31,1
win_100,ISLN,2009-08-31,2
win_100,LNY,2009-08-31,1
win_100,MEND,2009-08-31,1
win_100,MIC2,2009-08-31,1
win_100,NFLX,2009-08-31,2
win_100,NOG,2009-08-31,1
win_100,NZ,2009-08-31,1
win_100,ODSY,2009-08-31,2
win_100,PAR1,2009-08-31,1
win_100,PAY2,2009-08-31,1
win_100,PPO,2009-08-31,1
win_100,PXD,2009-08-31,1
win_100,RBCN,2009-08-31,1
win_100,SLXP,2009-08-31,2
win_100,SWC,2009-08-31,1
win_100,SWSI,2009-08-31,1
win_100,TIE,2009-08-31,1
win_100,UAL,2009-08-31,1
win_100,VMW,2009-08-31,2
win_100,VQ,2009-08-31,1
win_100,VRX1,2009-08-31,2
win_100,WPZ1,2009-08-31,1
win_100,ABII,2009-09-30,1
win_100,AKAM,2009-09-30,2
win_100,ANVGQ,2009-09-30,2
win_100,APKT,2009-09-30,2
win_100,APL,2009-09-30,1
win_100,ARUN,2009-09-30,2
win_100,BEXP,2009-09-30,1
win_100,BID1,2009-09-30,1
win_100,BKNG,2009-09-30,2
win_100,CMI,2009-09-30,2
win_100,CQP,2009-09-30,2
win_100,CRUS,2009-09-30,1
win_100,DTGF,2009-09-30,2
win_100,ENLK,2009-09-30,1
win_100,EPE1,2009-09-30,2
win_100,FFIV,2009-09-30,2
win_100,GIII,2009-09-30,1
win_100,GORO,2009-09-30,2
win_100,HS,2009-09-30,1
win_100,INCY,2009-09-30,1
win_100,ISLN,2009-09-30,2
win_100,LDSH,2009-09-30,1
win_100,LNY,2009-09-30,1
win_100,LVS,2009-09-30,1
win_100,LXK,2009-09-30,1
win_100,MMR,2009-09-30,1
win_100,NFLX,2009-09-30,2
win_100,NOG,2009-09-30,2
win_100,NZ,2009-09-30,2
win_100,ODSY,2009-09-30,2
win_100,ONTO,2009-09-30,1
win_100,PAR1,2009-09-30,1
win_100,PPO,2009-09-30,1
win_100,RES,2009-09-30,1
win_100,RVBD,2009-09-30,2
win_100,SWC,2009-09-30,1
win_100,SWSI,2009-09-30,1
win_100,TEN1,2009-09-30,1
win_100,TIE,2009-09-30,1
win_100,TRW,2009-09-30,1
win_100,UAL,2009-09-30,1
win_100,VMW,2009-09-30,2
win_100,VRX1,2009-09-30,2
win_100,ABII,2009-10-31,1
win_100,ACTG,2009-10-31,2
win_100,AKAM,2009-10-31,2
win_100,ALK,2009-10-31,1
win_100,ALV,2009-10-31,2
win_100,ANVGQ,2009-10-31,2
win_100,APKT,2009-10-31,2
win_100,APL,2009-10-31,1
win_100,ARUN,2009-10-31,2
win_100,AVNT,2009-10-31,1
win_100,BEAV,2009-10-31,2
win_100,BEXP,2009-10-31,1
win_100,BID1,2009-10-31,1
win_100,BJRI,2009-10-31,2
win_100,BKI1,2009-10-31,1
win_100,BKNG,2009-10-31,2
win_100,CAL1,2009-10-31,1
win_100,CGX,2009-10-31,1
win_100,CMG,2009-10-31,2
win_100,CMI,2009-10-31,2
win_100,CPX,2009-10-31,1
win_100,CRM,2009-10-31,2
win_100,CROX,2009-10-31,1
win_100,CWEI,2009-10-31,1
win_100,DAN,2009-10-31,1
win_100,DIN,2009-10-31,1
win_100,DPZ,2009-10-31,1
win_100,DTGF,2009-10-31,1
win_100,DXCM,2009-10-31,1
win_100,ENLK,2009-10-31,1
win_100,F,2009-10-31,2
win_100,FFIV,2009-10-31,2
win_100,FNSR,2009-10-31,1
win_100,FOE,2009-10-31,1
win_100,FOSL,2009-10-31,2
win_100,GBX,2009-10-31,1
win_100,GORO,2009-10-31,2
win_100,GPORQ,2009-10-31,1
win_100,HRC,2009-10-31,2
win_100,HS,2009-10-31,1
win_100,HSNI,2009-10-31,2
win_100,HTWR,2009-10-31,1
win_100,IGTE,2009-10-31,2
win_100,IMAX,2009-10-31,2
win_100,INCY,2009-10-31,1
win_100,ISLN,2009-10-31,1
win_100,LORL,2009-10-31,1
win_100,LVS,2009-10-31,1
win_100,MIC2,2009-10-31,1
win_100,MMR,2009-10-31,1
win_100,MSB,2009-10-31,1
win_100,MTOR,2009-10-31,1
win_100,NFLX,2009-10-31,2
win_100,NOG,2009-10-31,2
win_100,NZ,2009-10-31,1
win_100,OLED,2009-10-31,1
win_100,OVTI,2009-10-31,1
win_100,PAR1,2009-10-31,1
win_100,PAY2,2009-10-31,2
win_100,PPO,2009-10-31,1
win_100,PVG1,2009-10-31,1
win_100,RES,2009-10-31,1
win_100,RVBD,2009-10-31,2
win_100,RVI1,2009-10-31,1
win_100,SANM,2009-10-31,1
win_100,SFLY,2009-10-31,2
win_100,SIGA,2009-10-31,1
win_100,SLXP,2009-10-31,2
win_100,SWC,2009-10-31,1
win_100,SWKS,2009-10-31,2
win_100,SWSI,2009-10-31,1
win_100,TEN1,2009-10-31,1
win_100,TIBX,2009-10-31,2
win_100,TIE,2009-10-31,1
win_100,TRW,2009-10-31,1
win_100,UAL,2009-10-31,1
win_100,ULTA,2009-10-31,2
win_100,VPHM,2009-10-31,1
win_100,VRX1,2009-10-31,2
win_100,VSH,2009-10-31,1
win_100,WYNN,2009-10-31,1
win_100,XXIA,2009-10-31,1
win_100,ABII,2009-11-30,1
win_100,ACTG,2009-11-30,1
win_100,ADCT1,2009-11-30,1
win_100,AGM,2009-11-30,1
win_100,AKAM,2009-11-30,2
win_100,ANVGQ,2009-11-30,2
win_100,APKT,2009-11-30,2
win_100,APL,2009-11-30,1
win_100,ARUN,2009-11-30,2
win_100,BASXQ,2009-11-30,1
win_100,BBWI,2009-11-30,2
win_100,BEXP,2009-11-30,1
win_100,BEZ1,2009-11-30,1
win_100,BID1,2009-11-30,2
win_100,BJRI,2009-11-30,2
win_100,BKI1,2009-11-30,1
win_100,CMG,2009-11-30,2
win_100,CMI,2009-11-30,2
win_100,CPX,2009-11-30,1
win_100,CRM,2009-11-30,2
win_100,CRUS,2009-11-30,1
win_100,CWEI,2009-11-30,1
win_100,CXO,2009-11-30,2
win_100,DAN,2009-11-30,1
win_100,DECK,2009-11-30,2
win_100,DIN,2009-11-30,1
win_100,DTGF,2009-11-30,1
win_100,ENLK,2009-11-30,1
win_100,FFIV,2009-11-30,2
win_100,FINL,2009-11-30,1
win_100,FL,2009-11-30,1
win_100,FNSR,2009-11-30,1
win_100,FOE,2009-11-30,1
win_100,FOSL,2009-11-30,2
win_100,GORO,2009-11-30,2
win_100,ILMN,2009-11-30,2
win_100,IMAX,2009-11-30,2
win_100,JAZZ,2009-11-30,1
win_100,KS,2009-11-30,1
win_100,KWR,2009-11-30,1
win_100,LDSH,2009-11-30,1
win_100,LORL,2009-11-30,2
win_100,LULU,2009-11-30,2
win_100,LVS,2009-11-30,1
win_100,ME1,2009-11-30,1
win_100,MIC2,2009-11-30,1
win_100,MMR,2009-11-30,1
win_100,MTOR,2009-11-30,1
win_100,NFLX,2009-11-30,2
win_100,NOG,2009-11-30,2
win_100,NZ,2009-11-30,1
win_100,OLED,2009-11-30,1
win_100,OUTR,2009-11-30,2
win_100,OVTI,2009-11-30,1
win_100,PAR1,2009-11-30,2
win_100,PAY2,2009-11-30,2
win_100,PPO,2009-11-30,1
win_100,RES,2009-11-30,1
win_100,ROSE1,2009-11-30,2
win_100,RT,2009-11-30,1
win_100,RVBD,2009-11-30,2
win_100,RVI1,2009-11-30,1
win_100,SFLY,2009-11-30,1
win_100,SFSF,2009-11-30,2
win_100,SHS,2009-11-30,1
win_100,SMSI,2009-11-30,1
win_100,SNDK1,2009-11-30,2
win_100,SVVS,2009-11-30,1
win_100,SWKS,2009-11-30,2
win_100,TAL1,2009-11-30,1
win_100,TEN1,2009-11-30,1
win_100,TIBX,2009-11-30,2
win_100,TQNT,2009-11-30,1
win_100,TRW,2009-11-30,2
win_100,UAA,2009-11-30,2
win_100,UAL,2009-11-30,1
win_100,ULTA,2009-11-30,2
win_100,URI,2009-11-30,1
win_100,VCI,2009-11-30,2
win_100,VPHM,2009-11-30,1
win_100,VRUS1,2009-11-30,2
win_100,VSH,2009-11-30,1
win_100,WBC,2009-11-30,2
win_100,ZUMZ,2009-11-30,1
win_100,ACTA,2009-12-31,1
win_100,ACTG,2009-12-31,1
win_100,ADCT1,2009-12-31,1
win_100,ANN,2009-12-31,1
win_100,APKT,2009-12-31,2
win_100,APL,2009-12-31,1
win_100,APSG1,2009-12-31,1
win_100,ASYS,2009-12-31,1
win_100,ATLS1,2009-12-31,1
win_100,BBEPQ,2009-12-31,1
win_100,BEXP,2009-12-31,2
win_100,BEZ1,2009-12-31,1
win_100,BID1,2009-12-31,2
win_100,BKI1,2009-12-31,1
win_100,BWA,2009-12-31,2
win_100,CATY,2009-12-31,1
win_100,CMG,2009-12-31,2
win_100,CMI,2009-12-31,2
win_100,CPX,2009-12-31,1
win_100,CROX,2009-12-31,1
win_100,CRUS,2009-12-31,2
win_100,CVI,2009-12-31,1
win_100,CWEI,2009-12-31,1
win_100,DDS,2009-12-31,2
win_100,DECK,2009-12-31,2
win_100,DIN,2009-12-31,1
win_100,FFIV,2009-12-31,2
win_100,FNSR,2009-12-31,1
win_100,FOSL,2009-12-31,2
win_100,GORO,2009-12-31,2
win_100,GTLS,2009-12-31,1
win_100,ILMN,2009-12-31,2
win_100,IMAX,2009-12-31,2
win_100,ISLN,2009-12-31,2
win_100,ITMN,2009-12-31,1
win_100,JAZZ,2009-12-31,1
win_100,KWR,2009-12-31,1
win_100,LDSH,2009-12-31,1
win_100,LORL,2009-12-31,2
win_100,LULU,2009-12-31,2
win_100,LVS,2009-12-31,1
win_100,ME1,2009-12-31,1
win_100,MMR,2009-12-31,1
win_100,MTRN,2009-12-31,1
win_100,NC,2009-12-31,1
win_100,NFLX,2009-12-31,2
win_100,NOG,2009-12-31,2
win_100,NZ,2009-12-31,1
win_100,OLED,2009-12-31,1
win_100,OUTR,2009-12-31,1
win_100,OVTI,2009-12-31,2
win_100,PAR1,2009-12-31,2
win_100,PAY2,2009-12-31,2
win_100,PDCE,2009-12-31,1
win_100,PIRRQ,2009-12-31,1
win_100,PPO,2009-12-31,1
win_100,RES,2009-12-31,1
win_100,RVBD,2009-12-31,2
win_100,SAM,2009-12-31,2
win_100,SHS,2009-12-31,1
win_100,SIGA,2009-12-31,1
win_100,SWC,2009-12-31,1
win_100,SWKS,2009-12-31,2
win_100,TAL1,2009-12-31,1
win_100,TEN1,2009-12-31,1
win_100,TIBX,2009-12-31,2
win_100,TKR,2009-12-31,2
win_100,TRW,2009-12-31,2
win_100,TWI,2009-12-31,1
win_100,UAA,2009-12-31,2
win_100,URI,2009-12-31,1
win_100,VMW,2009-12-31,2
win_100,VPHM,2009-12-31,1
win_100,VRUS1,2009-12-31,2
win_100,WBC,2009-12-31,2
win_100,ZUMZ,2009-12-31,1
win_100,ACLI,2010-01-31,1
win_100,ACTG,2010-01-31,1
win_100,AGIG,2010-01-31,2
win_100,AGP,2010-01-31,1
win_100,ANVGQ,2010-01-31,2
win_100,APKT,2010-01-31,2
win_100,APL,2010-01-31,1
win_100,APSG1,2010-01-31,1
win_100,ARBA,2010-01-31,2
win_100,ARUN,2010-01-31,2
win_100,ASYS,2010-01-31,1
win_100,ATLS1,2010-01-31,1
win_100,BEXP,2010-01-31,2
win_100,BEZ1,2010-01-31,1
win_100,BKI1,2010-01-31,1
win_100,BKNG,2010-01-31,2
win_100,CEVA,2010-01-31,2
win_100,CLF,2010-01-31,2
win_100,CMG,2010-01-31,2
win_100,CMI,2010-01-31,2
win_100,CPX,2010-01-31,1
win_100,CRM,2010-01-31,2
win_100,CROX,2010-01-31,2
win_100,CRUS,2010-01-31,2
win_100,CTRX,2010-01-31,2
win_100,CVI,2010-01-31,1
win_100,CWEI,2010-01-31,1
win_100,CXO,2010-01-31,2
win_100,CY,2010-01-31,2
win_100,DAKT,2010-01-31,1
win_100,DDS,2010-01-31,1
win_100,DECK,2010-01-31,2
win_100,DIN,2010-01-31,1
win_100,DMAN,2010-01-31,1
win_100,FFIV,2010-01-31,2
win_100,FNSR,2010-01-31,2
win_100,FOSL,2010-01-31,2
win_100,GEOI,2010-01-31,1
win_100,GIII,2010-01-31,2
win_100,GORO,2010-01-31,2
win_100,GPORQ,2010-01-31,1
win_100,GTLS,2010-01-31,1
win_100,HTWR,2010-01-31,2
win_100,HUGH,2010-01-31,1
win_100,IPGP,2010-01-31,2
win_100,ISLN,2010-01-31,1
win_100,ITMN,2010-01-31,1
win_100,JAZZ,2010-01-31,1
win_100,KNXA,2010-01-31,1
win_100,LDSH,2010-01-31,1
win_100,LORL,2010-01-31,1
win_100,LUFK,2010-01-31,2
win_100,LULU,2010-01-31,2
win_100,LVS,2010-01-31,1
win_100,LXU,2010-01-31,1
win_100,MSB,2010-01-31,1
win_100,MTOR,2010-01-31,1
win_100,NEWP1,2010-01-31,1
win_100,NFLX,2010-01-31,2
win_100,NOG,2010-01-31,2
win_100,NZ,2010-01-31,1
win_100,OLED,2010-01-31,1
win_100,OVTI,2010-01-31,1
win_100,PAR1,2010-01-31,1
win_100,PAY2,2010-01-31,2
win_100,PDCE,2010-01-31,1
win_100,PPO,2010-01-31,2
win_100,PXD,2010-01-31,2
win_100,RES,2010-01-31,2
win_100,RVBD,2010-01-31,2
win_100,SFLY,2010-01-31,2
win_100,SHS,2010-01-31,1
win_100,SWC,2010-01-31,1
win_100,SWKS,2010-01-31,2
win_100,TEN1,2010-01-31,1
win_100,TIBX,2010-01-31,2
win_100,TILE,2010-01-31,1
win_100,TITN,2010-01-31,1
win_100,TIVO,2010-01-31,2
win_100,TKR,2010-01-31,1
win_100,TMRK,2010-01-31,2
win_100,TMUS,2010-01-31,1
win_100,TQNT,2010-01-31,1
win_100,TRMB,2010-01-31,2
win_100,TRW,2010-01-31,2
win_100,TSCO,2010-01-31,2
win_100,TWI,2010-01-31,1
win_100,UAA,2010-01-31,2
win_100,UAL,2010-01-31,1
win_100,URI,2010-01-31,1
win_100,VIAV,2010-01-31,2
win_100,VRUS1,2010-01-31,2
win_100,VSH,2010-01-31,1
win_100,WBC,2010-01-31,2
win_100,WCC,2010-01-31,1
win_100,WLTGQ,2010-01-31,2
win_100,WTI,2010-01-31,1
win_100,WYNN,2010-01-31,2
win_100,XEC,2010-01-31,2
win_100,ABII,2010-02-28,1
win_100,ACTA,2010-02-28,1
win_100,ACTG,2010-02-28,2
win_100,ADCT1,2010-02-28,1
win_100,AGP,2010-02-28,2
win_100,AHGP,2010-02-28,2
win_100,AIRM,2010-02-28,1
win_100,ANVGQ,2010-02-28,2
win_100,APKT,2010-02-28,2
win_100,APL,2010-02-28,1
win_100,APSG1,2010-02-28,1
win_100,ARBA,2010-02-28,2
win_100,ARUN,2010-02-28,2
win_100,ASYS,2010-02-28,1
win_100,AXLL,2010-02-28,1
win_100,BASXQ,2010-02-28,1
win_100,BC,2010-02-28,1
win_100,BEXP,2010-02-28,2
win_100,BEZ1,2010-02-28,2
win_100,BID1,2010-02-28,2
win_100,BKI1,2010-02-28,1
win_100,BKNG,2010-02-28,2
win_100,BWA,2010-02-28,2
win_100,CDE,2010-02-28,1
win_100,CMG,2010-02-28,2
win_100,CPX,2010-02-28,1
win_100,CROX,2010-02-28,1
win_100,CRRTQ,2010-02-28,2
win_100,CRUS,2010-02-28,2
win_100,CVI,2010-02-28,1
win_100,CWEI,2010-02-28,1
win_100,CXO,2010-02-28,2
win_100,DDS,2010-02-28,1
win_100,DECK,2010-02-28,2
win_100,DINO,2010-02-28,1
win_100,DMAN,2010-02-28,1
win_100,FFIV,2010-02-28,2
win_100,FNSR,2010-02-28,2
win_100,FOSL,2010-02-28,2
win_100,FTO,2010-02-28,1
win_100,GENN,2010-02-28,1
win_100,GORO,2010-02-28,2
win_100,GPORQ,2010-02-28,1
win_100,GTLS,2010-02-28,1
win_100,HS,2010-02-28,2
win_100,HTWR,2010-02-28,2
win_100,INVA,2010-02-28,1
win_100,IPGP,2010-02-28,2
win_100,ISLN,2010-02-28,2
win_100,ITMN,2010-02-28,1
win_100,JAZZ,2010-02-28,1
win_100,KNXA,2010-02-28,1
win_100,LAD,2010-02-28,1
win_100,LDSH,2010-02-28,1
win_100,LUFK,2010-02-28,2
win_100,LULU,2010-02-28,2
win_100,LVS,2010-02-28,1
win_100,LXU,2010-02-28,1
win_100,MDCO,2010-02-28,1
win_100,MSB,2010-02-28,2
win_100,MTRN,2010-02-28,1
win_100,N,2010-02-28,1
win_100,NC,2010-02-28,1
win_100,NFLX,2010-02-28,2
win_100,NOG,2010-02-28,2
win_100,NZ,2010-02-28,1
win_100,OLED,2010-02-28,1
win_100,OPNT1,2010-02-28,2
win_100,OVTI,2010-02-28,1
win_100,PAR1,2010-02-28,1
win_100,PAY2,2010-02-28,2
win_100,PPO,2010-02-28,2
win_100,PXD,2010-02-28,2
win_100,RES,2010-02-28,2
win_100,ROSE1,2010-02-28,2
win_100,RVBD,2010-02-28,2
win_100,SBGI,2010-02-28,1
win_100,SFLY,2010-02-28,2
win_100,SIGA,2010-02-28,1
win_100,SM,2010-02-28,2
win_100,SVVS,2010-02-28,1
win_100,SWC,2010-02-28,2
win_100,SWKS,2010-02-28,2
win_100,TAL1,2010-02-28,1
win_100,TIBX,2010-02-28,2
win_100,TITN,2010-02-28,1
win_100,TMRK,2010-02-28,2
win_100,TMUS,2010-02-28,1
win_100,TRW,2010-02-28,2
win_100,TTMI,2010-02-28,1
win_100,TWI,2010-02-28,1
win_100,UAA,2010-02-28,2
win_100,ULTA,2010-02-28,2
win_100,URI,2010-02-28,1
win_100,VHC,2010-02-28,1
win_100,VIAV,2010-02-28,2
win_100,VRUS1,2010-02-28,2
win_100,WBC,2010-02-28,2
win_100,WCC,2010-02-28,1
win_100,WGHTQ,2010-02-28,1
win_100,WLK,2010-02-28,1
win_100,WTI,2010-02-28,1
win_100,WYNN,2010-02-28,2
win_100,XIDEQ,2010-02-28,1
win_100,ACTG,2010-03-31,2
win_100,ANVGQ,2010-03-31,2
win_100,APKT,2010-03-31,2
win_100,APL,2010-03-31,1
win_100,ARBA,2010-03-31,2
win_100,ARLP,2010-03-31,2
win_100,ARUN,2010-03-31,2
win_100,ATML,2010-03-31,2
win_100,AXLL,2010-03-31,1
win_100,BASXQ,2010-03-31,1
win_100,BEXP,2010-03-31,2
win_100,BKI1,2010-03-31,1
win_100,BWA,2010-03-31,2
win_100,CDE,2010-03-31,1
win_100,CMG,2010-03-31,2
win_100,CPX,2010-03-31,1
win_100,CROX,2010-03-31,2
win_100,CRRTQ,2010-03-31,2
win_100,CRUS,2010-03-31,2
win_100,CVGI,2010-03-31,1
win_100,CVI,2010-03-31,1
win_100,CWEI,2010-03-31,1
win_100,CXO,2010-03-31,2
win_100,DINO,2010-03-31,1
win_100,DTGF,2010-03-31,2
win_100,FOSL,2010-03-31,2
win_100,FTO,2010-03-31,1
win_100,GENN,2010-03-31,1
win_100,GEOI,2010-03-31,2
win_100,GMCR,2010-03-31,2
win_100,GPORQ,2010-03-31,2
win_100,GTATQ,2010-03-31,1
win_100,GTLS,2010-03-31,1
win_100,HNR,2010-03-31,1
win_100,HS,2010-03-31,2
win_100,ININ,2010-03-31,2
win_100,IPGP,2010-03-31,2
win_100,IRBTQ,2010-03-31,2
win_100,ISLN,2010-03-31,2
win_100,JAZZ,2010-03-31,1
win_100,KNXA,2010-03-31,1
win_100,LAD,2010-03-31,1
win_100,LDSH,2010-03-31,1
win_100,LOGM,2010-03-31,2
win_100,LUFK,2010-03-31,2
win_100,LULU,2010-03-31,2
win_100,LXU,2010-03-31,1
win_100,MDCO,2010-03-31,1
win_100,MERC,2010-03-31,1
win_100,N,2010-03-31,1
win_100,NFLX,2010-03-31,2
win_100,NZ,2010-03-31,2
win_100,OLED,2010-03-31,1
win_100,OPEN3,2010-03-31,2
win_100,OPNT1,2010-03-31,2
win_100,OVTI,2010-03-31,2
win_100,PAR1,2010-03-31,1
win_100,PAY2,2010-03-31,2
win_100,PDCE,2010-03-31,1
win_100,PPO,2010-03-31,2
win_100,PTEN,2010-03-31,1
win_100,RAVN,2010-03-31,2
win_100,RAX,2010-03-31,2
win_100,RES,2010-03-31,1
win_100,ROSE1,2010-03-31,2
win_100,RVBD,2010-03-31,2
win_100,SBGI,2010-03-31,1
win_100,SFLY,2010-03-31,2
win_100,SFSF,2010-03-31,2
win_100,SGI1,2010-03-31,2
win_100,SHS,2010-03-31,2
win_100,SM,2010-03-31,2
win_100,SRZ,2010-03-31,1
win_100,SVVS,2010-03-31,1
win_100,SWKS,2010-03-31,2
win_100,TIBX,2010-03-31,2
win_100,TMRK,2010-03-31,1
win_100,TMUS,2010-03-31,1
win_100,TSCO,2010-03-31,2
win_100,TTMI,2010-03-31,1
win_100,TWI,2010-03-31,1
win_100,TZOO,2010-03-31,2
win_100,UAA,2010-03-31,2
win_100,ULTA,2010-03-31,2
win_100,URI,2010-03-31,1
win_100,UTEK,2010-03-31,1
win_100,VRUS1,2010-03-31,2
win_100,WBC,2010-03-31,2
win_100,WGHTQ,2010-03-31,1
win_100,WLK,2010-03-31,2
win_100,WNR,2010-03-31,1
win_100,WTI,2010-03-31,1
win_100,ACTG,2010-04-30,2
win_100,AIRM,2010-04-30,1
win_100,ANDV,2010-04-30,1
win_100,ANVGQ,2010-04-30,2
win_100,APKT,2010-04-30,2
win_100,APL,2010-04-30,2
win_100,APSG1,2010-04-30,1
win_100,ARBA,2010-04-30,2
win_100,ARUN,2010-04-30,2
win_100,ATLS1,2010-04-30,1
win_100,ATML,2010-04-30,2
win_100,BASXQ,2010-04-30,1
win_100,BKNG,2010-04-30,2
win_100,CEVA,2010-04-30,2
win_100,CML,2010-04-30,1
win_100,CPWM,2010-04-30,1
win_100,CPX,2010-04-30,1
win_100,CRDN,2010-04-30,2
win_100,CROX,2010-04-30,2
win_100,CRRTQ,2010-04-30,2
win_100,CVI,2010-04-30,1
win_100,DINO,2010-04-30,1
win_100,EXEL,2010-04-30,1
win_100,EXXIQ,2010-04-30,1
win_100,FLNA,2010-04-30,1
win_100,FOSL,2010-04-30,2
win_100,GMCR,2010-04-30,2
win_100,GPORQ,2010-04-30,2
win_100,GTLS,2010-04-30,1
win_100,HS,2010-04-30,2
win_100,ICO,2010-04-30,1
win_100,IDT,2010-04-30,1
win_100,INFA1,2010-04-30,2
win_100,IOGPQ,2010-04-30,1
win_100,IOSP,2010-04-30,1
win_100,IPGP,2010-04-30,2
win_100,ISLN,2010-04-30,2
win_100,JAZZ,2010-04-30,1
win_100,LAD,2010-04-30,1
win_100,LDSH,2010-04-30,2
win_100,LUFK,2010-04-30,2
win_100,LULU,2010-04-30,2
win_100,LXU,2010-04-30,2
win_100,MDCO,2010-04-30,1
win_100,MDVN,2010-04-30,1
win_100,MERC,2010-04-30,1
win_100,N,2010-04-30,1
win_100,NFLX,2010-04-30,2
win_100,OLED,2010-04-30,2
win_100,OPEN3,2010-04-30,2
win_100,OPNT1,2010-04-30,2
win_100,PAR1,2010-04-30,1
win_100,PAY2,2010-04-30,2
win_100,PESXQ,2010-04-30,1
win_100,PPO,2010-04-30,2
win_100,PTEN,2010-04-30,1
win_100,QCOR,2010-04-30,2
win_100,RAX,2010-04-30,2
win_100,RES,2010-04-30,2
win_100,RNOW,2010-04-30,2
win_100,RVBD,2010-04-30,2
win_100,SFLY,2010-04-30,2
win_100,SGY,2010-04-30,1
win_100,SHS,2010-04-30,2
win_100,SVVS,2010-04-30,1
win_100,TBL,2010-04-30,2
win_100,TIBX,2010-04-30,2
win_100,TITN,2010-04-30,1
win_100,TMRK,2010-04-30,1
win_100,TMUS,2010-04-30,1
win_100,TWI,2010-04-30,1
win_100,TZOO,2010-04-30,2
win_100,UAA,2010-04-30,2
win_100,ULTA,2010-04-30,2
win_100,URI,2010-04-30,2
win_100,UTEK,2010-04-30,2
win_100,VHC,2010-04-30,1
win_100,VRUS1,2010-04-30,2
win_100,VSH,2010-04-30,2
win_100,WBC,2010-04-30,2
win_100,WGHTQ,2010-04-30,1
win_100,WLK,2010-04-30,2
win_100,WNR,2010-04-30,1
win_100,WTI,2010-04-30,1
win_100,ACTG,2010-05-31,2
win_100,AIMC,2010-05-31,2
win_100,ALTR1,2010-05-31,2
win_100,ANDV,2010-05-31,1
win_100,ANF,2010-05-31,2
win_100,APKT,2010-05-31,2
win_100,APL,2010-05-31,1
win_100,APSG1,2010-05-31,1
win_100,ARBA,2010-05-31,2
win_100,ARST,2010-05-31,1
win_100,ARUN,2010-05-31,2
win_100,ATML,2010-05-31,2
win_100,BASXQ,2010-05-31,1
win_100,BJRI,2010-05-31,2
win_100,BKI1,2010-05-31,1
win_100,BKNG,2010-05-31,2
win_100,CEVA,2010-05-31,2
win_100,CF,2010-05-31,1
win_100,CMG,2010-05-31,2
win_100,CML,2010-05-31,1
win_100,COO,2010-05-31,2
win_100,CPX,2010-05-31,1
win_100,CRDN,2010-05-31,2
win_100,CROX,2010-05-31,2
win_100,CRRTQ,2010-05-31,2
win_100,CRZO,2010-05-31,1
win_100,CTXS,2010-05-31,2
win_100,CVI,2010-05-31,1
win_100,CY,2010-05-31,2
win_100,DAR,2010-05-31,2
win_100,DINO,2010-05-31,1
win_100,EGOV,2010-05-31,1
win_100,EROC1,2010-05-31,1
win_100,EVEPQ,2010-05-31,2
win_100,EXEL,2010-05-31,1
win_100,EXXIQ,2010-05-31,1
win_100,FOSL,2010-05-31,2
win_100,FTO,2010-05-31,1
win_100,GLBC,2010-05-31,1
win_100,GMCR,2010-05-31,2
win_100,GPORQ,2010-05-31,2
win_100,GTATQ,2010-05-31,1
win_100,GTLS,2010-05-31,1
win_100,HAL,2010-05-31,2
win_100,HLF,2010-05-31,2
win_100,HS,2010-05-31,2
win_100,IDT,2010-05-31,1
win_100,IMAX,2010-05-31,2
win_100,INFA1,2010-05-31,2
win_100,ININ,2010-05-31,2
win_100,INVA,2010-05-31,1
win_100,IOSP,2010-05-31,1
win_100,IPGP,2010-05-31,2
win_100,ISLN,2010-05-31,2
win_100,ITMN,2010-05-31,1
win_100,JAZZ,2010-05-31,1
win_100,KEI,2010-05-31,2
win_100,KNXA,2010-05-31,2
win_100,LAD,2010-05-31,1
win_100,LDSH,2010-05-31,2
win_100,LUFK,2010-05-31,2
win_100,LULU,2010-05-31,2
win_100,LXU,2010-05-31,2
win_100,MAKO1,2010-05-31,2
win_100,MDCO,2010-05-31,1
win_100,MDVN,2010-05-31,1
win_100,MEAS,2010-05-31,2
win_100,MEE,2010-05-31,1
win_100,N,2010-05-31,1
win_100,NFLX,2010-05-31,2
win_100,NZ,2010-05-31,2
win_100,OIS,2010-05-31,2
win_100,OLED,2010-05-31,2
win_100,OPEN3,2010-05-31,2
win_100,OPNT1,2010-05-31,2
win_100,PAR1,2010-05-31,1
win_100,PAY2,2010-05-31,2
win_100,PESXQ,2010-05-31,1
win_100,PPO,2010-05-31,2
win_100,PTEN,2010-05-31,1
win_100,QCOR,2010-05-31,2
win_100,RAX,2010-05-31,2
win_100,REGN,2010-05-31,2
win_100,RES,2010-05-31,2
win_100,RNOW,2010-05-31,2
win_100,ROC1,2010-05-31,2
win_100,ROSE1,2010-05-31,2
win_100,RVBD,2010-05-31,2
win_100,RVI1,2010-05-31,2
win_100,SFLY,2010-05-31,2
win_100,SGI1,2010-05-31,1
win_100,SGY,2010-05-31,1
win_100,SHS,2010-05-31,2
win_100,SIGA,2010-05-31,1
win_100,SVVS,2010-05-31,2
win_100,TIBX,2010-05-31,2
win_100,TITN,2010-05-31,1
win_100,TMRK,2010-05-31,2
win_100,TRS,2010-05-31,2
win_100,TWI,2010-05-31,1
win_100,TZOO,2010-05-31,2
win_100,ULTA,2010-05-31,2
win_100,URI,2010-05-31,1
win_100,UTEK,2010-05-31,2
win_100,VHC,2010-05-31,2
win_100,VHI,2010-05-31,1
win_100,VMED,2010-05-31,2
win_100,VRUS1,2010-05-31,2
win_100,WBC,2010-05-31,2
win_100,WGHTQ,2010-05-31,2
win_100,WLK,2010-05-31,1
win_100,WNR,2010-05-31,1
win_100,WTI,2010-05-31,1
win_100,ZOLL,2010-05-31,2
win_100,ACTG,2010-06-30,2
win_100,AGP,2010-06-30,2
win_100,AIRM,2010-06-30,1
win_100,ANF,2010-06-30,1
win_100,APC1,2010-06-30,1
win_100,APKT,2010-06-30,2
win_100,APL,2010-06-30,1
win_100,ARBA,2010-06-30,2
win_100,ARUN,2010-06-30,2
win_100,ASCMA,2010-06-30,1
win_100,AWI,2010-06-30,1
win_100,BASXQ,2010-06-30,1
win_100,BBWI,2010-06-30,2
win_100,BGS,2010-06-30,2
win_100,BIIB,2010-06-30,2
win_100,BJRI,2010-06-30,2
win_100,BKI1,2010-06-30,1
win_100,BKNG,2010-06-30,2
win_100,BRY1,2010-06-30,1
win_100,BWA,2010-06-30,2
win_100,CBI,2010-06-30,1
win_100,CCOI,2010-06-30,1
win_100,CE,2010-06-30,1
win_100,CEVA,2010-06-30,2
win_100,CF,2010-06-30,1
win_100,CGNX,2010-06-30,2
win_100,CLDA,2010-06-30,1
win_100,CMG,2010-06-30,2
win_100,CML,2010-06-30,1
win_100,CPHD,2010-06-30,2
win_100,CPX,2010-06-30,2
win_100,CROX,2010-06-30,2
win_100,CRRTQ,2010-06-30,2
win_100,CRZO,2010-06-30,1
win_100,CTRA,2010-06-30,1
win_100,CVH,2010-06-30,1
win_100,CVI,2010-06-30,1
win_100,CY,2010-06-30,2
win_100,DAR,2010-06-30,1
win_100,DBI,2010-06-30,2
win_100,DDS,2010-06-30,2
win_100,DINO,2010-06-30,1
win_100,DPZ,2010-06-30,2
win_100,EGOV,2010-06-30,1
win_100,ELMG,2010-06-30,1
win_100,ENOV,2010-06-30,1
win_100,EROC1,2010-06-30,1
win_100,EXXIQ,2010-06-30,1
win_100,FARO,2010-06-30,1
win_100,FOSL,2010-06-30,2
win_100,FTO,2010-06-30,1
win_100,GEOS,2010-06-30,2
win_100,GHDX,2010-06-30,1
win_100,GIFI,2010-06-30,1
win_100,GLBC,2010-06-30,1
win_100,GMCR,2010-06-30,2
win_100,GPORQ,2010-06-30,2
win_100,GRA,2010-06-30,2
win_100,GRB,2010-06-30,1
win_100,GTATQ,2010-06-30,2
win_100,GTLS,2010-06-30,1
win_100,HAL,2010-06-30,2
win_100,HAYN,2010-06-30,1
win_100,HF1,2010-06-30,2
win_100,HLF,2010-06-30,2
win_100,HLIO,2010-06-30,2
win_100,HS,2010-06-30,2
win_100,HUN,2010-06-30,1
win_100,HURC,2010-06-30,1
win_100,IDT,2010-06-30,2
win_100,IMAX,2010-06-30,2
win_100,INFA1,2010-06-30,2
win_100,ININ,2010-06-30,1
win_100,IOSP,2010-06-30,1
win_100,IPGP,2010-06-30,2
win_100,ISLN,2010-06-30,2
win_100,ITMN,2010-06-30,1
win_100,JAZZ,2010-06-30,1
win_100,KEI,2010-06-30,2
win_100,LAD,2010-06-30,1
win_100,LDSH,2010-06-30,2
win_100,LNN,2010-06-30,1
win_100,LPSN,2010-06-30,2
win_100,LUFK,2010-06-30,2
win_100,LULU,2010-06-30,2
win_100,LXU,2010-06-30,1
win_100,MAKO1,2010-06-30,2
win_100,MDCO,2010-06-30,1
win_100,MDVN,2010-06-30,1
win_100,MEAS,2010-06-30,1
win_100,MEE,2010-06-30,1
win_100,MIC2,2010-06-30,1
win_100,MNST,2010-06-30,2
win_100,MOD,2010-06-30,1
win_100,MSB,2010-06-30,2
win_100,MSTR,2010-06-30,2
win_100,MTZ,2010-06-30,1
win_100,N,2010-06-30,1
win_100,NEWP1,2010-06-30,1
win_100,NFLX,2010-06-30,2
win_100,NOV,2010-06-30,1
win_100,NTGR,2010-06-30,2
win_100,OIS,2010-06-30,2
win_100,OPEN3,2010-06-30,2
win_100,OPNT1,2010-06-30,2
win_100,PAG,2010-06-30,1
win_100,PAR1,2010-06-30,1
win_100,PAY2,2010-06-30,2
win_100,PESXQ,2010-06-30,1
win_100,PII,2010-06-30,2
win_100,PLCM,2010-06-30,2
win_100,PPO,2010-06-30,2
win_100,PSKY,2010-06-30,2
win_100,PSMT,2010-06-30,2
win_100,PTEN,2010-06-30,1
win_100,QCOR,2010-06-30,2
win_100,RAX,2010-06-30,2
win_100,RBN,2010-06-30,2
win_100,REGN,2010-06-30,2
win_100,RES,2010-06-30,2
win_100,RNOW,2010-06-30,2
win_100,ROC1,2010-06-30,2
win_100,ROSE1,2010-06-30,2
win_100,RRGB,2010-06-30,1
win_100,RURL,2010-06-30,2
win_100,RVBD,2010-06-30,2
win_100,RVI1,2010-06-30,2
win_100,SBGI,2010-06-30,1
win_100,SBH,2010-06-30,2
win_100,SFLY,2010-06-30,2
win_100,SGI,2010-06-30,2
win_100,SGI1,2010-06-30,1
win_100,SGY,2010-06-30,1
win_100,SHS,2010-06-30,1
win_100,SNBRQ,2010-06-30,2
win_100,SURW,2010-06-30,1
win_100,SVVS,2010-06-30,1
win_100,TBL,2010-06-30,2
win_100,TEN1,2010-06-30,2
win_100,THRM,2010-06-30,1
win_100,TIBX,2010-06-30,2
win_100,TIF,2010-06-30,2
win_100,TITN,2010-06-30,1
win_100,TMRK,2010-06-30,2
win_100,TMUS,2010-06-30,1
win_100,TNH,2010-06-30,2
win_100,TRCR,2010-06-30,1
win_100,TRS,2010-06-30,2
win_100,TRW,2010-06-30,2
win_100,TSCO,2010-06-30,2
win_100,TWI,2010-06-30,1
win_100,UAA,2010-06-30,2
win_100,ULTA,2010-06-30,2
win_100,URI,2010-06-30,1
win_100,VHC,2010-06-30,2
win_100,VOCS,2010-06-30,1
win_100,VRTU,2010-06-30,1
win_100,VRUS1,2010-06-30,2
win_100,VSEA,2010-06-30,2
win_100,VSH,2010-06-30,2
win_100,WBC,2010-06-30,2
win_100,WCG,2010-06-30,1
win_100,WGHTQ,2010-06-30,2
win_100,WLK,2010-06-30,1
win_100,WNR,2010-06-30,1
win_100,WTI,2010-06-30,1
win_100,WYNN,2010-06-30,2
win_100,ZOLL,2010-06-30,2
win_100,ACTG,2010-07-31,2
win_100,AIRM,2010-07-31,1
win_100,ALXN,2010-07-31,2
win_100,ANF,2010-07-31,2
win_100,ANVGQ,2010-07-31,2
win_100,APKT,2010-07-31,2
win_100,ARBA,2010-07-31,2
win_100,ATHN1,2010-07-31,1
win_100,ATLS1,2010-07-31,1
win_100,ATML,2010-07-31,2
win_100,BASXQ,2010-07-31,1
win_100,BKI1,2010-07-31,1
win_100,BKNG,2010-07-31,2
win_100,CEVA,2010-07-31,2
win_100,CLDA,2010-07-31,1
win_100,CMG,2010-07-31,2
win_100,CML,2010-07-31,1
win_100,CPHD,2010-07-31,2
win_100,CPX,2010-07-31,2
win_100,CROX,2010-07-31,2
win_100,CTRA,2010-07-31,1
win_100,CVI,2010-07-31,1
win_100,CVLT,2010-07-31,2
win_100,DAR,2010-07-31,2
win_100,DDS,2010-07-31,2
win_100,DINO,2010-07-31,2
win_100,DPZ,2010-07-31,2
win_100,ENOV,2010-07-31,2
win_100,EVEPQ,2010-07-31,2
win_100,FOSL,2010-07-31,2
win_100,FTO,2010-07-31,1
win_100,GHDX,2010-07-31,1
win_100,GLBC,2010-07-31,1
win_100,GMCR,2010-07-31,2
win_100,GPORQ,2010-07-31,2
win_100,GTATQ,2010-07-31,2
win_100,GTLS,2010-07-31,1
win_100,HK1,2010-07-31,1
win_100,HLF,2010-07-31,2
win_100,HOS,2010-07-31,1
win_100,HS,2010-07-31,2
win_100,IDCC,2010-07-31,2
win_100,ININ,2010-07-31,1
win_100,IPGP,2010-07-31,2
win_100,ITMN,2010-07-31,1
win_100,JAZZ,2010-07-31,1
win_100,KEGX,2010-07-31,1
win_100,KEI,2010-07-31,2
win_100,KNXA,2010-07-31,1
win_100,LAD,2010-07-31,1
win_100,LULU,2010-07-31,2
win_100,LXU,2010-07-31,1
win_100,MAKO1,2010-07-31,1
win_100,MDVN,2010-07-31,1
win_100,MEE,2010-07-31,1
win_100,MLNX,2010-07-31,2
win_100,N,2010-07-31,1
win_100,NFLX,2010-07-31,2
win_100,NOV,2010-07-31,2
win_100,OPNT1,2010-07-31,2
win_100,PAR1,2010-07-31,1
win_100,PESXQ,2010-07-31,1
win_100,PII,2010-07-31,2
win_100,PPO,2010-07-31,2
win_100,PSMT,2010-07-31,2
win_100,QCOR,2010-07-31,2
win_100,RAX,2010-07-31,2
win_100,RBN,2010-07-31,2
win_100,RDEN,2010-07-31,1
win_100,REGN,2010-07-31,2
win_100,RES,2010-07-31,2
win_100,RNOW,2010-07-31,2
win_100,ROC1,2010-07-31,2
win_100,ROSE1,2010-07-31,2
win_100,RVI1,2010-07-31,2
win_100,SFLY,2010-07-31,2
win_100,SGI,2010-07-31,2
win_100,SGY,2010-07-31,1
win_100,SHS,2010-07-31,2
win_100,SNBRQ,2010-07-31,1
win_100,SVVS,2010-07-31,1
win_100,TBL,2010-07-31,2
win_100,TMRK,2010-07-31,2
win_100,TNH,2010-07-31,2
win_100,TRS,2010-07-31,2
win_100,TWI,2010-07-31,1
win_100,ULTA,2010-07-31,2
win_100,VHC,2010-07-31,2
win_100,VHI,2010-07-31,1
win_100,VRUS1,2010-07-31,2
win_100,VSEA,2010-07-31,2
win_100,WGHTQ,2010-07-31,2
win_100,WLK,2010-07-31,2
win_100,WNR,2010-07-31,1
win_100,WTI,2010-07-31,1
win_100,ZOLL,2010-07-31,2
win_100,ACTG,2010-08-31,2
win_100,ALXN,2010-08-31,2
win_100,ANDV,2010-08-31,1
win_100,ATHN1,2010-08-31,1
win_100,ATLS1,2010-08-31,1
win_100,BASXQ,2010-08-31,1
win_100,BKI1,2010-08-31,1
win_100,CEVA,2010-08-31,2
win_100,CLDA,2010-08-31,1
win_100,CMG,2010-08-31,2
win_100,CNS,2010-08-31,2
win_100,CPHD,2010-08-31,2
win_100,CROX,2010-08-31,2
win_100,CRRTQ,2010-08-31,2
win_100,CTRA,2010-08-31,1
win_100,CVI,2010-08-31,1
win_100,DAR,2010-08-31,1
win_100,DDS,2010-08-31,2
win_100,DECK,2010-08-31,2
win_100,DINO,2010-08-31,2
win_100,DPZ,2010-08-31,2
win_100,DY,2010-08-31,1
win_100,ELMG,2010-08-31,1
win_100,ENOV,2010-08-31,2
win_100,EVEPQ,2010-08-31,2
win_100,FARO,2010-08-31,1
win_100,FOSL,2010-08-31,2
win_100,FTO,2010-08-31,1
win_100,GCO,2010-08-31,2
win_100,GLBC,2010-08-31,1
win_100,GMCR,2010-08-31,2
win_100,GPORQ,2010-08-31,2
win_100,GTLS,2010-08-31,1
win_100,HAYN,2010-08-31,1
win_100,HK1,2010-08-31,1
win_100,HLF,2010-08-31,2
win_100,HLIO,2010-08-31,2
win_100,IDCC,2010-08-31,2
win_100,IMGN,2010-08-31,1
win_100,ININ,2010-08-31,1
win_100,IPGP,2010-08-31,2
win_100,ITMN,2010-08-31,1
win_100,JAZZ,2010-08-31,1
win_100,KCI,2010-08-31,2
win_100,KEI,2010-08-31,2
win_100,LAD,2010-08-31,1
win_100,LDSH,2010-08-31,2
win_100,LULU,2010-08-31,2
win_100,LXU,2010-08-31,2
win_100,MAKO1,2010-08-31,1
win_100,MEAS,2010-08-31,2
win_100,MEE,2010-08-31,1
win_100,MLI,2010-08-31,2
win_100,MTZ,2010-08-31,1
win_100,NSM1,2010-08-31,2
win_100,OLED,2010-08-31,2
win_100,OPNT1,2010-08-31,2
win_100,PESXQ,2010-08-31,1
win_100,PII,2010-08-31,2
win_100,PPO,2010-08-31,2
win_100,PSMT,2010-08-31,2
win_100,QCOR,2010-08-31,2
win_100,RBN,2010-08-31,2
win_100,REGN,2010-08-31,1
win_100,RES,2010-08-31,2
win_100,RGR,2010-08-31,1
win_100,RHB,2010-08-31,1
win_100,ROSE1,2010-08-31,2
win_100,RVI1,2010-08-31,2
win_100,SFLY,2010-08-31,2
win_100,SFN1,2010-08-31,1
win_100,SGI,2010-08-31,2
win_100,SGI1,2010-08-31,1
win_100,SGY,2010-08-31,1
win_100,SHS,2010-08-31,2
win_100,SM,2010-08-31,2
win_100,SNBRQ,2010-08-31,1
win_100,SVVS,2010-08-31,2
win_100,TBL,2010-08-31,1
win_100,TMRK,2010-08-31,2
win_100,TNH,2010-08-31,2
win_100,TTES,2010-08-31,1
win_100,TWI,2010-08-31,1
win_100,ULTA,2010-08-31,2
win_100,VHC,2010-08-31,2
win_100,VRUS1,2010-08-31,2
win_100,VSEA,2010-08-31,2
win_100,WGHTQ,2010-08-31,2
win_100,WTI,2010-08-31,1
win_100,WYNN,2010-08-31,2
win_100,ACTG,2010-09-30,2
win_100,CPHD,2010-09-30,2
win_100,CTRA,2010-09-30,1
win_100,CVI,2010-09-30,1
win_100,DPZ,2010-09-30,2
win_100,EVEPQ,2010-09-30,2
win_100,FTO,2010-09-30,1
win_100,GMCR,2010-09-30,2
win_100,GTLS,2010-09-30,1
win_100,HK1,2010-09-30,1
win_100,ICO,2010-09-30,1
win_100,JAZZ,2010-09-30,1
win_100,LQDT,2010-09-30,2
win_100,LULU,2010-09-30,2
win_100,MAKO1,2010-09-30,1
win_100,MEE,2010-09-30,1
win_100,OLED,2010-09-30,2
win_100,OPNT1,2010-09-30,2
win_100,PSMT,2010-09-30,2
win_100,QCOR,2010-09-30,2
win_100,REGN,2010-09-30,2
win_100,RURL,2010-09-30,2
win_100,RVI1,2010-09-30,2
win_100,SFN1,2010-09-30,1
win_100,SNBRQ,2010-09-30,1
win_100,TBL,2010-09-30,2
win_100,ULTA,2010-09-30,2
win_100,VRUS1,2010-09-30,2
win_100,VSEA,2010-09-30,2
win_100,WNR,2010-09-30,1
win_100,ANDV,2010-10-31,1
win_100,ATLS1,2010-10-31,1
win_100,CTRA,2010-10-31,1
win_100,CVI,2010-10-31,1
win_100,DDS,2010-10-31,2
win_100,DPZ,2010-10-31,2
win_100,EVEPQ,2010-10-31,2
win_100,FTO,2010-10-31,1
win_100,GTLS,2010-10-31,1
win_100,HK1,2010-10-31,1
win_100,HSTM,2010-10-31,2
win_100,ICO,2010-10-31,1
win_100,IPGP,2010-10-31,2
win_100,JAZZ,2010-10-31,1
win_100,LQDT,2010-10-31,2
win_100,LULU,2010-10-31,2
win_100,MAKO1,2010-10-31,1
win_100,MG,2010-10-31,1
win_100,OPNT1,2010-10-31,2
win_100,PCYC,2010-10-31,1
win_100,PSMT,2010-10-31,2
win_100,QCOR,2010-10-31,2
win_100,REGN,2010-10-31,2
win_100,SNBRQ,2010-10-31,1
win_100,TBL,2010-10-31,2
win_100,ULTA,2010-10-31,2
win_100,VRUS1,2010-10-31,2
win_100,WGHTQ,2010-10-31,2
win_100,WNR,2010-10-31,1
win_100,AKRXQ,2010-11-30,2
win_100,CTRA,2010-11-30,1
win_100,DPZ,2010-11-30,2
win_100,FTO,2010-11-30,2
win_100,GRM,2010-11-30,1
win_100,HK1,2010-11-30,1
win_100,HS,2010-11-30,2
win_100,JAZZ,2010-11-30,2
win_100,LQDT,2010-11-30,2
win_100,MAKO1,2010-11-30,1
win_100,MDVN,2010-11-30,1
win_100,PCYC,2010-11-30,1
win_100,PSMT,2010-11-30,2
win_100,QCOR,2010-11-30,2
win_100,REGN,2010-11-30,2
win_100,RGR,2010-11-30,2
win_100,SNBRQ,2010-11-30,1
win_100,STMP,2010-11-30,2
win_100,VRUS1,2010-11-30,2
win_100,WCG,2010-11-30,1
win_100,ARIA1,2010-12-31,2
win_100,CTRA,2010-12-31,2
win_100,DPZ,2010-12-31,2
win_100,HK1,2010-12-31,1
win_100,HS,2010-12-31,2
win_100,LQDT,2010-12-31,2
win_100,MDVN,2010-12-31,1
win_100,PCYC,2010-12-31,1
win_100,QCOR,2010-12-31,2
win_100,RGR,2010-12-31,1
win_100,SNBRQ,2010-12-31,2
win_100,SPPI,2010-12-31,2
win_100,VRUS1,2010-12-31,2
win_100,AKRXQ,2011-01-31,2
win_100,ARIA1,2011-01-31,2
win_100,ELGXQ,2011-01-31,2
win_100,JAZZ,2011-01-31,2
win_100,LQDT,2011-01-31,2
win_100,MAKO1,2011-01-31,2
win_100,MDVN,2011-01-31,1
win_100,OXM,2011-01-31,1
win_100,PCYC,2011-01-31,1
win_100,QCOR,2011-01-31,2
win_100,REGN,2011-01-31,2
win_100,RGR,2011-01-31,1
win_100,SNBRQ,2011-01-31,2
win_100,SPPI,2011-01-31,2
win_100,ULTA,2011-01-31,2
win_100,VRUS1,2011-01-31,2
win_100,ACAT,2011-02-28,2
win_100,AKRXQ,2011-02-28,2
win_100,ARIA1,2011-02-28,2
win_100,ASPS,2011-02-28,2
win_100,DPZ,2011-02-28,2
win_100,ELGXQ,2011-02-28,2
win_100,JAZZ,2011-02-28,2
win_100,LGF.B,2011-02-28,1
win_100,LQDT,2011-02-28,2
win_100,MDVN,2011-02-28,1
win_100,OXM,2011-02-28,1
win_100,PCYC,2011-02-28,1
win_100,PKT,2011-02-28,1
win_100,QCOR,2011-02-28,2
win_100,REGN,2011-02-28,2
win_100,RGR,2011-02-28,2
win_100,SNBRQ,2011-02-28,2
win_100,SPPI,2011-02-28,2
win_100,STX,2011-02-28,1
win_100,TNH,2011-02-28,2
win_100,VRUS1,2011-02-28,2
win_100,VVUSQ,2011-02-28,1
win_100,ACAT,2011-03-31,2
win_100,AFFY,2011-03-31,1
win_100,AKRXQ,2011-03-31,2
win_100,AMLN,2011-03-31,1
win_100,ARIA1,2011-03-31,2
win_100,DPZ,2011-03-31,2
win_100,ELGXQ,2011-03-31,2
win_100,KATE,2011-03-31,1
win_100,LGF.B,2011-03-31,1
win_100,LQDT,2011-03-31,2
win_100,MDVN,2011-03-31,2
win_100,MNST,2011-03-31,2
win_100,NUS,2011-03-31,2
win_100,PCYC,2011-03-31,1
win_100,PKT,2011-03-31,2
win_100,PSMT,2011-03-31,2
win_100,QCOR,2011-03-31,2
win_100,REGN,2011-03-31,2
win_100,RGR,2011-03-31,2
win_100,SNBRQ,2011-03-31,2
win_100,TNH,2011-03-31,2
win_100,VRUS1,2011-03-31,2
win_100,VVUSQ,2011-03-31,1
win_100,ZOLL,2011-03-31,2
win_100,ACAT,2011-04-30,2
win_100,AFFY,2011-04-30,1
win_100,ANIK,2011-04-30,2
win_100,ARQ,2011-04-30,1
win_100,CONNQ,2011-04-30,1
win_100,DPZ,2011-04-30,2
win_100,KATE,2011-04-30,1
win_100,LNG,2011-04-30,2
win_100,LQDT,2011-04-30,2
win_100,MDVN,2011-04-30,2
win_100,PCYC,2011-04-30,1
win_100,PKT,2011-04-30,2
win_100,PSMT,2011-04-30,2
win_100,QCOR,2011-04-30,2
win_100,REGN,2011-04-30,2
win_100,RGR,2011-04-30,2
win_100,TNH,2011-04-30,2
win_100,VRUS1,2011-04-30,2
win_100,VVUSQ,2011-04-30,1
win_100,ACAT,2011-05-31,2
win_100,AKRXQ,2011-05-31,2
win_100,AVD,2011-05-31,2
win_100,CONNQ,2011-05-31,1
win_100,CPWM,2011-05-31,1
win_100,FIRE,2011-05-31,2
win_100,LGF.B,2011-05-31,1
win_100,LQDT,2011-05-31,2
win_100,MDVN,2011-05-31,2
win_100,MNST,2011-05-31,2
win_100,PCYC,2011-05-31,1
win_100,REGN,2011-05-31,2
win_100,VRUS1,2011-05-31,2
win_100,VVUSQ,2011-05-31,1
win_100,ACAT,2011-06-30,1
win_100,AKRXQ,2011-06-30,2
win_100,ALXN,2011-06-30,2
win_100,AMLN,2011-06-30,1
win_100,AVD,2011-06-30,2
win_100,CKEC,2011-06-30,1
win_100,CPWM,2011-06-30,2
win_100,IDIX,2011-06-30,1
win_100,KATE,2011-06-30,1
win_100,LGF.B,2011-06-30,2
win_100,LQDT,2011-06-30,2
win_100,MDVN,2011-06-30,2
win_100,MLNX,2011-06-30,2
win_100,PCYC,2011-06-30,2
win_100,PKT,2011-06-30,2
win_100,QCOR,2011-06-30,2
win_100,REGN,2011-06-30,2
win_100,VRUS1,2011-06-30,2
win_100,VVUSQ,2011-06-30,1
win_100,ACAT,2011-07-31,2
win_100,AFFY,2011-07-31,1
win_100,AMLN,2011-07-31,1
win_100,ASPS,2011-07-31,2
win_100,CIEIQ,2011-07-31,2
win_100,CONNQ,2011-07-31,1
win_100,CPWM,2011-07-31,1
win_100,CRUS,2011-07-31,1
win_100,FIRE,2011-07-31,2
win_100,HSTM,2011-07-31,2
win_100,LLFLQ,2011-07-31,1
win_100,MDVN,2011-07-31,2
win_100,MLNX,2011-07-31,2
win_100,ONXX,2011-07-31,2
win_100,PCYC,2011-07-31,2
win_100,PKT,2011-07-31,2
win_100,REGN,2011-07-31,2
win_100,STX,2011-07-31,2
win_100,SUSS,2011-07-31,2
win_100,SWI1,2011-07-31,2
win_100,VRUS1,2011-07-31,2
win_100,VVUSQ,2011-07-31,1
win_100,ACAT,2011-08-31,2
win_100,AEO,2011-08-31,2
win_100,ALNY,2011-08-31,1
win_100,AMLN,2011-08-31,1
win_100,AOL,2011-08-31,1
win_100,ARIA1,2011-08-31,2
win_100,ASPS,2011-08-31,2
win_100,AVD,2011-08-31,2
win_100,BDBD,2011-08-31,2
win_100,CAB,2011-08-31,2
win_100,CIEIQ,2011-08-31,1
win_100,CLGX,2011-08-31,1
win_100,CONNQ,2011-08-31,1
win_100,CPWM,2011-08-31,1
win_100,CRAY,2011-08-31,1
win_100,CRBC,2011-08-31,1
win_100,CRUS,2011-08-31,1
win_100,DDD,2011-08-31,2
win_100,DMAN,2011-08-31,1
win_100,EFOR,2011-08-31,2
win_100,EXP,2011-08-31,1
win_100,GAP,2011-08-31,2
win_100,HAIN,2011-08-31,2
win_100,HGIC,2011-08-31,1
win_100,HSTM,2011-08-31,2
win_100,KATE,2011-08-31,1
win_100,KNXA,2011-08-31,2
win_100,LEN,2011-08-31,1
win_100,LGF.B,2011-08-31,2
win_100,LLFLQ,2011-08-31,1
win_100,LPX,2011-08-31,1
win_100,LQDT,2011-08-31,2
win_100,MDSO,2011-08-31,2
win_100,MDVN,2011-08-31,2
win_100,MHO,2011-08-31,1
win_100,MLNX,2011-08-31,2
win_100,MOV,2011-08-31,2
win_100,OKSB,2011-08-31,1
win_100,ONXX,2011-08-31,2
win_100,PCYC,2011-08-31,2
win_100,PKT,2011-08-31,2
win_100,RA2,2011-08-31,2
win_100,REGN,2011-08-31,2
win_100,RRR1,2011-08-31,1
win_100,RYL,2011-08-31,1
win_100,STC,2011-08-31,1
win_100,STX,2011-08-31,1
win_100,SWI1,2011-08-31,2
win_100,USG1,2011-08-31,1
win_100,VRUS1,2011-08-31,2
win_100,VVUSQ,2011-08-31,2
win_100,ZOLL,2011-08-31,2
win_100,ACAT,2011-09-30,2
win_100,AGP,2011-09-30,2
win_100,ALGN,2011-09-30,2
win_100,ALJ,2011-09-30,1
win_100,ALNY,2011-09-30,1
win_100,AMLN,2011-09-30,1
win_100,ANDV,2011-09-30,2
win_100,AOL,2011-09-30,1
win_100,APOG,2011-09-30,1
win_100,ARIA1,2011-09-30,2
win_100,AROC,2011-09-30,1
win_100,ASPS,2011-09-30,2
win_100,ATLS1,2011-09-30,2
win_100,AVD,2011-09-30,2
win_100,AVTA,2011-09-30,2
win_100,AXLL,2011-09-30,1
win_100,BANR,2011-09-30,1
win_100,BDBD,2011-09-30,2
win_100,CAB,2011-09-30,2
win_100,CAL,2011-09-30,1
win_100,CIEIQ,2011-09-30,1
win_100,CLGX,2011-09-30,1
win_100,CLMT,2011-09-30,2
win_100,CONNQ,2011-09-30,1
win_100,CRBC,2011-09-30,1
win_100,CRUS,2011-09-30,1
win_100,DDD,2011-09-30,2
win_100,DFG,2011-09-30,2
win_100,DHI,2011-09-30,2
win_100,DK,2011-09-30,2
win_100,DMAN,2011-09-30,1
win_100,DXPE,2011-09-30,2
win_100,EFOR,2011-09-30,1
win_100,EXP,2011-09-30,1
win_100,EXPE,2011-09-30,2
win_100,FICO,2011-09-30,2
win_100,GAP,2011-09-30,2
win_100,GEOS,2011-09-30,2
win_100,GTIV,2011-09-30,1
win_100,HAIN,2011-09-30,2
win_100,HEES,2011-09-30,1
win_100,HOPE,2011-09-30,1
win_100,HSTM,2011-09-30,2
win_100,IONS,2011-09-30,1
win_100,IRIS,2011-09-30,2
win_100,KATE,2011-09-30,1
win_100,KBH,2011-09-30,1
win_100,KNXA,2011-09-30,1
win_100,LAD,2011-09-30,2
win_100,LEN,2011-09-30,1
win_100,LGF.B,2011-09-30,2
win_100,LLFLQ,2011-09-30,1
win_100,LNG,2011-09-30,1
win_100,LPS,2011-09-30,1
win_100,LPX,2011-09-30,1
win_100,LYB,2011-09-30,2
win_100,MAS,2011-09-30,1
win_100,MDC,2011-09-30,1
win_100,MDSO,2011-09-30,2
win_100,MDVN,2011-09-30,2
win_100,MLNX,2011-09-30,2
win_100,MOV,2011-09-30,2
win_100,MTH,2011-09-30,1
win_100,MTW,2011-09-30,1
win_100,N,2011-09-30,2
win_100,NC,2011-09-30,1
win_100,NP1,2011-09-30,1
win_100,NTCT,2011-09-30,1
win_100,ONIT,2011-09-30,2
win_100,ONXX,2011-09-30,2
win_100,OSIS,2011-09-30,2
win_100,PCYC,2011-09-30,2
win_100,PKT,2011-09-30,2
win_100,PLKI,2011-09-30,2
win_100,PVTB,2011-09-30,1
win_100,RA2,2011-09-30,2
win_100,RDEA,2011-09-30,1
win_100,REGN,2011-09-30,2
win_100,RRR1,2011-09-30,1
win_100,RYL,2011-09-30,1
win_100,SHAW,2011-09-30,1
win_100,SHW,2011-09-30,2
win_100,SIX,2011-09-30,2
win_100,SNBRQ,2011-09-30,2
win_100,SOA,2011-09-30,1
win_100,SPNC,2011-09-30,2
win_100,STC,2011-09-30,1
win_100,STX,2011-09-30,1
win_100,SWI1,2011-09-30,2
win_100,TCBI,2011-09-30,2
win_100,TEX,2011-09-30,1
win_100,TOL,2011-09-30,2
win_100,TPCG,2011-09-30,1
win_100,TREX,2011-09-30,1
win_100,ULTI1,2011-09-30,2
win_100,USG1,2011-09-30,1
win_100,VVUSQ,2011-09-30,2
win_100,WEB,2011-09-30,1
win_100,WLK,2011-09-30,2
win_100,WNR,2011-09-30,2
win_100,XXIA,2011-09-30,1
win_100,ZOLL,2011-09-30,2
win_100,AFFY,2011-10-31,1
win_100,AMLN,2011-10-31,2
win_100,AOL,2011-10-31,1
win_100,AROC,2011-10-31,1
win_100,ASPS,2011-10-31,2
win_100,AVD,2011-10-31,2
win_100,AVTA,2011-10-31,2
win_100,BONTQ,2011-10-31,1
win_100,CIEIQ,2011-10-31,1
win_100,CONNQ,2011-10-31,1
win_100,CRBC,2011-10-31,1
win_100,CRUS,2011-10-31,2
win_100,CTRX,2011-10-31,2
win_100,DDD,2011-10-31,2
win_100,EXP,2011-10-31,1
win_100,EXPE,2011-10-31,2
win_100,HEES,2011-10-31,1
win_100,KBH,2011-10-31,1
win_100,KNXA,2011-10-31,2
win_100,LCC,2011-10-31,1
win_100,LEN,2011-10-31,2
win_100,LGF.B,2011-10-31,2
win_100,LLFLQ,2011-10-31,1
win_100,LPX,2011-10-31,1
win_100,MDSO,2011-10-31,2
win_100,MDVN,2011-10-31,2
win_100,MGAM1,2011-10-31,2
win_100,MHO,2011-10-31,1
win_100,MLNX,2011-10-31,2
win_100,MTH,2011-10-31,1
win_100,ONIT,2011-10-31,2
win_100,PCYC,2011-10-31,2
win_100,PHM,2011-10-31,1
win_100,RA2,2011-10-31,2
win_100,REGN,2011-10-31,2
win_100,RRR1,2011-10-31,1
win_100,RYL,2011-10-31,1
win_100,SHF,2011-10-31,2
win_100,SRZ,2011-10-31,1
win_100,STC,2011-10-31,1
win_100,TPCG,2011-10-31,1
win_100,USG1,2011-10-31,1
win_100,ZOLL,2011-10-31,2
win_100,AFFY,2011-11-30,1
win_100,AGM,2011-11-30,1
win_100,ALNY,2011-11-30,1
win_100,AMLN,2011-11-30,2
win_100,AOL,2011-11-30,1
win_100,ASPS,2011-11-30,2
win_100,AVD,2011-11-30,2
win_100,AXLL,2011-11-30,1
win_100,BDBD,2011-11-30,1
win_100,BRLI1,2011-11-30,1
win_100,CAB,2011-11-30,2
win_100,CAL,2011-11-30,1
win_100,CIEIQ,2011-11-30,1
win_100,CONNQ,2011-11-30,2
win_100,CRAY,2011-11-30,1
win_100,CVI,2011-11-30,2
win_100,DDD,2011-11-30,2
win_100,DINO,2011-11-30,2
win_100,DK,2011-11-30,2
win_100,EXP,2011-11-30,1
win_100,EXPE,2011-11-30,2
win_100,FAF,2011-11-30,1
win_100,GIII,2011-11-30,1
win_100,LEN,2011-11-30,2
win_100,LLFLQ,2011-11-30,2
win_100,LPX,2011-11-30,1
win_100,MDC,2011-11-30,1
win_100,MDVN,2011-11-30,2
win_100,MED,2011-11-30,1
win_100,MHO,2011-11-30,1
win_100,MLNX,2011-11-30,2
win_100,MOV,2011-11-30,2
win_100,NC,2011-11-30,1
win_100,ONIT,2011-11-30,2
win_100,PBH,2011-11-30,1
win_100,PCRX,2011-11-30,1
win_100,PCYC,2011-11-30,2
win_100,PHM,2011-11-30,1
win_100,REGN,2011-11-30,2
win_100,RYL,2011-11-30,1
win_100,SNDA,2011-11-30,1
win_100,SPNC,2011-11-30,2
win_100,SRZ,2011-11-30,1
win_100,SSINQ,2011-11-30,1
win_100,STC,2011-11-30,1
win_100,TPCG,2011-11-30,1
win_100,USG1,2011-11-30,1
win_100,WGO,2011-11-30,1
win_100,WHR,2011-11-30,1
win_100,WNR,2011-11-30,1
win_100,ZOLL,2011-11-30,2
win_100,AFFY,2011-12-31,1
win_100,ALJ,2011-12-31,1
win_100,ALNY,2011-12-31,1
win_100,AMLN,2011-12-31,2
win_100,AOL,2011-12-31,1
win_100,AROC,2011-12-31,1
win_100,AVD,2011-12-31,2
win_100,AXLL,2011-12-31,1
win_100,BAC,2011-12-31,1
win_100,BDBD,2011-12-31,1
win_100,CAL,2011-12-31,1
win_100,CLGX,2011-12-31,1
win_100,CONNQ,2011-12-31,2
win_100,CPWM,2011-12-31,2
win_100,CVI,2011-12-31,2
win_100,DDD,2011-12-31,1
win_100,DINO,2011-12-31,2
win_100,DK,2011-12-31,2
win_100,DORM,2011-12-31,2
win_100,EXP,2011-12-31,2
win_100,EXPE,2011-12-31,2
win_100,GEO,2011-12-31,2
win_100,GEOS,2011-12-31,2
win_100,INHX,2011-12-31,2
win_100,KBH,2011-12-31,1
win_100,KNSY,2011-12-31,1
win_100,LCC,2011-12-31,1
win_100,LLFLQ,2011-12-31,2
win_100,LNG,2011-12-31,1
win_100,LPX,2011-12-31,2
win_100,MDC,2011-12-31,1
win_100,MDVN,2011-12-31,2
win_100,MHO,2011-12-31,1
win_100,NC,2011-12-31,2
win_100,ONIT,2011-12-31,2
win_100,PCRX,2011-12-31,1
win_100,PCYC,2011-12-31,2
win_100,PHH1,2011-12-31,1
win_100,PHM,2011-12-31,1
win_100,REGN,2011-12-31,2
win_100,RLOC,2011-12-31,1
win_100,RYL,2011-12-31,2
win_100,SRZ,2011-12-31,1
win_100,STC,2011-12-31,2
win_100,TEX,2011-12-31,1
win_100,USG1,2011-12-31,1
win_100,WAC,2011-12-31,2
win_100,WGO,2011-12-31,1
win_100,WHR,2011-12-31,1
win_100,WLK,2011-12-31,2
win_100,WNR,2011-12-31,1
win_100,AFFY,2012-01-31,1
win_100,ALJ,2012-01-31,1
win_100,ALNY,2012-01-31,1
win_100,AMLN,2012-01-31,2
win_100,AOL,2012-01-31,1
win_100,AROC,2012-01-31,1
win_100,AVD,2012-01-31,2
win_100,BDBD,2012-01-31,1
win_100,CONNQ,2012-01-31,2
win_100,CRAY,2012-01-31,2
win_100,CVI,2012-01-31,2
win_100,CYH,2012-01-31,1
win_100,CYMI,2012-01-31,2
win_100,DDD,2012-01-31,2
win_100,DDS,2012-01-31,2
win_100,DK,2012-01-31,2
win_100,DSHK,2012-01-31,1
win_100,EFOR,2012-01-31,2
win_100,EXP,2012-01-31,2
win_100,EXPE,2012-01-31,2
win_100,GEO,2012-01-31,2
win_100,GEOS,2012-01-31,2
win_100,INFI,2012-01-31,1
win_100,KBH,2012-01-31,1
win_100,LLFLQ,2012-01-31,2
win_100,LPX,2012-01-31,2
win_100,MDC,2012-01-31,1
win_100,MDSO,2012-01-31,2
win_100,MGAM1,2012-01-31,2
win_100,MHO,2012-01-31,1
win_100,MOV,2012-01-31,2
win_100,NC,2012-01-31,2
win_100,ONIT,2012-01-31,2
win_100,OPCH,2012-01-31,1
win_100,PCYC,2012-01-31,2
win_100,PHM,2012-01-31,2
win_100,QUAD,2012-01-31,1
win_100,RYL,2012-01-31,2
win_100,SRZ,2012-01-31,1
win_100,USG1,2012-01-31,2
win_100,WAC,2012-01-31,1
win_100,WGO,2012-01-31,1
win_100,WHR,2012-01-31,1
win_100,WNR,2012-01-31,2
win_100,AJRD,2012-02-29,2
win_100,ALJ,2012-02-29,1
win_100,ANDV,2012-02-29,2
win_100,AOL,2012-02-29,1
win_100,CONNQ,2012-02-29,2
win_100,CRAY,2012-02-29,2
win_100,CVI,2012-02-29,2
win_100,CYMI,2012-02-29,2
win_100,DDD,2012-02-29,2
win_100,DK,2012-02-29,2
win_100,DSHK,2012-02-29,1
win_100,ENOC,2012-02-29,1
win_100,EXP,2012-02-29,2
win_100,GEO,2012-02-29,2
win_100,LLFLQ,2012-02-29,2
win_100,LPX,2012-02-29,1
win_100,MDSO,2012-02-29,2
win_100,OMX,2012-02-29,1
win_100,ONIT,2012-02-29,2
win_100,PCYC,2012-02-29,2
win_100,PHM,2012-02-29,2
win_100,STZ,2012-02-29,2
win_100,VRTS,2012-02-29,2
win_100,WAC,2012-02-29,1
win_100,WGO,2012-02-29,1
win_100,WNR,2012-02-29,2
win_100,AEGR,2012-03-31,1
win_100,ALJ,2012-03-31,1
win_100,ALNY,2012-03-31,1
win_100,ANDV,2012-03-31,2
win_100,AOL,2012-03-31,2
win_100,APOG,2012-03-31,2
win_100,ARII,2012-03-31,2
win_100,AROC,2012-03-31,1
win_100,CLDX,2012-03-31,1
win_100,CONNQ,2012-03-31,2
win_100,CRAY,2012-03-31,2
win_100,CTRA,2012-03-31,2
win_100,CVI,2012-03-31,2
win_100,CYH,2012-03-31,1
win_100,DDD,2012-03-31,2
win_100,DGI,2012-03-31,1
win_100,DK,2012-03-31,2
win_100,ELLI,2012-03-31,2
win_100,ENOC,2012-03-31,1
win_100,GEO,2012-03-31,2
win_100,GEOS,2012-03-31,2
win_100,GILD,2012-03-31,2
win_100,IMMR,2012-03-31,1
win_100,INFI,2012-03-31,2
win_100,KBH,2012-03-31,1
win_100,LCC,2012-03-31,1
win_100,LLFLQ,2012-03-31,2
win_100,LPX,2012-03-31,2
win_100,MDSO,2012-03-31,2
win_100,NTSP,2012-03-31,1
win_100,NXH,2012-03-31,1
win_100,OMX,2012-03-31,1
win_100,ONIT,2012-03-31,2
win_100,ONXX,2012-03-31,2
win_100,PCRX,2012-03-31,2
win_100,PCYC,2012-03-31,2
win_100,PHM,2012-03-31,2
win_100,PLKI,2012-03-31,2
win_100,QUAD,2012-03-31,1
win_100,RLOC,2012-03-31,1
win_100,RYL,2012-03-31,2
win_100,SAIA,2012-03-31,2
win_100,SBGI,2012-03-31,2
win_100,SNDA,2012-03-31,2
win_100,SNTS,2012-03-31,2
win_100,SRZ,2012-03-31,1
win_100,STZ,2012-03-31,2
win_100,THC,2012-03-31,1
win_100,VRTS,2012-03-31,2
win_100,WGO,2012-03-31,1
win_100,WNR,2012-03-31,2
win_100,ALNY,2012-04-30,1
win_100,ANDV,2012-04-30,1
win_100,APO,2012-04-30,1
win_100,BONTQ,2012-04-30,1
win_100,CAR,2012-04-30,1
win_100,CONNQ,2012-04-30,2
win_100,CYMI,2012-04-30,2
win_100,DGI,2012-04-30,1
win_100,DK,2012-04-30,2
win_100,ENOC,2012-04-30,1
win_100,EPL,2012-04-30,2
win_100,FSLR,2012-04-30,1
win_100,FURX,2012-04-30,1
win_100,GEO,2012-04-30,2
win_100,INFI,2012-04-30,2
win_100,IONS,2012-04-30,1
win_100,KBH,2012-04-30,1
win_100,LGF.B,2012-04-30,2
win_100,LGND,2012-04-30,2
win_100,LLFLQ,2012-04-30,2
win_100,LPX,2012-04-30,2
win_100,MDSO,2012-04-30,2
win_100,MGAM1,2012-04-30,2
win_100,NFLX,2012-04-30,1
win_100,NTSP,2012-04-30,1
win_100,ONIT,2012-04-30,2
win_100,ONXX,2012-04-30,2
win_100,PCRX,2012-04-30,1
win_100,PCYC,2012-04-30,2
win_100,PHM,2012-04-30,2
win_100,RJETQ,2012-04-30,1
win_100,RYL,2012-04-30,2
win_100,SAIA,2012-04-30,2
win_100,SBGI,2012-04-30,1
win_100,SMP,2012-04-30,1
win_100,SNDA,2012-04-30,2
win_100,SNTS,2012-04-30,2
win_100,SPWRQ,2012-04-30,1
win_100,SRZ,2012-04-30,1
win_100,STZ,2012-04-30,2
win_100,THC,2012-04-30,1
win_100,TVTY,2012-04-30,1
win_100,VRTS,2012-04-30,2
win_100,AB,2012-05-31,1
win_100,AJRD,2012-05-31,2
win_100,ALJ,2012-05-31,1
win_100,ALKS,2012-05-31,2
win_100,ALNY,2012-05-31,2
win_100,AMN,2012-05-31,1
win_100,ANDV,2012-05-31,1
win_100,ANDX,2012-05-31,2
win_100,APO,2012-05-31,1
win_100,AROC,2012-05-31,1
win_100,AX,2012-05-31,2
win_100,BLC,2012-05-31,1
win_100,BONTQ,2012-05-31,1
win_100,CAMPQ,2012-05-31,2
win_100,CAR,2012-05-31,2
win_100,CONNQ,2012-05-31,2
win_100,CPAY,2012-05-31,2
win_100,CSOD,2012-05-31,2
win_100,CTRA,2012-05-31,2
win_100,CVI,2012-05-31,2
win_100,CYH,2012-05-31,1
win_100,CYMI,2012-05-31,2
win_100,DDD,2012-05-31,2
win_100,DK,2012-05-31,2
win_100,ECYT,2012-05-31,1
win_100,ENOC,2012-05-31,1
win_100,EXP,2012-05-31,2
win_100,FNGN,2012-05-31,2
win_100,FSLR,2012-05-31,1
win_100,GEO,2012-05-31,2
win_100,GILD,2012-05-31,2
win_100,GMCR,2012-05-31,1
win_100,GNRC,2012-05-31,2
win_100,GNW,2012-05-31,1
win_100,GPORQ,2012-05-31,1
win_100,GPRE,2012-05-31,1
win_100,HCI,2012-05-31,2
win_100,HEES,2012-05-31,2
win_100,HMA1,2012-05-31,1
win_100,HRB,2012-05-31,2
win_100,ICON1,2012-05-31,1
win_100,INFI,2012-05-31,2
win_100,IONS,2012-05-31,2
win_100,KBH,2012-05-31,1
win_100,KKD,2012-05-31,1
win_100,KS,2012-05-31,2
win_100,LAD,2012-05-31,2
win_100,LGF.B,2012-05-31,2
win_100,LGND,2012-05-31,1
win_100,LLFLQ,2012-05-31,2
win_100,LNG,2012-05-31,2
win_100,MAPP1,2012-05-31,1
win_100,MDSO,2012-05-31,2
win_100,MGAM1,2012-05-31,2
win_100,MINI,2012-05-31,1
win_100,MPC,2012-05-31,2
win_100,MTW,2012-05-31,1
win_100,MU,2012-05-31,1
win_100,NFLX,2012-05-31,1
win_100,NTSP,2012-05-31,1
win_100,NXH,2012-05-31,1
win_100,ONIT,2012-05-31,2
win_100,ONXX,2012-05-31,2
win_100,OPCH,2012-05-31,2
win_100,PBH,2012-05-31,2
win_100,PCRX,2012-05-31,1
win_100,PCYC,2012-05-31,2
win_100,PDCE,2012-05-31,1
win_100,PDFS,2012-05-31,2
win_100,PHM,2012-05-31,2
win_100,PNK,2012-05-31,1
win_100,PRAA,2012-05-31,2
win_100,QUAD,2012-05-31,1
win_100,RPRX1,2012-05-31,1
win_100,RYL,2012-05-31,2
win_100,SAIA,2012-05-31,2
win_100,SBGI,2012-05-31,1
win_100,SGI1,2012-05-31,1
win_100,SHF,2012-05-31,2
win_100,SKYW,2012-05-31,1
win_100,SMP,2012-05-31,1
win_100,SNTS,2012-05-31,2
win_100,SPWRQ,2012-05-31,1
win_100,SRZ,2012-05-31,1
win_100,STC,2012-05-31,2
win_100,STEI,2012-05-31,1
win_100,STZ,2012-05-31,2
win_100,TEX,2012-05-31,1
win_100,TMUS,2012-05-31,1
win_100,TSLA,2012-05-31,2
win_100,TXI,2012-05-31,1
win_100,UHAL,2012-05-31,2
win_100,VLO,2012-05-31,2
win_100,VMED,2012-05-31,2
win_100,VRTS,2012-05-31,2
win_100,WDC,2012-05-31,2
win_100,WGO,2012-05-31,1
win_100,WHR,2012-05-31,2
win_100,WOLF2,2012-05-31,1
win_100,WOR,2012-05-31,1
win_100,YELLQ,2012-05-31,1
win_100,AEGR,2012-06-30,1
win_100,AJRD,2012-06-30,2
win_100,ALNY,2012-06-30,2
win_100,ANDV,2012-06-30,2
win_100,APO,2012-06-30,1
win_100,AROC,2012-06-30,1
win_100,AX,2012-06-30,2
win_100,BBSI,2012-06-30,2
win_100,BLC,2012-06-30,1
win_100,BONTQ,2012-06-30,1
win_100,CLDX,2012-06-30,2
win_100,CONNQ,2012-06-30,2
win_100,CPAY,2012-06-30,2
win_100,CQB,2012-06-30,1
win_100,CSV,2012-06-30,2
win_100,CVI,2012-06-30,2
win_100,DCO,2012-06-30,1
win_100,DGI,2012-06-30,1
win_100,FNGN,2012-06-30,2
win_100,FSLR,2012-06-30,1
win_100,GEOY,2012-06-30,1
win_100,GIII,2012-06-30,1
win_100,GMCR,2012-06-30,1
win_100,GME,2012-06-30,1
win_100,GNRC,2012-06-30,2
win_100,GNW,2012-06-30,1
win_100,GPORQ,2012-06-30,1
win_100,GPRE,2012-06-30,1
win_100,HEES,2012-06-30,2
win_100,HMA1,2012-06-30,2
win_100,IDT,2012-06-30,1
win_100,IONS,2012-06-30,2
win_100,KATE,2012-06-30,2
win_100,KBH,2012-06-30,1
win_100,KKD,2012-06-30,1
win_100,KS,2012-06-30,2
win_100,LAD,2012-06-30,2
win_100,LEDR,2012-06-30,2
win_100,LGND,2012-06-30,2
win_100,LLFLQ,2012-06-30,2
win_100,MDSO,2012-06-30,2
win_100,MINI,2012-06-30,1
win_100,MODVQ,2012-06-30,1
win_100,MTZ,2012-06-30,1
win_100,MU,2012-06-30,1
win_100,NFLX,2012-06-30,1
win_100,OMX,2012-06-30,1
win_100,ONIT,2012-06-30,2
win_100,OPCH,2012-06-30,2
win_100,PDCE,2012-06-30,1
win_100,PNK,2012-06-30,1
win_100,PPC,2012-06-30,2
win_100,RJETQ,2012-06-30,1
win_100,RPRX1,2012-06-30,2
win_100,SAIA,2012-06-30,2
win_100,SBGI,2012-06-30,1
win_100,SGI1,2012-06-30,1
win_100,SHF,2012-06-30,2
win_100,SKYW,2012-06-30,1
win_100,SMP,2012-06-30,1
win_100,SNDA,2012-06-30,2
win_100,SNTS,2012-06-30,2
win_100,THC,2012-06-30,1
win_100,TMUS,2012-06-30,1
win_100,TSLA,2012-06-30,2
win_100,TVTY,2012-06-30,1
win_100,UEIC,2012-06-30,1
win_100,VMED,2012-06-30,2
win_100,VRTS,2012-06-30,2
win_100,WDC,2012-06-30,2
win_100,WGO,2012-06-30,2
win_100,WOLF2,2012-06-30,1
win_100,YELLQ,2012-06-30,1
win_100,ACM,2012-07-31,1
win_100,AEGR,2012-07-31,1
win_100,AJRD,2012-07-31,2
win_100,ALNY,2012-07-31,2
win_100,AMCC,2012-07-31,1
win_100,ANDV,2012-07-31,2
win_100,APO,2012-07-31,2
win_100,AROC,2012-07-31,1
win_100,BLC,2012-07-31,1
win_100,BONTQ,2012-07-31,1
win_100,BPOP,2012-07-31,1
win_100,BSX,2012-07-31,1
win_100,BYD,2012-07-31,1
win_100,CAMPQ,2012-07-31,2
win_100,CAR,2012-07-31,2
win_100,CASLQ,2012-07-31,1
win_100,CELG,2012-07-31,2
win_100,CGX,2012-07-31,1
win_100,CKP,2012-07-31,1
win_100,CLDX,2012-07-31,2
win_100,CONNQ,2012-07-31,2
win_100,CPAY,2012-07-31,2
win_100,CQB,2012-07-31,1
win_100,CVI,2012-07-31,2
win_100,CYMI,2012-07-31,2
win_100,DAL,2012-07-31,2
win_100,EA,2012-07-31,1
win_100,ECYT,2012-07-31,1
win_100,EEFT,2012-07-31,2
win_100,EFII,2012-07-31,2
win_100,EVR,2012-07-31,1
win_100,FNGN,2012-07-31,2
win_100,FSLR,2012-07-31,1
win_100,FTK,2012-07-31,1
win_100,GDOT,2012-07-31,1
win_100,GIII,2012-07-31,1
win_100,GILD,2012-07-31,2
win_100,GMCR,2012-07-31,1
win_100,GME,2012-07-31,1
win_100,GNRC,2012-07-31,2
win_100,GNW,2012-07-31,1
win_100,GPORQ,2012-07-31,1
win_100,HBI,2012-07-31,2
win_100,HCI,2012-07-31,2
win_100,HEES,2012-07-31,1
win_100,HGGGQ,2012-07-31,1
win_100,HMA1,2012-07-31,1
win_100,HRB,2012-07-31,2
win_100,HTZGQ,2012-07-31,2
win_100,ININ,2012-07-31,2
win_100,IONS,2012-07-31,2
win_100,IPAR,2012-07-31,2
win_100,KATE,2012-07-31,2
win_100,KKD,2012-07-31,1
win_100,KNX,2012-07-31,1
win_100,KS,2012-07-31,2
win_100,LAD,2012-07-31,2
win_100,LEAP2,2012-07-31,1
win_100,LGF.B,2012-07-31,2
win_100,LGND,2012-07-31,2
win_100,LLFLQ,2012-07-31,2
win_100,LNC,2012-07-31,1
win_100,LNG,2012-07-31,2
win_100,LOPE,2012-07-31,2
win_100,LXK,2012-07-31,1
win_100,MDSO,2012-07-31,2
win_100,MGAM1,2012-07-31,2
win_100,MINI,2012-07-31,1
win_100,MS,2012-07-31,1
win_100,MTZ,2012-07-31,1
win_100,MU,2012-07-31,1
win_100,NFLX,2012-07-31,1
win_100,NPSP,2012-07-31,2
win_100,OA,2012-07-31,1
win_100,ONIT,2012-07-31,2
win_100,OPCH,2012-07-31,1
win_100,PATK,2012-07-31,2
win_100,PBH,2012-07-31,2
win_100,PCRX,2012-07-31,2
win_100,PCYC,2012-07-31,2
win_100,PDCE,2012-07-31,1
win_100,PRO,2012-07-31,2
win_100,QUAD,2012-07-31,1
win_100,REGN,2012-07-31,2
win_100,RPRX1,2012-07-31,2
win_100,SBGI,2012-07-31,1
win_100,SGI1,2012-07-31,1
win_100,SKYW,2012-07-31,1
win_100,SLCA,2012-07-31,1
win_100,SMP,2012-07-31,1
win_100,SNDA,2012-07-31,2
win_100,SNTS,2012-07-31,2
win_100,SRPT,2012-07-31,1
win_100,SRZ,2012-07-31,1
win_100,STAA,2012-07-31,1
win_100,TMUS,2012-07-31,1
win_100,TSLA,2012-07-31,2
win_100,UCB,2012-07-31,1
win_100,VC,2012-07-31,1
win_100,VRTS,2012-07-31,2
win_100,WBMD,2012-07-31,1
win_100,WGO,2012-07-31,2
win_100,WHR,2012-07-31,2
win_100,WNS,2012-07-31,2
win_100,WOLF2,2012-07-31,1
win_100,AEGR,2012-08-31,1
win_100,ALNY,2012-08-31,2
win_100,AMCC,2012-08-31,1
win_100,APO,2012-08-31,1
win_100,ARCB,2012-08-31,1
win_100,ATRO,2012-08-31,2
win_100,AX,2012-08-31,2
win_100,AXON,2012-08-31,2
win_100,BBY,2012-08-31,1
win_100,BLC,2012-08-31,2
win_100,BYD,2012-08-31,1
win_100,CALX,2012-08-31,1
win_100,CAMPQ,2012-08-31,2
win_100,CLDX,2012-08-31,2
win_100,CONNQ,2012-08-31,2
win_100,CPAY,2012-08-31,2
win_100,CQB,2012-08-31,1
win_100,CRAY,2012-08-31,2
win_100,CYMI,2012-08-31,2
win_100,CZR2,2012-08-31,1
win_100,DAL,2012-08-31,1
win_100,DXCM,2012-08-31,2
win_100,FNGN,2012-08-31,2
win_100,GDOT,2012-08-31,1
win_100,GILD,2012-08-31,2
win_100,GLBR,2012-08-31,1
win_100,GMCR,2012-08-31,1
win_100,GME,2012-08-31,1
win_100,GNRC,2012-08-31,1
win_100,GNW,2012-08-31,1
win_100,GPORQ,2012-08-31,2
win_100,HEES,2012-08-31,2
win_100,HGGGQ,2012-08-31,1
win_100,ITG1,2012-08-31,1
win_100,KKD,2012-08-31,1
win_100,KNX,2012-08-31,1
win_100,KS,2012-08-31,2
win_100,LAD,2012-08-31,2
win_100,LEAP2,2012-08-31,1
win_100,LGF.B,2012-08-31,2
win_100,LGND,2012-08-31,2
win_100,LLFLQ,2012-08-31,2
win_100,LNKD,2012-08-31,2
win_100,MDSO,2012-08-31,2
win_100,MGAM1,2012-08-31,2
win_100,MODVQ,2012-08-31,1
win_100,MU,2012-08-31,1
win_100,NFLX,2012-08-31,1
win_100,NPSP,2012-08-31,1
win_100,NUS,2012-08-31,2
win_100,OA,2012-08-31,1
win_100,OMX,2012-08-31,1
win_100,PBH,2012-08-31,2
win_100,PDCE,2012-08-31,1
win_100,PNK,2012-08-31,1
win_100,PPC,2012-08-31,1
win_100,QUAD,2012-08-31,1
win_100,RRGB,2012-08-31,2
win_100,SAIA,2012-08-31,2
win_100,SAM,2012-08-31,2
win_100,SBGI,2012-08-31,2
win_100,SCOR,2012-08-31,1
win_100,SEE,2012-08-31,1
win_100,SLCA,2012-08-31,1
win_100,SNTS,2012-08-31,2
win_100,SRPT,2012-08-31,2
win_100,TBHC,2012-08-31,1
win_100,TSLA,2012-08-31,1
win_100,VHS,2012-08-31,1
win_100,VRTS,2012-08-31,2
win_100,WBMD,2012-08-31,1
win_100,ZG,2012-08-31,2
win_100,ZLC,2012-08-31,1
win_100,AAON,2012-09-30,2
win_100,AEGR,2012-09-30,1
win_100,ALNY,2012-09-30,2
win_100,AMCC,2012-09-30,1
win_100,APO,2012-09-30,2
win_100,ARCB,2012-09-30,1
win_100,ATRO,2012-09-30,2
win_100,AX,2012-09-30,2
win_100,AXON,2012-09-30,2
win_100,BBSI,2012-09-30,2
win_100,BBY,2012-09-30,1
win_100,BSX,2012-09-30,1
win_100,BYD,2012-09-30,1
win_100,CAMPQ,2012-09-30,2
win_100,CELG,2012-09-30,2
win_100,CGX,2012-09-30,1
win_100,CKP,2012-09-30,1
win_100,CLDX,2012-09-30,2
win_100,CONNQ,2012-09-30,2
win_100,CPAY,2012-09-30,2
win_100,CSGP,2012-09-30,2
win_100,CYMI,2012-09-30,2
win_100,CZR2,2012-09-30,1
win_100,DAL,2012-09-30,1
win_100,DDD,2012-09-30,2
win_100,EA,2012-09-30,1
win_100,EEFT,2012-09-30,2
win_100,FNGN,2012-09-30,2
win_100,FSS,2012-09-30,1
win_100,FURX,2012-09-30,1
win_100,GDOT,2012-09-30,1
win_100,GLBR,2012-09-30,1
win_100,GMCR,2012-09-30,1
win_100,GME,2012-09-30,1
win_100,GNRC,2012-09-30,2
win_100,GNW,2012-09-30,1
win_100,GPORQ,2012-09-30,2
win_100,GPRE,2012-09-30,1
win_100,HEES,2012-09-30,1
win_100,HGGGQ,2012-09-30,1
win_100,INCY,2012-09-30,2
win_100,INFN,2012-09-30,1
win_100,ININ,2012-09-30,2
win_100,IONS,2012-09-30,2
win_100,IQNT,2012-09-30,1
win_100,KKD,2012-09-30,2
win_100,KNX,2012-09-30,1
win_100,KS,2012-09-30,2
win_100,LAD,2012-09-30,2
win_100,LEAP2,2012-09-30,1
win_100,LGF.B,2012-09-30,2
win_100,LGND,2012-09-30,2
win_100,LLFLQ,2012-09-30,2
win_100,LNG,2012-09-30,2
win_100,LNKD,2012-09-30,2
win_100,LYV,2012-09-30,1
win_100,MAN,2012-09-30,1
win_100,MDSO,2012-09-30,2
win_100,MEI,2012-09-30,2
win_100,MGAM1,2012-09-30,2
win_100,MINI,2012-09-30,1
win_100,MU,2012-09-30,1
win_100,NFLX,2012-09-30,1
win_100,NPSP,2012-09-30,2
win_100,NUS,2012-09-30,2
win_100,ONIT,2012-09-30,2
win_100,P1,2012-09-30,1
win_100,PCRX,2012-09-30,2
win_100,PCYC,2012-09-30,2
win_100,PNK,2012-09-30,2
win_100,PPC,2012-09-30,1
win_100,QCOR,2012-09-30,2
win_100,QUAD,2012-09-30,1
win_100,REGI,2012-09-30,1
win_100,REGN,2012-09-30,2
win_100,RPTP,2012-09-30,1
win_100,RRGB,2012-09-30,2
win_100,SAIA,2012-09-30,2
win_100,SAM,2012-09-30,2
win_100,SANM,2012-09-30,1
win_100,SAVEQ,2012-09-30,2
win_100,SBGI,2012-09-30,2
win_100,SNTS,2012-09-30,2
win_100,SRPT,2012-09-30,2
win_100,STGW,2012-09-30,1
win_100,SWY,2012-09-30,1
win_100,TSLA,2012-09-30,1
win_100,TSRX,2012-09-30,1
win_100,TTI,2012-09-30,1
win_100,TUESQ,2012-09-30,2
win_100,TW2,2012-09-30,2
win_100,UI,2012-09-30,1
win_100,WBMD,2012-09-30,1
win_100,WGO,2012-09-30,2
win_100,WOLF2,2012-09-30,1
win_100,YELLQ,2012-09-30,1
win_100,YHOO,2012-09-30,2
win_100,ZLC,2012-09-30,2
win_100,ZOLT,2012-09-30,1
win_100,ACHC,2012-10-31,2
win_100,ADVS,2012-10-31,2
win_100,AEGR,2012-10-31,2
win_100,ALGN,2012-10-31,2
win_100,ALNY,2012-10-31,2
win_100,AMCC,2012-10-31,1
win_100,ANAC1,2012-10-31,1
win_100,APO,2012-10-31,2
win_100,ARCB,2012-10-31,1
win_100,ATHN1,2012-10-31,2
win_100,ATRO,2012-10-31,2
win_100,AX,2012-10-31,2
win_100,AXON,2012-10-31,2
win_100,BBY,2012-10-31,1
win_100,BSX,2012-10-31,1
win_100,CAMPQ,2012-10-31,2
win_100,CELG,2012-10-31,2
win_100,CGX,2012-10-31,1
win_100,CIR1,2012-10-31,2
win_100,CLDX,2012-10-31,2
win_100,CMD,2012-10-31,2
win_100,CMG,2012-10-31,2
win_100,CONNQ,2012-10-31,2
win_100,CPAY,2012-10-31,2
win_100,CSGP,2012-10-31,2
win_100,CTCT,2012-10-31,1
win_100,CZR2,2012-10-31,1
win_100,DAL,2012-10-31,2
win_100,DDD,2012-10-31,2
win_100,DECK,2012-10-31,1
win_100,DXCM,2012-10-31,2
win_100,DY,2012-10-31,1
win_100,EA,2012-10-31,1
win_100,EEFT,2012-10-31,2
win_100,ENLC,2012-10-31,1
win_100,ENV,2012-10-31,2
win_100,EPAM,2012-10-31,2
win_100,ETFC,2012-10-31,1
win_100,EXPR,2012-10-31,1
win_100,FDML,2012-10-31,1
win_100,FNGN,2012-10-31,2
win_100,FONR,2012-10-31,2
win_100,FSLR,2012-10-31,1
win_100,GDOT,2012-10-31,1
win_100,GILD,2012-10-31,2
win_100,GMCR,2012-10-31,1
win_100,GME,2012-10-31,2
win_100,GNW,2012-10-31,1
win_100,GPRE,2012-10-31,1
win_100,HALO,2012-10-31,1
win_100,HBI,2012-10-31,2
win_100,HCI,2012-10-31,2
win_100,HGGGQ,2012-10-31,1
win_100,HURN,2012-10-31,2
win_100,INCY,2012-10-31,2
win_100,INSM,2012-10-31,1
win_100,IONS,2012-10-31,2
win_100,KATE,2012-10-31,2
win_100,KKD,2012-10-31,2
win_100,KNX,2012-10-31,1
win_100,KS,2012-10-31,2
win_100,LAB,2012-10-31,2
win_100,LEAP2,2012-10-31,1
win_100,LGF.B,2012-10-31,2
win_100,LGND,2012-10-31,1
win_100,LIN2,2012-10-31,2
win_100,LLFLQ,2012-10-31,2
win_100,LNG,2012-10-31,2
win_100,LNKD,2012-10-31,2
win_100,LNWO,2012-10-31,1
win_100,LOPE,2012-10-31,2
win_100,LYV,2012-10-31,1
win_100,MAN,2012-10-31,1
win_100,MDSO,2012-10-31,2
win_100,MGAM1,2012-10-31,2
win_100,MINI,2012-10-31,1
win_100,MKTX,2012-10-31,2
win_100,MU,2012-10-31,1
win_100,NFLX,2012-10-31,2
win_100,NPSP,2012-10-31,2
win_100,NTRI,2012-10-31,1
win_100,NUS,2012-10-31,2
win_100,NUVA,2012-10-31,1
win_100,OMX,2012-10-31,1
win_100,P1,2012-10-31,1
win_100,PCRX,2012-10-31,2
win_100,PDCE,2012-10-31,2
win_100,PPC,2012-10-31,1
win_100,QCOR,2012-10-31,1
win_100,QUAD,2012-10-31,1
win_100,REGN,2012-10-31,2
win_100,RRD,2012-10-31,1
win_100,RRGB,2012-10-31,2
win_100,SAIA,2012-10-31,2
win_100,SAM,2012-10-31,2
win_100,SAVEQ,2012-10-31,1
win_100,SBGI,2012-10-31,2
win_100,SLCA,2012-10-31,1
win_100,SNTS,2012-10-31,2
win_100,SWY,2012-10-31,1
win_100,SYNA,2012-10-31,1
win_100,TMUS,2012-10-31,2
win_100,TPC,2012-10-31,1
win_100,TREX,2012-10-31,2
win_100,TSLA,2012-10-31,1
win_100,TTI,2012-10-31,1
win_100,TUESQ,2012-10-31,2
win_100,TW2,2012-10-31,2
win_100,TYL,2012-10-31,2
win_100,UI,2012-10-31,1
win_100,VHS,2012-10-31,1
win_100,VOXX,2012-10-31,1
win_100,VRTS,2012-10-31,2
win_100,WAL,2012-10-31,2
win_100,WBMD,2012-10-31,1
win_100,WDC,2012-10-31,2
win_100,WGO,2012-10-31,2
win_100,WOLF2,2012-10-31,2
win_100,WT,2012-10-31,1
win_100,ZG,2012-10-31,2
win_100,ZLC,2012-10-31,2
win_100,ZOLT,2012-10-31,1
win_100,AAON,2012-11-30,2
win_100,ABMD,2012-11-30,2
win_100,ACAD,2012-11-30,2
win_100,ACETQ,2012-11-30,2
win_100,ACHC,2012-11-30,2
win_100,ACTV2,2012-11-30,1
win_100,ADVS,2012-11-30,2
win_100,AEGR,2012-11-30,2
win_100,AEL,2012-11-30,1
win_100,AIR,2012-11-30,1
win_100,ALKS,2012-11-30,2
win_100,ALNY,2012-11-30,2
win_100,ANAC1,2012-11-30,1
win_100,ANDE,2012-11-30,2
win_100,APO,2012-11-30,2
win_100,ARCB,2012-11-30,1
win_100,ARQ,2012-11-30,1
win_100,ATHN1,2012-11-30,2
win_100,ATRO,2012-11-30,1
win_100,AX,2012-11-30,2
win_100,AXON,2012-11-30,2
win_100,BBSI,2012-11-30,2
win_100,BBY,2012-11-30,1
win_100,BSX,2012-11-30,1
win_100,BWLD,2012-11-30,2
win_100,BX,2012-11-30,2
win_100,BYD,2012-11-30,1
win_100,CAMPQ,2012-11-30,2
win_100,CELG,2012-11-30,2
win_100,CIR1,2012-11-30,2
win_100,CLDX,2012-11-30,2
win_100,CLVSQ,2012-11-30,1
win_100,CMD,2012-11-30,2
win_100,CONNQ,2012-11-30,2
win_100,CPAY,2012-11-30,2
win_100,CPLA,2012-11-30,1
win_100,CRVL,2012-11-30,2
win_100,CSGP,2012-11-30,2
win_100,CTCT,2012-11-30,1
win_100,CZR2,2012-11-30,1
win_100,DAL,2012-11-30,2
win_100,DDD,2012-11-30,2
win_100,DECK,2012-11-30,1
win_100,DXCM,2012-11-30,2
win_100,DXPE,2012-11-30,2
win_100,EEFT,2012-11-30,2
win_100,EFII,2012-11-30,2
win_100,ENDPQ,2012-11-30,2
win_100,ENLC,2012-11-30,1
win_100,ENS,2012-11-30,2
win_100,ESINQ,2012-11-30,1
win_100,ETFC,2012-11-30,1
win_100,EVR,2012-11-30,2
win_100,EXAM,2012-11-30,1
win_100,FDML,2012-11-30,1
win_100,FNGN,2012-11-30,2
win_100,FRGI,2012-11-30,1
win_100,FSLR,2012-11-30,1
win_100,GBCI,2012-11-30,2
win_100,GDPMQ,2012-11-30,1
win_100,GNW,2012-11-30,1
win_100,GPRE,2012-11-30,1
win_100,HALO,2012-11-30,1
win_100,HAR,2012-11-30,2
win_100,HCI,2012-11-30,2
win_100,HGGGQ,2012-11-30,1
win_100,HII,2012-11-30,2
win_100,HOMB,2012-11-30,2
win_100,HPQ,2012-11-30,1
win_100,IGTE,2012-11-30,2
win_100,INCY,2012-11-30,2
win_100,ININ,2012-11-30,2
win_100,INSM,2012-11-30,1
win_100,IONS,2012-11-30,1
win_100,ITG1,2012-11-30,1
win_100,JAZZ,2012-11-30,2
win_100,KATE,2012-11-30,2
win_100,KKD,2012-11-30,2
win_100,KNX,2012-11-30,1
win_100,KS,2012-11-30,2
win_100,LAB,2012-11-30,1
win_100,LEAP2,2012-11-30,1
win_100,LGND,2012-11-30,2
win_100,LIN2,2012-11-30,2
win_100,LNC,2012-11-30,2
win_100,LNG,2012-11-30,2
win_100,LNKD,2012-11-30,2
win_100,LNWO,2012-11-30,1
win_100,LYV,2012-11-30,1
win_100,MAKO1,2012-11-30,1
win_100,MAN,2012-11-30,1
win_100,MANH,2012-11-30,2
win_100,MDSO,2012-11-30,2
win_100,MINI,2012-11-30,2
win_100,MKTG,2012-11-30,1
win_100,MKTX,2012-11-30,2
win_100,MOVE1,2012-11-30,2
win_100,MTRX,2012-11-30,1
win_100,MU,2012-11-30,1
win_100,NFLX,2012-11-30,2
win_100,NPSP,2012-11-30,2
win_100,NTRI,2012-11-30,1
win_100,NTUS,2012-11-30,1
win_100,NUS,2012-11-30,2
win_100,NUVA,2012-11-30,1
win_100,NXST,2012-11-30,2
win_100,NYX1,2012-11-30,2
win_100,OA,2012-11-30,2
win_100,P1,2012-11-30,1
win_100,PBI,2012-11-30,1
win_100,PBYI,2012-11-30,2
win_100,PCRX,2012-11-30,2
win_100,PCYC,2012-11-30,2
win_100,PEGA,2012-11-30,1
win_100,PNX,2012-11-30,1
win_100,PPC,2012-11-30,1
win_100,PRO,2012-11-30,2
win_100,QCOR,2012-11-30,1
win_100,RGEN,2012-11-30,2
win_100,RPTP,2012-11-30,1
win_100,RRD,2012-11-30,1
win_100,RRGB,2012-11-30,2
win_100,SAIA,2012-11-30,2
win_100,SAM,2012-11-30,2
win_100,SAVEQ,2012-11-30,1
win_100,SBGI,2012-11-30,2
win_100,SCOR,2012-11-30,1
win_100,SGMO,2012-11-30,2
win_100,SLCA,2012-11-30,1
win_100,SNTS,2012-11-30,2
win_100,SNX,2012-11-30,2
win_100,SPR,2012-11-30,1
win_100,STX,2012-11-30,2
win_100,SWY,2012-11-30,1
win_100,TSLA,2012-11-30,1
win_100,TUESQ,2012-11-30,2
win_100,TW2,2012-11-30,2
win_100,TYL,2012-11-30,2
win_100,TYPE,2012-11-30,2
win_100,UCB,2012-11-30,1
win_100,UI,2012-11-30,1
win_100,VRTU,2012-11-30,2
win_100,WAL,2012-11-30,2
win_100,WBMD,2012-11-30,1
win_100,WDC,2012-11-30,2
win_100,WDR,2012-11-30,2
win_100,WGO,2012-11-30,2
win_100,WT,2012-11-30,2
win_100,WWE,2012-11-30,1
win_100,ZG,2012-11-30,2
win_100,ZOLT,2012-11-30,1
win_100,AAON,2012-12-31,2
win_100,ACETQ,2012-12-31,2
win_100,ACHC,2012-12-31,2
win_100,ADVS,2012-12-31,2
win_100,AEGR,2012-12-31,2
win_100,AEL,2012-12-31,2
win_100,ALGN,2012-12-31,2
win_100,ALKS,2012-12-31,2
win_100,ALNY,2012-12-31,2
win_100,ANDE,2012-12-31,2
win_100,APO,2012-12-31,2
win_100,ARCB,2012-12-31,1
win_100,ARQ,2012-12-31,1
win_100,ATRO,2012-12-31,1
win_100,AX,2012-12-31,2
win_100,BBSI,2012-12-31,2
win_100,BBY,2012-12-31,1
win_100,BSX,2012-12-31,1
win_100,BWLD,2012-12-31,2
win_100,BX,2012-12-31,2
win_100,CAMPQ,2012-12-31,2
win_100,CAR,2012-12-31,2
win_100,CELG,2012-12-31,2
win_100,CGNX,2012-12-31,2
win_100,CIR1,2012-12-31,2
win_100,CLDX,2012-12-31,2
win_100,CLVSQ,2012-12-31,1
win_100,CONNQ,2012-12-31,2
win_100,CPAY,2012-12-31,2
win_100,CPLA,2012-12-31,1
win_100,CRVL,2012-12-31,2
win_100,CRZO,2012-12-31,1
win_100,CSGP,2012-12-31,2
win_100,CSII,2012-12-31,2
win_100,CTCT,2012-12-31,1
win_100,CWEI,2012-12-31,1
win_100,CZR2,2012-12-31,1
win_100,DAL,2012-12-31,2
win_100,DDD,2012-12-31,2
win_100,DECK,2012-12-31,1
win_100,DWA,2012-12-31,1
win_100,DXCM,2012-12-31,2
win_100,DXPE,2012-12-31,2
win_100,EEFT,2012-12-31,2
win_100,EFII,2012-12-31,2
win_100,ENDPQ,2012-12-31,2
win_100,ENLC,2012-12-31,1
win_100,ENLK,2012-12-31,1
win_100,ETFC,2012-12-31,1
win_100,EVR,2012-12-31,2
win_100,EXAM,2012-12-31,1
win_100,FNGN,2012-12-31,2
win_100,FRGI,2012-12-31,1
win_100,GBCI,2012-12-31,2
win_100,GBX,2012-12-31,1
win_100,GDOT,2012-12-31,1
win_100,GIII,2012-12-31,2
win_100,GILD,2012-12-31,2
win_100,GME,2012-12-31,2
win_100,GNW,2012-12-31,1
win_100,GPRE,2012-12-31,1
win_100,HALO,2012-12-31,1
win_100,HCI,2012-12-31,2
win_100,HII,2012-12-31,2
win_100,HLF,2012-12-31,2
win_100,HOMB,2012-12-31,2
win_100,HPQ,2012-12-31,1
win_100,IGTE,2012-12-31,2
win_100,INCY,2012-12-31,2
win_100,ININ,2012-12-31,2
win_100,IONS,2012-12-31,1
win_100,ITG1,2012-12-31,1
win_100,JAZZ,2012-12-31,2
win_100,KATE,2012-12-31,2
win_100,KKD,2012-12-31,2
win_100,KNX,2012-12-31,1
win_100,KS,2012-12-31,2
win_100,LAB,2012-12-31,1
win_100,LEAP2,2012-12-31,1
win_100,LGND,2012-12-31,2
win_100,LIN2,2012-12-31,2
win_100,LNC,2012-12-31,2
win_100,LNG,2012-12-31,2
win_100,LYV,2012-12-31,1
win_100,LZB,2012-12-31,2
win_100,MAKO1,2012-12-31,1
win_100,MAN,2012-12-31,2
win_100,MDSO,2012-12-31,2
win_100,MEI,2012-12-31,2
win_100,MGAM1,2012-12-31,2
win_100,MGM,2012-12-31,1
win_100,MKTG,2012-12-31,1
win_100,MOVE1,2012-12-31,1
win_100,MRVL,2012-12-31,1
win_100,MTRX,2012-12-31,2
win_100,MU,2012-12-31,1
win_100,NFLX,2012-12-31,2
win_100,NPSP,2012-12-31,2
win_100,NTRI,2012-12-31,1
win_100,NTUS,2012-12-31,1
win_100,NUS,2012-12-31,2
win_100,NUVA,2012-12-31,1
win_100,NXH,2012-12-31,2
win_100,NXST,2012-12-31,2
win_100,OMER,2012-12-31,1
win_100,P1,2012-12-31,1
win_100,PBI,2012-12-31,1
win_100,PBYI,2012-12-31,2
win_100,PCRX,2012-12-31,2
win_100,PEGA,2012-12-31,1
win_100,PPC,2012-12-31,2
win_100,PRIM,2012-12-31,2
win_100,PRO,2012-12-31,2
win_100,QCOR,2012-12-31,1
win_100,QLTY1,2012-12-31,1
win_100,RAMP,2012-12-31,2
win_100,RDN,2012-12-31,1
win_100,RGEN,2012-12-31,2
win_100,RPTP,2012-12-31,1
win_100,RRD,2012-12-31,1
win_100,RRGB,2012-12-31,2
win_100,SAIA,2012-12-31,2
win_100,SAVEQ,2012-12-31,1
win_100,SBGI,2012-12-31,2
win_100,SCOR,2012-12-31,1
win_100,SGMO,2012-12-31,2
win_100,SLCA,2012-12-31,2
win_100,SLXP,2012-12-31,2
win_100,SNTS,2012-12-31,2
win_100,SPR,2012-12-31,1
win_100,SPWRQ,2012-12-31,1
win_100,SSP,2012-12-31,2
win_100,TBHC,2012-12-31,1
win_100,THRM,2012-12-31,2
win_100,TMUS,2012-12-31,2
win_100,TREX,2012-12-31,2
win_100,TSLA,2012-12-31,2
win_100,TUESQ,2012-12-31,2
win_100,TW2,2012-12-31,2
win_100,TYL,2012-12-31,2
win_100,TYPE,2012-12-31,2
win_100,UI,2012-12-31,1
win_100,USNA,2012-12-31,2
win_100,UTHR,2012-12-31,2
win_100,VPHM,2012-12-31,1
win_100,VRTU,2012-12-31,2
win_100,WAL,2012-12-31,2
win_100,WBMD,2012-12-31,1
win_100,WDC,2012-12-31,2
win_100,WEB,2012-12-31,2
win_100,WT,2012-12-31,2
win_100,WWE,2012-12-31,1
win_100,YHOO,2012-12-31,2
win_100,ZG,2012-12-31,2
win_100,ZOLT,2012-12-31,1
win_100,ACAD,2013-01-31,2
win_100,ACTV2,2013-01-31,1
win_100,AEGR,2013-01-31,2
win_100,AGN,2013-01-31,2
win_100,ALKS,2013-01-31,2
win_100,ALNY,2013-01-31,2
win_100,ARAY,2013-01-31,1
win_100,ARCB,2013-01-31,1
win_100,ARQ,2013-01-31,1
win_100,ATRC,2013-01-31,1
win_100,ATRO,2013-01-31,1
win_100,AX,2013-01-31,2
win_100,BHC,2013-01-31,2
win_100,BIIB,2013-01-31,2
win_100,CAMPQ,2013-01-31,2
win_100,CLDX,2013-01-31,2
win_100,CLVSQ,2013-01-31,1
win_100,CONNQ,2013-01-31,2
win_100,CPLA,2013-01-31,1
win_100,CSII,2013-01-31,2
win_100,CZR2,2013-01-31,1
win_100,DAL,2013-01-31,2
win_100,DDD,2013-01-31,2
win_100,DXCM,2013-01-31,2
win_100,EHTH,2013-01-31,2
win_100,ENDPQ,2013-01-31,2
win_100,ENLC,2013-01-31,2
win_100,EXAM,2013-01-31,1
win_100,FOE,2013-01-31,1
win_100,FRGI,2013-01-31,1
win_100,GILD,2013-01-31,2
win_100,GPRE,2013-01-31,1
win_100,HALO,2013-01-31,1
win_100,HAR,2013-01-31,2
win_100,HII,2013-01-31,2
win_100,ILMN,2013-01-31,2
win_100,INCY,2013-01-31,2
win_100,IONS,2013-01-31,2
win_100,JAZZ,2013-01-31,2
win_100,KS,2013-01-31,2
win_100,LAB,2013-01-31,1
win_100,LEAP2,2013-01-31,1
win_100,LGND,2013-01-31,2
win_100,LIN2,2013-01-31,2
win_100,LNG,2013-01-31,2
win_100,LOGI,2013-01-31,1
win_100,LUMO,2013-01-31,1
win_100,LYV,2013-01-31,2
win_100,MAKO1,2013-01-31,1
win_100,MDSO,2013-01-31,2
win_100,MKTG,2013-01-31,1
win_100,MU,2013-01-31,2
win_100,NFLX,2013-01-31,2
win_100,NPSP,2013-01-31,2
win_100,NTUS,2013-01-31,1
win_100,NUS,2013-01-31,2
win_100,NUVA,2013-01-31,1
win_100,NXST,2013-01-31,2
win_100,OA,2013-01-31,2
win_100,P1,2013-01-31,1
win_100,PATK,2013-01-31,2
win_100,PBYI,2013-01-31,2
win_100,PCRX,2013-01-31,2
win_100,PRCP,2013-01-31,2
win_100,QCOR,2013-01-31,1
win_100,RAMP,2013-01-31,2
win_100,RDN,2013-01-31,1
win_100,RPTP,2013-01-31,1
win_100,RRD,2013-01-31,1
win_100,SAVEQ,2013-01-31,2
win_100,SBGI,2013-01-31,2
win_100,SGMO,2013-01-31,2
win_100,SLXP,2013-01-31,2
win_100,SNTS,2013-01-31,2
win_100,SPR,2013-01-31,1
win_100,SPWRQ,2013-01-31,1
win_100,STZ,2013-01-31,2
win_100,TLPH,2013-01-31,1
win_100,TMUS,2013-01-31,2
win_100,TSLA,2013-01-31,2
win_100,TSRX,2013-01-31,1
win_100,UAA,2013-01-31,2
win_100,UI,2013-01-31,1
win_100,WBMD,2013-01-31,1
win_100,WEB,2013-01-31,2
win_100,ZG,2013-01-31,2
win_100,ZOLT,2013-01-31,1
win_100,ACAD,2013-02-28,2
win_100,AGN,2013-02-28,2
win_100,ALKS,2013-02-28,2
win_100,ALNY,2013-02-28,2
win_100,ALXN,2013-02-28,2
win_100,ANIK,2013-02-28,1
win_100,APFC,2013-02-28,2
win_100,ARCB,2013-02-28,1
win_100,ARQ,2013-02-28,2
win_100,ATHN1,2013-02-28,2
win_100,ATRC,2013-02-28,1
win_100,ATRO,2013-02-28,2
win_100,AX,2013-02-28,2
win_100,AXON,2013-02-28,2
win_100,AYI,2013-02-28,2
win_100,BHC,2013-02-28,2
win_100,BIIB,2013-02-28,2
win_100,CAMPQ,2013-02-28,2
win_100,CAR,2013-02-28,2
win_100,CLDX,2013-02-28,2
win_100,CPLA,2013-02-28,1
win_100,CRZO,2013-02-28,1
win_100,CSII,2013-02-28,2
win_100,CWEI,2013-02-28,1
win_100,CZR2,2013-02-28,1
win_100,DAL,2013-02-28,2
win_100,DDD,2013-02-28,2
win_100,DXCM,2013-02-28,2
win_100,EHTH,2013-02-28,2
win_100,ENDPQ,2013-02-28,2
win_100,ENLC,2013-02-28,2
win_100,ESINQ,2013-02-28,1
win_100,ETFC,2013-02-28,2
win_100,EXAM,2013-02-28,1
win_100,FDML,2013-02-28,1
win_100,FOE,2013-02-28,1
win_100,FRGI,2013-02-28,2
win_100,FRX1,2013-02-28,2
win_100,FSLR,2013-02-28,1
win_100,FURX,2013-02-28,2
win_100,GBX,2013-02-28,1
win_100,GEVA,2013-02-28,2
win_100,GMCR,2013-02-28,2
win_100,GPRE,2013-02-28,1
win_100,GT,2013-02-28,2
win_100,HA,2013-02-28,1
win_100,HALO,2013-02-28,1
win_100,HAR,2013-02-28,2
win_100,HCI,2013-02-28,2
win_100,HII,2013-02-28,2
win_100,HOMB,2013-02-28,2
win_100,ILMN,2013-02-28,2
win_100,INCY,2013-02-28,2
win_100,IONS,2013-02-28,2
win_100,ITMN,2013-02-28,1
win_100,JAZZ,2013-02-28,2
win_100,KBAL,2013-02-28,1
win_100,KERX,2013-02-28,2
win_100,KS,2013-02-28,2
win_100,LAB,2013-02-28,2
win_100,LCINQ,2013-02-28,2
win_100,LEAP2,2013-02-28,1
win_100,LGND,2013-02-28,2
win_100,LIN2,2013-02-28,2
win_100,LNG,2013-02-28,2
win_100,LOGI,2013-02-28,1
win_100,LOGM,2013-02-28,1
win_100,LUMO,2013-02-28,1
win_100,LYV,2013-02-28,2
win_100,MAKO1,2013-02-28,1
win_100,MANH,2013-02-28,2
win_100,MDSO,2013-02-28,2
win_100,MEI,2013-02-28,2
win_100,META,2013-02-28,2
win_100,MGM,2013-02-28,2
win_100,MKTG,2013-02-28,1
win_100,MTRX,2013-02-28,2
win_100,MU,2013-02-28,2
win_100,NFLX,2013-02-28,2
win_100,NPSP,2013-02-28,1
win_100,NUS,2013-02-28,2
win_100,NXST,2013-02-28,2
win_100,OA,2013-02-28,2
win_100,P1,2013-02-28,2
win_100,PATK,2013-02-28,1
win_100,PBI,2013-02-28,1
win_100,PBYI,2013-02-28,2
win_100,PCRX,2013-02-28,2
win_100,PODD,2013-02-28,2
win_100,RAMP,2013-02-28,2
win_100,RBCN,2013-02-28,1
win_100,SAVEQ,2013-02-28,2
win_100,SBGI,2013-02-28,2
win_100,SLXP,2013-02-28,2
win_100,SNTS,2013-02-28,2
win_100,SPWRQ,2013-02-28,1
win_100,TLPH,2013-02-28,1
win_100,TMUS,2013-02-28,1
win_100,TRIP,2013-02-28,2
win_100,TSLA,2013-02-28,2
win_100,TSRX,2013-02-28,1
win_100,UAA,2013-02-28,2
win_100,UEIC,2013-02-28,2
win_100,UI,2013-02-28,1
win_100,VPHM,2013-02-28,1
win_100,WBMD,2013-02-28,1
win_100,WEB,2013-02-28,2
win_100,WYNN,2013-02-28,2
win_100,YELP,2013-02-28,1
win_100,ACAD,2013-03-31,2
win_100,AGN,2013-03-31,2
win_100,AGX,2013-03-31,1
win_100,ALNY,2013-03-31,2
win_100,ANAC1,2013-03-31,1
win_100,ANIK,2013-03-31,2
win_100,ARCB,2013-03-31,1
win_100,ASRT,2013-03-31,1
win_100,ATRO,2013-03-31,2
win_100,AVAV,2013-03-31,1
win_100,AX,2013-03-31,2
win_100,AXON,2013-03-31,2
win_100,BASXQ,2013-03-31,1
win_100,CADX,2013-03-31,2
win_100,CAMPQ,2013-03-31,2
win_100,CLVSQ,2013-03-31,1
win_100,CPLA,2013-03-31,1
win_100,CRZO,2013-03-31,2
win_100,CWEI,2013-03-31,1
win_100,DAL,2013-03-31,2
win_100,DMND,2013-03-31,1
win_100,DWRE,2013-03-31,1
win_100,DXCM,2013-03-31,2
win_100,EHTH,2013-03-31,1
win_100,ENDPQ,2013-03-31,2
win_100,ENV,2013-03-31,2
win_100,ESINQ,2013-03-31,1
win_100,ETFC,2013-03-31,1
win_100,EXAM,2013-03-31,2
win_100,FDML,2013-03-31,1
win_100,FNSR,2013-03-31,1
win_100,FOE,2013-03-31,1
win_100,FRX1,2013-03-31,2
win_100,FSLR,2013-03-31,1
win_100,FURX,2013-03-31,2
win_100,GBX,2013-03-31,2
win_100,GPRE,2013-03-31,1
win_100,GT,2013-03-31,2
win_100,HA,2013-03-31,1
win_100,HALO,2013-03-31,1
win_100,HAR,2013-03-31,2
win_100,ILMN,2013-03-31,2
win_100,INCY,2013-03-31,2
win_100,INSM,2013-03-31,1
win_100,INVN2,2013-03-31,1
win_100,IONS,2013-03-31,2
win_100,ITMN,2013-03-31,1
win_100,JAZZ,2013-03-31,2
win_100,KBAL,2013-03-31,1
win_100,KERX,2013-03-31,2
win_100,KND,2013-03-31,1
win_100,KS,2013-03-31,2
win_100,LAB,2013-03-31,2
win_100,LCINQ,2013-03-31,2
win_100,LEAP2,2013-03-31,1
win_100,LGND,2013-03-31,2
win_100,LIN2,2013-03-31,2
win_100,LOGI,2013-03-31,1
win_100,LOGM,2013-03-31,1
win_100,MAKO1,2013-03-31,1
win_100,MEI,2013-03-31,2
win_100,META,2013-03-31,2
win_100,MKTG,2013-03-31,1
win_100,MTDR,2013-03-31,1
win_100,MTRX,2013-03-31,2
win_100,MU,2013-03-31,2
win_100,MXWL,2013-03-31,1
win_100,NPSP,2013-03-31,1
win_100,NXST,2013-03-31,2
win_100,P1,2013-03-31,2
win_100,PATK,2013-03-31,1
win_100,PBYI,2013-03-31,2
win_100,PCRX,2013-03-31,2
win_100,PFPT,2013-03-31,2
win_100,POZN,2013-03-31,1
win_100,PPC,2013-03-31,2
win_100,QCOR,2013-03-31,2
win_100,SAVEQ,2013-03-31,2
win_100,SLXP,2013-03-31,2
win_100,SPWRQ,2013-03-31,2
win_100,STGW,2013-03-31,2
win_100,THRM,2013-03-31,2
win_100,TLPH,2013-03-31,2
win_100,TMUS,2013-03-31,1
win_100,TQNT,2013-03-31,1
win_100,TSLA,2013-03-31,2
win_100,UAA,2013-03-31,2
win_100,UI,2013-03-31,1
win_100,WWE,2013-03-31,1
win_100,YELLQ,2013-03-31,1
win_100,YELP,2013-03-31,1
win_100,ACTV2,2013-04-30,1
win_100,ALNY,2013-04-30,2
win_100,ANAC1,2013-04-30,1
win_100,ARCB,2013-04-30,1
win_100,ASRT,2013-04-30,1
win_100,ATRO,2013-04-30,2
win_100,AVGO,2013-04-30,2
win_100,CRRTQ,2013-04-30,2
win_100,CRZO,2013-04-30,2
win_100,CWEI,2013-04-30,1
win_100,DAL,2013-04-30,2
win_100,DMND,2013-04-30,1
win_100,EHTH,2013-04-30,2
win_100,ENV,2013-04-30,2
win_100,ETFC,2013-04-30,1
win_100,EXAM,2013-04-30,2
win_100,FDML,2013-04-30,1
win_100,FNSR,2013-04-30,1
win_100,FRX1,2013-04-30,2
win_100,FURX,2013-04-30,2
win_100,GBX,2013-04-30,2
win_100,GPRE,2013-04-30,2
win_100,GT,2013-04-30,2
win_100,HA,2013-04-30,1
win_100,HAR,2013-04-30,2
win_100,IGTE,2013-04-30,2
win_100,ILMN,2013-04-30,2
win_100,INCY,2013-04-30,2
win_100,INVN2,2013-04-30,1
win_100,ITMN,2013-04-30,1
win_100,JAZZ,2013-04-30,2
win_100,KND,2013-04-30,1
win_100,LAB,2013-04-30,1
win_100,LCINQ,2013-04-30,2
win_100,LEAP2,2013-04-30,1
win_100,LGND,2013-04-30,2
win_100,LOGI,2013-04-30,1
win_100,LOGM,2013-04-30,1
win_100,LVLT,2013-04-30,1
win_100,MAKO1,2013-04-30,1
win_100,META,2013-04-30,2
win_100,MKTG,2013-04-30,1
win_100,MTDR,2013-04-30,1
win_100,MTOR,2013-04-30,1
win_100,MTRX,2013-04-30,2
win_100,MU,2013-04-30,2
win_100,MXWL,2013-04-30,1
win_100,NXPI,2013-04-30,2
win_100,PBI,2013-04-30,1
win_100,PBYI,2013-04-30,2
win_100,PCRX,2013-04-30,2
win_100,PESXQ,2013-04-30,1
win_100,PMC,2013-04-30,1
win_100,PPC,2013-04-30,2
win_100,QCOR,2013-04-30,2
win_100,SAVEQ,2013-04-30,2
win_100,SGY,2013-04-30,1
win_100,SLCA,2013-04-30,1
win_100,SLXP,2013-04-30,2
win_100,SMCI,2013-04-30,1
win_100,SPWRQ,2013-04-30,2
win_100,STGW,2013-04-30,2
win_100,SUNEQ,2013-04-30,1
win_100,THRM,2013-04-30,2
win_100,TQNT,2013-04-30,1
win_100,TSLA,2013-04-30,2
win_100,UI,2013-04-30,1
win_100,UVE,2013-04-30,2
win_100,VOCS,2013-04-30,1
win_100,WWE,2013-04-30,2
win_100,YELP,2013-04-30,1
win_100,AAMRQ,2013-05-31,1
win_100,ACTV2,2013-05-31,1
win_100,ANAC1,2013-05-31,1
win_100,ARCB,2013-05-31,2
win_100,ARRS,2013-05-31,2
win_100,ASRT,2013-05-31,1
win_100,BASXQ,2013-05-31,1
win_100,CADX,2013-05-31,2
win_100,CRRTQ,2013-05-31,1
win_100,CRZO,2013-05-31,2
win_100,CWEI,2013-05-31,1
win_100,DAL,2013-05-31,2
win_100,DMND,2013-05-31,1
win_100,ENLC,2013-05-31,2
win_100,FRX1,2013-05-31,2
win_100,FURX,2013-05-31,2
win_100,GBX,2013-05-31,2
win_100,GDPMQ,2013-05-31,1
win_100,HA,2013-05-31,1
win_100,HAR,2013-05-31,2
win_100,IGTE,2013-05-31,1
win_100,ILMN,2013-05-31,2
win_100,INCY,2013-05-31,2
win_100,IQNT,2013-05-31,1
win_100,ITMN,2013-05-31,1
win_100,JAZZ,2013-05-31,2
win_100,KS,2013-05-31,2
win_100,LCINQ,2013-05-31,2
win_100,LEAP2,2013-05-31,1
win_100,LGND,2013-05-31,2
win_100,LIN2,2013-05-31,2
win_100,LNG,2013-05-31,2
win_100,LVLT,2013-05-31,1
win_100,MAKO1,2013-05-31,1
win_100,MEG1,2013-05-31,2
win_100,MEI,2013-05-31,2
win_100,META,2013-05-31,2
win_100,MKTG,2013-05-31,1
win_100,MTDR,2013-05-31,1
win_100,MU,2013-05-31,2
win_100,NXPI,2013-05-31,2
win_100,OMER,2013-05-31,1
win_100,PCRX,2013-05-31,2
win_100,PESXQ,2013-05-31,1
win_100,POZN,2013-05-31,1
win_100,PPC,2013-05-31,2
win_100,QCOR,2013-05-31,2
win_100,RGEN,2013-05-31,2
win_100,SLCA,2013-05-31,2
win_100,SMCI,2013-05-31,1
win_100,SUNEQ,2013-05-31,2
win_100,THRM,2013-05-31,2
win_100,TQNT,2013-05-31,2
win_100,TRN,2013-05-31,2
win_100,TSLA,2013-05-31,2
win_100,VOCS,2013-05-31,1
win_100,YELP,2013-05-31,2
win_100,ZG,2013-05-31,2
win_100,ZLC,2013-05-31,2
win_100,AGN1,2013-06-30,2
win_100,AGX,2013-06-30,1
win_100,AKRXQ,2013-06-30,2
win_100,ALNY,2013-06-30,2
win_100,ANAC1,2013-06-30,1
win_100,ANIK,2013-06-30,2
win_100,ARII,2013-06-30,2
win_100,ARRS,2013-06-30,2
win_100,ASRT,2013-06-30,1
win_100,AXDXQ,2013-06-30,2
win_100,BASXQ,2013-06-30,1
win_100,CADX,2013-06-30,2
win_100,CAR,2013-06-30,2
win_100,CRRTQ,2013-06-30,1
win_100,CRZO,2013-06-30,2
win_100,CWEI,2013-06-30,1
win_100,DAL,2013-06-30,2
win_100,ENLC,2013-06-30,2
win_100,ET,2013-06-30,2
win_100,FRX1,2013-06-30,2
win_100,FURX,2013-06-30,2
win_100,GBX,2013-06-30,2
win_100,GDPMQ,2013-06-30,1
win_100,GEVA,2013-06-30,1
win_100,GPRE,2013-06-30,1
win_100,HA,2013-06-30,1
win_100,HAR,2013-06-30,2
win_100,HF1,2013-06-30,2
win_100,IGTE,2013-06-30,2
win_100,ILMN,2013-06-30,2
win_100,INCY,2013-06-30,2
win_100,IQNT,2013-06-30,1
win_100,ITMN,2013-06-30,1
win_100,JAZZ,2013-06-30,2
win_100,KERX,2013-06-30,2
win_100,LCINQ,2013-06-30,2
win_100,LEAP2,2013-06-30,1
win_100,LNG,2013-06-30,2
win_100,LUV,2013-06-30,2
win_100,LVLT,2013-06-30,1
win_100,MAKO1,2013-06-30,1
win_100,MEI,2013-06-30,2
win_100,META,2013-06-30,2
win_100,MPAA,2013-06-30,1
win_100,MTDR,2013-06-30,1
win_100,MTRX,2013-06-30,2
win_100,MU,2013-06-30,2
win_100,NFLX,2013-06-30,2
win_100,NPSP,2013-06-30,2
win_100,NXPI,2013-06-30,2
win_100,PATK,2013-06-30,2
win_100,PAY2,2013-06-30,1
win_100,PCRX,2013-06-30,2
win_100,PESXQ,2013-06-30,1
win_100,PMC,2013-06-30,2
win_100,POZN,2013-06-30,1
win_100,QCOR,2013-06-30,2
win_100,RENT1,2013-06-30,1
win_100,REX,2013-06-30,2
win_100,RGEN,2013-06-30,2
win_100,RNET,2013-06-30,2
win_100,SGY,2013-06-30,1
win_100,SHPG,2013-06-30,2
win_100,SLCA,2013-06-30,2
win_100,SMCI,2013-06-30,1
win_100,SUNEQ,2013-06-30,2
win_100,SWKS,2013-06-30,2
win_100,SYNA,2013-06-30,2
win_100,THRM,2013-06-30,2
win_100,TQNT,2013-06-30,2
win_100,TRGP,2013-06-30,2
win_100,TRN,2013-06-30,2
win_100,TSLA,2013-06-30,2
win_100,UI,2013-06-30,2
win_100,URI,2013-06-30,2
win_100,VNDA,2013-06-30,2
win_100,WGRP,2013-06-30,1
win_100,XEC,2013-06-30,2
win_100,YELP,2013-06-30,2
win_100,ZG,2013-06-30,2
win_100,ZLC,2013-06-30,2
win_100,AGX,2013-07-31,1
win_100,AKRXQ,2013-07-31,2
win_100,ANAC1,2013-07-31,1
win_100,ANIK,2013-07-31,2
win_100,ARRS,2013-07-31,2
win_100,BASXQ,2013-07-31,1
win_100,CENX,2013-07-31,1
win_100,FRX1,2013-07-31,2
win_100,FURX,2013-07-31,2
win_100,GBX,2013-07-31,1
win_100,GPRE,2013-07-31,2
win_100,GTATQ,2013-07-31,1
win_100,HWM,2013-07-31,1
win_100,ILMN,2013-07-31,2
win_100,INCY,2013-07-31,2
win_100,ITMN,2013-07-31,2
win_100,LCINQ,2013-07-31,2
win_100,LNG,2013-07-31,2
win_100,LOGI,2013-07-31,1
win_100,LUV,2013-07-31,2
win_100,MAKO1,2013-07-31,1
win_100,MTDR,2013-07-31,1
win_100,MU,2013-07-31,2
win_100,NTUS,2013-07-31,2
win_100,PBYI,2013-07-31,2
win_100,PCRX,2013-07-31,2
win_100,PESXQ,2013-07-31,1
win_100,PVAHQ,2013-07-31,1
win_100,REX,2013-07-31,2
win_100,RFMD,2013-07-31,2
win_100,RGEN,2013-07-31,2
win_100,RMTI,2013-07-31,1
win_100,SHPG,2013-07-31,2
win_100,SLCA,2013-07-31,2
win_100,SWKS,2013-07-31,2
win_100,THRM,2013-07-31,2
win_100,TQNT,2013-07-31,2
win_100,TRN,2013-07-31,2
win_100,ZLC,2013-07-31,2
win_100,AKRXQ,2013-08-31,2
win_100,ANAC1,2013-08-31,2
win_100,ARII,2013-08-31,2
win_100,ASRT,2013-08-31,2
win_100,AVGO,2013-08-31,2
win_100,BASXQ,2013-08-31,1
win_100,BCRX,2013-08-31,1
win_100,CADX,2013-08-31,1
win_100,CAR,2013-08-31,2
win_100,CENX,2013-08-31,1
win_100,CODE,2013-08-31,1
win_100,CWEI,2013-08-31,1
win_100,DAL,2013-08-31,2
win_100,ENLC,2013-08-31,2
win_100,ENPH,2013-08-31,1
win_100,EQM,2013-08-31,2
win_100,FRX1,2013-08-31,2
win_100,FURX,2013-08-31,2
win_100,GBX,2013-08-31,1
win_100,GPRE,2013-08-31,2
win_100,GTATQ,2013-08-31,1
win_100,HA,2013-08-31,2
win_100,HWM,2013-08-31,1
win_100,ICPT,2013-08-31,2
win_100,ILMN,2013-08-31,2
win_100,ITMN,2013-08-31,2
win_100,KERX,2013-08-31,2
win_100,LNG,2013-08-31,2
win_100,LUV,2013-08-31,2
win_100,LVLT,2013-08-31,2
win_100,MAKO1,2013-08-31,1
win_100,MPAA,2013-08-31,1
win_100,MU,2013-08-31,2
win_100,NTUS,2013-08-31,1
win_100,OILT1,2013-08-31,2
win_100,PBYI,2013-08-31,2
win_100,PCRX,2013-08-31,2
win_100,PESXQ,2013-08-31,1
win_100,PMC,2013-08-31,1
win_100,RENT1,2013-08-31,2
win_100,REX,2013-08-31,2
win_100,SAVEQ,2013-08-31,2
win_100,SHPG,2013-08-31,2
win_100,SLCA,2013-08-31,2
win_100,SLXP,2013-08-31,2
win_100,SUNEQ,2013-08-31,1
win_100,SWKS,2013-08-31,2
win_100,SYNA,2013-08-31,2
win_100,THRM,2013-08-31,2
win_100,TPL,2013-08-31,2
win_100,TQNT,2013-08-31,2
win_100,TRGP,2013-08-31,2
win_100,TRN,2013-08-31,2
win_100,URI,2013-08-31,2
win_100,X,2013-08-31,1
win_100,ZLTQ,2013-08-31,1
win_100,AMBA,2013-09-30,2
win_100,ANAC1,2013-09-30,2
win_100,ARWR,2013-09-30,1
win_100,ASRT,2013-09-30,2
win_100,AVGO,2013-09-30,2
win_100,BDSI,2013-09-30,1
win_100,CADX,2013-09-30,1
win_100,CENX,2013-09-30,1
win_100,CODE,2013-09-30,1
win_100,ENLC,2013-09-30,2
win_100,FRX1,2013-09-30,2
win_100,FURX,2013-09-30,2
win_100,GBX,2013-09-30,2
win_100,GPRE,2013-09-30,2
win_100,HSH,2013-09-30,2
win_100,HWM,2013-09-30,1
win_100,ICPT,2013-09-30,2
win_100,IDIX,2013-09-30,1
win_100,ILMN,2013-09-30,2
win_100,ITMN,2013-09-30,2
win_100,LCINQ,2013-09-30,2
win_100,LNG,2013-09-30,2
win_100,LUV,2013-09-30,2
win_100,MPAA,2013-09-30,2
win_100,NSH1,2013-09-30,1
win_100,NTUS,2013-09-30,2
win_100,PANW,2013-09-30,1
win_100,PBYI,2013-09-30,2
win_100,PCRX,2013-09-30,2
win_100,REX,2013-09-30,2
win_100,RFMD,2013-09-30,2
win_100,SAVEQ,2013-09-30,2
win_100,SHPG,2013-09-30,2
win_100,SLCA,2013-09-30,2
win_100,SLXP,2013-09-30,2
win_100,SMCI,2013-09-30,2
win_100,SUNEQ,2013-09-30,1
win_100,SWKS,2013-09-30,2
win_100,TGTX,2013-09-30,1
win_100,THRM,2013-09-30,2
win_100,TPL,2013-09-30,2
win_100,TQNT,2013-09-30,2
win_100,TRN,2013-09-30,2
win_100,ZLTQ,2013-09-30,2
win_100,AGN1,2013-10-31,2
win_100,AKRXQ,2013-10-31,2
win_100,AMBA,2013-10-31,2
win_100,ANAC1,2013-10-31,2
win_100,ASRT,2013-10-31,2
win_100,BCRX,2013-10-31,1
win_100,BDSI,2013-10-31,1
win_100,CENX,2013-10-31,1
win_100,DRTX,2013-10-31,1
win_100,EXAS,2013-10-31,2
win_100,FRX1,2013-10-31,2
win_100,FURX,2013-10-31,2
win_100,GBX,2013-10-31,2
win_100,GMCR,2013-10-31,2
win_100,GPRE,2013-10-31,1
win_100,HA,2013-10-31,2
win_100,ICPT,2013-10-31,2
win_100,ILMN,2013-10-31,2
win_100,ITMN,2013-10-31,2
win_100,LCINQ,2013-10-31,2
win_100,LUV,2013-10-31,2
win_100,MFRM,2013-10-31,1
win_100,MPAA,2013-10-31,2
win_100,PANW,2013-10-31,1
win_100,PBYI,2013-10-31,2
win_100,POZN,2013-10-31,1
win_100,PPC,2013-10-31,2
win_100,RENT1,2013-10-31,2
win_100,REX,2013-10-31,2
win_100,RFMD,2013-10-31,2
win_100,RGEN,2013-10-31,2
win_100,SLXP,2013-10-31,2
win_100,SMCI,2013-10-31,2
win_100,SUNEQ,2013-10-31,2
win_100,SWKS,2013-10-31,2
win_100,TQNT,2013-10-31,2
win_100,UVE,2013-10-31,2
win_100,VOCS,2013-10-31,1
win_100,YELLQ,2013-10-31,1
win_100,AGN1,2013-11-30,2
win_100,AMBA,2013-11-30,2
win_100,ANAC1,2013-11-30,2
win_100,AVGO,2013-11-30,2
win_100,CENX,2013-11-30,1
win_100,EXAS,2013-11-30,2
win_100,FURX,2013-11-30,2
win_100,GMCR,2013-11-30,2
win_100,HA,2013-11-30,2
win_100,ICPT,2013-11-30,2
win_100,IDIX,2013-11-30,1
win_100,ITMN,2013-11-30,2
win_100,LUV,2013-11-30,2
win_100,NBIX,2013-11-30,1
win_100,OMER,2013-11-30,1
win_100,PANW,2013-11-30,2
win_100,PBYI,2013-11-30,2
win_100,RENT1,2013-11-30,2
win_100,RFMD,2013-11-30,1
win_100,SMCI,2013-11-30,2
win_100,STRA,2013-11-30,1
win_100,SWKS,2013-11-30,2
win_100,TQNT,2013-11-30,2
win_100,YELLQ,2013-11-30,1
win_100,ALTO,2013-12-31,1
win_100,AMED,2013-12-31,1
win_100,ANIP,2013-12-31,1
win_100,BDSI,2013-12-31,2
win_100,CENX,2013-12-31,1
win_100,CODE,2013-12-31,1
win_100,EA,2013-12-31,2
win_100,ENPH,2013-12-31,1
win_100,EXAS,2013-12-31,2
win_100,FURX,2013-12-31,2
win_100,HA,2013-12-31,2
win_100,ICPT,2013-12-31,2
win_100,IDIX,2013-12-31,1
win_100,ITMN,2013-12-31,2
win_100,LUV,2013-12-31,2
win_100,MACK,2013-12-31,1
win_100,NBIX,2013-12-31,1
win_100,OMER,2013-12-31,1
win_100,PANW,2013-12-31,2
win_100,PPC,2013-12-31,2
win_100,PTRY,2013-12-31,2
win_100,RFMD,2013-12-31,1
win_100,SMCI,2013-12-31,2
win_100,STRA,2013-12-31,1
win_100,SWKS,2013-12-31,2
win_100,TQNT,2013-12-31,2
win_100,ALGT,2014-01-31,2
win_100,AMAG,2014-01-31,1
win_100,ANIP,2014-01-31,2
win_100,CEMP,2014-01-31,2
win_100,CODE,2014-01-31,2
win_100,DRTX,2014-01-31,1
win_100,EA,2014-01-31,2
win_100,EXAS,2014-01-31,2
win_100,FURX,2014-01-31,2
win_100,IDIX,2014-01-31,1
win_100,ITMN,2014-01-31,1
win_100,LJPC,2014-01-31,1
win_100,LUV,2014-01-31,2
win_100,PANW,2014-01-31,2
win_100,PTRY,2014-01-31,1
win_100,RFMD,2014-01-31,1
win_100,SKX,2014-01-31,2
win_100,SWKS,2014-01-31,2
win_100,TGTX,2014-01-31,1
win_100,TQNT,2014-01-31,2
win_100,UVE,2014-01-31,2
win_100,ABMD,2014-02-28,2
win_100,AKRXQ,2014-02-28,2
win_100,AMAG,2014-02-28,1
win_100,ANAC1,2014-02-28,2
win_100,ANIP,2014-02-28,2
win_100,AVGO,2014-02-28,2
win_100,CEMP,2014-02-28,1
win_100,CODE,2014-02-28,2
win_100,EA,2014-02-28,2
win_100,FLWS,2014-02-28,1
win_100,HSP,2014-02-28,2
win_100,IDIX,2014-02-28,1
win_100,INFN,2014-02-28,1
win_100,ITMN,2014-02-28,2
win_100,LABL,2014-02-28,2
win_100,LJPC,2014-02-28,1
win_100,NBIX,2014-02-28,2
win_100,OSPN,2014-02-28,1
win_100,PTRY,2014-02-28,1
win_100,RFMD,2014-02-28,2
win_100,SKX,2014-02-28,2
win_100,SWKS,2014-02-28,2
win_100,TGTX,2014-02-28,1
win_100,TQNT,2014-02-28,2
win_100,ABMD,2014-03-31,2
win_100,AGIO,2014-03-31,2
win_100,AKRXQ,2014-03-31,2
win_100,AMAG,2014-03-31,1
win_100,AMBA,2014-03-31,2
win_100,ANAC1,2014-03-31,2
win_100,BLUE,2014-03-31,1
win_100,CBM,2014-03-31,2
win_100,CEMP,2014-03-31,1
win_100,CNC,2014-03-31,2
win_100,CODE,2014-03-31,2
win_100,EA,2014-03-31,2
win_100,ESPR,2014-03-31,1
win_100,FLWS,2014-03-31,1
win_100,GTIV,2014-03-31,1
win_100,HSP,2014-03-31,2
win_100,IDIX,2014-03-31,1
win_100,IMKTA,2014-03-31,1
win_100,INFN,2014-03-31,1
win_100,ITMN,2014-03-31,2
win_100,JBLU,2014-03-31,2
win_100,MACK,2014-03-31,1
win_100,MDVN,2014-03-31,2
win_100,MERC,2014-03-31,1
win_100,NBIX,2014-03-31,2
win_100,PANW,2014-03-31,2
win_100,PBYI,2014-03-31,2
win_100,PCYC,2014-03-31,2
win_100,PSMI,2014-03-31,1
win_100,PTCT,2014-03-31,2
win_100,PTRY,2014-03-31,1
win_100,RCPT,2014-03-31,2
win_100,RFMD,2014-03-31,2
win_100,RGEN,2014-03-31,2
win_100,SCMP,2014-03-31,1
win_100,STMP,2014-03-31,2
win_100,SWKS,2014-03-31,2
win_100,TA,2014-03-31,1
win_100,TGTX,2014-03-31,1
win_100,TPST,2014-03-31,1
win_100,TQNT,2014-03-31,2
win_100,TTPH,2014-03-31,1
win_100,UVE,2014-03-31,2
win_100,ABMD,2014-04-30,2
win_100,AFAM,2014-04-30,1
win_100,AGIO,2014-04-30,2
win_100,ALNY,2014-04-30,2
win_100,AMAG,2014-04-30,1
win_100,AMBA,2014-04-30,2
win_100,AMED,2014-04-30,1
win_100,ANAC1,2014-04-30,2
win_100,BFXXQ,2014-04-30,2
win_100,BLUE,2014-04-30,1
win_100,CEMP,2014-04-30,1
win_100,CMPR,2014-04-30,2
win_100,CODE,2014-04-30,2
win_100,DXCM,2014-04-30,2
win_100,DYAX,2014-04-30,2
win_100,EA,2014-04-30,2
win_100,ELLI,2014-04-30,2
win_100,EPAM,2014-04-30,2
win_100,GTIV,2014-04-30,1
win_100,IDIX,2014-04-30,1
win_100,INCY,2014-04-30,2
win_100,INFN,2014-04-30,1
win_100,IONS,2014-04-30,2
win_100,ITMN,2014-04-30,2
win_100,JBLU,2014-04-30,2
win_100,LJPC,2014-04-30,1
win_100,LUMO,2014-04-30,1
win_100,MDVN,2014-04-30,2
win_100,MNST,2014-04-30,2
win_100,NBIX,2014-04-30,1
win_100,OSPN,2014-04-30,2
win_100,PANW,2014-04-30,2
win_100,PBYI,2014-04-30,2
win_100,PCYC,2014-04-30,2
win_100,PFPT,2014-04-30,2
win_100,PTCT,2014-04-30,1
win_100,PTRY,2014-04-30,1
win_100,QLYS,2014-04-30,2
win_100,RCPT,2014-04-30,2
win_100,SCMP,2014-04-30,1
win_100,SKX,2014-04-30,2
win_100,SWKS,2014-04-30,2
win_100,TA,2014-04-30,1
win_100,TGTX,2014-04-30,1
win_100,TSRO,2014-04-30,1
win_100,TTPH,2014-04-30,1
win_100,ABMD,2014-05-31,2
win_100,AGIO,2014-05-31,2
win_100,ALNT,2014-05-31,2
win_100,ALNY,2014-05-31,2
win_100,AMAG,2014-05-31,1
win_100,AMBA,2014-05-31,2
win_100,AMED,2014-05-31,1
win_100,AMN,2014-05-31,1
win_100,ANAC1,2014-05-31,1
win_100,AVGO,2014-05-31,2
win_100,AVNR,2014-05-31,2
win_100,AXON,2014-05-31,2
win_100,BLOX1,2014-05-31,1
win_100,BLUE,2014-05-31,1
win_100,BMRN,2014-05-31,2
win_100,CEMP,2014-05-31,1
win_100,CMPR,2014-05-31,1
win_100,CMRX,2014-05-31,1
win_100,CNC,2014-05-31,2
win_100,CODE,2014-05-31,2
win_100,DXCM,2014-05-31,2
win_100,DYAX,2014-05-31,2
win_100,EBIXQ,2014-05-31,1
win_100,ELLI,2014-05-31,2
win_100,EXAS,2014-05-31,2
win_100,FSL,2014-05-31,2
win_100,GEVA,2014-05-31,2
win_100,GRBK,2014-05-31,1
win_100,GTT,2014-05-31,2
win_100,HALO,2014-05-31,1
win_100,HZNP,2014-05-31,2
win_100,IDIX,2014-05-31,1
win_100,IMPV,2014-05-31,1
win_100,INCY,2014-05-31,2
win_100,INFN,2014-05-31,1
win_100,INSYQ,2014-05-31,2
win_100,IONS,2014-05-31,1
win_100,JBLU,2014-05-31,2
win_100,JBSS,2014-05-31,2
win_100,LJPC,2014-05-31,1
win_100,LUMO,2014-05-31,1
win_100,MTSI,2014-05-31,1
win_100,NBIX,2014-05-31,2
win_100,OLED,2014-05-31,1
win_100,OPK,2014-05-31,1
win_100,OSPN,2014-05-31,2
win_100,PANW,2014-05-31,2
win_100,PBYI,2014-05-31,2
win_100,PCYC,2014-05-31,2
win_100,PTCT,2014-05-31,2
win_100,PTRY,2014-05-31,2
win_100,RCPT,2014-05-31,1
win_100,RGEN,2014-05-31,2
win_100,SKX,2014-05-31,2
win_100,SRNEQ,2014-05-31,1
win_100,STMP,2014-05-31,2
win_100,SWKS,2014-05-31,2
win_100,TGTX,2014-05-31,1
win_100,TREE,2014-05-31,2
win_100,TSRO,2014-05-31,1
win_100,TTPH,2014-05-31,1
win_100,TVTX,2014-05-31,1
win_100,UVE,2014-05-31,2
win_100,WT,2014-05-31,2
win_100,ABMD,2014-06-30,2
win_100,AGIO,2014-06-30,2
win_100,AMAG,2014-06-30,1
win_100,AMBA,2014-06-30,2
win_100,AMED,2014-06-30,1
win_100,AMN,2014-06-30,1
win_100,ANAC1,2014-06-30,2
win_100,AVNR,2014-06-30,2
win_100,AXON,2014-06-30,2
win_100,BLUE,2014-06-30,2
win_100,BMRN,2014-06-30,2
win_100,BSET,2014-06-30,1
win_100,CBM,2014-06-30,2
win_100,CEMP,2014-06-30,1
win_100,CLVSQ,2014-06-30,1
win_100,CMPR,2014-06-30,1
win_100,CMRX,2014-06-30,1
win_100,CNC,2014-06-30,2
win_100,COKE,2014-06-30,2
win_100,DXCM,2014-06-30,2
win_100,DYAX,2014-06-30,2
win_100,EBIXQ,2014-06-30,1
win_100,ELLI,2014-06-30,2
win_100,GEVA,2014-06-30,2
win_100,GRBK,2014-06-30,1
win_100,GTT,2014-06-30,2
win_100,HALO,2014-06-30,1
win_100,HRTX,2014-06-30,2
win_100,HZNP,2014-06-30,2
win_100,IMPV,2014-06-30,1
win_100,INFN,2014-06-30,1
win_100,INSYQ,2014-06-30,2
win_100,ISLE1,2014-06-30,1
win_100,NBIX,2014-06-30,2
win_100,OSPN,2014-06-30,2
win_100,PAMT,2014-06-30,2
win_100,PANW,2014-06-30,2
win_100,PCYC,2014-06-30,2
win_100,PGEN,2014-06-30,1
win_100,PRTA,2014-06-30,1
win_100,PTRY,2014-06-30,2
win_100,RCPT,2014-06-30,2
win_100,SKX,2014-06-30,2
win_100,STMP,2014-06-30,2
win_100,SWKS,2014-06-30,2
win_100,TREE,2014-06-30,2
win_100,TTPH,2014-06-30,1
win_100,TVTX,2014-06-30,1
win_100,ABMD,2014-07-31,2
win_100,ACAD,2014-07-31,1
win_100,AGIO,2014-07-31,2
win_100,ALNY,2014-07-31,2
win_100,AMAG,2014-07-31,1
win_100,AMBA,2014-07-31,2
win_100,AMED,2014-07-31,2
win_100,AMN,2014-07-31,1
win_100,AMWD,2014-07-31,2
win_100,ANAC1,2014-07-31,2
win_100,ANIP,2014-07-31,2
win_100,ASRT,2014-07-31,2
win_100,AVNR,2014-07-31,2
win_100,AXON,2014-07-31,2
win_100,BFXXQ,2014-07-31,2
win_100,BHC,2014-07-31,2
win_100,BLDR,2014-07-31,1
win_100,BLUE,2014-07-31,2
win_100,BMRN,2014-07-31,2
win_100,CACC,2014-07-31,2
win_100,CBM,2014-07-31,2
win_100,CEMP,2014-07-31,1
win_100,CLVSQ,2014-07-31,1
win_100,CMRX,2014-07-31,1
win_100,CODE,2014-07-31,2
win_100,COKE,2014-07-31,2
win_100,DXCM,2014-07-31,2
win_100,DY,2014-07-31,2
win_100,DYAX,2014-07-31,2
win_100,EA,2014-07-31,2
win_100,EBIXQ,2014-07-31,1
win_100,ELLI,2014-07-31,2
win_100,GEVA,2014-07-31,2
win_100,GIMO,2014-07-31,1
win_100,GRBK,2014-07-31,1
win_100,HALO,2014-07-31,1
win_100,HPTX,2014-07-31,1
win_100,HRTX,2014-07-31,1
win_100,HZNP,2014-07-31,2
win_100,IMPV,2014-07-31,1
win_100,INCY,2014-07-31,2
win_100,INFN,2014-07-31,1
win_100,INSYQ,2014-07-31,2
win_100,IPXL,2014-07-31,2
win_100,ISLE1,2014-07-31,1
win_100,JBLU,2014-07-31,2
win_100,KYTH,2014-07-31,1
win_100,LGND,2014-07-31,2
win_100,LJPC,2014-07-31,1
win_100,LUMO,2014-07-31,1
win_100,MANH,2014-07-31,2
win_100,MNST,2014-07-31,2
win_100,MNTA,2014-07-31,1
win_100,NBIX,2014-07-31,1
win_100,PANW,2014-07-31,2
win_100,PCYC,2014-07-31,2
win_100,PGEN,2014-07-31,1
win_100,PRTA,2014-07-31,1
win_100,PTRY,2014-07-31,2
win_100,RCPT,2014-07-31,2
win_100,SKX,2014-07-31,2
win_100,STMP,2014-07-31,1
win_100,SUPN,2014-07-31,2
win_100,TGTX,2014-07-31,1
win_100,TREE,2014-07-31,2
win_100,TSRO,2014-07-31,1
win_100,TTPH,2014-07-31,1
win_100,TVTX,2014-07-31,1
win_100,UVE,2014-07-31,2
win_100,WT,2014-07-31,2
win_100,ABMD,2014-08-31,2
win_100,AMAG,2014-08-31,2
win_100,AMBA,2014-08-31,2
win_100,AMN,2014-08-31,2
win_100,ANAC1,2014-08-31,2
win_100,AVNR,2014-08-31,2
win_100,BLDR,2014-08-31,1
win_100,BLUE,2014-08-31,2
win_100,CBM,2014-08-31,2
win_100,CEMP,2014-08-31,1
win_100,COKE,2014-08-31,2
win_100,DXCM,2014-08-31,2
win_100,DY,2014-08-31,2
win_100,DYAX,2014-08-31,2
win_100,ELLI,2014-08-31,2
win_100,FOLD,2014-08-31,2
win_100,GEVA,2014-08-31,2
win_100,GIMO,2014-08-31,1
win_100,HRTX,2014-08-31,1
win_100,HZNP,2014-08-31,1
win_100,IMPV,2014-08-31,1
win_100,INCY,2014-08-31,2
win_100,INFN,2014-08-31,2
win_100,ISLE1,2014-08-31,1
win_100,LJPC,2014-08-31,1
win_100,MANH,2014-08-31,2
win_100,NBIX,2014-08-31,2
win_100,PCYC,2014-08-31,2
win_100,PGEN,2014-08-31,1
win_100,PRTA,2014-08-31,1
win_100,RCPT,2014-08-31,2
win_100,SKX,2014-08-31,2
win_100,STMP,2014-08-31,2
win_100,SUPN,2014-08-31,1
win_100,THOR1,2014-08-31,1
win_100,TREE,2014-08-31,2
win_100,TTPH,2014-08-31,1
win_100,TVTX,2014-08-31,1
win_100,USCR,2014-08-31,2
win_100,USNA,2014-08-31,2
win_100,ABMD,2014-09-30,2
win_100,ANAC1,2014-09-30,2
win_100,BLDR,2014-09-30,1
win_100,BLUE,2014-09-30,2
win_100,CBM,2014-09-30,2
win_100,CEMP,2014-09-30,1
win_100,CLVSQ,2014-09-30,1
win_100,COKE,2014-09-30,2
win_100,DXCM,2014-09-30,2
win_100,DY,2014-09-30,2
win_100,EFOI,2014-09-30,1
win_100,ELLI,2014-09-30,2
win_100,FIX,2014-09-30,1
win_100,FOLD,2014-09-30,2
win_100,GEVA,2014-09-30,2
win_100,HRTX,2014-09-30,1
win_100,IMPV,2014-09-30,1
win_100,INCY,2014-09-30,2
win_100,ISLE1,2014-09-30,1
win_100,JBLU,2014-09-30,2
win_100,KYTH,2014-09-30,1
win_100,LJPC,2014-09-30,1
win_100,MMSI,2014-09-30,1
win_100,NBIX,2014-09-30,2
win_100,NHTC,2014-09-30,2
win_100,PCYC,2014-09-30,2
win_100,PRTA,2014-09-30,1
win_100,RCPT,2014-09-30,2
win_100,SKX,2014-09-30,2
win_100,SKYW,2014-09-30,1
win_100,STMP,2014-09-30,2
win_100,THOR1,2014-09-30,1
win_100,TREE,2014-09-30,2
win_100,TVTX,2014-09-30,1
win_100,UVE,2014-09-30,2
win_100,ABMD,2014-10-31,2
win_100,AMZN,2014-10-31,2
win_100,ANAC1,2014-10-31,2
win_100,BBSI,2014-10-31,1
win_100,CBM,2014-10-31,2
win_100,COKE,2014-10-31,2
win_100,DY,2014-10-31,2
win_100,DYAX,2014-10-31,2
win_100,FIX,2014-10-31,1
win_100,FPRX,2014-10-31,1
win_100,GEVA,2014-10-31,2
win_100,HA,2014-10-31,2
win_100,HRTX,2014-10-31,1
win_100,ISLE1,2014-10-31,1
win_100,JBLU,2014-10-31,2
win_100,KYTH,2014-10-31,1
win_100,LJPC,2014-10-31,1
win_100,NBIX,2014-10-31,2
win_100,PRTA,2014-10-31,1
win_100,RCPT,2014-10-31,2
win_100,STMP,2014-10-31,2
win_100,SUPN,2014-10-31,1
win_100,THOR1,2014-10-31,1
win_100,TREE,2014-10-31,2
win_100,USCR,2014-10-31,2
win_100,ABMD,2014-11-30,2
win_100,AMWD,2014-11-30,2
win_100,ANAC1,2014-11-30,2
win_100,ASPX,2014-11-30,1
win_100,AUTO,2014-11-30,1
win_100,BBSI,2014-11-30,1
win_100,BLDR,2014-11-30,1
win_100,BLUE,2014-11-30,2
win_100,CBM,2014-11-30,2
win_100,CEMP,2014-11-30,2
win_100,COKE,2014-11-30,2
win_100,DY,2014-11-30,2
win_100,DYAX,2014-11-30,2
win_100,EBIXQ,2014-11-30,2
win_100,FIX,2014-11-30,1
win_100,GEVA,2014-11-30,2
win_100,HALO,2014-11-30,1
win_100,HCKT,2014-11-30,2
win_100,HPTX,2014-11-30,1
win_100,IPHI,2014-11-30,2
win_100,LJPC,2014-11-30,1
win_100,MXL,2014-11-30,1
win_100,NBIX,2014-11-30,2
win_100,NFLX,2014-11-30,2
win_100,OME,2014-11-30,1
win_100,PRTA,2014-11-30,1
win_100,RARE,2014-11-30,2
win_100,RVNC,2014-11-30,1
win_100,SRPT,2014-11-30,1
win_100,STMP,2014-11-30,2
win_100,THOR1,2014-11-30,1
win_100,TREE,2014-11-30,2
win_100,TVTX,2014-11-30,1
win_100,USCR,2014-11-30,2
win_100,ABMD,2014-12-31,2
win_100,ALDW,2014-12-31,1
win_100,AMZN,2014-12-31,2
win_100,ANAC1,2014-12-31,2
win_100,CBM,2014-12-31,2
win_100,COKE,2014-12-31,2
win_100,DYAX,2014-12-31,2
win_100,FIZZ,2014-12-31,2
win_100,GEVA,2014-12-31,2
win_100,HRTX,2014-12-31,1
win_100,IMGN,2014-12-31,1
win_100,KYTH,2014-12-31,2
win_100,LGND,2014-12-31,2
win_100,NBIX,2014-12-31,2
win_100,NFLX,2014-12-31,2
win_100,OME,2014-12-31,1
win_100,PCYC,2014-12-31,2
win_100,PRTA,2014-12-31,1
win_100,RARE,2014-12-31,2
win_100,RVNC,2014-12-31,1
win_100,SRPT,2014-12-31,1
win_100,STMP,2014-12-31,2
win_100,SWBI,2014-12-31,1
win_100,DY,2015-01-31,2
win_100,DYAX,2015-01-31,2
win_100,EGRX,2015-01-31,1
win_100,GEVA,2015-01-31,2
win_100,KYTH,2015-01-31,2
win_100,OME,2015-01-31,1
win_100,PBY1,2015-01-31,1
win_100,RCPT,2015-01-31,2
win_100,STMP,2015-01-31,2
win_100,DYAX,2015-02-28,2
win_100,GEVA,2015-02-28,2
win_100,HA,2015-02-28,2
win_100,OME,2015-02-28,1
win_100,PBY1,2015-02-28,1
win_100,STMP,2015-02-28,2
win_100,DYAX,2015-03-31,2
win_100,GEVA,2015-03-31,2
win_100,HA,2015-03-31,2
win_100,HPY,2015-03-31,2
win_100,MXL,2015-03-31,1
win_100,NPTN,2015-03-31,1
win_100,SWBI,2015-03-31,2
win_100,WGHTQ,2015-03-31,1
win_100,FPRX,2015-04-30,1
win_100,GEVA,2015-04-30,2
win_100,HPY,2015-04-30,2
win_100,NPTN,2015-04-30,1
win_100,PBY1,2015-04-30,1
win_100,ZEUS,2015-04-30,1
win_100,FIVN,2015-05-31,1
win_100,LXRX,2015-05-31,1
win_100,MXL,2015-05-31,2
win_100,NVDA,2015-05-31,2
win_100,PNX,2015-05-31,1
win_100,SHEN,2015-05-31,2
win_100,WGHTQ,2015-05-31,1
win_100,FIVN,2015-06-30,1
win_100,MGPI,2015-06-30,2
win_100,NVDA,2015-06-30,2
win_100,PNX,2015-06-30,1
win_100,SHEN,2015-06-30,2
win_100,SSRM,2015-06-30,1
win_100,FN,2015-07-31,2
win_100,FPRX,2015-07-31,2
win_100,HA,2015-07-31,2
win_100,LOCK,2015-07-31,1
win_100,MXL,2015-07-31,2
win_100,NEM,2015-07-31,1
win_100,NVDA,2015-07-31,2
win_100,PNX,2015-07-31,1
win_100,SHEN,2015-07-31,2
win_100,SSRM,2015-07-31,1
win_100,TBPH,2015-07-31,1
win_100,ZEUS,2015-07-31,1
win_100,AEPI,2015-08-31,2
win_100,CENT,2015-08-31,2
win_100,DWA,2015-08-31,2
win_100,EBIXQ,2015-08-31,2
win_100,FPRX,2015-08-31,1
win_100,HA,2015-08-31,2
win_100,HMSY,2015-08-31,1
win_100,IIIN,2015-08-31,1
win_100,JBTM,2015-08-31,2
win_100,MGPI,2015-08-31,2
win_100,NEM,2015-08-31,1
win_100,NPTN,2015-08-31,2
win_100,NVDA,2015-08-31,2
win_100,NVRO,2015-08-31,2
win_100,PNX,2015-08-31,1
win_100,QUAD,2015-08-31,1
win_100,ROCK,2015-08-31,2
win_100,TRUP,2015-08-31,1
win_100,TVTY,2015-08-31,1
win_100,WATT,2015-08-31,1
win_100,AERI,2015-09-30,1
win_100,AMAT,2015-09-30,2
win_100,ARIA1,2015-09-30,1
win_100,AXLL,2015-09-30,1
win_100,COHR1,2015-09-30,2
win_100,CPE,2015-09-30,1
win_100,CSC,2015-09-30,2
win_100,CWEI,2015-09-30,1
win_100,DWA,2015-09-30,1
win_100,DYAX,2015-09-30,2
win_100,EBIXQ,2015-09-30,2
win_100,EXEL,2015-09-30,2
win_100,FN,2015-09-30,2
win_100,FNSR,2015-09-30,1
win_100,FPRX,2015-09-30,1
win_100,GIMO,2015-09-30,2
win_100,HCRSQ,2015-09-30,1
win_100,HMSY,2015-09-30,1
win_100,ININ,2015-09-30,1
win_100,MGPI,2015-09-30,2
win_100,NEM,2015-09-30,1
win_100,NPTN,2015-09-30,2
win_100,NTGR,2015-09-30,2
win_100,NVDA,2015-09-30,2
win_100,NVRO,2015-09-30,2
win_100,PE,2015-09-30,2
win_100,QUAD,2015-09-30,1
win_100,ROCK,2015-09-30,2
win_100,RYAM,2015-09-30,1
win_100,SLCA,2015-09-30,1
win_100,SPNC,2015-09-30,1
win_100,SSTK,2015-09-30,1
win_100,TBPH,2015-09-30,1
win_100,TPCO,2015-09-30,1
win_100,TSRO,2015-09-30,2
win_100,TVTY,2015-09-30,1
win_100,XNCR,2015-09-30,1
win_100,XONE1,2015-09-30,1
win_100,ZEUS,2015-09-30,1
win_100,CNX,2015-10-31,1
win_100,CNXM,2015-10-31,1
win_100,DWA,2015-10-31,2
win_100,EBIXQ,2015-10-31,2
win_100,FNSR,2015-10-31,1
win_100,GIMO,2015-10-31,2
win_100,HCRSQ,2015-10-31,1
win_100,HMSY,2015-10-31,1
win_100,MGPI,2015-10-31,2
win_100,NVDA,2015-10-31,2
win_100,NVRO,2015-10-31,2
win_100,RLYP,2015-10-31,1
win_100,SLCA,2015-10-31,1
win_100,SSTK,2015-10-31,1
win_100,SXCP,2015-10-31,1
win_100,TIVO,2015-10-31,1
win_100,TSRO,2015-10-31,2
win_100,TVTY,2015-10-31,1
win_100,ARIA1,2015-11-30,1
win_100,BGFV,2015-11-30,1
win_100,CASH,2015-11-30,2
win_100,CNX,2015-11-30,1
win_100,CNXM,2015-11-30,1
win_100,EXEL,2015-11-30,2
win_100,FIVN,2015-11-30,2
win_100,FNSR,2015-11-30,1
win_100,HCRSQ,2015-11-30,1
win_100,KRO,2015-11-30,1
win_100,MGPI,2015-11-30,2
win_100,NAV,2015-11-30,1
win_100,NVDA,2015-11-30,2
win_100,PDFS,2015-11-30,1
win_100,PLCE,2015-11-30,2
win_100,QUAD,2015-11-30,1
win_100,SLCA,2015-11-30,1
win_100,SPXC,2015-11-30,1
win_100,STLD,2015-11-30,2
win_100,SXCP,2015-11-30,1
win_100,TROX,2015-11-30,1
win_100,TSRO,2015-11-30,2
win_100,WLBAQ,2015-11-30,1
win_100,X,2015-11-30,1
win_100,AAMCF,2015-12-31,1
win_100,AGX,2015-12-31,2
win_100,AMID1,2015-12-31,1
win_100,AXLL,2015-12-31,1
win_100,CASH,2015-12-31,2
win_100,CDZI,2015-12-31,1
win_100,CENT,2015-12-31,2
win_100,CLR,2015-12-31,1
win_100,CNX,2015-12-31,1
win_100,CNXM,2015-12-31,1
win_100,COHR1,2015-12-31,2
win_100,CWEI,2015-12-31,1
win_100,EXEL,2015-12-31,2
win_100,FNSR,2015-12-31,1
win_100,GTLS,2015-12-31,1
win_100,HCRSQ,2015-12-31,1
win_100,JOY,2015-12-31,1
win_100,KOP,2015-12-31,1
win_100,KRO,2015-12-31,1
win_100,LAYN,2015-12-31,1
win_100,MENT,2015-12-31,1
win_100,MTZ,2015-12-31,1
win_100,NAV,2015-12-31,1
win_100,NGL,2015-12-31,1
win_100,NVDA,2015-12-31,2
win_100,OASPQ,2015-12-31,1
win_100,OKE,2015-12-31,1
win_100,OVV,2015-12-31,1
win_100,PDFS,2015-12-31,1
win_100,QUAD,2015-12-31,1
win_100,RIGP,2015-12-31,1
win_100,RRMS,2015-12-31,1
win_100,SLCA,2015-12-31,1
win_100,SPXC,2015-12-31,1
win_100,STLD,2015-12-31,2
win_100,SXCP,2015-12-31,1
win_100,TPL,2015-12-31,2
win_100,TRGP,2015-12-31,1
win_100,TSRO,2015-12-31,2
win_100,TTMI,2015-12-31,1
win_100,UNTCQ,2015-12-31,1
win_100,WLBAQ,2015-12-31,1
win_100,WPX,2015-12-31,1
win_100,X,2015-12-31,1
win_100,AAMCF,2016-01-31,1
win_100,ACCO,2016-01-31,1
win_100,AEIS,2016-01-31,2
win_100,AERI,2016-01-31,1
win_100,AGX,2016-01-31,2
win_100,AMID1,2016-01-31,1
win_100,ARIA1,2016-01-31,1
win_100,AROC,2016-01-31,1
win_100,ATI,2016-01-31,1
win_100,BEAT1,2016-01-31,2
win_100,CAI1,2016-01-31,1
win_100,CASH,2016-01-31,2
win_100,CCLP,2016-01-31,1
win_100,CENT,2016-01-31,2
win_100,CEQP,2016-01-31,1
win_100,CGNX,2016-01-31,2
win_100,CHRS,2016-01-31,1
win_100,CLR,2016-01-31,1
win_100,CLVSQ,2016-01-31,1
win_100,CMA,2016-01-31,2
win_100,CNX,2016-01-31,1
win_100,CNXM,2016-01-31,1
win_100,COHR1,2016-01-31,2
win_100,CPE,2016-01-31,1
win_100,CSII,2016-01-31,1
win_100,CSX,2016-01-31,2
win_100,CUDA,2016-01-31,1
win_100,CWEI,2016-01-31,1
win_100,DCP,2016-01-31,1
win_100,DDD,2016-01-31,1
win_100,DGI,2016-01-31,1
win_100,DXPE,2016-01-31,1
win_100,EGL,2016-01-31,1
win_100,ENBL,2016-01-31,1
win_100,ENVA,2016-01-31,1
win_100,ET,2016-01-31,1
win_100,EXAS,2016-01-31,1
win_100,FNSR,2016-01-31,1
win_100,GEF,2016-01-31,1
win_100,GEOS,2016-01-31,1
win_100,GNMK,2016-01-31,1
win_100,GRUB1,2016-01-31,1
win_100,GTLS,2016-01-31,1
win_100,HCRSQ,2016-01-31,1
win_100,HEES,2016-01-31,1
win_100,HQY,2016-01-31,2
win_100,HSKA,2016-01-31,2
win_100,HUN,2016-01-31,1
win_100,IBTX,2016-01-31,1
win_100,IDCC,2016-01-31,2
win_100,ININ,2016-01-31,1
win_100,JOY,2016-01-31,1
win_100,KMT,2016-01-31,1
win_100,KOP,2016-01-31,1
win_100,LAYN,2016-01-31,1
win_100,LDL,2016-01-31,2
win_100,LDRH1,2016-01-31,1
win_100,LNWO,2016-01-31,1
win_100,LOCK,2016-01-31,1
win_100,LOGM,2016-01-31,2
win_100,LRN,2016-01-31,1
win_100,LTXB,2016-01-31,2
win_100,MASI,2016-01-31,2
win_100,MDVN,2016-01-31,2
win_100,MENT,2016-01-31,1
win_100,MGI,2016-01-31,1
win_100,MOD,2016-01-31,1
win_100,MRC,2016-01-31,1
win_100,MTOR,2016-01-31,1
win_100,MTZ,2016-01-31,1
win_100,MU,2016-01-31,1
win_100,NAV,2016-01-31,1
win_100,NBR,2016-01-31,1
win_100,NGL,2016-01-31,1
win_100,NMIH,2016-01-31,1
win_100,NSH1,2016-01-31,1
win_100,NTK,2016-01-31,1
win_100,NVDA,2016-01-31,2
win_100,NVRI1,2016-01-31,1
win_100,OASPQ,2016-01-31,1
win_100,OFG,2016-01-31,1
win_100,OKE,2016-01-31,1
win_100,ONCE,2016-01-31,1
win_100,OSK,2016-01-31,1
win_100,PATK,2016-01-31,2
win_100,PDFS,2016-01-31,1
win_100,PIPR,2016-01-31,1
win_100,QUAD,2016-01-31,1
win_100,RGLD,2016-01-31,1
win_100,RIGP,2016-01-31,1
win_100,ROCK,2016-01-31,2
win_100,RRMS,2016-01-31,1
win_100,SAIA,2016-01-31,1
win_100,SANM,2016-01-31,2
win_100,SFBS,2016-01-31,2
win_100,SKYW,2016-01-31,1
win_100,SLCA,2016-01-31,1
win_100,SM,2016-01-31,1
win_100,SNOW1,2016-01-31,1
win_100,SPNC,2016-01-31,1
win_100,SPXC,2016-01-31,1
win_100,SRPT,2016-01-31,1
win_100,SUPN,2016-01-31,1
win_100,SWC,2016-01-31,1
win_100,SXCP,2016-01-31,1
win_100,TCBI,2016-01-31,1
win_100,TCX,2016-01-31,2
win_100,THO,2016-01-31,2
win_100,TPC,2016-01-31,1
win_100,TPL,2016-01-31,2
win_100,TRGP,2016-01-31,1
win_100,TRUE,2016-01-31,1
win_100,TSRO,2016-01-31,2
win_100,TTMI,2016-01-31,1
win_100,TVTY,2016-01-31,1
win_100,UI,2016-01-31,2
win_100,UNTCQ,2016-01-31,1
win_100,URI,2016-01-31,1
win_100,VASC,2016-01-31,2
win_100,VTAE,2016-01-31,1
win_100,VYX,2016-01-31,1
win_100,WATT,2016-01-31,1
win_100,WLBAQ,2016-01-31,1
win_100,WPX,2016-01-31,1
win_100,WPZ,2016-01-31,1
win_100,X,2016-01-31,1
win_100,XNCR,2016-01-31,1
win_100,XXIA,2016-01-31,1
win_100,AAOI,2016-02-29,2
win_100,ACAD,2016-02-29,1
win_100,AEIS,2016-02-29,2
win_100,AEL,2016-02-29,1
win_100,AERI,2016-02-29,1
win_100,AGX,2016-02-29,2
win_100,AHGP,2016-02-29,1
win_100,AMID1,2016-02-29,1
win_100,APLP,2016-02-29,1
win_100,APPF,2016-02-29,1
win_100,ARAV,2016-02-29,1
win_100,ARIA1,2016-02-29,1
win_100,ARLP,2016-02-29,1
win_100,AVTA,2016-02-29,1
win_100,AXDXQ,2016-02-29,1
win_100,AZTA,2016-02-29,2
win_100,BAC,2016-02-29,2
win_100,BEAT1,2016-02-29,2
win_100,BGC2,2016-02-29,1
win_100,CARB,2016-02-29,1
win_100,CASH,2016-02-29,2
win_100,CCLP,2016-02-29,1
win_100,CENT,2016-02-29,2
win_100,CEQP,2016-02-29,1
win_100,CGNX,2016-02-29,2
win_100,CLVSQ,2016-02-29,1
win_100,CMA,2016-02-29,2
win_100,CNXM,2016-02-29,1
win_100,COHR1,2016-02-29,2
win_100,CSC,2016-02-29,2
win_100,CSII,2016-02-29,1
win_100,CSX,2016-02-29,2
win_100,CWEI,2016-02-29,1
win_100,DCP,2016-02-29,1
win_100,DGI,2016-02-29,1
win_100,DVN,2016-02-29,1
win_100,DWRE,2016-02-29,2
win_100,DXPE,2016-02-29,1
win_100,EGL,2016-02-29,1
win_100,EMKR,2016-02-29,2
win_100,ENBL,2016-02-29,1
win_100,ENLC,2016-02-29,1
win_100,ENLK,2016-02-29,1
win_100,ENVA,2016-02-29,1
win_100,ET,2016-02-29,1
win_100,EXAS,2016-02-29,1
win_100,FLXN1,2016-02-29,1
win_100,FNSR,2016-02-29,2
win_100,GEF,2016-02-29,1
win_100,HEES,2016-02-29,1
win_100,HQY,2016-02-29,2
win_100,HSKA,2016-02-29,2
win_100,HUN,2016-02-29,1
win_100,HWC,2016-02-29,1
win_100,IBP,2016-02-29,2
win_100,IBTX,2016-02-29,1
win_100,INGN,2016-02-29,2
win_100,ININ,2016-02-29,1
win_100,ISLE1,2016-02-29,1
win_100,JOY,2016-02-29,1
win_100,KOP,2016-02-29,1
win_100,KRO,2016-02-29,1
win_100,KS,2016-02-29,1
win_100,LBAI,2016-02-29,2
win_100,LJPC,2016-02-29,1
win_100,LNWO,2016-02-29,1
win_100,LOCK,2016-02-29,2
win_100,LOXO,2016-02-29,1
win_100,LPLA,2016-02-29,1
win_100,LTXB,2016-02-29,1
win_100,MASI,2016-02-29,2
win_100,MDVN,2016-02-29,2
win_100,MGI,2016-02-29,1
win_100,MKSI,2016-02-29,2
win_100,MKTO,2016-02-29,1
win_100,MRCY,2016-02-29,2
win_100,MTOR,2016-02-29,1
win_100,MTUS,2016-02-29,1
win_100,MTZ,2016-02-29,1
win_100,MU,2016-02-29,1
win_100,NAV,2016-02-29,1
win_100,NBR,2016-02-29,1
win_100,NGL,2016-02-29,1
win_100,NMIH,2016-02-29,1
win_100,NTK,2016-02-29,1
win_100,NTRI,2016-02-29,2
win_100,NVDA,2016-02-29,2
win_100,OASPQ,2016-02-29,1
win_100,OFG,2016-02-29,1
win_100,OKE,2016-02-29,1
win_100,OLN,2016-02-29,1
win_100,ONCE,2016-02-29,1
win_100,PRO,2016-02-29,1
win_100,QUAD,2016-02-29,1
win_100,RF,2016-02-29,2
win_100,RICE1,2016-02-29,1
win_100,RIGP,2016-02-29,1
win_100,RLYP,2016-02-29,1
win_100,RRMS,2016-02-29,1
win_100,SAGE,2016-02-29,1
win_100,SFBS,2016-02-29,2
win_100,SGEN,2016-02-29,2
win_100,SIVBQ,2016-02-29,2
win_100,SLCA,2016-02-29,1
win_100,SLM,2016-02-29,1
win_100,SM,2016-02-29,1
win_100,SMC,2016-02-29,1
win_100,SNOW1,2016-02-29,1
win_100,SPXC,2016-02-29,1
win_100,SRPT,2016-02-29,1
win_100,STLD,2016-02-29,2
win_100,SUPN,2016-02-29,1
win_100,SWC,2016-02-29,1
win_100,SXCP,2016-02-29,1
win_100,TCBI,2016-02-29,1
win_100,THO,2016-02-29,2
win_100,TNET,2016-02-29,1
win_100,TPC,2016-02-29,1
win_100,TPL,2016-02-29,2
win_100,TRGP,2016-02-29,1
win_100,TROX,2016-02-29,1
win_100,TRUE,2016-02-29,1
win_100,TSRO,2016-02-29,2
win_100,TTMI,2016-02-29,1
win_100,TVTY,2016-02-29,1
win_100,TWI,2016-02-29,1
win_100,UNTCQ,2016-02-29,1
win_100,URI,2016-02-29,1
win_100,USAC,2016-02-29,1
win_100,VTLE,2016-02-29,1
win_100,VYX,2016-02-29,2
win_100,WATT,2016-02-29,1
win_100,WLBAQ,2016-02-29,1
win_100,WPZ,2016-02-29,1
win_100,X,2016-02-29,1
win_100,XNCR,2016-02-29,1
win_100,XPO,2016-02-29,1
win_100,ZION,2016-02-29,2
win_100,ZLTQ,2016-02-29,2
win_100,AAOI,2016-03-31,2
win_100,AERI,2016-03-31,1
win_100,AHGP,2016-03-31,1
win_100,AMID1,2016-03-31,1
win_100,ANET,2016-03-31,2
win_100,APIC,2016-03-31,1
win_100,ARIA1,2016-03-31,1
win_100,ARLP,2016-03-31,1
win_100,AVTA,2016-03-31,1
win_100,AZTA,2016-03-31,2
win_100,BEAT1,2016-03-31,2
win_100,BLUE,2016-03-31,1
win_100,BPMC,2016-03-31,1
win_100,CACQ1,2016-03-31,1
win_100,CENT,2016-03-31,2
win_100,CEQP,2016-03-31,1
win_100,CGNX,2016-03-31,2
win_100,CLVSQ,2016-03-31,1
win_100,COHR1,2016-03-31,2
win_100,CPXX,2016-03-31,1
win_100,CSC,2016-03-31,2
win_100,CSII,2016-03-31,1
win_100,CVSA,2016-03-31,1
win_100,CWEI,2016-03-31,1
win_100,DXPE,2016-03-31,1
win_100,EGRX,2016-03-31,2
win_100,EMKR,2016-03-31,1
win_100,ENBL,2016-03-31,1
win_100,ENVA,2016-03-31,1
win_100,ESPR,2016-03-31,1
win_100,ET,2016-03-31,1
win_100,EXAS,2016-03-31,1
win_100,FIZZ,2016-03-31,2
win_100,FLXN1,2016-03-31,1
win_100,GBT,2016-03-31,1
win_100,GKOS,2016-03-31,1
win_100,GNMK,2016-03-31,1
win_100,HSKA,2016-03-31,2
win_100,HWC,2016-03-31,1
win_100,IBTX,2016-03-31,1
win_100,KRO,2016-03-31,1
win_100,LNWO,2016-03-31,1
win_100,LOGI,2016-03-31,2
win_100,LTXB,2016-03-31,1
win_100,MASI,2016-03-31,2
win_100,MB2,2016-03-31,1
win_100,MGPI,2016-03-31,2
win_100,MTOR,2016-03-31,1
win_100,MTUS,2016-03-31,1
win_100,MU,2016-03-31,1
win_100,NGL,2016-03-31,1
win_100,NMIH,2016-03-31,1
win_100,NTRI,2016-03-31,2
win_100,NVDA,2016-03-31,2
win_100,NVRI1,2016-03-31,1
win_100,PRO,2016-03-31,1
win_100,QUAD,2016-03-31,1
win_100,RIGP,2016-03-31,1
win_100,RLYP,2016-03-31,1
win_100,RRMS,2016-03-31,1
win_100,SAGE,2016-03-31,1
win_100,SLCA,2016-03-31,1
win_100,SNOW1,2016-03-31,1
win_100,SPNC,2016-03-31,1
win_100,SUPN,2016-03-31,2
win_100,SXCP,2016-03-31,1
win_100,TCBI,2016-03-31,1
win_100,TDOC,2016-03-31,1
win_100,TNET,2016-03-31,1
win_100,TPC,2016-03-31,1
win_100,TRGP,2016-03-31,1
win_100,TROX,2016-03-31,1
win_100,TRUE,2016-03-31,1
win_100,TSRO,2016-03-31,2
win_100,TTMI,2016-03-31,1
win_100,TVRD,2016-03-31,1
win_100,TVTY,2016-03-31,1
win_100,UNTCQ,2016-03-31,1
win_100,URI,2016-03-31,1
win_100,VEEV,2016-03-31,2
win_100,VTAE,2016-03-31,1
win_100,WLBAQ,2016-03-31,1
win_100,WPZ,2016-03-31,1
win_100,X,2016-03-31,1
win_100,ZLTQ,2016-03-31,2
win_100,AAOI,2016-04-30,1
win_100,AEIS,2016-04-30,2
win_100,AERI,2016-04-30,1
win_100,AMAT,2016-04-30,2
win_100,AMKR,2016-04-30,1
win_100,ANET,2016-04-30,2
win_100,ARAV,2016-04-30,1
win_100,ARIA1,2016-04-30,1
win_100,AVTA,2016-04-30,1
win_100,AXDXQ,2016-04-30,1
win_100,AZTA,2016-04-30,1
win_100,BEAT1,2016-04-30,2
win_100,BLUE,2016-04-30,1
win_100,BPMC,2016-04-30,1
win_100,CENT,2016-04-30,2
win_100,CGNX,2016-04-30,2
win_100,CLVSQ,2016-04-30,1
win_100,COHR1,2016-04-30,2
win_100,CPXX,2016-04-30,2
win_100,CSC,2016-04-30,2
win_100,CSII,2016-04-30,1
win_100,CVSA,2016-04-30,1
win_100,CWEI,2016-04-30,1
win_100,CYTK,2016-04-30,1
win_100,EGRX,2016-04-30,1
win_100,EMKR,2016-04-30,1
win_100,ESPR,2016-04-30,1
win_100,EXAS,2016-04-30,1
win_100,FMI,2016-04-30,1
win_100,GKOS,2016-04-30,1
win_100,GNCMA,2016-04-30,2
win_100,GNMK,2016-04-30,1
win_100,HCRSQ,2016-04-30,1
win_100,HSKA,2016-04-30,2
win_100,IBP,2016-04-30,2
win_100,IRBTQ,2016-04-30,2
win_100,KLIC,2016-04-30,1
win_100,KRO,2016-04-30,1
win_100,LNWO,2016-04-30,1
win_100,LOCK,2016-04-30,2
win_100,LOGI,2016-04-30,2
win_100,MASI,2016-04-30,2
win_100,MB2,2016-04-30,1
win_100,MKSI,2016-04-30,2
win_100,MTOR,2016-04-30,1
win_100,MU,2016-04-30,1
win_100,NTRI,2016-04-30,2
win_100,NVDA,2016-04-30,2
win_100,PRO,2016-04-30,1
win_100,QUAD,2016-04-30,1
win_100,SEMI1,2016-04-30,1
win_100,SRPT,2016-04-30,1
win_100,STRP,2016-04-30,1
win_100,STX,2016-04-30,1
win_100,TDOC,2016-04-30,1
win_100,TPL,2016-04-30,2
win_100,TROX,2016-04-30,1
win_100,TRUE,2016-04-30,1
win_100,TSRO,2016-04-30,2
win_100,TTMI,2016-04-30,1
win_100,TVRD,2016-04-30,1
win_100,TVTY,2016-04-30,1
win_100,VCRA,2016-04-30,2
win_100,VTAE,2016-04-30,1
win_100,WD,2016-04-30,1
win_100,WDC,2016-04-30,1
win_100,XNCR,2016-04-30,1
win_100,AAOI,2016-05-31,1
win_100,AEIS,2016-05-31,2
win_100,AERI,2016-05-31,1
win_100,ANET,2016-05-31,2
win_100,ARIA1,2016-05-31,2
win_100,AVTA,2016-05-31,1
win_100,AXDXQ,2016-05-31,1
win_100,AZTA,2016-05-31,2
win_100,BCO,2016-05-31,2
win_100,CARB,2016-05-31,1
win_100,CENX,2016-05-31,1
win_100,CGNX,2016-05-31,2
win_100,CLVSQ,2016-05-31,1
win_100,COHR1,2016-05-31,2
win_100,CSX,2016-05-31,2
win_100,CVSA,2016-05-31,1
win_100,CWEI,2016-05-31,1
win_100,DXPE,2016-05-31,1
win_100,EMESQ,2016-05-31,1
win_100,EMKR,2016-05-31,1
win_100,EXAS,2016-05-31,1
win_100,EXEL,2016-05-31,2
win_100,FIVN,2016-05-31,2
win_100,FMI,2016-05-31,1
win_100,FORM,2016-05-31,1
win_100,GNCMA,2016-05-31,2
win_100,HSKA,2016-05-31,2
win_100,INVN2,2016-05-31,1
win_100,IONS,2016-05-31,1
win_100,IRBTQ,2016-05-31,2
win_100,KRO,2016-05-31,1
win_100,LLFLQ,2016-05-31,1
win_100,LMAT,2016-05-31,2
win_100,LNWO,2016-05-31,1
win_100,LOGI,2016-05-31,2
win_100,MB2,2016-05-31,1
win_100,MKSI,2016-05-31,2
win_100,MU,2016-05-31,1
win_100,NAV,2016-05-31,1
win_100,NOVT,2016-05-31,2
win_100,NVDA,2016-05-31,2
win_100,NVRI1,2016-05-31,1
win_100,PBYI,2016-05-31,1
win_100,PEGA,2016-05-31,2
win_100,PRO,2016-05-31,1
win_100,SAGE,2016-05-31,1
win_100,SEMI1,2016-05-31,1
win_100,STRP,2016-05-31,1
win_100,STX,2016-05-31,1
win_100,TDOC,2016-05-31,1
win_100,TRUE,2016-05-31,1
win_100,TSRO,2016-05-31,1
win_100,TTMI,2016-05-31,1
win_100,TVRD,2016-05-31,1
win_100,TVTY,2016-05-31,1
win_100,VCRA,2016-05-31,2
win_100,VTAE,2016-05-31,1
win_100,WIFI,2016-05-31,1
win_100,ZYNE,2016-05-31,1
win_100,AAOI,2016-06-30,1
win_100,AERI,2016-06-30,1
win_100,ALJ,2016-06-30,1
win_100,AMD,2016-06-30,2
win_100,ANET,2016-06-30,2
win_100,ARIA1,2016-06-30,1
win_100,ASMB,2016-06-30,1
win_100,AVTA,2016-06-30,1
win_100,AXGN,2016-06-30,2
win_100,BCO,2016-06-30,2
win_100,BEAT1,2016-06-30,2
win_100,BLUE,2016-06-30,1
win_100,BOBE,2016-06-30,2
win_100,BPMC,2016-06-30,1
win_100,CARB,2016-06-30,2
win_100,CENX,2016-06-30,1
win_100,CHGG,2016-06-30,1
win_100,CLVSQ,2016-06-30,1
win_100,COHR1,2016-06-30,2
win_100,CONNQ,2016-06-30,1
win_100,CORT,2016-06-30,2
win_100,CSX,2016-06-30,2
win_100,CVSA,2016-06-30,1
win_100,CWEI,2016-06-30,1
win_100,CWST,2016-06-30,2
win_100,DAN,2016-06-30,1
win_100,DK,2016-06-30,1
win_100,DXPE,2016-06-30,1
win_100,EGRX,2016-06-30,1
win_100,EMKR,2016-06-30,1
win_100,ENVA,2016-06-30,1
win_100,ESPR,2016-06-30,1
win_100,EXAS,2016-06-30,1
win_100,EXEL,2016-06-30,2
win_100,FMI,2016-06-30,1
win_100,FOXF,2016-06-30,2
win_100,GNCMA,2016-06-30,2
win_100,HSKA,2016-06-30,2
win_100,IL,2016-06-30,1
win_100,INVN2,2016-06-30,1
win_100,IONS,2016-06-30,1
win_100,IRBTQ,2016-06-30,2
win_100,KITE,2016-06-30,1
win_100,KRO,2016-06-30,1
win_100,LMAT,2016-06-30,2
win_100,LNWO,2016-06-30,1
win_100,LOGI,2016-06-30,2
win_100,LOXO,2016-06-30,1
win_100,MBUU,2016-06-30,1
win_100,MTOR,2016-06-30,1
win_100,MTZ,2016-06-30,2
win_100,MU,2016-06-30,1
win_100,NAV,2016-06-30,1
win_100,NGNE,2016-06-30,1
win_100,NMIH,2016-06-30,1
win_100,NOVT,2016-06-30,2
win_100,NRP,2016-06-30,1
win_100,NTRI,2016-06-30,2
win_100,NVDA,2016-06-30,2
win_100,NVRI1,2016-06-30,1
win_100,OSUR,2016-06-30,2
win_100,PAHC,2016-06-30,1
win_100,PBYI,2016-06-30,1
win_100,PEGA,2016-06-30,2
win_100,PETS,2016-06-30,2
win_100,PTCT,2016-06-30,1
win_100,PTLA,2016-06-30,1
win_100,RH,2016-06-30,1
win_100,SAGE,2016-06-30,1
win_100,SAIA,2016-06-30,1
win_100,SEMI1,2016-06-30,1
win_100,SPNC,2016-06-30,2
win_100,STRP,2016-06-30,1
win_100,SUPN,2016-06-30,2
win_100,TBRA,2016-06-30,1
win_100,TDOC,2016-06-30,1
win_100,TRUE,2016-06-30,1
win_100,TTMI,2016-06-30,1
win_100,TVTY,2016-06-30,1
win_100,VCRA,2016-06-30,2
win_100,WD,2016-06-30,1
win_100,WGHTQ,2016-06-30,1
win_100,XENT,2016-06-30,1
win_100,XPO,2016-06-30,1
win_100,XXIA,2016-06-30,1
win_100,ZBRA,2016-06-30,1
win_100,ZLTQ,2016-06-30,2
win_100,ZYNE,2016-06-30,1
win_100,AAOI,2016-07-31,1
win_100,ACLS,2016-07-31,1
win_100,AERI,2016-07-31,1
win_100,ANET,2016-07-31,2
win_100,ARIA1,2016-07-31,2
win_100,AVTA,2016-07-31,1
win_100,AXGN,2016-07-31,2
win_100,AZTA,2016-07-31,2
win_100,BCO,2016-07-31,2
win_100,BOBE,2016-07-31,1
win_100,BPMC,2016-07-31,1
win_100,CARB,2016-07-31,2
win_100,CENX,2016-07-31,1
win_100,CGNX,2016-07-31,2
win_100,CHGG,2016-07-31,1
win_100,CLVSQ,2016-07-31,1
win_100,COHR1,2016-07-31,2
win_100,CONNQ,2016-07-31,1
win_100,CORT,2016-07-31,2
win_100,CWEI,2016-07-31,1
win_100,CYNA,2016-07-31,2
win_100,DK,2016-07-31,1
win_100,EMKR,2016-07-31,2
win_100,ESPR,2016-07-31,1
win_100,EXAS,2016-07-31,2
win_100,EXEL,2016-07-31,2
win_100,FOXF,2016-07-31,2
win_100,GNCMA,2016-07-31,2
win_100,HSKA,2016-07-31,2
win_100,IRBTQ,2016-07-31,2
win_100,ITGR,2016-07-31,1
win_100,KRO,2016-07-31,1
win_100,LMAT,2016-07-31,2
win_100,LNWO,2016-07-31,1
win_100,LOXO,2016-07-31,1
win_100,LPSN,2016-07-31,1
win_100,MBUU,2016-07-31,1
win_100,MFRM,2016-07-31,1
win_100,MTOR,2016-07-31,1
win_100,MU,2016-07-31,1
win_100,NAV,2016-07-31,1
win_100,NOVT,2016-07-31,2
win_100,NVCR,2016-07-31,1
win_100,NVDA,2016-07-31,2
win_100,OSUR,2016-07-31,2
win_100,PEGA,2016-07-31,2
win_100,PETS,2016-07-31,2
win_100,PTCT,2016-07-31,1
win_100,PTLA,2016-07-31,1
win_100,REN,2016-07-31,1
win_100,RH,2016-07-31,1
win_100,STRP,2016-07-31,1
win_100,TPL,2016-07-31,2
win_100,TREE,2016-07-31,2
win_100,TROX,2016-07-31,1
win_100,TRUE,2016-07-31,1
win_100,TVRD,2016-07-31,1
win_100,TVTY,2016-07-31,2
win_100,WD,2016-07-31,1
win_100,WGHTQ,2016-07-31,1
win_100,XPO,2016-07-31,2
win_100,AAOI,2016-08-31,1
win_100,AERI,2016-08-31,1
win_100,AKBA,2016-08-31,1
win_100,ANET,2016-08-31,2
win_100,ARIA1,2016-08-31,2
win_100,AVTA,2016-08-31,1
win_100,AZTA,2016-08-31,2
win_100,BCO,2016-08-31,2
win_100,BEAT1,2016-08-31,2
win_100,BFYT,2016-08-31,1
win_100,BLUE,2016-08-31,1
win_100,CC,2016-08-31,2
win_100,CENX,2016-08-31,1
win_100,CGNX,2016-08-31,2
win_100,CHGG,2016-08-31,1
win_100,CLVSQ,2016-08-31,1
win_100,COHR1,2016-08-31,2
win_100,CONNQ,2016-08-31,1
win_100,CORT,2016-08-31,2
win_100,CTRL,2016-08-31,2
win_100,CWEI,2016-08-31,1
win_100,CYNA,2016-08-31,2
win_100,EHTH,2016-08-31,1
win_100,EPZM,2016-08-31,1
win_100,ESIO,2016-08-31,1
win_100,ESPR,2016-08-31,1
win_100,EXAS,2016-08-31,2
win_100,EXEL,2016-08-31,2
win_100,FIZZ,2016-08-31,2
win_100,FOLD,2016-08-31,1
win_100,GDOT,2016-08-31,2
win_100,GEO,2016-08-31,1
win_100,GNCMA,2016-08-31,1
win_100,HDP,2016-08-31,1
win_100,IPGP,2016-08-31,2
win_100,IRBTQ,2016-08-31,2
win_100,KITE,2016-08-31,2
win_100,KRO,2016-08-31,1
win_100,KYNB,2016-08-31,1
win_100,LJPC,2016-08-31,1
win_100,LLFLQ,2016-08-31,1
win_100,LNWO,2016-08-31,1
win_100,LOXO,2016-08-31,2
win_100,MDXG,2016-08-31,1
win_100,MRCY,2016-08-31,2
win_100,NAV,2016-08-31,1
win_100,NOVT,2016-08-31,2
win_100,NRG,2016-08-31,1
win_100,NVCR,2016-08-31,1
win_100,NVDA,2016-08-31,2
win_100,OLED,2016-08-31,2
win_100,OSUR,2016-08-31,2
win_100,PEGA,2016-08-31,2
win_100,PRTK,2016-08-31,1
win_100,PTCT,2016-08-31,1
win_100,PTLA,2016-08-31,1
win_100,ROG,2016-08-31,2
win_100,SAGE,2016-08-31,2
win_100,STRP,2016-08-31,1
win_100,SUPN,2016-08-31,2
win_100,TGTX,2016-08-31,1
win_100,TPL,2016-08-31,2
win_100,TREE,2016-08-31,2
win_100,TROX,2016-08-31,1
win_100,TTWO,2016-08-31,2
win_100,TVRD,2016-08-31,1
win_100,VTAE,2016-08-31,1
win_100,WGHTQ,2016-08-31,1
win_100,WIFI,2016-08-31,2
win_100,XYZ,2016-08-31,2
win_100,AAOI,2016-09-30,2
win_100,ABEO,2016-09-30,1
win_100,ACLS,2016-09-30,2
win_100,AKBA,2016-09-30,1
win_100,ANET,2016-09-30,2
win_100,AVAV,2016-09-30,1
win_100,AVTA,2016-09-30,1
win_100,AXGN,2016-09-30,2
win_100,AZTA,2016-09-30,2
win_100,BCO,2016-09-30,2
win_100,BLUE,2016-09-30,2
win_100,BOBE,2016-09-30,2
win_100,BPMC,2016-09-30,2
win_100,CC,2016-09-30,2
win_100,CENX,2016-09-30,1
win_100,CGNX,2016-09-30,2
win_100,CHGG,2016-09-30,1
win_100,CLVSQ,2016-09-30,1
win_100,COHR1,2016-09-30,2
win_100,CONNQ,2016-09-30,1
win_100,CORT,2016-09-30,2
win_100,CTRL,2016-09-30,2
win_100,CVI,2016-09-30,1
win_100,CXW,2016-09-30,1
win_100,DVAX,2016-09-30,1
win_100,EHTH,2016-09-30,1
win_100,ESPR,2016-09-30,1
win_100,EXAS,2016-09-30,2
win_100,FIZZ,2016-09-30,2
win_100,FOLD,2016-09-30,1
win_100,GDOT,2016-09-30,2
win_100,GNCMA,2016-09-30,1
win_100,HDP,2016-09-30,1
win_100,INSM,2016-09-30,1
win_100,IPGP,2016-09-30,2
win_100,ITGR,2016-09-30,1
win_100,JOUT,2016-09-30,2
win_100,KITE,2016-09-30,2
win_100,KRO,2016-09-30,1
win_100,KYNB,2016-09-30,1
win_100,LNTH,2016-09-30,1
win_100,LNWO,2016-09-30,1
win_100,LOPE,2016-09-30,2
win_100,LOXO,2016-09-30,2
win_100,MBUU,2016-09-30,1
win_100,MRCY,2016-09-30,2
win_100,MTOR,2016-09-30,2
win_100,MU,2016-09-30,2
win_100,MYOK,2016-09-30,2
win_100,NOVT,2016-09-30,2
win_100,NRG,2016-09-30,1
win_100,NVCR,2016-09-30,1
win_100,NVDA,2016-09-30,2
win_100,NVRI1,2016-09-30,1
win_100,OLED,2016-09-30,2
win_100,OSUR,2016-09-30,2
win_100,PTLA,2016-09-30,1
win_100,RGNX,2016-09-30,1
win_100,RH,2016-09-30,1
win_100,ROG,2016-09-30,2
win_100,SAIA,2016-09-30,1
win_100,STMP,2016-09-30,2
win_100,STRP,2016-09-30,1
win_100,TREE,2016-09-30,2
win_100,TROX,2016-09-30,1
win_100,TTWO,2016-09-30,2
win_100,VVX,2016-09-30,1
win_100,WD,2016-09-30,2
win_100,WGHTQ,2016-09-30,1
win_100,WIFI,2016-09-30,2
win_100,XYZ,2016-09-30,2
win_100,ZGNX,2016-09-30,1
win_100,AAMCF,2016-10-31,1
win_100,AAOI,2016-10-31,2
win_100,ABEO,2016-10-31,1
win_100,ACLS,2016-10-31,2
win_100,ALGN,2016-10-31,2
win_100,ALNY,2016-10-31,1
win_100,ANET,2016-10-31,2
win_100,ARIA1,2016-10-31,2
win_100,AVAV,2016-10-31,1
win_100,AXGN,2016-10-31,2
win_100,AZTA,2016-10-31,2
win_100,BLD,2016-10-31,2
win_100,BLUE,2016-10-31,1
win_100,BOBE,2016-10-31,2
win_100,BPMC,2016-10-31,2
win_100,BZH,2016-10-31,1
win_100,CC,2016-10-31,2
win_100,CGNX,2016-10-31,2
win_100,CHGG,2016-10-31,1
win_100,CLVSQ,2016-10-31,1
win_100,CMTL,2016-10-31,1
win_100,COHR1,2016-10-31,2
win_100,CONNQ,2016-10-31,1
win_100,CORT,2016-10-31,2
win_100,CTRL,2016-10-31,2
win_100,CVI,2016-10-31,1
win_100,CZR,2016-10-31,2
win_100,DVAX,2016-10-31,1
win_100,ECPG,2016-10-31,1
win_100,EHTH,2016-10-31,1
win_100,ENTA,2016-10-31,1
win_100,ENTG,2016-10-31,2
win_100,ESPR,2016-10-31,1
win_100,EXAS,2016-10-31,2
win_100,EXEL,2016-10-31,2
win_100,FIZZ,2016-10-31,2
win_100,FOLD,2016-10-31,1
win_100,FORM,2016-10-31,2
win_100,GBT,2016-10-31,1
win_100,GDOT,2016-10-31,2
win_100,GNCMA,2016-10-31,1
win_100,HALO,2016-10-31,1
win_100,HDP,2016-10-31,1
win_100,HEES,2016-10-31,1
win_100,IBP,2016-10-31,2
win_100,INSM,2016-10-31,1
win_100,IONS,2016-10-31,1
win_100,IPGP,2016-10-31,2
win_100,ITGR,2016-10-31,1
win_100,JOUT,2016-10-31,2
win_100,KAI,2016-10-31,2
win_100,KFY,2016-10-31,1
win_100,KITE,2016-10-31,1
win_100,KMG,2016-10-31,2
win_100,KRO,2016-10-31,1
win_100,KTOS,2016-10-31,1
win_100,KYNB,2016-10-31,1
win_100,LGIH,2016-10-31,2
win_100,LNTH,2016-10-31,1
win_100,LNWO,2016-10-31,2
win_100,LOPE,2016-10-31,2
win_100,LOXO,2016-10-31,1
win_100,LRCX,2016-10-31,2
win_100,MBUU,2016-10-31,1
win_100,MCFT,2016-10-31,1
win_100,MKSI,2016-10-31,2
win_100,MTCH,2016-10-31,2
win_100,MTOR,2016-10-31,2
win_100,MU,2016-10-31,2
win_100,MYOK,2016-10-31,1
win_100,NRG,2016-10-31,1
win_100,NVCR,2016-10-31,1
win_100,NVDA,2016-10-31,2
win_100,NVEE,2016-10-31,2
win_100,NVR,2016-10-31,2
win_100,NVRI1,2016-10-31,1
win_100,OLED,2016-10-31,2
win_100,OSUR,2016-10-31,2
win_100,PBYI,2016-10-31,1
win_100,PENN,2016-10-31,2
win_100,PLUS,2016-10-31,2
win_100,PNK,2016-10-31,1
win_100,PRTK,2016-10-31,1
win_100,PTCT,2016-10-31,1
win_100,PTLA,2016-10-31,1
win_100,QDEL,2016-10-31,2
win_100,RH,2016-10-31,1
win_100,RNG,2016-10-31,2
win_100,ROG,2016-10-31,2
win_100,SEDG,2016-10-31,1
win_100,STMP,2016-10-31,2
win_100,STRL,2016-10-31,2
win_100,STRP,2016-10-31,1
win_100,SUPN,2016-10-31,2
win_100,TDOC,2016-10-31,1
win_100,TREE,2016-10-31,2
win_100,TREX,2016-10-31,2
win_100,TROX,2016-10-31,1
win_100,TTWO,2016-10-31,2
win_100,UCTT,2016-10-31,2
win_100,VAC,2016-10-31,2
win_100,VRTU,2016-10-31,1
win_100,W,2016-10-31,1
win_100,WD,2016-10-31,1
win_100,WGHTQ,2016-10-31,1
win_100,WIFI,2016-10-31,2
win_100,WNC,2016-10-31,2
win_100,XENT,2016-10-31,1
win_100,XPO,2016-10-31,2
win_100,XYZ,2016-10-31,2
win_100,ZAGG,2016-10-31,1
win_100,ZGNX,2016-10-31,1
win_100,ABEO,2016-11-30,1
win_100,ACLS,2016-11-30,2
win_100,ADMS,2016-11-30,1
win_100,AKAOQ,2016-11-30,1
win_100,ALGN,2016-11-30,2
win_100,ALNY,2016-11-30,1
win_100,ANET,2016-11-30,2
win_100,AXGN,2016-11-30,2
win_100,BCO,2016-11-30,2
win_100,BLUE,2016-11-30,1
win_100,BPMC,2016-11-30,2
win_100,CC,2016-11-30,2
win_100,CGNX,2016-11-30,2
win_100,CNCE,2016-11-30,1
win_100,COHR1,2016-11-30,2
win_100,CONNQ,2016-11-30,1
win_100,CORT,2016-11-30,2
win_100,CTRL,2016-11-30,2
win_100,CUTRQ,2016-11-30,2
win_100,CVI,2016-11-30,1
win_100,CZR,2016-11-30,2
win_100,EDIT,2016-11-30,1
win_100,EHTH,2016-11-30,1
win_100,ESPR,2016-11-30,1
win_100,EXAS,2016-11-30,2
win_100,FIZZ,2016-11-30,2
win_100,FMI,2016-11-30,1
win_100,FOLD,2016-11-30,1
win_100,FRPT,2016-11-30,1
win_100,FSLR,2016-11-30,1
win_100,GBT,2016-11-30,1
win_100,GDOT,2016-11-30,2
win_100,GNCMA,2016-11-30,2
win_100,HDP,2016-11-30,1
win_100,HEES,2016-11-30,1
win_100,INSM,2016-11-30,1
win_100,IPGP,2016-11-30,2
win_100,IXYS,2016-11-30,2
win_100,JUNO,2016-11-30,1
win_100,KEM1,2016-11-30,2
win_100,KITE,2016-11-30,1
win_100,KRO,2016-11-30,2
win_100,KYNB,2016-11-30,1
win_100,LGIH,2016-11-30,2
win_100,LNTH,2016-11-30,1
win_100,LNWO,2016-11-30,2
win_100,LOXO,2016-11-30,1
win_100,MU,2016-11-30,2
win_100,MYGN,2016-11-30,1
win_100,MYOK,2016-11-30,1
win_100,NKTR,2016-11-30,1
win_100,NOVT,2016-11-30,2
win_100,NRG,2016-11-30,1
win_100,NVCR,2016-11-30,1
win_100,NVDA,2016-11-30,2
win_100,NVR,2016-11-30,2
win_100,NXH,2016-11-30,2
win_100,OLED,2016-11-30,2
win_100,PBYI,2016-11-30,1
win_100,PENN,2016-11-30,1
win_100,PNK,2016-11-30,1
win_100,PODD,2016-11-30,2
win_100,PPC,2016-11-30,2
win_100,PTLA,2016-11-30,1
win_100,RH,2016-11-30,1
win_100,RNG,2016-11-30,2
win_100,ROG,2016-11-30,2
win_100,RXDX1,2016-11-30,1
win_100,SAFM,2016-11-30,2
win_100,SEDG,2016-11-30,1
win_100,STRL,2016-11-30,2
win_100,STRP,2016-11-30,1
win_100,TDOC,2016-11-30,2
win_100,TREE,2016-11-30,2
win_100,TROX,2016-11-30,1
win_100,TTWO,2016-11-30,2
win_100,UCTT,2016-11-30,2
win_100,VRS,2016-11-30,1
win_100,VRTU,2016-11-30,1
win_100,WGHTQ,2016-11-30,1
win_100,WIFI,2016-11-30,2
win_100,XENT,2016-11-30,1
win_100,XYZ,2016-11-30,2
win_100,ZAGG,2016-11-30,1
win_100,ZGNX,2016-11-30,1
win_100,ADMS,2016-12-31,1
win_100,ALGN,2016-12-31,2
win_100,ALNY,2016-12-31,1
win_100,ANET,2016-12-31,2
win_100,AVAV,2016-12-31,1
win_100,AVXS,2016-12-31,2
win_100,AXGN,2016-12-31,2
win_100,BLD,2016-12-31,2
win_100,BLUE,2016-12-31,2
win_100,BPMC,2016-12-31,2
win_100,CC,2016-12-31,2
win_100,CENX,2016-12-31,1
win_100,CHGG,2016-12-31,2
win_100,CNCE,2016-12-31,1
win_100,COHR1,2016-12-31,2
win_100,CONNQ,2016-12-31,1
win_100,CORT,2016-12-31,2
win_100,CTRL,2016-12-31,2
win_100,CUTRQ,2016-12-31,2
win_100,ESIO,2016-12-31,1
win_100,ESPR,2016-12-31,1
win_100,EXAS,2016-12-31,1
win_100,EXEL,2016-12-31,2
win_100,EXTR,2016-12-31,2
win_100,FMI,2016-12-31,1
win_100,FSLR,2016-12-31,1
win_100,GBT,2016-12-31,1
win_100,GDOT,2016-12-31,2
win_100,GNCMA,2016-12-31,2
win_100,HALO,2016-12-31,1
win_100,HDP,2016-12-31,1
win_100,INSM,2016-12-31,1
win_100,IPGP,2016-12-31,2
win_100,JUNO,2016-12-31,1
win_100,KBH,2016-12-31,2
win_100,KEM1,2016-12-31,2
win_100,KITE,2016-12-31,1
win_100,KRO,2016-12-31,2
win_100,KYNB,2016-12-31,1
win_100,LGIH,2016-12-31,2
win_100,LNTH,2016-12-31,1
win_100,LNWO,2016-12-31,2
win_100,LOXO,2016-12-31,1
win_100,MYGN,2016-12-31,1
win_100,MYOK,2016-12-31,1
win_100,NBIX,2016-12-31,2
win_100,NEWR,2016-12-31,1
win_100,NKTR,2016-12-31,1
win_100,NOVT,2016-12-31,2
win_100,NRG,2016-12-31,1
win_100,NVCR,2016-12-31,1
win_100,NVR,2016-12-31,2
win_100,OLED,2016-12-31,2
win_100,OSUR,2016-12-31,2
win_100,PBYI,2016-12-31,1
win_100,PENN,2016-12-31,2
win_100,PETS,2016-12-31,2
win_100,PNK,2016-12-31,1
win_100,PRLB,2016-12-31,1
win_100,PTLA,2016-12-31,1
win_100,QDEL,2016-12-31,2
win_100,RFP,2016-12-31,1
win_100,RH,2016-12-31,1
win_100,RNG,2016-12-31,2
win_100,ROG,2016-12-31,2
win_100,SAGE,2016-12-31,2
win_100,SEDG,2016-12-31,1
win_100,SRPT,2016-12-31,1
win_100,STRP,2016-12-31,2
win_100,TDOC,2016-12-31,1
win_100,TREE,2016-12-31,2
win_100,TROX,2016-12-31,1
win_100,TTWO,2016-12-31,2
win_100,TWOUQ,2016-12-31,2
win_100,UCTT,2016-12-31,2
win_100,VRTX,2016-12-31,2
win_100,W,2016-12-31,1
win_100,WGHTQ,2016-12-31,1
win_100,XENT,2016-12-31,1
win_100,XPO,2016-12-31,2
win_100,XYZ,2016-12-31,2
win_100,ZAGG,2016-12-31,1
win_100,ZGNX,2016-12-31,1
win_100,ABMD,2017-01-31,2
win_100,ADMS,2017-01-31,1
win_100,ALGN,2017-01-31,2
win_100,ALNY,2017-01-31,1
win_100,ANET,2017-01-31,2
win_100,ANGI,2017-01-31,1
win_100,ASMB,2017-01-31,2
win_100,ATRA,2017-01-31,1
win_100,AVXS,2017-01-31,2
win_100,AXGN,2017-01-31,2
win_100,BA,2017-01-31,2
win_100,BLD,2017-01-31,2
win_100,BLUE,2017-01-31,2
win_100,BPMC,2017-01-31,2
win_100,CHGG,2017-01-31,1
win_100,CMTL,2017-01-31,1
win_100,CNCE,2017-01-31,1
win_100,CONNQ,2017-01-31,1
win_100,CORT,2017-01-31,2
win_100,CTMX,2017-01-31,1
win_100,CTRL,2017-01-31,2
win_100,CUTRQ,2017-01-31,2
win_100,CWST,2017-01-31,2
win_100,CZR,2017-01-31,2
win_100,EDIT,2017-01-31,1
win_100,ENTA,2017-01-31,2
win_100,ESPR,2017-01-31,1
win_100,EXAS,2017-01-31,2
win_100,EXTR,2017-01-31,2
win_100,FIZZ,2017-01-31,2
win_100,FMI,2017-01-31,1
win_100,FOLD,2017-01-31,1
win_100,FSLR,2017-01-31,1
win_100,GBT,2017-01-31,1
win_100,GDOT,2017-01-31,2
win_100,GNCMA,2017-01-31,2
win_100,HDP,2017-01-31,1
win_100,IOVA,2017-01-31,1
win_100,IPGP,2017-01-31,2
win_100,JUNO,2017-01-31,1
win_100,KEM1,2017-01-31,2
win_100,KITE,2017-01-31,1
win_100,KRO,2017-01-31,2
win_100,KYNB,2017-01-31,2
win_100,LGIH,2017-01-31,2
win_100,LNTH,2017-01-31,1
win_100,LNWO,2017-01-31,2
win_100,LOXO,2017-01-31,2
win_100,MDXG,2017-01-31,2
win_100,MGPI,2017-01-31,2
win_100,MRTX,2017-01-31,1
win_100,MTCH,2017-01-31,2
win_100,MYGN,2017-01-31,1
win_100,MYOK,2017-01-31,1
win_100,NKTR,2017-01-31,1
win_100,NOVT,2017-01-31,2
win_100,NVCR,2017-01-31,1
win_100,NVDA,2017-01-31,2
win_100,OLED,2017-01-31,2
win_100,OSUR,2017-01-31,2
win_100,PBYI,2017-01-31,1
win_100,PENN,2017-01-31,2
win_100,PETS,2017-01-31,2
win_100,PNK,2017-01-31,1
win_100,PRLB,2017-01-31,1
win_100,PTCT,2017-01-31,1
win_100,PYPL,2017-01-31,2
win_100,QDEL,2017-01-31,1
win_100,RFP,2017-01-31,1
win_100,RH,2017-01-31,1
win_100,RNG,2017-01-31,2
win_100,ROG,2017-01-31,2
win_100,SAGE,2017-01-31,2
win_100,SEDG,2017-01-31,1
win_100,SRPT,2017-01-31,1
win_100,STRP,2017-01-31,2
win_100,TREE,2017-01-31,2
win_100,TRUP,2017-01-31,2
win_100,TTWO,2017-01-31,2
win_100,TWOUQ,2017-01-31,2
win_100,W,2017-01-31,2
win_100,WGHTQ,2017-01-31,1
win_100,WIFI,2017-01-31,2
win_100,WRLD,2017-01-31,1
win_100,XENT,2017-01-31,1
win_100,XPO,2017-01-31,2
win_100,XYZ,2017-01-31,2
win_100,ZAGG,2017-01-31,1
win_100,ZGNX,2017-01-31,1
win_100,ABEO,2017-02-28,1
win_100,ABMD,2017-02-28,2
win_100,ALGN,2017-02-28,2
win_100,ALNY,2017-02-28,1
win_100,ANET,2017-02-28,2
win_100,ANGI,2017-02-28,1
win_100,ATRA,2017-02-28,1
win_100,AVXS,2017-02-28,2
win_100,AXGN,2017-02-28,2
win_100,BA,2017-02-28,2
win_100,BLUE,2017-02-28,2
win_100,BPMC,2017-02-28,2
win_100,CHGG,2017-02-28,2
win_100,CMPR,2017-02-28,2
win_100,CONNQ,2017-02-28,1
win_100,CTMX,2017-02-28,1
win_100,CUTRQ,2017-02-28,2
win_100,CWST,2017-02-28,2
win_100,CZR,2017-02-28,2
win_100,ENTA,2017-02-28,1
win_100,ESIO,2017-02-28,1
win_100,ESPR,2017-02-28,1
win_100,ETSY,2017-02-28,2
win_100,EXAS,2017-02-28,2
win_100,FMI,2017-02-28,1
win_100,FOLD,2017-02-28,1
win_100,GBT,2017-02-28,2
win_100,GDOT,2017-02-28,2
win_100,GRUB1,2017-02-28,2
win_100,GYRE,2017-02-28,1
win_100,IMMU,2017-02-28,2
win_100,IOVA,2017-02-28,1
win_100,IPGP,2017-02-28,2
win_100,JUNO,2017-02-28,1
win_100,KITE,2017-02-28,2
win_100,KYNB,2017-02-28,2
win_100,LNWO,2017-02-28,2
win_100,LOXO,2017-02-28,2
win_100,LPSN,2017-02-28,1
win_100,MOD,2017-02-28,1
win_100,MRTX,2017-02-28,1
win_100,MTCH,2017-02-28,2
win_100,MTCH2,2017-02-28,2
win_100,MU,2017-02-28,2
win_100,NEWR,2017-02-28,2
win_100,NFLX,2017-02-28,2
win_100,NKTR,2017-02-28,1
win_100,NOVT,2017-02-28,2
win_100,NVCR,2017-02-28,1
win_100,NVDA,2017-02-28,2
win_100,NXH,2017-02-28,2
win_100,PETS,2017-02-28,2
win_100,QDEL,2017-02-28,2
win_100,QLYS,2017-02-28,2
win_100,RH,2017-02-28,1
win_100,RNG,2017-02-28,2
win_100,RXDX1,2017-02-28,1
win_100,SAGE,2017-02-28,2
win_100,SEDG,2017-02-28,1
win_100,SHYF,2017-02-28,1
win_100,SPPI,2017-02-28,1
win_100,SRPT,2017-02-28,1
win_100,STML,2017-02-28,1
win_100,STRP,2017-02-28,2
win_100,TBBK,2017-02-28,1
win_100,TGTX,2017-02-28,1
win_100,TREE,2017-02-28,2
win_100,TWOUQ,2017-02-28,2
win_100,TWTR,2017-02-28,1
win_100,USAK,2017-02-28,1
win_100,VRNS,2017-02-28,2
win_100,VRS,2017-02-28,1
win_100,W,2017-02-28,1
win_100,WGHTQ,2017-02-28,1
win_100,WIFI,2017-02-28,2
win_100,WRLD,2017-02-28,1
win_100,XENT,2017-02-28,1
win_100,XYZ,2017-02-28,2
win_100,ZAGG,2017-02-28,1
win_100,ZGNX,2017-02-28,1
win_100,ABEO,2017-03-31,1
win_100,ABMD,2017-03-31,2
win_100,ADAPY,2017-03-31,1
win_100,ALGN,2017-03-31,2
win_100,ALNY,2017-03-31,1
win_100,ANF,2017-03-31,1
win_100,ANGI,2017-03-31,1
win_100,AXGN,2017-03-31,2
win_100,BPMC,2017-03-31,2
win_100,CHGG,2017-03-31,2
win_100,CMTL,2017-03-31,1
win_100,COLL,2017-03-31,1
win_100,CONNQ,2017-03-31,1
win_100,CROX,2017-03-31,1
win_100,CUTRQ,2017-03-31,2
win_100,DVAX,2017-03-31,1
win_100,ENTA,2017-03-31,1
win_100,ESPR,2017-03-31,1
win_100,ETSY,2017-03-31,1
win_100,FMI,2017-03-31,2
win_100,FOLD,2017-03-31,1
win_100,FSLR,2017-03-31,1
win_100,GRUB1,2017-03-31,2
win_100,GTT,2017-03-31,2
win_100,GYRE,2017-03-31,1
win_100,HDP,2017-03-31,1
win_100,IMMU,2017-03-31,2
win_100,IOVA,2017-03-31,1
win_100,JUNO,2017-03-31,1
win_100,KITE,2017-03-31,2
win_100,LGIH,2017-03-31,2
win_100,LOXO,2017-03-31,2
win_100,LPSN,2017-03-31,1
win_100,MED,2017-03-31,2
win_100,MTCH,2017-03-31,2
win_100,MTCH2,2017-03-31,2
win_100,MYOK,2017-03-31,1
win_100,NKTR,2017-03-31,2
win_100,NVCR,2017-03-31,1
win_100,NVDA,2017-03-31,2
win_100,ONC,2017-03-31,2
win_100,P,2017-03-31,1
win_100,PETS,2017-03-31,2
win_100,PODD,2017-03-31,2
win_100,PRLB,2017-03-31,1
win_100,PTCT,2017-03-31,1
win_100,QBAK,2017-03-31,1
win_100,QDEL,2017-03-31,2
win_100,RH,2017-03-31,1
win_100,RNG,2017-03-31,2
win_100,RXDX1,2017-03-31,1
win_100,SAGE,2017-03-31,2
win_100,SEDG,2017-03-31,1
win_100,SGMO,2017-03-31,1
win_100,SHYF,2017-03-31,1
win_100,SPPI,2017-03-31,1
win_100,SRPT,2017-03-31,1
win_100,STRP,2017-03-31,2
win_100,TBBK,2017-03-31,1
win_100,TREE,2017-03-31,2
win_100,TRUP,2017-03-31,1
win_100,TWOUQ,2017-03-31,2
win_100,VIRT,2017-03-31,1
win_100,VRS,2017-03-31,1
win_100,WGHTQ,2017-03-31,2
win_100,WRLD,2017-03-31,1
win_100,XENT,2017-03-31,1
win_100,XOMA,2017-03-31,1
win_100,XPO,2017-03-31,2
win_100,XYZ,2017-03-31,2
win_100,ZGNX,2017-03-31,1
win_100,ABEO,2017-04-30,1
win_100,ABMD,2017-04-30,2
win_100,ADAPY,2017-04-30,1
win_100,ANF,2017-04-30,1
win_100,ANGI,2017-04-30,1
win_100,ATRA,2017-04-30,1
win_100,AVXS,2017-04-30,2
win_100,AXGN,2017-04-30,2
win_100,CHGG,2017-04-30,2
win_100,CMTL,2017-04-30,1
win_100,COLL,2017-04-30,1
win_100,CRCQQ,2017-04-30,1
win_100,CROX,2017-04-30,1
win_100,CUTRQ,2017-04-30,2
win_100,CZR,2017-04-30,2
win_100,DINO,2017-04-30,1
win_100,DK,2017-04-30,2
win_100,DVAX,2017-04-30,1
win_100,ENTA,2017-04-30,1
win_100,ENVA,2017-04-30,2
win_100,ETSY,2017-04-30,1
win_100,FMI,2017-04-30,2
win_100,FSLR,2017-04-30,1
win_100,GES,2017-04-30,1
win_100,GRUB1,2017-04-30,2
win_100,GYRE,2017-04-30,1
win_100,IBKR,2017-04-30,2
win_100,IMMU,2017-04-30,2
win_100,IOVA,2017-04-30,1
win_100,JUNO,2017-04-30,1
win_100,KITE,2017-04-30,2
win_100,LGIH,2017-04-30,2
win_100,LNWO,2017-04-30,2
win_100,LOXO,2017-04-30,2
win_100,LPSN,2017-04-30,1
win_100,MED,2017-04-30,2
win_100,MTCH2,2017-04-30,2
win_100,MYOK,2017-04-30,1
win_100,NFLX,2017-04-30,2
win_100,NKTR,2017-04-30,2
win_100,NOVT,2017-04-30,2
win_100,NVCR,2017-04-30,1
win_100,NVDA,2017-04-30,2
win_100,NXH,2017-04-30,2
win_100,ONC,2017-04-30,2
win_100,PRLB,2017-04-30,2
win_100,PTCT,2017-04-30,1
win_100,QDEL,2017-04-30,2
win_100,QLYS,2017-04-30,2
win_100,RNG,2017-04-30,2
win_100,RXDX1,2017-04-30,1
win_100,SAGE,2017-04-30,2
win_100,SEDG,2017-04-30,1
win_100,SHYF,2017-04-30,1
win_100,SPPI,2017-04-30,1
win_100,SRPT,2017-04-30,1
win_100,STMP,2017-04-30,2
win_100,TLRDQ,2017-04-30,1
win_100,VIRT,2017-04-30,1
win_100,VRNS,2017-04-30,2
win_100,VRS,2017-04-30,1
win_100,WGHTQ,2017-04-30,2
win_100,WVE,2017-04-30,1
win_100,XENT,2017-04-30,1
win_100,XOMA,2017-04-30,1
win_100,XYZ,2017-04-30,2
win_100,ZGNX,2017-04-30,1
win_100,ABEO,2017-05-31,1
win_100,ABMD,2017-05-31,2
win_100,ADAPY,2017-05-31,1
win_100,AGIO,2017-05-31,1
win_100,ALGN,2017-05-31,2
win_100,APPF,2017-05-31,2
win_100,ARCB,2017-05-31,1
win_100,ARRY1,2017-05-31,1
win_100,ATRA,2017-05-31,1
win_100,AVXS,2017-05-31,2
win_100,AXGN,2017-05-31,2
win_100,AXON,2017-05-31,2
win_100,BLUE,2017-05-31,2
win_100,BOLD1,2017-05-31,1
win_100,BOOT,2017-05-31,1
win_100,BPMC,2017-05-31,2
win_100,CARB,2017-05-31,2
win_100,CHGG,2017-05-31,2
win_100,CMTL,2017-05-31,1
win_100,COLL,2017-05-31,1
win_100,CRCQQ,2017-05-31,1
win_100,CROX,2017-05-31,1
win_100,CVI,2017-05-31,1
win_100,CVRR,2017-05-31,1
win_100,CZR,2017-05-31,2
win_100,DINO,2017-05-31,1
win_100,DK,2017-05-31,2
win_100,DVAX,2017-05-31,1
win_100,EDIT,2017-05-31,1
win_100,ENSG,2017-05-31,1
win_100,ENTA,2017-05-31,1
win_100,ENVA,2017-05-31,2
win_100,ESIO,2017-05-31,1
win_100,ETSY,2017-05-31,2
win_100,FMI,2017-05-31,2
win_100,FOLD,2017-05-31,1
win_100,FOSL,2017-05-31,1
win_100,GIC,2017-05-31,2
win_100,GIII,2017-05-31,1
win_100,GRUB1,2017-05-31,2
win_100,GTS,2017-05-31,1
win_100,HAE,2017-05-31,2
win_100,HRTX,2017-05-31,1
win_100,IBKR,2017-05-31,2
win_100,IMMU,2017-05-31,2
win_100,INGN,2017-05-31,2
win_100,IOVA,2017-05-31,1
win_100,ITCI,2017-05-31,1
win_100,JUNO,2017-05-31,1
win_100,KITE,2017-05-31,2
win_100,KMPR,2017-05-31,2
win_100,KPTI,2017-05-31,1
win_100,KYNB,2017-05-31,2
win_100,LNWO,2017-05-31,2
win_100,LOXO,2017-05-31,2
win_100,LPSN,2017-05-31,1
win_100,LULU,2017-05-31,2
win_100,MED,2017-05-31,2
win_100,MGRC,2017-05-31,2
win_100,MOV,2017-05-31,1
win_100,MTCH2,2017-05-31,2
win_100,MTRX,2017-05-31,1
win_100,MYOK,2017-05-31,1
win_100,NBIX,2017-05-31,2
win_100,NEWR,2017-05-31,2
win_100,NFLX,2017-05-31,2
win_100,NKTR,2017-05-31,2
win_100,NRG,2017-05-31,1
win_100,NSP,2017-05-31,2
win_100,NTLA,2017-05-31,1
win_100,NVCR,2017-05-31,2
win_100,NXH,2017-05-31,1
win_100,ONC,2017-05-31,2
win_100,PBF,2017-05-31,1
win_100,PODD,2017-05-31,2
win_100,PTCT,2017-05-31,1
win_100,QDEL,2017-05-31,2
win_100,RGNX,2017-05-31,1
win_100,RL,2017-05-31,1
win_100,RNG,2017-05-31,2
win_100,RUN,2017-05-31,1
win_100,RXDX1,2017-05-31,1
win_100,SAGE,2017-05-31,2
win_100,SEDG,2017-05-31,1
win_100,SGMO,2017-05-31,1
win_100,SPPI,2017-05-31,1
win_100,SRDX,2017-05-31,2
win_100,SRI,2017-05-31,2
win_100,SRPT,2017-05-31,1
win_100,TCMD,2017-05-31,2
win_100,THC,2017-05-31,1
win_100,TLRDQ,2017-05-31,1
win_100,TPL,2017-05-31,2
win_100,TWLO,2017-05-31,1
win_100,TWOUQ,2017-05-31,2
win_100,URBN,2017-05-31,1
win_100,VLO,2017-05-31,2
win_100,VNOM,2017-05-31,2
win_100,VRNS,2017-05-31,2
win_100,WGHTQ,2017-05-31,2
win_100,WVE,2017-05-31,1
win_100,WWE,2017-05-31,2
win_100,XPO,2017-05-31,2
win_100,XYZ,2017-05-31,2
win_100,ZEN,2017-05-31,2
win_100,ZGNX,2017-05-31,1
win_100,ABEO,2017-06-30,1
win_100,ABMD,2017-06-30,2
win_100,ALGN,2017-06-30,2
win_100,ANF,2017-06-30,1
win_100,ARCB,2017-06-30,1
win_100,ARNA,2017-06-30,1
win_100,ARRY1,2017-06-30,1
win_100,ATRA,2017-06-30,1
win_100,AVXS,2017-06-30,2
win_100,AXGN,2017-06-30,2
win_100,AXON,2017-06-30,2
win_100,BOOT,2017-06-30,1
win_100,CBAY,2017-06-30,2
win_100,CHEF,2017-06-30,1
win_100,CHGG,2017-06-30,2
win_100,CLR,2017-06-30,1
win_100,CRCQQ,2017-06-30,1
win_100,CROX,2017-06-30,1
win_100,CTLP,2017-06-30,2
win_100,CVRR,2017-06-30,1
win_100,DINO,2017-06-30,1
win_100,EDIT,2017-06-30,1
win_100,ENTA,2017-06-30,2
win_100,ENVA,2017-06-30,2
win_100,ETSY,2017-06-30,2
win_100,FMI,2017-06-30,2
win_100,FOSL,2017-06-30,1
win_100,GRUB1,2017-06-30,2
win_100,GTS,2017-06-30,1
win_100,HAE,2017-06-30,2
win_100,HRTX,2017-06-30,1
win_100,IMMU,2017-06-30,2
win_100,JUNO,2017-06-30,2
win_100,LOXO,2017-06-30,2
win_100,LULU,2017-06-30,2
win_100,MED,2017-06-30,2
win_100,MTCH2,2017-06-30,2
win_100,MYOK,2017-06-30,1
win_100,NBIX,2017-06-30,2
win_100,NEWR,2017-06-30,2
win_100,NFLX,2017-06-30,2
win_100,NKTR,2017-06-30,2
win_100,NSP,2017-06-30,2
win_100,NXH,2017-06-30,1
win_100,ONC,2017-06-30,2
win_100,ONCT,2017-06-30,1
win_100,QDEL,2017-06-30,2
win_100,QLYS,2017-06-30,2
win_100,RGNX,2017-06-30,1
win_100,RH,2017-06-30,2
win_100,RXDX1,2017-06-30,1
win_100,SAM,2017-06-30,1
win_100,SEDG,2017-06-30,2
win_100,SIENQ,2017-06-30,2
win_100,SPPI,2017-06-30,2
win_100,SRI,2017-06-30,1
win_100,SRPT,2017-06-30,2
win_100,STAA,2017-06-30,2
win_100,TLRDQ,2017-06-30,1
win_100,TPL,2017-06-30,2
win_100,TWTR,2017-06-30,1
win_100,URBN,2017-06-30,1
win_100,VICR,2017-06-30,2
win_100,VNOM,2017-06-30,2
win_100,VRNS,2017-06-30,2
win_100,VYGR,2017-06-30,1
win_100,WGHTQ,2017-06-30,2
win_100,WLL2,2017-06-30,1
win_100,WVE,2017-06-30,1
win_100,WWE,2017-06-30,2
win_100,XYZ,2017-06-30,2
win_100,ZAGG,2017-06-30,2
win_100,ZGNX,2017-06-30,2
win_100,ZUMZ,2017-06-30,1
win_100,ABMD,2017-07-31,2
win_100,AEO,2017-07-31,1
win_100,ALGN,2017-07-31,2
win_100,ANF,2017-07-31,1
win_100,APPF,2017-07-31,2
win_100,ARRY1,2017-07-31,1
win_100,ATRA,2017-07-31,1
win_100,AVXS,2017-07-31,2
win_100,AXGN,2017-07-31,2
win_100,AXON,2017-07-31,2
win_100,BOOT,2017-07-31,1
win_100,CHGG,2017-07-31,2
win_100,CRCQQ,2017-07-31,1
win_100,CROX,2017-07-31,1
win_100,CTLP,2017-07-31,2
win_100,CVI,2017-07-31,1
win_100,CVRR,2017-07-31,1
win_100,CZR,2017-07-31,2
win_100,DINO,2017-07-31,1
win_100,DK,2017-07-31,2
win_100,ECHO2,2017-07-31,1
win_100,ENTA,2017-07-31,2
win_100,ENVA,2017-07-31,2
win_100,ESIO,2017-07-31,2
win_100,ETSY,2017-07-31,2
win_100,FCN,2017-07-31,1
win_100,FIVE,2017-07-31,2
win_100,FMI,2017-07-31,2
win_100,FOSL,2017-07-31,1
win_100,GIC,2017-07-31,2
win_100,GRUB1,2017-07-31,2
win_100,GTLS,2017-07-31,1
win_100,GWW,2017-07-31,2
win_100,HAE,2017-07-31,2
win_100,HRTX,2017-07-31,2
win_100,HSII,2017-07-31,1
win_100,IMMU,2017-07-31,2
win_100,INGN,2017-07-31,2
win_100,IOVA,2017-07-31,1
win_100,JUNO,2017-07-31,2
win_100,KFRC,2017-07-31,1
win_100,KMPR,2017-07-31,2
win_100,KPTI,2017-07-31,1
win_100,LOXO,2017-07-31,2
win_100,MED,2017-07-31,2
win_100,MOV,2017-07-31,1
win_100,MYOK,2017-07-31,1
win_100,NBIX,2017-07-31,2
win_100,NEWR,2017-07-31,2
win_100,NKTR,2017-07-31,2
win_100,NSP,2017-07-31,2
win_100,NTRA,2017-07-31,1
win_100,NXH,2017-07-31,1
win_100,ONC,2017-07-31,2
win_100,PBF,2017-07-31,1
win_100,PLNT,2017-07-31,2
win_100,PRDO,2017-07-31,1
win_100,QDEL,2017-07-31,2
win_100,QLYS,2017-07-31,2
win_100,RETA,2017-07-31,2
win_100,RGNX,2017-07-31,1
win_100,RH,2017-07-31,2
win_100,RNG,2017-07-31,2
win_100,RXDX1,2017-07-31,2
win_100,SEDG,2017-07-31,2
win_100,SPPI,2017-07-31,2
win_100,SRDX,2017-07-31,2
win_100,SRI,2017-07-31,1
win_100,SRPT,2017-07-31,2
win_100,SYNT,2017-07-31,1
win_100,TEAM,2017-07-31,2
win_100,THC,2017-07-31,1
win_100,TPL,2017-07-31,2
win_100,TREX,2017-07-31,2
win_100,URBN,2017-07-31,1
win_100,USNA,2017-07-31,2
win_100,VNOM,2017-07-31,2
win_100,VYGR,2017-07-31,1
win_100,WGHTQ,2017-07-31,2
win_100,WLL2,2017-07-31,1
win_100,WVE,2017-07-31,1
win_100,WWE,2017-07-31,2
win_100,XYZ,2017-07-31,2
win_100,ZGNX,2017-07-31,1
win_100,ABMD,2017-08-31,2
win_100,AEO,2017-08-31,1
win_100,ALGN,2017-08-31,2
win_100,AMED,2017-08-31,2
win_100,AMZN,2017-08-31,2
win_100,ANAB,2017-08-31,2
win_100,APTI,2017-08-31,2
win_100,ATRA,2017-08-31,1
win_100,AVXS,2017-08-31,2
win_100,AXGN,2017-08-31,2
win_100,AXON,2017-08-31,2
win_100,BJRI,2017-08-31,1
win_100,BKE,2017-08-31,1
win_100,BOOT,2017-08-31,1
win_100,CARB,2017-08-31,2
win_100,CBAY,2017-08-31,2
win_100,CHGG,2017-08-31,2
win_100,CONNQ,2017-08-31,1
win_100,CRCQQ,2017-08-31,1
win_100,CRMT,2017-08-31,1
win_100,CROX,2017-08-31,2
win_100,CRSP,2017-08-31,1
win_100,CTLP,2017-08-31,2
win_100,CVRR,2017-08-31,1
win_100,CZR,2017-08-31,2
win_100,DIN,2017-08-31,1
win_100,DINO,2017-08-31,2
win_100,DK,2017-08-31,2
win_100,ECHO2,2017-08-31,1
win_100,ENTA,2017-08-31,2
win_100,ENVA,2017-08-31,1
win_100,EPAY,2017-08-31,2
win_100,ETSY,2017-08-31,2
win_100,EVBG,2017-08-31,2
win_100,FCN,2017-08-31,1
win_100,FIVE,2017-08-31,2
win_100,FIVN,2017-08-31,2
win_100,FMI,2017-08-31,2
win_100,FOSL,2017-08-31,1
win_100,FRPT,2017-08-31,2
win_100,FTNT,2017-08-31,2
win_100,GCO,2017-08-31,1
win_100,GRUB1,2017-08-31,2
win_100,GTLS,2017-08-31,1
win_100,GWW,2017-08-31,2
win_100,HAE,2017-08-31,2
win_100,HQY,2017-08-31,2
win_100,HRTX,2017-08-31,2
win_100,HSII,2017-08-31,1
win_100,IMMU,2017-08-31,2
win_100,INGN,2017-08-31,2
win_100,IOVA,2017-08-31,1
win_100,JUNO,2017-08-31,2
win_100,KFRC,2017-08-31,1
win_100,KFY,2017-08-31,2
win_100,KPTI,2017-08-31,1
win_100,KSS,2017-08-31,2
win_100,KURA,2017-08-31,1
win_100,LE,2017-08-31,1
win_100,LGND,2017-08-31,2
win_100,LIVN,2017-08-31,2
win_100,LOXO,2017-08-31,2
win_100,LPSN,2017-08-31,2
win_100,LULU,2017-08-31,2
win_100,MED,2017-08-31,2
win_100,MOH,2017-08-31,2
win_100,MTCH2,2017-08-31,2
win_100,NBIX,2017-08-31,2
win_100,NEWR,2017-08-31,2
win_100,NFLX,2017-08-31,2
win_100,NGVC,2017-08-31,1
win_100,NKTR,2017-08-31,2
win_100,NSP,2017-08-31,2
win_100,NTAP,2017-08-31,2
win_100,NTRA,2017-08-31,1
win_100,NVCR,2017-08-31,2
win_100,OLLI,2017-08-31,2
win_100,ONC,2017-08-31,2
win_100,PAYC,2017-08-31,2
win_100,PBF,2017-08-31,1
win_100,PLNT,2017-08-31,2
win_100,PRKS,2017-08-31,1
win_100,PRLB,2017-08-31,2
win_100,PTCT,2017-08-31,2
win_100,QDEL,2017-08-31,2
win_100,REGI,2017-08-31,2
win_100,RETA,2017-08-31,1
win_100,RGNX,2017-08-31,2
win_100,RH,2017-08-31,2
win_100,RNG,2017-08-31,2
win_100,RPD,2017-08-31,2
win_100,RXDX1,2017-08-31,2
win_100,SAM,2017-08-31,2
win_100,SHOE,2017-08-31,1
win_100,SIENQ,2017-08-31,2
win_100,SM,2017-08-31,1
win_100,SPPI,2017-08-31,2
win_100,SRPT,2017-08-31,2
win_100,STAA,2017-08-31,2
win_100,SYNT,2017-08-31,1
win_100,TCMD,2017-08-31,2
win_100,TDOC,2017-08-31,2
win_100,TEAM,2017-08-31,2
win_100,TLRDQ,2017-08-31,1
win_100,TLYS,2017-08-31,1
win_100,TPL,2017-08-31,2
win_100,TREX,2017-08-31,2
win_100,TRHC,2017-08-31,2
win_100,TTD,2017-08-31,2
win_100,TUSK,2017-08-31,1
win_100,TWLO,2017-08-31,2
win_100,TWTR,2017-08-31,1
win_100,UIS,2017-08-31,1
win_100,URBN,2017-08-31,1
win_100,USNA,2017-08-31,2
win_100,USPH,2017-08-31,2
win_100,UVE,2017-08-31,1
win_100,VNOM,2017-08-31,2
win_100,VSI,2017-08-31,1
win_100,WING,2017-08-31,2
win_100,WVE,2017-08-31,1
win_100,WWE,2017-08-31,2
win_100,XYZ,2017-08-31,2
win_100,ZEN,2017-08-31,2
win_100,ZGNX,2017-08-31,1
win_100,ZUMZ,2017-08-31,1
win_100,ABMD,2017-09-30,2
win_100,ALGN,2017-09-30,2
win_100,AMD,2017-09-30,2
win_100,AMED,2017-09-30,2
win_100,AMZN,2017-09-30,2
win_100,ANAB,2017-09-30,2
win_100,APTI,2017-09-30,2
win_100,ATRA,2017-09-30,1
win_100,AVAV,2017-09-30,2
win_100,AVXS,2017-09-30,2
win_100,AXON,2017-09-30,2
win_100,BFYT,2017-09-30,1
win_100,BJRI,2017-09-30,1
win_100,BLFS,2017-09-30,2
win_100,BOOT,2017-09-30,1
win_100,CDXS,2017-09-30,2
win_100,COUP,2017-09-30,2
win_100,CRCQQ,2017-09-30,1
win_100,CROX,2017-09-30,2
win_100,CRSP,2017-09-30,1
win_100,CTSO,2017-09-30,1
win_100,CVRR,2017-09-30,1
win_100,DRNA,2017-09-30,1
win_100,DXCM,2017-09-30,2
win_100,ENVA,2017-09-30,1
win_100,EPAY,2017-09-30,2
win_100,ETSY,2017-09-30,2
win_100,EVBG,2017-09-30,2
win_100,FCN,2017-09-30,1
win_100,FIVE,2017-09-30,2
win_100,FMI,2017-09-30,2
win_100,FOSL,2017-09-30,1
win_100,FRPT,2017-09-30,2
win_100,FTNT,2017-09-30,2
win_100,GHDX,2017-09-30,2
win_100,GRUB1,2017-09-30,2
win_100,GWW,2017-09-30,2
win_100,GYRE,2017-09-30,1
win_100,HAE,2017-09-30,2
win_100,ICPT,2017-09-30,1
win_100,INGN,2017-09-30,2
win_100,IRDM,2017-09-30,2
win_100,LGND,2017-09-30,2
win_100,LULU,2017-09-30,2
win_100,MDGL,2017-09-30,2
win_100,MED,2017-09-30,2
win_100,MOH,2017-09-30,2
win_100,MRTX,2017-09-30,1
win_100,MTCH2,2017-09-30,2
win_100,NBIX,2017-09-30,2
win_100,NFLX,2017-09-30,2
win_100,NKTR,2017-09-30,2
win_100,NSP,2017-09-30,2
win_100,NVCR,2017-09-30,2
win_100,OLLI,2017-09-30,2
win_100,PAYC,2017-09-30,2
win_100,PLNT,2017-09-30,2
win_100,PRKS,2017-09-30,1
win_100,PRLB,2017-09-30,2
win_100,PTCT,2017-09-30,2
win_100,RAMP,2017-09-30,1
win_100,REGI,2017-09-30,2
win_100,RETA,2017-09-30,1
win_100,RGNX,2017-09-30,2
win_100,RNG,2017-09-30,2
win_100,RPD,2017-09-30,2
win_100,RUN,2017-09-30,1
win_100,RXDX1,2017-09-30,2
win_100,SAGE,2017-09-30,2
win_100,SRDX,2017-09-30,2
win_100,SRPT,2017-09-30,2
win_100,STAA,2017-09-30,2
win_100,SYNT,2017-09-30,1
win_100,TCMD,2017-09-30,2
win_100,TDOC,2017-09-30,2
win_100,TEAM,2017-09-30,2
win_100,TPL,2017-09-30,2
win_100,TRHC,2017-09-30,2
win_100,TTD,2017-09-30,2
win_100,TWLO,2017-09-30,2
win_100,UIS,2017-09-30,1
win_100,USNA,2017-09-30,2
win_100,UVE,2017-09-30,1
win_100,VCEL,2017-09-30,2
win_100,VNOM,2017-09-30,2
win_100,W,2017-09-30,2
win_100,WING,2017-09-30,2
win_100,WLL2,2017-09-30,1
win_100,WVE,2017-09-30,1
win_100,WWE,2017-09-30,2
win_100,XYZ,2017-09-30,2
win_100,ZEN,2017-09-30,2
win_100,AMED,2017-10-31,2
win_100,ATRA,2017-10-31,1
win_100,AVXS,2017-10-31,2
win_100,AXON,2017-10-31,2
win_100,BEAT1,2017-10-31,2
win_100,BFYT,2017-10-31,2
win_100,BLFS,2017-10-31,2
win_100,BOOT,2017-10-31,1
win_100,BPT,2017-10-31,2
win_100,BXC,2017-10-31,1
win_100,CDNA,2017-10-31,1
win_100,CDXS,2017-10-31,2
win_100,CRCQQ,2017-10-31,1
win_100,CROX,2017-10-31,2
win_100,CVRR,2017-10-31,1
win_100,DXCM,2017-10-31,2
win_100,ENDPQ,2017-10-31,1
win_100,EPAY,2017-10-31,2
win_100,ETSY,2017-10-31,2
win_100,FIVE,2017-10-31,2
win_100,FMI,2017-10-31,2
win_100,FOSL,2017-10-31,1
win_100,FRPT,2017-10-31,2
win_100,FTNT,2017-10-31,2
win_100,GHDX,2017-10-31,2
win_100,HAE,2017-10-31,2
win_100,IMMU,2017-10-31,2
win_100,LULU,2017-10-31,2
win_100,MDGL,2017-10-31,2
win_100,MED,2017-10-31,2
win_100,MRTX,2017-10-31,1
win_100,NEO,2017-10-31,2
win_100,NSP,2017-10-31,2
win_100,OLLI,2017-10-31,2
win_100,PRKS,2017-10-31,1
win_100,PTCT,2017-10-31,2
win_100,REGI,2017-10-31,1
win_100,RGNX,2017-10-31,2
win_100,RPD,2017-10-31,2
win_100,RUN,2017-10-31,1
win_100,SAGE,2017-10-31,2
win_100,SHOE,2017-10-31,1
win_100,SRPT,2017-10-31,2
win_100,TCMD,2017-10-31,2
win_100,TDOC,2017-10-31,2
win_100,TRHC,2017-10-31,2
win_100,TWLO,2017-10-31,2
win_100,UIS,2017-10-31,1
win_100,VRS,2017-10-31,1
win_100,WVE,2017-10-31,1
win_100,WWE,2017-10-31,2
win_100,ADUS,2017-11-30,2
win_100,AMED,2017-11-30,2
win_100,ATRA,2017-11-30,1
win_100,AVXS,2017-11-30,2
win_100,BEAT1,2017-11-30,2
win_100,BETR1,2017-11-30,1
win_100,BXC,2017-11-30,1
win_100,CDNA,2017-11-30,1
win_100,CDXS,2017-11-30,2
win_100,CROX,2017-11-30,2
win_100,CRSP,2017-11-30,1
win_100,DIN,2017-11-30,1
win_100,DXCM,2017-11-30,1
win_100,ECYT,2017-11-30,1
win_100,ETSY,2017-11-30,2
win_100,EVBG,2017-11-30,2
win_100,EVH,2017-11-30,1
win_100,FMI,2017-11-30,2
win_100,FOSL,2017-11-30,1
win_100,GHDX,2017-11-30,2
win_100,GKOS,2017-11-30,1
win_100,HMSY,2017-11-30,2
win_100,KALV,2017-11-30,1
win_100,LTRPA,2017-11-30,1
win_100,MDGL,2017-11-30,2
win_100,MED,2017-11-30,2
win_100,MRTX,2017-11-30,2
win_100,NGVC,2017-11-30,1
win_100,NSTGQ,2017-11-30,1
win_100,PRKS,2017-11-30,1
win_100,PTCT,2017-11-30,2
win_100,REGI,2017-11-30,1
win_100,RETA,2017-11-30,1
win_100,RGNX,2017-11-30,2
win_100,RUN,2017-11-30,1
win_100,SRPT,2017-11-30,2
win_100,STAA,2017-11-30,2
win_100,TRHC,2017-11-30,2
win_100,TTD,2017-11-30,2
win_100,TWLO,2017-11-30,2
win_100,VRS,2017-11-30,2
win_100,WWE,2017-11-30,2
win_100,AMED,2017-12-31,2
win_100,BEL,2017-12-31,2
win_100,CDNA,2017-12-31,1
win_100,CDXS,2017-12-31,2
win_100,COUP,2017-12-31,2
win_100,CROX,2017-12-31,2
win_100,DXCM,2017-12-31,2
win_100,EHTH,2017-12-31,1
win_100,ETSY,2017-12-31,2
win_100,EVTC,2017-12-31,1
win_100,FATE,2017-12-31,2
win_100,FMI,2017-12-31,2
win_100,FOSL,2017-12-31,1
win_100,GKOS,2017-12-31,1
win_100,MRTX,2017-12-31,2
win_100,PTCT,2017-12-31,1
win_100,RARX,2017-12-31,1
win_100,REGI,2017-12-31,1
win_100,STAA,2017-12-31,2
win_100,TRHC,2017-12-31,2
win_100,TTD,2017-12-31,2
win_100,TWLO,2017-12-31,1
win_100,VCEL,2017-12-31,2
win_100,WWE,2017-12-31,2
win_100,AMED,2018-01-31,2
win_100,AMSC,2018-01-31,1
win_100,ARWR,2018-01-31,2
win_100,BEAT1,2018-01-31,2
win_100,BNFT,2018-01-31,1
win_100,CDNA,2018-01-31,1
win_100,CDXS,2018-01-31,2
win_100,CHGG,2018-01-31,2
win_100,COUP,2018-01-31,2
win_100,CROX,2018-01-31,2
win_100,DXCM,2018-01-31,2
win_100,EHTH,2018-01-31,1
win_100,ETSY,2018-01-31,2
win_100,FN,2018-01-31,1
win_100,FOSL,2018-01-31,1
win_100,GHDX,2018-01-31,2
win_100,GKOS,2018-01-31,1
win_100,LOXO,2018-01-31,2
win_100,MRTX,2018-01-31,2
win_100,NEO,2018-01-31,1
win_100,NSTGQ,2018-01-31,1
win_100,NVCR,2018-01-31,2
win_100,NVTAQ,2018-01-31,1
win_100,PCMI,2018-01-31,1
win_100,QNST,2018-01-31,2
win_100,RARX,2018-01-31,1
win_100,REGI,2018-01-31,1
win_100,RETA,2018-01-31,1
win_100,RUN,2018-01-31,1
win_100,SRPT,2018-01-31,2
win_100,STAA,2018-01-31,2
win_100,SVU,2018-01-31,1
win_100,TCMD,2018-01-31,2
win_100,TTD,2018-01-31,2
win_100,TWLO,2018-01-31,1
win_100,VCEL,2018-01-31,2
win_100,VICR,2018-01-31,2
win_100,WWE,2018-01-31,2
win_100,AMED,2018-02-28,2
win_100,ARWR,2018-02-28,2
win_100,BEAT1,2018-02-28,2
win_100,BEL,2018-02-28,1
win_100,BNFT,2018-02-28,1
win_100,BOOM,2018-02-28,2
win_100,BXC,2018-02-28,2
win_100,CDXS,2018-02-28,2
win_100,COUP,2018-02-28,2
win_100,CROX,2018-02-28,2
win_100,DXCM,2018-02-28,2
win_100,ECYT,2018-02-28,2
win_100,EHTH,2018-02-28,1
win_100,ETSY,2018-02-28,2
win_100,EVBG,2018-02-28,2
win_100,EXAS,2018-02-28,2
win_100,FRPT,2018-02-28,2
win_100,GHDX,2018-02-28,2
win_100,GKOS,2018-02-28,1
win_100,HMSY,2018-02-28,2
win_100,LOXO,2018-02-28,2
win_100,LRN,2018-02-28,1
win_100,MED,2018-02-28,2
win_100,MRTX,2018-02-28,2
win_100,NEO,2018-02-28,1
win_100,NGVC,2018-02-28,1
win_100,NVCR,2018-02-28,2
win_100,NVTAQ,2018-02-28,1
win_100,RARX,2018-02-28,1
win_100,REGI,2018-02-28,1
win_100,RETA,2018-02-28,1
win_100,RUN,2018-02-28,1
win_100,SRPT,2018-02-28,2
win_100,STAA,2018-02-28,2
win_100,SVU,2018-02-28,1
win_100,TCMD,2018-02-28,2
win_100,TTD,2018-02-28,2
win_100,TWLO,2018-02-28,2
win_100,UI,2018-02-28,2
win_100,UPBD,2018-02-28,1
win_100,VCEL,2018-02-28,2
win_100,W,2018-02-28,2
win_100,WK,2018-02-28,2
win_100,WWE,2018-02-28,2
win_100,AMD,2018-03-31,2
win_100,AMED,2018-03-31,2
win_100,AMSC,2018-03-31,1
win_100,ARWR,2018-03-31,2
win_100,AYX,2018-03-31,2
win_100,BEAT1,2018-03-31,2
win_100,BEL,2018-03-31,1
win_100,BNFT,2018-03-31,1
win_100,CDNA,2018-03-31,2
win_100,CMG,2018-03-31,2
win_100,CVNA,2018-03-31,2
win_100,ECYT,2018-03-31,2
win_100,EHTH,2018-03-31,1
win_100,ETSY,2018-03-31,2
win_100,EVBG,2018-03-31,2
win_100,EXAS,2018-03-31,2
win_100,FOXF,2018-03-31,2
win_100,FRPT,2018-03-31,2
win_100,GHDX,2018-03-31,2
win_100,GKOS,2018-03-31,2
win_100,IRDM,2018-03-31,2
win_100,LAB,2018-03-31,1
win_100,LOXO,2018-03-31,2
win_100,LRN,2018-03-31,1
win_100,LSCC,2018-03-31,1
win_100,MRTX,2018-03-31,2
win_100,NEO,2018-03-31,2
win_100,NSTGQ,2018-03-31,1
win_100,NTRA,2018-03-31,1
win_100,NVCR,2018-03-31,2
win_100,OKTA,2018-03-31,2
win_100,PCMI,2018-03-31,1
win_100,QURE,2018-03-31,2
win_100,RAMP,2018-03-31,2
win_100,RARX,2018-03-31,1
win_100,RETA,2018-03-31,1
win_100,SCWX,2018-03-31,1
win_100,STAA,2018-03-31,2
win_100,SVU,2018-03-31,1
win_100,TEAM,2018-03-31,2
win_100,TPB,2018-03-31,2
win_100,TTD,2018-03-31,2
win_100,TWLO,2018-03-31,2
win_100,UI,2018-03-31,2
win_100,UPBD,2018-03-31,1
win_100,W,2018-03-31,2
win_100,WK,2018-03-31,2
win_100,WWE,2018-03-31,2
win_100,ACIA,2018-04-30,1
win_100,AMD,2018-04-30,2
win_100,APPF,2018-04-30,2
win_100,ARWR,2018-04-30,2
win_100,AYX,2018-04-30,2
win_100,BEL,2018-04-30,1
win_100,BHVN1,2018-04-30,1
win_100,BLFS,2018-04-30,2
win_100,CDNA,2018-04-30,2
win_100,COUP,2018-04-30,2
win_100,CVNA,2018-04-30,2
win_100,ECYT,2018-04-30,2
win_100,EHTH,2018-04-30,1
win_100,ETSY,2018-04-30,2
win_100,FIVE,2018-04-30,2
win_100,FN,2018-04-30,1
win_100,FOXF,2018-04-30,2
win_100,FRPT,2018-04-30,2
win_100,GHDX,2018-04-30,2
win_100,GKOS,2018-04-30,2
win_100,GTN,2018-04-30,1
win_100,INTEQ,2018-04-30,1
win_100,IRDM,2018-04-30,2
win_100,LSCC,2018-04-30,1
win_100,MRCY,2018-04-30,2
win_100,NEO,2018-04-30,2
win_100,NMIH,2018-04-30,2
win_100,NSTGQ,2018-04-30,1
win_100,NVTAQ,2018-04-30,1
win_100,OKTA,2018-04-30,2
win_100,PCMI,2018-04-30,1
win_100,PI,2018-04-30,1
win_100,RAMP,2018-04-30,2
win_100,RETA,2018-04-30,1
win_100,SSP,2018-04-30,1
win_100,TNDM,2018-04-30,1
win_100,TTD,2018-04-30,2
win_100,TWLO,2018-04-30,2
win_100,UI,2018-04-30,2
win_100,UPBD,2018-04-30,1
win_100,W,2018-04-30,2
win_100,WK,2018-04-30,2
win_100,WWE,2018-04-30,2
win_100,ARWR,2018-05-31,2
win_100,AYX,2018-05-31,2
win_100,BEL,2018-05-31,1
win_100,CDNA,2018-05-31,2
win_100,COKE,2018-05-31,1
win_100,COUP,2018-05-31,2
win_100,CVNA,2018-05-31,2
win_100,EHTH,2018-05-31,1
win_100,ENPH,2018-05-31,2
win_100,FRPT,2018-05-31,2
win_100,LSCC,2018-05-31,1
win_100,NSTGQ,2018-05-31,1
win_100,NVTAQ,2018-05-31,1
win_100,OKTA,2018-05-31,2
win_100,PAYC,2018-05-31,2
win_100,PCMI,2018-05-31,1
win_100,RETA,2018-05-31,2
win_100,SBGI,2018-05-31,1
win_100,TNDM,2018-05-31,1
win_100,TTD,2018-05-31,2
win_100,TWLO,2018-05-31,2
win_100,UPBD,2018-05-31,1
win_100,WK,2018-05-31,2
win_100,ADVM,2018-06-30,1
win_100,AMD,2018-06-30,2
win_100,ARRY1,2018-06-30,2
win_100,AYX,2018-06-30,2
win_100,BEL,2018-06-30,1
win_100,CDNA,2018-06-30,2
win_100,COKE,2018-06-30,1
win_100,COUP,2018-06-30,2
win_100,EEFT,2018-06-30,2
win_100,EHTH,2018-06-30,1
win_100,ENPH,2018-06-30,2
win_100,ERIE,2018-06-30,2
win_100,LAB,2018-06-30,1
win_100,LSCC,2018-06-30,2
win_100,MRTX,2018-06-30,2
win_100,NSTGQ,2018-06-30,1
win_100,NVCR,2018-06-30,2
win_100,NVTAQ,2018-06-30,1
win_100,OKTA,2018-06-30,2
win_100,OLED,2018-06-30,1
win_100,PAYC,2018-06-30,2
win_100,PCMI,2018-06-30,1
win_100,QURE,2018-06-30,2
win_100,RARX,2018-06-30,1
win_100,RETA,2018-06-30,2
win_100,RPD,2018-06-30,2
win_100,SCTL,2018-06-30,1
win_100,TEAM,2018-06-30,2
win_100,TNDM,2018-06-30,2
win_100,TTD,2018-06-30,2
win_100,TWLO,2018-06-30,2
win_100,VCYT,2018-06-30,2
win_100,VEEV,2018-06-30,2
win_100,WK,2018-06-30,2
win_100,ACIA,2018-07-31,1
win_100,ARRY1,2018-07-31,2
win_100,AYX,2018-07-31,2
win_100,BEL,2018-07-31,1
win_100,CDNA,2018-07-31,2
win_100,COKE,2018-07-31,1
win_100,COUP,2018-07-31,2
win_100,EHTH,2018-07-31,1
win_100,ENPH,2018-07-31,2
win_100,EVBG,2018-07-31,2
win_100,FATE,2018-07-31,1
win_100,LSCC,2018-07-31,2
win_100,MTCH2,2018-07-31,2
win_100,NSTGQ,2018-07-31,1
win_100,NVCR,2018-07-31,2
win_100,NVTAQ,2018-07-31,1
win_100,OKTA,2018-07-31,2
win_100,OLED,2018-07-31,2
win_100,PAYC,2018-07-31,2
win_100,RARX,2018-07-31,1
win_100,RPD,2018-07-31,2
win_100,SLP,2018-07-31,2
win_100,TNDM,2018-07-31,2
win_100,TSRO,2018-07-31,1
win_100,TTD,2018-07-31,2
win_100,TWLO,2018-07-31,2
win_100,VCYT,2018-07-31,2
win_100,VEEV,2018-07-31,2
win_100,WING,2018-07-31,2
win_100,WK,2018-07-31,2
win_100,ARRY1,2018-08-31,2
win_100,ARWR,2018-08-31,2
win_100,AYX,2018-08-31,2
win_100,EHTH,2018-08-31,2
win_100,LSCC,2018-08-31,2
win_100,MKTX,2018-08-31,2
win_100,NVCR,2018-08-31,2
win_100,OKTA,2018-08-31,2
win_100,RARX,2018-08-31,1
win_100,ROKU,2018-08-31,2
win_100,TSRO,2018-08-31,1
win_100,VCYT,2018-08-31,2
win_100,ARRY1,2018-09-30,2
win_100,EHTH,2018-09-30,2
win_100,LSCC,2018-09-30,2
win_100,SEDG,2018-09-30,2
win_100,VCYT,2018-09-30,2
win_100,ACAD,2018-10-31,1
win_100,APLS,2018-10-31,1
win_100,ARRY1,2018-10-31,2
win_100,ARWR,2018-10-31,2
win_100,BLD,2018-10-31,1
win_100,COUP,2018-10-31,2
win_100,CVNA,2018-10-31,2
win_100,EHTH,2018-10-31,2
win_100,IBP,2018-10-31,1
win_100,IOVA,2018-10-31,1
win_100,IPHI,2018-10-31,2
win_100,LSCC,2018-10-31,2
win_100,MDCO,2018-10-31,1
win_100,MRTX,2018-10-31,2
win_100,NVCR,2018-10-31,2
win_100,ONCE,2018-10-31,1
win_100,PDFS,2018-10-31,1
win_100,RARX,2018-10-31,2
win_100,RETA,2018-10-31,2
win_100,RNG,2018-10-31,2
win_100,ROKU,2018-10-31,2
win_100,SCTL,2018-10-31,1
win_100,SEDG,2018-10-31,2
win_100,SHYF,2018-10-31,1
win_100,SNAP,2018-10-31,1
win_100,TSRO,2018-10-31,1
win_100,UCTT,2018-10-31,1
win_100,ACAD,2018-11-30,2
win_100,ARRY1,2018-11-30,2
win_100,ARWR,2018-11-30,2
win_100,ATKR,2018-11-30,2
win_100,BLD,2018-11-30,1
win_100,CCXI1,2018-11-30,2
win_100,CDLX,2018-11-30,1
win_100,COUP,2018-11-30,2
win_100,CVNA,2018-11-30,2
win_100,EHTH,2018-11-30,2
win_100,ENPH,2018-11-30,2
win_100,EPZM,2018-11-30,1
win_100,EVRI,2018-11-30,1
win_100,GBT,2018-11-30,1
win_100,IOVA,2018-11-30,1
win_100,KRYS,2018-11-30,2
win_100,LPSN,2018-11-30,2
win_100,LSCC,2018-11-30,2
win_100,MDCO,2018-11-30,1
win_100,MODN,2018-11-30,2
win_100,MRTX,2018-11-30,2
win_100,NTRA,2018-11-30,2
win_100,NVCR,2018-11-30,2
win_100,NVRO,2018-11-30,1
win_100,OKTA,2018-11-30,2
win_100,OLED,2018-11-30,2
win_100,ONCE,2018-11-30,1
win_100,PAYC,2018-11-30,2
win_100,PODD,2018-11-30,2
win_100,RARX,2018-11-30,2
win_100,RETA,2018-11-30,2
win_100,RNG,2018-11-30,2
win_100,ROKU,2018-11-30,2
win_100,SAH,2018-11-30,1
win_100,SEDG,2018-11-30,2
win_100,SHYF,2018-11-30,1
win_100,SNAP,2018-11-30,1
win_100,SWCH,2018-11-30,1
win_100,UCTT,2018-11-30,1
win_100,VCYT,2018-11-30,2
win_100,VVX,2018-11-30,1
win_100,ACAD,2018-12-31,1
win_100,AMD,2018-12-31,2
win_100,APLS,2018-12-31,1
win_100,APO,2018-12-31,2
win_100,ARES,2018-12-31,2
win_100,ARRY1,2018-12-31,2
win_100,ARWR,2018-12-31,2
win_100,ATKR,2018-12-31,2
win_100,AUPH,2018-12-31,2
win_100,BLD,2018-12-31,1
win_100,BLDR,2018-12-31,1
win_100,BOLD1,2018-12-31,1
win_100,BOOT,2018-12-31,2
win_100,CCXI1,2018-12-31,2
win_100,CDLX,2018-12-31,1
win_100,CG,2018-12-31,1
win_100,CIR1,2018-12-31,1
win_100,CODI,2018-12-31,1
win_100,COUP,2018-12-31,2
win_100,CRSP,2018-12-31,1
win_100,CRUS,2018-12-31,2
win_100,CUTRQ,2018-12-31,1
win_100,CVNA,2018-12-31,2
win_100,CZR2,2018-12-31,1
win_100,DERM2,2018-12-31,1
win_100,DMRC,2018-12-31,1
win_100,DOVA,2018-12-31,1
win_100,DRNA,2018-12-31,2
win_100,EHTH,2018-12-31,2
win_100,EPZM,2018-12-31,1
win_100,EVRI,2018-12-31,1
win_100,FICO,2018-12-31,2
win_100,GNRC,2018-12-31,2
win_100,IBP,2018-12-31,1
win_100,ICHR,2018-12-31,1
win_100,IOVA,2018-12-31,1
win_100,IPHI,2018-12-31,2
win_100,ITCI,2018-12-31,1
win_100,KBR,2018-12-31,2
win_100,KLAC,2018-12-31,2
win_100,KOP,2018-12-31,1
win_100,KPTI,2018-12-31,1
win_100,KRYS,2018-12-31,2
win_100,LRCX,2018-12-31,2
win_100,LSCC,2018-12-31,2
win_100,MDCO,2018-12-31,1
win_100,MODN,2018-12-31,2
win_100,MRTX,2018-12-31,2
win_100,NEO,2018-12-31,2
win_100,NTRA,2018-12-31,2
win_100,NVCR,2018-12-31,2
win_100,NVRO,2018-12-31,1
win_100,ODTC,2018-12-31,1
win_100,OLED,2018-12-31,2
win_100,ONCE,2018-12-31,1
win_100,PAYC,2018-12-31,2
win_100,PCTY,2018-12-31,2
win_100,PDFS,2018-12-31,1
win_100,PODD,2018-12-31,2
win_100,POWL,2018-12-31,2
win_100,PPC,2018-12-31,1
win_100,PRFT,2018-12-31,2
win_100,QURE,2018-12-31,2
win_100,RARX,2018-12-31,2
win_100,RETA,2018-12-31,2
win_100,RNG,2018-12-31,2
win_100,ROKU,2018-12-31,2
win_100,SAH,2018-12-31,1
win_100,SCTL,2018-12-31,1
win_100,SEDG,2018-12-31,2
win_100,SGEN,2018-12-31,2
win_100,SGI,2018-12-31,2
win_100,SHYF,2018-12-31,1
win_100,SKY,2018-12-31,1
win_100,SNAP,2018-12-31,1
win_100,SWCH,2018-12-31,1
win_100,TER,2018-12-31,2
win_100,TGI,2018-12-31,1
win_100,TGT,2018-12-31,2
win_100,THC,2018-12-31,1
win_100,TTD,2018-12-31,2
win_100,TTGT,2018-12-31,1
win_100,UCTT,2018-12-31,1
win_100,UEIC,2018-12-31,1
win_100,VCYT,2018-12-31,2
win_100,VVX,2018-12-31,1
win_100,WGO,2018-12-31,1
win_100,WKC,2018-12-31,1
win_100,XENE,2018-12-31,1
win_100,XOMA,2018-12-31,1
win_100,APLS,2019-01-31,1
win_100,APPF,2019-01-31,2
win_100,ARRY1,2019-01-31,2
win_100,ARWR,2019-01-31,2
win_100,AUPH,2019-01-31,2
win_100,AXSM,2019-01-31,1
win_100,BLD,2019-01-31,2
win_100,BOLD1,2019-01-31,1
win_100,CCRD,2019-01-31,2
win_100,CCXI1,2019-01-31,2
win_100,CDLX,2019-01-31,1
win_100,CNS,2019-01-31,2
win_100,CPRT,2019-01-31,2
win_100,CRUS,2019-01-31,2
win_100,CVNA,2019-01-31,2
win_100,DERM2,2019-01-31,1
win_100,DOVA,2019-01-31,1
win_100,ENPH,2019-01-31,2
win_100,EPZM,2019-01-31,1
win_100,IOVA,2019-01-31,1
win_100,LPG,2019-01-31,1
win_100,LSCC,2019-01-31,2
win_100,MDCO,2019-01-31,1
win_100,MNTA,2019-01-31,1
win_100,MODN,2019-01-31,2
win_100,MX,2019-01-31,1
win_100,NTRA,2019-01-31,2
win_100,NVRO,2019-01-31,1
win_100,ONCE,2019-01-31,1
win_100,PAYC,2019-01-31,2
win_100,PI,2019-01-31,1
win_100,PODD,2019-01-31,2
win_100,RARX,2019-01-31,2
win_100,RETA,2019-01-31,2
win_100,RNG,2019-01-31,2
win_100,ROKU,2019-01-31,2
win_100,SAH,2019-01-31,1
win_100,SEDG,2019-01-31,2
win_100,SHYF,2019-01-31,1
win_100,SNAP,2019-01-31,1
win_100,TSLA,2019-01-31,2
win_100,VVX,2019-01-31,1
win_100,XLRN,2019-01-31,2
win_100,APLS,2019-02-28,1
win_100,ARRY1,2019-02-28,2
win_100,AUPH,2019-02-28,2
win_100,AXSM,2019-02-28,1
win_100,CCXI1,2019-02-28,2
win_100,CDLX,2019-02-28,1
win_100,DERM2,2019-02-28,1
win_100,DOVA,2019-02-28,1
win_100,EHTH,2019-02-28,2
win_100,ELF,2019-02-28,1
win_100,ENPH,2019-02-28,2
win_100,IOVA,2019-02-28,1
win_100,MDCO,2019-02-28,1
win_100,MNTA,2019-02-28,1
win_100,NTRA,2019-02-28,1
win_100,NVRO,2019-02-28,1
win_100,PODD,2019-02-28,2
win_100,RARX,2019-02-28,2
win_100,RETA,2019-02-28,2
win_100,RNG,2019-02-28,2
win_100,SEDG,2019-02-28,2
win_100,TLRA,2019-02-28,2
win_100,TSLA,2019-02-28,2
win_100,VSLR,2019-02-28,1
win_100,AUPH,2019-03-31,2
win_100,AXSM,2019-03-31,2
win_100,CCXI1,2019-03-31,2
win_100,CDLX,2019-03-31,1
win_100,CNST,2019-03-31,1
win_100,DOVA,2019-03-31,1
win_100,DXCM,2019-03-31,2
win_100,EHTH,2019-03-31,2
win_100,ENPH,2019-03-31,2
win_100,IOVA,2019-03-31,1
win_100,KPTI,2019-03-31,1
win_100,MDCO,2019-03-31,1
win_100,RARX,2019-03-31,2
win_100,SEDG,2019-03-31,2
win_100,SNDX,2019-03-31,1
win_100,TDOC,2019-03-31,2
win_100,ZYME,2019-03-31,2
win_100,ACAD,2019-04-30,2
win_100,ACMR,2019-04-30,2
win_100,ARQL,2019-04-30,2
win_100,ARRY1,2019-04-30,2
win_100,AUPH,2019-04-30,2
win_100,AXSM,2019-04-30,2
win_100,CCXI1,2019-04-30,2
win_100,CDLX,2019-04-30,1
win_100,CVM,2019-04-30,1
win_100,DCPH,2019-04-30,1
win_100,DOVA,2019-04-30,1
win_100,DXCM,2019-04-30,2
win_100,ENPH,2019-04-30,2
win_100,IOVA,2019-04-30,1
win_100,IPHI,2019-04-30,2
win_100,MDCO,2019-04-30,2
win_100,MNTA,2019-04-30,1
win_100,MTSI,2019-04-30,1
win_100,PODD,2019-04-30,2
win_100,QDEL,2019-04-30,2
win_100,RARX,2019-04-30,2
win_100,RETA,2019-04-30,2
win_100,SEDG,2019-04-30,2
win_100,SGEN,2019-04-30,2
win_100,SNDX,2019-04-30,1
win_100,TDOC,2019-04-30,2
win_100,TSLA,2019-04-30,2
win_100,XLRN,2019-04-30,2
win_100,ACAD,2019-05-31,2
win_100,ACMR,2019-05-31,2
win_100,ADVM,2019-05-31,2
win_100,ALNY,2019-05-31,2
win_100,ARQL,2019-05-31,2
win_100,AUPH,2019-05-31,2
win_100,AXSM,2019-05-31,2
win_100,CALX,2019-05-31,1
win_100,CBB,2019-05-31,1
win_100,CCXI1,2019-05-31,2
win_100,CDLX,2019-05-31,2
win_100,COUP,2019-05-31,2
win_100,CWH,2019-05-31,1
win_100,DCPH,2019-05-31,1
win_100,DERM2,2019-05-31,1
win_100,DOCU,2019-05-31,2
win_100,DOVA,2019-05-31,1
win_100,DXCM,2019-05-31,2
win_100,EBS,2019-05-31,2
win_100,ENPH,2019-05-31,2
win_100,EVER,2019-05-31,1
win_100,FIVN,2019-05-31,2
win_100,FTSV,2019-05-31,1
win_100,GEN,2019-05-31,2
win_100,GNRC,2019-05-31,2
win_100,HZNP,2019-05-31,2
win_100,IMMU,2019-05-31,1
win_100,IPHI,2019-05-31,2
win_100,KALA,2019-05-31,1
win_100,KPTI,2019-05-31,1
win_100,MDCO,2019-05-31,2
win_100,MNTA,2019-05-31,1
win_100,MTSI,2019-05-31,1
win_100,MYOK,2019-05-31,2
win_100,NVAX,2019-05-31,1
win_100,NVDA,2019-05-31,2
win_100,NVRO,2019-05-31,2
win_100,ORKA,2019-05-31,1
win_100,PETS,2019-05-31,1
win_100,QDEL,2019-05-31,2
win_100,RARX,2019-05-31,2
win_100,RCUS,2019-05-31,1
win_100,REGN,2019-05-31,2
win_100,RH,2019-05-31,2
win_100,RNG,2019-05-31,2
win_100,RPAY,2019-05-31,2
win_100,SEDG,2019-05-31,2
win_100,SGEN,2019-05-31,2
win_100,SLP,2019-05-31,2
win_100,SNDX,2019-05-31,1
win_100,STMP,2019-05-31,1
win_100,SYNA,2019-05-31,1
win_100,TDOC,2019-05-31,2
win_100,TGTX,2019-05-31,1
win_100,TREX,2019-05-31,2
win_100,TSLA,2019-05-31,2
win_100,VICR,2019-05-31,2
win_100,XLRN,2019-05-31,2
win_100,ZYME,2019-05-31,2
win_100,ZYXIQ,2019-05-31,1
win_100,ACMR,2019-06-30,2
win_100,ALNY,2019-06-30,2
win_100,APPS,2019-06-30,2
win_100,AUPH,2019-06-30,2
win_100,AXSM,2019-06-30,2
win_100,CALX,2019-06-30,1
win_100,CCXI1,2019-06-30,1
win_100,CDLX,2019-06-30,2
win_100,CLDR,2019-06-30,1
win_100,COUP,2019-06-30,2
win_100,CWH,2019-06-30,1
win_100,CYTK,2019-06-30,2
win_100,DCPH,2019-06-30,1
win_100,DOCU,2019-06-30,2
win_100,DXCM,2019-06-30,2
win_100,ENPH,2019-06-30,2
win_100,EVER,2019-06-30,1
win_100,FIVN,2019-06-30,2
win_100,FTSV,2019-06-30,1
win_100,GNMK,2019-06-30,1
win_100,HOV,2019-06-30,1
win_100,HZNP,2019-06-30,2
win_100,IMMU,2019-06-30,1
win_100,IPHI,2019-06-30,2
win_100,KPTI,2019-06-30,1
win_100,MDCO,2019-06-30,2
win_100,MNTA,2019-06-30,1
win_100,MTSI,2019-06-30,1
win_100,MYOV,2019-06-30,1
win_100,NVAX,2019-06-30,1
win_100,NVDA,2019-06-30,2
win_100,NXH,2019-06-30,1
win_100,PETS,2019-06-30,1
win_100,QDEL,2019-06-30,2
win_100,RADCQ,2019-06-30,1
win_100,RCUS,2019-06-30,1
win_100,RDFN,2019-06-30,1
win_100,RH,2019-06-30,2
win_100,RNG,2019-06-30,2
win_100,RPAY,2019-06-30,2
win_100,SEDG,2019-06-30,2
win_100,SGEN,2019-06-30,2
win_100,SLP,2019-06-30,2
win_100,STAA,2019-06-30,2
win_100,STMP,2019-06-30,1
win_100,SWBI,2019-06-30,1
win_100,SYNA,2019-06-30,1
win_100,TDOC,2019-06-30,2
win_100,TGTX,2019-06-30,1
win_100,TSLA,2019-06-30,2
win_100,UNFI,2019-06-30,1
win_100,VICR,2019-06-30,2
win_100,XLRN,2019-06-30,2
win_100,ZYXIQ,2019-06-30,2
win_100,AAPL,2019-07-31,2
win_100,ACMR,2019-07-31,2
win_100,ALLK,2019-07-31,1
win_100,AMD,2019-07-31,2
win_100,APPS,2019-07-31,2
win_100,AUPH,2019-07-31,1
win_100,AXSM,2019-07-31,2
win_100,CALX,2019-07-31,1
win_100,CCXI1,2019-07-31,1
win_100,CDLX,2019-07-31,2
win_100,COUP,2019-07-31,2
win_100,CVNA,2019-07-31,2
win_100,CWH,2019-07-31,1
win_100,DCPH,2019-07-31,1
win_100,DERM2,2019-07-31,1
win_100,DOCU,2019-07-31,2
win_100,DXCM,2019-07-31,2
win_100,EBS,2019-07-31,2
win_100,ENPH,2019-07-31,2
win_100,EVER,2019-07-31,1
win_100,FIVN,2019-07-31,2
win_100,FRPT,2019-07-31,2
win_100,FTSV,2019-07-31,1
win_100,GNMK,2019-07-31,1
win_100,GNRC,2019-07-31,2
win_100,GSHD,2019-07-31,2
win_100,HOME,2019-07-31,1
win_100,HOV,2019-07-31,1
win_100,HZNP,2019-07-31,2
win_100,IMMU,2019-07-31,1
win_100,INSG,2019-07-31,2
win_100,IPHI,2019-07-31,2
win_100,ITCI,2019-07-31,1
win_100,KNSL,2019-07-31,2
win_100,LLFLQ,2019-07-31,1
win_100,LOCO,2019-07-31,1
win_100,MDCO,2019-07-31,2
win_100,MNTA,2019-07-31,1
win_100,MTSI,2019-07-31,1
win_100,MYOV,2019-07-31,1
win_100,NVDA,2019-07-31,2
win_100,NXH,2019-07-31,1
win_100,OSPN,2019-07-31,1
win_100,OSUR,2019-07-31,1
win_100,OTRKQ,2019-07-31,2
win_100,PFSI,2019-07-31,2
win_100,PZZA,2019-07-31,1
win_100,QDEL,2019-07-31,2
win_100,RADCQ,2019-07-31,1
win_100,RDFN,2019-07-31,1
win_100,REGI,2019-07-31,1
win_100,REGN,2019-07-31,2
win_100,RH,2019-07-31,2
win_100,RNG,2019-07-31,2
win_100,SAM,2019-07-31,2
win_100,SEDG,2019-07-31,2
win_100,SGEN,2019-07-31,2
win_100,SGRY,2019-07-31,1
win_100,SPCE,2019-07-31,2
win_100,STMP,2019-07-31,1
win_100,SWBI,2019-07-31,1
win_100,SYNA,2019-07-31,1
win_100,TDOC,2019-07-31,2
win_100,TGTX,2019-07-31,1
win_100,TSLA,2019-07-31,2
win_100,TWOUQ,2019-07-31,1
win_100,UCTT,2019-07-31,1
win_100,UNFI,2019-07-31,1
win_100,VICR,2019-07-31,1
win_100,VIVO1,2019-07-31,1
win_100,VSLR,2019-07-31,2
win_100,VSTO,2019-07-31,1
win_100,W,2019-07-31,2
win_100,WKHS,2019-07-31,1
win_100,XLRN,2019-07-31,2
win_100,ZYXIQ,2019-07-31,1
win_100,AAPL,2019-08-31,2
win_100,AAWW,2019-08-31,1
win_100,ACH,2019-08-31,1
win_100,ACMR,2019-08-31,2
win_100,AGNT,2019-08-31,1
win_100,AHCO,2019-08-31,2
win_100,ALDR,2019-08-31,1
win_100,AMD,2019-08-31,2
win_100,AMRC,2019-08-31,2
win_100,APPS,2019-08-31,2
win_100,ARQL,2019-08-31,2
win_100,AUPH,2019-08-31,1
win_100,AXSM,2019-08-31,2
win_100,BGS,2019-08-31,1
win_100,BIGGQ,2019-08-31,1
win_100,CALX,2019-08-31,1
win_100,CBB,2019-08-31,1
win_100,CCXI1,2019-08-31,1
win_100,CDLX,2019-08-31,2
win_100,CLW,2019-08-31,1
win_100,COOP,2019-08-31,1
win_100,COUP,2019-08-31,2
win_100,CRSP,2019-08-31,2
win_100,CVNA,2019-08-31,2
win_100,CWH,2019-08-31,1
win_100,CYRX,2019-08-31,2
win_100,DERM2,2019-08-31,1
win_100,DOCU,2019-08-31,2
win_100,DXCM,2019-08-31,2
win_100,EBS,2019-08-31,1
win_100,ENPH,2019-08-31,2
win_100,ETSY,2019-08-31,2
win_100,EVH,2019-08-31,1
win_100,FATE,2019-08-31,2
win_100,FIVN,2019-08-31,2
win_100,FLGT,2019-08-31,2
win_100,FLWS,2019-08-31,2
win_100,FRPT,2019-08-31,2
win_100,FRTA,2019-08-31,1
win_100,FTSV,2019-08-31,1
win_100,GNMK,2019-08-31,1
win_100,GNRC,2019-08-31,2
win_100,GSHD,2019-08-31,2
win_100,HIBB,2019-08-31,1
win_100,HOME,2019-08-31,1
win_100,HOV,2019-08-31,1
win_100,HZNP,2019-08-31,2
win_100,HZO,2019-08-31,1
win_100,IMMU,2019-08-31,1
win_100,IRTC,2019-08-31,2
win_100,ITCI,2019-08-31,1
win_100,KNSL,2019-08-31,2
win_100,LLFLQ,2019-08-31,1
win_100,LPRO,2019-08-31,2
win_100,LULU,2019-08-31,2
win_100,MDCO,2019-08-31,2
win_100,MGNX,2019-08-31,1
win_100,MNTA,2019-08-31,1
win_100,MYOK,2019-08-31,2
win_100,MYOV,2019-08-31,1
win_100,NUAN,2019-08-31,2
win_100,NVAX,2019-08-31,1
win_100,NVDA,2019-08-31,2
win_100,NXH,2019-08-31,1
win_100,OTRKQ,2019-08-31,2
win_100,PENN,2019-08-31,1
win_100,PETS,2019-08-31,1
win_100,PRNB,2019-08-31,2
win_100,QDEL,2019-08-31,2
win_100,RADCQ,2019-08-31,1
win_100,RCKT,2019-08-31,1
win_100,RCUS,2019-08-31,1
win_100,RDFN,2019-08-31,1
win_100,REGI,2019-08-31,1
win_100,REGN,2019-08-31,2
win_100,RH,2019-08-31,2
win_100,RNG,2019-08-31,2
win_100,RUN,2019-08-31,2
win_100,RVNC,2019-08-31,1
win_100,SAM,2019-08-31,2
win_100,SEDG,2019-08-31,2
win_100,SGEN,2019-08-31,2
win_100,SGRY,2019-08-31,1
win_100,STMP,2019-08-31,1
win_100,SWBI,2019-08-31,1
win_100,SYNA,2019-08-31,1
win_100,TBCH,2019-08-31,1
win_100,TDOC,2019-08-31,2
win_100,TGTX,2019-08-31,1
win_100,THO,2019-08-31,1
win_100,TRUP,2019-08-31,2
win_100,TSLA,2019-08-31,2
win_100,TWLO,2019-08-31,2
win_100,TWOUQ,2019-08-31,1
win_100,UCTT,2019-08-31,1
win_100,UNFI,2019-08-31,1
win_100,VICR,2019-08-31,1
win_100,VSLR,2019-08-31,2
win_100,VSTO,2019-08-31,1
win_100,W,2019-08-31,2
win_100,XBIT,2019-08-31,1
win_100,XLRN,2019-08-31,2
win_100,XYZ,2019-08-31,2
win_100,ZG,2019-08-31,2
win_100,ZS,2019-08-31,2
win_100,AAPL,2019-09-30,2
win_100,AAWW,2019-09-30,1
win_100,ACH,2019-09-30,1
win_100,ACMR,2019-09-30,1
win_100,AGNT,2019-09-30,1
win_100,AHCO,2019-09-30,2
win_100,AMD,2019-09-30,2
win_100,AMRC,2019-09-30,2
win_100,APPS,2019-09-30,2
win_100,ARQL,2019-09-30,1
win_100,AUPH,2019-09-30,1
win_100,AXSM,2019-09-30,2
win_100,BAND,2019-09-30,2
win_100,BOLD1,2019-09-30,2
win_100,BREW2,2019-09-30,1
win_100,CALX,2019-09-30,1
win_100,CBB,2019-09-30,1
win_100,CCXI1,2019-09-30,1
win_100,CDLX,2019-09-30,2
win_100,CHGG,2019-09-30,2
win_100,COOP,2019-09-30,1
win_100,COUP,2019-09-30,2
win_100,CRSP,2019-09-30,2
win_100,CVNA,2019-09-30,2
win_100,CWH,2019-09-30,1
win_100,CYRX,2019-09-30,2
win_100,DERM2,2019-09-30,1
win_100,DNLI,2019-09-30,1
win_100,DOCU,2019-09-30,2
win_100,DOMO,2019-09-30,1
win_100,DXCM,2019-09-30,2
win_100,ENPH,2019-09-30,2
win_100,ETSY,2019-09-30,2
win_100,EVBG,2019-09-30,2
win_100,FATE,2019-09-30,2
win_100,FIVN,2019-09-30,2
win_100,FLGT,2019-09-30,2
win_100,FRPT,2019-09-30,2
win_100,GDOT,2019-09-30,1
win_100,GNMK,2019-09-30,1
win_100,GNRC,2019-09-30,2
win_100,HZNP,2019-09-30,2
win_100,IMMU,2019-09-30,1
win_100,INSP,2019-09-30,2
win_100,IRTC,2019-09-30,2
win_100,ITCI,2019-09-30,1
win_100,KOD,2019-09-30,2
win_100,KURA,2019-09-30,1
win_100,LLFLQ,2019-09-30,1
win_100,MNTA,2019-09-30,1
win_100,MRTX,2019-09-30,2
win_100,MYOK,2019-09-30,2
win_100,MYOV,2019-09-30,1
win_100,NSTGQ,2019-09-30,2
win_100,NTRA,2019-09-30,2
win_100,NUAN,2019-09-30,2
win_100,NVAX,2019-09-30,1
win_100,NVDA,2019-09-30,2
win_100,NVTAQ,2019-09-30,2
win_100,NXH,2019-09-30,1
win_100,OKTA,2019-09-30,2
win_100,ONC,2019-09-30,2
win_100,OTRKQ,2019-09-30,2
win_100,PENN,2019-09-30,1
win_100,PRNB,2019-09-30,1
win_100,QDEL,2019-09-30,2
win_100,RARX,2019-09-30,2
win_100,RDFN,2019-09-30,1
win_100,REGI,2019-09-30,1
win_100,REGN,2019-09-30,2
win_100,RH,2019-09-30,2
win_100,RNG,2019-09-30,2
win_100,RUN,2019-09-30,2
win_100,SAIL1,2019-09-30,1
win_100,SAM,2019-09-30,2
win_100,SEDG,2019-09-30,2
win_100,SGEN,2019-09-30,2
win_100,SGRY,2019-09-30,1
win_100,SLP,2019-09-30,2
win_100,SPWH,2019-09-30,1
win_100,STAA,2019-09-30,2
win_100,STMP,2019-09-30,1
win_100,SWBI,2019-09-30,1
win_100,SYNA,2019-09-30,2
win_100,TDOC,2019-09-30,2
win_100,TGTX,2019-09-30,1
win_100,TRUP,2019-09-30,2
win_100,TSLA,2019-09-30,2
win_100,TTD,2019-09-30,2
win_100,TWLO,2019-09-30,2
win_100,TWOUQ,2019-09-30,1
win_100,VICR,2019-09-30,1
win_100,VSLR,2019-09-30,2
win_100,VSTO,2019-09-30,1
win_100,W,2019-09-30,2
win_100,XLRN,2019-09-30,2
win_100,XYZ,2019-09-30,2
win_100,ZG,2019-09-30,1
win_100,ZS,2019-09-30,2
win_100,AAWW,2019-10-31,1
win_100,ACH,2019-10-31,1
win_100,AHCO,2019-10-31,2
win_100,AMD,2019-10-31,2
win_100,AMED,2019-10-31,2
win_100,AMRC,2019-10-31,2
win_100,APPS,2019-10-31,2
win_100,AVLR,2019-10-31,2
win_100,AXSM,2019-10-31,2
win_100,BAND,2019-10-31,2
win_100,BIGGQ,2019-10-31,1
win_100,BL,2019-10-31,2
win_100,BOLD1,2019-10-31,1
win_100,CALX,2019-10-31,1
win_100,CBB,2019-10-31,1
win_100,CCXI1,2019-10-31,1
win_100,CHGG,2019-10-31,2
win_100,CLW,2019-10-31,1
win_100,CVNA,2019-10-31,2
win_100,CWH,2019-10-31,1
win_100,CYRX,2019-10-31,2
win_100,DAR,2019-10-31,2
win_100,DERM2,2019-10-31,1
win_100,DNLI,2019-10-31,1
win_100,DOCU,2019-10-31,2
win_100,DXCM,2019-10-31,2
win_100,ENPH,2019-10-31,2
win_100,ETSY,2019-10-31,2
win_100,FATE,2019-10-31,2
win_100,FIVN,2019-10-31,2
win_100,FOLD,2019-10-31,1
win_100,FRPT,2019-10-31,2
win_100,FTSV,2019-10-31,1
win_100,GNMK,2019-10-31,1
win_100,GNRC,2019-10-31,2
win_100,GRUB1,2019-10-31,1
win_100,GSHD,2019-10-31,2
win_100,HZNP,2019-10-31,2
win_100,IMMU,2019-10-31,1
win_100,IRTC,2019-10-31,2
win_100,ITCI,2019-10-31,1
win_100,KNSA,2019-10-31,1
win_100,KOD,2019-10-31,2
win_100,KURA,2019-10-31,1
win_100,LLFLQ,2019-10-31,1
win_100,LOB,2019-10-31,1
win_100,LOGI,2019-10-31,2
win_100,LPRO,2019-10-31,2
win_100,MGNX,2019-10-31,1
win_100,MMSI,2019-10-31,1
win_100,MNTA,2019-10-31,1
win_100,MPWR,2019-10-31,2
win_100,MRTX,2019-10-31,2
win_100,MYOK,2019-10-31,2
win_100,MYOV,2019-10-31,1
win_100,NOW,2019-10-31,2
win_100,NVDA,2019-10-31,2
win_100,NVTAQ,2019-10-31,1
win_100,NXH,2019-10-31,1
win_100,ONC,2019-10-31,2
win_100,OTRKQ,2019-10-31,2
win_100,PENN,2019-10-31,2
win_100,PRNB,2019-10-31,1
win_100,QDEL,2019-10-31,2
win_100,RARE,2019-10-31,1
win_100,RCUS,2019-10-31,1
win_100,RDFN,2019-10-31,1
win_100,REGI,2019-10-31,1
win_100,RGEN,2019-10-31,2
win_100,RUN,2019-10-31,2
win_100,SAIL1,2019-10-31,1
win_100,SAM,2019-10-31,2
win_100,SEDG,2019-10-31,2
win_100,SGRY,2019-10-31,1
win_100,SNAP,2019-10-31,2
win_100,SNDX,2019-10-31,1
win_100,SPWRQ,2019-10-31,1
win_100,STAA,2019-10-31,2
win_100,STMP,2019-10-31,1
win_100,SWBI,2019-10-31,1
win_100,TDOC,2019-10-31,2
win_100,TGTX,2019-10-31,1
win_100,TRUP,2019-10-31,2
win_100,TSLA,2019-10-31,2
win_100,TTD,2019-10-31,2
win_100,TUPBQ,2019-10-31,1
win_100,TWLO,2019-10-31,2
win_100,TWOUQ,2019-10-31,1
win_100,VICR,2019-10-31,2
win_100,VSLR,2019-10-31,2
win_100,VSTO,2019-10-31,1
win_100,W,2019-10-31,1
win_100,XLRN,2019-10-31,2
win_100,XYZ,2019-10-31,2
win_100,ZG,2019-10-31,1
win_100,ZS,2019-10-31,2
win_100,AAWW,2019-11-30,1
win_100,ACH,2019-11-30,1
win_100,ACMR,2019-11-30,1
win_100,AGNT,2019-11-30,1
win_100,ALB,2019-11-30,2
win_100,AMD,2019-11-30,2
win_100,AMRC,2019-11-30,2
win_100,AMSC,2019-11-30,1
win_100,AOSL,2019-11-30,1
win_100,APPN,2019-11-30,2
win_100,APPS,2019-11-30,2
win_100,ARQL,2019-11-30,2
win_100,AVLR,2019-11-30,2
win_100,BAND,2019-11-30,1
win_100,BBWI,2019-11-30,1
win_100,BE,2019-11-30,1
win_100,BIGGQ,2019-11-30,1
win_100,BL,2019-11-30,2
win_100,BLFS,2019-11-30,2
win_100,BOLD1,2019-11-30,1
win_100,BXC,2019-11-30,1
win_100,CALX,2019-11-30,1
win_100,CBB,2019-11-30,1
win_100,CDLX,2019-11-30,2
win_100,CDNA,2019-11-30,1
win_100,CHGG,2019-11-30,2
win_100,CLCT,2019-11-30,2
win_100,COHR,2019-11-30,1
win_100,COUP,2019-11-30,2
win_100,CVNA,2019-11-30,2
win_100,CWH,2019-11-30,1
win_100,CYRX,2019-11-30,2
win_100,DAR,2019-11-30,2
win_100,DERM2,2019-11-30,1
win_100,DNLI,2019-11-30,1
win_100,DOCU,2019-11-30,2
win_100,DOMO,2019-11-30,1
win_100,ENPH,2019-11-30,2
win_100,ETSY,2019-11-30,2
win_100,EVH,2019-11-30,1
win_100,FATE,2019-11-30,2
win_100,FCX,2019-11-30,1
win_100,FIVN,2019-11-30,2
win_100,FLGT,2019-11-30,2
win_100,FOLD,2019-11-30,2
win_100,FRHC,2019-11-30,2
win_100,FRPT,2019-11-30,2
win_100,FTSV,2019-11-30,1
win_100,GDOT,2019-11-30,1
win_100,GME,2019-11-30,1
win_100,GNMK,2019-11-30,1
win_100,GNRC,2019-11-30,2
win_100,GOGO,2019-11-30,1
win_100,GSHD,2019-11-30,2
win_100,HALO,2019-11-30,2
win_100,HOME,2019-11-30,1
win_100,HUBS,2019-11-30,2
win_100,HZNP,2019-11-30,2
win_100,IMMU,2019-11-30,2
win_100,IMVT,2019-11-30,1
win_100,INSP,2019-11-30,2
win_100,IPHI,2019-11-30,2
win_100,IRTC,2019-11-30,2
win_100,ITCI,2019-11-30,1
win_100,KNSL,2019-11-30,2
win_100,KOD,2019-11-30,2
win_100,KURA,2019-11-30,2
win_100,LE,2019-11-30,1
win_100,LLFLQ,2019-11-30,1
win_100,LOB,2019-11-30,1
win_100,LOGI,2019-11-30,2
win_100,LOVE,2019-11-30,1
win_100,LSCC,2019-11-30,2
win_100,MED,2019-11-30,2
win_100,MGNI,2019-11-30,2
win_100,MGNX,2019-11-30,1
win_100,MNTA,2019-11-30,2
win_100,MODVQ,2019-11-30,2
win_100,MPWR,2019-11-30,2
win_100,MRNA,2019-11-30,2
win_100,MRTX,2019-11-30,2
win_100,MSTR,2019-11-30,2
win_100,MYOK,2019-11-30,2
win_100,NFE,2019-11-30,2
win_100,NTLA,2019-11-30,2
win_100,NTRA,2019-11-30,2
win_100,NUAN,2019-11-30,2
win_100,NVDA,2019-11-30,2
win_100,NVTAQ,2019-11-30,1
win_100,NXH,2019-11-30,1
win_100,OPRX,2019-11-30,1
win_100,OTRKQ,2019-11-30,1
win_100,PACB,2019-11-30,1
win_100,PENN,2019-11-30,2
win_100,PRNB,2019-11-30,2
win_100,PRPL,2019-11-30,1
win_100,PTGX,2019-11-30,1
win_100,QDEL,2019-11-30,2
win_100,QVCAQ,2019-11-30,1
win_100,RARE,2019-11-30,1
win_100,RCUS,2019-11-30,1
win_100,RDFN,2019-11-30,2
win_100,REGI,2019-11-30,1
win_100,REPL,2019-11-30,1
win_100,RGEN,2019-11-30,2
win_100,RH,2019-11-30,2
win_100,RUN,2019-11-30,1
win_100,SAM,2019-11-30,2
win_100,SEDG,2019-11-30,2
win_100,SNAP,2019-11-30,2
win_100,SPCE,2019-11-30,1
win_100,SPWRQ,2019-11-30,1
win_100,STMP,2019-11-30,1
win_100,SWBI,2019-11-30,1
win_100,TBCH,2019-11-30,1
win_100,TBIO1,2019-11-30,1
win_100,TDOC,2019-11-30,2
win_100,TGTX,2019-11-30,1
win_100,THOR2,2019-11-30,1
win_100,TPIC,2019-11-30,1
win_100,TRUP,2019-11-30,2
win_100,TSLA,2019-11-30,2
win_100,TTD,2019-11-30,2
win_100,TUPBQ,2019-11-30,1
win_100,TWLO,2019-11-30,2
win_100,UPWK,2019-11-30,1
win_100,VAPO,2019-11-30,1
win_100,VIVO1,2019-11-30,1
win_100,VSLR,2019-11-30,2
win_100,VSTO,2019-11-30,1
win_100,VVNT,2019-11-30,2
win_100,W,2019-11-30,2
win_100,WOLF2,2019-11-30,1
win_100,XLRN,2019-11-30,2
win_100,XYZ,2019-11-30,2
win_100,ZG,2019-11-30,2
win_100,ZS,2019-11-30,2
win_100,ACH,2019-12-31,1
win_100,ACMR,2019-12-31,2
win_100,AGNT,2019-12-31,2
win_100,ALB,2019-12-31,2
win_100,ALRM,2019-12-31,2
win_100,AMRC,2019-12-31,2
win_100,AMSC,2019-12-31,1
win_100,APPN,2019-12-31,2
win_100,APPS,2019-12-31,2
win_100,ARVN,2019-12-31,2
win_100,ATEC,2019-12-31,2
win_100,AVLR,2019-12-31,2
win_100,BAND,2019-12-31,2
win_100,BBWI,2019-12-31,1
win_100,BCOV,2019-12-31,2
win_100,BE,2019-12-31,1
win_100,BL,2019-12-31,2
win_100,BLFS,2019-12-31,2
win_100,BTAIQ,2019-12-31,1
win_100,BXC,2019-12-31,1
win_100,CALX,2019-12-31,1
win_100,CDLX,2019-12-31,2
win_100,CDNA,2019-12-31,1
win_100,CHGG,2019-12-31,2
win_100,CLCT,2019-12-31,2
win_100,COHR,2019-12-31,1
win_100,COOP,2019-12-31,1
win_100,CORT,2019-12-31,2
win_100,COUP,2019-12-31,2
win_100,CRSP,2019-12-31,2
win_100,CTRN,2019-12-31,2
win_100,CVNA,2019-12-31,2
win_100,CYRX,2019-12-31,2
win_100,DAR,2019-12-31,2
win_100,DMTKQ,2019-12-31,1
win_100,DNLI,2019-12-31,1
win_100,DOCU,2019-12-31,2
win_100,DOMO,2019-12-31,1
win_100,DRIO,2019-12-31,1
win_100,EDIT,2019-12-31,2
win_100,EIDX,2019-12-31,2
win_100,ENPH,2019-12-31,2
win_100,ESTC,2019-12-31,2
win_100,ETSY,2019-12-31,2
win_100,FATE,2019-12-31,2
win_100,FIVN,2019-12-31,2
win_100,FLGT,2019-12-31,2
win_100,FOLD,2019-12-31,2
win_100,FRHC,2019-12-31,2
win_100,FRPT,2019-12-31,2
win_100,FTSV,2019-12-31,2
win_100,GDOT,2019-12-31,1
win_100,GME,2019-12-31,1
win_100,GNRC,2019-12-31,2
win_100,GRBK,2019-12-31,2
win_100,GSHD,2019-12-31,2
win_100,HALO,2019-12-31,2
win_100,HASI,2019-12-31,2
win_100,HOME,2019-12-31,1
win_100,HUBS,2019-12-31,2
win_100,HZNP,2019-12-31,2
win_100,HZO,2019-12-31,1
win_100,IMMU,2019-12-31,2
win_100,IMVT,2019-12-31,1
win_100,INSG,2019-12-31,2
win_100,INSP,2019-12-31,2
win_100,IPHI,2019-12-31,2
win_100,IRTC,2019-12-31,2
win_100,JOE,2019-12-31,2
win_100,KOD,2019-12-31,2
win_100,KURA,2019-12-31,1
win_100,LAD,2019-12-31,2
win_100,LLFLQ,2019-12-31,1
win_100,LOB,2019-12-31,2
win_100,LOGI,2019-12-31,2
win_100,LOVE,2019-12-31,1
win_100,LPRO,2019-12-31,2
win_100,LSCC,2019-12-31,2
win_100,LTHM,2019-12-31,1
win_100,MDB,2019-12-31,2
win_100,MGNI,2019-12-31,2
win_100,MGNX,2019-12-31,1
win_100,MITK,2019-12-31,1
win_100,MNTA,2019-12-31,2
win_100,MODVQ,2019-12-31,2
win_100,MPWR,2019-12-31,2
win_100,MRNA,2019-12-31,2
win_100,MRSN,2019-12-31,1
win_100,MSTR,2019-12-31,2
win_100,MTSI,2019-12-31,2
win_100,MYOK,2019-12-31,2
win_100,NFE,2019-12-31,2
win_100,NSTGQ,2019-12-31,2
win_100,NTLA,2019-12-31,1
win_100,NTRA,2019-12-31,2
win_100,NUAN,2019-12-31,2
win_100,NVCR,2019-12-31,2
win_100,NVDA,2019-12-31,2
win_100,NVTAQ,2019-12-31,1
win_100,NXH,2019-12-31,1
win_100,OKTA,2019-12-31,2
win_100,OPRX,2019-12-31,1
win_100,OTRKQ,2019-12-31,1
win_100,PACB,2019-12-31,1
win_100,PAR,2019-12-31,2
win_100,PENN,2019-12-31,2
win_100,PRPL,2019-12-31,2
win_100,PTGX,2019-12-31,1
win_100,PYPL,2019-12-31,2
win_100,QDEL,2019-12-31,2
win_100,QVCAQ,2019-12-31,1
win_100,RARE,2019-12-31,1
win_100,RCKT,2019-12-31,2
win_100,RDFN,2019-12-31,2
win_100,REGI,2019-12-31,2
win_100,REPL,2019-12-31,1
win_100,RGEN,2019-12-31,2
win_100,RH,2019-12-31,2
win_100,RNG,2019-12-31,2
win_100,ROKU,2019-12-31,2
win_100,RUN,2019-12-31,1
win_100,SAIL1,2019-12-31,2
win_100,SAM,2019-12-31,2
win_100,SEDG,2019-12-31,2
win_100,SFIX,2019-12-31,2
win_100,SLP,2019-12-31,2
win_100,SNAP,2019-12-31,2
win_100,SNDX,2019-12-31,1
win_100,SPCE,2019-12-31,1
win_100,SPWH,2019-12-31,2
win_100,SPWRQ,2019-12-31,1
win_100,SRRK,2019-12-31,1
win_100,STAA,2019-12-31,2
win_100,STMP,2019-12-31,1
win_100,SWBI,2019-12-31,1
win_100,TBCH,2019-12-31,1
win_100,TBIO1,2019-12-31,1
win_100,TDOC,2019-12-31,2
win_100,TENB,2019-12-31,2
win_100,TGTX,2019-12-31,2
win_100,TPIC,2019-12-31,1
win_100,TRUP,2019-12-31,2
win_100,TSLA,2019-12-31,2
win_100,TTD,2019-12-31,2
win_100,TTGT,2019-12-31,2
win_100,TUPBQ,2019-12-31,1
win_100,TWLO,2019-12-31,2
win_100,TWST,2019-12-31,1
win_100,UPWK,2019-12-31,1
win_100,VAPO,2019-12-31,1
win_100,VCRA,2019-12-31,1
win_100,VRNS,2019-12-31,2
win_100,VSLR,2019-12-31,2
win_100,VSTO,2019-12-31,1
win_100,VVNT,2019-12-31,2
win_100,W,2019-12-31,2
win_100,WK,2019-12-31,2
win_100,WMS,2019-12-31,2
win_100,WOLF2,2019-12-31,1
win_100,XLRN,2019-12-31,2
win_100,XYZ,2019-12-31,2
win_100,ZG,2019-12-31,2
win_100,ZS,2019-12-31,2
win_100,AAMI,2020-01-31,1
win_100,AAWW,2020-01-31,1
win_100,ACH,2020-01-31,1
win_100,ACMR,2020-01-31,2
win_100,AGNT,2020-01-31,2
win_100,AKTSQ,2020-01-31,2
win_100,ALB,2020-01-31,2
win_100,ALGN,2020-01-31,2
win_100,ALRM,2020-01-31,2
win_100,AMC,2020-01-31,1
win_100,AMRC,2020-01-31,2
win_100,AMSC,2020-01-31,1
win_100,AOSL,2020-01-31,1
win_100,APPN,2020-01-31,2
win_100,APPS,2020-01-31,2
win_100,APT,2020-01-31,2
win_100,ARCB,2020-01-31,1
win_100,ATEC,2020-01-31,2
win_100,AVID,2020-01-31,1
win_100,AXON,2020-01-31,2
win_100,AZTA,2020-01-31,2
win_100,BAND,2020-01-31,2
win_100,BBBYQ,2020-01-31,1
win_100,BE,2020-01-31,1
win_100,BGS,2020-01-31,1
win_100,BIGGQ,2020-01-31,1
win_100,BJ,2020-01-31,1
win_100,BL,2020-01-31,2
win_100,BLFS,2020-01-31,1
win_100,BTAIQ,2020-01-31,2
win_100,BXC,2020-01-31,1
win_100,CALX,2020-01-31,2
win_100,CC,2020-01-31,1
win_100,CDMO,2020-01-31,2
win_100,CDNA,2020-01-31,1
win_100,CELH,2020-01-31,2
win_100,CEVA,2020-01-31,1
win_100,CHGG,2020-01-31,2
win_100,CLCT,2020-01-31,2
win_100,CLF,2020-01-31,1
win_100,COHR,2020-01-31,1
win_100,COOP,2020-01-31,1
win_100,CORT,2020-01-31,2
win_100,CRSP,2020-01-31,2
win_100,CTRN,2020-01-31,2
win_100,CVNA,2020-01-31,2
win_100,CWH,2020-01-31,2
win_100,CYRX,2020-01-31,2
win_100,DAR,2020-01-31,2
win_100,DDD,2020-01-31,1
win_100,DNLI,2020-01-31,2
win_100,DOCU,2020-01-31,2
win_100,DOMO,2020-01-31,1
win_100,DY,2020-01-31,1
win_100,EDIT,2020-01-31,2
win_100,EIDX,2020-01-31,2
win_100,ENPH,2020-01-31,2
win_100,EQT,2020-01-31,1
win_100,ESTC,2020-01-31,2
win_100,ETSY,2020-01-31,2
win_100,FATE,2020-01-31,2
win_100,FCX,2020-01-31,1
win_100,FIVN,2020-01-31,2
win_100,FIZZ,2020-01-31,1
win_100,FLGT,2020-01-31,2
win_100,FLNA,2020-01-31,1
win_100,FLWS,2020-01-31,2
win_100,FOLD,2020-01-31,1
win_100,FOSL,2020-01-31,1
win_100,FRPT,2020-01-31,2
win_100,FTSV,2020-01-31,2
win_100,GH,2020-01-31,2
win_100,GNMK,2020-01-31,1
win_100,GNRC,2020-01-31,2
win_100,GOGO,2020-01-31,1
win_100,GRTSQ,2020-01-31,1
win_100,GSHD,2020-01-31,2
win_100,HALO,2020-01-31,2
win_100,HIBB,2020-01-31,2
win_100,HOME,2020-01-31,1
win_100,HOV,2020-01-31,1
win_100,HUBS,2020-01-31,2
win_100,HZNP,2020-01-31,2
win_100,HZO,2020-01-31,2
win_100,IBRX,2020-01-31,1
win_100,IMMU,2020-01-31,2
win_100,IMVT,2020-01-31,2
win_100,INSG,2020-01-31,2
win_100,INSP,2020-01-31,2
win_100,IOVA,2020-01-31,2
win_100,IPHI,2020-01-31,2
win_100,IRBTQ,2020-01-31,1
win_100,JOE,2020-01-31,2
win_100,KOD,2020-01-31,2
win_100,KURA,2020-01-31,1
win_100,LAD,2020-01-31,2
win_100,LE,2020-01-31,1
win_100,LGND,2020-01-31,1
win_100,LLFLQ,2020-01-31,1
win_100,LOB,2020-01-31,2
win_100,LOGI,2020-01-31,2
win_100,LOVE,2020-01-31,1
win_100,LPRO,2020-01-31,2
win_100,LSCC,2020-01-31,2
win_100,MDB,2020-01-31,2
win_100,MED,2020-01-31,2
win_100,MGNI,2020-01-31,2
win_100,MGNX,2020-01-31,1
win_100,MODVQ,2020-01-31,2
win_100,MPWR,2020-01-31,2
win_100,MRNA,2020-01-31,2
win_100,MRSN,2020-01-31,1
win_100,MRTX,2020-01-31,2
win_100,MRVL,2020-01-31,2
win_100,MSTR,2020-01-31,2
win_100,MTSI,2020-01-31,2
win_100,MYOK,2020-01-31,2
win_100,NFE,2020-01-31,1
win_100,NKLAQ,2020-01-31,2
win_100,NSTGQ,2020-01-31,2
win_100,NTLA,2020-01-31,1
win_100,NTRA,2020-01-31,2
win_100,NUAN,2020-01-31,2
win_100,NVAX,2020-01-31,1
win_100,NVDA,2020-01-31,2
win_100,NVTAQ,2020-01-31,1
win_100,NXH,2020-01-31,1
win_100,OKTA,2020-01-31,2
win_100,ONC,2020-01-31,2
win_100,OSUR,2020-01-31,1
win_100,OTRKQ,2020-01-31,2
win_100,PENN,2020-01-31,2
win_100,PRLB,2020-01-31,2
win_100,PRPL,2020-01-31,2
win_100,PTGX,2020-01-31,1
win_100,PYPL,2020-01-31,2
win_100,QDEL,2020-01-31,2
win_100,QTRX,2020-01-31,1
win_100,QVCAQ,2020-01-31,1
win_100,RADCQ,2020-01-31,1
win_100,RARE,2020-01-31,2
win_100,RCKT,2020-01-31,2
win_100,RCM,2020-01-31,2
win_100,RDFN,2020-01-31,2
win_100,REGI,2020-01-31,2
win_100,REPL,2020-01-31,1
win_100,REZI,2020-01-31,1
win_100,RH,2020-01-31,2
win_100,ROKU,2020-01-31,2
win_100,RUN,2020-01-31,2
win_100,SAIA,2020-01-31,2
win_100,SAIL1,2020-01-31,2
win_100,SAM,2020-01-31,2
win_100,SEDG,2020-01-31,2
win_100,SFIX,2020-01-31,2
win_100,SGRY,2020-01-31,2
win_100,SLP,2020-01-31,2
win_100,SNAP,2020-01-31,2
win_100,SNBRQ,2020-01-31,2
win_100,SNDX,2020-01-31,2
win_100,SPWH,2020-01-31,2
win_100,SPWRQ,2020-01-31,1
win_100,SRRK,2020-01-31,1
win_100,STAA,2020-01-31,2
win_100,STMP,2020-01-31,1
win_100,STRO,2020-01-31,1
win_100,SWBI,2020-01-31,1
win_100,TBCH,2020-01-31,1
win_100,TBIO1,2020-01-31,1
win_100,TDOC,2020-01-31,2
win_100,TGTX,2020-01-31,2
win_100,TPB,2020-01-31,1
win_100,TPIC,2020-01-31,1
win_100,TRUP,2020-01-31,2
win_100,TSLA,2020-01-31,2
win_100,TTD,2020-01-31,2
win_100,TTGT,2020-01-31,2
win_100,TUPBQ,2020-01-31,1
win_100,TWLO,2020-01-31,2
win_100,TWOUQ,2020-01-31,1
win_100,TWST,2020-01-31,1
win_100,UIS,2020-01-31,1
win_100,UNFI,2020-01-31,1
win_100,UPWK,2020-01-31,1
win_100,VAPO,2020-01-31,1
win_100,VCEL,2020-01-31,2
win_100,VCYT,2020-01-31,2
win_100,VIVO1,2020-01-31,1
win_100,VNE,2020-01-31,1
win_100,VRNS,2020-01-31,2
win_100,VSLR,2020-01-31,2
win_100,VSTO,2020-01-31,1
win_100,W,2020-01-31,2
win_100,WK,2020-01-31,2
win_100,WOLF2,2020-01-31,1
win_100,XYZ,2020-01-31,2
win_100,YTENQ,2020-01-31,1
win_100,ZG,2020-01-31,2
win_100,ZS,2020-01-31,2
win_100,AAWW,2020-02-29,1
win_100,ABMD,2020-02-29,2
win_100,ACH,2020-02-29,1
win_100,ACMR,2020-02-29,2
win_100,ADPT,2020-02-29,1
win_100,ADTN,2020-02-29,1
win_100,AEO,2020-02-29,1
win_100,AGCO,2020-02-29,2
win_100,AGNT,2020-02-29,2
win_100,ALGN,2020-02-29,2
win_100,AMAT,2020-02-29,2
win_100,AMCX,2020-02-29,1
win_100,AMKR,2020-02-29,2
win_100,AMR,2020-02-29,1
win_100,AMRC,2020-02-29,2
win_100,AMSC,2020-02-29,1
win_100,ANF,2020-02-29,1
win_100,ANGI,2020-02-29,1
win_100,AOSL,2020-02-29,1
win_100,APPN,2020-02-29,2
win_100,APPS,2020-02-29,2
win_100,ARCB,2020-02-29,1
win_100,ARWR,2020-02-29,2
win_100,ASPN,2020-02-29,2
win_100,ATEC,2020-02-29,2
win_100,AVAV,2020-02-29,2
win_100,AVID,2020-02-29,1
win_100,AVYAQ,2020-02-29,1
win_100,AXON,2020-02-29,2
win_100,AZTA,2020-02-29,2
win_100,BALY,2020-02-29,1
win_100,BAND,2020-02-29,2
win_100,BBBYQ,2020-02-29,1
win_100,BBWI,2020-02-29,1
win_100,BCOV,2020-02-29,1
win_100,BE,2020-02-29,1
win_100,BGS,2020-02-29,1
win_100,BIGGQ,2020-02-29,1
win_100,BJ,2020-02-29,1
win_100,BLFS,2020-02-29,1
win_100,BMCH,2020-02-29,2
win_100,BXC,2020-02-29,1
win_100,BYD,2020-02-29,2
win_100,CALX,2020-02-29,2
win_100,CDMO,2020-02-29,2
win_100,CDNA,2020-02-29,2
win_100,CDNS,2020-02-29,2
win_100,CELH,2020-02-29,2
win_100,CENX,2020-02-29,1
win_100,CEVA,2020-02-29,2
win_100,CHGG,2020-02-29,2
win_100,CLCT,2020-02-29,2
win_100,CLF,2020-02-29,1
win_100,CNX,2020-02-29,1
win_100,COHR,2020-02-29,1
win_100,COHU,2020-02-29,2
win_100,COOP,2020-02-29,2
win_100,COUP,2020-02-29,2
win_100,COWN,2020-02-29,1
win_100,CPS,2020-02-29,1
win_100,CRMD,2020-02-29,1
win_100,CROX,2020-02-29,2
win_100,CRSP,2020-02-29,2
win_100,CRTO,2020-02-29,1
win_100,CTB,2020-02-29,1
win_100,CTLT,2020-02-29,2
win_100,CTRN,2020-02-29,2
win_100,CVNA,2020-02-29,2
win_100,CWH,2020-02-29,1
win_100,CYRX,2020-02-29,2
win_100,DAR,2020-02-29,2
win_100,DBDQQ,2020-02-29,1
win_100,DDD,2020-02-29,1
win_100,DE,2020-02-29,2
win_100,DELL,2020-02-29,2
win_100,DFIN,2020-02-29,1
win_100,DKS,2020-02-29,2
win_100,DLTH,2020-02-29,1
win_100,DNLI,2020-02-29,1
win_100,DOCU,2020-02-29,2
win_100,DOMO,2020-02-29,1
win_100,DY,2020-02-29,1
win_100,EAT,2020-02-29,2
win_100,ECOM,2020-02-29,2
win_100,EIDX,2020-02-29,2
win_100,ENPH,2020-02-29,2
win_100,EQT,2020-02-29,1
win_100,ESTA,2020-02-29,1
win_100,ETD,2020-02-29,1
win_100,ETSY,2020-02-29,2
win_100,EVH,2020-02-29,1
win_100,FATE,2020-02-29,2
win_100,FCX,2020-02-29,1
win_100,FIVN,2020-02-29,2
win_100,FIZZ,2020-02-29,1
win_100,FLGT,2020-02-29,2
win_100,FLNA,2020-02-29,1
win_100,FORM,2020-02-29,2
win_100,FOXF,2020-02-29,2
win_100,FRHC,2020-02-29,1
win_100,FRPT,2020-02-29,2
win_100,FSRNQ,2020-02-29,2
win_100,GBX,2020-02-29,1
win_100,GKOS,2020-02-29,1
win_100,GNRC,2020-02-29,2
win_100,GPRE,2020-02-29,1
win_100,GRWG,2020-02-29,2
win_100,GSHD,2020-02-29,2
win_100,GTLS,2020-02-29,2
win_100,GWPH,2020-02-29,2
win_100,HALO,2020-02-29,2
win_100,HI,2020-02-29,1
win_100,HIBB,2020-02-29,2
win_100,HOME,2020-02-29,1
win_100,HOV,2020-02-29,1
win_100,HRI,2020-02-29,1
win_100,HUBS,2020-02-29,2
win_100,HVT,2020-02-29,1
win_100,HZNP,2020-02-29,2
win_100,HZO,2020-02-29,2
win_100,IDXX,2020-02-29,2
win_100,IMMU,2020-02-29,2
win_100,INSG,2020-02-29,2
win_100,INSP,2020-02-29,2
win_100,IPHI,2020-02-29,2
win_100,IRBTQ,2020-02-29,1
win_100,JOE,2020-02-29,2
win_100,JYNT,2020-02-29,2
win_100,KALV,2020-02-29,1
win_100,KLAC,2020-02-29,2
win_100,KLIC,2020-02-29,2
win_100,KOD,2020-02-29,2
win_100,KRA,2020-02-29,1
win_100,KURA,2020-02-29,1
win_100,LAD,2020-02-29,2
win_100,LASR,2020-02-29,1
win_100,LDL,2020-02-29,1
win_100,LE,2020-02-29,1
win_100,LLFLQ,2020-02-29,1
win_100,LNWO,2020-02-29,1
win_100,LOB,2020-02-29,2
win_100,LOGI,2020-02-29,2
win_100,LOVE,2020-02-29,1
win_100,LPRO,2020-02-29,2
win_100,LPSN,2020-02-29,2
win_100,LSCC,2020-02-29,2
win_100,LTHM,2020-02-29,2
win_100,MATX,2020-02-29,2
win_100,MDB,2020-02-29,2
win_100,MDRX,2020-02-29,1
win_100,MED,2020-02-29,2
win_100,MGNI,2020-02-29,2
win_100,MGNX,2020-02-29,1
win_100,MGPI,2020-02-29,1
win_100,MODVQ,2020-02-29,2
win_100,MORF,2020-02-29,1
win_100,MPWR,2020-02-29,2
win_100,MRNA,2020-02-29,2
win_100,MRSN,2020-02-29,2
win_100,MRTX,2020-02-29,2
win_100,MRVL,2020-02-29,2
win_100,MSTR,2020-02-29,2
win_100,MTCH,2020-02-29,2
win_100,MTDR,2020-02-29,1
win_100,MTSI,2020-02-29,2
win_100,MXL,2020-02-29,1
win_100,MYOK,2020-02-29,2
win_100,MYOV,2020-02-29,1
win_100,MYRG,2020-02-29,1
win_100,NFE,2020-02-29,2
win_100,NGVC,2020-02-29,1
win_100,NOVA,2020-02-29,2
win_100,NSLR,2020-02-29,1
win_100,NTGR,2020-02-29,1
win_100,NTLA,2020-02-29,1
win_100,NTRA,2020-02-29,2
win_100,NUAN,2020-02-29,2
win_100,NUS,2020-02-29,1
win_100,NVAX,2020-02-29,1
win_100,NVCR,2020-02-29,2
win_100,NVDA,2020-02-29,2
win_100,NXH,2020-02-29,1
win_100,OBCI,2020-02-29,1
win_100,OFLX,2020-02-29,2
win_100,OKTA,2020-02-29,2
win_100,ON,2020-02-29,2
win_100,ONC,2020-02-29,2
win_100,ONTO,2020-02-29,2
win_100,OTRKQ,2020-02-29,2
win_100,OVV,2020-02-29,1
win_100,PAR,2020-02-29,2
win_100,PENN,2020-02-29,2
win_100,PI,2020-02-29,2
win_100,PINS,2020-02-29,2
win_100,PLSE,2020-02-29,1
win_100,POLY,2020-02-29,1
win_100,POWI,2020-02-29,2
win_100,PRPL,2020-02-29,2
win_100,PRTA,2020-02-29,1
win_100,PSKY,2020-02-29,1
win_100,PTGX,2020-02-29,1
win_100,PWR,2020-02-29,2
win_100,PYPL,2020-02-29,2
win_100,QDEL,2020-02-29,2
win_100,QTRX,2020-02-29,1
win_100,QVCAQ,2020-02-29,1
win_100,RARE,2020-02-29,2
win_100,RCKT,2020-02-29,2
win_100,RCM,2020-02-29,2
win_100,RCUS,2020-02-29,1
win_100,RDFN,2020-02-29,2
win_100,RDUS,2020-02-29,1
win_100,REGI,2020-02-29,2
win_100,REPL,2020-02-29,1
win_100,REZI,2020-02-29,1
win_100,RGEN,2020-02-29,2
win_100,RH,2020-02-29,2
win_100,RICK,2020-02-29,1
win_100,RILY,2020-02-29,2
win_100,RJET,2020-02-29,1
win_100,ROKU,2020-02-29,2
win_100,RUN,2020-02-29,2
win_100,RVLV,2020-02-29,1
win_100,SAIA,2020-02-29,2
win_100,SAIL1,2020-02-29,2
win_100,SAM,2020-02-29,2
win_100,SCCO,2020-02-29,2
win_100,SEDG,2020-02-29,2
win_100,SFIX,2020-02-29,2
win_100,SGRY,2020-02-29,2
win_100,SHYF,2020-02-29,2
win_100,SIG,2020-02-29,1
win_100,SIVBQ,2020-02-29,2
win_100,SLP,2020-02-29,2
win_100,SM,2020-02-29,1
win_100,SMED,2020-02-29,2
win_100,SMG,2020-02-29,2
win_100,SNAP,2020-02-29,2
win_100,SNBRQ,2020-02-29,2
win_100,SNDX,2020-02-29,2
win_100,SONO,2020-02-29,2
win_100,SPWH,2020-02-29,1
win_100,SPWRQ,2020-02-29,2
win_100,SRRK,2020-02-29,1
win_100,SSTK,2020-02-29,2
win_100,STAA,2020-02-29,2
win_100,SWBI,2020-02-29,1
win_100,SYNA,2020-02-29,2
win_100,TBCH,2020-02-29,1
win_100,TBIO1,2020-02-29,1
win_100,TDC,2020-02-29,1
win_100,TER,2020-02-29,2
win_100,TFIN,2020-02-29,2
win_100,TGTX,2020-02-29,2
win_100,TITN,2020-02-29,1
win_100,TPIC,2020-02-29,2
win_100,TRIL1,2020-02-29,1
win_100,TRIP,2020-02-29,1
win_100,TROX,2020-02-29,1
win_100,TRUP,2020-02-29,2
win_100,TSLA,2020-02-29,2
win_100,TTD,2020-02-29,2
win_100,TTEC,2020-02-29,2
win_100,TTGT,2020-02-29,2
win_100,TWLO,2020-02-29,2
win_100,TWST,2020-02-29,2
win_100,TWTR,2020-02-29,2
win_100,UCTT,2020-02-29,2
win_100,UI,2020-02-29,2
win_100,UNFI,2020-02-29,1
win_100,UPBD,2020-02-29,2
win_100,UPWK,2020-02-29,1
win_100,URI,2020-02-29,2
win_100,VAPO,2020-02-29,1
win_100,VCEL,2020-02-29,2
win_100,VCYT,2020-02-29,2
win_100,VICR,2020-02-29,2
win_100,VIVO1,2020-02-29,1
win_100,VMI,2020-02-29,2
win_100,VNE,2020-02-29,1
win_100,VRNS,2020-02-29,2
win_100,VRTS,2020-02-29,2
win_100,VSLR,2020-02-29,2
win_100,VSTO,2020-02-29,1
win_100,W,2020-02-29,1
win_100,WAL,2020-02-29,2
win_100,WBD,2020-02-29,2
win_100,WK,2020-02-29,2
win_100,WMS,2020-02-29,2
win_100,WOLF2,2020-02-29,2
win_100,WOR,2020-02-29,1
win_100,WOW,2020-02-29,1
win_100,WSM,2020-02-29,2
win_100,X,2020-02-29,1
win_100,XYZ,2020-02-29,2
win_100,YETI,2020-02-29,2
win_100,YTENQ,2020-02-29,1
win_100,ZBRA,2020-02-29,2
win_100,ZG,2020-02-29,2
win_100,ZS,2020-02-29,2
win_100,AA,2020-03-31,1
win_100,AAMI,2020-03-31,1
win_100,AAWW,2020-03-31,1
win_100,AB,2020-03-31,1
win_100,ABCB,2020-03-31,1
win_100,ABG,2020-03-31,1
win_100,ABM,2020-03-31,1
win_100,ABMD,2020-03-31,2
win_100,ACBI,2020-03-31,1
win_100,ACH,2020-03-31,1
win_100,ACHC,2020-03-31,1
win_100,ACLS,2020-03-31,2
win_100,ACM,2020-03-31,2
win_100,ACMR,2020-03-31,2
win_100,ADNT,2020-03-31,1
win_100,ADTN,2020-03-31,1
win_100,AEIS,2020-03-31,2
win_100,AEO,2020-03-31,1
win_100,AES,2020-03-31,2
win_100,AGCO,2020-03-31,1
win_100,AGNT,2020-03-31,2
win_100,AGYS,2020-03-31,2
win_100,AHCO,2020-03-31,2
win_100,AIMC,2020-03-31,1
win_100,AIMT,2020-03-31,1
win_100,AIR,2020-03-31,1
win_100,AIT,2020-03-31,2
win_100,AKTSQ,2020-03-31,1
win_100,AL,2020-03-31,1
win_100,ALB,2020-03-31,2
win_100,ALBO,2020-03-31,1
win_100,ALGN,2020-03-31,2
win_100,ALGT,2020-03-31,1
win_100,ALK,2020-03-31,1
win_100,ALLK,2020-03-31,1
win_100,ALLY,2020-03-31,1
win_100,ALNT,2020-03-31,1
win_100,ALRM,2020-03-31,2
win_100,ALTA,2020-03-31,1
win_100,ALTR,2020-03-31,2
win_100,ALV,2020-03-31,2
win_100,AMAG,2020-03-31,1
win_100,AMAT,2020-03-31,2
win_100,AMBA,2020-03-31,2
win_100,AMCX,2020-03-31,1
win_100,AMG,2020-03-31,1
win_100,AMKR,2020-03-31,2
win_100,AMP,2020-03-31,2
win_100,AMRC,2020-03-31,2
win_100,AMSC,2020-03-31,1
win_100,AMWD,2020-03-31,1
win_100,AN,2020-03-31,2
win_100,ANF,2020-03-31,1
win_100,ANGI,2020-03-31,1
win_100,ANGO,2020-03-31,1
win_100,AOSL,2020-03-31,1
win_100,APAM,2020-03-31,2
win_100,APOG,2020-03-31,1
win_100,APPN,2020-03-31,2
win_100,AQUA,2020-03-31,2
win_100,ARCB,2020-03-31,1
win_100,ARCT,2020-03-31,2
win_100,ARW,2020-03-31,2
win_100,ARWR,2020-03-31,2
win_100,ASIX,2020-03-31,1
win_100,ASTE,2020-03-31,2
win_100,ASTH,2020-03-31,1
win_100,ATH,2020-03-31,1
win_100,ATI,2020-03-31,1
win_100,ATKR,2020-03-31,1
win_100,AVGO,2020-03-31,2
win_100,AVID,2020-03-31,2
win_100,AVNT,2020-03-31,1
win_100,AVTR,2020-03-31,1
win_100,AVYAQ,2020-03-31,1
win_100,AX,2020-03-31,1
win_100,AXNX,2020-03-31,2
win_100,AXON,2020-03-31,2
win_100,AZTA,2020-03-31,2
win_100,BALY,2020-03-31,1
win_100,BANC,2020-03-31,1
win_100,BANF,2020-03-31,1
win_100,BBIO,2020-03-31,2
win_100,BBWI,2020-03-31,1
win_100,BBY,2020-03-31,2
win_100,BC,2020-03-31,2
win_100,BCC,2020-03-31,2
win_100,BCOV,2020-03-31,1
win_100,BE,2020-03-31,1
win_100,BECN,2020-03-31,1
win_100,BFH,2020-03-31,1
win_100,BG,2020-03-31,2
win_100,BH,2020-03-31,1
win_100,BHC,2020-03-31,2
win_100,BHVN1,2020-03-31,2
win_100,BIGGQ,2020-03-31,1
win_100,BJRI,2020-03-31,1
win_100,BKE,2020-03-31,2
win_100,BKR,2020-03-31,1
win_100,BKU,2020-03-31,1
win_100,BL,2020-03-31,2
win_100,BLBD,2020-03-31,1
win_100,BLD,2020-03-31,2
win_100,BLDR,2020-03-31,1
win_100,BLFS,2020-03-31,1
win_100,BLMN,2020-03-31,1
win_100,BMCH,2020-03-31,2
win_100,BOKF,2020-03-31,1
win_100,BOOM,2020-03-31,1
win_100,BOOT,2020-03-31,1
win_100,BPOP,2020-03-31,1
win_100,BY,2020-03-31,1
win_100,BYD,2020-03-31,1
win_100,BZH,2020-03-31,1
win_100,CADE3,2020-03-31,1
win_100,CAI1,2020-03-31,1
win_100,CAKE,2020-03-31,1
win_100,CAL,2020-03-31,1
win_100,CALX,2020-03-31,2
win_100,CALY,2020-03-31,1
win_100,CAPL,2020-03-31,1
win_100,CAR,2020-03-31,1
win_100,CASH,2020-03-31,2
win_100,CAT,2020-03-31,2
win_100,CBRE,2020-03-31,2
win_100,CBRL,2020-03-31,1
win_100,CBT,2020-03-31,1
win_100,CC,2020-03-31,1
win_100,CCL,2020-03-31,1
win_100,CCS,2020-03-31,1
win_100,CDLX,2020-03-31,2
win_100,CDMO,2020-03-31,1
win_100,CDNA,2020-03-31,2
win_100,CDNS,2020-03-31,2
win_100,CDXS,2020-03-31,1
win_100,CE,2020-03-31,2
win_100,CENT,2020-03-31,2
win_100,CEVA,2020-03-31,2
win_100,CFG,2020-03-31,1
win_100,CFR,2020-03-31,1
win_100,CGBD,2020-03-31,1
win_100,CGC,2020-03-31,1
win_100,CGNX,2020-03-31,2
win_100,CHDN,2020-03-31,2
win_100,CHEF,2020-03-31,1
win_100,CHGG,2020-03-31,2
win_100,CHUY,2020-03-31,1
win_100,CHX,2020-03-31,1
win_100,CIR1,2020-03-31,1
win_100,CIT,2020-03-31,1
win_100,CIVI,2020-03-31,1
win_100,CLB,2020-03-31,1
win_100,CLCT,2020-03-31,2
win_100,CLGX,2020-03-31,2
win_100,CLR,2020-03-31,1
win_100,CMA,2020-03-31,1
win_100,CMC,2020-03-31,2
win_100,CMCO,2020-03-31,1
win_100,CMD,2020-03-31,1
win_100,CMG,2020-03-31,2
win_100,CNH,2020-03-31,1
win_100,CNK,2020-03-31,1
win_100,CNMD,2020-03-31,2
win_100,CNO,2020-03-31,1
win_100,CNX,2020-03-31,1
win_100,COF,2020-03-31,1
win_100,COHR,2020-03-31,1
win_100,COHR1,2020-03-31,2
win_100,COHU,2020-03-31,1
win_100,COOP,2020-03-31,1
win_100,CORT,2020-03-31,2
win_100,COWN,2020-03-31,1
win_100,CPRI,2020-03-31,1
win_100,CPS,2020-03-31,1
win_100,CRAI,2020-03-31,1
win_100,CRL,2020-03-31,2
win_100,CRMT,2020-03-31,2
win_100,CROX,2020-03-31,2
win_100,CRS,2020-03-31,1
win_100,CRSP,2020-03-31,2
win_100,CRTO,2020-03-31,1
win_100,CRWD,2020-03-31,2
win_100,CSV,2020-03-31,1
win_100,CSW,2020-03-31,2
win_100,CSWC,2020-03-31,1
win_100,CTB,2020-03-31,1
win_100,CTLT,2020-03-31,2
win_100,CTRN,2020-03-31,1
win_100,CUBI,2020-03-31,1
win_100,CUROQ,2020-03-31,1
win_100,CUTRQ,2020-03-31,1
win_100,CVET,2020-03-31,1
win_100,CVLG,2020-03-31,1
win_100,CVNA,2020-03-31,2
win_100,CWH,2020-03-31,1
win_100,CYRX,2020-03-31,2
win_100,CZR,2020-03-31,1
win_100,DAN,2020-03-31,1
win_100,DAR,2020-03-31,2
win_100,DCO,2020-03-31,1
win_100,DD,2020-03-31,1
win_100,DDD,2020-03-31,1
win_100,DDS,2020-03-31,1
win_100,DE,2020-03-31,2
win_100,DECK,2020-03-31,2
win_100,DELL,2020-03-31,2
win_100,DENN,2020-03-31,1
win_100,DFIN,2020-03-31,1
win_100,DFS,2020-03-31,1
win_100,DHI,2020-03-31,2
win_100,DIN,2020-03-31,1
win_100,DKL,2020-03-31,1
win_100,DKNG,2020-03-31,2
win_100,DKS,2020-03-31,1
win_100,DLPH,2020-03-31,1
win_100,DMRC,2020-03-31,1
win_100,DNKN,2020-03-31,2
win_100,DNLI,2020-03-31,1
win_100,DOCU,2020-03-31,2
win_100,DOMO,2020-03-31,1
win_100,DOOR,2020-03-31,2
win_100,DRI,2020-03-31,1
win_100,DVN,2020-03-31,1
win_100,DXC,2020-03-31,1
win_100,DXPE,2020-03-31,1
win_100,DY,2020-03-31,1
win_100,EAT,2020-03-31,1
win_100,EB,2020-03-31,1
win_100,EBAY,2020-03-31,2
win_100,EBIXQ,2020-03-31,1
win_100,ECOM,2020-03-31,1
win_100,EDIT,2020-03-31,2
win_100,EFOR,2020-03-31,1
win_100,EGHT,2020-03-31,1
win_100,EIDX,2020-03-31,2
win_100,ELF,2020-03-31,1
win_100,EMN,2020-03-31,2
win_100,ENOV,2020-03-31,1
win_100,ENPH,2020-03-31,2
win_100,ENSG,2020-03-31,2
win_100,ENTG,2020-03-31,2
win_100,ENVA,2020-03-31,1
win_100,EOG,2020-03-31,1
win_100,EPAM,2020-03-31,2
win_100,EQH,2020-03-31,1
win_100,EQT,2020-03-31,1
win_100,ERII,2020-03-31,2
win_100,ESI,2020-03-31,2
win_100,ESTA,2020-03-31,1
win_100,ETD,2020-03-31,1
win_100,ETSY,2020-03-31,2
win_100,EV1,2020-03-31,2
win_100,EVH,2020-03-31,1
win_100,EVR,2020-03-31,1
win_100,EWBC,2020-03-31,1
win_100,EXAS,2020-03-31,2
win_100,EXP,2020-03-31,1
win_100,EXPE,2020-03-31,2
win_100,EYE,2020-03-31,2
win_100,FANG,2020-03-31,1
win_100,FATE,2020-03-31,2
win_100,FBC,2020-03-31,1
win_100,FBIN,2020-03-31,2
win_100,FBK,2020-03-31,1
win_100,FBP,2020-03-31,1
win_100,FCNCA,2020-03-31,2
win_100,FCX,2020-03-31,1
win_100,FDUS,2020-03-31,1
win_100,FDX,2020-03-31,2
win_100,FFWM,2020-03-31,1
win_100,FHN,2020-03-31,1
win_100,FITB,2020-03-31,1
win_100,FIVE,2020-03-31,2
win_100,FIVN,2020-03-31,2
win_100,FIX,2020-03-31,2
win_100,FIZZ,2020-03-31,2
win_100,FL,2020-03-31,1
win_100,FLEX,2020-03-31,2
win_100,FLGT,2020-03-31,2
win_100,FLOW2,2020-03-31,1
win_100,FLR,2020-03-31,1
win_100,FLWS,2020-03-31,2
win_100,FND,2020-03-31,2
win_100,FOR,2020-03-31,1
win_100,FORM,2020-03-31,2
win_100,FOXF,2020-03-31,2
win_100,FRHC,2020-03-31,1
win_100,FRPT,2020-03-31,2
win_100,FRTA,2020-03-31,1
win_100,FSLR,2020-03-31,2
win_100,FSLY,2020-03-31,1
win_100,FTAI,2020-03-31,1
win_100,FUL,2020-03-31,1
win_100,FUN,2020-03-31,1
win_100,GAP,2020-03-31,1
win_100,GBX,2020-03-31,1
win_100,GCO,2020-03-31,1
win_100,GDEN,2020-03-31,1
win_100,GES,2020-03-31,1
win_100,GFF,2020-03-31,1
win_100,GH,2020-03-31,2
win_100,GIC,2020-03-31,2
win_100,GIII,2020-03-31,1
win_100,GKOS,2020-03-31,1
win_100,GLP,2020-03-31,1
win_100,GLW,2020-03-31,2
win_100,GM,2020-03-31,1
win_100,GMS,2020-03-31,1
win_100,GNRC,2020-03-31,2
win_100,GPI,2020-03-31,1
win_100,GRBK,2020-03-31,1
win_100,GS,2020-03-31,2
win_100,GSHD,2020-03-31,2
win_100,GT,2020-03-31,1
win_100,GTES,2020-03-31,1
win_100,GTHX,2020-03-31,1
win_100,GTLS,2020-03-31,1
win_100,GVA,2020-03-31,1
win_100,GWPH,2020-03-31,1
win_100,HA,2020-03-31,1
win_100,HAL,2020-03-31,1
win_100,HALO,2020-03-31,2
win_100,HAPN,2020-03-31,1
win_100,HASI,2020-03-31,2
win_100,HBAN,2020-03-31,1
win_100,HBI,2020-03-31,1
win_100,HCA,2020-03-31,2
win_100,HEES,2020-03-31,1
win_100,HES,2020-03-31,1
win_100,HESM,2020-03-31,1
win_100,HGV,2020-03-31,1
win_100,HI,2020-03-31,1
win_100,HIBB,2020-03-31,1
win_100,HOFT,2020-03-31,1
win_100,HOG,2020-03-31,1
win_100,HOLX,2020-03-31,2
win_100,HOMB,2020-03-31,1
win_100,HOV,2020-03-31,1
win_100,HRI,2020-03-31,1
win_100,HSKA,2020-03-31,2
win_100,HTGC,2020-03-31,1
win_100,HTH,2020-03-31,1
win_100,HUBS,2020-03-31,2
win_100,HUN,2020-03-31,1
win_100,HVT,2020-03-31,1
win_100,HWC,2020-03-31,1
win_100,HWM,2020-03-31,2
win_100,HY,2020-03-31,1
win_100,HZNP,2020-03-31,2
win_100,HZO,2020-03-31,1
win_100,IBP,2020-03-31,2
win_100,IBTX,2020-03-31,1
win_100,ICAD,2020-03-31,2
win_100,ICHR,2020-03-31,2
win_100,IDXX,2020-03-31,2
win_100,IESC,2020-03-31,2
win_100,IIIN,2020-03-31,1
win_100,IMAX,2020-03-31,1
win_100,IMMU,2020-03-31,2
win_100,INSM,2020-03-31,1
win_100,INSP,2020-03-31,2
win_100,IPHI,2020-03-31,2
win_100,IRBTQ,2020-03-31,1
win_100,ITCI,2020-03-31,1
win_100,ITT,2020-03-31,2
win_100,IVZ,2020-03-31,1
win_100,JACK,2020-03-31,1
win_100,JBL,2020-03-31,2
win_100,JBLU,2020-03-31,1
win_100,JCI,2020-03-31,2
win_100,JELD,2020-03-31,1
win_100,JHG,2020-03-31,2
win_100,JOE,2020-03-31,2
win_100,JOUT,2020-03-31,2
win_100,JWN,2020-03-31,1
win_100,JYNT,2020-03-31,2
win_100,KAI,2020-03-31,2
win_100,KALV,2020-03-31,1
win_100,KBH,2020-03-31,1
win_100,KE,2020-03-31,1
win_100,KEY,2020-03-31,1
win_100,KFRC,2020-03-31,2
win_100,KFY,2020-03-31,1
win_100,KKR,2020-03-31,2
win_100,KLAC,2020-03-31,2
win_100,KLIC,2020-03-31,2
win_100,KMT,2020-03-31,1
win_100,KMX,2020-03-31,2
win_100,KOD,2020-03-31,2
win_100,KOP,2020-03-31,1
win_100,KRA,2020-03-31,1
win_100,KSS,2020-03-31,1
win_100,KSU,2020-03-31,2
win_100,KTB,2020-03-31,1
win_100,KURA,2020-03-31,1
win_100,LAD,2020-03-31,2
win_100,LASR,2020-03-31,1
win_100,LAZRQ,2020-03-31,2
win_100,LCII,2020-03-31,2
win_100,LDL,2020-03-31,1
win_100,LE,2020-03-31,1
win_100,LEA,2020-03-31,2
win_100,LEN,2020-03-31,2
win_100,LFUS,2020-03-31,2
win_100,LGF.B,2020-03-31,1
win_100,LGIH,2020-03-31,2
win_100,LGND,2020-03-31,1
win_100,LH,2020-03-31,2
win_100,LKQ,2020-03-31,2
win_100,LNC,2020-03-31,1
win_100,LNG,2020-03-31,2
win_100,LNWO,2020-03-31,1
win_100,LOB,2020-03-31,1
win_100,LOGI,2020-03-31,2
win_100,LORL,2020-03-31,1
win_100,LOVE,2020-03-31,1
win_100,LOW,2020-03-31,2
win_100,LPLA,2020-03-31,2
win_100,LPRO,2020-03-31,2
win_100,LPSN,2020-03-31,2
win_100,LPX,2020-03-31,1
win_100,LRCX,2020-03-31,2
win_100,LSCC,2020-03-31,2
win_100,LTHM,2020-03-31,1
win_100,LVGO,2020-03-31,2
win_100,LYB,2020-03-31,2
win_100,LYFT,2020-03-31,1
win_100,LZB,2020-03-31,1
win_100,MAIN,2020-03-31,1
win_100,MANH,2020-03-31,2
win_100,MAT,2020-03-31,1
win_100,MATX,2020-03-31,2
win_100,MAXR,2020-03-31,1
win_100,MBUU,2020-03-31,2
win_100,MC,2020-03-31,2
win_100,MCFT,2020-03-31,1
win_100,MCHB,2020-03-31,1
win_100,MCHP,2020-03-31,2
win_100,MCRI,2020-03-31,1
win_100,MD,2020-03-31,1
win_100,MDC,2020-03-31,1
win_100,MDP,2020-03-31,1
win_100,MDRX,2020-03-31,1
win_100,MED,2020-03-31,2
win_100,MEDP,2020-03-31,2
win_100,MERC,2020-03-31,1
win_100,MET,2020-03-31,2
win_100,MFIC,2020-03-31,1
win_100,MGM,2020-03-31,1
win_100,MGNI,2020-03-31,1
win_100,MGNX,2020-03-31,1
win_100,MGPI,2020-03-31,1
win_100,MHK,2020-03-31,1
win_100,MHO,2020-03-31,1
win_100,MIDD,2020-03-31,1
win_100,MKSI,2020-03-31,2
win_100,MODVQ,2020-03-31,2
win_100,MORF,2020-03-31,1
win_100,MOS,2020-03-31,1
win_100,MOV,2020-03-31,1
win_100,MPC,2020-03-31,1
win_100,MPLX,2020-03-31,1
win_100,MPWR,2020-03-31,2
win_100,MRNA,2020-03-31,2
win_100,MRSN,2020-03-31,1
win_100,MRTX,2020-03-31,2
win_100,MRVL,2020-03-31,2
win_100,MS,2020-03-31,2
win_100,MSB,2020-03-31,1
win_100,MSON,2020-03-31,1
win_100,MSTR,2020-03-31,2
win_100,MTCH,2020-03-31,2
win_100,MTG,2020-03-31,1
win_100,MTH,2020-03-31,2
win_100,MTOR,2020-03-31,1
win_100,MTSC,2020-03-31,1
win_100,MTSI,2020-03-31,2
win_100,MTW,2020-03-31,1
win_100,MTX,2020-03-31,1
win_100,MTZ,2020-03-31,1
win_100,MU,2020-03-31,2
win_100,MUR,2020-03-31,1
win_100,MX,2020-03-31,2
win_100,MXL,2020-03-31,1
win_100,MYGN,2020-03-31,1
win_100,MYOK,2020-03-31,2
win_100,MYOV,2020-03-31,1
win_100,MYRG,2020-03-31,1
win_100,NAV,2020-03-31,1
win_100,NAVI,2020-03-31,1
win_100,NCLH,2020-03-31,1
win_100,NESR,2020-03-31,1
win_100,NEWT,2020-03-31,1
win_100,NFE,2020-03-31,1
win_100,NGHC,2020-03-31,2
win_100,NGM,2020-03-31,1
win_100,NGVC,2020-03-31,1
win_100,NGVT,2020-03-31,1
win_100,NLSN,2020-03-31,1
win_100,NMFC,2020-03-31,1
win_100,NMIH,2020-03-31,1
win_100,NOVA,2020-03-31,1
win_100,NPO,2020-03-31,1
win_100,NS,2020-03-31,1
win_100,NSIT,2020-03-31,2
win_100,NSLR,2020-03-31,1
win_100,NSP,2020-03-31,1
win_100,NSSC,2020-03-31,1
win_100,NSTGQ,2020-03-31,2
win_100,NTLA,2020-03-31,1
win_100,NTRA,2020-03-31,2
win_100,NUAN,2020-03-31,2
win_100,NUE,2020-03-31,2
win_100,NUS,2020-03-31,1
win_100,NVAX,2020-03-31,1
win_100,NVDA,2020-03-31,2
win_100,NVEE,2020-03-31,1
win_100,NVRI1,2020-03-31,1
win_100,NVTAQ,2020-03-31,1
win_100,NWL,2020-03-31,1
win_100,NWSA,2020-03-31,1
win_100,NX,2020-03-31,1
win_100,NXPI,2020-03-31,2
win_100,NXST,2020-03-31,1
win_100,OBK,2020-03-31,1
win_100,OC,2020-03-31,1
win_100,OEC,2020-03-31,1
win_100,OFG,2020-03-31,1
win_100,OI,2020-03-31,1
win_100,OKE,2020-03-31,1
win_100,OLN,2020-03-31,1
win_100,OMF,2020-03-31,1
win_100,ON,2020-03-31,1
win_100,ONC,2020-03-31,2
win_100,ONTO,2020-03-31,2
win_100,OPY,2020-03-31,1
win_100,OTRKQ,2020-03-31,2
win_100,OXFD,2020-03-31,1
win_100,OXM,2020-03-31,1
win_100,OXY,2020-03-31,1
win_100,PACW,2020-03-31,1
win_100,PAG,2020-03-31,1
win_100,PAR,2020-03-31,1
win_100,PATK,2020-03-31,1
win_100,PBFX,2020-03-31,1
win_100,PCRX,2020-03-31,2
win_100,PCTY,2020-03-31,2
win_100,PD,2020-03-31,1
win_100,PDCE,2020-03-31,1
win_100,PDCO,2020-03-31,2
win_100,PE,2020-03-31,1
win_100,PENN,2020-03-31,1
win_100,PFC,2020-03-31,1
win_100,PFG,2020-03-31,1
win_100,PFGC,2020-03-31,1
win_100,PFSI,2020-03-31,2
win_100,PGTI,2020-03-31,1
win_100,PH,2020-03-31,2
win_100,PHM,2020-03-31,2
win_100,PI,2020-03-31,1
win_100,PII,2020-03-31,2
win_100,PINS,2020-03-31,2
win_100,PIPR,2020-03-31,1
win_100,PLAY,2020-03-31,1
win_100,PLCE,2020-03-31,1
win_100,PNFP,2020-03-31,1
win_100,PNR,2020-03-31,2
win_100,POLY,2020-03-31,1
win_100,PPBI,2020-03-31,1
win_100,PRFT,2020-03-31,2
win_100,PRG,2020-03-31,1
win_100,PRIM,2020-03-31,1
win_100,PRKS,2020-03-31,1
win_100,PRPL,2020-03-31,1
win_100,PRTA,2020-03-31,1
win_100,PS1,2020-03-31,1
win_100,PSKY,2020-03-31,1
win_100,PSNL,2020-03-31,1
win_100,PTC,2020-03-31,2
win_100,PTGX,2020-03-31,1
win_100,PTLA,2020-03-31,1
win_100,PVH,2020-03-31,1
win_100,PWR,2020-03-31,2
win_100,PXD,2020-03-31,1
win_100,PYPL,2020-03-31,2
win_100,QCOM,2020-03-31,2
win_100,QNST,2020-03-31,1
win_100,QRVO,2020-03-31,2
win_100,QTRX,2020-03-31,1
win_100,QUOT,2020-03-31,1
win_100,QVCAQ,2020-03-31,1
win_100,R,2020-03-31,1
win_100,RARE,2020-03-31,2
win_100,RBNC,2020-03-31,1
win_100,RCKT,2020-03-31,2
win_100,RCL,2020-03-31,1
win_100,RCM,2020-03-31,2
win_100,RCUS,2020-03-31,2
win_100,RDFN,2020-03-31,2
win_100,RDNT,2020-03-31,2
win_100,RDUS,2020-03-31,1
win_100,REAL,2020-03-31,1
win_100,REGI,2020-03-31,2
win_100,REPL,2020-03-31,1
win_100,RF,2020-03-31,1
win_100,RGEN,2020-03-31,2
win_100,RGS,2020-03-31,1
win_100,RH,2020-03-31,2
win_100,RHI,2020-03-31,2
win_100,RICK,2020-03-31,1
win_100,RILY,2020-03-31,1
win_100,RM,2020-03-31,1
win_100,ROCK,2020-03-31,2
win_100,ROKU,2020-03-31,2
win_100,RRGB,2020-03-31,1
win_100,RRR,2020-03-31,1
win_100,RRX,2020-03-31,2
win_100,RST,2020-03-31,2
win_100,RUN,2020-03-31,1
win_100,RUSHA,2020-03-31,2
win_100,RUTH,2020-03-31,1
win_100,RVLV,2020-03-31,1
win_100,RYZ,2020-03-31,1
win_100,SABR,2020-03-31,1
win_100,SAGE,2020-03-31,1
win_100,SAH,2020-03-31,1
win_100,SAIA,2020-03-31,2
win_100,SAIL1,2020-03-31,2
win_100,SAM,2020-03-31,2
win_100,SAR,2020-03-31,1
win_100,SASR,2020-03-31,1
win_100,SAVEQ,2020-03-31,1
win_100,SBH,2020-03-31,1
win_100,SC,2020-03-31,1
win_100,SCCO,2020-03-31,2
win_100,SEDG,2020-03-31,2
win_100,SEI,2020-03-31,1
win_100,SEM,2020-03-31,2
win_100,SF,2020-03-31,2
win_100,SFBS,2020-03-31,2
win_100,SFIX,2020-03-31,2
win_100,SGI,2020-03-31,2
win_100,SGRY,2020-03-31,1
win_100,SHAK,2020-03-31,1
win_100,SHOE,2020-03-31,1
win_100,SHYF,2020-03-31,1
win_100,SIBN,2020-03-31,1
win_100,SIG,2020-03-31,1
win_100,SITE,2020-03-31,2
win_100,SIVBQ,2020-03-31,2
win_100,SIX,2020-03-31,1
win_100,SKY,2020-03-31,2
win_100,SKYW,2020-03-31,1
win_100,SLB,2020-03-31,1
win_100,SLM,2020-03-31,1
win_100,SMG,2020-03-31,2
win_100,SNA,2020-03-31,2
win_100,SNAP,2020-03-31,2
win_100,SNBRQ,2020-03-31,1
win_100,SNDX,2020-03-31,2
win_100,SNV,2020-03-31,1
win_100,SNX,2020-03-31,2
win_100,SOLY,2020-03-31,1
win_100,SONO,2020-03-31,2
win_100,SPB,2020-03-31,1
win_100,SPNE,2020-03-31,1
win_100,SPR,2020-03-31,1
win_100,SPSC,2020-03-31,2
win_100,SPWH,2020-03-31,2
win_100,SPWRQ,2020-03-31,1
win_100,SRRK,2020-03-31,1
win_100,SSP,2020-03-31,1
win_100,SSTK,2020-03-31,2
win_100,ST,2020-03-31,1
win_100,STAA,2020-03-31,2
win_100,STAY,2020-03-31,1
win_100,STC,2020-03-31,1
win_100,STL,2020-03-31,1
win_100,STLD,2020-03-31,1
win_100,STRL,2020-03-31,1
win_100,STXB,2020-03-31,1
win_100,SUN,2020-03-31,1
win_100,SWAV,2020-03-31,2
win_100,SWBI,2020-03-31,1
win_100,SWK,2020-03-31,2
win_100,SWKS,2020-03-31,2
win_100,SYF,2020-03-31,1
win_100,SYNA,2020-03-31,2
win_100,TA,2020-03-31,1
win_100,TALO,2020-03-31,1
win_100,TBBK,2020-03-31,1
win_100,TBCH,2020-03-31,1
win_100,TCBI,2020-03-31,1
win_100,TCF,2020-03-31,1
win_100,TCPC,2020-03-31,1
win_100,TECH,2020-03-31,2
win_100,TEL,2020-03-31,2
win_100,TER,2020-03-31,2
win_100,TEX,2020-03-31,1
win_100,TFIN,2020-03-31,1
win_100,TGI,2020-03-31,1
win_100,TGT,2020-03-31,2
win_100,TGTX,2020-03-31,2
win_100,THC,2020-03-31,1
win_100,THO,2020-03-31,1
win_100,THRM,2020-03-31,2
win_100,TITN,2020-03-31,1
win_100,TKR,2020-03-31,2
win_100,TLND,2020-03-31,1
win_100,TLRY,2020-03-31,1
win_100,TMDX,2020-03-31,1
win_100,TMHC,2020-03-31,1
win_100,TNET,2020-03-31,2
win_100,TNL,2020-03-31,1
win_100,TOL,2020-03-31,1
win_100,TPB,2020-03-31,1
win_100,TPC,2020-03-31,1
win_100,TPCO,2020-03-31,1
win_100,TPH,2020-03-31,1
win_100,TPIC,2020-03-31,1
win_100,TPL,2020-03-31,2
win_100,TPR,2020-03-31,1
win_100,TPTX,2020-03-31,2
win_100,TPVG,2020-03-31,1
win_100,TREX,2020-03-31,2
win_100,TRGP,2020-03-31,1
win_100,TRIP,2020-03-31,1
win_100,TRMB,2020-03-31,2
win_100,TRTN,2020-03-31,2
win_100,TRUP,2020-03-31,2
win_100,TSC,2020-03-31,1
win_100,TSCO,2020-03-31,2
win_100,TSLA,2020-03-31,2
win_100,TT,2020-03-31,2
win_100,TTD,2020-03-31,2
win_100,TTEC,2020-03-31,2
win_100,TTGT,2020-03-31,2
win_100,TVTY,2020-03-31,1
win_100,TWLO,2020-03-31,2
win_100,TWST,2020-03-31,2
win_100,TWTR,2020-03-31,2
win_100,TXRH,2020-03-31,2
win_100,TXT,2020-03-31,1
win_100,UAA,2020-03-31,1
win_100,UCTT,2020-03-31,1
win_100,UFI,2020-03-31,1
win_100,UFPI,2020-03-31,2
win_100,UHAL,2020-03-31,2
win_100,UI,2020-03-31,2
win_100,UIS,2020-03-31,2
win_100,UMBF,2020-03-31,2
win_100,UNFI,2020-03-31,1
win_100,UNVR,2020-03-31,1
win_100,UPBD,2020-03-31,2
win_100,UPWK,2020-03-31,1
win_100,URBN,2020-03-31,1
win_100,URI,2020-03-31,2
win_100,USAC,2020-03-31,1
win_100,USCR,2020-03-31,1
win_100,USFD,2020-03-31,1
win_100,UTZ,2020-03-31,2
win_100,VAC,2020-03-31,1
win_100,VBTX,2020-03-31,1
win_100,VC,2020-03-31,1
win_100,VCEL,2020-03-31,1
win_100,VCYT,2020-03-31,2
win_100,VECO,2020-03-31,1
win_100,VIVO1,2020-03-31,1
win_100,VMI,2020-03-31,2
win_100,VNE,2020-03-31,1
win_100,VNOM,2020-03-31,1
win_100,VRNS,2020-03-31,2
win_100,VRT,2020-03-31,2
win_100,VRTS,2020-03-31,1
win_100,VRTV,2020-03-31,1
win_100,VSTO,2020-03-31,1
win_100,VVV,2020-03-31,2
win_100,VYX,2020-03-31,1
win_100,W,2020-03-31,1
win_100,WAL,2020-03-31,2
win_100,WBD,2020-03-31,2
win_100,WBS,2020-03-31,1
win_100,WBT,2020-03-31,1
win_100,WCC,2020-03-31,1
win_100,WD,2020-03-31,2
win_100,WDR,2020-03-31,1
win_100,WEX,2020-03-31,2
win_100,WGO,2020-03-31,1
win_100,WH,2020-03-31,2
win_100,WHD,2020-03-31,1
win_100,WHF,2020-03-31,1
win_100,WHR,2020-03-31,2
win_100,WK,2020-03-31,2
win_100,WLK,2020-03-31,1
win_100,WMS,2020-03-31,2
win_100,WNC,2020-03-31,1
win_100,WOLF2,2020-03-31,2
win_100,WOR,2020-03-31,1
win_100,WRLD,2020-03-31,1
win_100,WSC,2020-03-31,2
win_100,WSFS,2020-03-31,1
win_100,WSM,2020-03-31,2
win_100,WTFC,2020-03-31,1
win_100,WTRE1,2020-03-31,1
win_100,WWD,2020-03-31,2
win_100,WWW,2020-03-31,1
win_100,WYNN,2020-03-31,1
win_100,X,2020-03-31,1
win_100,XEC,2020-03-31,1
win_100,XOMA,2020-03-31,2
win_100,XPO,2020-03-31,2
win_100,XYZ,2020-03-31,2
win_100,YELP,2020-03-31,1
win_100,YETI,2020-03-31,2
win_100,ZBRA,2020-03-31,2
win_100,ZEN,2020-03-31,2
win_100,ZG,2020-03-31,2
win_100,ZION,2020-03-31,1
win_100,ZM,2020-03-31,2
win_100,ZS,2020-03-31,2
win_100,ZUMZ,2020-03-31,2
win_100,ZWS,2020-03-31,2
win_100,AA,2020-04-30,1
win_100,AAMI,2020-04-30,1
win_100,AAWW,2020-04-30,1
win_100,AB,2020-04-30,1
win_100,ABCB,2020-04-30,1
win_100,ABG,2020-04-30,1
win_100,ACH,2020-04-30,1
win_100,ACHC,2020-04-30,1
win_100,ADNT,2020-04-30,1
win_100,AEO,2020-04-30,1
win_100,AES,2020-04-30,2
win_100,AGCO,2020-04-30,2
win_100,AGNT,2020-04-30,2
win_100,AGYS,2020-04-30,1
win_100,AIMC,2020-04-30,1
win_100,AIMT,2020-04-30,1
win_100,AIR,2020-04-30,1
win_100,ALB,2020-04-30,2
win_100,ALGN,2020-04-30,2
win_100,ALGT,2020-04-30,1
win_100,ALK,2020-04-30,1
win_100,ALLY,2020-04-30,1
win_100,ALRM,2020-04-30,2
win_100,AMAT,2020-04-30,2
win_100,AMCX,2020-04-30,1
win_100,AMG,2020-04-30,1
win_100,AMKR,2020-04-30,2
win_100,AMP,2020-04-30,2
win_100,AMRC,2020-04-30,2
win_100,AN,2020-04-30,2
win_100,ANF,2020-04-30,1
win_100,ANGI,2020-04-30,1
win_100,ANGO,2020-04-30,1
win_100,AOSL,2020-04-30,1
win_100,APPN,2020-04-30,2
win_100,APPS,2020-04-30,2
win_100,ARCB,2020-04-30,1
win_100,ARWR,2020-04-30,2
win_100,ASIX,2020-04-30,1
win_100,ATH,2020-04-30,1
win_100,ATI,2020-04-30,1
win_100,ATKR,2020-04-30,1
win_100,AVID,2020-04-30,2
win_100,AVNT,2020-04-30,1
win_100,AVYAQ,2020-04-30,1
win_100,AXON,2020-04-30,2
win_100,AYI,2020-04-30,2
win_100,AZTA,2020-04-30,2
win_100,BALY,2020-04-30,1
win_100,BBBYQ,2020-04-30,1
win_100,BBWI,2020-04-30,1
win_100,BC,2020-04-30,2
win_100,BCC,2020-04-30,2
win_100,BE,2020-04-30,1
win_100,BECN,2020-04-30,1
win_100,BFH,2020-04-30,1
win_100,BFXXQ,2020-04-30,1
win_100,BG,2020-04-30,2
win_100,BIGGQ,2020-04-30,1
win_100,BJRI,2020-04-30,1
win_100,BKE,2020-04-30,1
win_100,BKU,2020-04-30,1
win_100,BLBD,2020-04-30,1
win_100,BLD,2020-04-30,2
win_100,BLDR,2020-04-30,2
win_100,BLFS,2020-04-30,1
win_100,BLMN,2020-04-30,1
win_100,BMCH,2020-04-30,2
win_100,BOOM,2020-04-30,1
win_100,BOOT,2020-04-30,1
win_100,BPFH,2020-04-30,1
win_100,BXC,2020-04-30,1
win_100,BYD,2020-04-30,1
win_100,BZH,2020-04-30,1
win_100,CADE3,2020-04-30,1
win_100,CAI1,2020-04-30,1
win_100,CAKE,2020-04-30,1
win_100,CAL,2020-04-30,1
win_100,CALX,2020-04-30,2
win_100,CALY,2020-04-30,1
win_100,CAMPQ,2020-04-30,1
win_100,CAR,2020-04-30,1
win_100,CARS,2020-04-30,1
win_100,CASH,2020-04-30,1
win_100,CAT,2020-04-30,2
win_100,CC,2020-04-30,1
win_100,CCRN,2020-04-30,1
win_100,CCS,2020-04-30,1
win_100,CDLX,2020-04-30,2
win_100,CDMO,2020-04-30,2
win_100,CDNA,2020-04-30,2
win_100,CELH,2020-04-30,2
win_100,CEQP,2020-04-30,1
win_100,CFG,2020-04-30,1
win_100,CGBD,2020-04-30,1
win_100,CHDN,2020-04-30,2
win_100,CHEF,2020-04-30,1
win_100,CHGG,2020-04-30,2
win_100,CHUY,2020-04-30,1
win_100,CHX,2020-04-30,1
win_100,CIR1,2020-04-30,1
win_100,CIT,2020-04-30,1
win_100,CLCT,2020-04-30,2
win_100,CLGX,2020-04-30,2
win_100,CMA,2020-04-30,1
win_100,CMD,2020-04-30,1
win_100,CNH,2020-04-30,1
win_100,CNR2,2020-04-30,1
win_100,COF,2020-04-30,1
win_100,COHR1,2020-04-30,2
win_100,COHU,2020-04-30,1
win_100,CONNQ,2020-04-30,1
win_100,COOP,2020-04-30,1
win_100,COWN,2020-04-30,1
win_100,CPRI,2020-04-30,1
win_100,CPS,2020-04-30,1
win_100,CRL,2020-04-30,2
win_100,CRMT,2020-04-30,1
win_100,CROX,2020-04-30,1
win_100,CRSP,2020-04-30,2
win_100,CRTO,2020-04-30,1
win_100,CRVL,2020-04-30,2
win_100,CRWD,2020-04-30,2
win_100,CSV,2020-04-30,1
win_100,CSW,2020-04-30,2
win_100,CSWC,2020-04-30,1
win_100,CTB,2020-04-30,1
win_100,CUBI,2020-04-30,1
win_100,CUTRQ,2020-04-30,1
win_100,CVET,2020-04-30,1
win_100,CVLG,2020-04-30,1
win_100,CVNA,2020-04-30,2
win_100,CWH,2020-04-30,1
win_100,CYRX,2020-04-30,2
win_100,CZR,2020-04-30,1
win_100,DAN,2020-04-30,1
win_100,DAR,2020-04-30,2
win_100,DBI,2020-04-30,1
win_100,DCO,2020-04-30,1
win_100,DCP,2020-04-30,1
win_100,DDD,2020-04-30,1
win_100,DDS,2020-04-30,1
win_100,DE,2020-04-30,2
win_100,DECK,2020-04-30,2
win_100,DELL,2020-04-30,2
win_100,DFIN,2020-04-30,1
win_100,DFS,2020-04-30,1
win_100,DHI,2020-04-30,2
win_100,DIN,2020-04-30,1
win_100,DKL,2020-04-30,1
win_100,DKNG,2020-04-30,2
win_100,DKS,2020-04-30,1
win_100,DMRC,2020-04-30,1
win_100,DNLI,2020-04-30,2
win_100,DOCU,2020-04-30,2
win_100,DOMO,2020-04-30,1
win_100,DOOR,2020-04-30,2
win_100,DRI,2020-04-30,2
win_100,DY,2020-04-30,1
win_100,EAT,2020-04-30,1
win_100,EB,2020-04-30,1
win_100,ECOM,2020-04-30,2
win_100,EFOR,2020-04-30,2
win_100,EIDX,2020-04-30,2
win_100,ELF,2020-04-30,2
win_100,ENPH,2020-04-30,2
win_100,ENSG,2020-04-30,2
win_100,ENTG,2020-04-30,2
win_100,ENVA,2020-04-30,1
win_100,EPAM,2020-04-30,2
win_100,ERII,2020-04-30,2
win_100,ESI,2020-04-30,2
win_100,ESTA,2020-04-30,1
win_100,ETD,2020-04-30,1
win_100,ETSY,2020-04-30,2
win_100,EV1,2020-04-30,2
win_100,EVH,2020-04-30,1
win_100,EVR,2020-04-30,1
win_100,EWBC,2020-04-30,2
win_100,EXP,2020-04-30,1
win_100,EXPE,2020-04-30,2
win_100,F,2020-04-30,1
win_100,FATE,2020-04-30,2
win_100,FBIN,2020-04-30,2
win_100,FBP,2020-04-30,1
win_100,FCNCA,2020-04-30,2
win_100,FCX,2020-04-30,1
win_100,FDUS,2020-04-30,1
win_100,FDX,2020-04-30,2
win_100,FHN,2020-04-30,1
win_100,FITB,2020-04-30,1
win_100,FIVE,2020-04-30,2
win_100,FIVN,2020-04-30,2
win_100,FIX,2020-04-30,2
win_100,FL,2020-04-30,1
win_100,FLGT,2020-04-30,2
win_100,FLNA,2020-04-30,2
win_100,FLOW2,2020-04-30,1
win_100,FND,2020-04-30,2
win_100,FOXF,2020-04-30,2
win_100,FRGI,2020-04-30,1
win_100,FRHC,2020-04-30,1
win_100,FRPT,2020-04-30,2
win_100,FRTA,2020-04-30,1
win_100,FSLY,2020-04-30,2
win_100,FTAI,2020-04-30,1
win_100,GAP,2020-04-30,1
win_100,GBX,2020-04-30,1
win_100,GCO,2020-04-30,1
win_100,GDEN,2020-04-30,1
win_100,GES,2020-04-30,1
win_100,GH,2020-04-30,2
win_100,GIC,2020-04-30,2
win_100,GIII,2020-04-30,1
win_100,GKOS,2020-04-30,1
win_100,GLP,2020-04-30,1
win_100,GLW,2020-04-30,2
win_100,GM,2020-04-30,1
win_100,GME,2020-04-30,1
win_100,GMS,2020-04-30,1
win_100,GNK,2020-04-30,1
win_100,GNRC,2020-04-30,2
win_100,GPI,2020-04-30,1
win_100,GPRE,2020-04-30,1
win_100,GRBK,2020-04-30,1
win_100,GT,2020-04-30,1
win_100,GTES,2020-04-30,1
win_100,GTLS,2020-04-30,1
win_100,GVA,2020-04-30,1
win_100,GWPH,2020-04-30,2
win_100,HALO,2020-04-30,2
win_100,HAPN,2020-04-30,1
win_100,HBI,2020-04-30,1
win_100,HCAT,2020-04-30,2
win_100,HEES,2020-04-30,1
win_100,HGV,2020-04-30,1
win_100,HI,2020-04-30,1
win_100,HIBB,2020-04-30,1
win_100,HLIO,2020-04-30,2
win_100,HOFT,2020-04-30,1
win_100,HOG,2020-04-30,1
win_100,HOV,2020-04-30,1
win_100,HPQ,2020-04-30,2
win_100,HRI,2020-04-30,1
win_100,HSKA,2020-04-30,1
win_100,HUBS,2020-04-30,2
win_100,HVT,2020-04-30,1
win_100,HWC,2020-04-30,1
win_100,HWM,2020-04-30,1
win_100,HY,2020-04-30,1
win_100,HZNP,2020-04-30,2
win_100,HZO,2020-04-30,1
win_100,IBP,2020-04-30,2
win_100,IBTX,2020-04-30,1
win_100,ICHR,2020-04-30,2
win_100,IIIN,2020-04-30,1
win_100,IMMU,2020-04-30,2
win_100,INSP,2020-04-30,2
win_100,IVZ,2020-04-30,1
win_100,JACK,2020-04-30,1
win_100,JBLU,2020-04-30,1
win_100,JCI,2020-04-30,2
win_100,JELD,2020-04-30,1
win_100,JHG,2020-04-30,1
win_100,JOE,2020-04-30,2
win_100,JOUT,2020-04-30,2
win_100,JYNT,2020-04-30,2
win_100,KAI,2020-04-30,2
win_100,KALV,2020-04-30,1
win_100,KFY,2020-04-30,1
win_100,KKR,2020-04-30,2
win_100,KLIC,2020-04-30,2
win_100,KNL,2020-04-30,1
win_100,KOD,2020-04-30,2
win_100,KOP,2020-04-30,1
win_100,KRA,2020-04-30,1
win_100,KSS,2020-04-30,1
win_100,KSU,2020-04-30,2
win_100,KTB,2020-04-30,1
win_100,LAD,2020-04-30,2
win_100,LAKE,2020-04-30,2
win_100,LAZRQ,2020-04-30,2
win_100,LDL,2020-04-30,1
win_100,LE,2020-04-30,1
win_100,LEN,2020-04-30,2
win_100,LEVI,2020-04-30,1
win_100,LGIH,2020-04-30,2
win_100,LIND,2020-04-30,1
win_100,LLFLQ,2020-04-30,1
win_100,LNWO,2020-04-30,1
win_100,LOB,2020-04-30,1
win_100,LOGI,2020-04-30,2
win_100,LORL,2020-04-30,1
win_100,LOVE,2020-04-30,1
win_100,LPLA,2020-04-30,2
win_100,LPRO,2020-04-30,2
win_100,LPSN,2020-04-30,2
win_100,LPX,2020-04-30,1
win_100,LRCX,2020-04-30,2
win_100,LSCC,2020-04-30,2
win_100,LTHM,2020-04-30,1
win_100,LUV,2020-04-30,1
win_100,LVGO,2020-04-30,2
win_100,M,2020-04-30,1
win_100,MAT,2020-04-30,1
win_100,MATX,2020-04-30,2
win_100,MAXR,2020-04-30,1
win_100,MBUU,2020-04-30,2
win_100,MCFT,2020-04-30,1
win_100,MCRI,2020-04-30,1
win_100,MDC,2020-04-30,1
win_100,MDP,2020-04-30,1
win_100,MDRX,2020-04-30,1
win_100,MED,2020-04-30,2
win_100,MEDP,2020-04-30,2
win_100,MGM,2020-04-30,1
win_100,MGNI,2020-04-30,1
win_100,MGNX,2020-04-30,1
win_100,MHK,2020-04-30,1
win_100,MHO,2020-04-30,1
win_100,MIDD,2020-04-30,1
win_100,MODVQ,2020-04-30,2
win_100,MOS,2020-04-30,1
win_100,MOV,2020-04-30,1
win_100,MRNA,2020-04-30,2
win_100,MS,2020-04-30,2
win_100,MSB,2020-04-30,1
win_100,MSTR,2020-04-30,2
win_100,MTCH,2020-04-30,2
win_100,MTDR,2020-04-30,1
win_100,MTG,2020-04-30,1
win_100,MTH,2020-04-30,2
win_100,MTSC,2020-04-30,1
win_100,MTW,2020-04-30,1
win_100,MTZ,2020-04-30,1
win_100,MX,2020-04-30,2
win_100,MXL,2020-04-30,1
win_100,MYOK,2020-04-30,2
win_100,MYRG,2020-04-30,2
win_100,NAVI,2020-04-30,1
win_100,NBLX,2020-04-30,1
win_100,NBR,2020-04-30,1
win_100,NESR,2020-04-30,1
win_100,NEWT,2020-04-30,1
win_100,NOVA,2020-04-30,1
win_100,NSTGQ,2020-04-30,2
win_100,NTLA,2020-04-30,1
win_100,NTRA,2020-04-30,2
win_100,NUAN,2020-04-30,2
win_100,NUE,2020-04-30,2
win_100,NVAX,2020-04-30,2
win_100,NVCR,2020-04-30,2
win_100,NVDA,2020-04-30,2
win_100,NVTAQ,2020-04-30,2
win_100,NWL,2020-04-30,2
win_100,NWSA,2020-04-30,1
win_100,NX,2020-04-30,1
win_100,NXH,2020-04-30,1
win_100,NXST,2020-04-30,1
win_100,OC,2020-04-30,1
win_100,OCUL,2020-04-30,2
win_100,OEC,2020-04-30,1
win_100,OI,2020-04-30,1
win_100,OII,2020-04-30,1
win_100,OLN,2020-04-30,1
win_100,OMF,2020-04-30,1
win_100,OMP,2020-04-30,1
win_100,ON,2020-04-30,1
win_100,ONC,2020-04-30,2
win_100,ONTO,2020-04-30,2
win_100,OPY,2020-04-30,1
win_100,OVV,2020-04-30,1
win_100,OXM,2020-04-30,1
win_100,PACW,2020-04-30,1
win_100,PAG,2020-04-30,1
win_100,PAR,2020-04-30,1
win_100,PATK,2020-04-30,1
win_100,PD,2020-04-30,1
win_100,PDCE,2020-04-30,1
win_100,PENN,2020-04-30,1
win_100,PFGC,2020-04-30,1
win_100,PFNX,2020-04-30,1
win_100,PFSI,2020-04-30,2
win_100,PGTI,2020-04-30,1
win_100,PH,2020-04-30,2
win_100,PHM,2020-04-30,2
win_100,PHR,2020-04-30,2
win_100,PI,2020-04-30,1
win_100,PII,2020-04-30,1
win_100,PINS,2020-04-30,2
win_100,PIPR,2020-04-30,1
win_100,PLAY,2020-04-30,1
win_100,PLCE,2020-04-30,1
win_100,PNFP,2020-04-30,1
win_100,POLY,2020-04-30,1
win_100,POOL,2020-04-30,2
win_100,PPBI,2020-04-30,1
win_100,PRIM,2020-04-30,1
win_100,PRKS,2020-04-30,1
win_100,PRPL,2020-04-30,2
win_100,PRTA,2020-04-30,1
win_100,PSKY,2020-04-30,1
win_100,PSNL,2020-04-30,1
win_100,PTLA,2020-04-30,1
win_100,PVH,2020-04-30,1
win_100,PWR,2020-04-30,2
win_100,PYPL,2020-04-30,2
win_100,QTRX,2020-04-30,2
win_100,QUOT,2020-04-30,1
win_100,QVCAQ,2020-04-30,1
win_100,R,2020-04-30,1
win_100,RCKT,2020-04-30,2
win_100,RCM,2020-04-30,2
win_100,RDFN,2020-04-30,2
win_100,RDUS,2020-04-30,1
win_100,REAL,2020-04-30,1
win_100,REGI,2020-04-30,2
win_100,REVG,2020-04-30,1
win_100,REZI,2020-04-30,1
win_100,RF,2020-04-30,1
win_100,RH,2020-04-30,2
win_100,RICK,2020-04-30,1
win_100,RILY,2020-04-30,1
win_100,RJF,2020-04-30,2
win_100,RM,2020-04-30,1
win_100,ROCC,2020-04-30,1
win_100,ROKU,2020-04-30,2
win_100,RRGB,2020-04-30,1
win_100,RRR,2020-04-30,1
win_100,RRX,2020-04-30,2
win_100,RUBY,2020-04-30,1
win_100,RUN,2020-04-30,1
win_100,RUSHA,2020-04-30,2
win_100,RUTH,2020-04-30,1
win_100,RVLV,2020-04-30,1
win_100,SABR,2020-04-30,1
win_100,SAGE,2020-04-30,1
win_100,SAH,2020-04-30,1
win_100,SAIA,2020-04-30,2
win_100,SAIL1,2020-04-30,2
win_100,SAM,2020-04-30,2
win_100,SAVEQ,2020-04-30,1
win_100,SBH,2020-04-30,1
win_100,SC,2020-04-30,1
win_100,SCCO,2020-04-30,2
win_100,SEDG,2020-04-30,2
win_100,SEM,2020-04-30,2
win_100,SF,2020-04-30,2
win_100,SFIX,2020-04-30,1
win_100,SGI,2020-04-30,2
win_100,SGRY,2020-04-30,1
win_100,SHOE,2020-04-30,1
win_100,SHYF,2020-04-30,1
win_100,SIBN,2020-04-30,1
win_100,SIG,2020-04-30,1
win_100,SITE,2020-04-30,2
win_100,SIVBQ,2020-04-30,2
win_100,SIX,2020-04-30,1
win_100,SKY,2020-04-30,2
win_100,SLM,2020-04-30,2
win_100,SMED,2020-04-30,2
win_100,SNAP,2020-04-30,2
win_100,SNBRQ,2020-04-30,1
win_100,SNV,2020-04-30,1
win_100,SNX,2020-04-30,2
win_100,SONO,2020-04-30,2
win_100,SPB,2020-04-30,1
win_100,SPNE,2020-04-30,1
win_100,SPR,2020-04-30,1
win_100,SPWH,2020-04-30,2
win_100,SPWRQ,2020-04-30,1
win_100,SSP,2020-04-30,1
win_100,SSTK,2020-04-30,2
win_100,STAA,2020-04-30,2
win_100,STL,2020-04-30,1
win_100,STLD,2020-04-30,1
win_100,STML,2020-04-30,1
win_100,STRL,2020-04-30,1
win_100,SWAV,2020-04-30,2
win_100,SWBI,2020-04-30,2
win_100,SYF,2020-04-30,1
win_100,SYNA,2020-04-30,2
win_100,TA,2020-04-30,1
win_100,TBBK,2020-04-30,1
win_100,TBCH,2020-04-30,1
win_100,TCBI,2020-04-30,1
win_100,TDC,2020-04-30,1
win_100,TDW,2020-04-30,1
win_100,TER,2020-04-30,2
win_100,TEX,2020-04-30,1
win_100,TFIN,2020-04-30,1
win_100,TGI,2020-04-30,1
win_100,TGTX,2020-04-30,2
win_100,THC,2020-04-30,1
win_100,THO,2020-04-30,2
win_100,TITN,2020-04-30,1
win_100,TKR,2020-04-30,2
win_100,TLND,2020-04-30,1
win_100,TLRY,2020-04-30,1
win_100,TLYS,2020-04-30,1
win_100,TMHC,2020-04-30,1
win_100,TNL,2020-04-30,1
win_100,TOL,2020-04-30,1
win_100,TPB,2020-04-30,1
win_100,TPC,2020-04-30,1
win_100,TPCO,2020-04-30,1
win_100,TPH,2020-04-30,1
win_100,TPIC,2020-04-30,1
win_100,TPL,2020-04-30,2
win_100,TPR,2020-04-30,1
win_100,TPVG,2020-04-30,1
win_100,TREX,2020-04-30,2
win_100,TRGP,2020-04-30,1
win_100,TRIP,2020-04-30,1
win_100,TRMB,2020-04-30,2
win_100,TROX,2020-04-30,1
win_100,TRUP,2020-04-30,2
win_100,TSLA,2020-04-30,2
win_100,TT,2020-04-30,2
win_100,TTD,2020-04-30,2
win_100,TTEC,2020-04-30,2
win_100,TTGT,2020-04-30,2
win_100,TVTY,2020-04-30,1
win_100,TWLO,2020-04-30,2
win_100,TWST,2020-04-30,2
win_100,TXRH,2020-04-30,2
win_100,TXT,2020-04-30,1
win_100,UAA,2020-04-30,1
win_100,UCTT,2020-04-30,2
win_100,UFI,2020-04-30,1
win_100,UFPI,2020-04-30,2
win_100,UHAL,2020-04-30,2
win_100,UNFI,2020-04-30,1
win_100,UPBD,2020-04-30,2
win_100,UPS,2020-04-30,2
win_100,UPWK,2020-04-30,1
win_100,URBN,2020-04-30,1
win_100,URI,2020-04-30,2
win_100,USAC,2020-04-30,1
win_100,USCR,2020-04-30,1
win_100,UTZ,2020-04-30,2
win_100,VAC,2020-04-30,1
win_100,VC,2020-04-30,1
win_100,VCEL,2020-04-30,2
win_100,VECO,2020-04-30,1
win_100,VERI,2020-04-30,1
win_100,VMI,2020-04-30,2
win_100,VNE,2020-04-30,1
win_100,VNOM,2020-04-30,1
win_100,VRA,2020-04-30,1
win_100,VRNS,2020-04-30,2
win_100,VRT,2020-04-30,2
win_100,VRTS,2020-04-30,1
win_100,VRTV,2020-04-30,1
win_100,VSLR,2020-04-30,1
win_100,VSTO,2020-04-30,2
win_100,VYX,2020-04-30,1
win_100,W,2020-04-30,2
win_100,WAL,2020-04-30,1
win_100,WCC,2020-04-30,1
win_100,WD,2020-04-30,1
win_100,WES,2020-04-30,1
win_100,WHR,2020-04-30,2
win_100,WK,2020-04-30,2
win_100,WLK,2020-04-30,1
win_100,WMS,2020-04-30,2
win_100,WNC,2020-04-30,1
win_100,WOLF2,2020-04-30,2
win_100,WOR,2020-04-30,1
win_100,WOW,2020-04-30,1
win_100,WSC,2020-04-30,1
win_100,WSM,2020-04-30,2
win_100,WTRE1,2020-04-30,1
win_100,WWD,2020-04-30,2
win_100,WWW,2020-04-30,1
win_100,X,2020-04-30,1
win_100,XEC,2020-04-30,1
win_100,XPO,2020-04-30,2
win_100,XYZ,2020-04-30,2
win_100,YETI,2020-04-30,2
win_100,ZBRA,2020-04-30,2
win_100,ZG,2020-04-30,2
win_100,ZM,2020-04-30,2
win_100,ZS,2020-04-30,2
win_100,ZUMZ,2020-04-30,1
win_100,AA,2020-05-31,1
win_100,AAL,2020-05-31,1
win_100,AAMI,2020-05-31,1
win_100,ABCB,2020-05-31,1
win_100,ABG,2020-05-31,1
win_100,ACBI,2020-05-31,1
win_100,ACH,2020-05-31,1
win_100,ACHC,2020-05-31,2
win_100,ADNT,2020-05-31,1
win_100,AEO,2020-05-31,1
win_100,AES,2020-05-31,2
win_100,AFG,2020-05-31,1
win_100,AGCO,2020-05-31,2
win_100,AGNT,2020-05-31,2
win_100,AGYS,2020-05-31,1
win_100,AIMC,2020-05-31,1
win_100,AIMT,2020-05-31,1
win_100,AIR,2020-05-31,1
win_100,ALB,2020-05-31,2
win_100,ALGN,2020-05-31,2
win_100,ALGT,2020-05-31,1
win_100,ALK,2020-05-31,1
win_100,ALLY,2020-05-31,1
win_100,ALTG,2020-05-31,1
win_100,AMAT,2020-05-31,2
win_100,AMC,2020-05-31,1
win_100,AMG,2020-05-31,1
win_100,AMKR,2020-05-31,2
win_100,AMRC,2020-05-31,2
win_100,AMSC,2020-05-31,1
win_100,AN,2020-05-31,1
win_100,ANAT,2020-05-31,1
win_100,ANDE,2020-05-31,1
win_100,ANF,2020-05-31,1
win_100,ANGO,2020-05-31,1
win_100,AOSL,2020-05-31,1
win_100,APPS,2020-05-31,2
win_100,APVO,2020-05-31,1
win_100,ARCB,2020-05-31,1
win_100,ARVN,2020-05-31,2
win_100,ARWR,2020-05-31,2
win_100,ASIX,2020-05-31,1
win_100,ATH,2020-05-31,1
win_100,ATI,2020-05-31,1
win_100,ATKR,2020-05-31,1
win_100,ATOM,2020-05-31,2
win_100,AVID,2020-05-31,1
win_100,AVNT,2020-05-31,1
win_100,AVY,2020-05-31,2
win_100,AX,2020-05-31,1
win_100,AXGN,2020-05-31,1
win_100,AYI,2020-05-31,2
win_100,AZTA,2020-05-31,2
win_100,BALY,2020-05-31,1
win_100,BBBYQ,2020-05-31,1
win_100,BBIO,2020-05-31,2
win_100,BBT,2020-05-31,1
win_100,BBWI,2020-05-31,1
win_100,BCC,2020-05-31,2
win_100,BE,2020-05-31,1
win_100,BECN,2020-05-31,1
win_100,BFH,2020-05-31,1
win_100,BFXXQ,2020-05-31,1
win_100,BG,2020-05-31,1
win_100,BH,2020-05-31,1
win_100,BJRI,2020-05-31,1
win_100,BKE,2020-05-31,1
win_100,BKU,2020-05-31,1
win_100,BLDR,2020-05-31,2
win_100,BLFS,2020-05-31,2
win_100,BLMN,2020-05-31,1
win_100,BMCH,2020-05-31,2
win_100,BOOT,2020-05-31,1
win_100,BPFH,2020-05-31,1
win_100,BPOP,2020-05-31,1
win_100,BXC,2020-05-31,1
win_100,BYD,2020-05-31,1
win_100,BZH,2020-05-31,1
win_100,CADE3,2020-05-31,1
win_100,CAI1,2020-05-31,1
win_100,CAKE,2020-05-31,1
win_100,CAL,2020-05-31,1
win_100,CALX,2020-05-31,2
win_100,CALY,2020-05-31,1
win_100,CAR,2020-05-31,1
win_100,CARS,2020-05-31,1
win_100,CASH,2020-05-31,1
win_100,CAT,2020-05-31,2
win_100,CC,2020-05-31,1
win_100,CCRN,2020-05-31,1
win_100,CCS,2020-05-31,2
win_100,CDMO,2020-05-31,1
win_100,CDNA,2020-05-31,2
win_100,CELH,2020-05-31,2
win_100,CENX,2020-05-31,1
win_100,CEQP,2020-05-31,1
win_100,CFG,2020-05-31,1
win_100,CHEF,2020-05-31,1
win_100,CHUY,2020-05-31,1
win_100,CHX,2020-05-31,1
win_100,CINF,2020-05-31,1
win_100,CIR1,2020-05-31,1
win_100,CIT,2020-05-31,1
win_100,CIVI,2020-05-31,1
win_100,CLAR,2020-05-31,1
win_100,CLB,2020-05-31,1
win_100,CLCT,2020-05-31,2
win_100,CLF,2020-05-31,1
win_100,CLR,2020-05-31,1
win_100,CMA,2020-05-31,1
win_100,CMLS,2020-05-31,1
win_100,CNH,2020-05-31,1
win_100,CNR,2020-05-31,1
win_100,CNR2,2020-05-31,1
win_100,CNTY,2020-05-31,1
win_100,COF,2020-05-31,1
win_100,COHU,2020-05-31,1
win_100,CONNQ,2020-05-31,1
win_100,COOP,2020-05-31,1
win_100,COWN,2020-05-31,1
win_100,CPRI,2020-05-31,1
win_100,CPS,2020-05-31,1
win_100,CRAI,2020-05-31,2
win_100,CRMT,2020-05-31,2
win_100,CROX,2020-05-31,2
win_100,CRS,2020-05-31,1
win_100,CRTO,2020-05-31,1
win_100,CRWD,2020-05-31,2
win_100,CSV,2020-05-31,1
win_100,CSWC,2020-05-31,1
win_100,CTB,2020-05-31,1
win_100,CTRN,2020-05-31,1
win_100,CUBI,2020-05-31,1
win_100,CUROQ,2020-05-31,1
win_100,CUTRQ,2020-05-31,1
win_100,CVNA,2020-05-31,2
win_100,CWH,2020-05-31,1
win_100,CYRX,2020-05-31,2
win_100,CZR,2020-05-31,1
win_100,DAN,2020-05-31,1
win_100,DAR,2020-05-31,2
win_100,DBI,2020-05-31,1
win_100,DCP,2020-05-31,1
win_100,DDD,2020-05-31,1
win_100,DDS,2020-05-31,1
win_100,DE,2020-05-31,2
win_100,DFIN,2020-05-31,1
win_100,DFS,2020-05-31,1
win_100,DIN,2020-05-31,1
win_100,DKL,2020-05-31,1
win_100,DKS,2020-05-31,2
win_100,DLX,2020-05-31,1
win_100,DMRC,2020-05-31,1
win_100,DNLI,2020-05-31,2
win_100,DOMO,2020-05-31,2
win_100,DVN,2020-05-31,1
win_100,DXC,2020-05-31,1
win_100,EAT,2020-05-31,1
win_100,EB,2020-05-31,1
win_100,EIDX,2020-05-31,2
win_100,ENPH,2020-05-31,2
win_100,ENVA,2020-05-31,1
win_100,EPAM,2020-05-31,2
win_100,EQBK,2020-05-31,1
win_100,ERII,2020-05-31,2
win_100,ESI,2020-05-31,2
win_100,ESTA,2020-05-31,1
win_100,ETD,2020-05-31,1
win_100,ETSY,2020-05-31,2
win_100,EV1,2020-05-31,2
win_100,EVH,2020-05-31,1
win_100,EVR,2020-05-31,1
win_100,EVRI,2020-05-31,1
win_100,EWBC,2020-05-31,2
win_100,EXP,2020-05-31,2
win_100,EXPE,2020-05-31,1
win_100,F,2020-05-31,1
win_100,FATE,2020-05-31,2
win_100,FBP,2020-05-31,1
win_100,FCNCA,2020-05-31,2
win_100,FCX,2020-05-31,1
win_100,FDUS,2020-05-31,1
win_100,FDX,2020-05-31,2
win_100,FFBC,2020-05-31,1
win_100,FFIC,2020-05-31,1
win_100,FHN,2020-05-31,1
win_100,FITB,2020-05-31,1
win_100,FIX,2020-05-31,1
win_100,FL,2020-05-31,1
win_100,FLGT,2020-05-31,2
win_100,FNKO,2020-05-31,1
win_100,FOXF,2020-05-31,2
win_100,FPRX,2020-05-31,1
win_100,FRHC,2020-05-31,2
win_100,FRPT,2020-05-31,2
win_100,FRTA,2020-05-31,1
win_100,FTAI,2020-05-31,1
win_100,FTSI,2020-05-31,1
win_100,GAP,2020-05-31,1
win_100,GBX,2020-05-31,1
win_100,GCO,2020-05-31,1
win_100,GDEN,2020-05-31,1
win_100,GE,2020-05-31,1
win_100,GES,2020-05-31,1
win_100,GIII,2020-05-31,1
win_100,GLP,2020-05-31,1
win_100,GM,2020-05-31,1
win_100,GMS,2020-05-31,1
win_100,GNMK,2020-05-31,2
win_100,GNRC,2020-05-31,2
win_100,GPI,2020-05-31,1
win_100,GPRE,2020-05-31,1
win_100,GRBK,2020-05-31,2
win_100,GRWG,2020-05-31,2
win_100,GT,2020-05-31,1
win_100,GTLS,2020-05-31,1
win_100,GWB,2020-05-31,1
win_100,HAFC,2020-05-31,1
win_100,HAPN,2020-05-31,1
win_100,HBI,2020-05-31,1
win_100,HCA,2020-05-31,2
win_100,HEES,2020-05-31,1
win_100,HGV,2020-05-31,1
win_100,HHH,2020-05-31,1
win_100,HIBB,2020-05-31,1
win_100,HLIO,2020-05-31,1
win_100,HOFT,2020-05-31,1
win_100,HOG,2020-05-31,1
win_100,HOUS,2020-05-31,1
win_100,HOV,2020-05-31,1
win_100,HRI,2020-05-31,1
win_100,HSKA,2020-05-31,2
win_100,HTH,2020-05-31,1
win_100,HUBS,2020-05-31,2
win_100,HVT,2020-05-31,1
win_100,HWC,2020-05-31,1
win_100,HWM,2020-05-31,1
win_100,HY,2020-05-31,1
win_100,HZO,2020-05-31,2
win_100,IBRX,2020-05-31,2
win_100,IBTX,2020-05-31,1
win_100,ICHR,2020-05-31,2
win_100,IHRT,2020-05-31,1
win_100,IIIN,2020-05-31,1
win_100,IMMU,2020-05-31,2
win_100,INSP,2020-05-31,2
win_100,IPG,2020-05-31,2
win_100,IVZ,2020-05-31,1
win_100,JCI,2020-05-31,2
win_100,JELD,2020-05-31,1
win_100,JOE,2020-05-31,2
win_100,JWN,2020-05-31,1
win_100,JYNT,2020-05-31,2
win_100,KALV,2020-05-31,1
win_100,KEY,2020-05-31,1
win_100,KFRC,2020-05-31,2
win_100,KFY,2020-05-31,1
win_100,KKR,2020-05-31,2
win_100,KLIC,2020-05-31,2
win_100,KNL,2020-05-31,1
win_100,KOP,2020-05-31,1
win_100,KRA,2020-05-31,1
win_100,KRP,2020-05-31,1
win_100,KSS,2020-05-31,1
win_100,KTB,2020-05-31,1
win_100,LAD,2020-05-31,2
win_100,LBRT,2020-05-31,1
win_100,LDL,2020-05-31,1
win_100,LE,2020-05-31,1
win_100,LGF.B,2020-05-31,1
win_100,LGIH,2020-05-31,2
win_100,LIND,2020-05-31,1
win_100,LLFLQ,2020-05-31,1
win_100,LNWO,2020-05-31,1
win_100,LOB,2020-05-31,1
win_100,LOGI,2020-05-31,2
win_100,LORL,2020-05-31,1
win_100,LOVE,2020-05-31,1
win_100,LPLA,2020-05-31,2
win_100,LPRO,2020-05-31,2
win_100,LPX,2020-05-31,2
win_100,LRCX,2020-05-31,2
win_100,LSCC,2020-05-31,2
win_100,LTHM,2020-05-31,1
win_100,LVGO,2020-05-31,2
win_100,M,2020-05-31,1
win_100,MAT,2020-05-31,1
win_100,MATX,2020-05-31,2
win_100,MAXR,2020-05-31,1
win_100,MCRB,2020-05-31,1
win_100,MD,2020-05-31,1
win_100,MDP,2020-05-31,1
win_100,MDRX,2020-05-31,1
win_100,MED,2020-05-31,2
win_100,MGM,2020-05-31,1
win_100,MGNI,2020-05-31,1
win_100,MGY,2020-05-31,1
win_100,MHK,2020-05-31,1
win_100,MHO,2020-05-31,2
win_100,MIDD,2020-05-31,1
win_100,MLKN,2020-05-31,1
win_100,MOD,2020-05-31,1
win_100,MOS,2020-05-31,1
win_100,MOV,2020-05-31,1
win_100,MRNA,2020-05-31,2
win_100,MRO,2020-05-31,1
win_100,MS,2020-05-31,2
win_100,MSB,2020-05-31,1
win_100,MSTR,2020-05-31,2
win_100,MTDR,2020-05-31,1
win_100,MTSC,2020-05-31,1
win_100,MTW,2020-05-31,1
win_100,MTZ,2020-05-31,1
win_100,MX,2020-05-31,2
win_100,MXL,2020-05-31,1
win_100,MYOK,2020-05-31,2
win_100,MYRG,2020-05-31,2
win_100,NAVI,2020-05-31,1
win_100,NBR,2020-05-31,1
win_100,NCLH,2020-05-31,1
win_100,NDLS,2020-05-31,1
win_100,NEWT,2020-05-31,1
win_100,NPO,2020-05-31,1
win_100,NSIT,2020-05-31,2
win_100,NTLA,2020-05-31,2
win_100,NTRA,2020-05-31,2
win_100,NUAN,2020-05-31,2
win_100,NUE,2020-05-31,2
win_100,NVAX,2020-05-31,2
win_100,NVCR,2020-05-31,2
win_100,NVRI1,2020-05-31,1
win_100,NWL,2020-05-31,1
win_100,NWSA,2020-05-31,2
win_100,NX,2020-05-31,1
win_100,NXH,2020-05-31,1
win_100,NXPI,2020-05-31,2
win_100,OBK,2020-05-31,1
win_100,OC,2020-05-31,1
win_100,OCUL,2020-05-31,2
win_100,OFG,2020-05-31,1
win_100,OI,2020-05-31,1
win_100,OII,2020-05-31,1
win_100,OLN,2020-05-31,1
win_100,OMCL,2020-05-31,2
win_100,OMF,2020-05-31,1
win_100,OMP,2020-05-31,1
win_100,ON,2020-05-31,1
win_100,ONC,2020-05-31,2
win_100,ONTO,2020-05-31,2
win_100,OPRX,2020-05-31,1
win_100,OPY,2020-05-31,1
win_100,OVV,2020-05-31,1
win_100,OXM,2020-05-31,1
win_100,OXY,2020-05-31,1
win_100,PACW,2020-05-31,1
win_100,PAG,2020-05-31,1
win_100,PAR,2020-05-31,2
win_100,PDCE,2020-05-31,1
win_100,PENN,2020-05-31,1
win_100,PFS,2020-05-31,1
win_100,PI,2020-05-31,1
win_100,PINS,2020-05-31,2
win_100,PIPR,2020-05-31,1
win_100,PLAY,2020-05-31,1
win_100,PLCE,2020-05-31,1
win_100,PNFP,2020-05-31,1
win_100,POLY,2020-05-31,1
win_100,PPBI,2020-05-31,1
win_100,PRFT,2020-05-31,2
win_100,PRKS,2020-05-31,1
win_100,PRSU,2020-05-31,1
win_100,PRTA,2020-05-31,1
win_100,PRTS,2020-05-31,2
win_100,PSKY,2020-05-31,1
win_100,PTGX,2020-05-31,1
win_100,PVH,2020-05-31,1
win_100,PWR,2020-05-31,2
win_100,QVCAQ,2020-05-31,1
win_100,R,2020-05-31,1
win_100,RAVN,2020-05-31,1
win_100,RCKT,2020-05-31,2
win_100,RCM,2020-05-31,2
win_100,RDNW,2020-05-31,1
win_100,RDUS,2020-05-31,1
win_100,REGI,2020-05-31,2
win_100,REPL,2020-05-31,2
win_100,REVG,2020-05-31,1
win_100,REZI,2020-05-31,1
win_100,RF,2020-05-31,1
win_100,RH,2020-05-31,2
win_100,RICK,2020-05-31,1
win_100,RILY,2020-05-31,1
win_100,RM,2020-05-31,1
win_100,ROCC,2020-05-31,1
win_100,ROKU,2020-05-31,2
win_100,RRC,2020-05-31,1
win_100,RRGB,2020-05-31,1
win_100,RRR,2020-05-31,1
win_100,RUBY,2020-05-31,1
win_100,RUN,2020-05-31,2
win_100,RUTH,2020-05-31,1
win_100,RVLV,2020-05-31,1
win_100,SAIA,2020-05-31,2
win_100,SAIL1,2020-05-31,2
win_100,SAVEQ,2020-05-31,1
win_100,SC,2020-05-31,1
win_100,SCHW,2020-05-31,2
win_100,SCU,2020-05-31,1
win_100,SEM,2020-05-31,2
win_100,SF,2020-05-31,2
win_100,SFBS,2020-05-31,2
win_100,SFIX,2020-05-31,2
win_100,SGI,2020-05-31,2
win_100,SGRY,2020-05-31,1
win_100,SHOE,2020-05-31,1
win_100,SHYF,2020-05-31,2
win_100,SIG,2020-05-31,1
win_100,SIVBQ,2020-05-31,2
win_100,SKY,2020-05-31,2
win_100,SLM,2020-05-31,2
win_100,SMPL,2020-05-31,1
win_100,SNA,2020-05-31,2
win_100,SNAP,2020-05-31,2
win_100,SNBRQ,2020-05-31,1
win_100,SNV,2020-05-31,1
win_100,SNX,2020-05-31,2
win_100,SONO,2020-05-31,1
win_100,SPR,2020-05-31,1
win_100,SPWRQ,2020-05-31,1
win_100,SSP,2020-05-31,1
win_100,SSTK,2020-05-31,2
win_100,STAA,2020-05-31,2
win_100,STC,2020-05-31,1
win_100,STL,2020-05-31,1
win_100,STLD,2020-05-31,2
win_100,STRL,2020-05-31,1
win_100,SUM,2020-05-31,1
win_100,SWAV,2020-05-31,2
win_100,SWBI,2020-05-31,2
win_100,SYF,2020-05-31,1
win_100,TA,2020-05-31,1
win_100,TBBK,2020-05-31,1
win_100,TBCH,2020-05-31,1
win_100,TCBI,2020-05-31,1
win_100,TDC,2020-05-31,1
win_100,TEN1,2020-05-31,1
win_100,TEX,2020-05-31,1
win_100,TFIN,2020-05-31,1
win_100,TGI,2020-05-31,1
win_100,THC,2020-05-31,1
win_100,TITN,2020-05-31,1
win_100,TKR,2020-05-31,2
win_100,TLND,2020-05-31,1
win_100,TLYS,2020-05-31,1
win_100,TNL,2020-05-31,1
win_100,TOL,2020-05-31,1
win_100,TPIC,2020-05-31,1
win_100,TPL,2020-05-31,2
win_100,TPR,2020-05-31,1
win_100,TRGP,2020-05-31,1
win_100,TRIP,2020-05-31,1
win_100,TROX,2020-05-31,1
win_100,TRUP,2020-05-31,2
win_100,TSLA,2020-05-31,2
win_100,TT,2020-05-31,2
win_100,TTEC,2020-05-31,2
win_100,TTGT,2020-05-31,2
win_100,TVTY,2020-05-31,1
win_100,TWST,2020-05-31,2
win_100,TXT,2020-05-31,1
win_100,UAA,2020-05-31,1
win_100,UAL,2020-05-31,1
win_100,UCTT,2020-05-31,2
win_100,UFI,2020-05-31,1
win_100,UFS,2020-05-31,1
win_100,UIS,2020-05-31,1
win_100,UNM,2020-05-31,1
win_100,UPBD,2020-05-31,2
win_100,UPS,2020-05-31,2
win_100,UPWK,2020-05-31,1
win_100,URBN,2020-05-31,1
win_100,URI,2020-05-31,2
win_100,USCR,2020-05-31,1
win_100,USFD,2020-05-31,1
win_100,UTZ,2020-05-31,2
win_100,VBTX,2020-05-31,1
win_100,VCEL,2020-05-31,2
win_100,VECO,2020-05-31,1
win_100,VERI,2020-05-31,1
win_100,VMI,2020-05-31,2
win_100,VNE,2020-05-31,1
win_100,VRA,2020-05-31,1
win_100,VRTS,2020-05-31,1
win_100,VRTV,2020-05-31,1
win_100,VSLR,2020-05-31,2
win_100,VSTO,2020-05-31,1
win_100,VYX,2020-05-31,1
win_100,WAL,2020-05-31,1
win_100,WBS,2020-05-31,1
win_100,WBT,2020-05-31,1
win_100,WCC,2020-05-31,1
win_100,WD,2020-05-31,1
win_100,WDR,2020-05-31,2
win_100,WES,2020-05-31,1
win_100,WK,2020-05-31,2
win_100,WLK,2020-05-31,1
win_100,WMS,2020-05-31,2
win_100,WOR,2020-05-31,1
win_100,WOW,2020-05-31,1
win_100,WRK,2020-05-31,1
win_100,WRLD,2020-05-31,1
win_100,WSC,2020-05-31,1
win_100,WSM,2020-05-31,2
win_100,X,2020-05-31,1
win_100,XEC,2020-05-31,1
win_100,XONE1,2020-05-31,2
win_100,XPEL,2020-05-31,2
win_100,XYZ,2020-05-31,2
win_100,YETI,2020-05-31,2
win_100,ZG,2020-05-31,2
win_100,AA,2020-06-30,1
win_100,ABCB,2020-06-30,1
win_100,ABG,2020-06-30,1
win_100,ACBI,2020-06-30,1
win_100,ACH,2020-06-30,1
win_100,ACHC,2020-06-30,1
win_100,ADNT,2020-06-30,1
win_100,AEO,2020-06-30,1
win_100,AFG,2020-06-30,1
win_100,AGCO,2020-06-30,2
win_100,AGNT,2020-06-30,2
win_100,AGYS,2020-06-30,1
win_100,AIMC,2020-06-30,1
win_100,AIMT,2020-06-30,1
win_100,ALB,2020-06-30,2
win_100,ALGN,2020-06-30,2
win_100,ALLY,2020-06-30,1
win_100,AM,2020-06-30,1
win_100,AMAT,2020-06-30,2
win_100,AMBA,2020-06-30,2
win_100,AMCX,2020-06-30,1
win_100,AMG,2020-06-30,1
win_100,AMN,2020-06-30,2
win_100,AMRC,2020-06-30,2
win_100,AMSC,2020-06-30,2
win_100,AN,2020-06-30,1
win_100,ANAT,2020-06-30,1
win_100,ANDE,2020-06-30,1
win_100,ANF,2020-06-30,1
win_100,ANGO,2020-06-30,1
win_100,AOSL,2020-06-30,1
win_100,APPN,2020-06-30,2
win_100,APPS,2020-06-30,2
win_100,APVO,2020-06-30,1
win_100,ARCB,2020-06-30,1
win_100,ARCH,2020-06-30,1
win_100,ARVN,2020-06-30,2
win_100,ASIX,2020-06-30,1
win_100,ASPN,2020-06-30,1
win_100,ASTH,2020-06-30,2
win_100,ATH,2020-06-30,1
win_100,ATI,2020-06-30,1
win_100,ATKR,2020-06-30,1
win_100,ATOM,2020-06-30,2
win_100,AVID,2020-06-30,1
win_100,AVTR,2020-06-30,2
win_100,AVYAQ,2020-06-30,2
win_100,AX,2020-06-30,2
win_100,AXGN,2020-06-30,1
win_100,AZTA,2020-06-30,2
win_100,BALY,2020-06-30,1
win_100,BBBYQ,2020-06-30,1
win_100,BBT,2020-06-30,1
win_100,BBWI,2020-06-30,1
win_100,BE,2020-06-30,1
win_100,BECN,2020-06-30,1
win_100,BFH,2020-06-30,1
win_100,BH,2020-06-30,1
win_100,BJRI,2020-06-30,1
win_100,BKE,2020-06-30,1
win_100,BKU,2020-06-30,1
win_100,BLDR,2020-06-30,2
win_100,BLFS,2020-06-30,2
win_100,BLMN,2020-06-30,1
win_100,BLNK,2020-06-30,1
win_100,BMCH,2020-06-30,2
win_100,BOOM,2020-06-30,1
win_100,BOOT,2020-06-30,1
win_100,BPFH,2020-06-30,1
win_100,BPOP,2020-06-30,1
win_100,BSET,2020-06-30,1
win_100,BXC,2020-06-30,1
win_100,BYD,2020-06-30,1
win_100,CADE3,2020-06-30,1
win_100,CAI1,2020-06-30,1
win_100,CAKE,2020-06-30,1
win_100,CAL,2020-06-30,1
win_100,CALX,2020-06-30,2
win_100,CAR,2020-06-30,1
win_100,CARS,2020-06-30,1
win_100,CASH,2020-06-30,1
win_100,CATO,2020-06-30,1
win_100,CC,2020-06-30,1
win_100,CCRN,2020-06-30,1
win_100,CCS,2020-06-30,2
win_100,CDMO,2020-06-30,2
win_100,CDNA,2020-06-30,2
win_100,CELH,2020-06-30,2
win_100,CEQP,2020-06-30,1
win_100,CHEF,2020-06-30,1
win_100,CHNG,2020-06-30,1
win_100,CHUY,2020-06-30,1
win_100,CHX,2020-06-30,1
win_100,CIT,2020-06-30,1
win_100,CIVI,2020-06-30,1
win_100,CLAR,2020-06-30,2
win_100,CLCT,2020-06-30,2
win_100,CLDX,2020-06-30,1
win_100,CLF,2020-06-30,1
win_100,CLR,2020-06-30,1
win_100,CNH,2020-06-30,1
win_100,CNR,2020-06-30,1
win_100,CNR2,2020-06-30,1
win_100,COF,2020-06-30,1
win_100,COHN,2020-06-30,1
win_100,COHR1,2020-06-30,2
win_100,COHU,2020-06-30,1
win_100,CONNQ,2020-06-30,1
win_100,COOP,2020-06-30,1
win_100,COWN,2020-06-30,1
win_100,CPRI,2020-06-30,1
win_100,CPS,2020-06-30,1
win_100,CRAI,2020-06-30,2
win_100,CRL,2020-06-30,2
win_100,CROX,2020-06-30,2
win_100,CRSP,2020-06-30,2
win_100,CRTO,2020-06-30,1
win_100,CRWD,2020-06-30,2
win_100,CSV,2020-06-30,1
win_100,CTB,2020-06-30,2
win_100,CTRN,2020-06-30,1
win_100,CUBI,2020-06-30,1
win_100,CUROQ,2020-06-30,1
win_100,CUTRQ,2020-06-30,1
win_100,CVLT,2020-06-30,2
win_100,CVNA,2020-06-30,2
win_100,CYRX,2020-06-30,2
win_100,CZR,2020-06-30,1
win_100,DAR,2020-06-30,2
win_100,DBDQQ,2020-06-30,1
win_100,DBI,2020-06-30,1
win_100,DCP,2020-06-30,1
win_100,DDD,2020-06-30,1
win_100,DDS,2020-06-30,1
win_100,DE,2020-06-30,2
win_100,DFIN,2020-06-30,1
win_100,DFS,2020-06-30,1
win_100,DIN,2020-06-30,1
win_100,DKL,2020-06-30,1
win_100,DKS,2020-06-30,2
win_100,DLAPQ,2020-06-30,1
win_100,DLTH,2020-06-30,1
win_100,DLX,2020-06-30,1
win_100,DMRC,2020-06-30,1
win_100,DMTKQ,2020-06-30,1
win_100,DNLI,2020-06-30,2
win_100,DOMO,2020-06-30,2
win_100,DVN,2020-06-30,1
win_100,DXC,2020-06-30,1
win_100,DZSI,2020-06-30,1
win_100,EAT,2020-06-30,1
win_100,EB,2020-06-30,1
win_100,EIDX,2020-06-30,2
win_100,ENPH,2020-06-30,2
win_100,ENSG,2020-06-30,2
win_100,ENTG,2020-06-30,2
win_100,ENVA,2020-06-30,1
win_100,EOLS,2020-06-30,1
win_100,EPAM,2020-06-30,2
win_100,ERII,2020-06-30,2
win_100,ESI,2020-06-30,2
win_100,ESTA,2020-06-30,1
win_100,ETD,2020-06-30,1
win_100,EV1,2020-06-30,2
win_100,EVH,2020-06-30,1
win_100,EVR,2020-06-30,1
win_100,EVRI,2020-06-30,1
win_100,EWBC,2020-06-30,2
win_100,EXP,2020-06-30,2
win_100,F,2020-06-30,1
win_100,FANG,2020-06-30,1
win_100,FATE,2020-06-30,2
win_100,FBP,2020-06-30,1
win_100,FCNCA,2020-06-30,2
win_100,FCX,2020-06-30,2
win_100,FDUS,2020-06-30,1
win_100,FDX,2020-06-30,2
win_100,FITB,2020-06-30,1
win_100,FL,2020-06-30,1
win_100,FLGT,2020-06-30,2
win_100,FLXS,2020-06-30,1
win_100,FNKO,2020-06-30,1
win_100,FPRX,2020-06-30,1
win_100,FRGI,2020-06-30,1
win_100,FRHC,2020-06-30,2
win_100,FRTA,2020-06-30,2
win_100,FTAI,2020-06-30,1
win_100,FTSI,2020-06-30,1
win_100,FUVV,2020-06-30,2
win_100,GAP,2020-06-30,1
win_100,GCO,2020-06-30,1
win_100,GDEN,2020-06-30,1
win_100,GDYN,2020-06-30,1
win_100,GES,2020-06-30,1
win_100,GIII,2020-06-30,1
win_100,GKOS,2020-06-30,1
win_100,GLP,2020-06-30,1
win_100,GM,2020-06-30,1
win_100,GNK,2020-06-30,1
win_100,GNRC,2020-06-30,2
win_100,GOLD,2020-06-30,2
win_100,GPI,2020-06-30,1
win_100,GPRE,2020-06-30,1
win_100,GRPN,2020-06-30,1
win_100,GRWG,2020-06-30,2
win_100,GTLS,2020-06-30,1
win_100,GWB,2020-06-30,1
win_100,HAFC,2020-06-30,1
win_100,HASI,2020-06-30,2
win_100,HCA,2020-06-30,2
win_100,HCI,2020-06-30,2
win_100,HGV,2020-06-30,1
win_100,HIBB,2020-06-30,1
win_100,HLIO,2020-06-30,1
win_100,HOME,2020-06-30,1
win_100,HOUS,2020-06-30,1
win_100,HOV,2020-06-30,1
win_100,HRI,2020-06-30,1
win_100,HSII,2020-06-30,1
win_100,HSKA,2020-06-30,2
win_100,HTH,2020-06-30,1
win_100,HUBS,2020-06-30,2
win_100,HVT,2020-06-30,1
win_100,HWC,2020-06-30,1
win_100,HWM,2020-06-30,1
win_100,HZO,2020-06-30,2
win_100,ICHR,2020-06-30,2
win_100,IHRT,2020-06-30,1
win_100,IMMU,2020-06-30,2
win_100,INSP,2020-06-30,2
win_100,IVZ,2020-06-30,1
win_100,JCI,2020-06-30,2
win_100,JOE,2020-06-30,2
win_100,JWN,2020-06-30,1
win_100,JYNT,2020-06-30,2
win_100,KFRC,2020-06-30,2
win_100,KFY,2020-06-30,1
win_100,KLIC,2020-06-30,2
win_100,KNL,2020-06-30,1
win_100,KSS,2020-06-30,1
win_100,KTB,2020-06-30,1
win_100,LAD,2020-06-30,2
win_100,LAZRQ,2020-06-30,2
win_100,LBRT,2020-06-30,1
win_100,LDL,2020-06-30,1
win_100,LE,2020-06-30,1
win_100,LEVI,2020-06-30,2
win_100,LGF.B,2020-06-30,1
win_100,LIND,2020-06-30,1
win_100,LMAT,2020-06-30,2
win_100,LNWO,2020-06-30,1
win_100,LOB,2020-06-30,1
win_100,LORL,2020-06-30,1
win_100,LOVE,2020-06-30,2
win_100,LPRO,2020-06-30,2
win_100,LPX,2020-06-30,2
win_100,LQDT,2020-06-30,1
win_100,LRCX,2020-06-30,2
win_100,LTHM,2020-06-30,1
win_100,M,2020-06-30,1
win_100,MAT,2020-06-30,1
win_100,MATX,2020-06-30,2
win_100,MAXR,2020-06-30,2
win_100,MC,2020-06-30,2
win_100,MDP,2020-06-30,1
win_100,MDRX,2020-06-30,1
win_100,MED,2020-06-30,2
win_100,MGM,2020-06-30,1
win_100,MGNI,2020-06-30,1
win_100,MGY,2020-06-30,1
win_100,MIDD,2020-06-30,2
win_100,MIK,2020-06-30,1
win_100,MITK,2020-06-30,2
win_100,MLKN,2020-06-30,1
win_100,MOD,2020-06-30,1
win_100,MODVQ,2020-06-30,2
win_100,MORF,2020-06-30,2
win_100,MOS,2020-06-30,1
win_100,MOV,2020-06-30,1
win_100,MRNA,2020-06-30,2
win_100,MRO,2020-06-30,1
win_100,MSB,2020-06-30,1
win_100,MSTR,2020-06-30,2
win_100,MTDR,2020-06-30,1
win_100,MTSC,2020-06-30,1
win_100,MTW,2020-06-30,1
win_100,MTZ,2020-06-30,2
win_100,MX,2020-06-30,1
win_100,MYGN,2020-06-30,1
win_100,MYOK,2020-06-30,2
win_100,MYRG,2020-06-30,2
win_100,NAVI,2020-06-30,1
win_100,NBR,2020-06-30,1
win_100,NDLS,2020-06-30,1
win_100,NESR,2020-06-30,1
win_100,NEWT,2020-06-30,1
win_100,NFE,2020-06-30,2
win_100,NOVA,2020-06-30,1
win_100,NSIT,2020-06-30,2
win_100,NSLR,2020-06-30,1
win_100,NSTGQ,2020-06-30,2
win_100,NTLA,2020-06-30,2
win_100,NTRA,2020-06-30,2
win_100,NUAN,2020-06-30,2
win_100,NUE,2020-06-30,2
win_100,NVAX,2020-06-30,2
win_100,NVCR,2020-06-30,2
win_100,NVDA,2020-06-30,2
win_100,NWSA,2020-06-30,2
win_100,NXH,2020-06-30,2
win_100,OII,2020-06-30,1
win_100,OLN,2020-06-30,1
win_100,OMCL,2020-06-30,2
win_100,OMF,2020-06-30,1
win_100,OMP,2020-06-30,1
win_100,ONTO,2020-06-30,2
win_100,OPRX,2020-06-30,1
win_100,OPY,2020-06-30,1
win_100,OVV,2020-06-30,1
win_100,OXM,2020-06-30,1
win_100,PACW,2020-06-30,1
win_100,PAR,2020-06-30,2
win_100,PDCE,2020-06-30,1
win_100,PENN,2020-06-30,1
win_100,PHR,2020-06-30,2
win_100,PINS,2020-06-30,2
win_100,PIPR,2020-06-30,1
win_100,PLAY,2020-06-30,1
win_100,PLCE,2020-06-30,1
win_100,PLUG,2020-06-30,2
win_100,PNFP,2020-06-30,1
win_100,POLY,2020-06-30,1
win_100,PPBI,2020-06-30,1
win_100,PRFT,2020-06-30,2
win_100,PRKS,2020-06-30,1
win_100,PRSU,2020-06-30,1
win_100,PRTA,2020-06-30,1
win_100,PRTS,2020-06-30,2
win_100,PTGX,2020-06-30,2
win_100,PVH,2020-06-30,1
win_100,PWR,2020-06-30,2
win_100,QTRX,2020-06-30,2
win_100,QVCAQ,2020-06-30,1
win_100,R,2020-06-30,1
win_100,RAVN,2020-06-30,1
win_100,RCKT,2020-06-30,2
win_100,RDNT,2020-06-30,2
win_100,RDNW,2020-06-30,1
win_100,RDUS,2020-06-30,1
win_100,REGI,2020-06-30,2
win_100,REVG,2020-06-30,1
win_100,REZI,2020-06-30,1
win_100,RH,2020-06-30,2
win_100,RICK,2020-06-30,1
win_100,RILY,2020-06-30,1
win_100,RM,2020-06-30,1
win_100,ROCC,2020-06-30,1
win_100,ROKU,2020-06-30,2
win_100,RRC,2020-06-30,1
win_100,RRGB,2020-06-30,1
win_100,RRR,2020-06-30,1
win_100,RUBY,2020-06-30,1
win_100,RUN,2020-06-30,2
win_100,RUTH,2020-06-30,1
win_100,RVLV,2020-06-30,1
win_100,RYZ,2020-06-30,1
win_100,SC,2020-06-30,1
win_100,SCHW,2020-06-30,2
win_100,SCU,2020-06-30,1
win_100,SEM,2020-06-30,1
win_100,SF,2020-06-30,2
win_100,SFIX,2020-06-30,2
win_100,SGI,2020-06-30,2
win_100,SGRY,2020-06-30,1
win_100,SHAK,2020-06-30,2
win_100,SHOE,2020-06-30,1
win_100,SHYF,2020-06-30,2
win_100,SIG,2020-06-30,1
win_100,SIVBQ,2020-06-30,2
win_100,SIX,2020-06-30,1
win_100,SKY,2020-06-30,2
win_100,SLM,2020-06-30,1
win_100,SNAP,2020-06-30,2
win_100,SNBRQ,2020-06-30,2
win_100,SNV,2020-06-30,1
win_100,SNX,2020-06-30,2
win_100,SOLY,2020-06-30,1
win_100,SONO,2020-06-30,2
win_100,SPWRQ,2020-06-30,1
win_100,SSP,2020-06-30,1
win_100,SSTK,2020-06-30,2
win_100,STAA,2020-06-30,2
win_100,STAY,2020-06-30,1
win_100,STL,2020-06-30,1
win_100,STLD,2020-06-30,2
win_100,STRL,2020-06-30,1
win_100,STRO,2020-06-30,1
win_100,SUM,2020-06-30,1
win_100,SWAV,2020-06-30,2
win_100,SWBI,2020-06-30,2
win_100,SYF,2020-06-30,1
win_100,SYNA,2020-06-30,2
win_100,TBBK,2020-06-30,1
win_100,TBCH,2020-06-30,2
win_100,TCBI,2020-06-30,1
win_100,TDC,2020-06-30,1
win_100,TDW,2020-06-30,1
win_100,TEN1,2020-06-30,1
win_100,TEX,2020-06-30,1
win_100,TFIN,2020-06-30,1
win_100,TGI,2020-06-30,1
win_100,TGT,2020-06-30,2
win_100,THC,2020-06-30,1
win_100,TITN,2020-06-30,1
win_100,TLRY,2020-06-30,1
win_100,TLYS,2020-06-30,1
win_100,TNL,2020-06-30,1
win_100,TPIC,2020-06-30,2
win_100,TPL,2020-06-30,2
win_100,TPR,2020-06-30,1
win_100,TRGP,2020-06-30,1
win_100,TRIP,2020-06-30,1
win_100,TROX,2020-06-30,1
win_100,TRUP,2020-06-30,2
win_100,TSLA,2020-06-30,2
win_100,TT,2020-06-30,2
win_100,TTEC,2020-06-30,2
win_100,TTGT,2020-06-30,2
win_100,TVTY,2020-06-30,1
win_100,TWST,2020-06-30,2
win_100,TWTR,2020-06-30,2
win_100,TXT,2020-06-30,1
win_100,TZOO,2020-06-30,1
win_100,UAA,2020-06-30,1
win_100,UCTT,2020-06-30,2
win_100,UFS,2020-06-30,1
win_100,UIS,2020-06-30,1
win_100,UNFI,2020-06-30,2
win_100,UPWK,2020-06-30,2
win_100,URBN,2020-06-30,1
win_100,URI,2020-06-30,2
win_100,USCR,2020-06-30,1
win_100,VBTX,2020-06-30,1
win_100,VCEL,2020-06-30,2
win_100,VISN,2020-06-30,1
win_100,VMI,2020-06-30,2
win_100,VNE,2020-06-30,1
win_100,VOXX,2020-06-30,1
win_100,VRT,2020-06-30,2
win_100,VRTS,2020-06-30,2
win_100,VRTV,2020-06-30,1
win_100,VSLR,2020-06-30,2
win_100,VSTO,2020-06-30,2
win_100,VTLE,2020-06-30,1
win_100,VYX,2020-06-30,1
win_100,WAL,2020-06-30,1
win_100,WBT,2020-06-30,1
win_100,WCC,2020-06-30,1
win_100,WD,2020-06-30,1
win_100,WES,2020-06-30,1
win_100,WK,2020-06-30,2
win_100,WMS,2020-06-30,2
win_100,WOW,2020-06-30,1
win_100,WRLD,2020-06-30,1
win_100,WSC,2020-06-30,1
win_100,WTRE1,2020-06-30,1
win_100,X,2020-06-30,1
win_100,XEC,2020-06-30,1
win_100,XONE1,2020-06-30,2
win_100,XPEL,2020-06-30,2
win_100,XYZ,2020-06-30,2
win_100,YETI,2020-06-30,2
win_100,ZBRA,2020-06-30,2
win_100,ZD,2020-06-30,2
win_100,ZG,2020-06-30,2
win_100,AA,2020-07-31,1
win_100,ABCB,2020-07-31,1
win_100,ABG,2020-07-31,2
win_100,ACH,2020-07-31,1
win_100,ACHC,2020-07-31,2
win_100,ADNT,2020-07-31,1
win_100,AEO,2020-07-31,1
win_100,AFG,2020-07-31,1
win_100,AGCO,2020-07-31,2
win_100,AGNT,2020-07-31,2
win_100,AGO,2020-07-31,1
win_100,AGYS,2020-07-31,1
win_100,AIMT,2020-07-31,1
win_100,AIR,2020-07-31,1
win_100,ALB,2020-07-31,2
win_100,ALGN,2020-07-31,2
win_100,ALLY,2020-07-31,1
win_100,AMAT,2020-07-31,2
win_100,AMBA,2020-07-31,2
win_100,AMCX,2020-07-31,1
win_100,AMG,2020-07-31,1
win_100,AMRC,2020-07-31,2
win_100,AN,2020-07-31,2
win_100,ANAT,2020-07-31,1
win_100,ANF,2020-07-31,1
win_100,ANGO,2020-07-31,1
win_100,APLS,2020-07-31,2
win_100,APPN,2020-07-31,2
win_100,APPS,2020-07-31,2
win_100,APVO,2020-07-31,1
win_100,ARCH,2020-07-31,1
win_100,ARVN,2020-07-31,2
win_100,ASIX,2020-07-31,1
win_100,ATH,2020-07-31,1
win_100,ATI,2020-07-31,1
win_100,ATKR,2020-07-31,1
win_100,ATRC,2020-07-31,2
win_100,AVID,2020-07-31,1
win_100,AVNT,2020-07-31,1
win_100,AVNW,2020-07-31,2
win_100,AX,2020-07-31,2
win_100,AXON,2020-07-31,2
win_100,BALY,2020-07-31,1
win_100,BBBYQ,2020-07-31,1
win_100,BBT,2020-07-31,1
win_100,BBWI,2020-07-31,1
win_100,BEEM,2020-07-31,2
win_100,BFH,2020-07-31,1
win_100,BGFV,2020-07-31,1
win_100,BJRI,2020-07-31,1
win_100,BKE,2020-07-31,1
win_100,BKU,2020-07-31,1
win_100,BLFS,2020-07-31,2
win_100,BLMN,2020-07-31,1
win_100,BLNK,2020-07-31,2
win_100,BMCH,2020-07-31,2
win_100,BOC,2020-07-31,1
win_100,BOOT,2020-07-31,1
win_100,BPFH,2020-07-31,1
win_100,BPOP,2020-07-31,1
win_100,BX,2020-07-31,2
win_100,BXC,2020-07-31,1
win_100,BYD,2020-07-31,1
win_100,CADE3,2020-07-31,1
win_100,CAI1,2020-07-31,1
win_100,CAL,2020-07-31,1
win_100,CALX,2020-07-31,2
win_100,CAR,2020-07-31,1
win_100,CASH,2020-07-31,1
win_100,CATO,2020-07-31,1
win_100,CBRE,2020-07-31,2
win_100,CCRN,2020-07-31,1
win_100,CDMO,2020-07-31,2
win_100,CDNA,2020-07-31,2
win_100,CELH,2020-07-31,2
win_100,CEQP,2020-07-31,1
win_100,CHEF,2020-07-31,1
win_100,CHPT,2020-07-31,2
win_100,CHUY,2020-07-31,1
win_100,CHX,2020-07-31,1
win_100,CIT,2020-07-31,1
win_100,CIVI,2020-07-31,1
win_100,CLAR,2020-07-31,2
win_100,CLCT,2020-07-31,2
win_100,CLDX,2020-07-31,1
win_100,CLF,2020-07-31,1
win_100,CLFD,2020-07-31,2
win_100,CMBMF,2020-07-31,1
win_100,CNH,2020-07-31,1
win_100,CNR,2020-07-31,1
win_100,CNR2,2020-07-31,1
win_100,COF,2020-07-31,1
win_100,CONNQ,2020-07-31,1
win_100,COOP,2020-07-31,2
win_100,COWN,2020-07-31,2
win_100,CPRI,2020-07-31,1
win_100,CPS,2020-07-31,1
win_100,CRAI,2020-07-31,2
win_100,CRL,2020-07-31,2
win_100,CROX,2020-07-31,2
win_100,CRTO,2020-07-31,1
win_100,CRWD,2020-07-31,2
win_100,CSWC,2020-07-31,1
win_100,CTRN,2020-07-31,1
win_100,CUBI,2020-07-31,1
win_100,CUROQ,2020-07-31,1
win_100,CUTRQ,2020-07-31,1
win_100,CVA,2020-07-31,1
win_100,CVNA,2020-07-31,2
win_100,CZR,2020-07-31,1
win_100,DAN,2020-07-31,1
win_100,DAR,2020-07-31,2
win_100,DBI,2020-07-31,1
win_100,DCP,2020-07-31,1
win_100,DDD,2020-07-31,1
win_100,DDS,2020-07-31,1
win_100,DE,2020-07-31,2
win_100,DFIN,2020-07-31,1
win_100,DFS,2020-07-31,1
win_100,DKS,2020-07-31,2
win_100,DLTH,2020-07-31,1
win_100,DMRC,2020-07-31,1
win_100,DMTKQ,2020-07-31,1
win_100,DNLI,2020-07-31,2
win_100,DOMO,2020-07-31,2
win_100,DVN,2020-07-31,1
win_100,DXC,2020-07-31,1
win_100,EAT,2020-07-31,1
win_100,EIDX,2020-07-31,2
win_100,ENPH,2020-07-31,2
win_100,ENVA,2020-07-31,1
win_100,ERII,2020-07-31,2
win_100,ESI,2020-07-31,2
win_100,ETD,2020-07-31,1
win_100,EV1,2020-07-31,2
win_100,EVR,2020-07-31,1
win_100,EVRI,2020-07-31,1
win_100,EWBC,2020-07-31,1
win_100,F,2020-07-31,1
win_100,FATE,2020-07-31,2
win_100,FBP,2020-07-31,1
win_100,FC,2020-07-31,1
win_100,FCX,2020-07-31,2
win_100,FDUS,2020-07-31,1
win_100,FFIC,2020-07-31,1
win_100,FLGT,2020-07-31,2
win_100,FLOW2,2020-07-31,2
win_100,FLXS,2020-07-31,1
win_100,FNKO,2020-07-31,1
win_100,FPRX,2020-07-31,1
win_100,FRGI,2020-07-31,1
win_100,FRHC,2020-07-31,2
win_100,FTAI,2020-07-31,1
win_100,FUVV,2020-07-31,2
win_100,GAP,2020-07-31,1
win_100,GCO,2020-07-31,1
win_100,GDEN,2020-07-31,1
win_100,GE,2020-07-31,1
win_100,GES,2020-07-31,1
win_100,GIII,2020-07-31,1
win_100,GLP,2020-07-31,1
win_100,GM,2020-07-31,1
win_100,GMS,2020-07-31,1
win_100,GNK,2020-07-31,1
win_100,GNRC,2020-07-31,2
win_100,GPI,2020-07-31,1
win_100,GPRE,2020-07-31,1
win_100,GRPN,2020-07-31,1
win_100,GRWG,2020-07-31,2
win_100,GTLS,2020-07-31,2
win_100,GWB,2020-07-31,1
win_100,HAFC,2020-07-31,1
win_100,HAPN,2020-07-31,1
win_100,HAYN,2020-07-31,1
win_100,HCI,2020-07-31,2
win_100,HEES,2020-07-31,1
win_100,HGV,2020-07-31,1
win_100,HIBB,2020-07-31,1
win_100,HLIO,2020-07-31,1
win_100,HOME,2020-07-31,1
win_100,HOV,2020-07-31,1
win_100,HRI,2020-07-31,1
win_100,HSII,2020-07-31,1
win_100,HSKA,2020-07-31,2
win_100,HUBS,2020-07-31,2
win_100,HVT,2020-07-31,1
win_100,HWC,2020-07-31,1
win_100,HWM,2020-07-31,1
win_100,IIIN,2020-07-31,1
win_100,IMMU,2020-07-31,2
win_100,INGN,2020-07-31,1
win_100,IPG,2020-07-31,1
win_100,IT,2020-07-31,2
win_100,IVZ,2020-07-31,1
win_100,JAKK,2020-07-31,1
win_100,JHG,2020-07-31,2
win_100,JLL,2020-07-31,2
win_100,JOE,2020-07-31,2
win_100,JWN,2020-07-31,1
win_100,KALU,2020-07-31,1
win_100,KALV,2020-07-31,1
win_100,KFRC,2020-07-31,2
win_100,KFY,2020-07-31,1
win_100,KLIC,2020-07-31,2
win_100,KNL,2020-07-31,1
win_100,KRA,2020-07-31,1
win_100,KSS,2020-07-31,1
win_100,KTB,2020-07-31,1
win_100,LDL,2020-07-31,1
win_100,LE,2020-07-31,1
win_100,LEVI,2020-07-31,1
win_100,LNWO,2020-07-31,1
win_100,LOB,2020-07-31,1
win_100,LORL,2020-07-31,1
win_100,LPRO,2020-07-31,2
win_100,LQDT,2020-07-31,1
win_100,LTHM,2020-07-31,1
win_100,LUNA,2020-07-31,2
win_100,M,2020-07-31,1
win_100,MAXR,2020-07-31,1
win_100,MC,2020-07-31,2
win_100,MDP,2020-07-31,1
win_100,MGM,2020-07-31,1
win_100,MGNI,2020-07-31,1
win_100,MGY,2020-07-31,1
win_100,MHK,2020-07-31,1
win_100,MIDD,2020-07-31,2
win_100,MIK,2020-07-31,1
win_100,MITK,2020-07-31,2
win_100,MOD,2020-07-31,1
win_100,MODVQ,2020-07-31,2
win_100,MORF,2020-07-31,2
win_100,MOS,2020-07-31,1
win_100,MOV,2020-07-31,1
win_100,MRNA,2020-07-31,2
win_100,MRO,2020-07-31,1
win_100,MS,2020-07-31,2
win_100,MSB,2020-07-31,1
win_100,MSON,2020-07-31,1
win_100,MSTR,2020-07-31,2
win_100,MTDR,2020-07-31,1
win_100,MTSC,2020-07-31,1
win_100,MTW,2020-07-31,1
win_100,MTZ,2020-07-31,1
win_100,MYGN,2020-07-31,1
win_100,MYOK,2020-07-31,2
win_100,MYRG,2020-07-31,2
win_100,NAVI,2020-07-31,1
win_100,NBR,2020-07-31,1
win_100,NEWT,2020-07-31,1
win_100,NSIT,2020-07-31,2
win_100,NTLA,2020-07-31,2
win_100,NTRA,2020-07-31,2
win_100,NUAN,2020-07-31,2
win_100,NUE,2020-07-31,2
win_100,NVCR,2020-07-31,2
win_100,ODP,2020-07-31,1
win_100,OII,2020-07-31,1
win_100,OKE,2020-07-31,1
win_100,OLN,2020-07-31,1
win_100,OMCL,2020-07-31,2
win_100,OMF,2020-07-31,1
win_100,OMP,2020-07-31,1
win_100,OPRX,2020-07-31,1
win_100,OPY,2020-07-31,1
win_100,OVV,2020-07-31,1
win_100,OXM,2020-07-31,1
win_100,PACW,2020-07-31,1
win_100,PAG,2020-07-31,2
win_100,PARR,2020-07-31,1
win_100,PDCE,2020-07-31,1
win_100,PENN,2020-07-31,2
win_100,PHR,2020-07-31,2
win_100,PIPR,2020-07-31,1
win_100,PLAY,2020-07-31,1
win_100,PLCE,2020-07-31,1
win_100,PLUG,2020-07-31,2
win_100,PNFP,2020-07-31,1
win_100,PRFT,2020-07-31,2
win_100,PRKS,2020-07-31,1
win_100,PRSU,2020-07-31,1
win_100,PRTA,2020-07-31,1
win_100,PTGX,2020-07-31,2
win_100,PVH,2020-07-31,1
win_100,PWR,2020-07-31,2
win_100,QVCAQ,2020-07-31,1
win_100,R,2020-07-31,1
win_100,RAVN,2020-07-31,1
win_100,RDNT,2020-07-31,2
win_100,RDUS,2020-07-31,1
win_100,REGI,2020-07-31,2
win_100,REVG,2020-07-31,1
win_100,REZI,2020-07-31,1
win_100,RH,2020-07-31,2
win_100,RICK,2020-07-31,1
win_100,RILY,2020-07-31,2
win_100,RM,2020-07-31,1
win_100,ROAD,2020-07-31,2
win_100,ROKU,2020-07-31,2
win_100,RRC,2020-07-31,1
win_100,RRGB,2020-07-31,1
win_100,RRR,2020-07-31,1
win_100,RUTH,2020-07-31,1
win_100,RVLV,2020-07-31,1
win_100,SC,2020-07-31,1
win_100,SCHW,2020-07-31,2
win_100,SCU,2020-07-31,1
win_100,SEM,2020-07-31,2
win_100,SF,2020-07-31,2
win_100,SFIX,2020-07-31,2
win_100,SGI,2020-07-31,2
win_100,SGRY,2020-07-31,1
win_100,SHAK,2020-07-31,1
win_100,SHOE,2020-07-31,1
win_100,SHOO,2020-07-31,1
win_100,SHSP,2020-07-31,1
win_100,SHYF,2020-07-31,2
win_100,SIG,2020-07-31,1
win_100,SIVBQ,2020-07-31,2
win_100,SIX,2020-07-31,1
win_100,SLM,2020-07-31,1
win_100,SNAP,2020-07-31,2
win_100,SNBRQ,2020-07-31,2
win_100,SNV,2020-07-31,1
win_100,SOLY,2020-07-31,1
win_100,SONO,2020-07-31,2
win_100,SP,2020-07-31,1
win_100,SPR,2020-07-31,1
win_100,SPWRQ,2020-07-31,2
win_100,SRRK,2020-07-31,1
win_100,SSTK,2020-07-31,2
win_100,STAA,2020-07-31,2
win_100,STAY,2020-07-31,1
win_100,STLD,2020-07-31,2
win_100,STRL,2020-07-31,1
win_100,STX,2020-07-31,2
win_100,SUM,2020-07-31,1
win_100,SWAV,2020-07-31,2
win_100,SYF,2020-07-31,1
win_100,TA,2020-07-31,1
win_100,TBBK,2020-07-31,1
win_100,TBHC,2020-07-31,1
win_100,TDC,2020-07-31,1
win_100,TEN1,2020-07-31,1
win_100,TEX,2020-07-31,1
win_100,TFIN,2020-07-31,1
win_100,TGI,2020-07-31,1
win_100,TGT,2020-07-31,2
win_100,THC,2020-07-31,1
win_100,THRM,2020-07-31,2
win_100,TITN,2020-07-31,1
win_100,TLYS,2020-07-31,1
win_100,TPL,2020-07-31,2
win_100,TPR,2020-07-31,1
win_100,TRGP,2020-07-31,1
win_100,TROX,2020-07-31,1
win_100,TRUP,2020-07-31,2
win_100,TSLA,2020-07-31,2
win_100,TTEC,2020-07-31,2
win_100,TTGT,2020-07-31,2
win_100,TWST,2020-07-31,2
win_100,UFS,2020-07-31,1
win_100,UPBD,2020-07-31,2
win_100,UPWK,2020-07-31,2
win_100,URBN,2020-07-31,1
win_100,URI,2020-07-31,2
win_100,USCR,2020-07-31,1
win_100,VBTX,2020-07-31,1
win_100,VCEL,2020-07-31,2
win_100,VISN,2020-07-31,1
win_100,VNE,2020-07-31,1
win_100,VRS,2020-07-31,1
win_100,VRTS,2020-07-31,2
win_100,VRTV,2020-07-31,1
win_100,VSLR,2020-07-31,2
win_100,VSTO,2020-07-31,2
win_100,VTLE,2020-07-31,1
win_100,VYX,2020-07-31,1
win_100,WAL,2020-07-31,1
win_100,WBT,2020-07-31,1
win_100,WCC,2020-07-31,1
win_100,WD,2020-07-31,1
win_100,WES,2020-07-31,1
win_100,WK,2020-07-31,2
win_100,WMS,2020-07-31,2
win_100,WOW,2020-07-31,1
win_100,WRLD,2020-07-31,1
win_100,X,2020-07-31,1
win_100,XEC,2020-07-31,1
win_100,XPEL,2020-07-31,2
win_100,ZD,2020-07-31,1
win_100,AA,2020-08-31,1
win_100,AB,2020-08-31,2
win_100,ABCB,2020-08-31,1
win_100,ACH,2020-08-31,2
win_100,ACHC,2020-08-31,2
win_100,ACLS,2020-08-31,2
win_100,ADNT,2020-08-31,1
win_100,AEO,2020-08-31,1
win_100,AFG,2020-08-31,1
win_100,AGNT,2020-08-31,2
win_100,AGO,2020-08-31,1
win_100,AGYS,2020-08-31,2
win_100,ALB,2020-08-31,2
win_100,ALEC,2020-08-31,1
win_100,ALGN,2020-08-31,2
win_100,ALLY,2020-08-31,1
win_100,AMAT,2020-08-31,2
win_100,AMC,2020-08-31,1
win_100,AMG,2020-08-31,1
win_100,AMKR,2020-08-31,2
win_100,AMN,2020-08-31,2
win_100,AMRC,2020-08-31,2
win_100,ANAT,2020-08-31,1
win_100,ANF,2020-08-31,1
win_100,ANGO,2020-08-31,1
win_100,AOSL,2020-08-31,2
win_100,APLS,2020-08-31,1
win_100,APOG,2020-08-31,1
win_100,APPS,2020-08-31,2
win_100,ARCH,2020-08-31,1
win_100,ARVN,2020-08-31,1
win_100,ASIX,2020-08-31,1
win_100,ASPN,2020-08-31,1
win_100,ASTH,2020-08-31,2
win_100,ATEC,2020-08-31,2
win_100,ATI,2020-08-31,1
win_100,ATKR,2020-08-31,1
win_100,AVID,2020-08-31,2
win_100,AVNT,2020-08-31,1
win_100,AXON,2020-08-31,2
win_100,BALY,2020-08-31,1
win_100,BBBYQ,2020-08-31,1
win_100,BBT,2020-08-31,1
win_100,BBWI,2020-08-31,2
win_100,BEEM,2020-08-31,2
win_100,BFH,2020-08-31,1
win_100,BGFV,2020-08-31,1
win_100,BHVN1,2020-08-31,2
win_100,BILL,2020-08-31,2
win_100,BKE,2020-08-31,1
win_100,BLFS,2020-08-31,2
win_100,BLNK,2020-08-31,2
win_100,BOC,2020-08-31,1
win_100,BOOT,2020-08-31,1
win_100,BPFH,2020-08-31,1
win_100,BPOP,2020-08-31,1
win_100,BRKR,2020-08-31,2
win_100,BX,2020-08-31,2
win_100,BXC,2020-08-31,1
win_100,BYD,2020-08-31,1
win_100,BYSI,2020-08-31,1
win_100,CADE3,2020-08-31,1
win_100,CAI1,2020-08-31,1
win_100,CAL,2020-08-31,1
win_100,CALX,2020-08-31,2
win_100,CAR,2020-08-31,1
win_100,CARV,2020-08-31,1
win_100,CASH,2020-08-31,1
win_100,CATO,2020-08-31,1
win_100,CBRE,2020-08-31,2
win_100,CCRN,2020-08-31,1
win_100,CDMO,2020-08-31,2
win_100,CDNA,2020-08-31,2
win_100,CELH,2020-08-31,2
win_100,CEQP,2020-08-31,1
win_100,CHEF,2020-08-31,1
win_100,CHPT,2020-08-31,2
win_100,CHX,2020-08-31,1
win_100,CIT,2020-08-31,1
win_100,CLAR,2020-08-31,2
win_100,CLCT,2020-08-31,2
win_100,CLDX,2020-08-31,1
win_100,CLF,2020-08-31,1
win_100,CLR,2020-08-31,1
win_100,CMBMF,2020-08-31,2
win_100,CNH,2020-08-31,1
win_100,CNR,2020-08-31,1
win_100,CNR2,2020-08-31,1
win_100,CNTY,2020-08-31,1
win_100,COF,2020-08-31,1
win_100,COHR1,2020-08-31,2
win_100,COHU,2020-08-31,1
win_100,COOP,2020-08-31,2
win_100,COWN,2020-08-31,2
win_100,CPE,2020-08-31,1
win_100,CPRI,2020-08-31,1
win_100,CRAI,2020-08-31,2
win_100,CRL,2020-08-31,2
win_100,CROX,2020-08-31,2
win_100,CRTO,2020-08-31,1
win_100,CRWD,2020-08-31,2
win_100,CSV,2020-08-31,2
win_100,CTRN,2020-08-31,1
win_100,CUBI,2020-08-31,1
win_100,CUROQ,2020-08-31,1
win_100,CUTRQ,2020-08-31,1
win_100,CVA,2020-08-31,1
win_100,CYH,2020-08-31,1
win_100,CZR,2020-08-31,1
win_100,DAR,2020-08-31,2
win_100,DBI,2020-08-31,1
win_100,DCP,2020-08-31,1
win_100,DDD,2020-08-31,1
win_100,DDS,2020-08-31,1
win_100,DECK,2020-08-31,2
win_100,DFIN,2020-08-31,1
win_100,DFS,2020-08-31,1
win_100,DKS,2020-08-31,2
win_100,DMTKQ,2020-08-31,1
win_100,DOMO,2020-08-31,2
win_100,DTIL,2020-08-31,1
win_100,DVAX,2020-08-31,1
win_100,DVN,2020-08-31,1
win_100,EGBN,2020-08-31,1
win_100,EIDX,2020-08-31,2
win_100,ENPH,2020-08-31,2
win_100,ERII,2020-08-31,2
win_100,ESI,2020-08-31,2
win_100,EVR,2020-08-31,2
win_100,EVRI,2020-08-31,1
win_100,EWBC,2020-08-31,1
win_100,FANG,2020-08-31,1
win_100,FATAQ,2020-08-31,1
win_100,FATE,2020-08-31,2
win_100,FBNC,2020-08-31,1
win_100,FBP,2020-08-31,1
win_100,FC,2020-08-31,1
win_100,FCNCA,2020-08-31,2
win_100,FCX,2020-08-31,2
win_100,FLGT,2020-08-31,2
win_100,FLXS,2020-08-31,1
win_100,FNKO,2020-08-31,1
win_100,FOSL,2020-08-31,1
win_100,FRHC,2020-08-31,2
win_100,FTNT,2020-08-31,2
win_100,FULC,2020-08-31,1
win_100,FUVV,2020-08-31,2
win_100,GCO,2020-08-31,1
win_100,GDEN,2020-08-31,1
win_100,GDYN,2020-08-31,1
win_100,GE,2020-08-31,1
win_100,GES,2020-08-31,1
win_100,GIII,2020-08-31,1
win_100,GME,2020-08-31,1
win_100,GNK,2020-08-31,1
win_100,GNRC,2020-08-31,2
win_100,GOGO,2020-08-31,1
win_100,GORV,2020-08-31,2
win_100,GPRE,2020-08-31,1
win_100,GRWG,2020-08-31,2
win_100,GS,2020-08-31,2
win_100,GTLS,2020-08-31,2
win_100,GWB,2020-08-31,1
win_100,GWPH,2020-08-31,2
win_100,HAFC,2020-08-31,1
win_100,HAPN,2020-08-31,1
win_100,HAYN,2020-08-31,1
win_100,HCI,2020-08-31,2
win_100,HIBB,2020-08-31,2
win_100,HOV,2020-08-31,1
win_100,HRI,2020-08-31,1
win_100,HSII,2020-08-31,1
win_100,HSKA,2020-08-31,2
win_100,HUBS,2020-08-31,2
win_100,HWC,2020-08-31,1
win_100,IEA,2020-08-31,1
win_100,IHRT,2020-08-31,1
win_100,IIIN,2020-08-31,1
win_100,INMB,2020-08-31,1
win_100,INVE,2020-08-31,1
win_100,IPG,2020-08-31,1
win_100,IPI,2020-08-31,1
win_100,IT,2020-08-31,2
win_100,IVZ,2020-08-31,1
win_100,JHG,2020-08-31,2
win_100,JLL,2020-08-31,1
win_100,JOE,2020-08-31,2
win_100,JYNT,2020-08-31,2
win_100,KALU,2020-08-31,1
win_100,KFY,2020-08-31,1
win_100,KLIC,2020-08-31,2
win_100,KRA,2020-08-31,1
win_100,KSS,2020-08-31,1
win_100,KTB,2020-08-31,1
win_100,LDL,2020-08-31,1
win_100,LE,2020-08-31,1
win_100,LEU,2020-08-31,1
win_100,LEVI,2020-08-31,1
win_100,LNWO,2020-08-31,1
win_100,LOB,2020-08-31,2
win_100,LOVE,2020-08-31,2
win_100,LQDT,2020-08-31,1
win_100,LSCC,2020-08-31,2
win_100,LTHM,2020-08-31,1
win_100,M,2020-08-31,1
win_100,MATX,2020-08-31,2
win_100,MC,2020-08-31,2
win_100,MDP,2020-08-31,1
win_100,MGNI,2020-08-31,1
win_100,MGY,2020-08-31,1
win_100,MHK,2020-08-31,1
win_100,MODVQ,2020-08-31,2
win_100,MORF,2020-08-31,2
win_100,MOV,2020-08-31,1
win_100,MRNA,2020-08-31,2
win_100,MRO,2020-08-31,1
win_100,MS,2020-08-31,2
win_100,MSTR,2020-08-31,2
win_100,MTDR,2020-08-31,1
win_100,MTSC,2020-08-31,1
win_100,MTW,2020-08-31,1
win_100,MXL,2020-08-31,2
win_100,MYGN,2020-08-31,1
win_100,MYOK,2020-08-31,2
win_100,MYRG,2020-08-31,2
win_100,NAVI,2020-08-31,1
win_100,NBR,2020-08-31,1
win_100,NET,2020-08-31,2
win_100,NSYS,2020-08-31,1
win_100,NTLA,2020-08-31,2
win_100,NUE,2020-08-31,2
win_100,NVAX,2020-08-31,2
win_100,NVEE,2020-08-31,2
win_100,ODP,2020-08-31,1
win_100,OII,2020-08-31,1
win_100,OKE,2020-08-31,1
win_100,OLN,2020-08-31,1
win_100,OMCL,2020-08-31,2
win_100,OMF,2020-08-31,1
win_100,OMP,2020-08-31,1
win_100,ON,2020-08-31,2
win_100,ONTO,2020-08-31,2
win_100,OPCH,2020-08-31,1
win_100,OPRT,2020-08-31,1
win_100,OPRX,2020-08-31,2
win_100,OVV,2020-08-31,1
win_100,OXY,2020-08-31,1
win_100,PACB,2020-08-31,2
win_100,PACW,2020-08-31,1
win_100,PDCE,2020-08-31,1
win_100,PHR,2020-08-31,2
win_100,PI,2020-08-31,1
win_100,PLAY,2020-08-31,1
win_100,PLCE,2020-08-31,1
win_100,PLUG,2020-08-31,2
win_100,PNFP,2020-08-31,1
win_100,POLY,2020-08-31,1
win_100,PRFT,2020-08-31,2
win_100,PRKS,2020-08-31,1
win_100,PRSU,2020-08-31,1
win_100,PRTA,2020-08-31,1
win_100,PTGX,2020-08-31,2
win_100,QNCX,2020-08-31,1
win_100,R,2020-08-31,1
win_100,RAVN,2020-08-31,1
win_100,RDNT,2020-08-31,1
win_100,RDUS,2020-08-31,1
win_100,REVG,2020-08-31,1
win_100,REZI,2020-08-31,1
win_100,RH,2020-08-31,2
win_100,RICK,2020-08-31,1
win_100,RILY,2020-08-31,2
win_100,RM,2020-08-31,1
win_100,ROKU,2020-08-31,2
win_100,RRGB,2020-08-31,1
win_100,RRR,2020-08-31,1
win_100,RVLV,2020-08-31,2
win_100,RVP,2020-08-31,2
win_100,SC,2020-08-31,1
win_100,SCHW,2020-08-31,2
win_100,SF,2020-08-31,2
win_100,SFBS,2020-08-31,2
win_100,SGI,2020-08-31,2
win_100,SGRY,2020-08-31,2
win_100,SHOE,2020-08-31,1
win_100,SHYF,2020-08-31,2
win_100,SICPQ,2020-08-31,1
win_100,SIG,2020-08-31,1
win_100,SIVBQ,2020-08-31,2
win_100,SKY,2020-08-31,2
win_100,SLM,2020-08-31,1
win_100,SNAP,2020-08-31,2
win_100,SNV,2020-08-31,1
win_100,SNX,2020-08-31,2
win_100,SOLY,2020-08-31,1
win_100,SONO,2020-08-31,2
win_100,SRRK,2020-08-31,1
win_100,SSTK,2020-08-31,2
win_100,STAA,2020-08-31,2
win_100,STLD,2020-08-31,2
win_100,STRO,2020-08-31,1
win_100,SUM,2020-08-31,1
win_100,SWAV,2020-08-31,2
win_100,SYF,2020-08-31,1
win_100,SYNA,2020-08-31,2
win_100,TBBK,2020-08-31,1
win_100,TBHC,2020-08-31,1
win_100,TBIO1,2020-08-31,2
win_100,TCBI,2020-08-31,1
win_100,TDC,2020-08-31,2
win_100,TEX,2020-08-31,1
win_100,TFIN,2020-08-31,1
win_100,TGI,2020-08-31,1
win_100,THC,2020-08-31,2
win_100,TITN,2020-08-31,1
win_100,TLRY,2020-08-31,1
win_100,TLYS,2020-08-31,1
win_100,TPL,2020-08-31,2
win_100,TPR,2020-08-31,1
win_100,TRGP,2020-08-31,1
win_100,TROX,2020-08-31,1
win_100,TTGT,2020-08-31,2
win_100,UAA,2020-08-31,1
win_100,UIS,2020-08-31,1
win_100,UNFI,2020-08-31,1
win_100,UPBD,2020-08-31,2
win_100,UPWK,2020-08-31,2
win_100,USCR,2020-08-31,1
win_100,UTHR,2020-08-31,2
win_100,VBTX,2020-08-31,1
win_100,VCEL,2020-08-31,2
win_100,VCTR,2020-08-31,2
win_100,VERI,2020-08-31,1
win_100,VNE,2020-08-31,1
win_100,VRA,2020-08-31,1
win_100,VREX,2020-08-31,1
win_100,VRTS,2020-08-31,2
win_100,VRTV,2020-08-31,1
win_100,VSTO,2020-08-31,2
win_100,VTLE,2020-08-31,1
win_100,VYX,2020-08-31,1
win_100,WAL,2020-08-31,1
win_100,WBT,2020-08-31,1
win_100,WCC,2020-08-31,1
win_100,WD,2020-08-31,2
win_100,WES,2020-08-31,1
win_100,WK,2020-08-31,2
win_100,WMS,2020-08-31,2
win_100,WOW,2020-08-31,1
win_100,WRLD,2020-08-31,1
win_100,WSM,2020-08-31,2
win_100,X,2020-08-31,1
win_100,XEC,2020-08-31,1
win_100,XONE1,2020-08-31,2
win_100,XPEL,2020-08-31,2
win_100,ZBRA,2020-08-31,2
win_100,ZWS,2020-08-31,2
win_100,AA,2020-09-30,1
win_100,AAMI,2020-09-30,2
win_100,ABCB,2020-09-30,1
win_100,ABG,2020-09-30,2
win_100,ACBI,2020-09-30,1
win_100,ACHC,2020-09-30,2
win_100,ACLS,2020-09-30,2
win_100,ADNT,2020-09-30,1
win_100,AEGN,2020-09-30,1
win_100,AFG,2020-09-30,1
win_100,AGO,2020-09-30,1
win_100,AGYS,2020-09-30,2
win_100,AIG,2020-09-30,1
win_100,ALB,2020-09-30,2
win_100,ALEC,2020-09-30,1
win_100,ALGN,2020-09-30,2
win_100,ALLY,2020-09-30,1
win_100,AM,2020-09-30,1
win_100,AMAT,2020-09-30,2
win_100,AMBA,2020-09-30,2
win_100,AMG,2020-09-30,1
win_100,AMKR,2020-09-30,2
win_100,AMR,2020-09-30,1
win_100,AN,2020-09-30,2
win_100,ANAT,2020-09-30,1
win_100,ANF,2020-09-30,1
win_100,ANGO,2020-09-30,1
win_100,AOSL,2020-09-30,2
win_100,APA,2020-09-30,1
win_100,APPS,2020-09-30,2
win_100,ARCB,2020-09-30,2
win_100,ARCH,2020-09-30,1
win_100,ARVN,2020-09-30,1
win_100,ASIX,2020-09-30,1
win_100,ASPN,2020-09-30,2
win_100,ASTH,2020-09-30,2
win_100,ATEN,2020-09-30,2
win_100,ATH,2020-09-30,1
win_100,ATKR,2020-09-30,1
win_100,ATOM,2020-09-30,2
win_100,AVID,2020-09-30,2
win_100,AX,2020-09-30,2
win_100,AZTA,2020-09-30,2
win_100,BBT,2020-09-30,1
win_100,BBWI,2020-09-30,2
win_100,BCYC,2020-09-30,2
win_100,BEEM,2020-09-30,1
win_100,BFH,2020-09-30,1
win_100,BGFV,2020-09-30,1
win_100,BHVN1,2020-09-30,2
win_100,BILL,2020-09-30,2
win_100,BKE,2020-09-30,2
win_100,BLNK,2020-09-30,2
win_100,BOC,2020-09-30,1
win_100,BOOT,2020-09-30,1
win_100,BPFH,2020-09-30,1
win_100,BPOP,2020-09-30,1
win_100,BSM,2020-09-30,1
win_100,BX,2020-09-30,2
win_100,BXC,2020-09-30,1
win_100,BYD,2020-09-30,2
win_100,CADE3,2020-09-30,1
win_100,CAI1,2020-09-30,1
win_100,CAL,2020-09-30,1
win_100,CALX,2020-09-30,2
win_100,CAR,2020-09-30,1
win_100,CARV,2020-09-30,1
win_100,CASH,2020-09-30,1
win_100,CATO,2020-09-30,1
win_100,CBRE,2020-09-30,2
win_100,CCRN,2020-09-30,1
win_100,CDMO,2020-09-30,2
win_100,CELH,2020-09-30,2
win_100,CEQP,2020-09-30,1
win_100,CHEF,2020-09-30,1
win_100,CHX,2020-09-30,1
win_100,CIT,2020-09-30,1
win_100,CIVI,2020-09-30,1
win_100,CLDX,2020-09-30,2
win_100,CLF,2020-09-30,1
win_100,CLFD,2020-09-30,2
win_100,CLR,2020-09-30,1
win_100,CMA,2020-09-30,1
win_100,CMBMF,2020-09-30,2
win_100,CNH,2020-09-30,1
win_100,CNOB,2020-09-30,1
win_100,CNTY,2020-09-30,1
win_100,COF,2020-09-30,1
win_100,COHR1,2020-09-30,1
win_100,CONNQ,2020-09-30,1
win_100,COP,2020-09-30,1
win_100,COWN,2020-09-30,2
win_100,CPRI,2020-09-30,1
win_100,CRAI,2020-09-30,1
win_100,CROX,2020-09-30,2
win_100,CRTO,2020-09-30,1
win_100,CRVL,2020-09-30,2
win_100,CSV,2020-09-30,2
win_100,CTRN,2020-09-30,2
win_100,CUBI,2020-09-30,1
win_100,CUROQ,2020-09-30,1
win_100,CUTRQ,2020-09-30,1
win_100,CVA,2020-09-30,1
win_100,CZR,2020-09-30,2
win_100,DBI,2020-09-30,1
win_100,DCP,2020-09-30,1
win_100,DDS,2020-09-30,1
win_100,DFIN,2020-09-30,2
win_100,DFS,2020-09-30,1
win_100,DKS,2020-09-30,2
win_100,DMTKQ,2020-09-30,1
win_100,DOMO,2020-09-30,2
win_100,DVN,2020-09-30,1
win_100,EBSB,2020-09-30,1
win_100,EGBN,2020-09-30,1
win_100,EGLE2,2020-09-30,1
win_100,EIDX,2020-09-30,2
win_100,ENVA,2020-09-30,1
win_100,EOG,2020-09-30,1
win_100,ERII,2020-09-30,2
win_100,ESI,2020-09-30,2
win_100,EV1,2020-09-30,2
win_100,EVH,2020-09-30,2
win_100,EVR,2020-09-30,2
win_100,EVRI,2020-09-30,1
win_100,EWBC,2020-09-30,1
win_100,F,2020-09-30,1
win_100,FANG,2020-09-30,1
win_100,FBNC,2020-09-30,1
win_100,FBP,2020-09-30,1
win_100,FC,2020-09-30,1
win_100,FCNCA,2020-09-30,2
win_100,FCX,2020-09-30,2
win_100,FFBC,2020-09-30,1
win_100,FFIC,2020-09-30,1
win_100,FFWM,2020-09-30,2
win_100,FHB,2020-09-30,1
win_100,FISI,2020-09-30,1
win_100,FITB,2020-09-30,1
win_100,FLGT,2020-09-30,2
win_100,FLNA,2020-09-30,2
win_100,FNKO,2020-09-30,1
win_100,FOSL,2020-09-30,1
win_100,FRHC,2020-09-30,2
win_100,FTNT,2020-09-30,2
win_100,FULC,2020-09-30,1
win_100,GCO,2020-09-30,1
win_100,GDEN,2020-09-30,1
win_100,GDYN,2020-09-30,1
win_100,GE,2020-09-30,1
win_100,GIII,2020-09-30,1
win_100,GME,2020-09-30,2
win_100,GNK,2020-09-30,1
win_100,GNRC,2020-09-30,2
win_100,GPI,2020-09-30,2
win_100,GPRE,2020-09-30,1
win_100,GT,2020-09-30,1
win_100,GTLS,2020-09-30,2
win_100,GWB,2020-09-30,1
win_100,GWPH,2020-09-30,2
win_100,HAFC,2020-09-30,1
win_100,HAYN,2020-09-30,1
win_100,HCI,2020-09-30,2
win_100,HESM,2020-09-30,2
win_100,HGV,2020-09-30,1
win_100,HLIO,2020-09-30,1
win_100,HOME,2020-09-30,2
win_100,HOV,2020-09-30,1
win_100,HRI,2020-09-30,1
win_100,HSII,2020-09-30,1
win_100,HSKA,2020-09-30,2
win_100,HUBS,2020-09-30,2
win_100,HWC,2020-09-30,1
win_100,IDYA,2020-09-30,1
win_100,IHRT,2020-09-30,1
win_100,IIIN,2020-09-30,1
win_100,IPAR,2020-09-30,1
win_100,IPG,2020-09-30,1
win_100,IPI,2020-09-30,1
win_100,ISBC,2020-09-30,1
win_100,ISEE,2020-09-30,1
win_100,IT,2020-09-30,2
win_100,IVZ,2020-09-30,1
win_100,JLL,2020-09-30,1
win_100,JOE,2020-09-30,2
win_100,JWN,2020-09-30,1
win_100,KALU,2020-09-30,1
win_100,KFY,2020-09-30,1
win_100,KLIC,2020-09-30,2
win_100,KNL,2020-09-30,1
win_100,KRA,2020-09-30,1
win_100,KSS,2020-09-30,1
win_100,KTB,2020-09-30,1
win_100,LDL,2020-09-30,1
win_100,LEU,2020-09-30,1
win_100,LNC,2020-09-30,1
win_100,LNG,2020-09-30,2
win_100,LNTH,2020-09-30,1
win_100,LNWO,2020-09-30,2
win_100,LOB,2020-09-30,2
win_100,LORL,2020-09-30,1
win_100,LOVE,2020-09-30,2
win_100,LPLA,2020-09-30,2
win_100,LPX,2020-09-30,2
win_100,LQDT,2020-09-30,2
win_100,LSCC,2020-09-30,2
win_100,LTHM,2020-09-30,1
win_100,M,2020-09-30,1
win_100,MATX,2020-09-30,2
win_100,MBI,2020-09-30,1
win_100,MCS,2020-09-30,1
win_100,MDB,2020-09-30,2
win_100,MDP,2020-09-30,1
win_100,MGNI,2020-09-30,1
win_100,MGY,2020-09-30,1
win_100,MIC2,2020-09-30,1
win_100,MIK,2020-09-30,1
win_100,MNRL,2020-09-30,1
win_100,MORF,2020-09-30,2
win_100,MOV,2020-09-30,1
win_100,MPC,2020-09-30,1
win_100,MPLX,2020-09-30,1
win_100,MRNA,2020-09-30,2
win_100,MS,2020-09-30,2
win_100,MSBI,2020-09-30,1
win_100,MSON,2020-09-30,1
win_100,MSTR,2020-09-30,2
win_100,MTDR,2020-09-30,1
win_100,MTSC,2020-09-30,1
win_100,MTW,2020-09-30,1
win_100,MTZ,2020-09-30,2
win_100,MUR,2020-09-30,1
win_100,MXL,2020-09-30,2
win_100,MYGN,2020-09-30,1
win_100,MYRG,2020-09-30,2
win_100,NAVI,2020-09-30,1
win_100,NBLX,2020-09-30,1
win_100,NBR,2020-09-30,1
win_100,NET,2020-09-30,2
win_100,NOG,2020-09-30,1
win_100,NTAP,2020-09-30,2
win_100,NTLA,2020-09-30,2
win_100,NUE,2020-09-30,2
win_100,ODP,2020-09-30,1
win_100,OFG,2020-09-30,1
win_100,OKE,2020-09-30,1
win_100,OLN,2020-09-30,1
win_100,OMF,2020-09-30,1
win_100,OMP,2020-09-30,1
win_100,ON,2020-09-30,2
win_100,ONTO,2020-09-30,2
win_100,OPRT,2020-09-30,1
win_100,OPRX,2020-09-30,2
win_100,OPY,2020-09-30,1
win_100,OVV,2020-09-30,1
win_100,OXM,2020-09-30,1
win_100,OXY,2020-09-30,1
win_100,PACB,2020-09-30,2
win_100,PACW,2020-09-30,1
win_100,PAG,2020-09-30,2
win_100,PARR,2020-09-30,1
win_100,PBF,2020-09-30,1
win_100,PDCE,2020-09-30,1
win_100,PFC,2020-09-30,1
win_100,PFS,2020-09-30,1
win_100,PI,2020-09-30,1
win_100,PLAY,2020-09-30,1
win_100,PLCE,2020-09-30,1
win_100,PNFP,2020-09-30,1
win_100,POLY,2020-09-30,1
win_100,PPBI,2020-09-30,1
win_100,PRFT,2020-09-30,2
win_100,PRKS,2020-09-30,1
win_100,PRSU,2020-09-30,1
win_100,PRTA,2020-09-30,1
win_100,PRVL,2020-09-30,1
win_100,PWR,2020-09-30,2
win_100,R,2020-09-30,1
win_100,RAVN,2020-09-30,1
win_100,RCUS,2020-09-30,1
win_100,RDUS,2020-09-30,1
win_100,REVG,2020-09-30,1
win_100,REZI,2020-09-30,1
win_100,RICK,2020-09-30,1
win_100,RILY,2020-09-30,2
win_100,ROCC,2020-09-30,1
win_100,RRC,2020-09-30,1
win_100,RRR,2020-09-30,1
win_100,RTLR,2020-09-30,1
win_100,RUBY,2020-09-30,1
win_100,RVLV,2020-09-30,2
win_100,SASR,2020-09-30,1
win_100,SC,2020-09-30,1
win_100,SCHW,2020-09-30,2
win_100,SCU,2020-09-30,1
win_100,SF,2020-09-30,2
win_100,SFBS,2020-09-30,2
win_100,SGI,2020-09-30,2
win_100,SHOO,2020-09-30,1
win_100,SHYF,2020-09-30,2
win_100,SICPQ,2020-09-30,1
win_100,SIG,2020-09-30,1
win_100,SIVBQ,2020-09-30,2
win_100,SIX,2020-09-30,1
win_100,SKY,2020-09-30,2
win_100,SLM,2020-09-30,1
win_100,SNAP,2020-09-30,2
win_100,SNV,2020-09-30,1
win_100,SOLY,2020-09-30,1
win_100,SONO,2020-09-30,2
win_100,SPR,2020-09-30,1
win_100,SPSC,2020-09-30,2
win_100,SSTK,2020-09-30,2
win_100,STAA,2020-09-30,2
win_100,STL,2020-09-30,1
win_100,STLD,2020-09-30,2
win_100,SWAV,2020-09-30,2
win_100,SYNA,2020-09-30,2
win_100,TA,2020-09-30,1
win_100,TALO,2020-09-30,1
win_100,TBBK,2020-09-30,1
win_100,TBHC,2020-09-30,1
win_100,TBIO1,2020-09-30,2
win_100,TDC,2020-09-30,2
win_100,TEAM,2020-09-30,2
win_100,TEN1,2020-09-30,1
win_100,TEX,2020-09-30,1
win_100,TFIN,2020-09-30,1
win_100,TGI,2020-09-30,1
win_100,THC,2020-09-30,1
win_100,TILE,2020-09-30,1
win_100,TLYS,2020-09-30,1
win_100,TMDX,2020-09-30,1
win_100,TPL,2020-09-30,2
win_100,TPR,2020-09-30,1
win_100,TRGP,2020-09-30,1
win_100,TROX,2020-09-30,1
win_100,UFS,2020-09-30,1
win_100,UIS,2020-09-30,1
win_100,UMBF,2020-09-30,1
win_100,UMPQ,2020-09-30,1
win_100,UNFI,2020-09-30,1
win_100,UPWK,2020-09-30,2
win_100,URI,2020-09-30,2
win_100,USCR,2020-09-30,1
win_100,VBTX,2020-09-30,1
win_100,VCEL,2020-09-30,2
win_100,VCTR,2020-09-30,2
win_100,VERI,2020-09-30,1
win_100,VLY,2020-09-30,1
win_100,VNE,2020-09-30,1
win_100,VNOM,2020-09-30,1
win_100,VREX,2020-09-30,1
win_100,VRS,2020-09-30,1
win_100,VRTS,2020-09-30,2
win_100,VRTV,2020-09-30,1
win_100,VTLE,2020-09-30,1
win_100,WAL,2020-09-30,1
win_100,WBS,2020-09-30,1
win_100,WBT,2020-09-30,1
win_100,WCC,2020-09-30,1
win_100,WD,2020-09-30,1
win_100,WES,2020-09-30,1
win_100,WFC,2020-09-30,1
win_100,WIRE,2020-09-30,2
win_100,WK,2020-09-30,2
win_100,WOW,2020-09-30,1
win_100,WTFC,2020-09-30,1
win_100,X,2020-09-30,1
win_100,XEC,2020-09-30,1
win_100,XPEL,2020-09-30,2
win_100,ZBRA,2020-09-30,2
win_100,ZION,2020-09-30,1
win_100,ZWS,2020-09-30,2
win_100,AA,2020-10-31,1
win_100,AAMI,2020-10-31,2
win_100,AB,2020-10-31,2
win_100,ACLS,2020-10-31,2
win_100,ACNT,2020-10-31,1
win_100,AEGN,2020-10-31,1
win_100,AFG,2020-10-31,1
win_100,AGM,2020-10-31,1
win_100,AGNT,2020-10-31,2
win_100,AGO,2020-10-31,1
win_100,ALB,2020-10-31,2
win_100,ALEC,2020-10-31,1
win_100,AM,2020-10-31,1
win_100,AMAT,2020-10-31,2
win_100,AMBA,2020-10-31,2
win_100,AMG,2020-10-31,2
win_100,AMRC,2020-10-31,2
win_100,AN,2020-10-31,2
win_100,ANAT,2020-10-31,1
win_100,ANF,2020-10-31,1
win_100,ANGO,2020-10-31,1
win_100,AOSL,2020-10-31,2
win_100,APA,2020-10-31,1
win_100,APO,2020-10-31,2
win_100,APPS,2020-10-31,2
win_100,ARCB,2020-10-31,2
win_100,ARCH,2020-10-31,1
win_100,ARES,2020-10-31,2
win_100,ARVN,2020-10-31,1
win_100,ASIX,2020-10-31,1
win_100,ASLE,2020-10-31,2
win_100,ASPN,2020-10-31,2
win_100,ATEN,2020-10-31,2
win_100,ATEX,2020-10-31,1
win_100,ATH,2020-10-31,1
win_100,ATKR,2020-10-31,1
win_100,ATOM,2020-10-31,1
win_100,ATRC,2020-10-31,2
win_100,ATRO,2020-10-31,1
win_100,AUPH,2020-10-31,2
win_100,AVID,2020-10-31,2
win_100,AVXL,2020-10-31,2
win_100,AYI,2020-10-31,2
win_100,AZTA,2020-10-31,2
win_100,BAC,2020-10-31,1
win_100,BBT,2020-10-31,1
win_100,BBWI,2020-10-31,2
win_100,BCYC,2020-10-31,1
win_100,BE,2020-10-31,1
win_100,BGFV,2020-10-31,1
win_100,BILL,2020-10-31,2
win_100,BLNK,2020-10-31,1
win_100,BOC,2020-10-31,1
win_100,BOOT,2020-10-31,2
win_100,BPFH,2020-10-31,1
win_100,BSM,2020-10-31,1
win_100,BX,2020-10-31,2
win_100,BXC,2020-10-31,1
win_100,BYD,2020-10-31,2
win_100,CACC,2020-10-31,2
win_100,CAI1,2020-10-31,2
win_100,CAL,2020-10-31,1
win_100,CALX,2020-10-31,2
win_100,CAR,2020-10-31,1
win_100,CARV,2020-10-31,1
win_100,CATM,2020-10-31,1
win_100,CATO,2020-10-31,1
win_100,CBRE,2020-10-31,2
win_100,CCRN,2020-10-31,1
win_100,CDMO,2020-10-31,2
win_100,CDXS,2020-10-31,2
win_100,CELH,2020-10-31,2
win_100,CENX,2020-10-31,1
win_100,CEQP,2020-10-31,1
win_100,CF,2020-10-31,1
win_100,CG,2020-10-31,2
win_100,CHEF,2020-10-31,1
win_100,CHX,2020-10-31,1
win_100,CIVI,2020-10-31,1
win_100,CLDX,2020-10-31,2
win_100,CLF,2020-10-31,2
win_100,CLFD,2020-10-31,2
win_100,CLH,2020-10-31,1
win_100,CLR,2020-10-31,1
win_100,CLSK,2020-10-31,1
win_100,CNH,2020-10-31,1
win_100,CNK,2020-10-31,1
win_100,CNOB,2020-10-31,1
win_100,COF,2020-10-31,1
win_100,COHR1,2020-10-31,2
win_100,CONNQ,2020-10-31,1
win_100,COOP,2020-10-31,2
win_100,COP,2020-10-31,1
win_100,CPE,2020-10-31,1
win_100,CPF,2020-10-31,1
win_100,CPRI,2020-10-31,1
win_100,CRNX,2020-10-31,1
win_100,CROX,2020-10-31,2
win_100,CRVL,2020-10-31,2
win_100,CRWD,2020-10-31,2
win_100,CSV,2020-10-31,2
win_100,CTRN,2020-10-31,2
win_100,CUBI,2020-10-31,1
win_100,CUROQ,2020-10-31,1
win_100,CUTRQ,2020-10-31,1
win_100,CVA,2020-10-31,1
win_100,CVLG,2020-10-31,1
win_100,CXT,2020-10-31,1
win_100,CYH,2020-10-31,1
win_100,CYRX,2020-10-31,2
win_100,CYTK,2020-10-31,1
win_100,CZR,2020-10-31,1
win_100,DCP,2020-10-31,1
win_100,DDD,2020-10-31,1
win_100,DDS,2020-10-31,1
win_100,DFIN,2020-10-31,1
win_100,DKL,2020-10-31,1
win_100,DKS,2020-10-31,2
win_100,DMTKQ,2020-10-31,1
win_100,DOMO,2020-10-31,2
win_100,DT,2020-10-31,2
win_100,DVN,2020-10-31,1
win_100,DXPE,2020-10-31,1
win_100,EFX,2020-10-31,2
win_100,ENPH,2020-10-31,2
win_100,ENVA,2020-10-31,1
win_100,EOG,2020-10-31,1
win_100,EPAM,2020-10-31,2
win_100,ERII,2020-10-31,2
win_100,ET,2020-10-31,1
win_100,ETSY,2020-10-31,2
win_100,EVH,2020-10-31,1
win_100,EVRI,2020-10-31,1
win_100,EWBC,2020-10-31,1
win_100,F,2020-10-31,2
win_100,FANG,2020-10-31,1
win_100,FBNC,2020-10-31,1
win_100,FBP,2020-10-31,1
win_100,FCX,2020-10-31,2
win_100,FIX,2020-10-31,2
win_100,FLGT,2020-10-31,2
win_100,FLNA,2020-10-31,1
win_100,FNKO,2020-10-31,1
win_100,FOSL,2020-10-31,1
win_100,FRHC,2020-10-31,2
win_100,FTNT,2020-10-31,2
win_100,FUBO,2020-10-31,1
win_100,FULC,2020-10-31,1
win_100,FUVV,2020-10-31,2
win_100,GAIN,2020-10-31,1
win_100,GCO,2020-10-31,1
win_100,GDEN,2020-10-31,1
win_100,GDYN,2020-10-31,1
win_100,GIII,2020-10-31,1
win_100,GME,2020-10-31,1
win_100,GMS,2020-10-31,1
win_100,GNRC,2020-10-31,2
win_100,GOGO,2020-10-31,1
win_100,GOLD,2020-10-31,2
win_100,GPRE,2020-10-31,1
win_100,GS,2020-10-31,2
win_100,GT,2020-10-31,1
win_100,GTLS,2020-10-31,2
win_100,GWB,2020-10-31,1
win_100,GWPH,2020-10-31,2
win_100,HAFC,2020-10-31,1
win_100,HAL,2020-10-31,1
win_100,HAYN,2020-10-31,1
win_100,HCA,2020-10-31,2
win_100,HCCI,2020-10-31,1
win_100,HCI,2020-10-31,2
win_100,HEES,2020-10-31,1
win_100,HES,2020-10-31,1
win_100,HGV,2020-10-31,1
win_100,HIBB,2020-10-31,2
win_100,HLIO,2020-10-31,2
win_100,HOME,2020-10-31,2
win_100,HOV,2020-10-31,1
win_100,HP,2020-10-31,1
win_100,HRI,2020-10-31,2
win_100,HSII,2020-10-31,1
win_100,HUBS,2020-10-31,2
win_100,HWC,2020-10-31,1
win_100,IDT,2020-10-31,1
win_100,IHRT,2020-10-31,1
win_100,INMB,2020-10-31,1
win_100,INOV2,2020-10-31,2
win_100,INSP,2020-10-31,2
win_100,INTU,2020-10-31,2
win_100,IPAR,2020-10-31,1
win_100,IPG,2020-10-31,2
win_100,ISEE,2020-10-31,2
win_100,IT,2020-10-31,2
win_100,JHG,2020-10-31,2
win_100,JLL,2020-10-31,2
win_100,JWN,2020-10-31,1
win_100,KFY,2020-10-31,1
win_100,KKR,2020-10-31,2
win_100,KLIC,2020-10-31,2
win_100,KNL,2020-10-31,1
win_100,KSS,2020-10-31,1
win_100,LDL,2020-10-31,1
win_100,LGTY,2020-10-31,2
win_100,LNC,2020-10-31,1
win_100,LNG,2020-10-31,2
win_100,LNTH,2020-10-31,1
win_100,LNWO,2020-10-31,2
win_100,LOB,2020-10-31,2
win_100,LOOP,2020-10-31,1
win_100,LORL,2020-10-31,1
win_100,LOVE,2020-10-31,2
win_100,LPLA,2020-10-31,2
win_100,LPX,2020-10-31,2
win_100,LQDT,2020-10-31,1
win_100,LTHM,2020-10-31,2
win_100,LYFT,2020-10-31,1
win_100,LYV,2020-10-31,1
win_100,M,2020-10-31,1
win_100,MANH,2020-10-31,2
win_100,MBI,2020-10-31,1
win_100,MC,2020-10-31,2
win_100,MCS,2020-10-31,1
win_100,MD,2020-10-31,1
win_100,MDB,2020-10-31,2
win_100,MDP,2020-10-31,1
win_100,MEDP,2020-10-31,2
win_100,MGM,2020-10-31,1
win_100,MGNI,2020-10-31,1
win_100,MIC2,2020-10-31,1
win_100,MIK,2020-10-31,1
win_100,MNRL,2020-10-31,1
win_100,MORF,2020-10-31,2
win_100,MOS,2020-10-31,2
win_100,MOV,2020-10-31,1
win_100,MPC,2020-10-31,1
win_100,MRNA,2020-10-31,2
win_100,MS,2020-10-31,2
win_100,MSTR,2020-10-31,2
win_100,MTDR,2020-10-31,1
win_100,MTSC,2020-10-31,1
win_100,MTW,2020-10-31,1
win_100,MUR,2020-10-31,1
win_100,MXC,2020-10-31,1
win_100,MXL,2020-10-31,2
win_100,MYGN,2020-10-31,1
win_100,MYRG,2020-10-31,2
win_100,NAVI,2020-10-31,1
win_100,NBR,2020-10-31,1
win_100,NET,2020-10-31,2
win_100,NSLR,2020-10-31,1
win_100,NTAP,2020-10-31,2
win_100,NTLA,2020-10-31,2
win_100,NUE,2020-10-31,2
win_100,NVDA,2020-10-31,2
win_100,NVT,2020-10-31,1
win_100,ODP,2020-10-31,1
win_100,OKE,2020-10-31,1
win_100,OLN,2020-10-31,1
win_100,OMCL,2020-10-31,2
win_100,ONTO,2020-10-31,2
win_100,OPCH,2020-10-31,1
win_100,OPRX,2020-10-31,2
win_100,OPY,2020-10-31,1
win_100,OVV,2020-10-31,1
win_100,OXM,2020-10-31,1
win_100,OXY,2020-10-31,1
win_100,PACB,2020-10-31,2
win_100,PACW,2020-10-31,1
win_100,PAG,2020-10-31,2
win_100,PANW,2020-10-31,2
win_100,PARR,2020-10-31,1
win_100,PBFX,2020-10-31,1
win_100,PDCE,2020-10-31,1
win_100,PENG,2020-10-31,1
win_100,PGC,2020-10-31,1
win_100,PGNY,2020-10-31,2
win_100,PI,2020-10-31,1
win_100,PIPR,2020-10-31,2
win_100,PLAY,2020-10-31,1
win_100,PLCE,2020-10-31,1
win_100,PLUG,2020-10-31,2
win_100,PNFP,2020-10-31,1
win_100,PRFT,2020-10-31,2
win_100,PRKS,2020-10-31,1
win_100,PRSU,2020-10-31,1
win_100,PRTA,2020-10-31,1
win_100,PRVL,2020-10-31,1
win_100,PXD,2020-10-31,1
win_100,RAVN,2020-10-31,1
win_100,RDNT,2020-10-31,1
win_100,RDUS,2020-10-31,2
win_100,REZI,2020-10-31,1
win_100,RHI,2020-10-31,2
win_100,RICK,2020-10-31,1
win_100,RILY,2020-10-31,2
win_100,ROCC,2020-10-31,1
win_100,RPD,2020-10-31,2
win_100,RRC,2020-10-31,1
win_100,RRR,2020-10-31,1
win_100,RTLR,2020-10-31,1
win_100,RVLV,2020-10-31,2
win_100,RYZ,2020-10-31,1
win_100,SAIA,2020-10-31,2
win_100,SC,2020-10-31,2
win_100,SCHW,2020-10-31,2
win_100,SFBS,2020-10-31,2
win_100,SGI,2020-10-31,2
win_100,SHOE,2020-10-31,1
win_100,SHYF,2020-10-31,2
win_100,SICPQ,2020-10-31,1
win_100,SIG,2020-10-31,1
win_100,SIVBQ,2020-10-31,2
win_100,SKY,2020-10-31,2
win_100,SLB,2020-10-31,1
win_100,SLM,2020-10-31,2
win_100,SMPL,2020-10-31,2
win_100,SOLY,2020-10-31,1
win_100,SONO,2020-10-31,2
win_100,SPR,2020-10-31,1
win_100,SPWRQ,2020-10-31,2
win_100,SSP,2020-10-31,1
win_100,STAY,2020-10-31,1
win_100,STFC,2020-10-31,1
win_100,STLD,2020-10-31,2
win_100,SUM,2020-10-31,1
win_100,SWAV,2020-10-31,2
win_100,SYNA,2020-10-31,2
win_100,TA,2020-10-31,1
win_100,TBBK,2020-10-31,1
win_100,TBHC,2020-10-31,1
win_100,TBIO1,2020-10-31,1
win_100,TDC,2020-10-31,1
win_100,TEAM,2020-10-31,2
win_100,TECH,2020-10-31,2
win_100,TFIN,2020-10-31,2
win_100,TGI,2020-10-31,1
win_100,THC,2020-10-31,1
win_100,TILE,2020-10-31,1
win_100,TLYS,2020-10-31,1
win_100,TMDX,2020-10-31,1
win_100,TPL,2020-10-31,2
win_100,TRGP,2020-10-31,1
win_100,TROX,2020-10-31,1
win_100,TSC,2020-10-31,1
win_100,TSLA,2020-10-31,2
win_100,TTGT,2020-10-31,2
win_100,TXT,2020-10-31,2
win_100,UCTT,2020-10-31,2
win_100,UFS,2020-10-31,1
win_100,UHAL,2020-10-31,2
win_100,UNFI,2020-10-31,1
win_100,UPWK,2020-10-31,2
win_100,URI,2020-10-31,2
win_100,USCR,2020-10-31,1
win_100,VBTX,2020-10-31,1
win_100,VCEL,2020-10-31,2
win_100,VCTR,2020-10-31,2
win_100,VERI,2020-10-31,1
win_100,VLO,2020-10-31,1
win_100,VNE,2020-10-31,2
win_100,VNOM,2020-10-31,1
win_100,VREX,2020-10-31,1
win_100,VRS,2020-10-31,1
win_100,VRTS,2020-10-31,2
win_100,VRTV,2020-10-31,1
win_100,VSTO,2020-10-31,2
win_100,VTLE,2020-10-31,1
win_100,WAL,2020-10-31,2
win_100,WBT,2020-10-31,1
win_100,WCC,2020-10-31,1
win_100,WD,2020-10-31,2
win_100,WES,2020-10-31,1
win_100,WFC,2020-10-31,1
win_100,WHD,2020-10-31,1
win_100,WIRE,2020-10-31,2
win_100,WK,2020-10-31,2
win_100,WRLD,2020-10-31,2
win_100,WSM,2020-10-31,2
win_100,X,2020-10-31,1
win_100,XEC,2020-10-31,1
win_100,XOM,2020-10-31,1
win_100,XONE1,2020-10-31,1
win_100,XPEL,2020-10-31,2
win_100,ZD,2020-10-31,2
win_100,ZION,2020-10-31,1
win_100,ZS,2020-10-31,2
win_100,ZUO,2020-10-31,1
win_100,ZWS,2020-10-31,2
win_100,AA,2020-11-30,2
win_100,ACLS,2020-11-30,2
win_100,AMBA,2020-11-30,2
win_100,AMRC,2020-11-30,2
win_100,AN,2020-11-30,2
win_100,ANAT,2020-11-30,1
win_100,APA,2020-11-30,1
win_100,ARCB,2020-11-30,2
win_100,ARCH,2020-11-30,1
win_100,ARVN,2020-11-30,1
win_100,ASIX,2020-11-30,1
win_100,ASPN,2020-11-30,2
win_100,ASTH,2020-11-30,2
win_100,ATEX,2020-11-30,1
win_100,ATKR,2020-11-30,2
win_100,ATOM,2020-11-30,1
win_100,AVID,2020-11-30,2
win_100,AVXL,2020-11-30,2
win_100,BBWI,2020-11-30,2
win_100,BCRX,2020-11-30,1
win_100,BCYC,2020-11-30,2
win_100,BGFV,2020-11-30,2
win_100,BILL,2020-11-30,2
win_100,BOOT,2020-11-30,2
win_100,BPFH,2020-11-30,1
win_100,BX,2020-11-30,2
win_100,BXC,2020-11-30,1
win_100,CACC,2020-11-30,2
win_100,CAL,2020-11-30,1
win_100,CALX,2020-11-30,2
win_100,CAR,2020-11-30,1
win_100,CATO,2020-11-30,1
win_100,CCRN,2020-11-30,1
win_100,CDMO,2020-11-30,2
win_100,CELH,2020-11-30,2
win_100,CIVI,2020-11-30,1
win_100,CLFD,2020-11-30,2
win_100,CLR,2020-11-30,1
win_100,CNR,2020-11-30,1
win_100,CNTY,2020-11-30,1
win_100,COHR1,2020-11-30,2
win_100,COKE,2020-11-30,2
win_100,CPE,2020-11-30,1
win_100,CRAI,2020-11-30,1
win_100,CRNX,2020-11-30,1
win_100,CROX,2020-11-30,2
win_100,CRVL,2020-11-30,2
win_100,CTRN,2020-11-30,2
win_100,CUBI,2020-11-30,1
win_100,CYTK,2020-11-30,2
win_100,DDD,2020-11-30,1
win_100,DDS,2020-11-30,1
win_100,DFIN,2020-11-30,2
win_100,DKS,2020-11-30,2
win_100,DVAX,2020-11-30,1
win_100,DVN,2020-11-30,1
win_100,ENTA,2020-11-30,1
win_100,ESTA,2020-11-30,2
win_100,EXTR,2020-11-30,1
win_100,F,2020-11-30,2
win_100,FANG,2020-11-30,1
win_100,FC,2020-11-30,1
win_100,FLGT,2020-11-30,2
win_100,FLNA,2020-11-30,1
win_100,FOXF,2020-11-30,2
win_100,FPRX,2020-11-30,1
win_100,FTNT,2020-11-30,2
win_100,FTSI,2020-11-30,1
win_100,GCO,2020-11-30,1
win_100,GDEN,2020-11-30,1
win_100,GDYN,2020-11-30,1
win_100,GME,2020-11-30,2
win_100,GNK,2020-11-30,1
win_100,GOLD,2020-11-30,2
win_100,GPRE,2020-11-30,1
win_100,GWB,2020-11-30,1
win_100,HAFC,2020-11-30,1
win_100,HAPN,2020-11-30,1
win_100,HCI,2020-11-30,2
win_100,HLIO,2020-11-30,2
win_100,HOV,2020-11-30,2
win_100,HRI,2020-11-30,2
win_100,HUBS,2020-11-30,2
win_100,IDT,2020-11-30,2
win_100,IMKTA,2020-11-30,2
win_100,INOV2,2020-11-30,2
win_100,IPI,2020-11-30,1
win_100,ISEE,2020-11-30,2
win_100,IT,2020-11-30,2
win_100,JAKK,2020-11-30,1
win_100,JYNT,2020-11-30,2
win_100,KRP,2020-11-30,1
win_100,KRUS,2020-11-30,1
win_100,KZR,2020-11-30,1
win_100,LDL,2020-11-30,1
win_100,LEU,2020-11-30,1
win_100,LNTH,2020-11-30,1
win_100,LOB,2020-11-30,2
win_100,LQDT,2020-11-30,2
win_100,M,2020-11-30,1
win_100,MARA,2020-11-30,2
win_100,MDP,2020-11-30,1
win_100,MGY,2020-11-30,1
win_100,MIK,2020-11-30,1
win_100,MNRL,2020-11-30,1
win_100,MOV,2020-11-30,1
win_100,MP,2020-11-30,2
win_100,MRAM,2020-11-30,1
win_100,MRNA,2020-11-30,2
win_100,MRO,2020-11-30,1
win_100,MSTR,2020-11-30,2
win_100,MTDR,2020-11-30,1
win_100,MUR,2020-11-30,1
win_100,MXL,2020-11-30,2
win_100,MYRG,2020-11-30,2
win_100,NAVI,2020-11-30,1
win_100,NET,2020-11-30,2
win_100,NMRK,2020-11-30,1
win_100,NOG,2020-11-30,1
win_100,NTLA,2020-11-30,2
win_100,NUE,2020-11-30,2
win_100,NVDA,2020-11-30,2
win_100,OLN,2020-11-30,2
win_100,OMP,2020-11-30,1
win_100,ON,2020-11-30,2
win_100,ONTO,2020-11-30,2
win_100,OPRX,2020-11-30,2
win_100,ORBC,2020-11-30,1
win_100,OVV,2020-11-30,1
win_100,PDCE,2020-11-30,1
win_100,PLCE,2020-11-30,1
win_100,PRFT,2020-11-30,2
win_100,PRKS,2020-11-30,1
win_100,PRTA,2020-11-30,1
win_100,PRVL,2020-11-30,1
win_100,RAVN,2020-11-30,1
win_100,RFP,2020-11-30,1
win_100,RICK,2020-11-30,1
win_100,RILY,2020-11-30,2
win_100,RIOT,2020-11-30,2
win_100,RM,2020-11-30,1
win_100,ROCC,2020-11-30,1
win_100,RRC,2020-11-30,1
win_100,RRR,2020-11-30,2
win_100,RVLV,2020-11-30,2
win_100,RYZ,2020-11-30,1
win_100,SFBS,2020-11-30,2
win_100,SHOE,2020-11-30,2
win_100,SICPQ,2020-11-30,2
win_100,SIG,2020-11-30,2
win_100,SITM,2020-11-30,2
win_100,SIVBQ,2020-11-30,2
win_100,SKY,2020-11-30,2
win_100,SOLY,2020-11-30,1
win_100,STFC,2020-11-30,1
win_100,SYNA,2020-11-30,2
win_100,TBBK,2020-11-30,2
win_100,TFIN,2020-11-30,2
win_100,THC,2020-11-30,2
win_100,TPL,2020-11-30,2
win_100,TRGP,2020-11-30,1
win_100,TSC,2020-11-30,1
win_100,TSLA,2020-11-30,2
win_100,UNFI,2020-11-30,1
win_100,USCR,2020-11-30,1
win_100,VNOM,2020-11-30,1
win_100,VRS,2020-11-30,1
win_100,VRTV,2020-11-30,1
win_100,VSTO,2020-11-30,2
win_100,VTLE,2020-11-30,1
win_100,WAL,2020-11-30,2
win_100,WBT,2020-11-30,1
win_100,WIRE,2020-11-30,2
win_100,WOW,2020-11-30,1
win_100,XAIR,2020-11-30,1
win_100,XEC,2020-11-30,1
win_100,XENE,2020-11-30,1
win_100,XONE1,2020-11-30,2
win_100,YELLQ,2020-11-30,1
win_100,ZS,2020-11-30,2
win_100,AA,2020-12-31,2
win_100,ACLS,2020-12-31,2
win_100,ACRS,2020-12-31,1
win_100,AMBA,2020-12-31,2
win_100,AMR,2020-12-31,1
win_100,ANAT,2020-12-31,2
win_100,AOSL,2020-12-31,2
win_100,AR,2020-12-31,1
win_100,ARCB,2020-12-31,2
win_100,ARCH,2020-12-31,1
win_100,ASIX,2020-12-31,1
win_100,ASPN,2020-12-31,2
win_100,ASTH,2020-12-31,2
win_100,ATKR,2020-12-31,2
win_100,ATLC,2020-12-31,2
win_100,AVID,2020-12-31,2
win_100,AVXL,2020-12-31,1
win_100,BBWI,2020-12-31,2
win_100,BGFV,2020-12-31,2
win_100,BLDR,2020-12-31,2
win_100,BOOT,2020-12-31,2
win_100,BX,2020-12-31,2
win_100,BXC,2020-12-31,2
win_100,CALX,2020-12-31,2
win_100,CAR,2020-12-31,1
win_100,CCRN,2020-12-31,1
win_100,CDMO,2020-12-31,2
win_100,CIVI,2020-12-31,1
win_100,CLDX,2020-12-31,2
win_100,CLFD,2020-12-31,2
win_100,CLR,2020-12-31,1
win_100,CNR,2020-12-31,1
win_100,COKE,2020-12-31,2
win_100,CONNQ,2020-12-31,1
win_100,CPE,2020-12-31,1
win_100,CRNX,2020-12-31,1
win_100,CROX,2020-12-31,2
win_100,CSV,2020-12-31,2
win_100,CUBI,2020-12-31,1
win_100,CYBE,2020-12-31,1
win_100,CYTK,2020-12-31,2
win_100,DDD,2020-12-31,1
win_100,DDS,2020-12-31,1
win_100,DFIN,2020-12-31,2
win_100,DKS,2020-12-31,2
win_100,DVN,2020-12-31,1
win_100,EGLE2,2020-12-31,1
win_100,ESTE,2020-12-31,1
win_100,EXTR,2020-12-31,1
win_100,F,2020-12-31,2
win_100,FANG,2020-12-31,1
win_100,FC,2020-12-31,1
win_100,FLNA,2020-12-31,1
win_100,FPRX,2020-12-31,1
win_100,FTNT,2020-12-31,2
win_100,GCO,2020-12-31,1
win_100,GDEN,2020-12-31,1
win_100,GDYN,2020-12-31,1
win_100,GME,2020-12-31,2
win_100,GNK,2020-12-31,1
win_100,GOLD,2020-12-31,2
win_100,GPRE,2020-12-31,1
win_100,HAFC,2020-12-31,1
win_100,HAPN,2020-12-31,1
win_100,HOME,2020-12-31,1
win_100,HOV,2020-12-31,1
win_100,HRI,2020-12-31,2
win_100,IDT,2020-12-31,2
win_100,IMKTA,2020-12-31,2
win_100,INOV2,2020-12-31,1
win_100,ISEE,2020-12-31,2
win_100,IT,2020-12-31,2
win_100,JYNT,2020-12-31,2
win_100,KRUS,2020-12-31,1
win_100,KZR,2020-12-31,1
win_100,LDL,2020-12-31,1
win_100,LEU,2020-12-31,2
win_100,LNTH,2020-12-31,1
win_100,LPX,2020-12-31,2
win_100,M,2020-12-31,1
win_100,MARA,2020-12-31,2
win_100,MBI,2020-12-31,1
win_100,MDP,2020-12-31,1
win_100,MGY,2020-12-31,1
win_100,MNRL,2020-12-31,1
win_100,MOV,2020-12-31,1
win_100,MRNA,2020-12-31,2
win_100,MRO,2020-12-31,1
win_100,MTDR,2020-12-31,1
win_100,MUR,2020-12-31,1
win_100,NAVI,2020-12-31,1
win_100,NMRK,2020-12-31,1
win_100,NOG,2020-12-31,1
win_100,NOTVQ,2020-12-31,2
win_100,NTLA,2020-12-31,2
win_100,NUE,2020-12-31,2
win_100,NVDA,2020-12-31,2
win_100,OLN,2020-12-31,2
win_100,OMP,2020-12-31,1
win_100,ON,2020-12-31,2
win_100,ONEW,2020-12-31,1
win_100,ONTO,2020-12-31,2
win_100,OVV,2020-12-31,1
win_100,PDCE,2020-12-31,1
win_100,PI,2020-12-31,2
win_100,PRFT,2020-12-31,2
win_100,PRKS,2020-12-31,1
win_100,PRTA,2020-12-31,1
win_100,RFP,2020-12-31,2
win_100,RILY,2020-12-31,2
win_100,ROCC,2020-12-31,1
win_100,RRC,2020-12-31,1
win_100,RRR,2020-12-31,2
win_100,SFBS,2020-12-31,2
win_100,SHOE,2020-12-31,2
win_100,SIG,2020-12-31,2
win_100,SITM,2020-12-31,2
win_100,SKY,2020-12-31,2
win_100,SM,2020-12-31,1
win_100,SOLY,2020-12-31,1
win_100,SPLP,2020-12-31,1
win_100,STFC,2020-12-31,1
win_100,SYNA,2020-12-31,2
win_100,TBIO1,2020-12-31,2
win_100,TFIN,2020-12-31,2
win_100,THC,2020-12-31,2
win_100,TLYS,2020-12-31,1
win_100,TRGP,2020-12-31,1
win_100,TRNS,2020-12-31,2
win_100,UNFI,2020-12-31,1
win_100,VRS,2020-12-31,1
win_100,VRTV,2020-12-31,1
win_100,VTLE,2020-12-31,1
win_100,WIRE,2020-12-31,2
win_100,WOW,2020-12-31,2
win_100,WRLD,2020-12-31,2
win_100,XEC,2020-12-31,1
win_100,XENE,2020-12-31,2
win_100,XONE1,2020-12-31,1
win_100,AA,2021-01-31,1
win_100,AINC,2021-01-31,1
win_100,AMR,2021-01-31,1
win_100,ANAT,2021-01-31,2
win_100,APA,2021-01-31,1
win_100,AR,2021-01-31,1
win_100,ARLP,2021-01-31,1
win_100,ASTH,2021-01-31,2
win_100,ATH,2021-01-31,1
win_100,ATKR,2021-01-31,2
win_100,ATLC,2021-01-31,2
win_100,AVXL,2021-01-31,2
win_100,BBW,2021-01-31,1
win_100,BX,2021-01-31,2
win_100,BXC,2021-01-31,2
win_100,CAR,2021-01-31,1
win_100,CCRN,2021-01-31,1
win_100,CIVI,2021-01-31,1
win_100,CLFD,2021-01-31,2
win_100,CLR,2021-01-31,1
win_100,CNR,2021-01-31,1
win_100,COKE,2021-01-31,2
win_100,COP,2021-01-31,1
win_100,CPE,2021-01-31,1
win_100,CUBI,2021-01-31,2
win_100,DDS,2021-01-31,2
win_100,DFIN,2021-01-31,2
win_100,DMLP,2021-01-31,1
win_100,DSKE,2021-01-31,1
win_100,DVAX,2021-01-31,1
win_100,DVN,2021-01-31,1
win_100,ECPG,2021-01-31,1
win_100,EGLE2,2021-01-31,1
win_100,EOG,2021-01-31,1
win_100,ESTE,2021-01-31,1
win_100,FANG,2021-01-31,1
win_100,FLNA,2021-01-31,2
win_100,FPRX,2021-01-31,1
win_100,FTNT,2021-01-31,2
win_100,GDEN,2021-01-31,1
win_100,GDYN,2021-01-31,2
win_100,GNK,2021-01-31,1
win_100,GOLD,2021-01-31,2
win_100,HRI,2021-01-31,2
win_100,IDT,2021-01-31,2
win_100,ISEE,2021-01-31,1
win_100,KRUS,2021-01-31,1
win_100,LDL,2021-01-31,1
win_100,LEU,2021-01-31,2
win_100,MBI,2021-01-31,1
win_100,MCB,2021-01-31,1
win_100,MDP,2021-01-31,1
win_100,MGY,2021-01-31,1
win_100,MRO,2021-01-31,1
win_100,MTDR,2021-01-31,1
win_100,MTUS,2021-01-31,1
win_100,MUR,2021-01-31,1
win_100,NMRK,2021-01-31,1
win_100,NOG,2021-01-31,1
win_100,NOTVQ,2021-01-31,2
win_100,NUE,2021-01-31,2
win_100,OLN,2021-01-31,2
win_100,OVV,2021-01-31,1
win_100,PDCE,2021-01-31,1
win_100,PRKS,2021-01-31,1
win_100,PRTA,2021-01-31,1
win_100,ROCC,2021-01-31,1
win_100,RRC,2021-01-31,1
win_100,RRR,2021-01-31,2
win_100,SFBS,2021-01-31,2
win_100,SIG,2021-01-31,2
win_100,SKY,2021-01-31,2
win_100,SM,2021-01-31,1
win_100,SOLY,2021-01-31,1
win_100,SYNA,2021-01-31,2
win_100,TRGP,2021-01-31,1
win_100,TRNS,2021-01-31,2
win_100,VNOM,2021-01-31,1
win_100,VRS,2021-01-31,1
win_100,VRTV,2021-01-31,1
win_100,VTLE,2021-01-31,1
win_100,XEC,2021-01-31,1
win_100,YELLQ,2021-01-31,1
win_100,AA,2021-02-28,2
win_100,AMC,2021-02-28,1
win_100,AMR,2021-02-28,1
win_100,ANAT,2021-02-28,2
win_100,AR,2021-02-28,2
win_100,ARCH,2021-02-28,1
win_100,ARLP,2021-02-28,1
win_100,ATLC,2021-02-28,2
win_100,BBW,2021-02-28,1
win_100,BXC,2021-02-28,2
win_100,CAR,2021-02-28,2
win_100,CCRN,2021-02-28,1
win_100,CLR,2021-02-28,1
win_100,CNR,2021-02-28,1
win_100,CPE,2021-02-28,1
win_100,CUBI,2021-02-28,2
win_100,DDS,2021-02-28,2
win_100,DSKE,2021-02-28,1
win_100,DVN,2021-02-28,2
win_100,FANG,2021-02-28,2
win_100,FTNT,2021-02-28,2
win_100,GDEN,2021-02-28,2
win_100,GOLD,2021-02-28,1
win_100,HMHC,2021-02-28,1
win_100,IDT,2021-02-28,2
win_100,ISEE,2021-02-28,1
win_100,KZR,2021-02-28,1
win_100,LNTH,2021-02-28,1
win_100,MBI,2021-02-28,1
win_100,MDP,2021-02-28,1
win_100,MRO,2021-02-28,1
win_100,MTDR,2021-02-28,1
win_100,MTUS,2021-02-28,1
win_100,MUR,2021-02-28,1
win_100,NUE,2021-02-28,2
win_100,OVV,2021-02-28,1
win_100,ROCC,2021-02-28,1
win_100,RRC,2021-02-28,1
win_100,RYZ,2021-02-28,1
win_100,SD,2021-02-28,1
win_100,SITM,2021-02-28,2
win_100,SM,2021-02-28,1
win_100,STFC,2021-02-28,1
win_100,TRGP,2021-02-28,2
win_100,VRS,2021-02-28,1
win_100,VRTV,2021-02-28,1
win_100,VTLE,2021-02-28,1
win_100,WFRD,2021-02-28,1
win_100,AA,2021-03-31,2
win_100,AMC,2021-03-31,1
win_100,AMR,2021-03-31,1
win_100,APA,2021-03-31,1
win_100,AR,2021-03-31,2
win_100,ARCH,2021-03-31,1
win_100,ARLP,2021-03-31,1
win_100,BBW,2021-03-31,1
win_100,CAR,2021-03-31,2
win_100,CERE,2021-03-31,1
win_100,CF,2021-03-31,2
win_100,CLFD,2021-03-31,2
win_100,CLMT,2021-03-31,1
win_100,CLR,2021-03-31,1
win_100,CNR,2021-03-31,1
win_100,CRK,2021-03-31,1
win_100,CUTRQ,2021-03-31,2
win_100,DDS,2021-03-31,2
win_100,DVN,2021-03-31,2
win_100,EGLE2,2021-03-31,1
win_100,FULC,2021-03-31,1
win_100,GDEN,2021-03-31,2
win_100,GNK,2021-03-31,1
win_100,GOLD,2021-03-31,2
win_100,HCC,2021-03-31,1
win_100,HMHC,2021-03-31,2
win_100,HPK,2021-03-31,1
win_100,IPI,2021-03-31,1
win_100,ISEE,2021-03-31,1
win_100,KZR,2021-03-31,1
win_100,LNTH,2021-03-31,2
win_100,MCB,2021-03-31,2
win_100,MGY,2021-03-31,2
win_100,MOS,2021-03-31,2
win_100,MRO,2021-03-31,2
win_100,MTDR,2021-03-31,2
win_100,MUR,2021-03-31,1
win_100,NOG,2021-03-31,1
win_100,NVDA,2021-03-31,2
win_100,OVV,2021-03-31,2
win_100,OXY,2021-03-31,1
win_100,PDCE,2021-03-31,2
win_100,PTEN,2021-03-31,1
win_100,ROCC,2021-03-31,1
win_100,RRC,2021-03-31,2
win_100,RYZ,2021-03-31,2
win_100,SGLY,2021-03-31,1
win_100,SITM,2021-03-31,2
win_100,SM,2021-03-31,1
win_100,STFC,2021-03-31,1
win_100,TBIO1,2021-03-31,1
win_100,TGLS,2021-03-31,2
win_100,TRGP,2021-03-31,2
win_100,UAN,2021-03-31,2
win_100,VCRA,2021-03-31,2
win_100,VNOM,2021-03-31,1
win_100,VRTV,2021-03-31,2
win_100,VTLE,2021-03-31,1
win_100,AMPH,2021-04-30,1
win_100,AMR,2021-04-30,1
win_100,APA,2021-04-30,2
win_100,AR,2021-04-30,1
win_100,ARCH,2021-04-30,1
win_100,ARLP,2021-04-30,1
win_100,BBW,2021-04-30,2
win_100,CAR,2021-04-30,2
win_100,CERE,2021-04-30,1
win_100,CF,2021-04-30,2
win_100,CLR,2021-04-30,2
win_100,CNR,2021-04-30,1
win_100,CRK,2021-04-30,1
win_100,DDS,2021-04-30,2
win_100,DVN,2021-04-30,2
win_100,EQT,2021-04-30,2
win_100,GOLD,2021-04-30,2
win_100,HCC,2021-04-30,1
win_100,HMHC,2021-04-30,2
win_100,HPK,2021-04-30,1
win_100,IPI,2021-04-30,1
win_100,KZR,2021-04-30,1
win_100,LNTH,2021-04-30,2
win_100,LXU,2021-04-30,1
win_100,MGY,2021-04-30,2
win_100,MRO,2021-04-30,2
win_100,MUR,2021-04-30,1
win_100,OVV,2021-04-30,2
win_100,OXY,2021-04-30,2
win_100,PBF,2021-04-30,1
win_100,PTEN,2021-04-30,1
win_100,ROCC,2021-04-30,1
win_100,RRC,2021-04-30,1
win_100,RYZ,2021-04-30,1
win_100,SM,2021-04-30,2
win_100,TRGP,2021-04-30,2
win_100,UAN,2021-04-30,2
win_100,VCRA,2021-04-30,1
win_100,VRTV,2021-04-30,2
win_100,WFRD,2021-04-30,1
win_100,AMR,2021-05-31,1
win_100,APA,2021-05-31,2
win_100,AR,2021-05-31,2
win_100,ARCH,2021-05-31,2
win_100,ARLP,2021-05-31,1
win_100,BTU,2021-05-31,1
win_100,CAR,2021-05-31,2
win_100,CCXI1,2021-05-31,1
win_100,CLR,2021-05-31,2
win_100,CNR,2021-05-31,2
win_100,COP,2021-05-31,2
win_100,CRK,2021-05-31,1
win_100,CTRA,2021-05-31,2
win_100,DDS,2021-05-31,2
win_100,DVN,2021-05-31,2
win_100,EQT,2021-05-31,2
win_100,HMHC,2021-05-31,2
win_100,IPI,2021-05-31,2
win_100,LNTH,2021-05-31,2
win_100,MGY,2021-05-31,2
win_100,MRO,2021-05-31,2
win_100,OVV,2021-05-31,2
win_100,OXY,2021-05-31,2
win_100,PBF,2021-05-31,1
win_100,PTEN,2021-05-31,1
win_100,ROCC,2021-05-31,1
win_100,RRC,2021-05-31,2
win_100,SBOW,2021-05-31,2
win_100,SD,2021-05-31,1
win_100,SITM,2021-05-31,2
win_100,SM,2021-05-31,2
win_100,TBIO1,2021-05-31,1
win_100,TRIL1,2021-05-31,1
win_100,UAN,2021-05-31,2
win_100,VCRA,2021-05-31,1
win_100,VNOM,2021-05-31,2
win_100,VRTV,2021-05-31,2
win_100,AMR,2021-06-30,2
win_100,AR,2021-06-30,2
win_100,ARCH,2021-06-30,2
win_100,ARLP,2021-06-30,2
win_100,BPT,2021-06-30,1
win_100,BTU,2021-06-30,1
win_100,CNR,2021-06-30,2
win_100,DVN,2021-06-30,2
win_100,LNTH,2021-06-30,2
win_100,PRPH,2021-06-30,1
win_100,SD,2021-06-30,1
win_100,AEHR,2021-07-31,1
win_100,AMR,2021-07-31,2
win_100,APA,2021-07-31,2
win_100,AR,2021-07-31,2
win_100,ARCH,2021-07-31,2
win_100,ARLP,2021-07-31,2
win_100,CAR,2021-07-31,2
win_100,CF,2021-07-31,2
win_100,CLFD,2021-07-31,2
win_100,CLR,2021-07-31,2
win_100,CNR,2021-07-31,2
win_100,CRK,2021-07-31,1
win_100,CTRA,2021-07-31,2
win_100,CVI,2021-07-31,1
win_100,DVN,2021-07-31,2
win_100,EQT,2021-07-31,2
win_100,IRTC,2021-07-31,1
win_100,LNTH,2021-07-31,2
win_100,LXU,2021-07-31,2
win_100,MRO,2021-07-31,2
win_100,MXC,2021-07-31,1
win_100,OVV,2021-07-31,2
win_100,OXY,2021-07-31,2
win_100,PBF,2021-07-31,1
win_100,PTEN,2021-07-31,1
win_100,ROCC,2021-07-31,1
win_100,RRC,2021-07-31,2
win_100,SBOW,2021-07-31,2
win_100,SD,2021-07-31,1
win_100,SIGA,2021-07-31,1
win_100,SM,2021-07-31,2
win_100,TRIL1,2021-07-31,1
win_100,USAK,2021-07-31,1
win_100,VRTV,2021-07-31,2
win_100,AMR,2021-08-31,2
win_100,APA,2021-08-31,2
win_100,AR,2021-08-31,2
win_100,ARCH,2021-08-31,2
win_100,ARLP,2021-08-31,2
win_100,AXSM,2021-08-31,1
win_100,CCXI1,2021-08-31,1
win_100,CF,2021-08-31,2
win_100,CLFD,2021-08-31,2
win_100,CLMT,2021-08-31,2
win_100,CNR,2021-08-31,2
win_100,COP,2021-08-31,2
win_100,CPRX,2021-08-31,2
win_100,CRK,2021-08-31,1
win_100,CTRA,2021-08-31,2
win_100,CVI,2021-08-31,1
win_100,DVN,2021-08-31,2
win_100,EQT,2021-08-31,1
win_100,GBT,2021-08-31,1
win_100,GETY,2021-08-31,2
win_100,IRTC,2021-08-31,1
win_100,KRTX,2021-08-31,2
win_100,LNTH,2021-08-31,2
win_100,LXU,2021-08-31,2
win_100,MRO,2021-08-31,2
win_100,MTDR,2021-08-31,2
win_100,OXY,2021-08-31,2
win_100,PBF,2021-08-31,1
win_100,RRC,2021-08-31,2
win_100,SBOW,2021-08-31,2
win_100,SD,2021-08-31,2
win_100,SIGA,2021-08-31,1
win_100,SM,2021-08-31,2
win_100,SRRA,2021-08-31,1
win_100,UAN,2021-08-31,2
win_100,XENE,2021-08-31,2
win_100,AMR,2021-09-30,2
win_100,APLS,2021-09-30,2
win_100,ARLP,2021-09-30,2
win_100,CCXI1,2021-09-30,1
win_100,CLFD,2021-09-30,2
win_100,CNR,2021-09-30,2
win_100,CPRX,2021-09-30,2
win_100,EQT,2021-09-30,2
win_100,GBT,2021-09-30,1
win_100,IRTC,2021-09-30,1
win_100,LNTH,2021-09-30,2
win_100,OXY,2021-09-30,2
win_100,PBF,2021-09-30,1
win_100,RCMT,2021-09-30,1
win_100,RRD,2021-09-30,1
win_100,XENE,2021-09-30,1
win_100,AMR,2021-10-31,2
win_100,ARLP,2021-10-31,2
win_100,AVEO,2021-10-31,1
win_100,BTU,2021-10-31,1
win_100,CLFD,2021-10-31,2
win_100,CNR,2021-10-31,2
win_100,CPRX,2021-10-31,2
win_100,CVI,2021-10-31,1
win_100,DVN,2021-10-31,2
win_100,EQT,2021-10-31,2
win_100,INSW,2021-10-31,1
win_100,KDNY,2021-10-31,1
win_100,LNTH,2021-10-31,2
win_100,MARPS,2021-10-31,1
win_100,OXY,2021-10-31,2
win_100,PBF,2021-10-31,1
win_100,PBT,2021-10-31,2
win_100,PTEN,2021-10-31,2
win_100,RELL,2021-10-31,2
win_100,RES,2021-10-31,1
win_100,RYTM,2021-10-31,1
win_100,SRRA,2021-10-31,1
win_100,TDW,2021-10-31,1
win_100,TWI,2021-10-31,1
win_100,AKRO,2021-11-30,1
win_100,AMR,2021-11-30,2
win_100,AR,2021-11-30,2
win_100,ARCH,2021-11-30,2
win_100,ARLP,2021-11-30,2
win_100,ATI,2021-11-30,1
win_100,AVEO,2021-11-30,1
win_100,AXSM,2021-11-30,1
win_100,BTU,2021-11-30,1
win_100,CLFD,2021-11-30,2
win_100,CNR,2021-11-30,1
win_100,CPRX,2021-11-30,2
win_100,CRK,2021-11-30,2
win_100,CVI,2021-11-30,1
win_100,DK,2021-11-30,1
win_100,ENLC,2021-11-30,2
win_100,EQT,2021-11-30,2
win_100,FTI,2021-11-30,1
win_100,GBT,2021-11-30,1
win_100,HP,2021-11-30,1
win_100,INSW,2021-11-30,1
win_100,LNTH,2021-11-30,2
win_100,LPG,2021-11-30,2
win_100,MOD,2021-11-30,1
win_100,MPC,2021-11-30,2
win_100,MRO,2021-11-30,2
win_100,NFE,2021-11-30,1
win_100,OXY,2021-11-30,2
win_100,PBF,2021-11-30,1
win_100,PBT,2021-11-30,2
win_100,PCVX,2021-11-30,1
win_100,PTEN,2021-11-30,1
win_100,RYTM,2021-11-30,1
win_100,SMCI,2021-11-30,2
win_100,SRRA,2021-11-30,2
win_100,TDW,2021-11-30,1
win_100,TMDX,2021-11-30,1
win_100,TPL,2021-11-30,2
win_100,TWI,2021-11-30,1
win_100,VLO,2021-11-30,2
win_100,ZGNX,2021-11-30,1
win_100,AERI,2021-12-31,1
win_100,AKRO,2021-12-31,1
win_100,AMR,2021-12-31,2
win_100,AXSM,2021-12-31,1
win_100,BTU,2021-12-31,1
win_100,CNR,2021-12-31,1
win_100,CPRX,2021-12-31,2
win_100,CVI,2021-12-31,1
win_100,FTI,2021-12-31,1
win_100,GBT,2021-12-31,1
win_100,HP,2021-12-31,1
win_100,IMVT,2021-12-31,1
win_100,INSW,2021-12-31,1
win_100,LPG,2021-12-31,2
win_100,MDGL,2021-12-31,2
win_100,OXY,2021-12-31,2
win_100,PBF,2021-12-31,1
win_100,PBT,2021-12-31,2
win_100,PCVX,2021-12-31,1
win_100,PTEN,2021-12-31,1
win_100,RYTM,2021-12-31,1
win_100,SRRA,2021-12-31,2
win_100,TDW,2021-12-31,1
win_100,TMDX,2021-12-31,1
win_100,VRNA,2021-12-31,1
win_100,AEHR,2022-01-31,2
win_100,AERI,2022-01-31,1
win_100,AGYS,2022-01-31,1
win_100,AKRO,2022-01-31,1
win_100,AMR,2022-01-31,2
win_100,ARRY,2022-01-31,1
win_100,AXSM,2022-01-31,1
win_100,BPT,2022-01-31,2
win_100,BTU,2022-01-31,1
win_100,CELH,2022-01-31,2
win_100,CNR,2022-01-31,1
win_100,CPRX,2022-01-31,2
win_100,DCPH,2022-01-31,1
win_100,FSLR,2022-01-31,2
win_100,FTI,2022-01-31,1
win_100,GBT,2022-01-31,1
win_100,IMCR,2022-01-31,1
win_100,IMVT,2022-01-31,1
win_100,INSW,2022-01-31,1
win_100,LNTH,2022-01-31,2
win_100,LPG,2022-01-31,2
win_100,MDGL,2022-01-31,1
win_100,MOD,2022-01-31,1
win_100,MYOV,2022-01-31,1
win_100,PBF,2022-01-31,2
win_100,PCVX,2022-01-31,1
win_100,PLRX,2022-01-31,1
win_100,RVNC,2022-01-31,1
win_100,RYTM,2022-01-31,1
win_100,SRRA,2022-01-31,2
win_100,STLD,2022-01-31,2
win_100,TDW,2022-01-31,1
win_100,TMDX,2022-01-31,1
win_100,TPTX,2022-01-31,1
win_100,ULH,2022-01-31,1
win_100,ZEUS,2022-01-31,1
win_100,AEHR,2022-02-28,2
win_100,AKRO,2022-02-28,1
win_100,AXSM,2022-02-28,1
win_100,COGT,2022-02-28,1
win_100,CVI,2022-02-28,2
win_100,ELF,2022-02-28,2
win_100,FMTX,2022-02-28,1
win_100,FSLR,2022-02-28,2
win_100,FTI,2022-02-28,1
win_100,GBT,2022-02-28,1
win_100,HIMS,2022-02-28,1
win_100,IMCR,2022-02-28,1
win_100,IMVT,2022-02-28,1
win_100,INSW,2022-02-28,1
win_100,LPG,2022-02-28,2
win_100,MDGL,2022-02-28,2
win_100,MOD,2022-02-28,1
win_100,MYOV,2022-02-28,1
win_100,OSH,2022-02-28,1
win_100,PARR,2022-02-28,1
win_100,PBF,2022-02-28,2
win_100,PLRX,2022-02-28,1
win_100,POWL,2022-02-28,1
win_100,RVNC,2022-02-28,1
win_100,RYTM,2022-02-28,1
win_100,SMCI,2022-02-28,2
win_100,TDW,2022-02-28,2
win_100,TMDX,2022-02-28,1
win_100,TPTX,2022-02-28,1
win_100,WFRD,2022-02-28,2
win_100,ZYXIQ,2022-02-28,1
win_100,AEHR,2022-03-31,2
win_100,AGYS,2022-03-31,2
win_100,AKRO,2022-03-31,1
win_100,AVEO,2022-03-31,1
win_100,CCXI1,2022-03-31,1
win_100,CPRX,2022-03-31,2
win_100,ELF,2022-03-31,2
win_100,FMTX,2022-03-31,1
win_100,FSLR,2022-03-31,2
win_100,IMVT,2022-03-31,1
win_100,INSW,2022-03-31,2
win_100,KLXE,2022-03-31,1
win_100,MDGL,2022-03-31,2
win_100,MOD,2022-03-31,1
win_100,MYOV,2022-03-31,1
win_100,PARR,2022-03-31,1
win_100,PBT,2022-03-31,2
win_100,PI,2022-03-31,2
win_100,PLPC,2022-03-31,2
win_100,POWL,2022-03-31,1
win_100,PRVB,2022-03-31,1
win_100,RETA,2022-03-31,1
win_100,RXDX,2022-03-31,2
win_100,SMCI,2022-03-31,2
win_100,SYM,2022-03-31,2
win_100,TA,2022-03-31,2
win_100,TDW,2022-03-31,2
win_100,TH,2022-03-31,2
win_100,TMDX,2022-03-31,1
win_100,TPTX,2022-03-31,1
win_100,AAON,2022-04-30,2
win_100,ACCD,2022-04-30,1
win_100,ACLS,2022-04-30,2
win_100,AEHR,2022-04-30,1
win_100,AERI,2022-04-30,1
win_100,AGYS,2022-04-30,2
win_100,AKRO,2022-04-30,1
win_100,ARRY,2022-04-30,1
win_100,AVDL,2022-04-30,1
win_100,AVEO,2022-04-30,1
win_100,AXSM,2022-04-30,1
win_100,CCXI1,2022-04-30,1
win_100,CPRX,2022-04-30,2
win_100,ELF,2022-04-30,2
win_100,FMTX,2022-04-30,1
win_100,FSLR,2022-04-30,2
win_100,GBT,2022-04-30,2
win_100,IMGO,2022-04-30,1
win_100,INSW,2022-04-30,2
win_100,ISEE,2022-04-30,2
win_100,LPG,2022-04-30,2
win_100,MDGL,2022-04-30,2
win_100,MLTX,2022-04-30,1
win_100,MOD,2022-04-30,1
win_100,MYOV,2022-04-30,1
win_100,NUVL,2022-04-30,1
win_100,ONEM,2022-04-30,1
win_100,OSG,2022-04-30,1
win_100,OSH,2022-04-30,1
win_100,PLRX,2022-04-30,1
win_100,POWL,2022-04-30,1
win_100,PTGX,2022-04-30,1
win_100,RETA,2022-04-30,1
win_100,RXDX,2022-04-30,2
win_100,RYTM,2022-04-30,1
win_100,SGFY,2022-04-30,1
win_100,SHLS,2022-04-30,1
win_100,SMCI,2022-04-30,2
win_100,TA,2022-04-30,1
win_100,TDW,2022-04-30,2
win_100,TGTX,2022-04-30,1
win_100,TH,2022-04-30,2
win_100,TMDX,2022-04-30,1
win_100,TPTX,2022-04-30,1
win_100,UFPT,2022-04-30,2
win_100,VRDN,2022-04-30,1
win_100,VVNT,2022-04-30,1
win_100,WFRD,2022-04-30,2
win_100,WING,2022-04-30,2
win_100,ACLS,2022-05-31,2
win_100,ACVA,2022-05-31,1
win_100,AEHR,2022-05-31,1
win_100,AERI,2022-05-31,1
win_100,AI,2022-05-31,1
win_100,AKRO,2022-05-31,1
win_100,ALBO,2022-05-31,2
win_100,APLS,2022-05-31,2
win_100,ARRY,2022-05-31,1
win_100,AXSM,2022-05-31,1
win_100,BBIO,2022-05-31,1
win_100,BLBD,2022-05-31,1
win_100,BMEA,2022-05-31,1
win_100,CCXI1,2022-05-31,1
win_100,CROX,2022-05-31,1
win_100,DAWN,2022-05-31,1
win_100,ELF,2022-05-31,2
win_100,EXTR,2022-05-31,2
win_100,FDMT,2022-05-31,1
win_100,FMTX,2022-05-31,1
win_100,FSLR,2022-05-31,2
win_100,GBT,2022-05-31,1
win_100,HROW,2022-05-31,1
win_100,IDYA,2022-05-31,1
win_100,IMGO,2022-05-31,1
win_100,INTA,2022-05-31,1
win_100,ISEE,2022-05-31,1
win_100,KRTX,2022-05-31,2
win_100,KRUS,2022-05-31,1
win_100,KRYS,2022-05-31,2
win_100,KYMR,2022-05-31,1
win_100,MDGL,2022-05-31,1
win_100,MOD,2022-05-31,1
win_100,MORF,2022-05-31,1
win_100,MYOV,2022-05-31,1
win_100,NEO,2022-05-31,1
win_100,NFLX,2022-05-31,2
win_100,NUVL,2022-05-31,1
win_100,NVDA,2022-05-31,2
win_100,OSH,2022-05-31,1
win_100,PACB,2022-05-31,1
win_100,PCVX,2022-05-31,2
win_100,PEN,2022-05-31,2
win_100,PI,2022-05-31,1
win_100,PLPC,2022-05-31,2
win_100,PLRX,2022-05-31,1
win_100,POWL,2022-05-31,1
win_100,PRTA,2022-05-31,1
win_100,PTGX,2022-05-31,1
win_100,RETA,2022-05-31,1
win_100,RMBS,2022-05-31,2
win_100,RVNC,2022-05-31,1
win_100,RXDX,2022-05-31,1
win_100,SGFY,2022-05-31,1
win_100,SMCI,2022-05-31,2
win_100,SYM,2022-05-31,2
win_100,TA,2022-05-31,1
win_100,TCMD,2022-05-31,1
win_100,TH,2022-05-31,2
win_100,TMDX,2022-05-31,2
win_100,TPTX,2022-05-31,1
win_100,UFPT,2022-05-31,2
win_100,USAK,2022-05-31,1
win_100,VVNT,2022-05-31,1
win_100,WING,2022-05-31,2
win_100,ACLS,2022-06-30,2
win_100,ACVA,2022-06-30,1
win_100,AEHR,2022-06-30,1
win_100,AERI,2022-06-30,1
win_100,AKRO,2022-06-30,1
win_100,ALBO,2022-06-30,1
win_100,ALGM,2022-06-30,2
win_100,ANF,2022-06-30,1
win_100,APLS,2022-06-30,2
win_100,ARRY,2022-06-30,1
win_100,ATEC,2022-06-30,1
win_100,AVEO,2022-06-30,1
win_100,AXON,2022-06-30,2
win_100,BLBD,2022-06-30,1
win_100,BLDR,2022-06-30,2
win_100,BZH,2022-06-30,1
win_100,CARS,2022-06-30,1
win_100,CCL,2022-06-30,1
win_100,CCXI1,2022-06-30,2
win_100,CECO,2022-06-30,2
win_100,CELH,2022-06-30,2
win_100,CHUY,2022-06-30,1
win_100,CRCT,2022-06-30,1
win_100,CROX,2022-06-30,1
win_100,CRS,2022-06-30,2
win_100,CVRX,2022-06-30,1
win_100,DECK,2022-06-30,2
win_100,DFH,2022-06-30,1
win_100,DKNG,2022-06-30,1
win_100,DMRC,2022-06-30,1
win_100,ELF,2022-06-30,2
win_100,ENVX,2022-06-30,1
win_100,EXAS,2022-06-30,1
win_100,EXTR,2022-06-30,2
win_100,FDMT,2022-06-30,1
win_100,FICO,2022-06-30,2
win_100,FMTX,2022-06-30,1
win_100,FOUR,2022-06-30,1
win_100,FSLR,2022-06-30,2
win_100,FTAI,2022-06-30,1
win_100,FTI,2022-06-30,2
win_100,GBT,2022-06-30,2
win_100,GE,2022-06-30,2
win_100,GRBK,2022-06-30,2
win_100,HOV,2022-06-30,1
win_100,IMGO,2022-06-30,1
win_100,INBX1,2022-06-30,1
win_100,INSW,2022-06-30,2
win_100,INTA,2022-06-30,1
win_100,ISEE,2022-06-30,1
win_100,JBL,2022-06-30,2
win_100,KDNY,2022-06-30,2
win_100,LPG,2022-06-30,2
win_100,MARA,2022-06-30,1
win_100,MAXR,2022-06-30,2
win_100,MDGL,2022-06-30,2
win_100,MHO,2022-06-30,2
win_100,MOD,2022-06-30,1
win_100,MORF,2022-06-30,1
win_100,MSTR,2022-06-30,1
win_100,MYOV,2022-06-30,1
win_100,NFLX,2022-06-30,2
win_100,NUVL,2022-06-30,1
win_100,NVDA,2022-06-30,2
win_100,NVEC,2022-06-30,2
win_100,NWLI,2022-06-30,2
win_100,ONEM,2022-06-30,1
win_100,OSH,2022-06-30,1
win_100,PCVX,2022-06-30,2
win_100,PDFS,2022-06-30,2
win_100,PEN,2022-06-30,1
win_100,PLPC,2022-06-30,2
win_100,PLRX,2022-06-30,1
win_100,POWL,2022-06-30,2
win_100,PRTA,2022-06-30,1
win_100,PTGX,2022-06-30,1
win_100,RCL,2022-06-30,1
win_100,RETA,2022-06-30,1
win_100,RMBS,2022-06-30,2
win_100,RXDX,2022-06-30,2
win_100,RXST,2022-06-30,2
win_100,RYZ,2022-06-30,2
win_100,SGFY,2022-06-30,2
win_100,SIBN,2022-06-30,1
win_100,SMCI,2022-06-30,2
win_100,STRL,2022-06-30,2
win_100,SYM,2022-06-30,1
win_100,TA,2022-06-30,1
win_100,TCMD,2022-06-30,1
win_100,TDW,2022-06-30,2
win_100,TEX,2022-06-30,1
win_100,TGLS,2022-06-30,1
win_100,TH,2022-06-30,2
win_100,TMDX,2022-06-30,2
win_100,TMHC,2022-06-30,2
win_100,UBER,2022-06-30,2
win_100,UFPT,2022-06-30,2
win_100,VRDN,2022-06-30,1
win_100,VRT,2022-06-30,1
win_100,WFRD,2022-06-30,2
win_100,WING,2022-06-30,1
win_100,ACLS,2022-07-31,2
win_100,ACVA,2022-07-31,1
win_100,AEHR,2022-07-31,2
win_100,AERI,2022-07-31,1
win_100,AI,2022-07-31,1
win_100,AKRO,2022-07-31,1
win_100,ALBO,2022-07-31,1
win_100,ALGM,2022-07-31,2
win_100,ANF,2022-07-31,1
win_100,ATEC,2022-07-31,1
win_100,AVEO,2022-07-31,2
win_100,AXSM,2022-07-31,2
win_100,BBIO,2022-07-31,1
win_100,BETR,2022-07-31,2
win_100,BLDR,2022-07-31,2
win_100,BMEA,2022-07-31,1
win_100,BZH,2022-07-31,1
win_100,CCL,2022-07-31,1
win_100,CCXI1,2022-07-31,1
win_100,DKNG,2022-07-31,1
win_100,ELF,2022-07-31,2
win_100,EXAS,2022-07-31,1
win_100,EXTR,2022-07-31,2
win_100,FMTX,2022-07-31,1
win_100,FOR,2022-07-31,1
win_100,FSLR,2022-07-31,2
win_100,FTI,2022-07-31,2
win_100,GBT,2022-07-31,2
win_100,GRBK,2022-07-31,2
win_100,HOV,2022-07-31,1
win_100,IAS,2022-07-31,1
win_100,IMGO,2022-07-31,1
win_100,INSW,2022-07-31,2
win_100,INTA,2022-07-31,1
win_100,IONQ,2022-07-31,1
win_100,ISEE,2022-07-31,1
win_100,KDNY,2022-07-31,2
win_100,LPG,2022-07-31,2
win_100,MDGL,2022-07-31,1
win_100,META,2022-07-31,2
win_100,MHO,2022-07-31,2
win_100,MOD,2022-07-31,2
win_100,MORF,2022-07-31,1
win_100,MYOV,2022-07-31,1
win_100,NUVL,2022-07-31,1
win_100,NVDA,2022-07-31,2
win_100,NVTS,2022-07-31,1
win_100,NWLI,2022-07-31,2
win_100,OII,2022-07-31,1
win_100,PCVX,2022-07-31,2
win_100,PEN,2022-07-31,1
win_100,PRG,2022-07-31,1
win_100,PRTA,2022-07-31,1
win_100,RCL,2022-07-31,1
win_100,RETA,2022-07-31,1
win_100,RIOT,2022-07-31,1
win_100,RMBS,2022-07-31,2
win_100,RXDX,2022-07-31,2
win_100,SMCI,2022-07-31,2
win_100,STRL,2022-07-31,2
win_100,SYM,2022-07-31,2
win_100,TA,2022-07-31,2
win_100,TCMD,2022-07-31,1
win_100,TDW,2022-07-31,2
win_100,TGLS,2022-07-31,2
win_100,TGTX,2022-07-31,1
win_100,TMDX,2022-07-31,2
win_100,TTD,2022-07-31,2
win_100,UBER,2022-07-31,2
win_100,UFPT,2022-07-31,2
win_100,UPST,2022-07-31,1
win_100,VRT,2022-07-31,1
win_100,WFRD,2022-07-31,1
win_100,ACLS,2022-08-31,2
win_100,AEHR,2022-08-31,2
win_100,AKRO,2022-08-31,1
win_100,ALBO,2022-08-31,1
win_100,ANF,2022-08-31,1
win_100,ARCT,2022-08-31,1
win_100,ATEC,2022-08-31,1
win_100,AVDL,2022-08-31,1
win_100,BBIO,2022-08-31,1
win_100,BLDR,2022-08-31,2
win_100,BZH,2022-08-31,1
win_100,CIR1,2022-08-31,1
win_100,DFH,2022-08-31,1
win_100,ELF,2022-08-31,2
win_100,EXAS,2022-08-31,1
win_100,FDMT,2022-08-31,1
win_100,FICO,2022-08-31,2
win_100,FOR,2022-08-31,1
win_100,FSLY,2022-08-31,1
win_100,FTAI,2022-08-31,1
win_100,FTI,2022-08-31,2
win_100,GRBK,2022-08-31,2
win_100,HOV,2022-08-31,1
win_100,IDYA,2022-08-31,1
win_100,IMGN,2022-08-31,2
win_100,IMGO,2022-08-31,1
win_100,IMVT,2022-08-31,1
win_100,INTA,2022-08-31,1
win_100,IONQ,2022-08-31,1
win_100,ISEE,2022-08-31,1
win_100,LPG,2022-08-31,2
win_100,MAXR,2022-08-31,1
win_100,MDGL,2022-08-31,2
win_100,MHO,2022-08-31,2
win_100,MOD,2022-08-31,2
win_100,MORF,2022-08-31,1
win_100,NUVL,2022-08-31,1
win_100,NVDA,2022-08-31,2
win_100,OII,2022-08-31,1
win_100,PETQ,2022-08-31,1
win_100,PHM,2022-08-31,2
win_100,PLPC,2022-08-31,2
win_100,PTGX,2022-08-31,1
win_100,QTRX,2022-08-31,1
win_100,RCL,2022-08-31,1
win_100,RELY,2022-08-31,1
win_100,RETA,2022-08-31,1
win_100,RMBS,2022-08-31,2
win_100,RXDX,2022-08-31,2
win_100,RXST,2022-08-31,1
win_100,SAIA,2022-08-31,2
win_100,SKYW,2022-08-31,1
win_100,SMCI,2022-08-31,2
win_100,STRL,2022-08-31,2
win_100,SYM,2022-08-31,2
win_100,TCMD,2022-08-31,1
win_100,TDW,2022-08-31,2
win_100,VRT,2022-08-31,1
win_100,WFRD,2022-08-31,2
win_100,XPO,2022-08-31,2
win_100,ZEUS,2022-08-31,2
win_100,ACLS,2022-09-30,2
win_100,ACVA,2022-09-30,1
win_100,AEHR,2022-09-30,2
win_100,AI,2022-09-30,1
win_100,ALBO,2022-09-30,1
win_100,ANF,2022-09-30,1
win_100,APP,2022-09-30,1
win_100,AROC,2022-09-30,2
win_100,ATRO,2022-09-30,1
win_100,AVDL,2022-09-30,1
win_100,BBIO,2022-09-30,1
win_100,BBW,2022-09-30,1
win_100,BLDR,2022-09-30,2
win_100,BRBR,2022-09-30,2
win_100,BVH,2022-09-30,1
win_100,BZH,2022-09-30,1
win_100,CIR1,2022-09-30,1
win_100,CMPR,2022-09-30,1
win_100,COCO,2022-09-30,2
win_100,CPS,2022-09-30,1
win_100,CRS,2022-09-30,2
win_100,CVNA,2022-09-30,1
win_100,DELL,2022-09-30,2
win_100,DFH,2022-09-30,1
win_100,DMRC,2022-09-30,1
win_100,ELF,2022-09-30,2
win_100,ETNB,2022-09-30,1
win_100,EXAS,2022-09-30,1
win_100,FICO,2022-09-30,2
win_100,FOR,2022-09-30,1
win_100,FSLY,2022-09-30,1
win_100,FTAI,2022-09-30,1
win_100,FTI,2022-09-30,2
win_100,GE,2022-09-30,2
win_100,GSHD,2022-09-30,1
win_100,HNRG,2022-09-30,2
win_100,HOV,2022-09-30,1
win_100,HY,2022-09-30,1
win_100,IDCC,2022-09-30,2
win_100,IMGO,2022-09-30,1
win_100,IMVT,2022-09-30,1
win_100,IONQ,2022-09-30,1
win_100,ISEE,2022-09-30,2
win_100,JBL,2022-09-30,2
win_100,KDNY,2022-09-30,2
win_100,LPG,2022-09-30,2
win_100,MAXR,2022-09-30,1
win_100,MDGL,2022-09-30,2
win_100,META,2022-09-30,2
win_100,MHO,2022-09-30,2
win_100,MOD,2022-09-30,2
win_100,NUVL,2022-09-30,1
win_100,NVDA,2022-09-30,2
win_100,NWLI,2022-09-30,2
win_100,OII,2022-09-30,1
win_100,PARR,2022-09-30,2
win_100,PCVX,2022-09-30,2
win_100,PETQ,2022-09-30,1
win_100,PLPC,2022-09-30,2
win_100,PR,2022-09-30,2
win_100,PRG,2022-09-30,1
win_100,PRIM,2022-09-30,1
win_100,QTRX,2022-09-30,1
win_100,RCL,2022-09-30,1
win_100,RELY,2022-09-30,1
win_100,RETA,2022-09-30,1
win_100,RMBS,2022-09-30,2
win_100,RXDX,2022-09-30,2
win_100,RXST,2022-09-30,1
win_100,SAIA,2022-09-30,2
win_100,SHC,2022-09-30,1
win_100,SKYW,2022-09-30,1
win_100,SMCI,2022-09-30,2
win_100,SPB,2022-09-30,1
win_100,SPOK,2022-09-30,1
win_100,STRL,2022-09-30,2
win_100,SYM,2022-09-30,1
win_100,TDW,2022-09-30,2
win_100,VRT,2022-09-30,1
win_100,WFRD,2022-09-30,2
win_100,XPO,2022-09-30,2
win_100,ZEUS,2022-09-30,1
win_100,ACLS,2022-10-31,2
win_100,ACMR,2022-10-31,1
win_100,ALBO,2022-10-31,1
win_100,ANF,2022-10-31,1
win_100,APP,2022-10-31,1
win_100,BBIO,2022-10-31,1
win_100,BZH,2022-10-31,1
win_100,CIR1,2022-10-31,1
win_100,CMPR,2022-10-31,1
win_100,COCO,2022-10-31,1
win_100,DSGR,2022-10-31,1
win_100,ELF,2022-10-31,2
win_100,FOR,2022-10-31,1
win_100,FTAI,2022-10-31,2
win_100,FTI,2022-10-31,2
win_100,IMGN,2022-10-31,2
win_100,IMGO,2022-10-31,1
win_100,IMVT,2022-10-31,1
win_100,LPG,2022-10-31,2
win_100,MAXR,2022-10-31,1
win_100,META,2022-10-31,1
win_100,MOD,2022-10-31,2
win_100,NVDA,2022-10-31,2
win_100,NWLI,2022-10-31,2
win_100,PETQ,2022-10-31,1
win_100,PRVB,2022-10-31,1
win_100,RELY,2022-10-31,1
win_100,RETA,2022-10-31,1
win_100,RXDX,2022-10-31,2
win_100,SKYW,2022-10-31,1
win_100,SMCI,2022-10-31,2
win_100,STRL,2022-10-31,2
win_100,SYM,2022-10-31,1
win_100,TDW,2022-10-31,2
win_100,VRT,2022-10-31,2
win_100,WFRD,2022-10-31,2
win_100,XPO,2022-10-31,2
win_100,ACLX,2022-11-30,2
win_100,AD,2022-11-30,1
win_100,AFRM,2022-11-30,1
win_100,AI,2022-11-30,1
win_100,ANF,2022-11-30,1
win_100,APP,2022-11-30,1
win_100,BBIO,2022-11-30,1
win_100,BLDR,2022-11-30,2
win_100,BRBR,2022-11-30,2
win_100,BRZE,2022-11-30,1
win_100,BVH,2022-11-30,1
win_100,CINC,2022-11-30,1
win_100,CIR1,2022-11-30,2
win_100,CMPR,2022-11-30,1
win_100,COCO,2022-11-30,1
win_100,COIN,2022-11-30,1
win_100,CPS,2022-11-30,1
win_100,CRWD,2022-11-30,2
win_100,CVNA,2022-11-30,1
win_100,CWCO,2022-11-30,2
win_100,DFH,2022-11-30,1
win_100,DKNG,2022-11-30,2
win_100,DUOL,2022-11-30,1
win_100,ELF,2022-11-30,2
win_100,FOR,2022-11-30,1
win_100,FTAI,2022-11-30,2
win_100,HCI,2022-11-30,1
win_100,IDCC,2022-11-30,2
win_100,IMGN,2022-11-30,2
win_100,IMVT,2022-11-30,2
win_100,IONQ,2022-11-30,1
win_100,KTOS,2022-11-30,1
win_100,LPG,2022-11-30,2
win_100,MAXR,2022-11-30,1
win_100,MDB,2022-11-30,2
win_100,MDGL,2022-11-30,2
win_100,META,2022-11-30,1
win_100,MHO,2022-11-30,2
win_100,MOD,2022-11-30,2
win_100,MSTR,2022-11-30,1
win_100,NVDA,2022-11-30,2
win_100,NWLI,2022-11-30,2
win_100,PLTR,2022-11-30,1
win_100,PRVB,2022-11-30,2
win_100,PTGX,2022-11-30,1
win_100,RELY,2022-11-30,1
win_100,RETA,2022-11-30,1
win_100,RXDX,2022-11-30,2
win_100,SKYW,2022-11-30,1
win_100,SMCI,2022-11-30,2
win_100,SPOK,2022-11-30,1
win_100,SYM,2022-11-30,1
win_100,TDS,2022-11-30,1
win_100,VRT,2022-11-30,2
win_100,WFRD,2022-11-30,2
win_100,XPO,2022-11-30,2
win_100,ACMR,2022-12-31,1
win_100,AFRM,2022-12-31,1
win_100,AI,2022-12-31,1
win_100,ALBO,2022-12-31,1
win_100,ALPN,2022-12-31,1
win_100,AMD,2022-12-31,2
win_100,AMPH,2022-12-31,2
win_100,AMR,2022-12-31,2
win_100,ANF,2022-12-31,1
win_100,APP,2022-12-31,1
win_100,AVGO,2022-12-31,2
win_100,BBIO,2022-12-31,1
win_100,BCC,2022-12-31,2
win_100,BLBD,2022-12-31,1
win_100,BLD,2022-12-31,2
win_100,BLDR,2022-12-31,2
win_100,BPMC,2022-12-31,1
win_100,BRBR,2022-12-31,2
win_100,BVH,2022-12-31,1
win_100,BZH,2022-12-31,1
win_100,CABA,2022-12-31,1
win_100,CBAY,2022-12-31,2
win_100,CCL,2022-12-31,1
win_100,CINC,2022-12-31,1
win_100,CIR1,2022-12-31,2
win_100,CMPR,2022-12-31,1
win_100,CNM,2022-12-31,2
win_100,COIN,2022-12-31,1
win_100,CPS,2022-12-31,1
win_100,CRWD,2022-12-31,2
win_100,CUBI,2022-12-31,1
win_100,CWCO,2022-12-31,2
win_100,DASH,2022-12-31,1
win_100,DFH,2022-12-31,1
win_100,DKNG,2022-12-31,1
win_100,DUOL,2022-12-31,1
win_100,ELF,2022-12-31,2
win_100,ESTC,2022-12-31,2
win_100,FOR,2022-12-31,2
win_100,FSLY,2022-12-31,1
win_100,FTAI,2022-12-31,2
win_100,GIII,2022-12-31,1
win_100,GNE,2022-12-31,2
win_100,GRBK,2022-12-31,2
win_100,GSHD,2022-12-31,1
win_100,HCI,2022-12-31,1
win_100,HOV,2022-12-31,1
win_100,HUBS,2022-12-31,2
win_100,HY,2022-12-31,1
win_100,IBP,2022-12-31,2
win_100,IDCC,2022-12-31,2
win_100,IESC,2022-12-31,2
win_100,IMVT,2022-12-31,2
win_100,IOT,2022-12-31,1
win_100,JAKK,2022-12-31,2
win_100,LPG,2022-12-31,2
win_100,MDB,2022-12-31,2
win_100,META,2022-12-31,2
win_100,METC,2022-12-31,1
win_100,MHO,2022-12-31,2
win_100,MOD,2022-12-31,2
win_100,MSTR,2022-12-31,1
win_100,NUVL,2022-12-31,2
win_100,NVDA,2022-12-31,2
win_100,ONTO,2022-12-31,2
win_100,PANW,2022-12-31,2
win_100,PAY,2022-12-31,1
win_100,PETQ,2022-12-31,1
win_100,PGTI,2022-12-31,2
win_100,PHM,2022-12-31,2
win_100,PLTR,2022-12-31,1
win_100,POWL,2022-12-31,2
win_100,PRVB,2022-12-31,2
win_100,PTGX,2022-12-31,1
win_100,RCL,2022-12-31,2
win_100,RCMT,2022-12-31,1
win_100,RETA,2022-12-31,1
win_100,RKT,2022-12-31,1
win_100,ROKU,2022-12-31,1
win_100,RRGB,2022-12-31,1
win_100,SAIA,2022-12-31,2
win_100,SHC,2022-12-31,1
win_100,SKYW,2022-12-31,1
win_100,SMCI,2022-12-31,2
win_100,SPOK,2022-12-31,1
win_100,SRRK,2022-12-31,1
win_100,SSD,2022-12-31,2
win_100,STRL,2022-12-31,2
win_100,SYM,2022-12-31,1
win_100,TOL,2022-12-31,2
win_100,TSLA,2022-12-31,2
win_100,UBER,2022-12-31,2
win_100,UPST,2022-12-31,1
win_100,VRT,2022-12-31,2
win_100,XPO,2022-12-31,2
win_100,ZEUS,2022-12-31,2
win_100,AFRM,2023-01-31,1
win_100,AMD,2023-01-31,2
win_100,AMR,2023-01-31,2
win_100,ANET,2023-01-31,2
win_100,ANF,2023-01-31,2
win_100,APP,2023-01-31,1
win_100,AVGO,2023-01-31,2
win_100,BBIO,2023-01-31,1
win_100,BLBD,2023-01-31,1
win_100,BLDR,2023-01-31,2
win_100,BVH,2023-01-31,2
win_100,CBAY,2023-01-31,2
win_100,CIR1,2023-01-31,2
win_100,CMPR,2023-01-31,1
win_100,COIN,2023-01-31,1
win_100,CRWD,2023-01-31,2
win_100,CVNA,2023-01-31,1
win_100,DELL,2023-01-31,2
win_100,DFH,2023-01-31,1
win_100,DJT,2023-01-31,1
win_100,DKNG,2023-01-31,1
win_100,ELF,2023-01-31,2
win_100,FOR,2023-01-31,1
win_100,FTAI,2023-01-31,2
win_100,HOV,2023-01-31,1
win_100,HY,2023-01-31,1
win_100,IDYA,2023-01-31,2
win_100,IMVT,2023-01-31,2
win_100,IOT,2023-01-31,1
win_100,IRON,2023-01-31,1
win_100,LPG,2023-01-31,2
win_100,MARA,2023-01-31,1
win_100,META,2023-01-31,2
win_100,METC,2023-01-31,1
win_100,MGNX,2023-01-31,1
win_100,MHO,2023-01-31,2
win_100,MLTX,2023-01-31,2
win_100,MOD,2023-01-31,2
win_100,MRUS,2023-01-31,1
win_100,NTNX,2023-01-31,2
win_100,NUVL,2023-01-31,2
win_100,NVDA,2023-01-31,2
win_100,ONTO,2023-01-31,2
win_100,PANW,2023-01-31,2
win_100,PLTR,2023-01-31,1
win_100,POWL,2023-01-31,2
win_100,PRVB,2023-01-31,2
win_100,RETA,2023-01-31,2
win_100,RXST,2023-01-31,1
win_100,SKYW,2023-01-31,1
win_100,SMCI,2023-01-31,2
win_100,STRL,2023-01-31,2
win_100,SYM,2023-01-31,1
win_100,UBER,2023-01-31,2
win_100,VERA,2023-01-31,1
win_100,VKTX,2023-01-31,2
win_100,VRT,2023-01-31,2
win_100,XPO,2023-01-31,2
win_100,ACLX,2023-02-28,2
win_100,ACMR,2023-02-28,1
win_100,AFRM,2023-02-28,1
win_100,ALXO,2023-02-28,1
win_100,AMD,2023-02-28,2
win_100,AMR,2023-02-28,2
win_100,AMSC,2023-02-28,1
win_100,ANET,2023-02-28,2
win_100,ANF,2023-02-28,2
win_100,APP,2023-02-28,1
win_100,ARCT,2023-02-28,1
win_100,AVGO,2023-02-28,2
win_100,BBIO,2023-02-28,1
win_100,BCC,2023-02-28,2
win_100,BLDR,2023-02-28,2
win_100,BPMC,2023-02-28,1
win_100,BVH,2023-02-28,2
win_100,BZH,2023-02-28,1
win_100,CABA,2023-02-28,1
win_100,CBAY,2023-02-28,2
win_100,CCCC,2023-02-28,1
win_100,CEG,2023-02-28,2
win_100,CELH,2023-02-28,2
win_100,CMPR,2023-02-28,1
win_100,CNM,2023-02-28,2
win_100,COIN,2023-02-28,1
win_100,CRDO,2023-02-28,1
win_100,CRNX,2023-02-28,2
win_100,CRWD,2023-02-28,2
win_100,CVNA,2023-02-28,1
win_100,DASH,2023-02-28,1
win_100,DECK,2023-02-28,2
win_100,DELL,2023-02-28,2
win_100,DFH,2023-02-28,1
win_100,DJT,2023-02-28,1
win_100,DKNG,2023-02-28,2
win_100,DUOL,2023-02-28,2
win_100,DYN,2023-02-28,1
win_100,ELF,2023-02-28,2
win_100,ESTC,2023-02-28,2
win_100,FCNCA,2023-02-28,2
win_100,FIX,2023-02-28,2
win_100,FOR,2023-02-28,1
win_100,FTAI,2023-02-28,2
win_100,GFF,2023-02-28,2
win_100,GIII,2023-02-28,1
win_100,GPOR,2023-02-28,1
win_100,GRPN,2023-02-28,1
win_100,HOV,2023-02-28,1
win_100,IBP,2023-02-28,2
win_100,IDYA,2023-02-28,2
win_100,IESC,2023-02-28,2
win_100,IMVT,2023-02-28,2
win_100,IOT,2023-02-28,2
win_100,IOVA,2023-02-28,1
win_100,IRON,2023-02-28,1
win_100,JANX,2023-02-28,1
win_100,LLY,2023-02-28,2
win_100,MARA,2023-02-28,1
win_100,MDB,2023-02-28,2
win_100,MEDP,2023-02-28,2
win_100,META,2023-02-28,2
win_100,METC,2023-02-28,1
win_100,MGNX,2023-02-28,1
win_100,MHO,2023-02-28,2
win_100,MLTX,2023-02-28,2
win_100,MOD,2023-02-28,2
win_100,MRUS,2023-02-28,1
win_100,MSTR,2023-02-28,1
win_100,NTNX,2023-02-28,2
win_100,NUVL,2023-02-28,2
win_100,NVDA,2023-02-28,2
win_100,ONTO,2023-02-28,2
win_100,OSCR,2023-02-28,1
win_100,PHM,2023-02-28,2
win_100,PLTR,2023-02-28,1
win_100,POWL,2023-02-28,2
win_100,PRVB,2023-02-28,2
win_100,QTRX,2023-02-28,1
win_100,RETA,2023-02-28,1
win_100,REVG,2023-02-28,2
win_100,RIOT,2023-02-28,1
win_100,ROOT,2023-02-28,1
win_100,RXST,2023-02-28,1
win_100,SAIA,2023-02-28,2
win_100,SFM,2023-02-28,2
win_100,SKYW,2023-02-28,1
win_100,SMCI,2023-02-28,2
win_100,SMLR,2023-02-28,1
win_100,STRL,2023-02-28,2
win_100,SYM,2023-02-28,2
win_100,TNGX,2023-02-28,1
win_100,TWST,2023-02-28,1
win_100,UBER,2023-02-28,2
win_100,VERA,2023-02-28,1
win_100,VERX,2023-02-28,2
win_100,VKTX,2023-02-28,2
win_100,VRT,2023-02-28,2
win_100,VST,2023-02-28,2
win_100,WING,2023-02-28,2
win_100,XPO,2023-02-28,1
win_100,ACLX,2023-03-31,2
win_100,ACMR,2023-03-31,1
win_100,AFRM,2023-03-31,1
win_100,AMR,2023-03-31,2
win_100,ANF,2023-03-31,2
win_100,APEI,2023-03-31,1
win_100,APP,2023-03-31,1
win_100,ARLO,2023-03-31,1
win_100,AROC,2023-03-31,2
win_100,ASPN,2023-03-31,1
win_100,AVGO,2023-03-31,2
win_100,AZEK,2023-03-31,2
win_100,BCC,2023-03-31,2
win_100,BLD,2023-03-31,2
win_100,BLDR,2023-03-31,2
win_100,BPMC,2023-03-31,1
win_100,BV,2023-03-31,1
win_100,BVH,2023-03-31,2
win_100,BZH,2023-03-31,2
win_100,CABA,2023-03-31,1
win_100,CBAY,2023-03-31,2
win_100,CEG,2023-03-31,2
win_100,CELC,2023-03-31,1
win_100,CELH,2023-03-31,2
win_100,CMPR,2023-03-31,1
win_100,CNM,2023-03-31,2
win_100,COIN,2023-03-31,1
win_100,CRBG,2023-03-31,1
win_100,CRBP,2023-03-31,1
win_100,CRDO,2023-03-31,1
win_100,CRNX,2023-03-31,1
win_100,CRWD,2023-03-31,2
win_100,CUBI,2023-03-31,1
win_100,CVNA,2023-03-31,1
win_100,DASH,2023-03-31,2
win_100,DECK,2023-03-31,2
win_100,DELL,2023-03-31,2
win_100,DFH,2023-03-31,1
win_100,DJT,2023-03-31,1
win_100,DKNG,2023-03-31,2
win_100,DYN,2023-03-31,1
win_100,ELF,2023-03-31,2
win_100,EME,2023-03-31,2
win_100,ETRN,2023-03-31,1
win_100,EWTX,2023-03-31,1
win_100,FIX,2023-03-31,2
win_100,FOR,2023-03-31,2
win_100,FROG,2023-03-31,2
win_100,FTAI,2023-03-31,2
win_100,GAP,2023-03-31,1
win_100,GCT,2023-03-31,1
win_100,GCTS,2023-03-31,2
win_100,GFF,2023-03-31,2
win_100,GPOR,2023-03-31,2
win_100,HCI,2023-03-31,1
win_100,HOOD,2023-03-31,1
win_100,HOV,2023-03-31,2
win_100,IBP,2023-03-31,2
win_100,IDYA,2023-03-31,2
win_100,IESC,2023-03-31,2
win_100,IMVT,2023-03-31,2
win_100,INBK,2023-03-31,1
win_100,INFA,2023-03-31,1
win_100,IOVA,2023-03-31,1
win_100,IRON,2023-03-31,1
win_100,JANX,2023-03-31,1
win_100,KAMN,2023-03-31,1
win_100,KRYS,2023-03-31,2
win_100,LLY,2023-03-31,2
win_100,LMB,2023-03-31,2
win_100,LPG,2023-03-31,2
win_100,LQDA,2023-03-31,2
win_100,LYFT,2023-03-31,1
win_100,MARA,2023-03-31,1
win_100,MEDP,2023-03-31,2
win_100,META,2023-03-31,2
win_100,METC,2023-03-31,1
win_100,MGNX,2023-03-31,1
win_100,MHO,2023-03-31,2
win_100,MLTX,2023-03-31,2
win_100,MOD,2023-03-31,2
win_100,MRUS,2023-03-31,1
win_100,MSTR,2023-03-31,2
win_100,MTRX,2023-03-31,1
win_100,NRG,2023-03-31,2
win_100,NTNX,2023-03-31,2
win_100,NUVL,2023-03-31,2
win_100,NVDA,2023-03-31,2
win_100,NWLI,2023-03-31,2
win_100,ONTO,2023-03-31,2
win_100,ORIC,2023-03-31,1
win_100,OSCR,2023-03-31,1
win_100,P,2023-03-31,2
win_100,PHM,2023-03-31,2
win_100,PLTR,2023-03-31,2
win_100,POWL,2023-03-31,2
win_100,QTRX,2023-03-31,1
win_100,QTWO,2023-03-31,1
win_100,RCL,2023-03-31,2
win_100,REVG,2023-03-31,1
win_100,REX,2023-03-31,2
win_100,ROAD,2023-03-31,2
win_100,RXST,2023-03-31,2
win_100,RYTM,2023-03-31,1
win_100,SAIA,2023-03-31,2
win_100,SG,2023-03-31,1
win_100,SKYW,2023-03-31,1
win_100,SMCI,2023-03-31,2
win_100,SRRK,2023-03-31,1
win_100,STRL,2023-03-31,2
win_100,TARS,2023-03-31,1
win_100,TDW,2023-03-31,2
win_100,TILE,2023-03-31,1
win_100,TOL,2023-03-31,2
win_100,TPC,2023-03-31,1
win_100,TREX,2023-03-31,2
win_100,TWST,2023-03-31,1
win_100,UBER,2023-03-31,2
win_100,UTI,2023-03-31,1
win_100,VERA,2023-03-31,1
win_100,VKTX,2023-03-31,2
win_100,VRT,2023-03-31,2
win_100,VST,2023-03-31,2
win_100,WING,2023-03-31,2
win_100,WMS,2023-03-31,2
win_100,WSM,2023-03-31,2
win_100,XPO,2023-03-31,1
win_100,YMAB,2023-03-31,1
win_100,ZIMV,2023-03-31,1
win_100,ACMR,2023-04-30,1
win_100,AFRM,2023-04-30,1
win_100,ALKT,2023-04-30,1
win_100,ALXO,2023-04-30,1
win_100,AMR,2023-04-30,2
win_100,ANF,2023-04-30,2
win_100,APEI,2023-04-30,1
win_100,APP,2023-04-30,1
win_100,ARIS2,2023-04-30,1
win_100,ASPN,2023-04-30,1
win_100,AVGO,2023-04-30,2
win_100,BCC,2023-04-30,2
win_100,BV,2023-04-30,1
win_100,BVH,2023-04-30,2
win_100,CBAY,2023-04-30,2
win_100,CEG,2023-04-30,2
win_100,CELH,2023-04-30,2
win_100,CENX,2023-04-30,1
win_100,CGEM,2023-04-30,1
win_100,CIR1,2023-04-30,2
win_100,CNM,2023-04-30,2
win_100,COIN,2023-04-30,1
win_100,CRBP,2023-04-30,1
win_100,CRDO,2023-04-30,1
win_100,CRNX,2023-04-30,2
win_100,CRWD,2023-04-30,2
win_100,CUBI,2023-04-30,1
win_100,CVNA,2023-04-30,1
win_100,DASH,2023-04-30,2
win_100,DELL,2023-04-30,2
win_100,DFH,2023-04-30,2
win_100,DJT,2023-04-30,1
win_100,DYN,2023-04-30,1
win_100,EME,2023-04-30,2
win_100,ETRN,2023-04-30,1
win_100,EVER,2023-04-30,1
win_100,EWTX,2023-04-30,1
win_100,EYPT,2023-04-30,1
win_100,FIX,2023-04-30,2
win_100,FROG,2023-04-30,1
win_100,FTAI,2023-04-30,2
win_100,GAP,2023-04-30,1
win_100,GE,2023-04-30,2
win_100,GFF,2023-04-30,2
win_100,GKOS,2023-04-30,2
win_100,HCC,2023-04-30,2
win_100,HCI,2023-04-30,1
win_100,HOV,2023-04-30,2
win_100,ICVX,2023-04-30,1
win_100,IDYA,2023-04-30,2
win_100,IESC,2023-04-30,2
win_100,IMGN,2023-04-30,1
win_100,INBK,2023-04-30,1
win_100,INFA,2023-04-30,1
win_100,IOVA,2023-04-30,1
win_100,JXN,2023-04-30,1
win_100,KAMN,2023-04-30,1
win_100,KDNY,2023-04-30,2
win_100,KURA,2023-04-30,1
win_100,LMB,2023-04-30,2
win_100,LPG,2023-04-30,2
win_100,MAX,2023-04-30,1
win_100,METC,2023-04-30,1
win_100,MGNX,2023-04-30,1
win_100,MOD,2023-04-30,2
win_100,MRUS,2023-04-30,1
win_100,MSTR,2023-04-30,2
win_100,NRG,2023-04-30,2
win_100,NTNX,2023-04-30,2
win_100,NVDA,2023-04-30,2
win_100,ONTO,2023-04-30,2
win_100,OSCR,2023-04-30,1
win_100,P,2023-04-30,2
win_100,PLTR,2023-04-30,2
win_100,POWL,2023-04-30,2
win_100,PTVE,2023-04-30,1
win_100,QTWO,2023-04-30,1
win_100,RCL,2023-04-30,2
win_100,REVG,2023-04-30,1
win_100,RXST,2023-04-30,2
win_100,SG,2023-04-30,1
win_100,SKYW,2023-04-30,1
win_100,SMCI,2023-04-30,2
win_100,SRRK,2023-04-30,1
win_100,STRL,2023-04-30,2
win_100,TARS,2023-04-30,1
win_100,TDW,2023-04-30,2
win_100,TPC,2023-04-30,1
win_100,TREE,2023-04-30,1
win_100,TWST,2023-04-30,1
win_100,UBER,2023-04-30,2
win_100,VERA,2023-04-30,1
win_100,VITL,2023-04-30,2
win_100,VKTX,2023-04-30,2
win_100,VRT,2023-04-30,2
win_100,VST,2023-04-30,2
win_100,WDC,2023-04-30,1
win_100,WSM,2023-04-30,2
win_100,XPO,2023-04-30,2
win_100,YMAB,2023-04-30,1
win_100,ACIC,2023-05-31,1
win_100,ACMR,2023-05-31,1
win_100,AD,2023-05-31,1
win_100,AEO,2023-05-31,1
win_100,AGS,2023-05-31,1
win_100,ALPN,2023-05-31,2
win_100,AMR,2023-05-31,2
win_100,ANF,2023-05-31,2
win_100,APP,2023-05-31,2
win_100,ARHS,2023-05-31,1
win_100,AROC,2023-05-31,2
win_100,ASPN,2023-05-31,1
win_100,AVAV,2023-05-31,2
win_100,AZEK,2023-05-31,2
win_100,AZZ,2023-05-31,1
win_100,BBIO,2023-05-31,2
win_100,BCC,2023-05-31,2
win_100,BLBD,2023-05-31,2
win_100,BLD,2023-05-31,2
win_100,BV,2023-05-31,1
win_100,BVH,2023-05-31,2
win_100,CAL,2023-05-31,1
win_100,CBAY,2023-05-31,2
win_100,CECO,2023-05-31,1
win_100,CEG,2023-05-31,2
win_100,CENX,2023-05-31,1
win_100,CGEM,2023-05-31,1
win_100,CNM,2023-05-31,2
win_100,COIN,2023-05-31,2
win_100,CRBG,2023-05-31,1
win_100,CRNX,2023-05-31,2
win_100,CRS,2023-05-31,2
win_100,CVNA,2023-05-31,1
win_100,DECK,2023-05-31,2
win_100,DELL,2023-05-31,2
win_100,DJT,2023-05-31,1
win_100,DYN,2023-05-31,2
win_100,ELAN,2023-05-31,1
win_100,EME,2023-05-31,2
win_100,EVER,2023-05-31,1
win_100,FIX,2023-05-31,2
win_100,FN,2023-05-31,2
win_100,FRPT,2023-05-31,2
win_100,FTAI,2023-05-31,2
win_100,FTI,2023-05-31,2
win_100,GAP,2023-05-31,1
win_100,GBX,2023-05-31,1
win_100,GCT,2023-05-31,1
win_100,GE,2023-05-31,2
win_100,GFF,2023-05-31,2
win_100,GRPN,2023-05-31,1
win_100,HCC,2023-05-31,2
win_100,HIBB,2023-05-31,1
win_100,HIMS,2023-05-31,2
win_100,HOOD,2023-05-31,1
win_100,IBP,2023-05-31,2
win_100,IESC,2023-05-31,2
win_100,IMGN,2023-05-31,2
win_100,INBK,2023-05-31,1
win_100,INSM,2023-05-31,1
win_100,INSW,2023-05-31,2
win_100,JANX,2023-05-31,1
win_100,JXN,2023-05-31,1
win_100,KAMN,2023-05-31,1
win_100,KD,2023-05-31,2
win_100,KKR,2023-05-31,2
win_100,LBPH,2023-05-31,1
win_100,LBRT,2023-05-31,1
win_100,LE,2023-05-31,1
win_100,LMB,2023-05-31,2
win_100,LPG,2023-05-31,2
win_100,MAX,2023-05-31,1
win_100,METC,2023-05-31,1
win_100,ML,2023-05-31,1
win_100,MLKN,2023-05-31,1
win_100,MOD,2023-05-31,2
win_100,MRUS,2023-05-31,2
win_100,MSTR,2023-05-31,2
win_100,NRG,2023-05-31,2
win_100,NTRA,2023-05-31,2
win_100,NVDA,2023-05-31,2
win_100,ONTO,2023-05-31,2
win_100,OSCR,2023-05-31,2
win_100,P,2023-05-31,2
win_100,POWL,2023-05-31,2
win_100,PRIM,2023-05-31,2
win_100,PWP,2023-05-31,1
win_100,QTWO,2023-05-31,1
win_100,RDNT,2023-05-31,2
win_100,REVG,2023-05-31,1
win_100,RNAM,2023-05-31,1
win_100,ROAD,2023-05-31,2
win_100,RXST,2023-05-31,2
win_100,RYTM,2023-05-31,1
win_100,SCS,2023-05-31,1
win_100,SEMR,2023-05-31,1
win_100,SFM,2023-05-31,2
win_100,SG,2023-05-31,1
win_100,SKYW,2023-05-31,2
win_100,SMCI,2023-05-31,2
win_100,SRDX,2023-05-31,1
win_100,STEP,2023-05-31,1
win_100,STRL,2023-05-31,2
win_100,TDS,2023-05-31,1
win_100,TDW,2023-05-31,2
win_100,TEVA,2023-05-31,1
win_100,TILE,2023-05-31,1
win_100,TPC,2023-05-31,1
win_100,TREE,2023-05-31,1
win_100,TT,2023-05-31,2
win_100,TWST,2023-05-31,1
win_100,URI,2023-05-31,2
win_100,VERA,2023-05-31,1
win_100,VITL,2023-05-31,2
win_100,VKTX,2023-05-31,2
win_100,VRT,2023-05-31,2
win_100,VST,2023-05-31,2
win_100,WFRD,2023-05-31,2
win_100,WGS,2023-05-31,1
win_100,WSM,2023-05-31,2
win_100,XPO,2023-05-31,2
win_100,AD,2023-06-30,1
win_100,AGS,2023-06-30,1
win_100,ALPN,2023-06-30,2
win_100,AMSC,2023-06-30,1
win_100,ANET,2023-06-30,2
win_100,ANF,2023-06-30,2
win_100,APP,2023-06-30,2
win_100,APRN,2023-06-30,1
win_100,AROC,2023-06-30,2
win_100,ASPN,2023-06-30,1
win_100,BLBD,2023-06-30,2
win_100,BVH,2023-06-30,2
win_100,CBAY,2023-06-30,2
win_100,CECO,2023-06-30,2
win_100,CEG,2023-06-30,2
win_100,COIN,2023-06-30,2
win_100,CRNX,2023-06-30,2
win_100,CRWD,2023-06-30,2
win_100,CVNA,2023-06-30,1
win_100,DAKT,2023-06-30,2
win_100,DELL,2023-06-30,2
win_100,DJT,2023-06-30,1
win_100,DYN,2023-06-30,1
win_100,EVER,2023-06-30,1
win_100,EWTX,2023-06-30,1
win_100,FTAI,2023-06-30,2
win_100,GAP,2023-06-30,1
win_100,GCT,2023-06-30,1
win_100,GEO,2023-06-30,1
win_100,GRND,2023-06-30,1
win_100,GRPN,2023-06-30,1
win_100,HIBB,2023-06-30,1
win_100,HIMS,2023-06-30,2
win_100,HOOD,2023-06-30,2
win_100,IESC,2023-06-30,2
win_100,INSM,2023-06-30,2
win_100,JANX,2023-06-30,1
win_100,JXN,2023-06-30,1
win_100,LBPH,2023-06-30,1
win_100,LMB,2023-06-30,2
win_100,MOD,2023-06-30,2
win_100,MRUS,2023-06-30,2
win_100,MSTR,2023-06-30,2
win_100,MU,2023-06-30,2
win_100,NRG,2023-06-30,2
win_100,NRIX,2023-06-30,1
win_100,NTNX,2023-06-30,2
win_100,NTRA,2023-06-30,2
win_100,NVDA,2023-06-30,2
win_100,POWL,2023-06-30,2
win_100,REVG,2023-06-30,2
win_100,RNAM,2023-06-30,1
win_100,ROOT,2023-06-30,1
win_100,RXST,2023-06-30,2
win_100,RYTM,2023-06-30,1
win_100,SFM,2023-06-30,2
win_100,SG,2023-06-30,1
win_100,SGC,2023-06-30,1
win_100,SKYW,2023-06-30,2
win_100,SMCI,2023-06-30,2
win_100,STRL,2023-06-30,2
win_100,TDS,2023-06-30,1
win_100,TEVA,2023-06-30,1
win_100,TPC,2023-06-30,1
win_100,TWST,2023-06-30,1
win_100,VERA,2023-06-30,1
win_100,VITL,2023-06-30,2
win_100,VKTX,2023-06-30,2
win_100,VRT,2023-06-30,2
win_100,VST,2023-06-30,2
win_100,WGS,2023-06-30,1
win_100,WING,2023-06-30,2
win_100,WSM,2023-06-30,2
win_100,ZETA,2023-06-30,2
win_100,AD,2023-07-31,1
win_100,AGX,2023-07-31,2
win_100,ALPN,2023-07-31,2
win_100,AMSC,2023-07-31,1
win_100,ANET,2023-07-31,2
win_100,ANF,2023-07-31,2
win_100,APP,2023-07-31,2
win_100,APRN,2023-07-31,1
win_100,ASPN,2023-07-31,1
win_100,BLBD,2023-07-31,2
win_100,CBAY,2023-07-31,2
win_100,CECO,2023-07-31,2
win_100,CLSK,2023-07-31,1
win_100,COIN,2023-07-31,2
win_100,CRNX,2023-07-31,1
win_100,CRS,2023-07-31,2
win_100,CVNA,2023-07-31,2
win_100,DAKT,2023-07-31,2
win_100,DELL,2023-07-31,2
win_100,DYN,2023-07-31,1
win_100,ERIE,2023-07-31,2
win_100,EVER,2023-07-31,1
win_100,EWTX,2023-07-31,1
win_100,FTAI,2023-07-31,2
win_100,GAP,2023-07-31,1
win_100,GCT,2023-07-31,2
win_100,HIMS,2023-07-31,2
win_100,HWKN,2023-07-31,2
win_100,IESC,2023-07-31,2
win_100,IMNM,2023-07-31,1
win_100,INSM,2023-07-31,1
win_100,JANX,2023-07-31,1
win_100,JXN,2023-07-31,1
win_100,KAMN,2023-07-31,1
win_100,KKR,2023-07-31,2
win_100,KYMR,2023-07-31,1
win_100,LMB,2023-07-31,2
win_100,MOD,2023-07-31,2
win_100,MRUS,2023-07-31,2
win_100,MSTR,2023-07-31,2
win_100,NHC,2023-07-31,2
win_100,NRG,2023-07-31,2
win_100,NRIX,2023-07-31,1
win_100,NTRA,2023-07-31,2
win_100,NVDA,2023-07-31,2
win_100,OSCR,2023-07-31,2
win_100,OUST,2023-07-31,1
win_100,PI,2023-07-31,2
win_100,PNTG,2023-07-31,1
win_100,POWL,2023-07-31,2
win_100,QNST,2023-07-31,1
win_100,REVG,2023-07-31,2
win_100,RNAM,2023-07-31,1
win_100,ROAD,2023-07-31,2
win_100,ROOT,2023-07-31,1
win_100,ROVR,2023-07-31,2
win_100,RYTM,2023-07-31,1
win_100,SFM,2023-07-31,2
win_100,SMCI,2023-07-31,2
win_100,STOK,2023-07-31,1
win_100,TDS,2023-07-31,1
win_100,TEVA,2023-07-31,2
win_100,THC,2023-07-31,2
win_100,TPC,2023-07-31,1
win_100,TREE,2023-07-31,1
win_100,TWST,2023-07-31,1
win_100,USAP,2023-07-31,2
win_100,USLM,2023-07-31,2
win_100,VITL,2023-07-31,1
win_100,VKTX,2023-07-31,2
win_100,VRT,2023-07-31,2
win_100,VST,2023-07-31,2
win_100,WING,2023-07-31,2
win_100,WSM,2023-07-31,2
win_100,YMAB,2023-07-31,1
win_100,ZETA,2023-07-31,2
win_100,ACIW,2023-08-31,1
win_100,AFRM,2023-08-31,2
win_100,ALPN,2023-08-31,2
win_100,AMSC,2023-08-31,1
win_100,ANF,2023-08-31,2
win_100,APP,2023-08-31,2
win_100,ASPN,2023-08-31,1
win_100,AVAV,2023-08-31,2
win_100,AXGN,2023-08-31,1
win_100,BHVN,2023-08-31,1
win_100,BLBD,2023-08-31,2
win_100,CBAY,2023-08-31,2
win_100,CDNA,2023-08-31,1
win_100,CECO,2023-08-31,2
win_100,CLBT,2023-08-31,2
win_100,CLMB,2023-08-31,2
win_100,COHR,2023-08-31,1
win_100,COIN,2023-08-31,2
win_100,CRDO,2023-08-31,2
win_100,CRNX,2023-08-31,2
win_100,CRS,2023-08-31,2
win_100,CVLT,2023-08-31,2
win_100,CVNA,2023-08-31,2
win_100,DELL,2023-08-31,2
win_100,DKS,2023-08-31,2
win_100,DYN,2023-08-31,1
win_100,EAT,2023-08-31,2
win_100,EVER,2023-08-31,1
win_100,FTAI,2023-08-31,2
win_100,GAP,2023-08-31,1
win_100,GDDY,2023-08-31,2
win_100,GRND,2023-08-31,1
win_100,HA,2023-08-31,1
win_100,HIMS,2023-08-31,1
win_100,HROW,2023-08-31,2
win_100,HRTG,2023-08-31,1
win_100,HWKN,2023-08-31,2
win_100,IESC,2023-08-31,2
win_100,INSM,2023-08-31,2
win_100,JXN,2023-08-31,1
win_100,KAMN,2023-08-31,1
win_100,KURA,2023-08-31,1
win_100,KYMR,2023-08-31,1
win_100,MAX,2023-08-31,1
win_100,MCY,2023-08-31,1
win_100,ML,2023-08-31,1
win_100,MOD,2023-08-31,2
win_100,MRUS,2023-08-31,2
win_100,MSTR,2023-08-31,2
win_100,NHC,2023-08-31,2
win_100,NRG,2023-08-31,2
win_100,NRIX,2023-08-31,1
win_100,NTNX,2023-08-31,2
win_100,NTRA,2023-08-31,2
win_100,NVDA,2023-08-31,2
win_100,OSCR,2023-08-31,1
win_100,PI,2023-08-31,1
win_100,PLTR,2023-08-31,2
win_100,PNTG,2023-08-31,1
win_100,POWL,2023-08-31,2
win_100,PRCT,2023-08-31,1
win_100,PTGX,2023-08-31,2
win_100,QTWO,2023-08-31,2
win_100,REVG,2023-08-31,2
win_100,RNAM,2023-08-31,1
win_100,ROOT,2023-08-31,1
win_100,SFM,2023-08-31,2
win_100,SG,2023-08-31,2
win_100,SPXC,2023-08-31,2
win_100,STOK,2023-08-31,1
win_100,TGTX,2023-08-31,1
win_100,THC,2023-08-31,2
win_100,TMDX,2023-08-31,2
win_100,TPC,2023-08-31,1
win_100,TREE,2023-08-31,1
win_100,VERA,2023-08-31,1
win_100,VITL,2023-08-31,1
win_100,VKTX,2023-08-31,2
win_100,VRT,2023-08-31,2
win_100,VST,2023-08-31,2
win_100,WING,2023-08-31,2
win_100,YMAB,2023-08-31,1
win_100,ZETA,2023-08-31,2
win_100,ACIW,2023-09-30,1
win_100,ACLX,2023-09-30,2
win_100,AGX,2023-09-30,2
win_100,ALPN,2023-09-30,2
win_100,AMSC,2023-09-30,1
win_100,ANET,2023-09-30,2
win_100,ANF,2023-09-30,2
win_100,APP,2023-09-30,2
win_100,ASPN,2023-09-30,1
win_100,AVGO,2023-09-30,2
win_100,AXGN,2023-09-30,1
win_100,AXON,2023-09-30,2
win_100,BLBD,2023-09-30,2
win_100,BOOT,2023-09-30,2
win_100,BV,2023-09-30,1
win_100,BVH,2023-09-30,2
win_100,BWIN,2023-09-30,2
win_100,CBAY,2023-09-30,2
win_100,CDNA,2023-09-30,1
win_100,CEG,2023-09-30,2
win_100,CENX,2023-09-30,1
win_100,CERE,2023-09-30,2
win_100,CLBT,2023-09-30,2
win_100,COHR,2023-09-30,1
win_100,COIN,2023-09-30,2
win_100,COKE,2023-09-30,2
win_100,CRDO,2023-09-30,2
win_100,CRS,2023-09-30,2
win_100,CSW,2023-09-30,2
win_100,CVLT,2023-09-30,2
win_100,CVNA,2023-09-30,2
win_100,DCPH,2023-09-30,1
win_100,DOCS,2023-09-30,2
win_100,DY,2023-09-30,2
win_100,DYN,2023-09-30,1
win_100,EAT,2023-09-30,2
win_100,EME,2023-09-30,2
win_100,EVER,2023-09-30,1
win_100,FICO,2023-09-30,2
win_100,FIX,2023-09-30,2
win_100,FRPT,2023-09-30,2
win_100,FTAI,2023-09-30,2
win_100,FYBR,2023-09-30,1
win_100,GAP,2023-09-30,2
win_100,GATO,2023-09-30,1
win_100,GCT,2023-09-30,1
win_100,GDDY,2023-09-30,2
win_100,GE,2023-09-30,2
win_100,GRBK,2023-09-30,2
win_100,GRND,2023-09-30,1
win_100,GVA,2023-09-30,2
win_100,GWRE,2023-09-30,2
win_100,HA,2023-09-30,1
win_100,HCI,2023-09-30,1
win_100,HIMS,2023-09-30,1
win_100,HIPO,2023-09-30,1
win_100,HOOD,2023-09-30,2
win_100,HOV,2023-09-30,2
win_100,HROW,2023-09-30,1
win_100,HWKN,2023-09-30,2
win_100,HWM,2023-09-30,2
win_100,IESC,2023-09-30,2
win_100,INSM,2023-09-30,2
win_100,JXN,2023-09-30,1
win_100,KAMN,2023-09-30,1
win_100,KKR,2023-09-30,2
win_100,KURA,2023-09-30,1
win_100,KYMR,2023-09-30,1
win_100,LMB,2023-09-30,2
win_100,LWAY,2023-09-30,2
win_100,MAX,2023-09-30,1
win_100,MCHB,2023-09-30,1
win_100,MCY,2023-09-30,1
win_100,MHO,2023-09-30,2
win_100,MOD,2023-09-30,2
win_100,MORF,2023-09-30,1
win_100,MPWR,2023-09-30,2
win_100,MRUS,2023-09-30,2
win_100,MSTR,2023-09-30,2
win_100,NHC,2023-09-30,2
win_100,NMRK,2023-09-30,1
win_100,NRG,2023-09-30,2
win_100,NRIX,2023-09-30,1
win_100,NTRA,2023-09-30,2
win_100,NUVL,2023-09-30,2
win_100,NVDA,2023-09-30,2
win_100,OSCR,2023-09-30,1
win_100,PCVX,2023-09-30,2
win_100,PI,2023-09-30,1
win_100,PLTR,2023-09-30,2
win_100,PNTG,2023-09-30,1
win_100,POWL,2023-09-30,2
win_100,PPC,2023-09-30,2
win_100,PRCT,2023-09-30,2
win_100,PTGX,2023-09-30,1
win_100,QNST,2023-09-30,1
win_100,QTWO,2023-09-30,2
win_100,RDNT,2023-09-30,2
win_100,REVG,2023-09-30,2
win_100,RKT,2023-09-30,2
win_100,RNAM,2023-09-30,1
win_100,RYTM,2023-09-30,2
win_100,SCNX,2023-09-30,1
win_100,SEZL,2023-09-30,1
win_100,SFM,2023-09-30,2
win_100,SG,2023-09-30,2
win_100,SKYW,2023-09-30,2
win_100,SLVM,2023-09-30,2
win_100,SPR,2023-09-30,1
win_100,TGLS,2023-09-30,2
win_100,TGTX,2023-09-30,1
win_100,THC,2023-09-30,2
win_100,TMDX,2023-09-30,2
win_100,TNDM,2023-09-30,1
win_100,TOL,2023-09-30,2
win_100,TPC,2023-09-30,1
win_100,TREE,2023-09-30,1
win_100,TWST,2023-09-30,1
win_100,USLM,2023-09-30,2
win_100,VERA,2023-09-30,1
win_100,VITL,2023-09-30,1
win_100,VKTX,2023-09-30,1
win_100,VRT,2023-09-30,2
win_100,VST,2023-09-30,2
win_100,VZIO,2023-09-30,1
win_100,WING,2023-09-30,2
win_100,WSM,2023-09-30,2
win_100,WWW,2023-09-30,1
win_100,ZETA,2023-09-30,2
win_100,AAOI,2023-10-31,1
win_100,AAON,2023-10-31,2
win_100,ACIW,2023-10-31,1
win_100,ACLX,2023-10-31,2
win_100,AFRM,2023-10-31,2
win_100,AGIO,2023-10-31,1
win_100,AGX,2023-10-31,2
win_100,AKRO,2023-10-31,1
win_100,ALKT,2023-10-31,2
win_100,ALPN,2023-10-31,2
win_100,ALSN,2023-10-31,2
win_100,AMSC,2023-10-31,1
win_100,ANF,2023-10-31,2
win_100,AORT,2023-10-31,1
win_100,APP,2023-10-31,2
win_100,ARIS2,2023-10-31,1
win_100,ASPN,2023-10-31,1
win_100,AVGO,2023-10-31,2
win_100,AXON,2023-10-31,2
win_100,B1,2023-10-31,1
win_100,BLBD,2023-10-31,2
win_100,BLFS,2023-10-31,1
win_100,BURL,2023-10-31,2
win_100,BV,2023-10-31,1
win_100,BWIN,2023-10-31,1
win_100,CALM,2023-10-31,2
win_100,CDNA,2023-10-31,1
win_100,CEG,2023-10-31,2
win_100,CENX,2023-10-31,1
win_100,CHEF,2023-10-31,1
win_100,CLBT,2023-10-31,2
win_100,COHR,2023-10-31,1
win_100,COIN,2023-10-31,2
win_100,CRDO,2023-10-31,2
win_100,CRS,2023-10-31,2
win_100,CSTL,2023-10-31,1
win_100,CVLT,2023-10-31,2
win_100,CVNA,2023-10-31,1
win_100,DASH,2023-10-31,2
win_100,DCPH,2023-10-31,1
win_100,DOCS,2023-10-31,2
win_100,DUOL,2023-10-31,2
win_100,DY,2023-10-31,2
win_100,DYN,2023-10-31,1
win_100,EAT,2023-10-31,2
win_100,EME,2023-10-31,2
win_100,ENVA,2023-10-31,2
win_100,EOLS,2023-10-31,2
win_100,EVER,2023-10-31,1
win_100,EVR,2023-10-31,2
win_100,EWTX,2023-10-31,1
win_100,FICO,2023-10-31,2
win_100,FIX,2023-10-31,2
win_100,FOUR,2023-10-31,2
win_100,FRPT,2023-10-31,2
win_100,FTAI,2023-10-31,2
win_100,GCT,2023-10-31,1
win_100,GDDY,2023-10-31,2
win_100,GRND,2023-10-31,1
win_100,GVA,2023-10-31,2
win_100,GWRE,2023-10-31,2
win_100,HAPN,2023-10-31,1
win_100,HARP,2023-10-31,1
win_100,HASI,2023-10-31,1
win_100,HIMS,2023-10-31,1
win_100,HIPO,2023-10-31,1
win_100,HLNE,2023-10-31,2
win_100,HOOD,2023-10-31,1
win_100,HOV,2023-10-31,1
win_100,HROW,2023-10-31,1
win_100,HTLF,2023-10-31,1
win_100,HWM,2023-10-31,2
win_100,ICVX,2023-10-31,1
win_100,IDCC,2023-10-31,2
win_100,IESC,2023-10-31,2
win_100,IMGN,2023-10-31,2
win_100,INBX1,2023-10-31,1
win_100,INOD,2023-10-31,1
win_100,INSM,2023-10-31,2
win_100,IOT,2023-10-31,2
win_100,JEF,2023-10-31,2
win_100,JLL,2023-10-31,2
win_100,JXN,2023-10-31,2
win_100,KAMN,2023-10-31,1
win_100,KKR,2023-10-31,2
win_100,KROS,2023-10-31,1
win_100,KYMR,2023-10-31,1
win_100,LAZ,2023-10-31,1
win_100,LGND,2023-10-31,1
win_100,LMB,2023-10-31,2
win_100,LMND,2023-10-31,1
win_100,MCY,2023-10-31,2
win_100,MIR,2023-10-31,1
win_100,ML,2023-10-31,1
win_100,MLI,2023-10-31,2
win_100,MOD,2023-10-31,2
win_100,MORF,2023-10-31,1
win_100,MPTI,2023-10-31,2
win_100,MRUS,2023-10-31,2
win_100,MSTR,2023-10-31,2
win_100,MTZ,2023-10-31,2
win_100,NMRK,2023-10-31,1
win_100,NRG,2023-10-31,2
win_100,NRIX,2023-10-31,1
win_100,NSSC,2023-10-31,2
win_100,NTRA,2023-10-31,2
win_100,NVDA,2023-10-31,2
win_100,OKLO,2023-10-31,2
win_100,OSCR,2023-10-31,1
win_100,OSPN,2023-10-31,1
win_100,PAHC,2023-10-31,1
win_100,PAR,2023-10-31,1
win_100,PCVX,2023-10-31,2
win_100,PI,2023-10-31,1
win_100,PIPR,2023-10-31,2
win_100,PLTR,2023-10-31,2
win_100,PNTG,2023-10-31,1
win_100,POWL,2023-10-31,2
win_100,PRCT,2023-10-31,1
win_100,PRIM,2023-10-31,2
win_100,PRMB,2023-10-31,2
win_100,PTCT,2023-10-31,1
win_100,PTGX,2023-10-31,1
win_100,PWP,2023-10-31,2
win_100,QTWO,2023-10-31,2
win_100,RCL,2023-10-31,2
win_100,RDNT,2023-10-31,2
win_100,REVG,2023-10-31,2
win_100,RKT,2023-10-31,2
win_100,RNAM,2023-10-31,1
win_100,ROAD,2023-10-31,2
win_100,RVMD,2023-10-31,1
win_100,RXST,2023-10-31,2
win_100,RYTM,2023-10-31,2
win_100,SFM,2023-10-31,2
win_100,SG,2023-10-31,1
win_100,SHAK,2023-10-31,2
win_100,SILK,2023-10-31,1
win_100,SKYW,2023-10-31,2
win_100,SLNO,2023-10-31,1
win_100,SMG,2023-10-31,1
win_100,SMTC,2023-10-31,1
win_100,SRRK,2023-10-31,1
win_100,STEP,2023-10-31,2
win_100,STRL,2023-10-31,2
win_100,SYF,2023-10-31,2
win_100,TARS,2023-10-31,1
win_100,TEVA,2023-10-31,2
win_100,TGLS,2023-10-31,2
win_100,TGTX,2023-10-31,1
win_100,THC,2023-10-31,2
win_100,TMDX,2023-10-31,1
win_100,TOL,2023-10-31,2
win_100,TPB,2023-10-31,2
win_100,TPC,2023-10-31,1
win_100,TPG,2023-10-31,2
win_100,TREE,2023-10-31,1
win_100,TRGP,2023-10-31,2
win_100,TRU,2023-10-31,1
win_100,TRUP,2023-10-31,1
win_100,TVTX,2023-10-31,1
win_100,TWST,2023-10-31,1
win_100,UAL,2023-10-31,2
win_100,UI,2023-10-31,1
win_100,UPST,2023-10-31,1
win_100,URI,2023-10-31,2
win_100,USLM,2023-10-31,2
win_100,VCTR,2023-10-31,2
win_100,VERA,2023-10-31,1
win_100,VIRC,2023-10-31,2
win_100,VITL,2023-10-31,1
win_100,VKTX,2023-10-31,1
win_100,VRNA,2023-10-31,1
win_100,VRT,2023-10-31,2
win_100,VST,2023-10-31,2
win_100,VZIO,2023-10-31,1
win_100,WAL,2023-10-31,1
win_100,WVE,2023-10-31,2
win_100,YMAB,2023-10-31,1
win_100,YOU,2023-10-31,1
win_100,ZETA,2023-10-31,2
win_100,AAOI,2023-11-30,2
win_100,AAON,2023-11-30,2
win_100,ACIW,2023-11-30,2
win_100,AFRM,2023-11-30,2
win_100,AGIO,2023-11-30,1
win_100,AGX,2023-11-30,2
win_100,ALPN,2023-11-30,2
win_100,ALSN,2023-11-30,2
win_100,AMSC,2023-11-30,1
win_100,APP,2023-11-30,2
win_100,ARIS2,2023-11-30,1
win_100,AVPT,2023-11-30,2
win_100,AX,2023-11-30,2
win_100,AXGN,2023-11-30,1
win_100,AXON,2023-11-30,2
win_100,BFH,2023-11-30,1
win_100,BLBD,2023-11-30,2
win_100,BLFS,2023-11-30,1
win_100,BROS,2023-11-30,2
win_100,BV,2023-11-30,1
win_100,BWIN,2023-11-30,1
win_100,CALM,2023-11-30,2
win_100,CDMO,2023-11-30,1
win_100,CDNA,2023-11-30,1
win_100,CEG,2023-11-30,2
win_100,CENX,2023-11-30,1
win_100,CLBT,2023-11-30,2
win_100,CLSK,2023-11-30,1
win_100,CNK,2023-11-30,2
win_100,COHR,2023-11-30,1
win_100,COIN,2023-11-30,2
win_100,CORT,2023-11-30,2
win_100,CRAI,2023-11-30,2
win_100,CRDO,2023-11-30,2
win_100,CRS,2023-11-30,2
win_100,CSW,2023-11-30,2
win_100,CVLT,2023-11-30,2
win_100,CVNA,2023-11-30,1
win_100,DCPH,2023-11-30,1
win_100,DFS,2023-11-30,2
win_100,DOCS,2023-11-30,2
win_100,DXPE,2023-11-30,2
win_100,DYN,2023-11-30,1
win_100,EAT,2023-11-30,2
win_100,ECHO,2023-11-30,1
win_100,EME,2023-11-30,2
win_100,ENVA,2023-11-30,2
win_100,EVR,2023-11-30,2
win_100,EWTX,2023-11-30,1
win_100,FICO,2023-11-30,2
win_100,FIX,2023-11-30,2
win_100,FLEX,2023-11-30,2
win_100,FRPT,2023-11-30,2
win_100,FTAI,2023-11-30,2
win_100,GATO,2023-11-30,1
win_100,GCT,2023-11-30,2
win_100,GEO,2023-11-30,2
win_100,GKOS,2023-11-30,2
win_100,GRND,2023-11-30,1
win_100,GVA,2023-11-30,2
win_100,GWRE,2023-11-30,2
win_100,HAPN,2023-11-30,1
win_100,HARP,2023-11-30,1
win_100,HIMS,2023-11-30,2
win_100,HIPO,2023-11-30,1
win_100,HOOD,2023-11-30,1
win_100,HOV,2023-11-30,2
win_100,HROW,2023-11-30,1
win_100,HTLF,2023-11-30,1
win_100,HWKN,2023-11-30,2
win_100,HWM,2023-11-30,2
win_100,IBKR,2023-11-30,2
win_100,IESC,2023-11-30,2
win_100,INOD,2023-11-30,1
win_100,INSM,2023-11-30,2
win_100,IONQ,2023-11-30,2
win_100,JANX,2023-11-30,1
win_100,JEF,2023-11-30,2
win_100,JXN,2023-11-30,2
win_100,KAMN,2023-11-30,1
win_100,KKR,2023-11-30,2
win_100,KYMR,2023-11-30,1
win_100,LAZ,2023-11-30,1
win_100,LGND,2023-11-30,1
win_100,LITE,2023-11-30,1
win_100,LMAT,2023-11-30,2
win_100,LMB,2023-11-30,2
win_100,LMND,2023-11-30,1
win_100,MARA,2023-11-30,1
win_100,MBI,2023-11-30,1
win_100,MCY,2023-11-30,2
win_100,MGNI,2023-11-30,1
win_100,ML,2023-11-30,1
win_100,MOD,2023-11-30,2
win_100,MORF,2023-11-30,1
win_100,MSTR,2023-11-30,2
win_100,MTZ,2023-11-30,1
win_100,NRG,2023-11-30,2
win_100,NRIX,2023-11-30,1
win_100,NTRA,2023-11-30,2
win_100,NVDA,2023-11-30,2
win_100,OSCR,2023-11-30,2
win_100,PAHC,2023-11-30,1
win_100,PAR,2023-11-30,2
win_100,PAY,2023-11-30,2
win_100,PAYO,2023-11-30,2
win_100,PI,2023-11-30,2
win_100,PIPR,2023-11-30,2
win_100,PLSE,2023-11-30,1
win_100,PLTR,2023-11-30,2
win_100,PNTG,2023-11-30,1
win_100,POWL,2023-11-30,2
win_100,PPC,2023-11-30,2
win_100,PRCT,2023-11-30,2
win_100,PRIM,2023-11-30,2
win_100,PRMB,2023-11-30,2
win_100,PTGX,2023-11-30,1
win_100,PWP,2023-11-30,2
win_100,QTWO,2023-11-30,2
win_100,RCL,2023-11-30,2
win_100,RDNT,2023-11-30,2
win_100,REVG,2023-11-30,2
win_100,RNAM,2023-11-30,1
win_100,ROAD,2023-11-30,2
win_100,RVLV,2023-11-30,1
win_100,RVMD,2023-11-30,1
win_100,SEI,2023-11-30,1
win_100,SFM,2023-11-30,2
win_100,SG,2023-11-30,1
win_100,SHAK,2023-11-30,2
win_100,SILK,2023-11-30,1
win_100,SKYW,2023-11-30,2
win_100,SMTC,2023-11-30,1
win_100,SOFI,2023-11-30,1
win_100,SPXC,2023-11-30,2
win_100,SRRK,2023-11-30,2
win_100,STEP,2023-11-30,2
win_100,STRL,2023-11-30,2
win_100,SYF,2023-11-30,2
win_100,TARS,2023-11-30,1
win_100,TGLS,2023-11-30,2
win_100,TGTX,2023-11-30,1
win_100,THC,2023-11-30,2
win_100,TILE,2023-11-30,1
win_100,TOST,2023-11-30,2
win_100,TPB,2023-11-30,1
win_100,TPC,2023-11-30,1
win_100,TPG,2023-11-30,2
win_100,TPL,2023-11-30,2
win_100,TPR,2023-11-30,2
win_100,TREE,2023-11-30,1
win_100,TRGP,2023-11-30,2
win_100,TRUP,2023-11-30,1
win_100,TVTX,2023-11-30,1
win_100,TWST,2023-11-30,1
win_100,UAL,2023-11-30,2
win_100,UI,2023-11-30,1
win_100,UPST,2023-11-30,1
win_100,USLM,2023-11-30,2
win_100,UTI,2023-11-30,2
win_100,VCTR,2023-11-30,2
win_100,VERA,2023-11-30,1
win_100,VIRT,2023-11-30,2
win_100,VITL,2023-11-30,2
win_100,VKTX,2023-11-30,1
win_100,VRNA,2023-11-30,1
win_100,VRT,2023-11-30,2
win_100,VST,2023-11-30,2
win_100,WRBY,2023-11-30,1
win_100,WTTR,2023-11-30,2
win_100,WVE,2023-11-30,2
win_100,WWW,2023-11-30,1
win_100,ZETA,2023-11-30,2
win_100,ZG,2023-11-30,2
win_100,AGX,2023-12-31,2
win_100,ALPN,2023-12-31,2
win_100,AMSC,2023-12-31,2
win_100,APP,2023-12-31,2
win_100,ARIS2,2023-12-31,1
win_100,ASTS,2023-12-31,1
win_100,AVGO,2023-12-31,2
win_100,AVPT,2023-12-31,2
win_100,AXGN,2023-12-31,1
win_100,AXON,2023-12-31,2
win_100,BBW,2023-12-31,2
win_100,CLBT,2023-12-31,2
win_100,CNK,2023-12-31,1
win_100,CNTA,2023-12-31,2
win_100,COHR,2023-12-31,1
win_100,CRDO,2023-12-31,2
win_100,CRK,2023-12-31,1
win_100,CRS,2023-12-31,2
win_100,CVNA,2023-12-31,2
win_100,DXPE,2023-12-31,2
win_100,EAT,2023-12-31,2
win_100,EME,2023-12-31,2
win_100,EWTX,2023-12-31,1
win_100,FIX,2023-12-31,2
win_100,FTAI,2023-12-31,2
win_100,FUSN,2023-12-31,2
win_100,GATO,2023-12-31,2
win_100,GEO,2023-12-31,2
win_100,GRND,2023-12-31,2
win_100,HARP,2023-12-31,1
win_100,HIMS,2023-12-31,2
win_100,HIPO,2023-12-31,1
win_100,HOOD,2023-12-31,2
win_100,HROW,2023-12-31,1
win_100,HWM,2023-12-31,2
win_100,IBKR,2023-12-31,2
win_100,IESC,2023-12-31,2
win_100,INOD,2023-12-31,1
win_100,INSM,2023-12-31,2
win_100,IONQ,2023-12-31,1
win_100,JANX,2023-12-31,1
win_100,LMND,2023-12-31,1
win_100,MSTR,2023-12-31,2
win_100,NGVC,2023-12-31,2
win_100,NTRA,2023-12-31,2
win_100,NVDA,2023-12-31,2
win_100,OKLO,2023-12-31,2
win_100,PLTR,2023-12-31,2
win_100,POWL,2023-12-31,2
win_100,PRAX,2023-12-31,1
win_100,PRIM,2023-12-31,2
win_100,PRMB,2023-12-31,2
win_100,QTWO,2023-12-31,2
win_100,QURE,2023-12-31,1
win_100,RDNT,2023-12-31,2
win_100,REVG,2023-12-31,2
win_100,RKLB,2023-12-31,1
win_100,RNAM,2023-12-31,1
win_100,ROAD,2023-12-31,2
win_100,ROOT,2023-12-31,1
win_100,RVLV,2023-12-31,1
win_100,SEI,2023-12-31,1
win_100,SEZL,2023-12-31,1
win_100,SFM,2023-12-31,2
win_100,SG,2023-12-31,1
win_100,SILK,2023-12-31,1
win_100,SMTC,2023-12-31,1
win_100,SOC,2023-12-31,1
win_100,SRRK,2023-12-31,2
win_100,STOK,2023-12-31,1
win_100,TARS,2023-12-31,1
win_100,TEVA,2023-12-31,2
win_100,TPB,2023-12-31,2
win_100,TPC,2023-12-31,1
win_100,TPL,2023-12-31,2
win_100,TRGP,2023-12-31,2
win_100,TZOO,2023-12-31,2
win_100,UAL,2023-12-31,2
win_100,UI,2023-12-31,1
win_100,USAP,2023-12-31,2
win_100,USLM,2023-12-31,2
win_100,UTI,2023-12-31,2
win_100,VERA,2023-12-31,1
win_100,VITL,2023-12-31,2
win_100,VKTX,2023-12-31,2
win_100,VRNA,2023-12-31,2
win_100,VRT,2023-12-31,2
win_100,VST,2023-12-31,2
win_100,WVE,2023-12-31,1
win_100,WWW,2023-12-31,1
win_100,ZETA,2023-12-31,2
win_100,ADMA,2024-01-31,2
win_100,AGX,2024-01-31,2
win_100,AKRO,2024-01-31,1
win_100,ALHC,2024-01-31,1
win_100,ALK,2024-01-31,1
win_100,ALPN,2024-01-31,2
win_100,AMSC,2024-01-31,2
win_100,APEI,2024-01-31,1
win_100,APP,2024-01-31,2
win_100,ARIS2,2024-01-31,1
win_100,ARQT,2024-01-31,1
win_100,AVPT,2024-01-31,2
win_100,AXON,2024-01-31,2
win_100,BE,2024-01-31,1
win_100,BOOT,2024-01-31,2
win_100,BROS,2024-01-31,2
win_100,CALM,2024-01-31,2
win_100,CCB,2024-01-31,2
win_100,CDNA,2024-01-31,1
win_100,CEG,2024-01-31,2
win_100,CHWY,2024-01-31,1
win_100,CLBT,2024-01-31,2
win_100,CNK,2024-01-31,2
win_100,CNTA,2024-01-31,2
win_100,COIN,2024-01-31,2
win_100,CORT,2024-01-31,2
win_100,CRDO,2024-01-31,2
win_100,CRK,2024-01-31,1
win_100,CRS,2024-01-31,2
win_100,CVNA,2024-01-31,2
win_100,CVSA,2024-01-31,2
win_100,DAKT,2024-01-31,2
win_100,DAVE,2024-01-31,1
win_100,DOCS,2024-01-31,2
win_100,DUOL,2024-01-31,2
win_100,DXPE,2024-01-31,2
win_100,EAT,2024-01-31,2
win_100,ECHO,2024-01-31,1
win_100,ENVA,2024-01-31,2
win_100,FIX,2024-01-31,2
win_100,GATO,2024-01-31,1
win_100,GEO,2024-01-31,2
win_100,GH,2024-01-31,1
win_100,GHM,2024-01-31,2
win_100,GRND,2024-01-31,2
win_100,HIMS,2024-01-31,2
win_100,HOOD,2024-01-31,2
win_100,HROW,2024-01-31,1
win_100,HUT,2024-01-31,1
win_100,HWM,2024-01-31,2
win_100,IBKR,2024-01-31,2
win_100,IESC,2024-01-31,2
win_100,INOD,2024-01-31,2
win_100,INSM,2024-01-31,2
win_100,IONQ,2024-01-31,1
win_100,KNTK,2024-01-31,2
win_100,LBPH,2024-01-31,1
win_100,LMB,2024-01-31,2
win_100,LMND,2024-01-31,1
win_100,LRN,2024-01-31,2
win_100,LTH,2024-01-31,1
win_100,MSTR,2024-01-31,2
win_100,MTZ,2024-01-31,1
win_100,NRIX,2024-01-31,1
win_100,NTRA,2024-01-31,2
win_100,OKLO,2024-01-31,2
win_100,PAHC,2024-01-31,1
win_100,PAY,2024-01-31,2
win_100,PEGA,2024-01-31,2
win_100,PLSE,2024-01-31,1
win_100,PLTR,2024-01-31,2
win_100,POWL,2024-01-31,2
win_100,PRIM,2024-01-31,2
win_100,PRMB,2024-01-31,2
win_100,PWP,2024-01-31,2
win_100,QTWO,2024-01-31,2
win_100,QURE,2024-01-31,1
win_100,RCL,2024-01-31,2
win_100,REVG,2024-01-31,2
win_100,RNAM,2024-01-31,1
win_100,RSI,2024-01-31,2
win_100,RVLV,2024-01-31,1
win_100,SEI,2024-01-31,1
win_100,SEZL,2024-01-31,1
win_100,SFM,2024-01-31,2
win_100,SG,2024-01-31,1
win_100,SKYW,2024-01-31,2
win_100,SMTC,2024-01-31,1
win_100,SOFI,2024-01-31,1
win_100,SPRY,2024-01-31,1
win_100,SRRK,2024-01-31,2
win_100,TBRG,2024-01-31,1
win_100,TOST,2024-01-31,2
win_100,TPB,2024-01-31,2
win_100,TPC,2024-01-31,1
win_100,TPL,2024-01-31,2
win_100,TRGP,2024-01-31,2
win_100,TSLA,2024-01-31,2
win_100,TVTX,2024-01-31,1
win_100,TWLO,2024-01-31,2
win_100,UAL,2024-01-31,2
win_100,UI,2024-01-31,1
win_100,UPST,2024-01-31,1
win_100,USAP,2024-01-31,2
win_100,USLM,2024-01-31,2
win_100,VCTR,2024-01-31,2
win_100,VERX,2024-01-31,2
win_100,VIRT,2024-01-31,2
win_100,VITL,2024-01-31,2
win_100,VRNA,2024-01-31,1
win_100,VRT,2024-01-31,2
win_100,VST,2024-01-31,2
win_100,WRBY,2024-01-31,2
win_100,WSM,2024-01-31,2
win_100,WWW,2024-01-31,1
win_100,ADMA,2024-02-29,2
win_100,AGX,2024-02-29,2
win_100,ALHC,2024-02-29,1
win_100,APEI,2024-02-29,1
win_100,APP,2024-02-29,2
win_100,ARIS2,2024-02-29,1
win_100,BE,2024-02-29,1
win_100,BROS,2024-02-29,2
win_100,BYRN,2024-02-29,1
win_100,CCB,2024-02-29,2
win_100,CDNA,2024-02-29,1
win_100,CHWY,2024-02-29,1
win_100,CLPT,2024-02-29,1
win_100,CORT,2024-02-29,2
win_100,CRDO,2024-02-29,2
win_100,CRK,2024-02-29,1
win_100,CRS,2024-02-29,2
win_100,CVNA,2024-02-29,2
win_100,CVSA,2024-02-29,2
win_100,DAVE,2024-02-29,2
win_100,DOCS,2024-02-29,2
win_100,DXPE,2024-02-29,2
win_100,EAT,2024-02-29,2
win_100,ECHO,2024-02-29,1
win_100,FTAI,2024-02-29,2
win_100,GATO,2024-02-29,1
win_100,GEO,2024-02-29,2
win_100,GH,2024-02-29,1
win_100,GRND,2024-02-29,2
win_100,HIMS,2024-02-29,2
win_100,HIPO,2024-02-29,1
win_100,HOOD,2024-02-29,2
win_100,HROW,2024-02-29,1
win_100,HWM,2024-02-29,2
win_100,IDCC,2024-02-29,2
win_100,INOD,2024-02-29,1
win_100,INSM,2024-02-29,2
win_100,IONQ,2024-02-29,1
win_100,LBPH,2024-02-29,2
win_100,LEU,2024-02-29,2
win_100,LMND,2024-02-29,1
win_100,LRN,2024-02-29,2
win_100,LTH,2024-02-29,1
win_100,LUNR,2024-02-29,1
win_100,MMM,2024-02-29,2
win_100,MSTR,2024-02-29,2
win_100,NGVC,2024-02-29,2
win_100,OKLO,2024-02-29,2
win_100,PLTR,2024-02-29,2
win_100,PRMB,2024-02-29,2
win_100,QURE,2024-02-29,1
win_100,RCL,2024-02-29,2
win_100,ROOT,2024-02-29,1
win_100,SEI,2024-02-29,1
win_100,SEZL,2024-02-29,2
win_100,SFM,2024-02-29,2
win_100,SRRK,2024-02-29,2
win_100,TBRG,2024-02-29,1
win_100,TDS,2024-02-29,1
win_100,TPB,2024-02-29,2
win_100,TPC,2024-02-29,1
win_100,TPL,2024-02-29,2
win_100,TRGP,2024-02-29,2
win_100,TVTX,2024-02-29,1
win_100,TWLO,2024-02-29,2
win_100,UAL,2024-02-29,2
win_100,UI,2024-02-29,1
win_100,UNFI,2024-02-29,1
win_100,UPST,2024-02-29,1
win_100,USAP,2024-02-29,2
win_100,VIRT,2024-02-29,1
win_100,VRM,2024-02-29,1
win_100,VRNA,2024-02-29,1
win_100,VST,2024-02-29,2
win_100,WGS,2024-02-29,1
win_100,ADMA,2024-03-31,2
win_100,AGX,2024-03-31,2
win_100,APP,2024-03-31,2
win_100,ARIS2,2024-03-31,2
win_100,AXGN,2024-03-31,1
win_100,CCB,2024-03-31,2
win_100,CHWY,2024-03-31,1
win_100,CORT,2024-03-31,2
win_100,CRK,2024-03-31,1
win_100,CRS,2024-03-31,2
win_100,CVNA,2024-03-31,2
win_100,DAVE,2024-03-31,2
win_100,DOCS,2024-03-31,2
win_100,EAT,2024-03-31,2
win_100,GEO,2024-03-31,2
win_100,GH,2024-03-31,1
win_100,HNRG,2024-03-31,1
win_100,HOOD,2024-03-31,2
win_100,HROW,2024-03-31,1
win_100,INOD,2024-03-31,1
win_100,INSM,2024-03-31,2
win_100,IONQ,2024-03-31,1
win_100,LBPH,2024-03-31,2
win_100,LRN,2024-03-31,2
win_100,NGVC,2024-03-31,2
win_100,PLTR,2024-03-31,2
win_100,PRMB,2024-03-31,2
win_100,QURE,2024-03-31,1
win_100,ROOT,2024-03-31,2
win_100,SEI,2024-03-31,1
win_100,SEZL,2024-03-31,2
win_100,SFM,2024-03-31,2
win_100,SMR,2024-03-31,1
win_100,SOC,2024-03-31,2
win_100,TBRG,2024-03-31,1
win_100,TDS,2024-03-31,1
win_100,TGTX,2024-03-31,2
win_100,TPB,2024-03-31,2
win_100,TPL,2024-03-31,2
win_100,TVTX,2024-03-31,1
win_100,UI,2024-03-31,1
win_100,UNFI,2024-03-31,1
win_100,USAP,2024-03-31,2
win_100,VRM,2024-03-31,1
win_100,VRNA,2024-03-31,1
win_100,WGS,2024-03-31,1
win_100,ADMA,2024-04-30,2
win_100,AGX,2024-04-30,2
win_100,AKRO,2024-04-30,1
win_100,ALHC,2024-04-30,1
win_100,APP,2024-04-30,2
win_100,AVPT,2024-04-30,2
win_100,AXGN,2024-04-30,1
win_100,BROS,2024-04-30,2
win_100,CAPR,2024-04-30,1
win_100,CCB,2024-04-30,2
win_100,CDNA,2024-04-30,1
win_100,CHWY,2024-04-30,1
win_100,CORT,2024-04-30,2
win_100,CRDO,2024-04-30,2
win_100,CRS,2024-04-30,2
win_100,CVNA,2024-04-30,2
win_100,CVSA,2024-04-30,2
win_100,DAVE,2024-04-30,2
win_100,DCTH,2024-04-30,1
win_100,DOCS,2024-04-30,2
win_100,EAT,2024-04-30,2
win_100,FRHC,2024-04-30,2
win_100,GEO,2024-04-30,2
win_100,GH,2024-04-30,1
win_100,GME,2024-04-30,1
win_100,GRND,2024-04-30,2
win_100,HIMS,2024-04-30,2
win_100,HNRG,2024-04-30,1
win_100,HOOD,2024-04-30,2
win_100,HROW,2024-04-30,1
win_100,HWM,2024-04-30,2
win_100,IDCC,2024-04-30,2
win_100,INOD,2024-04-30,1
win_100,INSM,2024-04-30,2
win_100,IONQ,2024-04-30,1
win_100,LBPH,2024-04-30,2
win_100,LMB,2024-04-30,2
win_100,LRN,2024-04-30,2
win_100,LTH,2024-04-30,1
win_100,MORF,2024-04-30,1
win_100,MSTR,2024-04-30,2
win_100,NARI,2024-04-30,1
win_100,NFLX,2024-04-30,2
win_100,PLSE,2024-04-30,1
win_100,PLTR,2024-04-30,2
win_100,PPTA,2024-04-30,1
win_100,ROOT,2024-04-30,2
win_100,SEI,2024-04-30,1
win_100,SEZL,2024-04-30,2
win_100,SFM,2024-04-30,2
win_100,SMR,2024-04-30,1
win_100,SRRK,2024-04-30,2
win_100,TBRG,2024-04-30,1
win_100,TDS,2024-04-30,1
win_100,TGTX,2024-04-30,2
win_100,TPB,2024-04-30,2
win_100,TPL,2024-04-30,2
win_100,TVTX,2024-04-30,1
win_100,UI,2024-04-30,1
win_100,UNFI,2024-04-30,1
win_100,UPST,2024-04-30,1
win_100,VRNA,2024-04-30,1
win_100,WGS,2024-04-30,1
win_100,ADMA,2024-05-31,2
win_100,AGX,2024-05-31,2
win_100,AKRO,2024-05-31,1
win_100,ALNY,2024-05-31,2
win_100,APP,2024-05-31,2
win_100,ASTS,2024-05-31,1
win_100,AVPT,2024-05-31,2
win_100,AXON,2024-05-31,2
win_100,BROS,2024-05-31,2
win_100,BYRN,2024-05-31,2
win_100,CHWY,2024-05-31,2
win_100,CORT,2024-05-31,2
win_100,CRDO,2024-05-31,2
win_100,CRMD,2024-05-31,1
win_100,CRS,2024-05-31,2
win_100,CVNA,2024-05-31,2
win_100,CVSA,2024-05-31,2
win_100,DAVE,2024-05-31,2
win_100,DCTH,2024-05-31,1
win_100,DUOL,2024-05-31,2
win_100,EAT,2024-05-31,2
win_100,FARO,2024-05-31,1
win_100,FRHC,2024-05-31,2
win_100,GPGI,2024-05-31,1
win_100,GRND,2024-05-31,2
win_100,HEES,2024-05-31,2
win_100,HIMS,2024-05-31,2
win_100,HOOD,2024-05-31,2
win_100,HRTG,2024-05-31,1
win_100,HWM,2024-05-31,2
win_100,INOD,2024-05-31,2
win_100,IONQ,2024-05-31,1
win_100,LBPH,2024-05-31,2
win_100,LEU,2024-05-31,2
win_100,LINC,2024-05-31,2
win_100,LMB,2024-05-31,2
win_100,LMND,2024-05-31,1
win_100,LRN,2024-05-31,2
win_100,LUNR,2024-05-31,1
win_100,MSTR,2024-05-31,2
win_100,NET,2024-05-31,2
win_100,NGVC,2024-05-31,2
win_100,NTGR,2024-05-31,1
win_100,OKLO,2024-05-31,1
win_100,PAY,2024-05-31,2
win_100,PLMR,2024-05-31,2
win_100,PLTR,2024-05-31,2
win_100,RBLX,2024-05-31,2
win_100,RDVT,2024-05-31,2
win_100,RDW,2024-05-31,2
win_100,ROOT,2024-05-31,2
win_100,SEI,2024-05-31,2
win_100,SEZL,2024-05-31,2
win_100,SFM,2024-05-31,2
win_100,SMMT,2024-05-31,2
win_100,SMR,2024-05-31,1
win_100,SOUN,2024-05-31,2
win_100,SRRK,2024-05-31,1
win_100,SSRM,2024-05-31,1
win_100,TBRG,2024-05-31,1
win_100,TGTX,2024-05-31,2
win_100,TPB,2024-05-31,2
win_100,TVTX,2024-05-31,1
win_100,TWLO,2024-05-31,2
win_100,UI,2024-05-31,2
win_100,UNFI,2024-05-31,1
win_100,UTI,2024-05-31,2
win_100,VRNA,2024-05-31,1
win_100,WGS,2024-05-31,1
win_100,WLFC,2024-05-31,2
win_100,XMTR,2024-05-31,1
win_100,AAOI,2024-06-30,1
win_100,AFRM,2024-06-30,2
win_100,AGX,2024-06-30,2
win_100,AKRO,2024-06-30,1
win_100,APP,2024-06-30,2
win_100,ASTS,2024-06-30,2
win_100,AXON,2024-06-30,2
win_100,BBW,2024-06-30,2
win_100,BYRN,2024-06-30,1
win_100,CCB,2024-06-30,2
win_100,CLPT,2024-06-30,1
win_100,CORT,2024-06-30,2
win_100,CRDO,2024-06-30,2
win_100,CRK,2024-06-30,2
win_100,CRS,2024-06-30,2
win_100,CVNA,2024-06-30,2
win_100,DASH,2024-06-30,2
win_100,DAVE,2024-06-30,1
win_100,DOCS,2024-06-30,2
win_100,EAT,2024-06-30,2
win_100,ESQ,2024-06-30,2
win_100,FARO,2024-06-30,1
win_100,GPGI,2024-06-30,2
win_100,GRPN,2024-06-30,2
win_100,HEES,2024-06-30,2
win_100,HIMS,2024-06-30,2
win_100,HNRG,2024-06-30,1
win_100,HOOD,2024-06-30,2
win_100,HRTG,2024-06-30,1
win_100,HWM,2024-06-30,2
win_100,IESC,2024-06-30,2
win_100,INOD,2024-06-30,2
win_100,IONQ,2024-06-30,1
win_100,JBL,2024-06-30,2
win_100,JOBY,2024-06-30,1
win_100,KTOS,2024-06-30,2
win_100,LBPH,2024-06-30,2
win_100,LEU,2024-06-30,1
win_100,LMB,2024-06-30,2
win_100,LMND,2024-06-30,1
win_100,LRN,2024-06-30,2
win_100,MIR,2024-06-30,2
win_100,MP,2024-06-30,1
win_100,MSTR,2024-06-30,2
win_100,NET,2024-06-30,2
win_100,NRG,2024-06-30,2
win_100,OKLO,2024-06-30,1
win_100,OUST,2024-06-30,1
win_100,PBI,2024-06-30,2
win_100,PCT,2024-06-30,1
win_100,PLTR,2024-06-30,2
win_100,PPTA,2024-06-30,2
win_100,RBLX,2024-06-30,2
win_100,RDUS,2024-06-30,1
win_100,RDW,2024-06-30,2
win_100,RIGL,2024-06-30,1
win_100,ROOT,2024-06-30,2
win_100,SEI,2024-06-30,2
win_100,SEZL,2024-06-30,2
win_100,SLNO,2024-06-30,2
win_100,SMMT,2024-06-30,2
win_100,SMR,2024-06-30,2
win_100,SOFI,2024-06-30,1
win_100,SPRY,2024-06-30,1
win_100,SRRK,2024-06-30,1
win_100,TBRG,2024-06-30,1
win_100,TGTX,2024-06-30,2
win_100,TPB,2024-06-30,2
win_100,TPC,2024-06-30,2
win_100,TPR,2024-06-30,2
win_100,TTMI,2024-06-30,2
win_100,TWLO,2024-06-30,2
win_100,UI,2024-06-30,2
win_100,UPST,2024-06-30,1
win_100,UTI,2024-06-30,2
win_100,VIRT,2024-06-30,2
win_100,VRNA,2024-06-30,1
win_100,VST,2024-06-30,2
win_100,WGS,2024-06-30,2
win_100,WLDN,2024-06-30,2
win_100,WLFC,2024-06-30,2
win_100,XMTR,2024-06-30,1
win_100,AAOI,2024-07-31,1
win_100,AFRM,2024-07-31,2
win_100,AGX,2024-07-31,2
win_100,AMSC,2024-07-31,2
win_100,APP,2024-07-31,2
win_100,ASTS,2024-07-31,2
win_100,AXON,2024-07-31,2
win_100,BE,2024-07-31,1
win_100,BYRN,2024-07-31,1
win_100,CELC,2024-07-31,2
win_100,CRDO,2024-07-31,2
win_100,CVNA,2024-07-31,2
win_100,DASH,2024-07-31,2
win_100,DAVE,2024-07-31,1
win_100,DOCS,2024-07-31,2
win_100,DUOL,2024-07-31,2
win_100,DXPE,2024-07-31,2
win_100,EAT,2024-07-31,2
win_100,FARO,2024-07-31,1
win_100,FIX,2024-07-31,2
win_100,FRHC,2024-07-31,2
win_100,GPGI,2024-07-31,2
win_100,GRPN,2024-07-31,2
win_100,HIMS,2024-07-31,2
win_100,HNRG,2024-07-31,1
win_100,HOOD,2024-07-31,2
win_100,HRTG,2024-07-31,1
win_100,IBKR,2024-07-31,2
win_100,IDCC,2024-07-31,2
win_100,IESC,2024-07-31,2
win_100,INOD,2024-07-31,2
win_100,IONQ,2024-07-31,1
win_100,JOBY,2024-07-31,1
win_100,KTOS,2024-07-31,2
win_100,LEU,2024-07-31,1
win_100,LIF,2024-07-31,2
win_100,LITE,2024-07-31,2
win_100,LMB,2024-07-31,2
win_100,LMND,2024-07-31,1
win_100,LWAY,2024-07-31,1
win_100,MIR,2024-07-31,2
win_100,MP,2024-07-31,1
win_100,MSTR,2024-07-31,2
win_100,NET,2024-07-31,2
win_100,NRG,2024-07-31,2
win_100,OKLO,2024-07-31,1
win_100,PLTR,2024-07-31,2
win_100,PSIX,2024-07-31,2
win_100,PVLA,2024-07-31,1
win_100,RBLX,2024-07-31,2
win_100,RCL,2024-07-31,2
win_100,RDW,2024-07-31,2
win_100,RKLB,2024-07-31,1
win_100,ROOT,2024-07-31,2
win_100,RSI,2024-07-31,2
win_100,SEI,2024-07-31,2
win_100,SEZL,2024-07-31,2
win_100,SMMT,2024-07-31,2
win_100,SMR,2024-07-31,2
win_100,SOFI,2024-07-31,1
win_100,SOUN,2024-07-31,1
win_100,SRRK,2024-07-31,1
win_100,SSRM,2024-07-31,1
win_100,STRL,2024-07-31,2
win_100,SYM,2024-07-31,2
win_100,TPB,2024-07-31,2
win_100,TPR,2024-07-31,2
win_100,TTMI,2024-07-31,2
win_100,TWLO,2024-07-31,2
win_100,U,2024-07-31,1
win_100,UI,2024-07-31,2
win_100,UPST,2024-07-31,1
win_100,VRNA,2024-07-31,2
win_100,VST,2024-07-31,2
win_100,WGS,2024-07-31,2
win_100,WLDN,2024-07-31,2
win_100,XMTR,2024-07-31,1
win_100,AAMI,2024-08-31,2
win_100,AAOI,2024-08-31,1
win_100,AFRM,2024-08-31,2
win_100,AGX,2024-08-31,2
win_100,ALNT,2024-08-31,1
win_100,AMSC,2024-08-31,2
win_100,APP,2024-08-31,2
win_100,ATEC,2024-08-31,1
win_100,AXON,2024-08-31,2
win_100,BE,2024-08-31,1
win_100,BKTI,2024-08-31,2
win_100,BROS,2024-08-31,2
win_100,CCB,2024-08-31,2
win_100,CDE,2024-08-31,2
win_100,CELC,2024-08-31,2
win_100,CMP,2024-08-31,1
win_100,COOP,2024-08-31,2
win_100,CPS,2024-08-31,1
win_100,CRDO,2024-08-31,2
win_100,CRMD,2024-08-31,2
win_100,CTRN,2024-08-31,1
win_100,CVNA,2024-08-31,2
win_100,DAVE,2024-08-31,1
win_100,DXPE,2024-08-31,2
win_100,EAT,2024-08-31,2
win_100,ECHO,2024-08-31,1
win_100,EYE,2024-08-31,1
win_100,FARO,2024-08-31,1
win_100,FEIM,2024-08-31,2
win_100,GH,2024-08-31,2
win_100,HIMS,2024-08-31,2
win_100,HNRG,2024-08-31,1
win_100,HOOD,2024-08-31,2
win_100,HUT,2024-08-31,1
win_100,IDR,2024-08-31,2
win_100,INOD,2024-08-31,2
win_100,IONQ,2024-08-31,1
win_100,IRTC,2024-08-31,2
win_100,JOBY,2024-08-31,1
win_100,KTOS,2024-08-31,2
win_100,LASR,2024-08-31,1
win_100,LEU,2024-08-31,2
win_100,LIF,2024-08-31,2
win_100,LITE,2024-08-31,2
win_100,LMND,2024-08-31,1
win_100,LQDA,2024-08-31,1
win_100,METC,2024-08-31,1
win_100,MP,2024-08-31,1
win_100,MSTR,2024-08-31,2
win_100,NEON,2024-08-31,2
win_100,NET,2024-08-31,2
win_100,NN,2024-08-31,2
win_100,NUTX,2024-08-31,1
win_100,OKLO,2024-08-31,1
win_100,OUST,2024-08-31,1
win_100,PCT,2024-08-31,1
win_100,PLTR,2024-08-31,2
win_100,PPTA,2024-08-31,2
win_100,PRIM,2024-08-31,2
win_100,PSIX,2024-08-31,2
win_100,PVLA,2024-08-31,1
win_100,QURE,2024-08-31,1
win_100,RBLX,2024-08-31,2
win_100,RCL,2024-08-31,2
win_100,RDUS,2024-08-31,1
win_100,RIGL,2024-08-31,1
win_100,RKLB,2024-08-31,2
win_100,ROOT,2024-08-31,1
win_100,RSI,2024-08-31,2
win_100,RYTM,2024-08-31,2
win_100,SEI,2024-08-31,2
win_100,SEZL,2024-08-31,2
win_100,SMR,2024-08-31,1
win_100,SNOW,2024-08-31,2
win_100,SOFI,2024-08-31,1
win_100,SRRK,2024-08-31,1
win_100,SSRM,2024-08-31,1
win_100,STRL,2024-08-31,2
win_100,SYM,2024-08-31,1
win_100,TARS,2024-08-31,2
win_100,TPB,2024-08-31,2
win_100,TPC,2024-08-31,2
win_100,TPR,2024-08-31,2
win_100,TTMI,2024-08-31,2
win_100,U,2024-08-31,1
win_100,UAL,2024-08-31,2
win_100,UEC,2024-08-31,1
win_100,UI,2024-08-31,2
win_100,VRNA,2024-08-31,2
win_100,VSAT,2024-08-31,1
win_100,VST,2024-08-31,2
win_100,WGS,2024-08-31,2
win_100,WLDN,2024-08-31,2
win_100,WWW,2024-08-31,2
win_100,XMTR,2024-08-31,1
win_100,ADPT,2024-09-30,1
win_100,AEHR,2024-09-30,1
win_100,AGX,2024-09-30,2
win_100,ALNT,2024-09-30,1
win_100,AMSC,2024-09-30,2
win_100,APEI,2024-09-30,1
win_100,APLD,2024-09-30,1
win_100,APP,2024-09-30,2
win_100,ARQT,2024-09-30,1
win_100,ATEC,2024-09-30,1
win_100,ATRO,2024-09-30,2
win_100,BBIO,2024-09-30,2
win_100,BE,2024-09-30,1
win_100,BKKT,2024-09-30,1
win_100,CCB,2024-09-30,2
win_100,CDE,2024-09-30,2
win_100,CELC,2024-09-30,2
win_100,CIEN,2024-09-30,2
win_100,COOP,2024-09-30,2
win_100,CPS,2024-09-30,1
win_100,CRDO,2024-09-30,2
win_100,CVNA,2024-09-30,2
win_100,CVSA,2024-09-30,2
win_100,DAVE,2024-09-30,2
win_100,DFTX,2024-09-30,1
win_100,DOMO,2024-09-30,1
win_100,DXPE,2024-09-30,2
win_100,ECHO,2024-09-30,2
win_100,EYE,2024-09-30,1
win_100,FARO,2024-09-30,1
win_100,FIX,2024-09-30,2
win_100,GH,2024-09-30,1
win_100,GRPN,2024-09-30,1
win_100,HIMS,2024-09-30,2
win_100,HIPO,2024-09-30,1
win_100,HNRG,2024-09-30,1
win_100,HOOD,2024-09-30,2
win_100,HOUS,2024-09-30,1
win_100,HRTG,2024-09-30,2
win_100,HUT,2024-09-30,1
win_100,IBEX,2024-09-30,2
win_100,IDCC,2024-09-30,2
win_100,IDR,2024-09-30,2
win_100,INOD,2024-09-30,2
win_100,IONQ,2024-09-30,1
win_100,IRTC,2024-09-30,2
win_100,JOBY,2024-09-30,1
win_100,KTOS,2024-09-30,2
win_100,LASR,2024-09-30,1
win_100,LEU,2024-09-30,2
win_100,LIF,2024-09-30,2
win_100,LITE,2024-09-30,2
win_100,LMND,2024-09-30,1
win_100,LQDA,2024-09-30,1
win_100,MDGL,2024-09-30,2
win_100,METC,2024-09-30,1
win_100,MIR,2024-09-30,2
win_100,ML,2024-09-30,1
win_100,MLYS,2024-09-30,1
win_100,MNPR,2024-09-30,1
win_100,MP,2024-09-30,1
win_100,MRCY,2024-09-30,2
win_100,MYRG,2024-09-30,1
win_100,NET,2024-09-30,2
win_100,NUTX,2024-09-30,1
win_100,OKLO,2024-09-30,1
win_100,OUST,2024-09-30,1
win_100,PARR,2024-09-30,1
win_100,PBPB,2024-09-30,1
win_100,PLTR,2024-09-30,2
win_100,PPTA,2024-09-30,2
win_100,PRIM,2024-09-30,2
win_100,PSIX,2024-09-30,2
win_100,QS,2024-09-30,1
win_100,RBLX,2024-09-30,2
win_100,REVG,2024-09-30,2
win_100,REZI,2024-09-30,1
win_100,RIOT,2024-09-30,1
win_100,RKLB,2024-09-30,2
win_100,RMBS,2024-09-30,2
win_100,ROOT,2024-09-30,1
win_100,SEI,2024-09-30,2
win_100,SEZL,2024-09-30,2
win_100,SKYT,2024-09-30,1
win_100,SMR,2024-09-30,2
win_100,SOFI,2024-09-30,1
win_100,SRRK,2024-09-30,1
win_100,SSRM,2024-09-30,1
win_100,STRL,2024-09-30,2
win_100,STX,2024-09-30,2
win_100,SYM,2024-09-30,1
win_100,TGI,2024-09-30,1
win_100,TPB,2024-09-30,2
win_100,TPC,2024-09-30,2
win_100,TPR,2024-09-30,2
win_100,TSSI,2024-09-30,2
win_100,TTMI,2024-09-30,2
win_100,UEC,2024-09-30,1
win_100,UI,2024-09-30,2
win_100,UNFI,2024-09-30,1
win_100,UTI,2024-09-30,2
win_100,UUUU,2024-09-30,1
win_100,VISN,2024-09-30,1
win_100,VRNA,2024-09-30,2
win_100,VSAT,2024-09-30,1
win_100,VSEC,2024-09-30,2
win_100,WBD,2024-09-30,1
win_100,WDC,2024-09-30,2
win_100,WGS,2024-09-30,2
win_100,WLDN,2024-09-30,2
win_100,XMTR,2024-09-30,1
win_100,AAOI,2024-10-31,1
win_100,ACMR,2024-10-31,1
win_100,AGX,2024-10-31,2
win_100,ALNT,2024-10-31,1
win_100,AMLX,2024-10-31,1
win_100,AMSC,2024-10-31,2
win_100,APEI,2024-10-31,1
win_100,APH,2024-10-31,2
win_100,APLD,2024-10-31,1
win_100,APP,2024-10-31,2
win_100,ARQT,2024-10-31,1
win_100,ARWR,2024-10-31,1
win_100,ASTS,2024-10-31,2
win_100,ATEC,2024-10-31,1
win_100,ATRO,2024-10-31,2
win_100,AVGO,2024-10-31,2
win_100,BBIO,2024-10-31,2
win_100,BE,2024-10-31,1
win_100,BKKT,2024-10-31,1
win_100,BKSY,2024-10-31,1
win_100,BKTI,2024-10-31,2
win_100,BWMN,2024-10-31,1
win_100,CDE,2024-10-31,2
win_100,CECO,2024-10-31,2
win_100,CELC,2024-10-31,2
win_100,CELH,2024-10-31,2
win_100,CIEN,2024-10-31,2
win_100,COOP,2024-10-31,2
win_100,CPS,2024-10-31,1
win_100,CRDO,2024-10-31,2
win_100,CRS,2024-10-31,2
win_100,CVI,2024-10-31,1
win_100,DAN,2024-10-31,1
win_100,DAVE,2024-10-31,1
win_100,DFTX,2024-10-31,1
win_100,DK,2024-10-31,1
win_100,DXPE,2024-10-31,2
win_100,ECHO,2024-10-31,2
win_100,ETON,2024-10-31,2
win_100,EYE,2024-10-31,1
win_100,FARO,2024-10-31,1
win_100,FIX,2024-10-31,2
win_100,FNA,2024-10-31,1
win_100,GH,2024-10-31,1
win_100,GTX,2024-10-31,1
win_100,HIMS,2024-10-31,2
win_100,HNRG,2024-10-31,1
win_100,HOOD,2024-10-31,2
win_100,HRTG,2024-10-31,1
win_100,HUT,2024-10-31,1
win_100,HWM,2024-10-31,2
win_100,IBEX,2024-10-31,2
win_100,IDCC,2024-10-31,2
win_100,IDR,2024-10-31,2
win_100,INOD,2024-10-31,2
win_100,INSM,2024-10-31,2
win_100,IONQ,2024-10-31,2
win_100,IRTC,2024-10-31,1
win_100,KTOS,2024-10-31,2
win_100,LASR,2024-10-31,1
win_100,LEU,2024-10-31,2
win_100,LIF,2024-10-31,2
win_100,LITE,2024-10-31,2
win_100,LMND,2024-10-31,2
win_100,LQDA,2024-10-31,1
win_100,LRCX,2024-10-31,2
win_100,LTBR,2024-10-31,1
win_100,METC,2024-10-31,1
win_100,MLYS,2024-10-31,1
win_100,MNPR,2024-10-31,1
win_100,MP,2024-10-31,1
win_100,MRCY,2024-10-31,1
win_100,MU,2024-10-31,2
win_100,NET,2024-10-31,2
win_100,NUTX,2024-10-31,1
win_100,NXT,2024-10-31,2
win_100,OKLO,2024-10-31,1
win_100,OLO,2024-10-31,1
win_100,OSIS,2024-10-31,2
win_100,OUST,2024-10-31,1
win_100,PARR,2024-10-31,1
win_100,PBPB,2024-10-31,1
win_100,PLTR,2024-10-31,2
win_100,PPTA,2024-10-31,2
win_100,PRAX,2024-10-31,2
win_100,PRIM,2024-10-31,2
win_100,PSIX,2024-10-31,2
win_100,QS,2024-10-31,1
win_100,QURE,2024-10-31,1
win_100,RBLX,2024-10-31,2
win_100,REZI,2024-10-31,1
win_100,RIGL,2024-10-31,1
win_100,RIOT,2024-10-31,1
win_100,RKLB,2024-10-31,2
win_100,RMBS,2024-10-31,2
win_100,RYTM,2024-10-31,2
win_100,SEDG,2024-10-31,1
win_100,SEI,2024-10-31,2
win_100,SMR,2024-10-31,2
win_100,SNOW,2024-10-31,2
win_100,SOFI,2024-10-31,2
win_100,SOUN,2024-10-31,1
win_100,SSRM,2024-10-31,1
win_100,STOK,2024-10-31,1
win_100,STRL,2024-10-31,2
win_100,STX,2024-10-31,2
win_100,SYM,2024-10-31,1
win_100,TPC,2024-10-31,2
win_100,TPR,2024-10-31,2
win_100,TSSI,2024-10-31,2
win_100,TTMI,2024-10-31,2
win_100,TVTX,2024-10-31,2
win_100,UEC,2024-10-31,2
win_100,UI,2024-10-31,2
win_100,UUUU,2024-10-31,1
win_100,VISN,2024-10-31,2
win_100,VRNA,2024-10-31,2
win_100,VSAT,2024-10-31,1
win_100,W,2024-10-31,1
win_100,WBD,2024-10-31,1
win_100,WDC,2024-10-31,2
win_100,WULF,2024-10-31,2
win_100,XMTR,2024-10-31,1
win_100,ADPT,2024-11-30,1
win_100,AGX,2024-11-30,2
win_100,ALNT,2024-11-30,1
win_100,AMLX,2024-11-30,1
win_100,APLD,2024-11-30,2
win_100,ARQT,2024-11-30,2
win_100,ARWR,2024-11-30,1
win_100,ASTS,2024-11-30,2
win_100,ATEC,2024-11-30,1
win_100,ATRO,2024-11-30,1
win_100,AVGO,2024-11-30,2
win_100,AXGN,2024-11-30,2
win_100,BBIO,2024-11-30,1
win_100,BE,2024-11-30,2
win_100,CDE,2024-11-30,2
win_100,CDTX,2024-11-30,1
win_100,CELC,2024-11-30,1
win_100,CIEN,2024-11-30,2
win_100,CIFR,2024-11-30,2
win_100,COGT,2024-11-30,1
win_100,COOP,2024-11-30,2
win_100,CPS,2024-11-30,1
win_100,CRDO,2024-11-30,2
win_100,CTRN,2024-11-30,1
win_100,DAN,2024-11-30,1
win_100,DAVE,2024-11-30,2
win_100,DK,2024-11-30,1
win_100,ECHO,2024-11-30,2
win_100,EYE,2024-11-30,1
win_100,GH,2024-11-30,2
win_100,HL,2024-11-30,2
win_100,HOOD,2024-11-30,2
win_100,HRTG,2024-11-30,1
win_100,IDR,2024-11-30,2
win_100,INSM,2024-11-30,2
win_100,IONS,2024-11-30,2
win_100,IRTC,2024-11-30,1
win_100,KOD,2024-11-30,1
win_100,KTOS,2024-11-30,2
win_100,LASR,2024-11-30,1
win_100,LEU,2024-11-30,2
win_100,LITE,2024-11-30,2
win_100,LQDA,2024-11-30,1
win_100,LRCX,2024-11-30,2
win_100,LTBR,2024-11-30,1
win_100,MLYS,2024-11-30,1
win_100,MNPR,2024-11-30,1
win_100,MP,2024-11-30,2
win_100,MRUS,2024-11-30,2
win_100,MU,2024-11-30,2
win_100,MUX,2024-11-30,1
win_100,NEM,2024-11-30,2
win_100,NET,2024-11-30,2
win_100,NUTX,2024-11-30,2
win_100,NVRI1,2024-11-30,1
win_100,NXT,2024-11-30,2
win_100,OKLO,2024-11-30,2
win_100,OLMA,2024-11-30,1
win_100,OPRX,2024-11-30,1
win_100,OUST,2024-11-30,1
win_100,PARR,2024-11-30,1
win_100,PLTR,2024-11-30,2
win_100,PPTA,2024-11-30,2
win_100,PRAX,2024-11-30,2
win_100,PRM,2024-11-30,2
win_100,PTGX,2024-11-30,2
win_100,QS,2024-11-30,1
win_100,QURE,2024-11-30,1
win_100,REAL,2024-11-30,2
win_100,SEDG,2024-11-30,1
win_100,SPHR,2024-11-30,1
win_100,SSRM,2024-11-30,1
win_100,STOK,2024-11-30,1
win_100,STX,2024-11-30,2
win_100,SYM,2024-11-30,1
win_100,TBPH,2024-11-30,1
win_100,TERN,2024-11-30,1
win_100,TPC,2024-11-30,2
win_100,TTMI,2024-11-30,2
win_100,URGN,2024-11-30,1
win_100,USAU,2024-11-30,2
win_100,VRNA,2024-11-30,2
win_100,VSAT,2024-11-30,1
win_100,W,2024-11-30,1
win_100,WBD,2024-11-30,1
win_100,WDC,2024-11-30,2
win_100,WGS,2024-11-30,2
win_100,WLDN,2024-11-30,2
win_100,ACMR,2024-12-31,1
win_100,ADPT,2024-12-31,1
win_100,AGX,2024-12-31,2
win_100,ALNT,2024-12-31,1
win_100,ANAB,2024-12-31,1
win_100,APLD,2024-12-31,1
win_100,APP,2024-12-31,2
win_100,ARQT,2024-12-31,2
win_100,ARWR,2024-12-31,1
win_100,ASTS,2024-12-31,2
win_100,ATEC,2024-12-31,1
win_100,ATI,2024-12-31,2
win_100,ATRO,2024-12-31,1
win_100,AVDL,2024-12-31,1
win_100,AVTX,2024-12-31,1
win_100,AXSM,2024-12-31,2
win_100,BBIO,2024-12-31,2
win_100,BE,2024-12-31,2
win_100,BKD,2024-12-31,1
win_100,BKTI,2024-12-31,2
win_100,BTSG,2024-12-31,2
win_100,CAPR,2024-12-31,1
win_100,CDE,2024-12-31,2
win_100,CDTX,2024-12-31,2
win_100,CELC,2024-12-31,1
win_100,CENX,2024-12-31,2
win_100,CIEN,2024-12-31,2
win_100,COGT,2024-12-31,1
win_100,COOP,2024-12-31,2
win_100,CPS,2024-12-31,1
win_100,CRDO,2024-12-31,2
win_100,CTEV,2024-12-31,1
win_100,CTGO,2024-12-31,1
win_100,CVNA,2024-12-31,2
win_100,DAN,2024-12-31,1
win_100,DAVE,2024-12-31,2
win_100,ECHO,2024-12-31,1
win_100,ENTA,2024-12-31,1
win_100,EYE,2024-12-31,1
win_100,EYPT,2024-12-31,1
win_100,FEIM,2024-12-31,2
win_100,FET,2024-12-31,1
win_100,FIX,2024-12-31,2
win_100,FN,2024-12-31,2
win_100,FROG,2024-12-31,2
win_100,GCT,2024-12-31,1
win_100,GH,2024-12-31,2
win_100,GLUE,2024-12-31,1
win_100,GPCR,2024-12-31,1
win_100,HOOD,2024-12-31,2
win_100,HRTG,2024-12-31,1
win_100,HUT,2024-12-31,2
win_100,IA,2024-12-31,2
win_100,IDR,2024-12-31,2
win_100,IE,2024-12-31,1
win_100,IMNM,2024-12-31,1
win_100,INSM,2024-12-31,2
win_100,IONS,2024-12-31,2
win_100,KNSA,2024-12-31,2
win_100,KOD,2024-12-31,1
win_100,KTOS,2024-12-31,2
win_100,LASR,2024-12-31,1
win_100,LEU,2024-12-31,2
win_100,LITE,2024-12-31,2
win_100,LQDA,2024-12-31,2
win_100,LRCX,2024-12-31,2
win_100,MLYS,2024-12-31,1
win_100,MNPR,2024-12-31,1
win_100,MP,2024-12-31,1
win_100,MRUS,2024-12-31,2
win_100,MU,2024-12-31,2
win_100,MUX,2024-12-31,1
win_100,NEM,2024-12-31,2
win_100,NUTX,2024-12-31,2
win_100,NVRI1,2024-12-31,1
win_100,NXT,2024-12-31,2
win_100,OKLO,2024-12-31,2
win_100,OLMA,2024-12-31,1
win_100,PARR,2024-12-31,1
win_100,PHAT,2024-12-31,1
win_100,PLTR,2024-12-31,2
win_100,PPTA,2024-12-31,2
win_100,PRAX,2024-12-31,2
win_100,PRM,2024-12-31,2
win_100,PTGX,2024-12-31,2
win_100,QBTS,2024-12-31,1
win_100,QS,2024-12-31,1
win_100,RDUS,2024-12-31,1
win_100,RIGL,2024-12-31,2
win_100,RKLB,2024-12-31,2
win_100,RNAM,2024-12-31,1
win_100,SEDG,2024-12-31,1
win_100,SPHR,2024-12-31,1
win_100,SSRM,2024-12-31,1
win_100,STOK,2024-12-31,1
win_100,STX,2024-12-31,2
win_100,SYM,2024-12-31,1
win_100,TERN,2024-12-31,1
win_100,TPC,2024-12-31,2
win_100,TRML,2024-12-31,1
win_100,TTMI,2024-12-31,2
win_100,TVTX,2024-12-31,2
win_100,URGN,2024-12-31,1
win_100,UUUU,2024-12-31,1
win_100,VICR,2024-12-31,2
win_100,VISN,2024-12-31,1
win_100,VRNA,2024-12-31,2
win_100,VSAT,2024-12-31,1
win_100,W,2024-12-31,1
win_100,WBD,2024-12-31,2
win_100,WDC,2024-12-31,2
win_100,WLDN,2024-12-31,2
win_100,WULF,2024-12-31,1
win_100,ZSQR,2024-12-31,1
win_100,AAMI,2025-01-31,2
win_100,ACMR,2025-01-31,1
win_100,ADPT,2025-01-31,2
win_100,AEHR,2025-01-31,1
win_100,AEIS,2025-01-31,2
win_100,AGX,2025-01-31,2
win_100,ALB,2025-01-31,1
win_100,ALNT,2025-01-31,1
win_100,AMD,2025-01-31,2
win_100,ANAB,2025-01-31,1
win_100,APH,2025-01-31,2
win_100,APLD,2025-01-31,1
win_100,ARWR,2025-01-31,1
win_100,ASTS,2025-01-31,2
win_100,ATI,2025-01-31,2
win_100,ATRO,2025-01-31,2
win_100,AVDL,2025-01-31,1
win_100,BBIO,2025-01-31,2
win_100,BE,2025-01-31,2
win_100,BELFA,2025-01-31,2
win_100,CDE,2025-01-31,2
win_100,CDTX,2025-01-31,1
win_100,CECO,2025-01-31,2
win_100,CELC,2025-01-31,1
win_100,CELH,2025-01-31,1
win_100,CENX,2025-01-31,2
win_100,CHRW,2025-01-31,2
win_100,CIEN,2025-01-31,2
win_100,CIFR,2025-01-31,1
win_100,CMP,2025-01-31,1
win_100,COGT,2025-01-31,1
win_100,COHR,2025-01-31,2
win_100,COOP,2025-01-31,2
win_100,CPS,2025-01-31,1
win_100,CRVS,2025-01-31,1
win_100,DFTX,2025-01-31,1
win_100,DG,2025-01-31,1
win_100,DNTH,2025-01-31,1
win_100,ECHO,2025-01-31,2
win_100,ELAN,2025-01-31,1
win_100,ENTA,2025-01-31,1
win_100,EOSE,2025-01-31,1
win_100,ESTA,2025-01-31,1
win_100,EYE,2025-01-31,1
win_100,FET,2025-01-31,1
win_100,FIVE,2025-01-31,1
win_100,FIX,2025-01-31,2
win_100,FLNC,2025-01-31,1
win_100,FN,2025-01-31,2
win_100,FTAI,2025-01-31,2
win_100,GH,2025-01-31,2
win_100,GLUE,2025-01-31,1
win_100,GLW,2025-01-31,2
win_100,GPCR,2025-01-31,1
win_100,HII,2025-01-31,2
win_100,HL,2025-01-31,2
win_100,HLF,2025-01-31,1
win_100,HRTG,2025-01-31,1
win_100,HUT,2025-01-31,2
win_100,IDR,2025-01-31,2
win_100,IE,2025-01-31,1
win_100,IMNM,2025-01-31,1
win_100,INSM,2025-01-31,2
win_100,INTC,2025-01-31,1
win_100,IONS,2025-01-31,2
win_100,KNSA,2025-01-31,2
win_100,KOD,2025-01-31,1
win_100,KTOS,2025-01-31,2
win_100,LASR,2025-01-31,1
win_100,LEU,2025-01-31,2
win_100,LITE,2025-01-31,2
win_100,LMND,2025-01-31,2
win_100,LQDA,2025-01-31,2
win_100,LRCX,2025-01-31,2
win_100,METC,2025-01-31,1
win_100,MIRM,2025-01-31,2
win_100,MKSI,2025-01-31,2
win_100,MLYS,2025-01-31,1
win_100,MP,2025-01-31,2
win_100,MRCY,2025-01-31,2
win_100,MRUS,2025-01-31,2
win_100,MU,2025-01-31,2
win_100,MUX,2025-01-31,1
win_100,NEM,2025-01-31,2
win_100,NGL,2025-01-31,2
win_100,NUTX,2025-01-31,2
win_100,NXT,2025-01-31,2
win_100,OLMA,2025-01-31,1
win_100,ORKA,2025-01-31,1
win_100,OUST,2025-01-31,1
win_100,PARR,2025-01-31,1
win_100,PHAT,2025-01-31,1
win_100,PL,2025-01-31,2
win_100,PPTA,2025-01-31,2
win_100,PRAX,2025-01-31,2
win_100,PRM,2025-01-31,2
win_100,PTGX,2025-01-31,2
win_100,QBTS,2025-01-31,1
win_100,RDUS,2025-01-31,1
win_100,RKLB,2025-01-31,2
win_100,RNAM,2025-01-31,1
win_100,RUN,2025-01-31,1
win_100,RVMD,2025-01-31,2
win_100,SCCO,2025-01-31,2
win_100,SEB,2025-01-31,2
win_100,SEDG,2025-01-31,1
win_100,SEI,2025-01-31,2
win_100,SKYT,2025-01-31,2
win_100,SPHR,2025-01-31,2
win_100,SSRM,2025-01-31,1
win_100,STOK,2025-01-31,1
win_100,STRL,2025-01-31,2
win_100,STX,2025-01-31,2
win_100,TAYD,2025-01-31,1
win_100,TBPH,2025-01-31,1
win_100,TER,2025-01-31,2
win_100,TPC,2025-01-31,2
win_100,TRML,2025-01-31,1
win_100,TTMI,2025-01-31,2
win_100,TYRA,2025-01-31,1
win_100,UEC,2025-01-31,2
win_100,UUUU,2025-01-31,1
win_100,VIAV,2025-01-31,2
win_100,VICR,2025-01-31,2
win_100,VISN,2025-01-31,1
win_100,VPG,2025-01-31,1
win_100,VSAT,2025-01-31,1
win_100,VSEC,2025-01-31,2
win_100,W,2025-01-31,1
win_100,WBD,2025-01-31,2
win_100,WDC,2025-01-31,2
win_100,WLDN,2025-01-31,2
win_100,AAMI,2025-02-28,2
win_100,AAOI,2025-02-28,2
win_100,ACMR,2025-02-28,2
win_100,AEHR,2025-02-28,1
win_100,AEIS,2025-02-28,2
win_100,AGX,2025-02-28,2
win_100,ALB,2025-02-28,1
win_100,ALNT,2025-02-28,1
win_100,AMAT,2025-02-28,2
win_100,AMD,2025-02-28,2
win_100,AMKR,2025-02-28,1
win_100,AMRC,2025-02-28,1
win_100,ANAB,2025-02-28,1
win_100,APEI,2025-02-28,2
win_100,APGE,2025-02-28,1
win_100,APH,2025-02-28,2
win_100,APLD,2025-02-28,1
win_100,ARWR,2025-02-28,1
win_100,ASTS,2025-02-28,2
win_100,ATI,2025-02-28,2
win_100,ATRO,2025-02-28,2
win_100,AVDL,2025-02-28,1
win_100,BE,2025-02-28,2
win_100,BKD,2025-02-28,1
win_100,BTSG,2025-02-28,2
win_100,BTU,2025-02-28,1
win_100,CALY,2025-02-28,1
win_100,CAT,2025-02-28,2
win_100,CDE,2025-02-28,2
win_100,CDTX,2025-02-28,2
win_100,CECO,2025-02-28,2
win_100,CELC,2025-02-28,1
win_100,CELH,2025-02-28,1
win_100,CENX,2025-02-28,2
win_100,CGON,2025-02-28,1
win_100,CIEN,2025-02-28,2
win_100,CMP,2025-02-28,1
win_100,COGT,2025-02-28,1
win_100,COHR,2025-02-28,2
win_100,CPS,2025-02-28,1
win_100,CRDO,2025-02-28,2
win_100,CTGO,2025-02-28,1
win_100,CW,2025-02-28,2
win_100,DAN,2025-02-28,2
win_100,DCO,2025-02-28,2
win_100,DFTX,2025-02-28,1
win_100,DG,2025-02-28,1
win_100,DK,2025-02-28,1
win_100,DNTH,2025-02-28,1
win_100,DY,2025-02-28,2
win_100,ECHO,2025-02-28,2
win_100,ELAN,2025-02-28,1
win_100,EXAS,2025-02-28,2
win_100,EYE,2025-02-28,1
win_100,EYPT,2025-02-28,1
win_100,FET,2025-02-28,1
win_100,FIVE,2025-02-28,2
win_100,FIX,2025-02-28,2
win_100,FLNC,2025-02-28,1
win_100,FN,2025-02-28,2
win_100,FORM,2025-02-28,2
win_100,FSLY,2025-02-28,1
win_100,FTAI,2025-02-28,2
win_100,FTI,2025-02-28,2
win_100,GCT,2025-02-28,1
win_100,GH,2025-02-28,2
win_100,GHM,2025-02-28,2
win_100,GLUE,2025-02-28,1
win_100,GLW,2025-02-28,2
win_100,GOLD,2025-02-28,1
win_100,GPCR,2025-02-28,1
win_100,GPRE,2025-02-28,1
win_100,GSAT,2025-02-28,1
win_100,GTX,2025-02-28,2
win_100,HCSG,2025-02-28,2
win_100,HII,2025-02-28,1
win_100,HL,2025-02-28,2
win_100,HLF,2025-02-28,1
win_100,HRTG,2025-02-28,1
win_100,HUT,2025-02-28,1
win_100,IA,2025-02-28,1
win_100,IDR,2025-02-28,2
win_100,IE,2025-02-28,1
win_100,IESC,2025-02-28,2
win_100,IMNM,2025-02-28,1
win_100,INSW,2025-02-28,1
win_100,IONS,2025-02-28,1
win_100,IPGP,2025-02-28,1
win_100,KLAC,2025-02-28,2
win_100,KNSA,2025-02-28,1
win_100,KTOS,2025-02-28,2
win_100,KYMR,2025-02-28,1
win_100,LASR,2025-02-28,1
win_100,LEU,2025-02-28,2
win_100,LITE,2025-02-28,2
win_100,LQDA,2025-02-28,2
win_100,LRCX,2025-02-28,2
win_100,MAMA,2025-02-28,2
win_100,MKSI,2025-02-28,2
win_100,MLYS,2025-02-28,1
win_100,MOD,2025-02-28,2
win_100,MP,2025-02-28,2
win_100,MRCY,2025-02-28,2
win_100,MTSI,2025-02-28,2
win_100,MTZ,2025-02-28,2
win_100,MU,2025-02-28,2
win_100,MUX,2025-02-28,1
win_100,MYE,2025-02-28,1
win_100,MYRG,2025-02-28,2
win_100,NEM,2025-02-28,2
win_100,NPKI,2025-02-28,1
win_100,NUTX,2025-02-28,2
win_100,NVRI1,2025-02-28,1
win_100,NXT,2025-02-28,2
win_100,OIS,2025-02-28,1
win_100,ORKA,2025-02-28,1
win_100,OUST,2025-02-28,1
win_100,PAHC,2025-02-28,2
win_100,PARR,2025-02-28,1
win_100,PHAT,2025-02-28,1
win_100,POWL,2025-02-28,2
win_100,PPTA,2025-02-28,2
win_100,PRAX,2025-02-28,1
win_100,PRIM,2025-02-28,2
win_100,PRM,2025-02-28,2
win_100,PSIX,2025-02-28,2
win_100,PTGX,2025-02-28,2
win_100,PWR,2025-02-28,2
win_100,QBTS,2025-02-28,1
win_100,RDUS,2025-02-28,1
win_100,REVG,2025-02-28,2
win_100,REZI,2025-02-28,2
win_100,RGLD,2025-02-28,2
win_100,RGTI,2025-02-28,2
win_100,RKLB,2025-02-28,2
win_100,RNAM,2025-02-28,1
win_100,ROIV,2025-02-28,2
win_100,RVMD,2025-02-28,2
win_100,SCCO,2025-02-28,2
win_100,SEDG,2025-02-28,1
win_100,SITM,2025-02-28,2
win_100,SKYT,2025-02-28,1
win_100,SMTC,2025-02-28,2
win_100,SPHR,2025-02-28,2
win_100,SSRM,2025-02-28,2
win_100,STOK,2025-02-28,1
win_100,STRL,2025-02-28,2
win_100,STX,2025-02-28,2
win_100,SYM,2025-02-28,2
win_100,SYRE,2025-02-28,1
win_100,TCMD,2025-02-28,2
win_100,TER,2025-02-28,2
win_100,TEVA,2025-02-28,2
win_100,TPC,2025-02-28,2
win_100,TRML,2025-02-28,1
win_100,TTMI,2025-02-28,2
win_100,TXG,2025-02-28,1
win_100,TYRA,2025-02-28,1
win_100,UCTT,2025-02-28,1
win_100,UEC,2025-02-28,1
win_100,UI,2025-02-28,2
win_100,URGN,2025-02-28,1
win_100,USAU,2025-02-28,2
win_100,VAL,2025-02-28,1
win_100,VIAV,2025-02-28,2
win_100,VICR,2025-02-28,2
win_100,VISN,2025-02-28,2
win_100,VRT,2025-02-28,2
win_100,VSAT,2025-02-28,1
win_100,VSXY,2025-02-28,1
win_100,WBD,2025-02-28,2
win_100,WDC,2025-02-28,2
win_100,WLDN,2025-02-28,2
win_100,WWD,2025-02-28,2
win_100,YOU,2025-02-28,2
win_100,AA,2025-03-31,2
win_100,AAMI,2025-03-31,2
win_100,AAOI,2025-03-31,1
win_100,AEHR,2025-03-31,1
win_100,AEIS,2025-03-31,2
win_100,AGX,2025-03-31,2
win_100,AIP,2025-03-31,1
win_100,ALB,2025-03-31,1
win_100,ALMS,2025-03-31,1
win_100,ALNT,2025-03-31,1
win_100,AMAT,2025-03-31,2
win_100,AMKR,2025-03-31,1
win_100,AMRC,2025-03-31,1
win_100,ANAB,2025-03-31,1
win_100,APA,2025-03-31,1
win_100,APEI,2025-03-31,2
win_100,APGE,2025-03-31,1
win_100,APLD,2025-03-31,1
win_100,ARWR,2025-03-31,1
win_100,ASTS,2025-03-31,2
win_100,ATI,2025-03-31,2
win_100,ATRO,2025-03-31,2
win_100,ATXS,2025-03-31,1
win_100,AVDL,2025-03-31,1
win_100,BBIO,2025-03-31,2
win_100,BE,2025-03-31,2
win_100,BKD,2025-03-31,2
win_100,BKSY,2025-03-31,1
win_100,BTSG,2025-03-31,2
win_100,BTU,2025-03-31,1
win_100,BWXT,2025-03-31,2
win_100,CALY,2025-03-31,1
win_100,CAPR,2025-03-31,1
win_100,CAT,2025-03-31,2
win_100,CDE,2025-03-31,2
win_100,CDTX,2025-03-31,2
win_100,CECO,2025-03-31,2
win_100,CELC,2025-03-31,1
win_100,CENX,2025-03-31,2
win_100,CGON,2025-03-31,1
win_100,CIEN,2025-03-31,2
win_100,CLMT,2025-03-31,1
win_100,CMP,2025-03-31,1
win_100,CNTA,2025-03-31,2
win_100,COGT,2025-03-31,1
win_100,COHR,2025-03-31,2
win_100,COHU,2025-03-31,1
win_100,CORZ,2025-03-31,1
win_100,CRDO,2025-03-31,2
win_100,CRS,2025-03-31,2
win_100,CW,2025-03-31,2
win_100,DAN,2025-03-31,2
win_100,DAVE,2025-03-31,2
win_100,DAWN,2025-03-31,1
win_100,DCO,2025-03-31,2
win_100,DFTX,2025-03-31,1
win_100,DK,2025-03-31,1
win_100,DNTH,2025-03-31,1
win_100,DOCN,2025-03-31,2
win_100,DY,2025-03-31,2
win_100,ECHO,2025-03-31,2
win_100,ECPG,2025-03-31,1
win_100,ECVT,2025-03-31,1
win_100,ELAN,2025-03-31,1
win_100,EME,2025-03-31,2
win_100,ENTA,2025-03-31,1
win_100,ETNB,2025-03-31,1
win_100,EXAS,2025-03-31,2
win_100,EYE,2025-03-31,1
win_100,EYPT,2025-03-31,1
win_100,FEIM,2025-03-31,2
win_100,FET,2025-03-31,1
win_100,FIVE,2025-03-31,2
win_100,FIX,2025-03-31,2
win_100,FN,2025-03-31,2
win_100,FORM,2025-03-31,1
win_100,FSLY,2025-03-31,1
win_100,FTAI,2025-03-31,2
win_100,FTI,2025-03-31,2
win_100,FTK,2025-03-31,2
win_100,GCT,2025-03-31,1
win_100,GH,2025-03-31,2
win_100,GHM,2025-03-31,2
win_100,GLW,2025-03-31,2
win_100,GPCR,2025-03-31,1
win_100,GSAT,2025-03-31,1
win_100,GTX,2025-03-31,2
win_100,HL,2025-03-31,2
win_100,HLIO,2025-03-31,1
win_100,HUT,2025-03-31,1
win_100,ICHR,2025-03-31,1
win_100,IDR,2025-03-31,2
win_100,IDYA,2025-03-31,1
win_100,IE,2025-03-31,1
win_100,IESC,2025-03-31,2
win_100,IMNM,2025-03-31,1
win_100,INBX,2025-03-31,1
win_100,INSM,2025-03-31,2
win_100,INSW,2025-03-31,1
win_100,IONS,2025-03-31,1
win_100,KALU,2025-03-31,1
win_100,KLAC,2025-03-31,2
win_100,KLIC,2025-03-31,2
win_100,KNSA,2025-03-31,2
win_100,KTOS,2025-03-31,2
win_100,KYMR,2025-03-31,1
win_100,LASR,2025-03-31,1
win_100,LEU,2025-03-31,2
win_100,LINC,2025-03-31,2
win_100,LITE,2025-03-31,2
win_100,LQDA,2025-03-31,2
win_100,LRCX,2025-03-31,2
win_100,LUNR,2025-03-31,1
win_100,LXU,2025-03-31,1
win_100,MAMA,2025-03-31,1
win_100,MIRM,2025-03-31,2
win_100,MKSI,2025-03-31,2
win_100,MOD,2025-03-31,2
win_100,MRUS,2025-03-31,2
win_100,MTSI,2025-03-31,2
win_100,MTZ,2025-03-31,2
win_100,MU,2025-03-31,2
win_100,MUX,2025-03-31,1
win_100,MYRG,2025-03-31,2
win_100,NBR,2025-03-31,1
win_100,NE,2025-03-31,1
win_100,NEM,2025-03-31,2
win_100,NPKI,2025-03-31,1
win_100,NUTX,2025-03-31,1
win_100,NVRI1,2025-03-31,1
win_100,NVT,2025-03-31,2
win_100,NXT,2025-03-31,2
win_100,OIS,2025-03-31,1
win_100,OKLO,2025-03-31,1
win_100,ORIC,2025-03-31,1
win_100,ORKA,2025-03-31,1
win_100,ORN,2025-03-31,1
win_100,OUST,2025-03-31,1
win_100,PAHC,2025-03-31,2
win_100,PARR,2025-03-31,1
win_100,PBF,2025-03-31,1
win_100,PBT,2025-03-31,1
win_100,POWL,2025-03-31,2
win_100,PPTA,2025-03-31,2
win_100,PRAX,2025-03-31,1
win_100,PRIM,2025-03-31,2
win_100,PRM,2025-03-31,2
win_100,PSIX,2025-03-31,2
win_100,PTGX,2025-03-31,2
win_100,PVLA,2025-03-31,1
win_100,PWR,2025-03-31,2
win_100,RAPP,2025-03-31,1
win_100,RCAT,2025-03-31,1
win_100,RCUS,2025-03-31,1
win_100,REVG,2025-03-31,2
win_100,REX,2025-03-31,1
win_100,RKLB,2025-03-31,2
win_100,RNAM,2025-03-31,1
win_100,ROIV,2025-03-31,2
win_100,RSI,2025-03-31,2
win_100,RUN,2025-03-31,1
win_100,RVMD,2025-03-31,2
win_100,SCHL,2025-03-31,1
win_100,SEB,2025-03-31,2
win_100,SEDG,2025-03-31,1
win_100,SEI,2025-03-31,2
win_100,SITM,2025-03-31,2
win_100,SKYT,2025-03-31,1
win_100,SMTC,2025-03-31,2
win_100,SPHR,2025-03-31,1
win_100,SSRM,2025-03-31,2
win_100,STOK,2025-03-31,1
win_100,STRL,2025-03-31,2
win_100,STX,2025-03-31,2
win_100,SYM,2025-03-31,2
win_100,SYRE,2025-03-31,1
win_100,TER,2025-03-31,2
win_100,TPC,2025-03-31,2
win_100,TPR,2025-03-31,2
win_100,TRML,2025-03-31,1
win_100,TTMI,2025-03-31,2
win_100,TXG,2025-03-31,1
win_100,TYRA,2025-03-31,1
win_100,UCTT,2025-03-31,1
win_100,UI,2025-03-31,2
win_100,USAR,2025-03-31,1
win_100,VAL,2025-03-31,1
win_100,VIAV,2025-03-31,2
win_100,VICR,2025-03-31,2
win_100,VISN,2025-03-31,1
win_100,VRT,2025-03-31,2
win_100,VSAT,2025-03-31,1
win_100,VSXY,2025-03-31,1
win_100,W,2025-03-31,1
win_100,WBD,2025-03-31,2
win_100,WDC,2025-03-31,2
win_100,ZYME,2025-03-31,2
win_100,AA,2025-04-30,1
win_100,AAMI,2025-04-30,2
win_100,AAOI,2025-04-30,1
win_100,ACLS,2025-04-30,1
win_100,ACMR,2025-04-30,2
win_100,ADEA,2025-04-30,2
win_100,ADI,2025-04-30,2
win_100,ADTN,2025-04-30,2
win_100,AEHR,2025-04-30,1
win_100,AEIS,2025-04-30,2
win_100,AEVA,2025-04-30,2
win_100,AGX,2025-04-30,2
win_100,AIP,2025-04-30,1
win_100,AIR,2025-04-30,2
win_100,ALAB,2025-04-30,2
win_100,ALB,2025-04-30,1
win_100,ALGM,2025-04-30,1
win_100,ALNT,2025-04-30,1
win_100,AMAT,2025-04-30,2
win_100,AMD,2025-04-30,2
win_100,AMKR,2025-04-30,1
win_100,AMLX,2025-04-30,1
win_100,AMRC,2025-04-30,1
win_100,AMSC,2025-04-30,2
win_100,ANAB,2025-04-30,1
win_100,ANDE,2025-04-30,2
win_100,ANET,2025-04-30,2
win_100,AOSL,2025-04-30,1
win_100,APA,2025-04-30,1
win_100,APEI,2025-04-30,2
win_100,APGE,2025-04-30,1
win_100,APLS,2025-04-30,1
win_100,ARCB,2025-04-30,1
win_100,ARWR,2025-04-30,1
win_100,ASTS,2025-04-30,2
win_100,ATI,2025-04-30,2
win_100,ATRO,2025-04-30,2
win_100,ATXS,2025-04-30,1
win_100,AVDL,2025-04-30,1
win_100,AVGO,2025-04-30,2
win_100,AXGN,2025-04-30,2
win_100,BAND,2025-04-30,1
win_100,BE,2025-04-30,2
win_100,BHE,2025-04-30,2
win_100,BKD,2025-04-30,2
win_100,BKR,2025-04-30,2
win_100,BKSY,2025-04-30,1
win_100,BKTI,2025-04-30,2
win_100,BTSG,2025-04-30,2
win_100,BTU,2025-04-30,1
win_100,BWA,2025-04-30,2
win_100,CALY,2025-04-30,1
win_100,CAPR,2025-04-30,1
win_100,CAT,2025-04-30,2
win_100,CC,2025-04-30,1
win_100,CDE,2025-04-30,2
win_100,CDTX,2025-04-30,2
win_100,CECO,2025-04-30,2
win_100,CELC,2025-04-30,1
win_100,CENX,2025-04-30,2
win_100,CGNX,2025-04-30,2
win_100,CGON,2025-04-30,1
win_100,CHRW,2025-04-30,2
win_100,CIEN,2025-04-30,2
win_100,CLMT,2025-04-30,1
win_100,CMI,2025-04-30,2
win_100,CMPR,2025-04-30,1
win_100,CNTA,2025-04-30,2
win_100,COGT,2025-04-30,1
win_100,COHR,2025-04-30,2
win_100,COHU,2025-04-30,1
win_100,CORZ,2025-04-30,1
win_100,CPS,2025-04-30,1
win_100,CRC,2025-04-30,1
win_100,CRDO,2025-04-30,2
win_100,CRS,2025-04-30,2
win_100,CTRI,2025-04-30,1
win_100,CTRN,2025-04-30,1
win_100,CW,2025-04-30,2
win_100,DAN,2025-04-30,2
win_100,DAVE,2025-04-30,2
win_100,DAWN,2025-04-30,1
win_100,DCO,2025-04-30,2
win_100,DELL,2025-04-30,2
win_100,DFTX,2025-04-30,1
win_100,DGII,2025-04-30,2
win_100,DINO,2025-04-30,1
win_100,DIOD,2025-04-30,1
win_100,DK,2025-04-30,1
win_100,DLX,2025-04-30,1
win_100,DNTH,2025-04-30,1
win_100,DOCN,2025-04-30,2
win_100,DY,2025-04-30,2
win_100,ECHO,2025-04-30,2
win_100,ECPG,2025-04-30,1
win_100,ECVT,2025-04-30,1
win_100,ELAN,2025-04-30,1
win_100,ELVN,2025-04-30,2
win_100,EME,2025-04-30,2
win_100,ENS,2025-04-30,2
win_100,ENTA,2025-04-30,1
win_100,ESE,2025-04-30,2
win_100,ESI,2025-04-30,2
win_100,ESOA,2025-04-30,1
win_100,ESTA,2025-04-30,1
win_100,EXAS,2025-04-30,2
win_100,EZPW,2025-04-30,2
win_100,FEIM,2025-04-30,2
win_100,FET,2025-04-30,1
win_100,FIVE,2025-04-30,1
win_100,FIX,2025-04-30,2
win_100,FLEX,2025-04-30,2
win_100,FN,2025-04-30,2
win_100,FORM,2025-04-30,1
win_100,FRGE,2025-04-30,1
win_100,FSLY,2025-04-30,1
win_100,FTAI,2025-04-30,2
win_100,FTI,2025-04-30,2
win_100,FTK,2025-04-30,2
win_100,GCT,2025-04-30,1
win_100,GEV,2025-04-30,2
win_100,GHM,2025-04-30,2
win_100,GLSI,2025-04-30,1
win_100,GLW,2025-04-30,2
win_100,GNRC,2025-04-30,2
win_100,GOOGL,2025-04-30,2
win_100,GRC,2025-04-30,2
win_100,GSAT,2025-04-30,1
win_100,GTX,2025-04-30,2
win_100,HAL,2025-04-30,1
win_100,HL,2025-04-30,2
win_100,HLF,2025-04-30,1
win_100,HLIO,2025-04-30,1
win_100,HP,2025-04-30,1
win_100,HUT,2025-04-30,1
win_100,ICHR,2025-04-30,1
win_100,IDR,2025-04-30,2
win_100,IE,2025-04-30,1
win_100,IESC,2025-04-30,2
win_100,IMNM,2025-04-30,1
win_100,INBX,2025-04-30,1
win_100,INSW,2025-04-30,1
win_100,INTC,2025-04-30,1
win_100,IONS,2025-04-30,2
win_100,JBIO,2025-04-30,1
win_100,JBL,2025-04-30,2
win_100,KALU,2025-04-30,1
win_100,KEYS,2025-04-30,2
win_100,KGS,2025-04-30,2
win_100,KLAC,2025-04-30,2
win_100,KLIC,2025-04-30,2
win_100,KMT,2025-04-30,1
win_100,KODK,2025-04-30,2
win_100,KSS,2025-04-30,1
win_100,KYMR,2025-04-30,1
win_100,LASR,2025-04-30,1
win_100,LBRT,2025-04-30,1
win_100,LEU,2025-04-30,2
win_100,LFUS,2025-04-30,2
win_100,LGND,2025-04-30,2
win_100,LINC,2025-04-30,2
win_100,LIND,2025-04-30,1
win_100,LITE,2025-04-30,2
win_100,LQDA,2025-04-30,2
win_100,LRCX,2025-04-30,2
win_100,LSCC,2025-04-30,2
win_100,LUNR,2025-04-30,1
win_100,LXU,2025-04-30,1
win_100,MAMA,2025-04-30,2
win_100,MCHP,2025-04-30,1
win_100,MG,2025-04-30,1
win_100,MIRM,2025-04-30,2
win_100,MKSI,2025-04-30,1
win_100,MOD,2025-04-30,2
win_100,MOV,2025-04-30,1
win_100,MP,2025-04-30,2
win_100,MPWR,2025-04-30,2
win_100,MRVL,2025-04-30,2
win_100,MSGE,2025-04-30,2
win_100,MTRN,2025-04-30,2
win_100,MTSI,2025-04-30,2
win_100,MTZ,2025-04-30,2
win_100,MU,2025-04-30,2
win_100,MUR,2025-04-30,1
win_100,MUX,2025-04-30,1
win_100,MXL,2025-04-30,1
win_100,MYE,2025-04-30,1
win_100,MYRG,2025-04-30,2
win_100,NBR,2025-04-30,1
win_100,NE,2025-04-30,1
win_100,NEM,2025-04-30,2
win_100,NGS,2025-04-30,2
win_100,NGVT,2025-04-30,1
win_100,NPKI,2025-04-30,1
win_100,NSSC,2025-04-30,1
win_100,NVRI1,2025-04-30,1
win_100,NVT,2025-04-30,2
win_100,NWPX,2025-04-30,2
win_100,NXT,2025-04-30,2
win_100,ODP,2025-04-30,1
win_100,OII,2025-04-30,2
win_100,OKLO,2025-04-30,1
win_100,OLMA,2025-04-30,1
win_100,ON,2025-04-30,1
win_100,ONTO,2025-04-30,2
win_100,ORKA,2025-04-30,1
win_100,ORN,2025-04-30,1
win_100,OUST,2025-04-30,1
win_100,PAHC,2025-04-30,2
win_100,PARR,2025-04-30,1
win_100,PBF,2025-04-30,1
win_100,PBPB,2025-04-30,1
win_100,PBT,2025-04-30,1
win_100,PDFS,2025-04-30,1
win_100,PII,2025-04-30,1
win_100,PLAB,2025-04-30,1
win_100,PLPC,2025-04-30,2
win_100,PLXS,2025-04-30,2
win_100,POWL,2025-04-30,2
win_100,PRAX,2025-04-30,1
win_100,PRIM,2025-04-30,2
win_100,PRM,2025-04-30,2
win_100,PSIX,2025-04-30,2
win_100,PTEN,2025-04-30,1
win_100,PTGX,2025-04-30,2
win_100,PVLA,2025-04-30,1
win_100,PWR,2025-04-30,2
win_100,QBTS,2025-04-30,1
win_100,RAPP,2025-04-30,1
win_100,RCAT,2025-04-30,1
win_100,RCUS,2025-04-30,1
win_100,REAL,2025-04-30,2
win_100,REX,2025-04-30,2
win_100,REZI,2025-04-30,1
win_100,RIOT,2025-04-30,1
win_100,RKLB,2025-04-30,2
win_100,RMBS,2025-04-30,2
win_100,RNAM,2025-04-30,1
win_100,ROG,2025-04-30,1
win_100,ROIV,2025-04-30,2
win_100,RRX,2025-04-30,1
win_100,RSI,2025-04-30,2
win_100,RVMD,2025-04-30,2
win_100,SANM,2025-04-30,2
win_100,SCHL,2025-04-30,1
win_100,SEB,2025-04-30,2
win_100,SEDG,2025-04-30,1
win_100,SEI,2025-04-30,2
win_100,SITM,2025-04-30,2
win_100,SKYT,2025-04-30,1
win_100,SLAB,2025-04-30,2
win_100,SMTC,2025-04-30,1
win_100,SNX,2025-04-30,2
win_100,SPHR,2025-04-30,1
win_100,SSRM,2025-04-30,2
win_100,STOK,2025-04-30,1
win_100,STRL,2025-04-30,2
win_100,STX,2025-04-30,2
win_100,SYM,2025-04-30,2
win_100,SYRE,2025-04-30,1
win_100,TALO,2025-04-30,1
win_100,TDW,2025-04-30,1
win_100,TER,2025-04-30,2
win_100,TEVA,2025-04-30,2
win_100,TH,2025-04-30,1
win_100,THR,2025-04-30,2
win_100,TPC,2025-04-30,1
win_100,TPR,2025-04-30,2
win_100,TRML,2025-04-30,1
win_100,TSSI,2025-04-30,1
win_100,TTMI,2025-04-30,2
win_100,TVTX,2025-04-30,2
win_100,TXG,2025-04-30,1
win_100,TYRA,2025-04-30,1
win_100,UCTT,2025-04-30,1
win_100,UEC,2025-04-30,1
win_100,UI,2025-04-30,2
win_100,URGN,2025-04-30,1
win_100,USAR,2025-04-30,1
win_100,VAL,2025-04-30,1
win_100,VECO,2025-04-30,1
win_100,VIAV,2025-04-30,2
win_100,VICR,2025-04-30,2
win_100,VLO,2025-04-30,2
win_100,VPG,2025-04-30,1
win_100,VRT,2025-04-30,2
win_100,VSAT,2025-04-30,1
win_100,VSH,2025-04-30,1
win_100,VSXY,2025-04-30,1
win_100,W,2025-04-30,1
win_100,WBD,2025-04-30,2
win_100,WCC,2025-04-30,2
win_100,WDC,2025-04-30,2
win_100,WFRD,2025-04-30,1
win_100,WTTR,2025-04-30,1
win_100,XPO,2025-04-30,2
win_100,XPRO,2025-04-30,1
win_100,YOU,2025-04-30,2
win_100,ZIMV,2025-04-30,1
win_100,ZUMZ,2025-04-30,1
win_100,ZYME,2025-04-30,2
win_100,AA,2025-05-31,1
win_100,AAMI,2025-05-31,2
win_100,AAOI,2025-05-31,1
win_100,ACLS,2025-05-31,1
win_100,ACMR,2025-05-31,2
win_100,ADEA,2025-05-31,2
win_100,ADTN,2025-05-31,1
win_100,AEHR,2025-05-31,1
win_100,AEIS,2025-05-31,2
win_100,AGX,2025-05-31,2
win_100,AIP,2025-05-31,1
win_100,ALAB,2025-05-31,2
win_100,ALB,2025-05-31,1
win_100,ALNT,2025-05-31,2
win_100,AMAT,2025-05-31,2
win_100,AMD,2025-05-31,2
win_100,AMKR,2025-05-31,1
win_100,AMLX,2025-05-31,1
win_100,AMRC,2025-05-31,1
win_100,ANAB,2025-05-31,2
win_100,ANDE,2025-05-31,1
win_100,AOSL,2025-05-31,1
win_100,APA,2025-05-31,1
win_100,APGE,2025-05-31,1
win_100,APLD,2025-05-31,1
win_100,APLS,2025-05-31,1
win_100,ARCB,2025-05-31,1
win_100,ARWR,2025-05-31,1
win_100,ASTS,2025-05-31,2
win_100,ATEX,2025-05-31,1
win_100,ATI,2025-05-31,2
win_100,ATRO,2025-05-31,2
win_100,AVDL,2025-05-31,1
win_100,AXGN,2025-05-31,2
win_100,AXSM,2025-05-31,2
win_100,BAND,2025-05-31,1
win_100,BE,2025-05-31,2
win_100,BEAM,2025-05-31,1
win_100,BHE,2025-05-31,2
win_100,BKSY,2025-05-31,1
win_100,BTSG,2025-05-31,2
win_100,BTU,2025-05-31,1
win_100,BWA,2025-05-31,2
win_100,CALY,2025-05-31,1
win_100,CAPR,2025-05-31,1
win_100,CAT,2025-05-31,2
win_100,CC,2025-05-31,1
win_100,CDE,2025-05-31,2
win_100,CDTX,2025-05-31,2
win_100,CECO,2025-05-31,2
win_100,CELC,2025-05-31,1
win_100,CENX,2025-05-31,2
win_100,CEVA,2025-05-31,1
win_100,CGNX,2025-05-31,2
win_100,CGON,2025-05-31,1
win_100,CIEN,2025-05-31,2
win_100,CLF,2025-05-31,1
win_100,CLMT,2025-05-31,1
win_100,CLSK,2025-05-31,1
win_100,CMI,2025-05-31,2
win_100,CMPR,2025-05-31,1
win_100,CNTA,2025-05-31,2
win_100,COCO,2025-05-31,2
win_100,COGT,2025-05-31,1
win_100,COHR,2025-05-31,2
win_100,COHU,2025-05-31,1
win_100,CORZ,2025-05-31,1
win_100,CRDO,2025-05-31,2
win_100,CRS,2025-05-31,2
win_100,CYRX,2025-05-31,1
win_100,CYTK,2025-05-31,2
win_100,DAN,2025-05-31,2
win_100,DAWN,2025-05-31,1
win_100,DCO,2025-05-31,2
win_100,DDOG,2025-05-31,2
win_100,DELL,2025-05-31,2
win_100,DFTX,2025-05-31,1
win_100,DGII,2025-05-31,2
win_100,DINO,2025-05-31,1
win_100,DIOD,2025-05-31,1
win_100,DK,2025-05-31,1
win_100,DNTH,2025-05-31,1
win_100,DOCN,2025-05-31,2
win_100,DY,2025-05-31,2
win_100,ECG,2025-05-31,2
win_100,ECHO,2025-05-31,1
win_100,ECPG,2025-05-31,1
win_100,ELVN,2025-05-31,1
win_100,ENS,2025-05-31,2
win_100,ENTG,2025-05-31,2
win_100,ESI,2025-05-31,2
win_100,ESTA,2025-05-31,1
win_100,EWTX,2025-05-31,1
win_100,EZPW,2025-05-31,2
win_100,FCEL,2025-05-31,1
win_100,FEIM,2025-05-31,2
win_100,FIX,2025-05-31,2
win_100,FLEX,2025-05-31,2
win_100,FN,2025-05-31,2
win_100,FOLD,2025-05-31,1
win_100,FORM,2025-05-31,1
win_100,FRGE,2025-05-31,1
win_100,FSLY,2025-05-31,1
win_100,FTAI,2025-05-31,2
win_100,FTI,2025-05-31,2
win_100,GCT,2025-05-31,1
win_100,GEV,2025-05-31,2
win_100,GH,2025-05-31,2
win_100,GHM,2025-05-31,2
win_100,GLW,2025-05-31,2
win_100,GNRC,2025-05-31,2
win_100,GOLD,2025-05-31,1
win_100,GOOGL,2025-05-31,2
win_100,GRC,2025-05-31,2
win_100,GSAT,2025-05-31,1
win_100,GTX,2025-05-31,2
win_100,HAL,2025-05-31,1
win_100,HCC,2025-05-31,1
win_100,HL,2025-05-31,2
win_100,HLIO,2025-05-31,1
win_100,HP,2025-05-31,1
win_100,HPE,2025-05-31,2
win_100,HUT,2025-05-31,1
win_100,ICHR,2025-05-31,1
win_100,IDR,2025-05-31,2
win_100,IESC,2025-05-31,2
win_100,IMNM,2025-05-31,1
win_100,IMVT,2025-05-31,1
win_100,INBX,2025-05-31,1
win_100,INOD,2025-05-31,2
win_100,INSW,2025-05-31,1
win_100,INTC,2025-05-31,1
win_100,IONS,2025-05-31,2
win_100,IRDM,2025-05-31,2
win_100,IVZ,2025-05-31,2
win_100,JAZZ,2025-05-31,2
win_100,JBHT,2025-05-31,2
win_100,JBIO,2025-05-31,1
win_100,JBL,2025-05-31,2
win_100,KALU,2025-05-31,2
win_100,KALV,2025-05-31,2
win_100,KEYS,2025-05-31,2
win_100,KLAC,2025-05-31,2
win_100,KLIC,2025-05-31,1
win_100,KN,2025-05-31,2
win_100,KRYS,2025-05-31,2
win_100,KYMR,2025-05-31,1
win_100,LASR,2025-05-31,2
win_100,LBRT,2025-05-31,1
win_100,LFUS,2025-05-31,2
win_100,LGND,2025-05-31,2
win_100,LIND,2025-05-31,1
win_100,LITE,2025-05-31,2
win_100,LPG,2025-05-31,1
win_100,LQDA,2025-05-31,2
win_100,LRCX,2025-05-31,2
win_100,LSCC,2025-05-31,2
win_100,LUNR,2025-05-31,1
win_100,MG,2025-05-31,1
win_100,MGTX,2025-05-31,1
win_100,MIRM,2025-05-31,2
win_100,MKSI,2025-05-31,1
win_100,MLYS,2025-05-31,2
win_100,MOD,2025-05-31,2
win_100,MOV,2025-05-31,1
win_100,MP,2025-05-31,2
win_100,MPWR,2025-05-31,2
win_100,MRCY,2025-05-31,2
win_100,MRVL,2025-05-31,2
win_100,MTRN,2025-05-31,2
win_100,MTSI,2025-05-31,2
win_100,MTZ,2025-05-31,2
win_100,MU,2025-05-31,2
win_100,MUX,2025-05-31,1
win_100,MXL,2025-05-31,1
win_100,MYRG,2025-05-31,2
win_100,NBR,2025-05-31,1
win_100,NEM,2025-05-31,2
win_100,NSLR,2025-05-31,1
win_100,NTLA,2025-05-31,1
win_100,NUE,2025-05-31,2
win_100,NVRI1,2025-05-31,1
win_100,NVT,2025-05-31,2
win_100,NVTS,2025-05-31,1
win_100,NWPX,2025-05-31,2
win_100,NXT,2025-05-31,2
win_100,OII,2025-05-31,2
win_100,OLMA,2025-05-31,1
win_100,ON,2025-05-31,1
win_100,ONTO,2025-05-31,2
win_100,ORKA,2025-05-31,1
win_100,OUST,2025-05-31,2
win_100,PARR,2025-05-31,1
win_100,PBF,2025-05-31,1
win_100,PBT,2025-05-31,1
win_100,PDFS,2025-05-31,1
win_100,PENG,2025-05-31,2
win_100,PLPC,2025-05-31,2
win_100,PLXS,2025-05-31,2
win_100,POWL,2025-05-31,2
win_100,PRAX,2025-05-31,1
win_100,PRLB,2025-05-31,2
win_100,PRM,2025-05-31,2
win_100,PTEN,2025-05-31,1
win_100,PTGX,2025-05-31,2
win_100,PUMP,2025-05-31,1
win_100,PVLA,2025-05-31,1
win_100,PWR,2025-05-31,2
win_100,RAPP,2025-05-31,1
win_100,RCAT,2025-05-31,1
win_100,RCUS,2025-05-31,1
win_100,REX,2025-05-31,2
win_100,RGTI,2025-05-31,2
win_100,RIOT,2025-05-31,1
win_100,RKLB,2025-05-31,2
win_100,RMBS,2025-05-31,2
win_100,RNAM,2025-05-31,2
win_100,ROG,2025-05-31,1
win_100,ROIV,2025-05-31,2
win_100,RUN,2025-05-31,1
win_100,RVMD,2025-05-31,2
win_100,SANM,2025-05-31,2
win_100,SCCO,2025-05-31,2
win_100,SCHL,2025-05-31,1
win_100,SEDG,2025-05-31,1
win_100,SEI,2025-05-31,2
win_100,SITM,2025-05-31,2
win_100,SKYT,2025-05-31,1
win_100,SMTC,2025-05-31,1
win_100,SNEX,2025-05-31,2
win_100,SNX,2025-05-31,2
win_100,SPHR,2025-05-31,1
win_100,SPIR,2025-05-31,1
win_100,SSRM,2025-05-31,2
win_100,STLD,2025-05-31,2
win_100,STOK,2025-05-31,1
win_100,STRL,2025-05-31,2
win_100,STX,2025-05-31,2
win_100,SYNA,2025-05-31,1
win_100,SYRE,2025-05-31,1
win_100,TCMD,2025-05-31,1
win_100,TER,2025-05-31,2
win_100,TEVA,2025-05-31,2
win_100,TH,2025-05-31,1
win_100,THR,2025-05-31,2
win_100,TRML,2025-05-31,1
win_100,TRVI,2025-05-31,2
win_100,TTMI,2025-05-31,2
win_100,TVTX,2025-05-31,2
win_100,TWST,2025-05-31,2
win_100,TXG,2025-05-31,1
win_100,TYRA,2025-05-31,1
win_100,UCTT,2025-05-31,1
win_100,UEC,2025-05-31,1
win_100,USAR,2025-05-31,1
win_100,VAL,2025-05-31,1
win_100,VECO,2025-05-31,1
win_100,VIAV,2025-05-31,2
win_100,VICR,2025-05-31,2
win_100,VISN,2025-05-31,1
win_100,VPG,2025-05-31,1
win_100,VRT,2025-05-31,2
win_100,VSAT,2025-05-31,1
win_100,VSH,2025-05-31,1
win_100,VSTS,2025-05-31,1
win_100,VSXY,2025-05-31,1
win_100,WBD,2025-05-31,2
win_100,WCC,2025-05-31,2
win_100,WDC,2025-05-31,2
win_100,WFRD,2025-05-31,1
win_100,WT,2025-05-31,2
win_100,WTTR,2025-05-31,1
win_100,XMTR,2025-05-31,2
win_100,YOU,2025-05-31,2
win_100,ZIMV,2025-05-31,1
win_100,ZYME,2025-05-31,2
win_100,AAMI,2025-06-30,2
win_100,AAOI,2025-06-30,1
win_100,ABX,2025-06-30,1
win_100,ACLS,2025-06-30,1
win_100,ACMR,2025-06-30,2
win_100,ADEA,2025-06-30,2
win_100,AEHR,2025-06-30,1
win_100,AEIS,2025-06-30,2
win_100,AGX,2025-06-30,2
win_100,AIP,2025-06-30,2
win_100,AIR,2025-06-30,2
win_100,ALAB,2025-06-30,2
win_100,ALB,2025-06-30,1
win_100,ALGM,2025-06-30,2
win_100,ALGT,2025-06-30,1
win_100,ALNT,2025-06-30,2
win_100,AMAT,2025-06-30,2
win_100,AMD,2025-06-30,2
win_100,AMKR,2025-06-30,1
win_100,AMLX,2025-06-30,2
win_100,AMRX,2025-06-30,2
win_100,ANAB,2025-06-30,2
win_100,APGE,2025-06-30,2
win_100,APLD,2025-06-30,2
win_100,APLS,2025-06-30,1
win_100,APPS,2025-06-30,1
win_100,ARWR,2025-06-30,1
win_100,ATEX,2025-06-30,1
win_100,ATI,2025-06-30,2
win_100,ATRO,2025-06-30,2
win_100,ATXS,2025-06-30,1
win_100,AUPH,2025-06-30,2
win_100,AVDL,2025-06-30,1
win_100,AVNS,2025-06-30,1
win_100,AXGN,2025-06-30,1
win_100,AXSM,2025-06-30,2
win_100,BAND,2025-06-30,1
win_100,BE,2025-06-30,2
win_100,BEAM,2025-06-30,1
win_100,BELFA,2025-06-30,2
win_100,BETR,2025-06-30,1
win_100,BHE,2025-06-30,2
win_100,BKD,2025-06-30,2
win_100,BLZE,2025-06-30,1
win_100,BTSG,2025-06-30,2
win_100,BWA,2025-06-30,2
win_100,CADL,2025-06-30,1
win_100,CALY,2025-06-30,1
win_100,CAPR,2025-06-30,1
win_100,CAT,2025-06-30,2
win_100,CDTX,2025-06-30,2
win_100,CECO,2025-06-30,2
win_100,CELC,2025-06-30,1
win_100,CENX,2025-06-30,2
win_100,CEVA,2025-06-30,1
win_100,CGEM,2025-06-30,1
win_100,CGNX,2025-06-30,2
win_100,CGON,2025-06-30,1
win_100,CIEN,2025-06-30,2
win_100,CLMT,2025-06-30,1
win_100,CMI,2025-06-30,2
win_100,CMPR,2025-06-30,1
win_100,CNTA,2025-06-30,2
win_100,COGT,2025-06-30,1
win_100,COHR,2025-06-30,2
win_100,COHU,2025-06-30,1
win_100,CRDO,2025-06-30,2
win_100,CRS,2025-06-30,2
win_100,CYRX,2025-06-30,1
win_100,CYTK,2025-06-30,1
win_100,DAWN,2025-06-30,1
win_100,DCO,2025-06-30,2
win_100,DELL,2025-06-30,2
win_100,DFTX,2025-06-30,1
win_100,DGII,2025-06-30,2
win_100,DIOD,2025-06-30,1
win_100,DK,2025-06-30,2
win_100,DNTH,2025-06-30,1
win_100,DOCN,2025-06-30,2
win_100,DY,2025-06-30,2
win_100,DYN,2025-06-30,1
win_100,ECG,2025-06-30,2
win_100,ECHO,2025-06-30,2
win_100,ECPG,2025-06-30,1
win_100,ELVN,2025-06-30,2
win_100,ENS,2025-06-30,2
win_100,ENTG,2025-06-30,2
win_100,ENVA,2025-06-30,2
win_100,ESI,2025-06-30,2
win_100,ESTA,2025-06-30,2
win_100,ETON,2025-06-30,2
win_100,EWTX,2025-06-30,1
win_100,EZPW,2025-06-30,2
win_100,FCEL,2025-06-30,1
win_100,FEIM,2025-06-30,2
win_100,FET,2025-06-30,1
win_100,FIX,2025-06-30,2
win_100,FLEX,2025-06-30,2
win_100,FLNC,2025-06-30,1
win_100,FOLD,2025-06-30,1
win_100,FORM,2025-06-30,2
win_100,FRGE,2025-06-30,1
win_100,FROG,2025-06-30,2
win_100,FSLY,2025-06-30,1
win_100,FTAI,2025-06-30,2
win_100,GEV,2025-06-30,2
win_100,GH,2025-06-30,2
win_100,GHM,2025-06-30,2
win_100,GLW,2025-06-30,2
win_100,GNK,2025-06-30,1
win_100,GNRC,2025-06-30,2
win_100,GOOGL,2025-06-30,2
win_100,GPCR,2025-06-30,1
win_100,GPRE,2025-06-30,1
win_100,GRC,2025-06-30,2
win_100,GSAT,2025-06-30,1
win_100,GTX,2025-06-30,2
win_100,HL,2025-06-30,2
win_100,HLIO,2025-06-30,1
win_100,HP,2025-06-30,1
win_100,HPE,2025-06-30,2
win_100,HUT,2025-06-30,1
win_100,ICHR,2025-06-30,1
win_100,IDR,2025-06-30,2
win_100,IESC,2025-06-30,2
win_100,IMNM,2025-06-30,1
win_100,IMVT,2025-06-30,1
win_100,INBX,2025-06-30,1
win_100,INSW,2025-06-30,1
win_100,INTC,2025-06-30,2
win_100,IONS,2025-06-30,2
win_100,JAZZ,2025-06-30,2
win_100,JBHT,2025-06-30,2
win_100,JBIO,2025-06-30,1
win_100,KALU,2025-06-30,2
win_100,KALV,2025-06-30,2
win_100,KEYS,2025-06-30,2
win_100,KGS,2025-06-30,2
win_100,KLAC,2025-06-30,2
win_100,KLIC,2025-06-30,1
win_100,KN,2025-06-30,2
win_100,KNSA,2025-06-30,2
win_100,KRYS,2025-06-30,2
win_100,KSS,2025-06-30,1
win_100,KYMR,2025-06-30,2
win_100,LASR,2025-06-30,2
win_100,LBRT,2025-06-30,1
win_100,LFST,2025-06-30,1
win_100,LFUS,2025-06-30,2
win_100,LGND,2025-06-30,2
win_100,LINC,2025-06-30,2
win_100,LIND,2025-06-30,2
win_100,LITE,2025-06-30,2
win_100,LQDA,2025-06-30,2
win_100,LRCX,2025-06-30,2
win_100,LSCC,2025-06-30,2
win_100,M,2025-06-30,1
win_100,MAMA,2025-06-30,2
win_100,MEC,2025-06-30,2
win_100,MEI,2025-06-30,1
win_100,MG,2025-06-30,1
win_100,MGTX,2025-06-30,2
win_100,MIRM,2025-06-30,2
win_100,MITK,2025-06-30,2
win_100,MKSI,2025-06-30,2
win_100,MNPR,2025-06-30,1
win_100,MOD,2025-06-30,2
win_100,MOG.A,2025-06-30,2
win_100,MOV,2025-06-30,1
win_100,MPTI,2025-06-30,1
win_100,MRAM,2025-06-30,1
win_100,MRCY,2025-06-30,2
win_100,MRNA,2025-06-30,1
win_100,MRVL,2025-06-30,2
win_100,MSGE,2025-06-30,2
win_100,MTRN,2025-06-30,2
win_100,MTSI,2025-06-30,2
win_100,MTZ,2025-06-30,2
win_100,MU,2025-06-30,2
win_100,MXL,2025-06-30,1
win_100,MYE,2025-06-30,2
win_100,MYRG,2025-06-30,2
win_100,NBR,2025-06-30,1
win_100,NESR,2025-06-30,1
win_100,NGNE,2025-06-30,1
win_100,NHC,2025-06-30,2
win_100,NKTR,2025-06-30,1
win_100,NRIX,2025-06-30,1
win_100,NVCT,2025-06-30,1
win_100,NVRI1,2025-06-30,2
win_100,NVT,2025-06-30,2
win_100,NVTS,2025-06-30,1
win_100,NWPX,2025-06-30,1
win_100,NXT,2025-06-30,2
win_100,ONTO,2025-06-30,2
win_100,ORKA,2025-06-30,1
win_100,OUST,2025-06-30,2
win_100,PARR,2025-06-30,2
win_100,PBF,2025-06-30,1
win_100,PBT,2025-06-30,2
win_100,PDFS,2025-06-30,1
win_100,PENG,2025-06-30,2
win_100,PL,2025-06-30,2
win_100,PLPC,2025-06-30,2
win_100,PLXS,2025-06-30,2
win_100,POWL,2025-06-30,2
win_100,PRAX,2025-06-30,1
win_100,PRLB,2025-06-30,2
win_100,PRM,2025-06-30,2
win_100,PSNL,2025-06-30,2
win_100,PTGX,2025-06-30,2
win_100,PUMP,2025-06-30,1
win_100,PVLA,2025-06-30,1
win_100,QUIK,2025-06-30,1
win_100,QURE,2025-06-30,1
win_100,RAPP,2025-06-30,1
win_100,RCUS,2025-06-30,1
win_100,RIGL,2025-06-30,2
win_100,RIOT,2025-06-30,1
win_100,RKLB,2025-06-30,2
win_100,RMBS,2025-06-30,2
win_100,RNAM,2025-06-30,1
win_100,ROG,2025-06-30,1
win_100,ROIV,2025-06-30,2
win_100,RVMD,2025-06-30,2
win_100,SANM,2025-06-30,2
win_100,SCHL,2025-06-30,1
win_100,SEDG,2025-06-30,1
win_100,SEI,2025-06-30,2
win_100,SITM,2025-06-30,2
win_100,SKYT,2025-06-30,1
win_100,SMTC,2025-06-30,2
win_100,SNDX,2025-06-30,1
win_100,SPHR,2025-06-30,2
win_100,SSRM,2025-06-30,2
win_100,STOK,2025-06-30,1
win_100,STRL,2025-06-30,2
win_100,STX,2025-06-30,2
win_100,SXI,2025-06-30,2
win_100,SYRE,2025-06-30,1
win_100,TCMD,2025-06-30,1
win_100,TER,2025-06-30,2
win_100,TEVA,2025-06-30,2
win_100,TH,2025-06-30,1
win_100,THR,2025-06-30,2
win_100,TKR,2025-06-30,2
win_100,TNGX,2025-06-30,1
win_100,TRML,2025-06-30,1
win_100,TRVI,2025-06-30,2
win_100,TTMI,2025-06-30,2
win_100,TVTX,2025-06-30,2
win_100,TWIN,2025-06-30,1
win_100,TWST,2025-06-30,2
win_100,TXG,2025-06-30,1
win_100,TYRA,2025-06-30,1
win_100,UCTT,2025-06-30,1
win_100,URGN,2025-06-30,1
win_100,UUUU,2025-06-30,1
win_100,VCYT,2025-06-30,2
win_100,VECO,2025-06-30,1
win_100,VIAV,2025-06-30,2
win_100,VICR,2025-06-30,2
win_100,VIR,2025-06-30,1
win_100,VISN,2025-06-30,2
win_100,VPG,2025-06-30,1
win_100,VRT,2025-06-30,2
win_100,VSAT,2025-06-30,1
win_100,VSH,2025-06-30,1
win_100,VSTS,2025-06-30,1
win_100,VSXY,2025-06-30,1
win_100,WBD,2025-06-30,2
win_100,WDC,2025-06-30,2
win_100,WTTR,2025-06-30,1
win_100,XMTR,2025-06-30,2
win_100,XNCR,2025-06-30,1
win_100,YOU,2025-06-30,2
win_100,ZIMV,2025-06-30,1
win_100,ZYME,2025-06-30,2
